solid ASCII
  facet normal 0.000000e+00 9.969173e-01 -7.845910e-02
    outer loop
      vertex   -1.520207e+02 1.096536e+02 1.810196e+02
      vertex   -1.500207e+02 1.096536e+02 1.810196e+02
      vertex   -1.520207e+02 1.096167e+02 1.805503e+02
    endloop
  endfacet
  facet normal 0.000000e+00 9.969173e-01 -7.845910e-02
    outer loop
      vertex   -1.520207e+02 1.096167e+02 1.805503e+02
      vertex   -1.500207e+02 1.096536e+02 1.810196e+02
      vertex   -1.500207e+02 1.096167e+02 1.805503e+02
    endloop
  endfacet
  facet normal -0.000000e+00 9.969173e-01 7.845910e-02
    outer loop
      vertex   -1.520207e+02 1.096167e+02 1.805503e+02
      vertex   -1.500207e+02 1.096167e+02 1.805503e+02
      vertex   -1.520207e+02 1.096536e+02 1.800810e+02
    endloop
  endfacet
  facet normal -0.000000e+00 9.969173e-01 7.845910e-02
    outer loop
      vertex   -1.520207e+02 1.096536e+02 1.800810e+02
      vertex   -1.500207e+02 1.096167e+02 1.805503e+02
      vertex   -1.500207e+02 1.096536e+02 1.800810e+02
    endloop
  endfacet
  facet normal -0.000000e+00 9.723699e-01 2.334454e-01
    outer loop
      vertex   -1.520207e+02 1.096536e+02 1.800810e+02
      vertex   -1.500207e+02 1.096536e+02 1.800810e+02
      vertex   -1.520207e+02 1.097635e+02 1.796232e+02
    endloop
  endfacet
  facet normal -0.000000e+00 9.723699e-01 2.334454e-01
    outer loop
      vertex   -1.520207e+02 1.097635e+02 1.796232e+02
      vertex   -1.500207e+02 1.096536e+02 1.800810e+02
      vertex   -1.500207e+02 1.097635e+02 1.796232e+02
    endloop
  endfacet
  facet normal -0.000000e+00 9.238795e-01 3.826834e-01
    outer loop
      vertex   -1.520207e+02 1.097635e+02 1.796232e+02
      vertex   -1.500207e+02 1.097635e+02 1.796232e+02
      vertex   -1.520207e+02 1.099437e+02 1.791883e+02
    endloop
  endfacet
  facet normal -0.000000e+00 9.238795e-01 3.826834e-01
    outer loop
      vertex   -1.520207e+02 1.099437e+02 1.791883e+02
      vertex   -1.500207e+02 1.097635e+02 1.796232e+02
      vertex   -1.500207e+02 1.099437e+02 1.791883e+02
    endloop
  endfacet
  facet normal -0.000000e+00 8.526402e-01 5.224986e-01
    outer loop
      vertex   -1.520207e+02 1.099437e+02 1.791883e+02
      vertex   -1.500207e+02 1.099437e+02 1.791883e+02
      vertex   -1.520207e+02 1.101896e+02 1.787869e+02
    endloop
  endfacet
  facet normal -0.000000e+00 8.526402e-01 5.224986e-01
    outer loop
      vertex   -1.520207e+02 1.101896e+02 1.787869e+02
      vertex   -1.500207e+02 1.099437e+02 1.791883e+02
      vertex   -1.500207e+02 1.101896e+02 1.787869e+02
    endloop
  endfacet
  facet normal -0.000000e+00 7.604060e-01 6.494480e-01
    outer loop
      vertex   -1.520207e+02 1.101896e+02 1.787869e+02
      vertex   -1.500207e+02 1.101896e+02 1.787869e+02
      vertex   -1.520207e+02 1.104954e+02 1.784290e+02
    endloop
  endfacet
  facet normal -0.000000e+00 7.604060e-01 6.494480e-01
    outer loop
      vertex   -1.520207e+02 1.104954e+02 1.784290e+02
      vertex   -1.500207e+02 1.101896e+02 1.787869e+02
      vertex   -1.500207e+02 1.104954e+02 1.784290e+02
    endloop
  endfacet
  facet normal -0.000000e+00 6.494480e-01 7.604060e-01
    outer loop
      vertex   -1.520207e+02 1.104954e+02 1.784290e+02
      vertex   -1.500207e+02 1.104954e+02 1.784290e+02
      vertex   -1.520207e+02 1.108533e+02 1.781232e+02
    endloop
  endfacet
  facet normal -0.000000e+00 6.494480e-01 7.604060e-01
    outer loop
      vertex   -1.520207e+02 1.108533e+02 1.781232e+02
      vertex   -1.500207e+02 1.104954e+02 1.784290e+02
      vertex   -1.500207e+02 1.108533e+02 1.781232e+02
    endloop
  endfacet
  facet normal -0.000000e+00 5.224986e-01 8.526402e-01
    outer loop
      vertex   -1.520207e+02 1.108533e+02 1.781232e+02
      vertex   -1.500207e+02 1.108533e+02 1.781232e+02
      vertex   -1.520207e+02 1.112547e+02 1.778773e+02
    endloop
  endfacet
  facet normal -0.000000e+00 5.224986e-01 8.526402e-01
    outer loop
      vertex   -1.520207e+02 1.112547e+02 1.778773e+02
      vertex   -1.500207e+02 1.108533e+02 1.781232e+02
      vertex   -1.500207e+02 1.112547e+02 1.778773e+02
    endloop
  endfacet
  facet normal -0.000000e+00 3.826834e-01 9.238795e-01
    outer loop
      vertex   -1.520207e+02 1.112547e+02 1.778773e+02
      vertex   -1.500207e+02 1.112547e+02 1.778773e+02
      vertex   -1.520207e+02 1.116896e+02 1.776971e+02
    endloop
  endfacet
  facet normal -0.000000e+00 3.826834e-01 9.238795e-01
    outer loop
      vertex   -1.520207e+02 1.116896e+02 1.776971e+02
      vertex   -1.500207e+02 1.112547e+02 1.778773e+02
      vertex   -1.500207e+02 1.116896e+02 1.776971e+02
    endloop
  endfacet
  facet normal -0.000000e+00 2.334454e-01 9.723699e-01
    outer loop
      vertex   -1.520207e+02 1.116896e+02 1.776971e+02
      vertex   -1.500207e+02 1.116896e+02 1.776971e+02
      vertex   -1.520207e+02 1.121474e+02 1.775872e+02
    endloop
  endfacet
  facet normal -0.000000e+00 2.334454e-01 9.723699e-01
    outer loop
      vertex   -1.520207e+02 1.121474e+02 1.775872e+02
      vertex   -1.500207e+02 1.116896e+02 1.776971e+02
      vertex   -1.500207e+02 1.121474e+02 1.775872e+02
    endloop
  endfacet
  facet normal -0.000000e+00 7.845910e-02 9.969173e-01
    outer loop
      vertex   -1.520207e+02 1.121474e+02 1.775872e+02
      vertex   -1.500207e+02 1.121474e+02 1.775872e+02
      vertex   -1.520207e+02 1.126167e+02 1.775503e+02
    endloop
  endfacet
  facet normal -0.000000e+00 7.845910e-02 9.969173e-01
    outer loop
      vertex   -1.520207e+02 1.126167e+02 1.775503e+02
      vertex   -1.500207e+02 1.121474e+02 1.775872e+02
      vertex   -1.500207e+02 1.126167e+02 1.775503e+02
    endloop
  endfacet
  facet normal 0.000000e+00 -7.845910e-02 9.969173e-01
    outer loop
      vertex   -1.520207e+02 1.126167e+02 1.775503e+02
      vertex   -1.500207e+02 1.126167e+02 1.775503e+02
      vertex   -1.520207e+02 1.130860e+02 1.775872e+02
    endloop
  endfacet
  facet normal 0.000000e+00 -7.845910e-02 9.969173e-01
    outer loop
      vertex   -1.520207e+02 1.130860e+02 1.775872e+02
      vertex   -1.500207e+02 1.126167e+02 1.775503e+02
      vertex   -1.500207e+02 1.130860e+02 1.775872e+02
    endloop
  endfacet
  facet normal 0.000000e+00 -2.334454e-01 9.723699e-01
    outer loop
      vertex   -1.520207e+02 1.130860e+02 1.775872e+02
      vertex   -1.500207e+02 1.130860e+02 1.775872e+02
      vertex   -1.520207e+02 1.135437e+02 1.776971e+02
    endloop
  endfacet
  facet normal 0.000000e+00 -2.334454e-01 9.723699e-01
    outer loop
      vertex   -1.520207e+02 1.135437e+02 1.776971e+02
      vertex   -1.500207e+02 1.130860e+02 1.775872e+02
      vertex   -1.500207e+02 1.135437e+02 1.776971e+02
    endloop
  endfacet
  facet normal 0.000000e+00 -3.826834e-01 9.238795e-01
    outer loop
      vertex   -1.520207e+02 1.135437e+02 1.776971e+02
      vertex   -1.500207e+02 1.135437e+02 1.776971e+02
      vertex   -1.520207e+02 1.139787e+02 1.778773e+02
    endloop
  endfacet
  facet normal 0.000000e+00 -3.826834e-01 9.238795e-01
    outer loop
      vertex   -1.520207e+02 1.139787e+02 1.778773e+02
      vertex   -1.500207e+02 1.135437e+02 1.776971e+02
      vertex   -1.500207e+02 1.139787e+02 1.778773e+02
    endloop
  endfacet
  facet normal 0.000000e+00 -5.224986e-01 8.526402e-01
    outer loop
      vertex   -1.520207e+02 1.139787e+02 1.778773e+02
      vertex   -1.500207e+02 1.139787e+02 1.778773e+02
      vertex   -1.520207e+02 1.143800e+02 1.781232e+02
    endloop
  endfacet
  facet normal 0.000000e+00 -5.224986e-01 8.526402e-01
    outer loop
      vertex   -1.520207e+02 1.143800e+02 1.781232e+02
      vertex   -1.500207e+02 1.139787e+02 1.778773e+02
      vertex   -1.500207e+02 1.143800e+02 1.781232e+02
    endloop
  endfacet
  facet normal 0.000000e+00 -6.494480e-01 7.604060e-01
    outer loop
      vertex   -1.520207e+02 1.143800e+02 1.781232e+02
      vertex   -1.500207e+02 1.143800e+02 1.781232e+02
      vertex   -1.520207e+02 1.147380e+02 1.784290e+02
    endloop
  endfacet
  facet normal 0.000000e+00 -6.494480e-01 7.604060e-01
    outer loop
      vertex   -1.520207e+02 1.147380e+02 1.784290e+02
      vertex   -1.500207e+02 1.143800e+02 1.781232e+02
      vertex   -1.500207e+02 1.147380e+02 1.784290e+02
    endloop
  endfacet
  facet normal 0.000000e+00 -7.604060e-01 6.494480e-01
    outer loop
      vertex   -1.520207e+02 1.147380e+02 1.784290e+02
      vertex   -1.500207e+02 1.147380e+02 1.784290e+02
      vertex   -1.520207e+02 1.150437e+02 1.787869e+02
    endloop
  endfacet
  facet normal 0.000000e+00 -7.604060e-01 6.494480e-01
    outer loop
      vertex   -1.520207e+02 1.150437e+02 1.787869e+02
      vertex   -1.500207e+02 1.147380e+02 1.784290e+02
      vertex   -1.500207e+02 1.150437e+02 1.787869e+02
    endloop
  endfacet
  facet normal 0.000000e+00 -8.526402e-01 5.224986e-01
    outer loop
      vertex   -1.520207e+02 1.150437e+02 1.787869e+02
      vertex   -1.500207e+02 1.150437e+02 1.787869e+02
      vertex   -1.520207e+02 1.152897e+02 1.791883e+02
    endloop
  endfacet
  facet normal 0.000000e+00 -8.526402e-01 5.224986e-01
    outer loop
      vertex   -1.520207e+02 1.152897e+02 1.791883e+02
      vertex   -1.500207e+02 1.150437e+02 1.787869e+02
      vertex   -1.500207e+02 1.152897e+02 1.791883e+02
    endloop
  endfacet
  facet normal 0.000000e+00 -9.238795e-01 3.826834e-01
    outer loop
      vertex   -1.520207e+02 1.152897e+02 1.791883e+02
      vertex   -1.500207e+02 1.152897e+02 1.791883e+02
      vertex   -1.520207e+02 1.154699e+02 1.796232e+02
    endloop
  endfacet
  facet normal 0.000000e+00 -9.238795e-01 3.826834e-01
    outer loop
      vertex   -1.520207e+02 1.154699e+02 1.796232e+02
      vertex   -1.500207e+02 1.152897e+02 1.791883e+02
      vertex   -1.500207e+02 1.154699e+02 1.796232e+02
    endloop
  endfacet
  facet normal 0.000000e+00 -9.723699e-01 2.334454e-01
    outer loop
      vertex   -1.520207e+02 1.154699e+02 1.796232e+02
      vertex   -1.500207e+02 1.154699e+02 1.796232e+02
      vertex   -1.520207e+02 1.155798e+02 1.800810e+02
    endloop
  endfacet
  facet normal 0.000000e+00 -9.723699e-01 2.334454e-01
    outer loop
      vertex   -1.520207e+02 1.155798e+02 1.800810e+02
      vertex   -1.500207e+02 1.154699e+02 1.796232e+02
      vertex   -1.500207e+02 1.155798e+02 1.800810e+02
    endloop
  endfacet
  facet normal 0.000000e+00 -9.969173e-01 7.845910e-02
    outer loop
      vertex   -1.520207e+02 1.155798e+02 1.800810e+02
      vertex   -1.500207e+02 1.155798e+02 1.800810e+02
      vertex   -1.520207e+02 1.156167e+02 1.805503e+02
    endloop
  endfacet
  facet normal 0.000000e+00 -9.969173e-01 7.845910e-02
    outer loop
      vertex   -1.520207e+02 1.156167e+02 1.805503e+02
      vertex   -1.500207e+02 1.155798e+02 1.800810e+02
      vertex   -1.500207e+02 1.156167e+02 1.805503e+02
    endloop
  endfacet
  facet normal 0.000000e+00 -9.969173e-01 -7.845910e-02
    outer loop
      vertex   -1.520207e+02 1.156167e+02 1.805503e+02
      vertex   -1.500207e+02 1.156167e+02 1.805503e+02
      vertex   -1.520207e+02 1.155798e+02 1.810196e+02
    endloop
  endfacet
  facet normal 0.000000e+00 -9.969173e-01 -7.845910e-02
    outer loop
      vertex   -1.520207e+02 1.155798e+02 1.810196e+02
      vertex   -1.500207e+02 1.156167e+02 1.805503e+02
      vertex   -1.500207e+02 1.155798e+02 1.810196e+02
    endloop
  endfacet
  facet normal 0.000000e+00 -9.723699e-01 -2.334454e-01
    outer loop
      vertex   -1.520207e+02 1.155798e+02 1.810196e+02
      vertex   -1.500207e+02 1.155798e+02 1.810196e+02
      vertex   -1.520207e+02 1.154699e+02 1.814773e+02
    endloop
  endfacet
  facet normal 0.000000e+00 -9.723699e-01 -2.334454e-01
    outer loop
      vertex   -1.520207e+02 1.154699e+02 1.814773e+02
      vertex   -1.500207e+02 1.155798e+02 1.810196e+02
      vertex   -1.500207e+02 1.154699e+02 1.814773e+02
    endloop
  endfacet
  facet normal 0.000000e+00 -9.238795e-01 -3.826834e-01
    outer loop
      vertex   -1.520207e+02 1.154699e+02 1.814773e+02
      vertex   -1.500207e+02 1.154699e+02 1.814773e+02
      vertex   -1.520207e+02 1.152897e+02 1.819123e+02
    endloop
  endfacet
  facet normal 0.000000e+00 -9.238795e-01 -3.826834e-01
    outer loop
      vertex   -1.520207e+02 1.152897e+02 1.819123e+02
      vertex   -1.500207e+02 1.154699e+02 1.814773e+02
      vertex   -1.500207e+02 1.152897e+02 1.819123e+02
    endloop
  endfacet
  facet normal 0.000000e+00 -8.526402e-01 -5.224986e-01
    outer loop
      vertex   -1.520207e+02 1.152897e+02 1.819123e+02
      vertex   -1.500207e+02 1.152897e+02 1.819123e+02
      vertex   -1.520207e+02 1.150437e+02 1.823136e+02
    endloop
  endfacet
  facet normal 0.000000e+00 -8.526402e-01 -5.224986e-01
    outer loop
      vertex   -1.520207e+02 1.150437e+02 1.823136e+02
      vertex   -1.500207e+02 1.152897e+02 1.819123e+02
      vertex   -1.500207e+02 1.150437e+02 1.823136e+02
    endloop
  endfacet
  facet normal 0.000000e+00 -7.604060e-01 -6.494480e-01
    outer loop
      vertex   -1.520207e+02 1.150437e+02 1.823136e+02
      vertex   -1.500207e+02 1.150437e+02 1.823136e+02
      vertex   -1.520207e+02 1.147380e+02 1.826716e+02
    endloop
  endfacet
  facet normal 0.000000e+00 -7.604060e-01 -6.494480e-01
    outer loop
      vertex   -1.520207e+02 1.147380e+02 1.826716e+02
      vertex   -1.500207e+02 1.150437e+02 1.823136e+02
      vertex   -1.500207e+02 1.147380e+02 1.826716e+02
    endloop
  endfacet
  facet normal 0.000000e+00 -6.494480e-01 -7.604060e-01
    outer loop
      vertex   -1.520207e+02 1.147380e+02 1.826716e+02
      vertex   -1.500207e+02 1.147380e+02 1.826716e+02
      vertex   -1.520207e+02 1.143800e+02 1.829773e+02
    endloop
  endfacet
  facet normal 0.000000e+00 -6.494480e-01 -7.604060e-01
    outer loop
      vertex   -1.520207e+02 1.143800e+02 1.829773e+02
      vertex   -1.500207e+02 1.147380e+02 1.826716e+02
      vertex   -1.500207e+02 1.143800e+02 1.829773e+02
    endloop
  endfacet
  facet normal 0.000000e+00 -5.224986e-01 -8.526402e-01
    outer loop
      vertex   -1.520207e+02 1.143800e+02 1.829773e+02
      vertex   -1.500207e+02 1.143800e+02 1.829773e+02
      vertex   -1.520207e+02 1.139787e+02 1.832233e+02
    endloop
  endfacet
  facet normal 0.000000e+00 -5.224986e-01 -8.526402e-01
    outer loop
      vertex   -1.520207e+02 1.139787e+02 1.832233e+02
      vertex   -1.500207e+02 1.143800e+02 1.829773e+02
      vertex   -1.500207e+02 1.139787e+02 1.832233e+02
    endloop
  endfacet
  facet normal 0.000000e+00 -3.826834e-01 -9.238795e-01
    outer loop
      vertex   -1.520207e+02 1.139787e+02 1.832233e+02
      vertex   -1.500207e+02 1.139787e+02 1.832233e+02
      vertex   -1.520207e+02 1.135437e+02 1.834035e+02
    endloop
  endfacet
  facet normal 0.000000e+00 -3.826834e-01 -9.238795e-01
    outer loop
      vertex   -1.520207e+02 1.135437e+02 1.834035e+02
      vertex   -1.500207e+02 1.139787e+02 1.832233e+02
      vertex   -1.500207e+02 1.135437e+02 1.834035e+02
    endloop
  endfacet
  facet normal 0.000000e+00 -2.334454e-01 -9.723699e-01
    outer loop
      vertex   -1.520207e+02 1.135437e+02 1.834035e+02
      vertex   -1.500207e+02 1.135437e+02 1.834035e+02
      vertex   -1.520207e+02 1.130860e+02 1.835133e+02
    endloop
  endfacet
  facet normal 0.000000e+00 -2.334454e-01 -9.723699e-01
    outer loop
      vertex   -1.520207e+02 1.130860e+02 1.835133e+02
      vertex   -1.500207e+02 1.135437e+02 1.834035e+02
      vertex   -1.500207e+02 1.130860e+02 1.835133e+02
    endloop
  endfacet
  facet normal 0.000000e+00 -7.845910e-02 -9.969173e-01
    outer loop
      vertex   -1.520207e+02 1.130860e+02 1.835133e+02
      vertex   -1.500207e+02 1.130860e+02 1.835133e+02
      vertex   -1.520207e+02 1.126167e+02 1.835503e+02
    endloop
  endfacet
  facet normal 0.000000e+00 -7.845910e-02 -9.969173e-01
    outer loop
      vertex   -1.520207e+02 1.126167e+02 1.835503e+02
      vertex   -1.500207e+02 1.130860e+02 1.835133e+02
      vertex   -1.500207e+02 1.126167e+02 1.835503e+02
    endloop
  endfacet
  facet normal 0.000000e+00 7.845910e-02 -9.969173e-01
    outer loop
      vertex   -1.520207e+02 1.126167e+02 1.835503e+02
      vertex   -1.500207e+02 1.126167e+02 1.835503e+02
      vertex   -1.520207e+02 1.121474e+02 1.835133e+02
    endloop
  endfacet
  facet normal 0.000000e+00 7.845910e-02 -9.969173e-01
    outer loop
      vertex   -1.520207e+02 1.121474e+02 1.835133e+02
      vertex   -1.500207e+02 1.126167e+02 1.835503e+02
      vertex   -1.500207e+02 1.121474e+02 1.835133e+02
    endloop
  endfacet
  facet normal 0.000000e+00 2.334454e-01 -9.723699e-01
    outer loop
      vertex   -1.520207e+02 1.121474e+02 1.835133e+02
      vertex   -1.500207e+02 1.121474e+02 1.835133e+02
      vertex   -1.520207e+02 1.116896e+02 1.834035e+02
    endloop
  endfacet
  facet normal 0.000000e+00 2.334454e-01 -9.723699e-01
    outer loop
      vertex   -1.520207e+02 1.116896e+02 1.834035e+02
      vertex   -1.500207e+02 1.121474e+02 1.835133e+02
      vertex   -1.500207e+02 1.116896e+02 1.834035e+02
    endloop
  endfacet
  facet normal 0.000000e+00 3.826834e-01 -9.238795e-01
    outer loop
      vertex   -1.520207e+02 1.116896e+02 1.834035e+02
      vertex   -1.500207e+02 1.116896e+02 1.834035e+02
      vertex   -1.520207e+02 1.112547e+02 1.832233e+02
    endloop
  endfacet
  facet normal 0.000000e+00 3.826834e-01 -9.238795e-01
    outer loop
      vertex   -1.520207e+02 1.112547e+02 1.832233e+02
      vertex   -1.500207e+02 1.116896e+02 1.834035e+02
      vertex   -1.500207e+02 1.112547e+02 1.832233e+02
    endloop
  endfacet
  facet normal 0.000000e+00 5.224986e-01 -8.526402e-01
    outer loop
      vertex   -1.520207e+02 1.112547e+02 1.832233e+02
      vertex   -1.500207e+02 1.112547e+02 1.832233e+02
      vertex   -1.520207e+02 1.108533e+02 1.829773e+02
    endloop
  endfacet
  facet normal 0.000000e+00 5.224986e-01 -8.526402e-01
    outer loop
      vertex   -1.520207e+02 1.108533e+02 1.829773e+02
      vertex   -1.500207e+02 1.112547e+02 1.832233e+02
      vertex   -1.500207e+02 1.108533e+02 1.829773e+02
    endloop
  endfacet
  facet normal 0.000000e+00 6.494480e-01 -7.604060e-01
    outer loop
      vertex   -1.520207e+02 1.108533e+02 1.829773e+02
      vertex   -1.500207e+02 1.108533e+02 1.829773e+02
      vertex   -1.520207e+02 1.104954e+02 1.826716e+02
    endloop
  endfacet
  facet normal 0.000000e+00 6.494480e-01 -7.604060e-01
    outer loop
      vertex   -1.520207e+02 1.104954e+02 1.826716e+02
      vertex   -1.500207e+02 1.108533e+02 1.829773e+02
      vertex   -1.500207e+02 1.104954e+02 1.826716e+02
    endloop
  endfacet
  facet normal 0.000000e+00 7.604060e-01 -6.494480e-01
    outer loop
      vertex   -1.520207e+02 1.104954e+02 1.826716e+02
      vertex   -1.500207e+02 1.104954e+02 1.826716e+02
      vertex   -1.520207e+02 1.101896e+02 1.823136e+02
    endloop
  endfacet
  facet normal 0.000000e+00 7.604060e-01 -6.494480e-01
    outer loop
      vertex   -1.520207e+02 1.101896e+02 1.823136e+02
      vertex   -1.500207e+02 1.104954e+02 1.826716e+02
      vertex   -1.500207e+02 1.101896e+02 1.823136e+02
    endloop
  endfacet
  facet normal 0.000000e+00 8.526402e-01 -5.224986e-01
    outer loop
      vertex   -1.520207e+02 1.101896e+02 1.823136e+02
      vertex   -1.500207e+02 1.101896e+02 1.823136e+02
      vertex   -1.520207e+02 1.099437e+02 1.819123e+02
    endloop
  endfacet
  facet normal 0.000000e+00 8.526402e-01 -5.224986e-01
    outer loop
      vertex   -1.520207e+02 1.099437e+02 1.819123e+02
      vertex   -1.500207e+02 1.101896e+02 1.823136e+02
      vertex   -1.500207e+02 1.099437e+02 1.819123e+02
    endloop
  endfacet
  facet normal 0.000000e+00 9.238795e-01 -3.826834e-01
    outer loop
      vertex   -1.520207e+02 1.099437e+02 1.819123e+02
      vertex   -1.500207e+02 1.099437e+02 1.819123e+02
      vertex   -1.520207e+02 1.097635e+02 1.814773e+02
    endloop
  endfacet
  facet normal 0.000000e+00 9.238795e-01 -3.826834e-01
    outer loop
      vertex   -1.520207e+02 1.097635e+02 1.814773e+02
      vertex   -1.500207e+02 1.099437e+02 1.819123e+02
      vertex   -1.500207e+02 1.097635e+02 1.814773e+02
    endloop
  endfacet
  facet normal 0.000000e+00 9.723699e-01 -2.334454e-01
    outer loop
      vertex   -1.520207e+02 1.097635e+02 1.814773e+02
      vertex   -1.500207e+02 1.097635e+02 1.814773e+02
      vertex   -1.520207e+02 1.096536e+02 1.810196e+02
    endloop
  endfacet
  facet normal 0.000000e+00 9.723699e-01 -2.334454e-01
    outer loop
      vertex   -1.520207e+02 1.096536e+02 1.810196e+02
      vertex   -1.500207e+02 1.097635e+02 1.814773e+02
      vertex   -1.500207e+02 1.096536e+02 1.810196e+02
    endloop
  endfacet
  facet normal 1.000000e+00 0.000000e+00 0.000000e+00
    outer loop
      vertex   -1.520207e+02 1.110541e+02 1.808942e+02
      vertex   -1.520207e+02 1.096536e+02 1.810196e+02
      vertex   -1.520207e+02 1.110167e+02 1.805503e+02
    endloop
  endfacet
  facet normal 1.000000e+00 0.000000e+00 0.000000e+00
    outer loop
      vertex   -1.520207e+02 1.110167e+02 1.805503e+02
      vertex   -1.520207e+02 1.096536e+02 1.810196e+02
      vertex   -1.520207e+02 1.096167e+02 1.805503e+02
    endloop
  endfacet
  facet normal 1.000000e+00 0.000000e+00 0.000000e+00
    outer loop
      vertex   -1.520207e+02 1.110167e+02 1.805503e+02
      vertex   -1.520207e+02 1.096167e+02 1.805503e+02
      vertex   -1.520207e+02 1.096536e+02 1.800810e+02
    endloop
  endfacet
  facet normal 1.000000e+00 -0.000000e+00 0.000000e+00
    outer loop
      vertex   -1.520207e+02 1.096536e+02 1.810196e+02
      vertex   -1.520207e+02 1.110541e+02 1.808942e+02
      vertex   -1.520207e+02 1.097635e+02 1.814773e+02
    endloop
  endfacet
  facet normal 1.000000e+00 0.000000e+00 0.000000e+00
    outer loop
      vertex   -1.520207e+02 1.097635e+02 1.814773e+02
      vertex   -1.520207e+02 1.110541e+02 1.808942e+02
      vertex   -1.520207e+02 1.111646e+02 1.812221e+02
    endloop
  endfacet
  facet normal 1.000000e+00 -0.000000e+00 0.000000e+00
    outer loop
      vertex   -1.520207e+02 1.097635e+02 1.814773e+02
      vertex   -1.520207e+02 1.111646e+02 1.812221e+02
      vertex   -1.520207e+02 1.099437e+02 1.819123e+02
    endloop
  endfacet
  facet normal 1.000000e+00 0.000000e+00 0.000000e+00
    outer loop
      vertex   -1.520207e+02 1.099437e+02 1.819123e+02
      vertex   -1.520207e+02 1.111646e+02 1.812221e+02
      vertex   -1.520207e+02 1.113429e+02 1.815186e+02
    endloop
  endfacet
  facet normal 1.000000e+00 -0.000000e+00 0.000000e+00
    outer loop
      vertex   -1.520207e+02 1.099437e+02 1.819123e+02
      vertex   -1.520207e+02 1.113429e+02 1.815186e+02
      vertex   -1.520207e+02 1.101896e+02 1.823136e+02
    endloop
  endfacet
  facet normal 1.000000e+00 -0.000000e+00 0.000000e+00
    outer loop
      vertex   -1.520207e+02 1.101896e+02 1.823136e+02
      vertex   -1.520207e+02 1.113429e+02 1.815186e+02
      vertex   -1.520207e+02 1.104954e+02 1.826716e+02
    endloop
  endfacet
  facet normal 1.000000e+00 0.000000e+00 0.000000e+00
    outer loop
      vertex   -1.520207e+02 1.104954e+02 1.826716e+02
      vertex   -1.520207e+02 1.113429e+02 1.815186e+02
      vertex   -1.520207e+02 1.115809e+02 1.817697e+02
    endloop
  endfacet
  facet normal 1.000000e+00 -0.000000e+00 0.000000e+00
    outer loop
      vertex   -1.520207e+02 1.104954e+02 1.826716e+02
      vertex   -1.520207e+02 1.115809e+02 1.817697e+02
      vertex   -1.520207e+02 1.108533e+02 1.829773e+02
    endloop
  endfacet
  facet normal 1.000000e+00 0.000000e+00 0.000000e+00
    outer loop
      vertex   -1.520207e+02 1.108533e+02 1.829773e+02
      vertex   -1.520207e+02 1.115809e+02 1.817697e+02
      vertex   -1.520207e+02 1.118672e+02 1.819639e+02
    endloop
  endfacet
  facet normal 1.000000e+00 -0.000000e+00 0.000000e+00
    outer loop
      vertex   -1.520207e+02 1.108533e+02 1.829773e+02
      vertex   -1.520207e+02 1.118672e+02 1.819639e+02
      vertex   -1.520207e+02 1.112547e+02 1.832233e+02
    endloop
  endfacet
  facet normal 1.000000e+00 -0.000000e+00 0.000000e+00
    outer loop
      vertex   -1.520207e+02 1.112547e+02 1.832233e+02
      vertex   -1.520207e+02 1.118672e+02 1.819639e+02
      vertex   -1.520207e+02 1.116896e+02 1.834035e+02
    endloop
  endfacet
  facet normal 1.000000e+00 0.000000e+00 0.000000e+00
    outer loop
      vertex   -1.520207e+02 1.116896e+02 1.834035e+02
      vertex   -1.520207e+02 1.118672e+02 1.819639e+02
      vertex   -1.520207e+02 1.121886e+02 1.820920e+02
    endloop
  endfacet
  facet normal 1.000000e+00 -0.000000e+00 0.000000e+00
    outer loop
      vertex   -1.520207e+02 1.116896e+02 1.834035e+02
      vertex   -1.520207e+02 1.121886e+02 1.820920e+02
      vertex   -1.520207e+02 1.121474e+02 1.835133e+02
    endloop
  endfacet
  facet normal 1.000000e+00 0.000000e+00 0.000000e+00
    outer loop
      vertex   -1.520207e+02 1.121474e+02 1.835133e+02
      vertex   -1.520207e+02 1.121886e+02 1.820920e+02
      vertex   -1.520207e+02 1.125301e+02 1.821479e+02
    endloop
  endfacet
  facet normal 1.000000e+00 -0.000000e+00 0.000000e+00
    outer loop
      vertex   -1.520207e+02 1.121474e+02 1.835133e+02
      vertex   -1.520207e+02 1.125301e+02 1.821479e+02
      vertex   -1.520207e+02 1.126167e+02 1.835503e+02
    endloop
  endfacet
  facet normal 1.000000e+00 0.000000e+00 0.000000e+00
    outer loop
      vertex   -1.520207e+02 1.126167e+02 1.835503e+02
      vertex   -1.520207e+02 1.125301e+02 1.821479e+02
      vertex   -1.520207e+02 1.128755e+02 1.821292e+02
    endloop
  endfacet
  facet normal 1.000000e+00 0.000000e+00 0.000000e+00
    outer loop
      vertex   -1.520207e+02 1.126167e+02 1.835503e+02
      vertex   -1.520207e+02 1.128755e+02 1.821292e+02
      vertex   -1.520207e+02 1.130860e+02 1.835133e+02
    endloop
  endfacet
  facet normal 1.000000e+00 0.000000e+00 0.000000e+00
    outer loop
      vertex   -1.520207e+02 1.130860e+02 1.835133e+02
      vertex   -1.520207e+02 1.128755e+02 1.821292e+02
      vertex   -1.520207e+02 1.135437e+02 1.834035e+02
    endloop
  endfacet
  facet normal 1.000000e+00 0.000000e+00 0.000000e+00
    outer loop
      vertex   -1.520207e+02 1.135437e+02 1.834035e+02
      vertex   -1.520207e+02 1.128755e+02 1.821292e+02
      vertex   -1.520207e+02 1.132089e+02 1.820366e+02
    endloop
  endfacet
  facet normal 1.000000e+00 0.000000e+00 0.000000e+00
    outer loop
      vertex   -1.520207e+02 1.135437e+02 1.834035e+02
      vertex   -1.520207e+02 1.132089e+02 1.820366e+02
      vertex   -1.520207e+02 1.139787e+02 1.832233e+02
    endloop
  endfacet
  facet normal 1.000000e+00 0.000000e+00 0.000000e+00
    outer loop
      vertex   -1.520207e+02 1.139787e+02 1.832233e+02
      vertex   -1.520207e+02 1.132089e+02 1.820366e+02
      vertex   -1.520207e+02 1.135146e+02 1.818746e+02
    endloop
  endfacet
  facet normal 1.000000e+00 0.000000e+00 0.000000e+00
    outer loop
      vertex   -1.520207e+02 1.139787e+02 1.832233e+02
      vertex   -1.520207e+02 1.135146e+02 1.818746e+02
      vertex   -1.520207e+02 1.143800e+02 1.829773e+02
    endloop
  endfacet
  facet normal 1.000000e+00 0.000000e+00 0.000000e+00
    outer loop
      vertex   -1.520207e+02 1.143800e+02 1.829773e+02
      vertex   -1.520207e+02 1.135146e+02 1.818746e+02
      vertex   -1.520207e+02 1.137783e+02 1.816506e+02
    endloop
  endfacet
  facet normal 1.000000e+00 0.000000e+00 0.000000e+00
    outer loop
      vertex   -1.520207e+02 1.143800e+02 1.829773e+02
      vertex   -1.520207e+02 1.137783e+02 1.816506e+02
      vertex   -1.520207e+02 1.147380e+02 1.826716e+02
    endloop
  endfacet
  facet normal 1.000000e+00 0.000000e+00 0.000000e+00
    outer loop
      vertex   -1.520207e+02 1.147380e+02 1.826716e+02
      vertex   -1.520207e+02 1.137783e+02 1.816506e+02
      vertex   -1.520207e+02 1.150437e+02 1.823136e+02
    endloop
  endfacet
  facet normal 1.000000e+00 0.000000e+00 0.000000e+00
    outer loop
      vertex   -1.520207e+02 1.150437e+02 1.823136e+02
      vertex   -1.520207e+02 1.137783e+02 1.816506e+02
      vertex   -1.520207e+02 1.139877e+02 1.813752e+02
    endloop
  endfacet
  facet normal 1.000000e+00 0.000000e+00 0.000000e+00
    outer loop
      vertex   -1.520207e+02 1.150437e+02 1.823136e+02
      vertex   -1.520207e+02 1.139877e+02 1.813752e+02
      vertex   -1.520207e+02 1.152897e+02 1.819123e+02
    endloop
  endfacet
  facet normal 1.000000e+00 0.000000e+00 0.000000e+00
    outer loop
      vertex   -1.520207e+02 1.152897e+02 1.819123e+02
      vertex   -1.520207e+02 1.139877e+02 1.813752e+02
      vertex   -1.520207e+02 1.141329e+02 1.810612e+02
    endloop
  endfacet
  facet normal 1.000000e+00 0.000000e+00 0.000000e+00
    outer loop
      vertex   -1.520207e+02 1.152897e+02 1.819123e+02
      vertex   -1.520207e+02 1.141329e+02 1.810612e+02
      vertex   -1.520207e+02 1.154699e+02 1.814773e+02
    endloop
  endfacet
  facet normal 1.000000e+00 0.000000e+00 0.000000e+00
    outer loop
      vertex   -1.520207e+02 1.154699e+02 1.814773e+02
      vertex   -1.520207e+02 1.141329e+02 1.810612e+02
      vertex   -1.520207e+02 1.155798e+02 1.810196e+02
    endloop
  endfacet
  facet normal 1.000000e+00 0.000000e+00 0.000000e+00
    outer loop
      vertex   -1.520207e+02 1.155798e+02 1.810196e+02
      vertex   -1.520207e+02 1.141329e+02 1.810612e+02
      vertex   -1.520207e+02 1.142073e+02 1.807233e+02
    endloop
  endfacet
  facet normal 1.000000e+00 0.000000e+00 0.000000e+00
    outer loop
      vertex   -1.520207e+02 1.155798e+02 1.810196e+02
      vertex   -1.520207e+02 1.142073e+02 1.807233e+02
      vertex   -1.520207e+02 1.156167e+02 1.805503e+02
    endloop
  endfacet
  facet normal 1.000000e+00 0.000000e+00 0.000000e+00
    outer loop
      vertex   -1.520207e+02 1.156167e+02 1.805503e+02
      vertex   -1.520207e+02 1.142073e+02 1.807233e+02
      vertex   -1.520207e+02 1.142073e+02 1.803773e+02
    endloop
  endfacet
  facet normal 1.000000e+00 0.000000e+00 0.000000e+00
    outer loop
      vertex   -1.520207e+02 1.156167e+02 1.805503e+02
      vertex   -1.520207e+02 1.142073e+02 1.803773e+02
      vertex   -1.520207e+02 1.155798e+02 1.800810e+02
    endloop
  endfacet
  facet normal 1.000000e+00 0.000000e+00 0.000000e+00
    outer loop
      vertex   -1.520207e+02 1.155798e+02 1.800810e+02
      vertex   -1.520207e+02 1.142073e+02 1.803773e+02
      vertex   -1.520207e+02 1.141329e+02 1.800394e+02
    endloop
  endfacet
  facet normal 1.000000e+00 0.000000e+00 0.000000e+00
    outer loop
      vertex   -1.520207e+02 1.155798e+02 1.800810e+02
      vertex   -1.520207e+02 1.141329e+02 1.800394e+02
      vertex   -1.520207e+02 1.154699e+02 1.796232e+02
    endloop
  endfacet
  facet normal 1.000000e+00 0.000000e+00 0.000000e+00
    outer loop
      vertex   -1.520207e+02 1.154699e+02 1.796232e+02
      vertex   -1.520207e+02 1.141329e+02 1.800394e+02
      vertex   -1.520207e+02 1.152897e+02 1.791883e+02
    endloop
  endfacet
  facet normal 1.000000e+00 0.000000e+00 0.000000e+00
    outer loop
      vertex   -1.520207e+02 1.152897e+02 1.791883e+02
      vertex   -1.520207e+02 1.141329e+02 1.800394e+02
      vertex   -1.520207e+02 1.139877e+02 1.797254e+02
    endloop
  endfacet
  facet normal 1.000000e+00 0.000000e+00 0.000000e+00
    outer loop
      vertex   -1.520207e+02 1.152897e+02 1.791883e+02
      vertex   -1.520207e+02 1.139877e+02 1.797254e+02
      vertex   -1.520207e+02 1.150437e+02 1.787869e+02
    endloop
  endfacet
  facet normal 1.000000e+00 0.000000e+00 0.000000e+00
    outer loop
      vertex   -1.520207e+02 1.150437e+02 1.787869e+02
      vertex   -1.520207e+02 1.139877e+02 1.797254e+02
      vertex   -1.520207e+02 1.137783e+02 1.794500e+02
    endloop
  endfacet
  facet normal 1.000000e+00 0.000000e+00 0.000000e+00
    outer loop
      vertex   -1.520207e+02 1.150437e+02 1.787869e+02
      vertex   -1.520207e+02 1.137783e+02 1.794500e+02
      vertex   -1.520207e+02 1.147380e+02 1.784290e+02
    endloop
  endfacet
  facet normal 1.000000e+00 0.000000e+00 0.000000e+00
    outer loop
      vertex   -1.520207e+02 1.147380e+02 1.784290e+02
      vertex   -1.520207e+02 1.137783e+02 1.794500e+02
      vertex   -1.520207e+02 1.143800e+02 1.781232e+02
    endloop
  endfacet
  facet normal 1.000000e+00 0.000000e+00 0.000000e+00
    outer loop
      vertex   -1.520207e+02 1.143800e+02 1.781232e+02
      vertex   -1.520207e+02 1.137783e+02 1.794500e+02
      vertex   -1.520207e+02 1.135146e+02 1.792260e+02
    endloop
  endfacet
  facet normal 1.000000e+00 0.000000e+00 0.000000e+00
    outer loop
      vertex   -1.520207e+02 1.143800e+02 1.781232e+02
      vertex   -1.520207e+02 1.135146e+02 1.792260e+02
      vertex   -1.520207e+02 1.139787e+02 1.778773e+02
    endloop
  endfacet
  facet normal 1.000000e+00 0.000000e+00 0.000000e+00
    outer loop
      vertex   -1.520207e+02 1.139787e+02 1.778773e+02
      vertex   -1.520207e+02 1.135146e+02 1.792260e+02
      vertex   -1.520207e+02 1.132089e+02 1.790639e+02
    endloop
  endfacet
  facet normal 1.000000e+00 0.000000e+00 0.000000e+00
    outer loop
      vertex   -1.520207e+02 1.139787e+02 1.778773e+02
      vertex   -1.520207e+02 1.132089e+02 1.790639e+02
      vertex   -1.520207e+02 1.135437e+02 1.776971e+02
    endloop
  endfacet
  facet normal 1.000000e+00 0.000000e+00 0.000000e+00
    outer loop
      vertex   -1.520207e+02 1.135437e+02 1.776971e+02
      vertex   -1.520207e+02 1.132089e+02 1.790639e+02
      vertex   -1.520207e+02 1.128755e+02 1.789714e+02
    endloop
  endfacet
  facet normal 1.000000e+00 0.000000e+00 0.000000e+00
    outer loop
      vertex   -1.520207e+02 1.135437e+02 1.776971e+02
      vertex   -1.520207e+02 1.128755e+02 1.789714e+02
      vertex   -1.520207e+02 1.130860e+02 1.775872e+02
    endloop
  endfacet
  facet normal 1.000000e+00 0.000000e+00 0.000000e+00
    outer loop
      vertex   -1.520207e+02 1.130860e+02 1.775872e+02
      vertex   -1.520207e+02 1.128755e+02 1.789714e+02
      vertex   -1.520207e+02 1.126167e+02 1.775503e+02
    endloop
  endfacet
  facet normal 1.000000e+00 0.000000e+00 -0.000000e+00
    outer loop
      vertex   -1.520207e+02 1.126167e+02 1.775503e+02
      vertex   -1.520207e+02 1.128755e+02 1.789714e+02
      vertex   -1.520207e+02 1.125301e+02 1.789526e+02
    endloop
  endfacet
  facet normal 1.000000e+00 0.000000e+00 0.000000e+00
    outer loop
      vertex   -1.520207e+02 1.126167e+02 1.775503e+02
      vertex   -1.520207e+02 1.125301e+02 1.789526e+02
      vertex   -1.520207e+02 1.121474e+02 1.775872e+02
    endloop
  endfacet
  facet normal 1.000000e+00 0.000000e+00 0.000000e+00
    outer loop
      vertex   -1.520207e+02 1.121474e+02 1.775872e+02
      vertex   -1.520207e+02 1.125301e+02 1.789526e+02
      vertex   -1.520207e+02 1.121886e+02 1.790086e+02
    endloop
  endfacet
  facet normal 1.000000e+00 0.000000e+00 -0.000000e+00
    outer loop
      vertex   -1.520207e+02 1.121474e+02 1.775872e+02
      vertex   -1.520207e+02 1.121886e+02 1.790086e+02
      vertex   -1.520207e+02 1.116896e+02 1.776971e+02
    endloop
  endfacet
  facet normal 1.000000e+00 0.000000e+00 0.000000e+00
    outer loop
      vertex   -1.520207e+02 1.116896e+02 1.776971e+02
      vertex   -1.520207e+02 1.121886e+02 1.790086e+02
      vertex   -1.520207e+02 1.118672e+02 1.791367e+02
    endloop
  endfacet
  facet normal 1.000000e+00 0.000000e+00 -0.000000e+00
    outer loop
      vertex   -1.520207e+02 1.116896e+02 1.776971e+02
      vertex   -1.520207e+02 1.118672e+02 1.791367e+02
      vertex   -1.520207e+02 1.112547e+02 1.778773e+02
    endloop
  endfacet
  facet normal 1.000000e+00 0.000000e+00 -0.000000e+00
    outer loop
      vertex   -1.520207e+02 1.112547e+02 1.778773e+02
      vertex   -1.520207e+02 1.118672e+02 1.791367e+02
      vertex   -1.520207e+02 1.108533e+02 1.781232e+02
    endloop
  endfacet
  facet normal 1.000000e+00 0.000000e+00 0.000000e+00
    outer loop
      vertex   -1.520207e+02 1.108533e+02 1.781232e+02
      vertex   -1.520207e+02 1.118672e+02 1.791367e+02
      vertex   -1.520207e+02 1.115809e+02 1.793308e+02
    endloop
  endfacet
  facet normal 1.000000e+00 0.000000e+00 -0.000000e+00
    outer loop
      vertex   -1.520207e+02 1.108533e+02 1.781232e+02
      vertex   -1.520207e+02 1.115809e+02 1.793308e+02
      vertex   -1.520207e+02 1.104954e+02 1.784290e+02
    endloop
  endfacet
  facet normal 1.000000e+00 0.000000e+00 0.000000e+00
    outer loop
      vertex   -1.520207e+02 1.104954e+02 1.784290e+02
      vertex   -1.520207e+02 1.115809e+02 1.793308e+02
      vertex   -1.520207e+02 1.113429e+02 1.795820e+02
    endloop
  endfacet
  facet normal 1.000000e+00 0.000000e+00 -0.000000e+00
    outer loop
      vertex   -1.520207e+02 1.104954e+02 1.784290e+02
      vertex   -1.520207e+02 1.113429e+02 1.795820e+02
      vertex   -1.520207e+02 1.101896e+02 1.787869e+02
    endloop
  endfacet
  facet normal 1.000000e+00 0.000000e+00 -0.000000e+00
    outer loop
      vertex   -1.520207e+02 1.101896e+02 1.787869e+02
      vertex   -1.520207e+02 1.113429e+02 1.795820e+02
      vertex   -1.520207e+02 1.099437e+02 1.791883e+02
    endloop
  endfacet
  facet normal 1.000000e+00 0.000000e+00 0.000000e+00
    outer loop
      vertex   -1.520207e+02 1.099437e+02 1.791883e+02
      vertex   -1.520207e+02 1.113429e+02 1.795820e+02
      vertex   -1.520207e+02 1.111646e+02 1.798785e+02
    endloop
  endfacet
  facet normal 1.000000e+00 0.000000e+00 -0.000000e+00
    outer loop
      vertex   -1.520207e+02 1.099437e+02 1.791883e+02
      vertex   -1.520207e+02 1.111646e+02 1.798785e+02
      vertex   -1.520207e+02 1.097635e+02 1.796232e+02
    endloop
  endfacet
  facet normal 1.000000e+00 0.000000e+00 0.000000e+00
    outer loop
      vertex   -1.520207e+02 1.097635e+02 1.796232e+02
      vertex   -1.520207e+02 1.111646e+02 1.798785e+02
      vertex   -1.520207e+02 1.110541e+02 1.802063e+02
    endloop
  endfacet
  facet normal 1.000000e+00 0.000000e+00 -0.000000e+00
    outer loop
      vertex   -1.520207e+02 1.097635e+02 1.796232e+02
      vertex   -1.520207e+02 1.110541e+02 1.802063e+02
      vertex   -1.520207e+02 1.096536e+02 1.800810e+02
    endloop
  endfacet
  facet normal 1.000000e+00 0.000000e+00 0.000000e+00
    outer loop
      vertex   -1.520207e+02 1.096536e+02 1.800810e+02
      vertex   -1.520207e+02 1.110541e+02 1.802063e+02
      vertex   -1.520207e+02 1.110167e+02 1.805503e+02
    endloop
  endfacet
  facet normal 0.000000e+00 9.969173e-01 -7.845910e-02
    outer loop
      vertex   -1.520207e+02 1.163536e+02 1.810196e+02
      vertex   -1.500207e+02 1.163536e+02 1.810196e+02
      vertex   -1.520207e+02 1.163167e+02 1.805503e+02
    endloop
  endfacet
  facet normal 0.000000e+00 9.969173e-01 -7.845910e-02
    outer loop
      vertex   -1.520207e+02 1.163167e+02 1.805503e+02
      vertex   -1.500207e+02 1.163536e+02 1.810196e+02
      vertex   -1.500207e+02 1.163167e+02 1.805503e+02
    endloop
  endfacet
  facet normal -0.000000e+00 9.969173e-01 7.845910e-02
    outer loop
      vertex   -1.520207e+02 1.163167e+02 1.805503e+02
      vertex   -1.500207e+02 1.163167e+02 1.805503e+02
      vertex   -1.520207e+02 1.163536e+02 1.800810e+02
    endloop
  endfacet
  facet normal -0.000000e+00 9.969173e-01 7.845910e-02
    outer loop
      vertex   -1.520207e+02 1.163536e+02 1.800810e+02
      vertex   -1.500207e+02 1.163167e+02 1.805503e+02
      vertex   -1.500207e+02 1.163536e+02 1.800810e+02
    endloop
  endfacet
  facet normal -0.000000e+00 9.723699e-01 2.334454e-01
    outer loop
      vertex   -1.520207e+02 1.163536e+02 1.800810e+02
      vertex   -1.500207e+02 1.163536e+02 1.800810e+02
      vertex   -1.520207e+02 1.164635e+02 1.796232e+02
    endloop
  endfacet
  facet normal -0.000000e+00 9.723699e-01 2.334454e-01
    outer loop
      vertex   -1.520207e+02 1.164635e+02 1.796232e+02
      vertex   -1.500207e+02 1.163536e+02 1.800810e+02
      vertex   -1.500207e+02 1.164635e+02 1.796232e+02
    endloop
  endfacet
  facet normal -0.000000e+00 9.238795e-01 3.826834e-01
    outer loop
      vertex   -1.520207e+02 1.164635e+02 1.796232e+02
      vertex   -1.500207e+02 1.164635e+02 1.796232e+02
      vertex   -1.520207e+02 1.166437e+02 1.791883e+02
    endloop
  endfacet
  facet normal -0.000000e+00 9.238795e-01 3.826834e-01
    outer loop
      vertex   -1.520207e+02 1.166437e+02 1.791883e+02
      vertex   -1.500207e+02 1.164635e+02 1.796232e+02
      vertex   -1.500207e+02 1.166437e+02 1.791883e+02
    endloop
  endfacet
  facet normal -0.000000e+00 8.526402e-01 5.224986e-01
    outer loop
      vertex   -1.520207e+02 1.166437e+02 1.791883e+02
      vertex   -1.500207e+02 1.166437e+02 1.791883e+02
      vertex   -1.520207e+02 1.168896e+02 1.787869e+02
    endloop
  endfacet
  facet normal -0.000000e+00 8.526402e-01 5.224986e-01
    outer loop
      vertex   -1.520207e+02 1.168896e+02 1.787869e+02
      vertex   -1.500207e+02 1.166437e+02 1.791883e+02
      vertex   -1.500207e+02 1.168896e+02 1.787869e+02
    endloop
  endfacet
  facet normal -0.000000e+00 7.604060e-01 6.494480e-01
    outer loop
      vertex   -1.520207e+02 1.168896e+02 1.787869e+02
      vertex   -1.500207e+02 1.168896e+02 1.787869e+02
      vertex   -1.520207e+02 1.171954e+02 1.784290e+02
    endloop
  endfacet
  facet normal -0.000000e+00 7.604060e-01 6.494480e-01
    outer loop
      vertex   -1.520207e+02 1.171954e+02 1.784290e+02
      vertex   -1.500207e+02 1.168896e+02 1.787869e+02
      vertex   -1.500207e+02 1.171954e+02 1.784290e+02
    endloop
  endfacet
  facet normal -0.000000e+00 6.494480e-01 7.604060e-01
    outer loop
      vertex   -1.520207e+02 1.171954e+02 1.784290e+02
      vertex   -1.500207e+02 1.171954e+02 1.784290e+02
      vertex   -1.520207e+02 1.175533e+02 1.781232e+02
    endloop
  endfacet
  facet normal -0.000000e+00 6.494480e-01 7.604060e-01
    outer loop
      vertex   -1.520207e+02 1.175533e+02 1.781232e+02
      vertex   -1.500207e+02 1.171954e+02 1.784290e+02
      vertex   -1.500207e+02 1.175533e+02 1.781232e+02
    endloop
  endfacet
  facet normal -0.000000e+00 5.224986e-01 8.526402e-01
    outer loop
      vertex   -1.520207e+02 1.175533e+02 1.781232e+02
      vertex   -1.500207e+02 1.175533e+02 1.781232e+02
      vertex   -1.520207e+02 1.179547e+02 1.778773e+02
    endloop
  endfacet
  facet normal -0.000000e+00 5.224986e-01 8.526402e-01
    outer loop
      vertex   -1.520207e+02 1.179547e+02 1.778773e+02
      vertex   -1.500207e+02 1.175533e+02 1.781232e+02
      vertex   -1.500207e+02 1.179547e+02 1.778773e+02
    endloop
  endfacet
  facet normal -0.000000e+00 3.826834e-01 9.238795e-01
    outer loop
      vertex   -1.520207e+02 1.179547e+02 1.778773e+02
      vertex   -1.500207e+02 1.179547e+02 1.778773e+02
      vertex   -1.520207e+02 1.183896e+02 1.776971e+02
    endloop
  endfacet
  facet normal -0.000000e+00 3.826834e-01 9.238795e-01
    outer loop
      vertex   -1.520207e+02 1.183896e+02 1.776971e+02
      vertex   -1.500207e+02 1.179547e+02 1.778773e+02
      vertex   -1.500207e+02 1.183896e+02 1.776971e+02
    endloop
  endfacet
  facet normal -0.000000e+00 2.334454e-01 9.723699e-01
    outer loop
      vertex   -1.520207e+02 1.183896e+02 1.776971e+02
      vertex   -1.500207e+02 1.183896e+02 1.776971e+02
      vertex   -1.520207e+02 1.188474e+02 1.775872e+02
    endloop
  endfacet
  facet normal -0.000000e+00 2.334454e-01 9.723699e-01
    outer loop
      vertex   -1.520207e+02 1.188474e+02 1.775872e+02
      vertex   -1.500207e+02 1.183896e+02 1.776971e+02
      vertex   -1.500207e+02 1.188474e+02 1.775872e+02
    endloop
  endfacet
  facet normal -0.000000e+00 7.845910e-02 9.969173e-01
    outer loop
      vertex   -1.520207e+02 1.188474e+02 1.775872e+02
      vertex   -1.500207e+02 1.188474e+02 1.775872e+02
      vertex   -1.520207e+02 1.193167e+02 1.775503e+02
    endloop
  endfacet
  facet normal -0.000000e+00 7.845910e-02 9.969173e-01
    outer loop
      vertex   -1.520207e+02 1.193167e+02 1.775503e+02
      vertex   -1.500207e+02 1.188474e+02 1.775872e+02
      vertex   -1.500207e+02 1.193167e+02 1.775503e+02
    endloop
  endfacet
  facet normal 0.000000e+00 -7.845910e-02 9.969173e-01
    outer loop
      vertex   -1.520207e+02 1.193167e+02 1.775503e+02
      vertex   -1.500207e+02 1.193167e+02 1.775503e+02
      vertex   -1.520207e+02 1.197860e+02 1.775872e+02
    endloop
  endfacet
  facet normal 0.000000e+00 -7.845910e-02 9.969173e-01
    outer loop
      vertex   -1.520207e+02 1.197860e+02 1.775872e+02
      vertex   -1.500207e+02 1.193167e+02 1.775503e+02
      vertex   -1.500207e+02 1.197860e+02 1.775872e+02
    endloop
  endfacet
  facet normal 0.000000e+00 -2.334454e-01 9.723699e-01
    outer loop
      vertex   -1.520207e+02 1.197860e+02 1.775872e+02
      vertex   -1.500207e+02 1.197860e+02 1.775872e+02
      vertex   -1.520207e+02 1.202437e+02 1.776971e+02
    endloop
  endfacet
  facet normal 0.000000e+00 -2.334454e-01 9.723699e-01
    outer loop
      vertex   -1.520207e+02 1.202437e+02 1.776971e+02
      vertex   -1.500207e+02 1.197860e+02 1.775872e+02
      vertex   -1.500207e+02 1.202437e+02 1.776971e+02
    endloop
  endfacet
  facet normal 0.000000e+00 -3.826834e-01 9.238795e-01
    outer loop
      vertex   -1.520207e+02 1.202437e+02 1.776971e+02
      vertex   -1.500207e+02 1.202437e+02 1.776971e+02
      vertex   -1.520207e+02 1.206787e+02 1.778773e+02
    endloop
  endfacet
  facet normal 0.000000e+00 -3.826834e-01 9.238795e-01
    outer loop
      vertex   -1.520207e+02 1.206787e+02 1.778773e+02
      vertex   -1.500207e+02 1.202437e+02 1.776971e+02
      vertex   -1.500207e+02 1.206787e+02 1.778773e+02
    endloop
  endfacet
  facet normal 0.000000e+00 -5.224986e-01 8.526402e-01
    outer loop
      vertex   -1.520207e+02 1.206787e+02 1.778773e+02
      vertex   -1.500207e+02 1.206787e+02 1.778773e+02
      vertex   -1.520207e+02 1.210800e+02 1.781232e+02
    endloop
  endfacet
  facet normal 0.000000e+00 -5.224986e-01 8.526402e-01
    outer loop
      vertex   -1.520207e+02 1.210800e+02 1.781232e+02
      vertex   -1.500207e+02 1.206787e+02 1.778773e+02
      vertex   -1.500207e+02 1.210800e+02 1.781232e+02
    endloop
  endfacet
  facet normal 0.000000e+00 -6.494480e-01 7.604060e-01
    outer loop
      vertex   -1.520207e+02 1.210800e+02 1.781232e+02
      vertex   -1.500207e+02 1.210800e+02 1.781232e+02
      vertex   -1.520207e+02 1.214380e+02 1.784290e+02
    endloop
  endfacet
  facet normal 0.000000e+00 -6.494480e-01 7.604060e-01
    outer loop
      vertex   -1.520207e+02 1.214380e+02 1.784290e+02
      vertex   -1.500207e+02 1.210800e+02 1.781232e+02
      vertex   -1.500207e+02 1.214380e+02 1.784290e+02
    endloop
  endfacet
  facet normal 0.000000e+00 -7.604060e-01 6.494480e-01
    outer loop
      vertex   -1.520207e+02 1.214380e+02 1.784290e+02
      vertex   -1.500207e+02 1.214380e+02 1.784290e+02
      vertex   -1.520207e+02 1.217437e+02 1.787869e+02
    endloop
  endfacet
  facet normal 0.000000e+00 -7.604060e-01 6.494480e-01
    outer loop
      vertex   -1.520207e+02 1.217437e+02 1.787869e+02
      vertex   -1.500207e+02 1.214380e+02 1.784290e+02
      vertex   -1.500207e+02 1.217437e+02 1.787869e+02
    endloop
  endfacet
  facet normal 0.000000e+00 -8.526402e-01 5.224986e-01
    outer loop
      vertex   -1.520207e+02 1.217437e+02 1.787869e+02
      vertex   -1.500207e+02 1.217437e+02 1.787869e+02
      vertex   -1.520207e+02 1.219897e+02 1.791883e+02
    endloop
  endfacet
  facet normal 0.000000e+00 -8.526402e-01 5.224986e-01
    outer loop
      vertex   -1.520207e+02 1.219897e+02 1.791883e+02
      vertex   -1.500207e+02 1.217437e+02 1.787869e+02
      vertex   -1.500207e+02 1.219897e+02 1.791883e+02
    endloop
  endfacet
  facet normal 0.000000e+00 -9.238795e-01 3.826834e-01
    outer loop
      vertex   -1.520207e+02 1.219897e+02 1.791883e+02
      vertex   -1.500207e+02 1.219897e+02 1.791883e+02
      vertex   -1.520207e+02 1.221699e+02 1.796232e+02
    endloop
  endfacet
  facet normal 0.000000e+00 -9.238795e-01 3.826834e-01
    outer loop
      vertex   -1.520207e+02 1.221699e+02 1.796232e+02
      vertex   -1.500207e+02 1.219897e+02 1.791883e+02
      vertex   -1.500207e+02 1.221699e+02 1.796232e+02
    endloop
  endfacet
  facet normal 0.000000e+00 -9.723699e-01 2.334454e-01
    outer loop
      vertex   -1.520207e+02 1.221699e+02 1.796232e+02
      vertex   -1.500207e+02 1.221699e+02 1.796232e+02
      vertex   -1.520207e+02 1.222798e+02 1.800810e+02
    endloop
  endfacet
  facet normal 0.000000e+00 -9.723699e-01 2.334454e-01
    outer loop
      vertex   -1.520207e+02 1.222798e+02 1.800810e+02
      vertex   -1.500207e+02 1.221699e+02 1.796232e+02
      vertex   -1.500207e+02 1.222798e+02 1.800810e+02
    endloop
  endfacet
  facet normal 0.000000e+00 -9.969173e-01 7.845910e-02
    outer loop
      vertex   -1.520207e+02 1.222798e+02 1.800810e+02
      vertex   -1.500207e+02 1.222798e+02 1.800810e+02
      vertex   -1.520207e+02 1.223167e+02 1.805503e+02
    endloop
  endfacet
  facet normal 0.000000e+00 -9.969173e-01 7.845910e-02
    outer loop
      vertex   -1.520207e+02 1.223167e+02 1.805503e+02
      vertex   -1.500207e+02 1.222798e+02 1.800810e+02
      vertex   -1.500207e+02 1.223167e+02 1.805503e+02
    endloop
  endfacet
  facet normal 0.000000e+00 -9.969173e-01 -7.845910e-02
    outer loop
      vertex   -1.520207e+02 1.223167e+02 1.805503e+02
      vertex   -1.500207e+02 1.223167e+02 1.805503e+02
      vertex   -1.520207e+02 1.222798e+02 1.810196e+02
    endloop
  endfacet
  facet normal 0.000000e+00 -9.969173e-01 -7.845910e-02
    outer loop
      vertex   -1.520207e+02 1.222798e+02 1.810196e+02
      vertex   -1.500207e+02 1.223167e+02 1.805503e+02
      vertex   -1.500207e+02 1.222798e+02 1.810196e+02
    endloop
  endfacet
  facet normal 0.000000e+00 -9.723699e-01 -2.334454e-01
    outer loop
      vertex   -1.520207e+02 1.222798e+02 1.810196e+02
      vertex   -1.500207e+02 1.222798e+02 1.810196e+02
      vertex   -1.520207e+02 1.221699e+02 1.814773e+02
    endloop
  endfacet
  facet normal 0.000000e+00 -9.723699e-01 -2.334454e-01
    outer loop
      vertex   -1.520207e+02 1.221699e+02 1.814773e+02
      vertex   -1.500207e+02 1.222798e+02 1.810196e+02
      vertex   -1.500207e+02 1.221699e+02 1.814773e+02
    endloop
  endfacet
  facet normal 0.000000e+00 -9.238795e-01 -3.826834e-01
    outer loop
      vertex   -1.520207e+02 1.221699e+02 1.814773e+02
      vertex   -1.500207e+02 1.221699e+02 1.814773e+02
      vertex   -1.520207e+02 1.219897e+02 1.819123e+02
    endloop
  endfacet
  facet normal 0.000000e+00 -9.238795e-01 -3.826834e-01
    outer loop
      vertex   -1.520207e+02 1.219897e+02 1.819123e+02
      vertex   -1.500207e+02 1.221699e+02 1.814773e+02
      vertex   -1.500207e+02 1.219897e+02 1.819123e+02
    endloop
  endfacet
  facet normal 0.000000e+00 -8.526402e-01 -5.224986e-01
    outer loop
      vertex   -1.520207e+02 1.219897e+02 1.819123e+02
      vertex   -1.500207e+02 1.219897e+02 1.819123e+02
      vertex   -1.520207e+02 1.217437e+02 1.823136e+02
    endloop
  endfacet
  facet normal 0.000000e+00 -8.526402e-01 -5.224986e-01
    outer loop
      vertex   -1.520207e+02 1.217437e+02 1.823136e+02
      vertex   -1.500207e+02 1.219897e+02 1.819123e+02
      vertex   -1.500207e+02 1.217437e+02 1.823136e+02
    endloop
  endfacet
  facet normal 0.000000e+00 -7.604060e-01 -6.494480e-01
    outer loop
      vertex   -1.520207e+02 1.217437e+02 1.823136e+02
      vertex   -1.500207e+02 1.217437e+02 1.823136e+02
      vertex   -1.520207e+02 1.214380e+02 1.826716e+02
    endloop
  endfacet
  facet normal 0.000000e+00 -7.604060e-01 -6.494480e-01
    outer loop
      vertex   -1.520207e+02 1.214380e+02 1.826716e+02
      vertex   -1.500207e+02 1.217437e+02 1.823136e+02
      vertex   -1.500207e+02 1.214380e+02 1.826716e+02
    endloop
  endfacet
  facet normal 0.000000e+00 -6.494480e-01 -7.604060e-01
    outer loop
      vertex   -1.520207e+02 1.214380e+02 1.826716e+02
      vertex   -1.500207e+02 1.214380e+02 1.826716e+02
      vertex   -1.520207e+02 1.210800e+02 1.829773e+02
    endloop
  endfacet
  facet normal 0.000000e+00 -6.494480e-01 -7.604060e-01
    outer loop
      vertex   -1.520207e+02 1.210800e+02 1.829773e+02
      vertex   -1.500207e+02 1.214380e+02 1.826716e+02
      vertex   -1.500207e+02 1.210800e+02 1.829773e+02
    endloop
  endfacet
  facet normal 0.000000e+00 -5.224986e-01 -8.526402e-01
    outer loop
      vertex   -1.520207e+02 1.210800e+02 1.829773e+02
      vertex   -1.500207e+02 1.210800e+02 1.829773e+02
      vertex   -1.520207e+02 1.206787e+02 1.832233e+02
    endloop
  endfacet
  facet normal 0.000000e+00 -5.224986e-01 -8.526402e-01
    outer loop
      vertex   -1.520207e+02 1.206787e+02 1.832233e+02
      vertex   -1.500207e+02 1.210800e+02 1.829773e+02
      vertex   -1.500207e+02 1.206787e+02 1.832233e+02
    endloop
  endfacet
  facet normal 0.000000e+00 -3.826834e-01 -9.238795e-01
    outer loop
      vertex   -1.520207e+02 1.206787e+02 1.832233e+02
      vertex   -1.500207e+02 1.206787e+02 1.832233e+02
      vertex   -1.520207e+02 1.202437e+02 1.834035e+02
    endloop
  endfacet
  facet normal 0.000000e+00 -3.826834e-01 -9.238795e-01
    outer loop
      vertex   -1.520207e+02 1.202437e+02 1.834035e+02
      vertex   -1.500207e+02 1.206787e+02 1.832233e+02
      vertex   -1.500207e+02 1.202437e+02 1.834035e+02
    endloop
  endfacet
  facet normal 0.000000e+00 -2.334454e-01 -9.723699e-01
    outer loop
      vertex   -1.520207e+02 1.202437e+02 1.834035e+02
      vertex   -1.500207e+02 1.202437e+02 1.834035e+02
      vertex   -1.520207e+02 1.197860e+02 1.835133e+02
    endloop
  endfacet
  facet normal 0.000000e+00 -2.334454e-01 -9.723699e-01
    outer loop
      vertex   -1.520207e+02 1.197860e+02 1.835133e+02
      vertex   -1.500207e+02 1.202437e+02 1.834035e+02
      vertex   -1.500207e+02 1.197860e+02 1.835133e+02
    endloop
  endfacet
  facet normal 0.000000e+00 -7.845910e-02 -9.969173e-01
    outer loop
      vertex   -1.520207e+02 1.197860e+02 1.835133e+02
      vertex   -1.500207e+02 1.197860e+02 1.835133e+02
      vertex   -1.520207e+02 1.193167e+02 1.835503e+02
    endloop
  endfacet
  facet normal 0.000000e+00 -7.845910e-02 -9.969173e-01
    outer loop
      vertex   -1.520207e+02 1.193167e+02 1.835503e+02
      vertex   -1.500207e+02 1.197860e+02 1.835133e+02
      vertex   -1.500207e+02 1.193167e+02 1.835503e+02
    endloop
  endfacet
  facet normal 0.000000e+00 7.845910e-02 -9.969173e-01
    outer loop
      vertex   -1.520207e+02 1.193167e+02 1.835503e+02
      vertex   -1.500207e+02 1.193167e+02 1.835503e+02
      vertex   -1.520207e+02 1.188474e+02 1.835133e+02
    endloop
  endfacet
  facet normal 0.000000e+00 7.845910e-02 -9.969173e-01
    outer loop
      vertex   -1.520207e+02 1.188474e+02 1.835133e+02
      vertex   -1.500207e+02 1.193167e+02 1.835503e+02
      vertex   -1.500207e+02 1.188474e+02 1.835133e+02
    endloop
  endfacet
  facet normal 0.000000e+00 2.334454e-01 -9.723699e-01
    outer loop
      vertex   -1.520207e+02 1.188474e+02 1.835133e+02
      vertex   -1.500207e+02 1.188474e+02 1.835133e+02
      vertex   -1.520207e+02 1.183896e+02 1.834035e+02
    endloop
  endfacet
  facet normal 0.000000e+00 2.334454e-01 -9.723699e-01
    outer loop
      vertex   -1.520207e+02 1.183896e+02 1.834035e+02
      vertex   -1.500207e+02 1.188474e+02 1.835133e+02
      vertex   -1.500207e+02 1.183896e+02 1.834035e+02
    endloop
  endfacet
  facet normal 0.000000e+00 3.826834e-01 -9.238795e-01
    outer loop
      vertex   -1.520207e+02 1.183896e+02 1.834035e+02
      vertex   -1.500207e+02 1.183896e+02 1.834035e+02
      vertex   -1.520207e+02 1.179547e+02 1.832233e+02
    endloop
  endfacet
  facet normal 0.000000e+00 3.826834e-01 -9.238795e-01
    outer loop
      vertex   -1.520207e+02 1.179547e+02 1.832233e+02
      vertex   -1.500207e+02 1.183896e+02 1.834035e+02
      vertex   -1.500207e+02 1.179547e+02 1.832233e+02
    endloop
  endfacet
  facet normal 0.000000e+00 5.224986e-01 -8.526402e-01
    outer loop
      vertex   -1.520207e+02 1.179547e+02 1.832233e+02
      vertex   -1.500207e+02 1.179547e+02 1.832233e+02
      vertex   -1.520207e+02 1.175533e+02 1.829773e+02
    endloop
  endfacet
  facet normal 0.000000e+00 5.224986e-01 -8.526402e-01
    outer loop
      vertex   -1.520207e+02 1.175533e+02 1.829773e+02
      vertex   -1.500207e+02 1.179547e+02 1.832233e+02
      vertex   -1.500207e+02 1.175533e+02 1.829773e+02
    endloop
  endfacet
  facet normal 0.000000e+00 6.494480e-01 -7.604060e-01
    outer loop
      vertex   -1.520207e+02 1.175533e+02 1.829773e+02
      vertex   -1.500207e+02 1.175533e+02 1.829773e+02
      vertex   -1.520207e+02 1.171954e+02 1.826716e+02
    endloop
  endfacet
  facet normal 0.000000e+00 6.494480e-01 -7.604060e-01
    outer loop
      vertex   -1.520207e+02 1.171954e+02 1.826716e+02
      vertex   -1.500207e+02 1.175533e+02 1.829773e+02
      vertex   -1.500207e+02 1.171954e+02 1.826716e+02
    endloop
  endfacet
  facet normal 0.000000e+00 7.604060e-01 -6.494480e-01
    outer loop
      vertex   -1.520207e+02 1.171954e+02 1.826716e+02
      vertex   -1.500207e+02 1.171954e+02 1.826716e+02
      vertex   -1.520207e+02 1.168896e+02 1.823136e+02
    endloop
  endfacet
  facet normal 0.000000e+00 7.604060e-01 -6.494480e-01
    outer loop
      vertex   -1.520207e+02 1.168896e+02 1.823136e+02
      vertex   -1.500207e+02 1.171954e+02 1.826716e+02
      vertex   -1.500207e+02 1.168896e+02 1.823136e+02
    endloop
  endfacet
  facet normal 0.000000e+00 8.526402e-01 -5.224986e-01
    outer loop
      vertex   -1.520207e+02 1.168896e+02 1.823136e+02
      vertex   -1.500207e+02 1.168896e+02 1.823136e+02
      vertex   -1.520207e+02 1.166437e+02 1.819123e+02
    endloop
  endfacet
  facet normal 0.000000e+00 8.526402e-01 -5.224986e-01
    outer loop
      vertex   -1.520207e+02 1.166437e+02 1.819123e+02
      vertex   -1.500207e+02 1.168896e+02 1.823136e+02
      vertex   -1.500207e+02 1.166437e+02 1.819123e+02
    endloop
  endfacet
  facet normal 0.000000e+00 9.238795e-01 -3.826834e-01
    outer loop
      vertex   -1.520207e+02 1.166437e+02 1.819123e+02
      vertex   -1.500207e+02 1.166437e+02 1.819123e+02
      vertex   -1.520207e+02 1.164635e+02 1.814773e+02
    endloop
  endfacet
  facet normal 0.000000e+00 9.238795e-01 -3.826834e-01
    outer loop
      vertex   -1.520207e+02 1.164635e+02 1.814773e+02
      vertex   -1.500207e+02 1.166437e+02 1.819123e+02
      vertex   -1.500207e+02 1.164635e+02 1.814773e+02
    endloop
  endfacet
  facet normal 0.000000e+00 9.723699e-01 -2.334454e-01
    outer loop
      vertex   -1.520207e+02 1.164635e+02 1.814773e+02
      vertex   -1.500207e+02 1.164635e+02 1.814773e+02
      vertex   -1.520207e+02 1.163536e+02 1.810196e+02
    endloop
  endfacet
  facet normal 0.000000e+00 9.723699e-01 -2.334454e-01
    outer loop
      vertex   -1.520207e+02 1.163536e+02 1.810196e+02
      vertex   -1.500207e+02 1.164635e+02 1.814773e+02
      vertex   -1.500207e+02 1.163536e+02 1.810196e+02
    endloop
  endfacet
  facet normal 1.000000e+00 0.000000e+00 0.000000e+00
    outer loop
      vertex   -1.520207e+02 1.177541e+02 1.808942e+02
      vertex   -1.520207e+02 1.163536e+02 1.810196e+02
      vertex   -1.520207e+02 1.177167e+02 1.805503e+02
    endloop
  endfacet
  facet normal 1.000000e+00 0.000000e+00 0.000000e+00
    outer loop
      vertex   -1.520207e+02 1.177167e+02 1.805503e+02
      vertex   -1.520207e+02 1.163536e+02 1.810196e+02
      vertex   -1.520207e+02 1.163167e+02 1.805503e+02
    endloop
  endfacet
  facet normal 1.000000e+00 0.000000e+00 0.000000e+00
    outer loop
      vertex   -1.520207e+02 1.177167e+02 1.805503e+02
      vertex   -1.520207e+02 1.163167e+02 1.805503e+02
      vertex   -1.520207e+02 1.163536e+02 1.800810e+02
    endloop
  endfacet
  facet normal 1.000000e+00 -0.000000e+00 0.000000e+00
    outer loop
      vertex   -1.520207e+02 1.163536e+02 1.810196e+02
      vertex   -1.520207e+02 1.177541e+02 1.808942e+02
      vertex   -1.520207e+02 1.164635e+02 1.814773e+02
    endloop
  endfacet
  facet normal 1.000000e+00 0.000000e+00 0.000000e+00
    outer loop
      vertex   -1.520207e+02 1.164635e+02 1.814773e+02
      vertex   -1.520207e+02 1.177541e+02 1.808942e+02
      vertex   -1.520207e+02 1.178646e+02 1.812221e+02
    endloop
  endfacet
  facet normal 1.000000e+00 -0.000000e+00 0.000000e+00
    outer loop
      vertex   -1.520207e+02 1.164635e+02 1.814773e+02
      vertex   -1.520207e+02 1.178646e+02 1.812221e+02
      vertex   -1.520207e+02 1.166437e+02 1.819123e+02
    endloop
  endfacet
  facet normal 1.000000e+00 0.000000e+00 0.000000e+00
    outer loop
      vertex   -1.520207e+02 1.166437e+02 1.819123e+02
      vertex   -1.520207e+02 1.178646e+02 1.812221e+02
      vertex   -1.520207e+02 1.180429e+02 1.815186e+02
    endloop
  endfacet
  facet normal 1.000000e+00 -0.000000e+00 0.000000e+00
    outer loop
      vertex   -1.520207e+02 1.166437e+02 1.819123e+02
      vertex   -1.520207e+02 1.180429e+02 1.815186e+02
      vertex   -1.520207e+02 1.168896e+02 1.823136e+02
    endloop
  endfacet
  facet normal 1.000000e+00 -0.000000e+00 0.000000e+00
    outer loop
      vertex   -1.520207e+02 1.168896e+02 1.823136e+02
      vertex   -1.520207e+02 1.180429e+02 1.815186e+02
      vertex   -1.520207e+02 1.171954e+02 1.826716e+02
    endloop
  endfacet
  facet normal 1.000000e+00 0.000000e+00 0.000000e+00
    outer loop
      vertex   -1.520207e+02 1.171954e+02 1.826716e+02
      vertex   -1.520207e+02 1.180429e+02 1.815186e+02
      vertex   -1.520207e+02 1.182809e+02 1.817697e+02
    endloop
  endfacet
  facet normal 1.000000e+00 -0.000000e+00 0.000000e+00
    outer loop
      vertex   -1.520207e+02 1.171954e+02 1.826716e+02
      vertex   -1.520207e+02 1.182809e+02 1.817697e+02
      vertex   -1.520207e+02 1.175533e+02 1.829773e+02
    endloop
  endfacet
  facet normal 1.000000e+00 0.000000e+00 0.000000e+00
    outer loop
      vertex   -1.520207e+02 1.175533e+02 1.829773e+02
      vertex   -1.520207e+02 1.182809e+02 1.817697e+02
      vertex   -1.520207e+02 1.185672e+02 1.819639e+02
    endloop
  endfacet
  facet normal 1.000000e+00 -0.000000e+00 0.000000e+00
    outer loop
      vertex   -1.520207e+02 1.175533e+02 1.829773e+02
      vertex   -1.520207e+02 1.185672e+02 1.819639e+02
      vertex   -1.520207e+02 1.179547e+02 1.832233e+02
    endloop
  endfacet
  facet normal 1.000000e+00 -0.000000e+00 0.000000e+00
    outer loop
      vertex   -1.520207e+02 1.179547e+02 1.832233e+02
      vertex   -1.520207e+02 1.185672e+02 1.819639e+02
      vertex   -1.520207e+02 1.183896e+02 1.834035e+02
    endloop
  endfacet
  facet normal 1.000000e+00 0.000000e+00 0.000000e+00
    outer loop
      vertex   -1.520207e+02 1.183896e+02 1.834035e+02
      vertex   -1.520207e+02 1.185672e+02 1.819639e+02
      vertex   -1.520207e+02 1.188886e+02 1.820920e+02
    endloop
  endfacet
  facet normal 1.000000e+00 -0.000000e+00 0.000000e+00
    outer loop
      vertex   -1.520207e+02 1.183896e+02 1.834035e+02
      vertex   -1.520207e+02 1.188886e+02 1.820920e+02
      vertex   -1.520207e+02 1.188474e+02 1.835133e+02
    endloop
  endfacet
  facet normal 1.000000e+00 0.000000e+00 0.000000e+00
    outer loop
      vertex   -1.520207e+02 1.188474e+02 1.835133e+02
      vertex   -1.520207e+02 1.188886e+02 1.820920e+02
      vertex   -1.520207e+02 1.192301e+02 1.821479e+02
    endloop
  endfacet
  facet normal 1.000000e+00 -0.000000e+00 0.000000e+00
    outer loop
      vertex   -1.520207e+02 1.188474e+02 1.835133e+02
      vertex   -1.520207e+02 1.192301e+02 1.821479e+02
      vertex   -1.520207e+02 1.193167e+02 1.835503e+02
    endloop
  endfacet
  facet normal 1.000000e+00 0.000000e+00 0.000000e+00
    outer loop
      vertex   -1.520207e+02 1.193167e+02 1.835503e+02
      vertex   -1.520207e+02 1.192301e+02 1.821479e+02
      vertex   -1.520207e+02 1.195755e+02 1.821292e+02
    endloop
  endfacet
  facet normal 1.000000e+00 0.000000e+00 0.000000e+00
    outer loop
      vertex   -1.520207e+02 1.193167e+02 1.835503e+02
      vertex   -1.520207e+02 1.195755e+02 1.821292e+02
      vertex   -1.520207e+02 1.197860e+02 1.835133e+02
    endloop
  endfacet
  facet normal 1.000000e+00 0.000000e+00 0.000000e+00
    outer loop
      vertex   -1.520207e+02 1.197860e+02 1.835133e+02
      vertex   -1.520207e+02 1.195755e+02 1.821292e+02
      vertex   -1.520207e+02 1.202437e+02 1.834035e+02
    endloop
  endfacet
  facet normal 1.000000e+00 0.000000e+00 0.000000e+00
    outer loop
      vertex   -1.520207e+02 1.202437e+02 1.834035e+02
      vertex   -1.520207e+02 1.195755e+02 1.821292e+02
      vertex   -1.520207e+02 1.199089e+02 1.820366e+02
    endloop
  endfacet
  facet normal 1.000000e+00 0.000000e+00 0.000000e+00
    outer loop
      vertex   -1.520207e+02 1.202437e+02 1.834035e+02
      vertex   -1.520207e+02 1.199089e+02 1.820366e+02
      vertex   -1.520207e+02 1.206787e+02 1.832233e+02
    endloop
  endfacet
  facet normal 1.000000e+00 0.000000e+00 0.000000e+00
    outer loop
      vertex   -1.520207e+02 1.206787e+02 1.832233e+02
      vertex   -1.520207e+02 1.199089e+02 1.820366e+02
      vertex   -1.520207e+02 1.202146e+02 1.818746e+02
    endloop
  endfacet
  facet normal 1.000000e+00 0.000000e+00 0.000000e+00
    outer loop
      vertex   -1.520207e+02 1.206787e+02 1.832233e+02
      vertex   -1.520207e+02 1.202146e+02 1.818746e+02
      vertex   -1.520207e+02 1.210800e+02 1.829773e+02
    endloop
  endfacet
  facet normal 1.000000e+00 0.000000e+00 0.000000e+00
    outer loop
      vertex   -1.520207e+02 1.210800e+02 1.829773e+02
      vertex   -1.520207e+02 1.202146e+02 1.818746e+02
      vertex   -1.520207e+02 1.204783e+02 1.816506e+02
    endloop
  endfacet
  facet normal 1.000000e+00 0.000000e+00 0.000000e+00
    outer loop
      vertex   -1.520207e+02 1.210800e+02 1.829773e+02
      vertex   -1.520207e+02 1.204783e+02 1.816506e+02
      vertex   -1.520207e+02 1.214380e+02 1.826716e+02
    endloop
  endfacet
  facet normal 1.000000e+00 0.000000e+00 0.000000e+00
    outer loop
      vertex   -1.520207e+02 1.214380e+02 1.826716e+02
      vertex   -1.520207e+02 1.204783e+02 1.816506e+02
      vertex   -1.520207e+02 1.217437e+02 1.823136e+02
    endloop
  endfacet
  facet normal 1.000000e+00 0.000000e+00 0.000000e+00
    outer loop
      vertex   -1.520207e+02 1.217437e+02 1.823136e+02
      vertex   -1.520207e+02 1.204783e+02 1.816506e+02
      vertex   -1.520207e+02 1.206877e+02 1.813752e+02
    endloop
  endfacet
  facet normal 1.000000e+00 0.000000e+00 0.000000e+00
    outer loop
      vertex   -1.520207e+02 1.217437e+02 1.823136e+02
      vertex   -1.520207e+02 1.206877e+02 1.813752e+02
      vertex   -1.520207e+02 1.219897e+02 1.819123e+02
    endloop
  endfacet
  facet normal 1.000000e+00 0.000000e+00 0.000000e+00
    outer loop
      vertex   -1.520207e+02 1.219897e+02 1.819123e+02
      vertex   -1.520207e+02 1.206877e+02 1.813752e+02
      vertex   -1.520207e+02 1.208329e+02 1.810612e+02
    endloop
  endfacet
  facet normal 1.000000e+00 0.000000e+00 0.000000e+00
    outer loop
      vertex   -1.520207e+02 1.219897e+02 1.819123e+02
      vertex   -1.520207e+02 1.208329e+02 1.810612e+02
      vertex   -1.520207e+02 1.221699e+02 1.814773e+02
    endloop
  endfacet
  facet normal 1.000000e+00 0.000000e+00 0.000000e+00
    outer loop
      vertex   -1.520207e+02 1.221699e+02 1.814773e+02
      vertex   -1.520207e+02 1.208329e+02 1.810612e+02
      vertex   -1.520207e+02 1.222798e+02 1.810196e+02
    endloop
  endfacet
  facet normal 1.000000e+00 0.000000e+00 0.000000e+00
    outer loop
      vertex   -1.520207e+02 1.222798e+02 1.810196e+02
      vertex   -1.520207e+02 1.208329e+02 1.810612e+02
      vertex   -1.520207e+02 1.209073e+02 1.807233e+02
    endloop
  endfacet
  facet normal 1.000000e+00 0.000000e+00 0.000000e+00
    outer loop
      vertex   -1.520207e+02 1.222798e+02 1.810196e+02
      vertex   -1.520207e+02 1.209073e+02 1.807233e+02
      vertex   -1.520207e+02 1.223167e+02 1.805503e+02
    endloop
  endfacet
  facet normal 1.000000e+00 0.000000e+00 0.000000e+00
    outer loop
      vertex   -1.520207e+02 1.223167e+02 1.805503e+02
      vertex   -1.520207e+02 1.209073e+02 1.807233e+02
      vertex   -1.520207e+02 1.209073e+02 1.803773e+02
    endloop
  endfacet
  facet normal 1.000000e+00 0.000000e+00 0.000000e+00
    outer loop
      vertex   -1.520207e+02 1.223167e+02 1.805503e+02
      vertex   -1.520207e+02 1.209073e+02 1.803773e+02
      vertex   -1.520207e+02 1.222798e+02 1.800810e+02
    endloop
  endfacet
  facet normal 1.000000e+00 0.000000e+00 0.000000e+00
    outer loop
      vertex   -1.520207e+02 1.222798e+02 1.800810e+02
      vertex   -1.520207e+02 1.209073e+02 1.803773e+02
      vertex   -1.520207e+02 1.208329e+02 1.800394e+02
    endloop
  endfacet
  facet normal 1.000000e+00 0.000000e+00 0.000000e+00
    outer loop
      vertex   -1.520207e+02 1.222798e+02 1.800810e+02
      vertex   -1.520207e+02 1.208329e+02 1.800394e+02
      vertex   -1.520207e+02 1.221699e+02 1.796232e+02
    endloop
  endfacet
  facet normal 1.000000e+00 0.000000e+00 0.000000e+00
    outer loop
      vertex   -1.520207e+02 1.221699e+02 1.796232e+02
      vertex   -1.520207e+02 1.208329e+02 1.800394e+02
      vertex   -1.520207e+02 1.219897e+02 1.791883e+02
    endloop
  endfacet
  facet normal 1.000000e+00 0.000000e+00 0.000000e+00
    outer loop
      vertex   -1.520207e+02 1.219897e+02 1.791883e+02
      vertex   -1.520207e+02 1.208329e+02 1.800394e+02
      vertex   -1.520207e+02 1.206877e+02 1.797254e+02
    endloop
  endfacet
  facet normal 1.000000e+00 0.000000e+00 0.000000e+00
    outer loop
      vertex   -1.520207e+02 1.219897e+02 1.791883e+02
      vertex   -1.520207e+02 1.206877e+02 1.797254e+02
      vertex   -1.520207e+02 1.217437e+02 1.787869e+02
    endloop
  endfacet
  facet normal 1.000000e+00 0.000000e+00 0.000000e+00
    outer loop
      vertex   -1.520207e+02 1.217437e+02 1.787869e+02
      vertex   -1.520207e+02 1.206877e+02 1.797254e+02
      vertex   -1.520207e+02 1.204783e+02 1.794500e+02
    endloop
  endfacet
  facet normal 1.000000e+00 0.000000e+00 0.000000e+00
    outer loop
      vertex   -1.520207e+02 1.217437e+02 1.787869e+02
      vertex   -1.520207e+02 1.204783e+02 1.794500e+02
      vertex   -1.520207e+02 1.214380e+02 1.784290e+02
    endloop
  endfacet
  facet normal 1.000000e+00 0.000000e+00 0.000000e+00
    outer loop
      vertex   -1.520207e+02 1.214380e+02 1.784290e+02
      vertex   -1.520207e+02 1.204783e+02 1.794500e+02
      vertex   -1.520207e+02 1.210800e+02 1.781232e+02
    endloop
  endfacet
  facet normal 1.000000e+00 0.000000e+00 0.000000e+00
    outer loop
      vertex   -1.520207e+02 1.210800e+02 1.781232e+02
      vertex   -1.520207e+02 1.204783e+02 1.794500e+02
      vertex   -1.520207e+02 1.202146e+02 1.792260e+02
    endloop
  endfacet
  facet normal 1.000000e+00 0.000000e+00 0.000000e+00
    outer loop
      vertex   -1.520207e+02 1.210800e+02 1.781232e+02
      vertex   -1.520207e+02 1.202146e+02 1.792260e+02
      vertex   -1.520207e+02 1.206787e+02 1.778773e+02
    endloop
  endfacet
  facet normal 1.000000e+00 0.000000e+00 0.000000e+00
    outer loop
      vertex   -1.520207e+02 1.206787e+02 1.778773e+02
      vertex   -1.520207e+02 1.202146e+02 1.792260e+02
      vertex   -1.520207e+02 1.199089e+02 1.790639e+02
    endloop
  endfacet
  facet normal 1.000000e+00 0.000000e+00 0.000000e+00
    outer loop
      vertex   -1.520207e+02 1.206787e+02 1.778773e+02
      vertex   -1.520207e+02 1.199089e+02 1.790639e+02
      vertex   -1.520207e+02 1.202437e+02 1.776971e+02
    endloop
  endfacet
  facet normal 1.000000e+00 0.000000e+00 0.000000e+00
    outer loop
      vertex   -1.520207e+02 1.202437e+02 1.776971e+02
      vertex   -1.520207e+02 1.199089e+02 1.790639e+02
      vertex   -1.520207e+02 1.195755e+02 1.789714e+02
    endloop
  endfacet
  facet normal 1.000000e+00 0.000000e+00 0.000000e+00
    outer loop
      vertex   -1.520207e+02 1.202437e+02 1.776971e+02
      vertex   -1.520207e+02 1.195755e+02 1.789714e+02
      vertex   -1.520207e+02 1.197860e+02 1.775872e+02
    endloop
  endfacet
  facet normal 1.000000e+00 0.000000e+00 0.000000e+00
    outer loop
      vertex   -1.520207e+02 1.197860e+02 1.775872e+02
      vertex   -1.520207e+02 1.195755e+02 1.789714e+02
      vertex   -1.520207e+02 1.193167e+02 1.775503e+02
    endloop
  endfacet
  facet normal 1.000000e+00 0.000000e+00 -0.000000e+00
    outer loop
      vertex   -1.520207e+02 1.193167e+02 1.775503e+02
      vertex   -1.520207e+02 1.195755e+02 1.789714e+02
      vertex   -1.520207e+02 1.192301e+02 1.789526e+02
    endloop
  endfacet
  facet normal 1.000000e+00 0.000000e+00 0.000000e+00
    outer loop
      vertex   -1.520207e+02 1.193167e+02 1.775503e+02
      vertex   -1.520207e+02 1.192301e+02 1.789526e+02
      vertex   -1.520207e+02 1.188474e+02 1.775872e+02
    endloop
  endfacet
  facet normal 1.000000e+00 0.000000e+00 0.000000e+00
    outer loop
      vertex   -1.520207e+02 1.188474e+02 1.775872e+02
      vertex   -1.520207e+02 1.192301e+02 1.789526e+02
      vertex   -1.520207e+02 1.188886e+02 1.790086e+02
    endloop
  endfacet
  facet normal 1.000000e+00 0.000000e+00 -0.000000e+00
    outer loop
      vertex   -1.520207e+02 1.188474e+02 1.775872e+02
      vertex   -1.520207e+02 1.188886e+02 1.790086e+02
      vertex   -1.520207e+02 1.183896e+02 1.776971e+02
    endloop
  endfacet
  facet normal 1.000000e+00 0.000000e+00 0.000000e+00
    outer loop
      vertex   -1.520207e+02 1.183896e+02 1.776971e+02
      vertex   -1.520207e+02 1.188886e+02 1.790086e+02
      vertex   -1.520207e+02 1.185672e+02 1.791367e+02
    endloop
  endfacet
  facet normal 1.000000e+00 0.000000e+00 -0.000000e+00
    outer loop
      vertex   -1.520207e+02 1.183896e+02 1.776971e+02
      vertex   -1.520207e+02 1.185672e+02 1.791367e+02
      vertex   -1.520207e+02 1.179547e+02 1.778773e+02
    endloop
  endfacet
  facet normal 1.000000e+00 0.000000e+00 -0.000000e+00
    outer loop
      vertex   -1.520207e+02 1.179547e+02 1.778773e+02
      vertex   -1.520207e+02 1.185672e+02 1.791367e+02
      vertex   -1.520207e+02 1.175533e+02 1.781232e+02
    endloop
  endfacet
  facet normal 1.000000e+00 0.000000e+00 0.000000e+00
    outer loop
      vertex   -1.520207e+02 1.175533e+02 1.781232e+02
      vertex   -1.520207e+02 1.185672e+02 1.791367e+02
      vertex   -1.520207e+02 1.182809e+02 1.793308e+02
    endloop
  endfacet
  facet normal 1.000000e+00 0.000000e+00 -0.000000e+00
    outer loop
      vertex   -1.520207e+02 1.175533e+02 1.781232e+02
      vertex   -1.520207e+02 1.182809e+02 1.793308e+02
      vertex   -1.520207e+02 1.171954e+02 1.784290e+02
    endloop
  endfacet
  facet normal 1.000000e+00 0.000000e+00 0.000000e+00
    outer loop
      vertex   -1.520207e+02 1.171954e+02 1.784290e+02
      vertex   -1.520207e+02 1.182809e+02 1.793308e+02
      vertex   -1.520207e+02 1.180429e+02 1.795820e+02
    endloop
  endfacet
  facet normal 1.000000e+00 0.000000e+00 -0.000000e+00
    outer loop
      vertex   -1.520207e+02 1.171954e+02 1.784290e+02
      vertex   -1.520207e+02 1.180429e+02 1.795820e+02
      vertex   -1.520207e+02 1.168896e+02 1.787869e+02
    endloop
  endfacet
  facet normal 1.000000e+00 0.000000e+00 -0.000000e+00
    outer loop
      vertex   -1.520207e+02 1.168896e+02 1.787869e+02
      vertex   -1.520207e+02 1.180429e+02 1.795820e+02
      vertex   -1.520207e+02 1.166437e+02 1.791883e+02
    endloop
  endfacet
  facet normal 1.000000e+00 0.000000e+00 0.000000e+00
    outer loop
      vertex   -1.520207e+02 1.166437e+02 1.791883e+02
      vertex   -1.520207e+02 1.180429e+02 1.795820e+02
      vertex   -1.520207e+02 1.178646e+02 1.798785e+02
    endloop
  endfacet
  facet normal 1.000000e+00 0.000000e+00 -0.000000e+00
    outer loop
      vertex   -1.520207e+02 1.166437e+02 1.791883e+02
      vertex   -1.520207e+02 1.178646e+02 1.798785e+02
      vertex   -1.520207e+02 1.164635e+02 1.796232e+02
    endloop
  endfacet
  facet normal 1.000000e+00 0.000000e+00 0.000000e+00
    outer loop
      vertex   -1.520207e+02 1.164635e+02 1.796232e+02
      vertex   -1.520207e+02 1.178646e+02 1.798785e+02
      vertex   -1.520207e+02 1.177541e+02 1.802063e+02
    endloop
  endfacet
  facet normal 1.000000e+00 0.000000e+00 -0.000000e+00
    outer loop
      vertex   -1.520207e+02 1.164635e+02 1.796232e+02
      vertex   -1.520207e+02 1.177541e+02 1.802063e+02
      vertex   -1.520207e+02 1.163536e+02 1.800810e+02
    endloop
  endfacet
  facet normal 1.000000e+00 0.000000e+00 0.000000e+00
    outer loop
      vertex   -1.520207e+02 1.163536e+02 1.800810e+02
      vertex   -1.520207e+02 1.177541e+02 1.802063e+02
      vertex   -1.520207e+02 1.177167e+02 1.805503e+02
    endloop
  endfacet
  facet normal 0.000000e+00 9.941380e-01 1.081190e-01
    outer loop
      vertex   -1.520207e+02 1.110541e+02 1.802063e+02
      vertex   -1.565207e+02 1.110541e+02 1.802063e+02
      vertex   -1.520207e+02 1.110167e+02 1.805503e+02
    endloop
  endfacet
  facet normal 0.000000e+00 9.941380e-01 1.081190e-01
    outer loop
      vertex   -1.520207e+02 1.110167e+02 1.805503e+02
      vertex   -1.565207e+02 1.110541e+02 1.802063e+02
      vertex   -1.565207e+02 1.110167e+02 1.805503e+02
    endloop
  endfacet
  facet normal 0.000000e+00 9.941380e-01 -1.081190e-01
    outer loop
      vertex   -1.520207e+02 1.110167e+02 1.805503e+02
      vertex   -1.565207e+02 1.110167e+02 1.805503e+02
      vertex   -1.520207e+02 1.110541e+02 1.808942e+02
    endloop
  endfacet
  facet normal 0.000000e+00 9.941380e-01 -1.081190e-01
    outer loop
      vertex   -1.520207e+02 1.110541e+02 1.808942e+02
      vertex   -1.565207e+02 1.110167e+02 1.805503e+02
      vertex   -1.565207e+02 1.110541e+02 1.808942e+02
    endloop
  endfacet
  facet normal 0.000000e+00 9.476532e-01 -3.193015e-01
    outer loop
      vertex   -1.520207e+02 1.110541e+02 1.808942e+02
      vertex   -1.565207e+02 1.110541e+02 1.808942e+02
      vertex   -1.520207e+02 1.111646e+02 1.812221e+02
    endloop
  endfacet
  facet normal 0.000000e+00 9.476532e-01 -3.193015e-01
    outer loop
      vertex   -1.520207e+02 1.111646e+02 1.812221e+02
      vertex   -1.565207e+02 1.110541e+02 1.808942e+02
      vertex   -1.565207e+02 1.111646e+02 1.812221e+02
    endloop
  endfacet
  facet normal 0.000000e+00 8.568572e-01 -5.155539e-01
    outer loop
      vertex   -1.520207e+02 1.111646e+02 1.812221e+02
      vertex   -1.565207e+02 1.111646e+02 1.812221e+02
      vertex   -1.520207e+02 1.113429e+02 1.815186e+02
    endloop
  endfacet
  facet normal 0.000000e+00 8.568572e-01 -5.155539e-01
    outer loop
      vertex   -1.520207e+02 1.113429e+02 1.815186e+02
      vertex   -1.565207e+02 1.111646e+02 1.812221e+02
      vertex   -1.565207e+02 1.113429e+02 1.815186e+02
    endloop
  endfacet
  facet normal 0.000000e+00 7.259955e-01 -6.876995e-01
    outer loop
      vertex   -1.520207e+02 1.113429e+02 1.815186e+02
      vertex   -1.565207e+02 1.113429e+02 1.815186e+02
      vertex   -1.520207e+02 1.115809e+02 1.817697e+02
    endloop
  endfacet
  facet normal 0.000000e+00 7.259955e-01 -6.876995e-01
    outer loop
      vertex   -1.520207e+02 1.115809e+02 1.817697e+02
      vertex   -1.565207e+02 1.113429e+02 1.815186e+02
      vertex   -1.565207e+02 1.115809e+02 1.817697e+02
    endloop
  endfacet
  facet normal 0.000000e+00 5.611871e-01 -8.276890e-01
    outer loop
      vertex   -1.520207e+02 1.115809e+02 1.817697e+02
      vertex   -1.565207e+02 1.115809e+02 1.817697e+02
      vertex   -1.520207e+02 1.118672e+02 1.819639e+02
    endloop
  endfacet
  facet normal 0.000000e+00 5.611871e-01 -8.276890e-01
    outer loop
      vertex   -1.520207e+02 1.118672e+02 1.819639e+02
      vertex   -1.565207e+02 1.115809e+02 1.817697e+02
      vertex   -1.565207e+02 1.118672e+02 1.819639e+02
    endloop
  endfacet
  facet normal 0.000000e+00 3.701382e-01 -9.289767e-01
    outer loop
      vertex   -1.520207e+02 1.118672e+02 1.819639e+02
      vertex   -1.565207e+02 1.118672e+02 1.819639e+02
      vertex   -1.520207e+02 1.121886e+02 1.820920e+02
    endloop
  endfacet
  facet normal 0.000000e+00 3.701382e-01 -9.289767e-01
    outer loop
      vertex   -1.520207e+02 1.121886e+02 1.820920e+02
      vertex   -1.565207e+02 1.118672e+02 1.819639e+02
      vertex   -1.565207e+02 1.121886e+02 1.820920e+02
    endloop
  endfacet
  facet normal 0.000000e+00 1.617820e-01 -9.868265e-01
    outer loop
      vertex   -1.520207e+02 1.121886e+02 1.820920e+02
      vertex   -1.565207e+02 1.121886e+02 1.820920e+02
      vertex   -1.520207e+02 1.125301e+02 1.821479e+02
    endloop
  endfacet
  facet normal 0.000000e+00 1.617820e-01 -9.868265e-01
    outer loop
      vertex   -1.520207e+02 1.125301e+02 1.821479e+02
      vertex   -1.565207e+02 1.121886e+02 1.820920e+02
      vertex   -1.565207e+02 1.125301e+02 1.821479e+02
    endloop
  endfacet
  facet normal -0.000000e+00 -5.413891e-02 -9.985334e-01
    outer loop
      vertex   -1.520207e+02 1.125301e+02 1.821479e+02
      vertex   -1.565207e+02 1.125301e+02 1.821479e+02
      vertex   -1.520207e+02 1.128755e+02 1.821292e+02
    endloop
  endfacet
  facet normal -0.000000e+00 -5.413891e-02 -9.985334e-01
    outer loop
      vertex   -1.520207e+02 1.128755e+02 1.821292e+02
      vertex   -1.565207e+02 1.125301e+02 1.821479e+02
      vertex   -1.565207e+02 1.128755e+02 1.821292e+02
    endloop
  endfacet
  facet normal -0.000000e+00 -2.675283e-01 -9.635500e-01
    outer loop
      vertex   -1.520207e+02 1.128755e+02 1.821292e+02
      vertex   -1.565207e+02 1.128755e+02 1.821292e+02
      vertex   -1.520207e+02 1.132089e+02 1.820366e+02
    endloop
  endfacet
  facet normal -0.000000e+00 -2.675283e-01 -9.635500e-01
    outer loop
      vertex   -1.520207e+02 1.132089e+02 1.820366e+02
      vertex   -1.565207e+02 1.128755e+02 1.821292e+02
      vertex   -1.565207e+02 1.132089e+02 1.820366e+02
    endloop
  endfacet
  facet normal -0.000000e+00 -4.684084e-01 -8.835120e-01
    outer loop
      vertex   -1.520207e+02 1.132089e+02 1.820366e+02
      vertex   -1.565207e+02 1.132089e+02 1.820366e+02
      vertex   -1.520207e+02 1.135146e+02 1.818746e+02
    endloop
  endfacet
  facet normal -0.000000e+00 -4.684084e-01 -8.835120e-01
    outer loop
      vertex   -1.520207e+02 1.135146e+02 1.818746e+02
      vertex   -1.565207e+02 1.132089e+02 1.820366e+02
      vertex   -1.565207e+02 1.135146e+02 1.818746e+02
    endloop
  endfacet
  facet normal -0.000000e+00 -6.473863e-01 -7.621621e-01
    outer loop
      vertex   -1.520207e+02 1.135146e+02 1.818746e+02
      vertex   -1.565207e+02 1.135146e+02 1.818746e+02
      vertex   -1.520207e+02 1.137783e+02 1.816506e+02
    endloop
  endfacet
  facet normal -0.000000e+00 -6.473863e-01 -7.621621e-01
    outer loop
      vertex   -1.520207e+02 1.137783e+02 1.816506e+02
      vertex   -1.565207e+02 1.135146e+02 1.818746e+02
      vertex   -1.565207e+02 1.137783e+02 1.816506e+02
    endloop
  endfacet
  facet normal -0.000000e+00 -7.960931e-01 -6.051742e-01
    outer loop
      vertex   -1.520207e+02 1.137783e+02 1.816506e+02
      vertex   -1.565207e+02 1.137783e+02 1.816506e+02
      vertex   -1.520207e+02 1.139877e+02 1.813752e+02
    endloop
  endfacet
  facet normal -0.000000e+00 -7.960931e-01 -6.051742e-01
    outer loop
      vertex   -1.520207e+02 1.139877e+02 1.813752e+02
      vertex   -1.565207e+02 1.137783e+02 1.816506e+02
      vertex   -1.565207e+02 1.139877e+02 1.813752e+02
    endloop
  endfacet
  facet normal -0.000000e+00 -9.075754e-01 -4.198891e-01
    outer loop
      vertex   -1.520207e+02 1.139877e+02 1.813752e+02
      vertex   -1.565207e+02 1.139877e+02 1.813752e+02
      vertex   -1.520207e+02 1.141329e+02 1.810612e+02
    endloop
  endfacet
  facet normal -0.000000e+00 -9.075754e-01 -4.198891e-01
    outer loop
      vertex   -1.520207e+02 1.141329e+02 1.810612e+02
      vertex   -1.565207e+02 1.139877e+02 1.813752e+02
      vertex   -1.565207e+02 1.141329e+02 1.810612e+02
    endloop
  endfacet
  facet normal -0.000000e+00 -9.766206e-01 -2.149704e-01
    outer loop
      vertex   -1.520207e+02 1.141329e+02 1.810612e+02
      vertex   -1.565207e+02 1.141329e+02 1.810612e+02
      vertex   -1.520207e+02 1.142073e+02 1.807233e+02
    endloop
  endfacet
  facet normal -0.000000e+00 -9.766206e-01 -2.149704e-01
    outer loop
      vertex   -1.520207e+02 1.142073e+02 1.807233e+02
      vertex   -1.565207e+02 1.141329e+02 1.810612e+02
      vertex   -1.565207e+02 1.142073e+02 1.807233e+02
    endloop
  endfacet
  facet normal -0.000000e+00 -1.000000e+00 -0.000000e+00
    outer loop
      vertex   -1.520207e+02 1.142073e+02 1.807233e+02
      vertex   -1.565207e+02 1.142073e+02 1.807233e+02
      vertex   -1.520207e+02 1.142073e+02 1.803773e+02
    endloop
  endfacet
  facet normal 0.000000e+00 -1.000000e+00 0.000000e+00
    outer loop
      vertex   -1.520207e+02 1.142073e+02 1.803773e+02
      vertex   -1.565207e+02 1.142073e+02 1.807233e+02
      vertex   -1.565207e+02 1.142073e+02 1.803773e+02
    endloop
  endfacet
  facet normal 0.000000e+00 -9.766206e-01 2.149704e-01
    outer loop
      vertex   -1.520207e+02 1.142073e+02 1.803773e+02
      vertex   -1.565207e+02 1.142073e+02 1.803773e+02
      vertex   -1.520207e+02 1.141329e+02 1.800394e+02
    endloop
  endfacet
  facet normal 0.000000e+00 -9.766206e-01 2.149704e-01
    outer loop
      vertex   -1.520207e+02 1.141329e+02 1.800394e+02
      vertex   -1.565207e+02 1.142073e+02 1.803773e+02
      vertex   -1.565207e+02 1.141329e+02 1.800394e+02
    endloop
  endfacet
  facet normal 0.000000e+00 -9.075754e-01 4.198891e-01
    outer loop
      vertex   -1.520207e+02 1.141329e+02 1.800394e+02
      vertex   -1.565207e+02 1.141329e+02 1.800394e+02
      vertex   -1.520207e+02 1.139877e+02 1.797254e+02
    endloop
  endfacet
  facet normal 0.000000e+00 -9.075754e-01 4.198891e-01
    outer loop
      vertex   -1.520207e+02 1.139877e+02 1.797254e+02
      vertex   -1.565207e+02 1.141329e+02 1.800394e+02
      vertex   -1.565207e+02 1.139877e+02 1.797254e+02
    endloop
  endfacet
  facet normal 0.000000e+00 -7.960931e-01 6.051742e-01
    outer loop
      vertex   -1.520207e+02 1.139877e+02 1.797254e+02
      vertex   -1.565207e+02 1.139877e+02 1.797254e+02
      vertex   -1.520207e+02 1.137783e+02 1.794500e+02
    endloop
  endfacet
  facet normal 0.000000e+00 -7.960931e-01 6.051742e-01
    outer loop
      vertex   -1.520207e+02 1.137783e+02 1.794500e+02
      vertex   -1.565207e+02 1.139877e+02 1.797254e+02
      vertex   -1.565207e+02 1.137783e+02 1.794500e+02
    endloop
  endfacet
  facet normal 0.000000e+00 -6.473863e-01 7.621621e-01
    outer loop
      vertex   -1.520207e+02 1.137783e+02 1.794500e+02
      vertex   -1.565207e+02 1.137783e+02 1.794500e+02
      vertex   -1.520207e+02 1.135146e+02 1.792260e+02
    endloop
  endfacet
  facet normal 0.000000e+00 -6.473863e-01 7.621621e-01
    outer loop
      vertex   -1.520207e+02 1.135146e+02 1.792260e+02
      vertex   -1.565207e+02 1.137783e+02 1.794500e+02
      vertex   -1.565207e+02 1.135146e+02 1.792260e+02
    endloop
  endfacet
  facet normal 0.000000e+00 -4.684084e-01 8.835120e-01
    outer loop
      vertex   -1.520207e+02 1.135146e+02 1.792260e+02
      vertex   -1.565207e+02 1.135146e+02 1.792260e+02
      vertex   -1.520207e+02 1.132089e+02 1.790639e+02
    endloop
  endfacet
  facet normal 0.000000e+00 -4.684084e-01 8.835120e-01
    outer loop
      vertex   -1.520207e+02 1.132089e+02 1.790639e+02
      vertex   -1.565207e+02 1.135146e+02 1.792260e+02
      vertex   -1.565207e+02 1.132089e+02 1.790639e+02
    endloop
  endfacet
  facet normal 0.000000e+00 -2.675283e-01 9.635500e-01
    outer loop
      vertex   -1.520207e+02 1.132089e+02 1.790639e+02
      vertex   -1.565207e+02 1.132089e+02 1.790639e+02
      vertex   -1.520207e+02 1.128755e+02 1.789714e+02
    endloop
  endfacet
  facet normal 0.000000e+00 -2.675283e-01 9.635500e-01
    outer loop
      vertex   -1.520207e+02 1.128755e+02 1.789714e+02
      vertex   -1.565207e+02 1.132089e+02 1.790639e+02
      vertex   -1.565207e+02 1.128755e+02 1.789714e+02
    endloop
  endfacet
  facet normal 0.000000e+00 -5.413891e-02 9.985334e-01
    outer loop
      vertex   -1.520207e+02 1.128755e+02 1.789714e+02
      vertex   -1.565207e+02 1.128755e+02 1.789714e+02
      vertex   -1.520207e+02 1.125301e+02 1.789526e+02
    endloop
  endfacet
  facet normal 0.000000e+00 -5.413891e-02 9.985334e-01
    outer loop
      vertex   -1.520207e+02 1.125301e+02 1.789526e+02
      vertex   -1.565207e+02 1.128755e+02 1.789714e+02
      vertex   -1.565207e+02 1.125301e+02 1.789526e+02
    endloop
  endfacet
  facet normal 0.000000e+00 1.617820e-01 9.868265e-01
    outer loop
      vertex   -1.520207e+02 1.125301e+02 1.789526e+02
      vertex   -1.565207e+02 1.125301e+02 1.789526e+02
      vertex   -1.520207e+02 1.121886e+02 1.790086e+02
    endloop
  endfacet
  facet normal 0.000000e+00 1.617820e-01 9.868265e-01
    outer loop
      vertex   -1.520207e+02 1.121886e+02 1.790086e+02
      vertex   -1.565207e+02 1.125301e+02 1.789526e+02
      vertex   -1.565207e+02 1.121886e+02 1.790086e+02
    endloop
  endfacet
  facet normal 0.000000e+00 3.701382e-01 9.289767e-01
    outer loop
      vertex   -1.520207e+02 1.121886e+02 1.790086e+02
      vertex   -1.565207e+02 1.121886e+02 1.790086e+02
      vertex   -1.520207e+02 1.118672e+02 1.791367e+02
    endloop
  endfacet
  facet normal 0.000000e+00 3.701382e-01 9.289767e-01
    outer loop
      vertex   -1.520207e+02 1.118672e+02 1.791367e+02
      vertex   -1.565207e+02 1.121886e+02 1.790086e+02
      vertex   -1.565207e+02 1.118672e+02 1.791367e+02
    endloop
  endfacet
  facet normal 0.000000e+00 5.611871e-01 8.276890e-01
    outer loop
      vertex   -1.520207e+02 1.118672e+02 1.791367e+02
      vertex   -1.565207e+02 1.118672e+02 1.791367e+02
      vertex   -1.520207e+02 1.115809e+02 1.793308e+02
    endloop
  endfacet
  facet normal 0.000000e+00 5.611871e-01 8.276890e-01
    outer loop
      vertex   -1.520207e+02 1.115809e+02 1.793308e+02
      vertex   -1.565207e+02 1.118672e+02 1.791367e+02
      vertex   -1.565207e+02 1.115809e+02 1.793308e+02
    endloop
  endfacet
  facet normal 0.000000e+00 7.259955e-01 6.876995e-01
    outer loop
      vertex   -1.520207e+02 1.115809e+02 1.793308e+02
      vertex   -1.565207e+02 1.115809e+02 1.793308e+02
      vertex   -1.520207e+02 1.113429e+02 1.795820e+02
    endloop
  endfacet
  facet normal 0.000000e+00 7.259955e-01 6.876995e-01
    outer loop
      vertex   -1.520207e+02 1.113429e+02 1.795820e+02
      vertex   -1.565207e+02 1.115809e+02 1.793308e+02
      vertex   -1.565207e+02 1.113429e+02 1.795820e+02
    endloop
  endfacet
  facet normal 0.000000e+00 8.568572e-01 5.155539e-01
    outer loop
      vertex   -1.520207e+02 1.113429e+02 1.795820e+02
      vertex   -1.565207e+02 1.113429e+02 1.795820e+02
      vertex   -1.520207e+02 1.111646e+02 1.798785e+02
    endloop
  endfacet
  facet normal 0.000000e+00 8.568572e-01 5.155539e-01
    outer loop
      vertex   -1.520207e+02 1.111646e+02 1.798785e+02
      vertex   -1.565207e+02 1.113429e+02 1.795820e+02
      vertex   -1.565207e+02 1.111646e+02 1.798785e+02
    endloop
  endfacet
  facet normal 0.000000e+00 9.476532e-01 3.193015e-01
    outer loop
      vertex   -1.520207e+02 1.111646e+02 1.798785e+02
      vertex   -1.565207e+02 1.111646e+02 1.798785e+02
      vertex   -1.520207e+02 1.110541e+02 1.802063e+02
    endloop
  endfacet
  facet normal 0.000000e+00 9.476532e-01 3.193015e-01
    outer loop
      vertex   -1.520207e+02 1.110541e+02 1.802063e+02
      vertex   -1.565207e+02 1.111646e+02 1.798785e+02
      vertex   -1.565207e+02 1.110541e+02 1.802063e+02
    endloop
  endfacet
  facet normal 0.000000e+00 9.941380e-01 1.081190e-01
    outer loop
      vertex   -1.520207e+02 1.177541e+02 1.802063e+02
      vertex   -1.565207e+02 1.177541e+02 1.802063e+02
      vertex   -1.520207e+02 1.177167e+02 1.805503e+02
    endloop
  endfacet
  facet normal 0.000000e+00 9.941380e-01 1.081190e-01
    outer loop
      vertex   -1.520207e+02 1.177167e+02 1.805503e+02
      vertex   -1.565207e+02 1.177541e+02 1.802063e+02
      vertex   -1.565207e+02 1.177167e+02 1.805503e+02
    endloop
  endfacet
  facet normal 0.000000e+00 9.941380e-01 -1.081190e-01
    outer loop
      vertex   -1.520207e+02 1.177167e+02 1.805503e+02
      vertex   -1.565207e+02 1.177167e+02 1.805503e+02
      vertex   -1.520207e+02 1.177541e+02 1.808942e+02
    endloop
  endfacet
  facet normal 0.000000e+00 9.941380e-01 -1.081190e-01
    outer loop
      vertex   -1.520207e+02 1.177541e+02 1.808942e+02
      vertex   -1.565207e+02 1.177167e+02 1.805503e+02
      vertex   -1.565207e+02 1.177541e+02 1.808942e+02
    endloop
  endfacet
  facet normal 0.000000e+00 9.476532e-01 -3.193015e-01
    outer loop
      vertex   -1.520207e+02 1.177541e+02 1.808942e+02
      vertex   -1.565207e+02 1.177541e+02 1.808942e+02
      vertex   -1.520207e+02 1.178646e+02 1.812221e+02
    endloop
  endfacet
  facet normal 0.000000e+00 9.476532e-01 -3.193015e-01
    outer loop
      vertex   -1.520207e+02 1.178646e+02 1.812221e+02
      vertex   -1.565207e+02 1.177541e+02 1.808942e+02
      vertex   -1.565207e+02 1.178646e+02 1.812221e+02
    endloop
  endfacet
  facet normal 0.000000e+00 8.568572e-01 -5.155539e-01
    outer loop
      vertex   -1.520207e+02 1.178646e+02 1.812221e+02
      vertex   -1.565207e+02 1.178646e+02 1.812221e+02
      vertex   -1.520207e+02 1.180429e+02 1.815186e+02
    endloop
  endfacet
  facet normal 0.000000e+00 8.568572e-01 -5.155539e-01
    outer loop
      vertex   -1.520207e+02 1.180429e+02 1.815186e+02
      vertex   -1.565207e+02 1.178646e+02 1.812221e+02
      vertex   -1.565207e+02 1.180429e+02 1.815186e+02
    endloop
  endfacet
  facet normal 0.000000e+00 7.259955e-01 -6.876995e-01
    outer loop
      vertex   -1.520207e+02 1.180429e+02 1.815186e+02
      vertex   -1.565207e+02 1.180429e+02 1.815186e+02
      vertex   -1.520207e+02 1.182809e+02 1.817697e+02
    endloop
  endfacet
  facet normal 0.000000e+00 7.259955e-01 -6.876995e-01
    outer loop
      vertex   -1.520207e+02 1.182809e+02 1.817697e+02
      vertex   -1.565207e+02 1.180429e+02 1.815186e+02
      vertex   -1.565207e+02 1.182809e+02 1.817697e+02
    endloop
  endfacet
  facet normal 0.000000e+00 5.611871e-01 -8.276890e-01
    outer loop
      vertex   -1.520207e+02 1.182809e+02 1.817697e+02
      vertex   -1.565207e+02 1.182809e+02 1.817697e+02
      vertex   -1.520207e+02 1.185672e+02 1.819639e+02
    endloop
  endfacet
  facet normal 0.000000e+00 5.611871e-01 -8.276890e-01
    outer loop
      vertex   -1.520207e+02 1.185672e+02 1.819639e+02
      vertex   -1.565207e+02 1.182809e+02 1.817697e+02
      vertex   -1.565207e+02 1.185672e+02 1.819639e+02
    endloop
  endfacet
  facet normal 0.000000e+00 3.701382e-01 -9.289767e-01
    outer loop
      vertex   -1.520207e+02 1.185672e+02 1.819639e+02
      vertex   -1.565207e+02 1.185672e+02 1.819639e+02
      vertex   -1.520207e+02 1.188886e+02 1.820920e+02
    endloop
  endfacet
  facet normal 0.000000e+00 3.701382e-01 -9.289767e-01
    outer loop
      vertex   -1.520207e+02 1.188886e+02 1.820920e+02
      vertex   -1.565207e+02 1.185672e+02 1.819639e+02
      vertex   -1.565207e+02 1.188886e+02 1.820920e+02
    endloop
  endfacet
  facet normal 0.000000e+00 1.617820e-01 -9.868265e-01
    outer loop
      vertex   -1.520207e+02 1.188886e+02 1.820920e+02
      vertex   -1.565207e+02 1.188886e+02 1.820920e+02
      vertex   -1.520207e+02 1.192301e+02 1.821479e+02
    endloop
  endfacet
  facet normal 0.000000e+00 1.617820e-01 -9.868265e-01
    outer loop
      vertex   -1.520207e+02 1.192301e+02 1.821479e+02
      vertex   -1.565207e+02 1.188886e+02 1.820920e+02
      vertex   -1.565207e+02 1.192301e+02 1.821479e+02
    endloop
  endfacet
  facet normal -0.000000e+00 -5.413891e-02 -9.985334e-01
    outer loop
      vertex   -1.520207e+02 1.192301e+02 1.821479e+02
      vertex   -1.565207e+02 1.192301e+02 1.821479e+02
      vertex   -1.520207e+02 1.195755e+02 1.821292e+02
    endloop
  endfacet
  facet normal -0.000000e+00 -5.413891e-02 -9.985334e-01
    outer loop
      vertex   -1.520207e+02 1.195755e+02 1.821292e+02
      vertex   -1.565207e+02 1.192301e+02 1.821479e+02
      vertex   -1.565207e+02 1.195755e+02 1.821292e+02
    endloop
  endfacet
  facet normal -0.000000e+00 -2.675283e-01 -9.635500e-01
    outer loop
      vertex   -1.520207e+02 1.195755e+02 1.821292e+02
      vertex   -1.565207e+02 1.195755e+02 1.821292e+02
      vertex   -1.520207e+02 1.199089e+02 1.820366e+02
    endloop
  endfacet
  facet normal -0.000000e+00 -2.675283e-01 -9.635500e-01
    outer loop
      vertex   -1.520207e+02 1.199089e+02 1.820366e+02
      vertex   -1.565207e+02 1.195755e+02 1.821292e+02
      vertex   -1.565207e+02 1.199089e+02 1.820366e+02
    endloop
  endfacet
  facet normal -0.000000e+00 -4.684084e-01 -8.835120e-01
    outer loop
      vertex   -1.520207e+02 1.199089e+02 1.820366e+02
      vertex   -1.565207e+02 1.199089e+02 1.820366e+02
      vertex   -1.520207e+02 1.202146e+02 1.818746e+02
    endloop
  endfacet
  facet normal -0.000000e+00 -4.684084e-01 -8.835120e-01
    outer loop
      vertex   -1.520207e+02 1.202146e+02 1.818746e+02
      vertex   -1.565207e+02 1.199089e+02 1.820366e+02
      vertex   -1.565207e+02 1.202146e+02 1.818746e+02
    endloop
  endfacet
  facet normal -0.000000e+00 -6.473863e-01 -7.621621e-01
    outer loop
      vertex   -1.520207e+02 1.202146e+02 1.818746e+02
      vertex   -1.565207e+02 1.202146e+02 1.818746e+02
      vertex   -1.520207e+02 1.204783e+02 1.816506e+02
    endloop
  endfacet
  facet normal -0.000000e+00 -6.473863e-01 -7.621621e-01
    outer loop
      vertex   -1.520207e+02 1.204783e+02 1.816506e+02
      vertex   -1.565207e+02 1.202146e+02 1.818746e+02
      vertex   -1.565207e+02 1.204783e+02 1.816506e+02
    endloop
  endfacet
  facet normal -0.000000e+00 -7.960931e-01 -6.051742e-01
    outer loop
      vertex   -1.520207e+02 1.204783e+02 1.816506e+02
      vertex   -1.565207e+02 1.204783e+02 1.816506e+02
      vertex   -1.520207e+02 1.206877e+02 1.813752e+02
    endloop
  endfacet
  facet normal -0.000000e+00 -7.960931e-01 -6.051742e-01
    outer loop
      vertex   -1.520207e+02 1.206877e+02 1.813752e+02
      vertex   -1.565207e+02 1.204783e+02 1.816506e+02
      vertex   -1.565207e+02 1.206877e+02 1.813752e+02
    endloop
  endfacet
  facet normal -0.000000e+00 -9.075754e-01 -4.198891e-01
    outer loop
      vertex   -1.520207e+02 1.206877e+02 1.813752e+02
      vertex   -1.565207e+02 1.206877e+02 1.813752e+02
      vertex   -1.520207e+02 1.208329e+02 1.810612e+02
    endloop
  endfacet
  facet normal -0.000000e+00 -9.075754e-01 -4.198891e-01
    outer loop
      vertex   -1.520207e+02 1.208329e+02 1.810612e+02
      vertex   -1.565207e+02 1.206877e+02 1.813752e+02
      vertex   -1.565207e+02 1.208329e+02 1.810612e+02
    endloop
  endfacet
  facet normal -0.000000e+00 -9.766206e-01 -2.149704e-01
    outer loop
      vertex   -1.520207e+02 1.208329e+02 1.810612e+02
      vertex   -1.565207e+02 1.208329e+02 1.810612e+02
      vertex   -1.520207e+02 1.209073e+02 1.807233e+02
    endloop
  endfacet
  facet normal -0.000000e+00 -9.766206e-01 -2.149704e-01
    outer loop
      vertex   -1.520207e+02 1.209073e+02 1.807233e+02
      vertex   -1.565207e+02 1.208329e+02 1.810612e+02
      vertex   -1.565207e+02 1.209073e+02 1.807233e+02
    endloop
  endfacet
  facet normal -0.000000e+00 -1.000000e+00 -0.000000e+00
    outer loop
      vertex   -1.520207e+02 1.209073e+02 1.807233e+02
      vertex   -1.565207e+02 1.209073e+02 1.807233e+02
      vertex   -1.520207e+02 1.209073e+02 1.803773e+02
    endloop
  endfacet
  facet normal 0.000000e+00 -1.000000e+00 0.000000e+00
    outer loop
      vertex   -1.520207e+02 1.209073e+02 1.803773e+02
      vertex   -1.565207e+02 1.209073e+02 1.807233e+02
      vertex   -1.565207e+02 1.209073e+02 1.803773e+02
    endloop
  endfacet
  facet normal 0.000000e+00 -9.766206e-01 2.149704e-01
    outer loop
      vertex   -1.520207e+02 1.209073e+02 1.803773e+02
      vertex   -1.565207e+02 1.209073e+02 1.803773e+02
      vertex   -1.520207e+02 1.208329e+02 1.800394e+02
    endloop
  endfacet
  facet normal 0.000000e+00 -9.766206e-01 2.149704e-01
    outer loop
      vertex   -1.520207e+02 1.208329e+02 1.800394e+02
      vertex   -1.565207e+02 1.209073e+02 1.803773e+02
      vertex   -1.565207e+02 1.208329e+02 1.800394e+02
    endloop
  endfacet
  facet normal 0.000000e+00 -9.075754e-01 4.198891e-01
    outer loop
      vertex   -1.520207e+02 1.208329e+02 1.800394e+02
      vertex   -1.565207e+02 1.208329e+02 1.800394e+02
      vertex   -1.520207e+02 1.206877e+02 1.797254e+02
    endloop
  endfacet
  facet normal 0.000000e+00 -9.075754e-01 4.198891e-01
    outer loop
      vertex   -1.520207e+02 1.206877e+02 1.797254e+02
      vertex   -1.565207e+02 1.208329e+02 1.800394e+02
      vertex   -1.565207e+02 1.206877e+02 1.797254e+02
    endloop
  endfacet
  facet normal 0.000000e+00 -7.960931e-01 6.051742e-01
    outer loop
      vertex   -1.520207e+02 1.206877e+02 1.797254e+02
      vertex   -1.565207e+02 1.206877e+02 1.797254e+02
      vertex   -1.520207e+02 1.204783e+02 1.794500e+02
    endloop
  endfacet
  facet normal 0.000000e+00 -7.960931e-01 6.051742e-01
    outer loop
      vertex   -1.520207e+02 1.204783e+02 1.794500e+02
      vertex   -1.565207e+02 1.206877e+02 1.797254e+02
      vertex   -1.565207e+02 1.204783e+02 1.794500e+02
    endloop
  endfacet
  facet normal 0.000000e+00 -6.473863e-01 7.621621e-01
    outer loop
      vertex   -1.520207e+02 1.204783e+02 1.794500e+02
      vertex   -1.565207e+02 1.204783e+02 1.794500e+02
      vertex   -1.520207e+02 1.202146e+02 1.792260e+02
    endloop
  endfacet
  facet normal 0.000000e+00 -6.473863e-01 7.621621e-01
    outer loop
      vertex   -1.520207e+02 1.202146e+02 1.792260e+02
      vertex   -1.565207e+02 1.204783e+02 1.794500e+02
      vertex   -1.565207e+02 1.202146e+02 1.792260e+02
    endloop
  endfacet
  facet normal 0.000000e+00 -4.684084e-01 8.835120e-01
    outer loop
      vertex   -1.520207e+02 1.202146e+02 1.792260e+02
      vertex   -1.565207e+02 1.202146e+02 1.792260e+02
      vertex   -1.520207e+02 1.199089e+02 1.790639e+02
    endloop
  endfacet
  facet normal 0.000000e+00 -4.684084e-01 8.835120e-01
    outer loop
      vertex   -1.520207e+02 1.199089e+02 1.790639e+02
      vertex   -1.565207e+02 1.202146e+02 1.792260e+02
      vertex   -1.565207e+02 1.199089e+02 1.790639e+02
    endloop
  endfacet
  facet normal 0.000000e+00 -2.675283e-01 9.635500e-01
    outer loop
      vertex   -1.520207e+02 1.199089e+02 1.790639e+02
      vertex   -1.565207e+02 1.199089e+02 1.790639e+02
      vertex   -1.520207e+02 1.195755e+02 1.789714e+02
    endloop
  endfacet
  facet normal 0.000000e+00 -2.675283e-01 9.635500e-01
    outer loop
      vertex   -1.520207e+02 1.195755e+02 1.789714e+02
      vertex   -1.565207e+02 1.199089e+02 1.790639e+02
      vertex   -1.565207e+02 1.195755e+02 1.789714e+02
    endloop
  endfacet
  facet normal 0.000000e+00 -5.413891e-02 9.985334e-01
    outer loop
      vertex   -1.520207e+02 1.195755e+02 1.789714e+02
      vertex   -1.565207e+02 1.195755e+02 1.789714e+02
      vertex   -1.520207e+02 1.192301e+02 1.789526e+02
    endloop
  endfacet
  facet normal 0.000000e+00 -5.413891e-02 9.985334e-01
    outer loop
      vertex   -1.520207e+02 1.192301e+02 1.789526e+02
      vertex   -1.565207e+02 1.195755e+02 1.789714e+02
      vertex   -1.565207e+02 1.192301e+02 1.789526e+02
    endloop
  endfacet
  facet normal 0.000000e+00 1.617820e-01 9.868265e-01
    outer loop
      vertex   -1.520207e+02 1.192301e+02 1.789526e+02
      vertex   -1.565207e+02 1.192301e+02 1.789526e+02
      vertex   -1.520207e+02 1.188886e+02 1.790086e+02
    endloop
  endfacet
  facet normal 0.000000e+00 1.617820e-01 9.868265e-01
    outer loop
      vertex   -1.520207e+02 1.188886e+02 1.790086e+02
      vertex   -1.565207e+02 1.192301e+02 1.789526e+02
      vertex   -1.565207e+02 1.188886e+02 1.790086e+02
    endloop
  endfacet
  facet normal 0.000000e+00 3.701382e-01 9.289767e-01
    outer loop
      vertex   -1.520207e+02 1.188886e+02 1.790086e+02
      vertex   -1.565207e+02 1.188886e+02 1.790086e+02
      vertex   -1.520207e+02 1.185672e+02 1.791367e+02
    endloop
  endfacet
  facet normal 0.000000e+00 3.701382e-01 9.289767e-01
    outer loop
      vertex   -1.520207e+02 1.185672e+02 1.791367e+02
      vertex   -1.565207e+02 1.188886e+02 1.790086e+02
      vertex   -1.565207e+02 1.185672e+02 1.791367e+02
    endloop
  endfacet
  facet normal 0.000000e+00 5.611871e-01 8.276890e-01
    outer loop
      vertex   -1.520207e+02 1.185672e+02 1.791367e+02
      vertex   -1.565207e+02 1.185672e+02 1.791367e+02
      vertex   -1.520207e+02 1.182809e+02 1.793308e+02
    endloop
  endfacet
  facet normal 0.000000e+00 5.611871e-01 8.276890e-01
    outer loop
      vertex   -1.520207e+02 1.182809e+02 1.793308e+02
      vertex   -1.565207e+02 1.185672e+02 1.791367e+02
      vertex   -1.565207e+02 1.182809e+02 1.793308e+02
    endloop
  endfacet
  facet normal 0.000000e+00 7.259955e-01 6.876995e-01
    outer loop
      vertex   -1.520207e+02 1.182809e+02 1.793308e+02
      vertex   -1.565207e+02 1.182809e+02 1.793308e+02
      vertex   -1.520207e+02 1.180429e+02 1.795820e+02
    endloop
  endfacet
  facet normal 0.000000e+00 7.259955e-01 6.876995e-01
    outer loop
      vertex   -1.520207e+02 1.180429e+02 1.795820e+02
      vertex   -1.565207e+02 1.182809e+02 1.793308e+02
      vertex   -1.565207e+02 1.180429e+02 1.795820e+02
    endloop
  endfacet
  facet normal 0.000000e+00 8.568572e-01 5.155539e-01
    outer loop
      vertex   -1.520207e+02 1.180429e+02 1.795820e+02
      vertex   -1.565207e+02 1.180429e+02 1.795820e+02
      vertex   -1.520207e+02 1.178646e+02 1.798785e+02
    endloop
  endfacet
  facet normal 0.000000e+00 8.568572e-01 5.155539e-01
    outer loop
      vertex   -1.520207e+02 1.178646e+02 1.798785e+02
      vertex   -1.565207e+02 1.180429e+02 1.795820e+02
      vertex   -1.565207e+02 1.178646e+02 1.798785e+02
    endloop
  endfacet
  facet normal 0.000000e+00 9.476532e-01 3.193015e-01
    outer loop
      vertex   -1.520207e+02 1.178646e+02 1.798785e+02
      vertex   -1.565207e+02 1.178646e+02 1.798785e+02
      vertex   -1.520207e+02 1.177541e+02 1.802063e+02
    endloop
  endfacet
  facet normal 0.000000e+00 9.476532e-01 3.193015e-01
    outer loop
      vertex   -1.520207e+02 1.177541e+02 1.802063e+02
      vertex   -1.565207e+02 1.178646e+02 1.798785e+02
      vertex   -1.565207e+02 1.177541e+02 1.802063e+02
    endloop
  endfacet
  facet normal -1.000000e+00 -1.808124e-15 1.896087e-16
    outer loop
      vertex   -1.545207e+02 1.080775e+02 1.859475e+02
      vertex   -1.545207e+02 1.120626e+02 2.239503e+02
      vertex   -1.545207e+02 1.237964e+02 1.859475e+02
    endloop
  endfacet
  facet normal -1.000000e+00 0.000000e+00 7.478845e-16
    outer loop
      vertex   -1.545207e+02 1.237964e+02 1.859475e+02
      vertex   -1.545207e+02 1.120626e+02 2.239503e+02
      vertex   -1.545207e+02 1.198604e+02 2.239503e+02
    endloop
  endfacet
  facet normal -2.977063e-14 0.000000e+00 1.000000e+00
    outer loop
      vertex   -1.500207e+02 1.109194e+02 2.130484e+02
      vertex   -1.481113e+02 1.157828e+02 2.130484e+02
      vertex   -1.500207e+02 1.209895e+02 2.130484e+02
    endloop
  endfacet
  facet normal -2.977063e-14 0.000000e+00 1.000000e+00
    outer loop
      vertex   -1.500207e+02 1.209895e+02 2.130484e+02
      vertex   -1.481113e+02 1.157828e+02 2.130484e+02
      vertex   -1.481113e+02 1.161287e+02 2.130484e+02
    endloop
  endfacet
  facet normal -1.907937e-14 4.199687e-15 1.000000e+00
    outer loop
      vertex   -1.500207e+02 1.209895e+02 2.130484e+02
      vertex   -1.481113e+02 1.161287e+02 2.130484e+02
      vertex   -1.480369e+02 1.164666e+02 2.130484e+02
    endloop
  endfacet
  facet normal 5.033862e-28 -1.653057e-14 1.000000e+00
    outer loop
      vertex   -1.430207e+02 1.109194e+02 2.130484e+02
      vertex   -1.464340e+02 1.143581e+02 2.130484e+02
      vertex   -1.500207e+02 1.109194e+02 2.130484e+02
    endloop
  endfacet
  facet normal -8.482899e-16 -1.564579e-14 1.000000e+00
    outer loop
      vertex   -1.500207e+02 1.109194e+02 2.130484e+02
      vertex   -1.464340e+02 1.143581e+02 2.130484e+02
      vertex   -1.467795e+02 1.143768e+02 2.130484e+02
    endloop
  endfacet
  facet normal -3.622068e-15 -1.304551e-14 1.000000e+00
    outer loop
      vertex   -1.500207e+02 1.109194e+02 2.130484e+02
      vertex   -1.467795e+02 1.143768e+02 2.130484e+02
      vertex   -1.471129e+02 1.144694e+02 2.130484e+02
    endloop
  endfacet
  facet normal 2.991759e-14 -8.443909e-29 1.000000e+00
    outer loop
      vertex   -1.430207e+02 1.209895e+02 2.130484e+02
      vertex   -1.449207e+02 1.159558e+02 2.130484e+02
      vertex   -1.430207e+02 1.109194e+02 2.130484e+02
    endloop
  endfacet
  facet normal 2.322287e-14 -2.525639e-15 1.000000e+00
    outer loop
      vertex   -1.430207e+02 1.109194e+02 2.130484e+02
      vertex   -1.449207e+02 1.159558e+02 2.130484e+02
      vertex   -1.449581e+02 1.156118e+02 2.130484e+02
    endloop
  endfacet
  facet normal 1.615579e-14 -5.443518e-15 1.000000e+00
    outer loop
      vertex   -1.430207e+02 1.109194e+02 2.130484e+02
      vertex   -1.449581e+02 1.156118e+02 2.130484e+02
      vertex   -1.450685e+02 1.152839e+02 2.130484e+02
    endloop
  endfacet
  facet normal -7.724402e-28 1.654302e-14 1.000000e+00
    outer loop
      vertex   -1.500207e+02 1.209895e+02 2.130484e+02
      vertex   -1.464340e+02 1.175534e+02 2.130484e+02
      vertex   -1.430207e+02 1.209895e+02 2.130484e+02
    endloop
  endfacet
  facet normal 2.332264e-15 1.422618e-14 1.000000e+00
    outer loop
      vertex   -1.430207e+02 1.209895e+02 2.130484e+02
      vertex   -1.464340e+02 1.175534e+02 2.130484e+02
      vertex   -1.460926e+02 1.174974e+02 2.130484e+02
    endloop
  endfacet
  facet normal 4.802429e-15 1.205319e-14 1.000000e+00
    outer loop
      vertex   -1.430207e+02 1.209895e+02 2.130484e+02
      vertex   -1.460926e+02 1.174974e+02 2.130484e+02
      vertex   -1.457712e+02 1.173694e+02 2.130484e+02
    endloop
  endfacet
  facet normal 1.216183e-14 -7.317528e-15 1.000000e+00
    outer loop
      vertex   -1.450685e+02 1.152839e+02 2.130484e+02
      vertex   -1.452469e+02 1.149875e+02 2.130484e+02
      vertex   -1.430207e+02 1.109194e+02 2.130484e+02
    endloop
  endfacet
  facet normal 9.349675e-15 -8.856482e-15 1.000000e+00
    outer loop
      vertex   -1.430207e+02 1.109194e+02 2.130484e+02
      vertex   -1.452469e+02 1.149875e+02 2.130484e+02
      vertex   -1.454848e+02 1.147363e+02 2.130484e+02
    endloop
  endfacet
  facet normal 7.023206e-15 -1.035845e-14 1.000000e+00
    outer loop
      vertex   -1.430207e+02 1.109194e+02 2.130484e+02
      vertex   -1.454848e+02 1.147363e+02 2.130484e+02
      vertex   -1.457712e+02 1.145421e+02 2.130484e+02
    endloop
  endfacet
  facet normal 4.799795e-15 -1.204658e-14 1.000000e+00
    outer loop
      vertex   -1.457712e+02 1.145421e+02 2.130484e+02
      vertex   -1.460926e+02 1.144141e+02 2.130484e+02
      vertex   -1.430207e+02 1.109194e+02 2.130484e+02
    endloop
  endfacet
  facet normal 2.330754e-15 -1.421697e-14 1.000000e+00
    outer loop
      vertex   -1.430207e+02 1.109194e+02 2.130484e+02
      vertex   -1.460926e+02 1.144141e+02 2.130484e+02
      vertex   -1.464340e+02 1.143581e+02 2.130484e+02
    endloop
  endfacet
  facet normal -5.918882e-15 -1.116420e-14 1.000000e+00
    outer loop
      vertex   -1.471129e+02 1.144694e+02 2.130484e+02
      vertex   -1.474186e+02 1.146315e+02 2.130484e+02
      vertex   -1.500207e+02 1.109194e+02 2.130484e+02
    endloop
  endfacet
  facet normal -8.152812e-15 -9.598232e-15 1.000000e+00
    outer loop
      vertex   -1.500207e+02 1.109194e+02 2.130484e+02
      vertex   -1.474186e+02 1.146315e+02 2.130484e+02
      vertex   -1.476823e+02 1.148554e+02 2.130484e+02
    endloop
  endfacet
  facet normal -1.066382e-14 -8.106428e-15 1.000000e+00
    outer loop
      vertex   -1.500207e+02 1.109194e+02 2.130484e+02
      vertex   -1.476823e+02 1.148554e+02 2.130484e+02
      vertex   -1.478916e+02 1.151309e+02 2.130484e+02
    endloop
  endfacet
  facet normal -1.394091e-14 -6.449752e-15 1.000000e+00
    outer loop
      vertex   -1.478916e+02 1.151309e+02 2.130484e+02
      vertex   -1.480369e+02 1.154449e+02 2.130484e+02
      vertex   -1.500207e+02 1.109194e+02 2.130484e+02
    endloop
  endfacet
  facet normal -1.907572e-14 -4.198884e-15 1.000000e+00
    outer loop
      vertex   -1.500207e+02 1.109194e+02 2.130484e+02
      vertex   -1.480369e+02 1.154449e+02 2.130484e+02
      vertex   -1.481113e+02 1.157828e+02 2.130484e+02
    endloop
  endfacet
  facet normal -1.394501e-14 6.451647e-15 1.000000e+00
    outer loop
      vertex   -1.480369e+02 1.164666e+02 2.130484e+02
      vertex   -1.478916e+02 1.167806e+02 2.130484e+02
      vertex   -1.500207e+02 1.209895e+02 2.130484e+02
    endloop
  endfacet
  facet normal -1.066776e-14 8.109422e-15 1.000000e+00
    outer loop
      vertex   -1.500207e+02 1.209895e+02 2.130484e+02
      vertex   -1.478916e+02 1.167806e+02 2.130484e+02
      vertex   -1.476823e+02 1.170561e+02 2.130484e+02
    endloop
  endfacet
  facet normal -8.156377e-15 9.602429e-15 1.000000e+00
    outer loop
      vertex   -1.500207e+02 1.209895e+02 2.130484e+02
      vertex   -1.476823e+02 1.170561e+02 2.130484e+02
      vertex   -1.474186e+02 1.172801e+02 2.130484e+02
    endloop
  endfacet
  facet normal -5.921892e-15 1.116987e-14 1.000000e+00
    outer loop
      vertex   -1.474186e+02 1.172801e+02 2.130484e+02
      vertex   -1.471129e+02 1.174421e+02 2.130484e+02
      vertex   -1.500207e+02 1.209895e+02 2.130484e+02
    endloop
  endfacet
  facet normal -3.624221e-15 1.305327e-14 1.000000e+00
    outer loop
      vertex   -1.500207e+02 1.209895e+02 2.130484e+02
      vertex   -1.471129e+02 1.174421e+02 2.130484e+02
      vertex   -1.467795e+02 1.175347e+02 2.130484e+02
    endloop
  endfacet
  facet normal -8.488946e-16 1.565694e-14 1.000000e+00
    outer loop
      vertex   -1.500207e+02 1.209895e+02 2.130484e+02
      vertex   -1.467795e+02 1.175347e+02 2.130484e+02
      vertex   -1.464340e+02 1.175534e+02 2.130484e+02
    endloop
  endfacet
  facet normal 7.026520e-15 1.036334e-14 1.000000e+00
    outer loop
      vertex   -1.457712e+02 1.173694e+02 2.130484e+02
      vertex   -1.454848e+02 1.171752e+02 2.130484e+02
      vertex   -1.430207e+02 1.209895e+02 2.130484e+02
    endloop
  endfacet
  facet normal 9.353446e-15 8.860055e-15 1.000000e+00
    outer loop
      vertex   -1.430207e+02 1.209895e+02 2.130484e+02
      vertex   -1.454848e+02 1.171752e+02 2.130484e+02
      vertex   -1.452469e+02 1.169240e+02 2.130484e+02
    endloop
  endfacet
  facet normal 1.216588e-14 7.319967e-15 1.000000e+00
    outer loop
      vertex   -1.430207e+02 1.209895e+02 2.130484e+02
      vertex   -1.452469e+02 1.169240e+02 2.130484e+02
      vertex   -1.450685e+02 1.166276e+02 2.130484e+02
    endloop
  endfacet
  facet normal 1.615979e-14 5.444868e-15 1.000000e+00
    outer loop
      vertex   -1.450685e+02 1.166276e+02 2.130484e+02
      vertex   -1.449581e+02 1.162997e+02 2.130484e+02
      vertex   -1.430207e+02 1.209895e+02 2.130484e+02
    endloop
  endfacet
  facet normal 2.322554e-14 2.525929e-15 1.000000e+00
    outer loop
      vertex   -1.430207e+02 1.209895e+02 2.130484e+02
      vertex   -1.449581e+02 1.162997e+02 2.130484e+02
      vertex   -1.449207e+02 1.159558e+02 2.130484e+02
    endloop
  endfacet
  facet normal -9.941380e-01 -1.081190e-01 -4.369607e-15
    outer loop
      vertex   -1.449581e+02 1.162997e+02 2.130484e+02
      vertex   -1.449581e+02 1.162997e+02 2.069338e+02
      vertex   -1.449207e+02 1.159558e+02 2.130484e+02
    endloop
  endfacet
  facet normal -9.941380e-01 -1.081190e-01 -8.739214e-15
    outer loop
      vertex   -1.449207e+02 1.159558e+02 2.130484e+02
      vertex   -1.449581e+02 1.162997e+02 2.069338e+02
      vertex   -1.449207e+02 1.159558e+02 2.069338e+02
    endloop
  endfacet
  facet normal -9.941380e-01 1.081190e-01 -9.744317e-15
    outer loop
      vertex   -1.449207e+02 1.159558e+02 2.130484e+02
      vertex   -1.449207e+02 1.159558e+02 2.069338e+02
      vertex   -1.449581e+02 1.156118e+02 2.130484e+02
    endloop
  endfacet
  facet normal -9.941380e-01 1.081190e-01 -4.872158e-15
    outer loop
      vertex   -1.449581e+02 1.156118e+02 2.130484e+02
      vertex   -1.449207e+02 1.159558e+02 2.069338e+02
      vertex   -1.449581e+02 1.156118e+02 2.069338e+02
    endloop
  endfacet
  facet normal -9.476532e-01 3.193015e-01 -5.146893e-15
    outer loop
      vertex   -1.449581e+02 1.156118e+02 2.130484e+02
      vertex   -1.449581e+02 1.156118e+02 2.069338e+02
      vertex   -1.450685e+02 1.152839e+02 2.130484e+02
    endloop
  endfacet
  facet normal -9.476532e-01 3.193015e-01 -5.888971e-15
    outer loop
      vertex   -1.450685e+02 1.152839e+02 2.130484e+02
      vertex   -1.449581e+02 1.156118e+02 2.069338e+02
      vertex   -1.450685e+02 1.152839e+02 2.069338e+02
    endloop
  endfacet
  facet normal -8.568572e-01 5.155539e-01 -6.379145e-15
    outer loop
      vertex   -1.450685e+02 1.152839e+02 2.130484e+02
      vertex   -1.450685e+02 1.152839e+02 2.069338e+02
      vertex   -1.452469e+02 1.149875e+02 2.130484e+02
    endloop
  endfacet
  facet normal -8.568572e-01 5.155539e-01 -3.982784e-15
    outer loop
      vertex   -1.452469e+02 1.149875e+02 2.130484e+02
      vertex   -1.450685e+02 1.152839e+02 2.069338e+02
      vertex   -1.452469e+02 1.149875e+02 2.069338e+02
    endloop
  endfacet
  facet normal -7.259955e-01 6.876995e-01 -3.374522e-15
    outer loop
      vertex   -1.452469e+02 1.149875e+02 2.130484e+02
      vertex   -1.452469e+02 1.149875e+02 2.069338e+02
      vertex   -1.454848e+02 1.147363e+02 2.130484e+02
    endloop
  endfacet
  facet normal -7.259955e-01 6.876995e-01 -4.972780e-15
    outer loop
      vertex   -1.454848e+02 1.147363e+02 2.130484e+02
      vertex   -1.452469e+02 1.149875e+02 2.069338e+02
      vertex   -1.454848e+02 1.147363e+02 2.069338e+02
    endloop
  endfacet
  facet normal -5.611871e-01 8.276890e-01 -4.532074e-15
    outer loop
      vertex   -1.454848e+02 1.147363e+02 2.130484e+02
      vertex   -1.454848e+02 1.147363e+02 2.069338e+02
      vertex   -1.457712e+02 1.145421e+02 2.130484e+02
    endloop
  endfacet
  facet normal -5.611871e-01 8.276890e-01 -4.532074e-15
    outer loop
      vertex   -1.457712e+02 1.145421e+02 2.130484e+02
      vertex   -1.454848e+02 1.147363e+02 2.069338e+02
      vertex   -1.457712e+02 1.145421e+02 2.069338e+02
    endloop
  endfacet
  facet normal -3.701382e-01 9.289767e-01 -3.879453e-15
    outer loop
      vertex   -1.457712e+02 1.145421e+02 2.130484e+02
      vertex   -1.457712e+02 1.145421e+02 2.069338e+02
      vertex   -1.460926e+02 1.144141e+02 2.130484e+02
    endloop
  endfacet
  facet normal -3.701382e-01 9.289767e-01 -1.720450e-15
    outer loop
      vertex   -1.460926e+02 1.144141e+02 2.130484e+02
      vertex   -1.457712e+02 1.145421e+02 2.069338e+02
      vertex   -1.460926e+02 1.144141e+02 2.069338e+02
    endloop
  endfacet
  facet normal -1.617820e-01 9.868265e-01 -7.519838e-16
    outer loop
      vertex   -1.460926e+02 1.144141e+02 2.130484e+02
      vertex   -1.460926e+02 1.144141e+02 2.069338e+02
      vertex   -1.464340e+02 1.143581e+02 2.130484e+02
    endloop
  endfacet
  facet normal -1.617820e-01 9.868265e-01 -3.797417e-15
    outer loop
      vertex   -1.464340e+02 1.143581e+02 2.130484e+02
      vertex   -1.460926e+02 1.144141e+02 2.069338e+02
      vertex   -1.464340e+02 1.143581e+02 2.069338e+02
    endloop
  endfacet
  facet normal 5.413891e-02 9.985334e-01 -1.817367e-15
    outer loop
      vertex   -1.464340e+02 1.143581e+02 2.130484e+02
      vertex   -1.464340e+02 1.143581e+02 2.069338e+02
      vertex   -1.467795e+02 1.143768e+02 2.130484e+02
    endloop
  endfacet
  facet normal 5.413891e-02 9.985334e-01 -4.138024e-15
    outer loop
      vertex   -1.467795e+02 1.143768e+02 2.130484e+02
      vertex   -1.464340e+02 1.143581e+02 2.069338e+02
      vertex   -1.467795e+02 1.143768e+02 2.069338e+02
    endloop
  endfacet
  facet normal 2.675283e-01 9.635500e-01 -1.991693e-15
    outer loop
      vertex   -1.467795e+02 1.143768e+02 2.130484e+02
      vertex   -1.467795e+02 1.143768e+02 2.069338e+02
      vertex   -1.471129e+02 1.144694e+02 2.130484e+02
    endloop
  endfacet
  facet normal 2.675283e-01 9.635500e-01 -1.991693e-15
    outer loop
      vertex   -1.471129e+02 1.144694e+02 2.130484e+02
      vertex   -1.467795e+02 1.143768e+02 2.069338e+02
      vertex   -1.471129e+02 1.144694e+02 2.069338e+02
    endloop
  endfacet
  facet normal 4.684084e-01 8.835120e-01 2.477678e-16
    outer loop
      vertex   -1.471129e+02 1.144694e+02 2.130484e+02
      vertex   -1.471129e+02 1.144694e+02 2.069338e+02
      vertex   -1.474186e+02 1.146315e+02 2.130484e+02
    endloop
  endfacet
  facet normal 4.684084e-01 8.835120e-01 1.238839e-16
    outer loop
      vertex   -1.474186e+02 1.146315e+02 2.130484e+02
      vertex   -1.471129e+02 1.144694e+02 2.069338e+02
      vertex   -1.474186e+02 1.146315e+02 2.069338e+02
    endloop
  endfacet
  facet normal 6.473863e-01 7.621621e-01 1.237822e-15
    outer loop
      vertex   -1.474186e+02 1.146315e+02 2.130484e+02
      vertex   -1.474186e+02 1.146315e+02 2.069338e+02
      vertex   -1.476823e+02 1.148554e+02 2.130484e+02
    endloop
  endfacet
  facet normal 6.473863e-01 7.621621e-01 -5.334927e-16
    outer loop
      vertex   -1.476823e+02 1.148554e+02 2.130484e+02
      vertex   -1.474186e+02 1.146315e+02 2.069338e+02
      vertex   -1.476823e+02 1.148554e+02 2.069338e+02
    endloop
  endfacet
  facet normal 7.960931e-01 6.051742e-01 8.874157e-16
    outer loop
      vertex   -1.476823e+02 1.148554e+02 2.130484e+02
      vertex   -1.476823e+02 1.148554e+02 2.069338e+02
      vertex   -1.478916e+02 1.151309e+02 2.130484e+02
    endloop
  endfacet
  facet normal 7.960931e-01 6.051742e-01 2.293880e-15
    outer loop
      vertex   -1.478916e+02 1.151309e+02 2.130484e+02
      vertex   -1.476823e+02 1.148554e+02 2.069338e+02
      vertex   -1.478916e+02 1.151309e+02 2.069338e+02
    endloop
  endfacet
  facet normal 9.075754e-01 4.198891e-01 3.242679e-15
    outer loop
      vertex   -1.478916e+02 1.151309e+02 2.130484e+02
      vertex   -1.478916e+02 1.151309e+02 2.069338e+02
      vertex   -1.480369e+02 1.154449e+02 2.130484e+02
    endloop
  endfacet
  facet normal 9.075754e-01 4.198891e-01 7.461208e-15
    outer loop
      vertex   -1.480369e+02 1.154449e+02 2.130484e+02
      vertex   -1.478916e+02 1.151309e+02 2.069338e+02
      vertex   -1.480369e+02 1.154449e+02 2.069338e+02
    endloop
  endfacet
  facet normal 9.766206e-01 2.149704e-01 8.579314e-15
    outer loop
      vertex   -1.480369e+02 1.154449e+02 2.130484e+02
      vertex   -1.480369e+02 1.154449e+02 2.069338e+02
      vertex   -1.481113e+02 1.157828e+02 2.130484e+02
    endloop
  endfacet
  facet normal 9.766206e-01 2.149704e-01 3.540249e-15
    outer loop
      vertex   -1.481113e+02 1.157828e+02 2.130484e+02
      vertex   -1.480369e+02 1.154449e+02 2.069338e+02
      vertex   -1.481113e+02 1.157828e+02 2.069338e+02
    endloop
  endfacet
  facet normal 1.000000e+00 -0.000000e+00 4.648130e-15
    outer loop
      vertex   -1.481113e+02 1.157828e+02 2.130484e+02
      vertex   -1.481113e+02 1.157828e+02 2.069338e+02
      vertex   -1.481113e+02 1.161287e+02 2.130484e+02
    endloop
  endfacet
  facet normal 1.000000e+00 0.000000e+00 4.648130e-15
    outer loop
      vertex   -1.481113e+02 1.161287e+02 2.130484e+02
      vertex   -1.481113e+02 1.157828e+02 2.069338e+02
      vertex   -1.481113e+02 1.161287e+02 2.069338e+02
    endloop
  endfacet
  facet normal 9.766206e-01 -2.149704e-01 5.039065e-15
    outer loop
      vertex   -1.481113e+02 1.161287e+02 2.130484e+02
      vertex   -1.481113e+02 1.161287e+02 2.069338e+02
      vertex   -1.480369e+02 1.164666e+02 2.130484e+02
    endloop
  endfacet
  facet normal 9.766206e-01 -2.149704e-01 9.578525e-15
    outer loop
      vertex   -1.480369e+02 1.164666e+02 2.130484e+02
      vertex   -1.481113e+02 1.161287e+02 2.069338e+02
      vertex   -1.480369e+02 1.164666e+02 2.069338e+02
    endloop
  endfacet
  facet normal 9.075754e-01 -4.198891e-01 9.412907e-15
    outer loop
      vertex   -1.480369e+02 1.164666e+02 2.130484e+02
      vertex   -1.480369e+02 1.164666e+02 2.069338e+02
      vertex   -1.478916e+02 1.167806e+02 2.130484e+02
    endloop
  endfacet
  facet normal 9.075754e-01 -4.198891e-01 6.170228e-15
    outer loop
      vertex   -1.478916e+02 1.167806e+02 2.130484e+02
      vertex   -1.480369e+02 1.164666e+02 2.069338e+02
      vertex   -1.478916e+02 1.167806e+02 2.069338e+02
    endloop
  endfacet
  facet normal 7.960931e-01 -6.051742e-01 6.513273e-15
    outer loop
      vertex   -1.478916e+02 1.167806e+02 2.130484e+02
      vertex   -1.478916e+02 1.167806e+02 2.069338e+02
      vertex   -1.476823e+02 1.170561e+02 2.130484e+02
    endloop
  endfacet
  facet normal 7.960931e-01 -6.051742e-01 1.021362e-14
    outer loop
      vertex   -1.476823e+02 1.170561e+02 2.130484e+02
      vertex   -1.478916e+02 1.167806e+02 2.069338e+02
      vertex   -1.476823e+02 1.170561e+02 2.069338e+02
    endloop
  endfacet
  facet normal 6.473863e-01 -7.621621e-01 9.560900e-15
    outer loop
      vertex   -1.476823e+02 1.170561e+02 2.130484e+02
      vertex   -1.476823e+02 1.170561e+02 2.069338e+02
      vertex   -1.474186e+02 1.172801e+02 2.130484e+02
    endloop
  endfacet
  facet normal 6.473863e-01 -7.621621e-01 4.780450e-15
    outer loop
      vertex   -1.474186e+02 1.172801e+02 2.130484e+02
      vertex   -1.476823e+02 1.170561e+02 2.069338e+02
      vertex   -1.474186e+02 1.172801e+02 2.069338e+02
    endloop
  endfacet
  facet normal 4.684084e-01 -8.835120e-01 4.230563e-15
    outer loop
      vertex   -1.474186e+02 1.172801e+02 2.130484e+02
      vertex   -1.474186e+02 1.172801e+02 2.069338e+02
      vertex   -1.471129e+02 1.174421e+02 2.130484e+02
    endloop
  endfacet
  facet normal 4.684084e-01 -8.835120e-01 8.461126e-15
    outer loop
      vertex   -1.471129e+02 1.174421e+02 2.130484e+02
      vertex   -1.474186e+02 1.172801e+02 2.069338e+02
      vertex   -1.471129e+02 1.174421e+02 2.069338e+02
    endloop
  endfacet
  facet normal 2.675283e-01 -9.635500e-01 6.965719e-15
    outer loop
      vertex   -1.471129e+02 1.174421e+02 2.130484e+02
      vertex   -1.471129e+02 1.174421e+02 2.069338e+02
      vertex   -1.467795e+02 1.175347e+02 2.130484e+02
    endloop
  endfacet
  facet normal 2.675283e-01 -9.635500e-01 4.726366e-15
    outer loop
      vertex   -1.467795e+02 1.175347e+02 2.130484e+02
      vertex   -1.471129e+02 1.174421e+02 2.069338e+02
      vertex   -1.467795e+02 1.175347e+02 2.069338e+02
    endloop
  endfacet
  facet normal 5.413891e-02 -9.985334e-01 2.823946e-15
    outer loop
      vertex   -1.467795e+02 1.175347e+02 2.130484e+02
      vertex   -1.467795e+02 1.175347e+02 2.069338e+02
      vertex   -1.464340e+02 1.175534e+02 2.130484e+02
    endloop
  endfacet
  facet normal 5.413891e-02 -9.985334e-01 2.823946e-15
    outer loop
      vertex   -1.464340e+02 1.175534e+02 2.130484e+02
      vertex   -1.467795e+02 1.175347e+02 2.069338e+02
      vertex   -1.464340e+02 1.175534e+02 2.069338e+02
    endloop
  endfacet
  facet normal -1.617820e-01 -9.868265e-01 7.894815e-16
    outer loop
      vertex   -1.464340e+02 1.175534e+02 2.130484e+02
      vertex   -1.464340e+02 1.175534e+02 2.069338e+02
      vertex   -1.460926e+02 1.174974e+02 2.130484e+02
    endloop
  endfacet
  facet normal -1.617820e-01 -9.868265e-01 1.541465e-15
    outer loop
      vertex   -1.460926e+02 1.174974e+02 2.130484e+02
      vertex   -1.464340e+02 1.175534e+02 2.069338e+02
      vertex   -1.460926e+02 1.174974e+02 2.069338e+02
    endloop
  endfacet
  facet normal -3.701382e-01 -9.289767e-01 4.385521e-16
    outer loop
      vertex   -1.460926e+02 1.174974e+02 2.130484e+02
      vertex   -1.460926e+02 1.174974e+02 2.069338e+02
      vertex   -1.457712e+02 1.173694e+02 2.130484e+02
    endloop
  endfacet
  facet normal -3.701382e-01 -9.289767e-01 4.385521e-16
    outer loop
      vertex   -1.457712e+02 1.173694e+02 2.130484e+02
      vertex   -1.460926e+02 1.174974e+02 2.069338e+02
      vertex   -1.457712e+02 1.173694e+02 2.069338e+02
    endloop
  endfacet
  facet normal -5.611871e-01 -8.276890e-01 -6.848675e-16
    outer loop
      vertex   -1.457712e+02 1.173694e+02 2.130484e+02
      vertex   -1.457712e+02 1.173694e+02 2.069338e+02
      vertex   -1.454848e+02 1.171752e+02 2.130484e+02
    endloop
  endfacet
  facet normal -5.611871e-01 -8.276890e-01 -6.848675e-16
    outer loop
      vertex   -1.454848e+02 1.171752e+02 2.130484e+02
      vertex   -1.457712e+02 1.173694e+02 2.069338e+02
      vertex   -1.454848e+02 1.171752e+02 2.069338e+02
    endloop
  endfacet
  facet normal -7.259955e-01 -6.876995e-01 -1.776263e-15
    outer loop
      vertex   -1.454848e+02 1.171752e+02 2.130484e+02
      vertex   -1.454848e+02 1.171752e+02 2.069338e+02
      vertex   -1.452469e+02 1.169240e+02 2.130484e+02
    endloop
  endfacet
  facet normal -7.259955e-01 -6.876995e-01 -1.776263e-15
    outer loop
      vertex   -1.452469e+02 1.169240e+02 2.130484e+02
      vertex   -1.454848e+02 1.171752e+02 2.069338e+02
      vertex   -1.452469e+02 1.169240e+02 2.069338e+02
    endloop
  endfacet
  facet normal -8.568572e-01 -5.155539e-01 -2.784603e-15
    outer loop
      vertex   -1.452469e+02 1.169240e+02 2.130484e+02
      vertex   -1.452469e+02 1.169240e+02 2.069338e+02
      vertex   -1.450685e+02 1.166276e+02 2.130484e+02
    endloop
  endfacet
  facet normal -8.568572e-01 -5.155539e-01 -2.784603e-15
    outer loop
      vertex   -1.450685e+02 1.166276e+02 2.130484e+02
      vertex   -1.452469e+02 1.169240e+02 2.069338e+02
      vertex   -1.450685e+02 1.166276e+02 2.069338e+02
    endloop
  endfacet
  facet normal -9.476532e-01 -3.193015e-01 -3.662738e-15
    outer loop
      vertex   -1.450685e+02 1.166276e+02 2.130484e+02
      vertex   -1.450685e+02 1.166276e+02 2.069338e+02
      vertex   -1.449581e+02 1.162997e+02 2.130484e+02
    endloop
  endfacet
  facet normal -9.476532e-01 -3.193015e-01 -3.662738e-15
    outer loop
      vertex   -1.449581e+02 1.162997e+02 2.130484e+02
      vertex   -1.450685e+02 1.166276e+02 2.069338e+02
      vertex   -1.449581e+02 1.162997e+02 2.069338e+02
    endloop
  endfacet
  facet normal -9.941380e-01 1.081190e-01 -4.620883e-15
    outer loop
      vertex   -1.449581e+02 1.156118e+02 1.947045e+02
      vertex   -1.449581e+02 1.156118e+02 2.008191e+02
      vertex   -1.449207e+02 1.159558e+02 1.947045e+02
    endloop
  endfacet
  facet normal -9.941380e-01 1.081190e-01 -4.620883e-15
    outer loop
      vertex   -1.449207e+02 1.159558e+02 1.947045e+02
      vertex   -1.449581e+02 1.156118e+02 2.008191e+02
      vertex   -1.449207e+02 1.159558e+02 2.008191e+02
    endloop
  endfacet
  facet normal -9.941380e-01 -1.081190e-01 -4.620883e-15
    outer loop
      vertex   -1.449207e+02 1.159558e+02 1.947045e+02
      vertex   -1.449207e+02 1.159558e+02 2.008191e+02
      vertex   -1.449581e+02 1.162997e+02 1.947045e+02
    endloop
  endfacet
  facet normal -9.941380e-01 -1.081190e-01 -4.620883e-15
    outer loop
      vertex   -1.449581e+02 1.162997e+02 1.947045e+02
      vertex   -1.449207e+02 1.159558e+02 2.008191e+02
      vertex   -1.449581e+02 1.162997e+02 2.008191e+02
    endloop
  endfacet
  facet normal -9.476532e-01 -3.193015e-01 -4.404816e-15
    outer loop
      vertex   -1.449581e+02 1.162997e+02 1.947045e+02
      vertex   -1.449581e+02 1.162997e+02 2.008191e+02
      vertex   -1.450685e+02 1.166276e+02 1.947045e+02
    endloop
  endfacet
  facet normal -9.476532e-01 -3.193015e-01 -8.809631e-15
    outer loop
      vertex   -1.450685e+02 1.166276e+02 1.947045e+02
      vertex   -1.449581e+02 1.162997e+02 2.008191e+02
      vertex   -1.450685e+02 1.166276e+02 2.008191e+02
    endloop
  endfacet
  facet normal -8.568572e-01 -5.155539e-01 -7.965568e-15
    outer loop
      vertex   -1.450685e+02 1.166276e+02 1.947045e+02
      vertex   -1.450685e+02 1.166276e+02 2.008191e+02
      vertex   -1.452469e+02 1.169240e+02 1.947045e+02
    endloop
  endfacet
  facet normal -8.568572e-01 -5.155539e-01 -7.965568e-15
    outer loop
      vertex   -1.452469e+02 1.169240e+02 1.947045e+02
      vertex   -1.450685e+02 1.166276e+02 2.008191e+02
      vertex   -1.452469e+02 1.169240e+02 2.008191e+02
    endloop
  endfacet
  facet normal -7.259955e-01 -6.876995e-01 -6.749043e-15
    outer loop
      vertex   -1.452469e+02 1.169240e+02 1.947045e+02
      vertex   -1.452469e+02 1.169240e+02 2.008191e+02
      vertex   -1.454848e+02 1.171752e+02 1.947045e+02
    endloop
  endfacet
  facet normal -7.259955e-01 -6.876995e-01 -6.749043e-15
    outer loop
      vertex   -1.454848e+02 1.171752e+02 1.947045e+02
      vertex   -1.452469e+02 1.169240e+02 2.008191e+02
      vertex   -1.454848e+02 1.171752e+02 2.008191e+02
    endloop
  endfacet
  facet normal -5.611871e-01 -8.276890e-01 -5.216941e-15
    outer loop
      vertex   -1.454848e+02 1.171752e+02 1.947045e+02
      vertex   -1.454848e+02 1.171752e+02 2.008191e+02
      vertex   -1.457712e+02 1.173694e+02 1.947045e+02
    endloop
  endfacet
  facet normal -5.611871e-01 -8.276890e-01 -3.293338e-15
    outer loop
      vertex   -1.457712e+02 1.173694e+02 1.947045e+02
      vertex   -1.454848e+02 1.171752e+02 2.008191e+02
      vertex   -1.457712e+02 1.173694e+02 2.008191e+02
    endloop
  endfacet
  facet normal -3.701382e-01 -9.289767e-01 -1.281898e-15
    outer loop
      vertex   -1.457712e+02 1.173694e+02 1.947045e+02
      vertex   -1.457712e+02 1.173694e+02 2.008191e+02
      vertex   -1.460926e+02 1.174974e+02 1.947045e+02
    endloop
  endfacet
  facet normal -3.701382e-01 -9.289767e-01 -1.720450e-15
    outer loop
      vertex   -1.460926e+02 1.174974e+02 1.947045e+02
      vertex   -1.457712e+02 1.173694e+02 2.008191e+02
      vertex   -1.460926e+02 1.174974e+02 2.008191e+02
    endloop
  endfacet
  facet normal -1.617820e-01 -9.868265e-01 -7.519838e-16
    outer loop
      vertex   -1.460926e+02 1.174974e+02 1.947045e+02
      vertex   -1.460926e+02 1.174974e+02 2.008191e+02
      vertex   -1.464340e+02 1.175534e+02 1.947045e+02
    endloop
  endfacet
  facet normal -1.617820e-01 -9.868265e-01 -1.503968e-15
    outer loop
      vertex   -1.464340e+02 1.175534e+02 1.947045e+02
      vertex   -1.460926e+02 1.174974e+02 2.008191e+02
      vertex   -1.464340e+02 1.175534e+02 2.008191e+02
    endloop
  endfacet
  facet normal 5.413891e-02 -9.985334e-01 5.032894e-16
    outer loop
      vertex   -1.464340e+02 1.175534e+02 1.947045e+02
      vertex   -1.464340e+02 1.175534e+02 2.008191e+02
      vertex   -1.467795e+02 1.175347e+02 1.947045e+02
    endloop
  endfacet
  facet normal 5.413891e-02 -9.985334e-01 2.516447e-16
    outer loop
      vertex   -1.467795e+02 1.175347e+02 1.947045e+02
      vertex   -1.464340e+02 1.175534e+02 2.008191e+02
      vertex   -1.467795e+02 1.175347e+02 2.008191e+02
    endloop
  endfacet
  facet normal 2.675283e-01 -9.635500e-01 1.243507e-15
    outer loop
      vertex   -1.467795e+02 1.175347e+02 1.947045e+02
      vertex   -1.467795e+02 1.175347e+02 2.008191e+02
      vertex   -1.471129e+02 1.174421e+02 1.947045e+02
    endloop
  endfacet
  facet normal 2.675283e-01 -9.635500e-01 2.487013e-15
    outer loop
      vertex   -1.471129e+02 1.174421e+02 1.947045e+02
      vertex   -1.467795e+02 1.175347e+02 2.008191e+02
      vertex   -1.471129e+02 1.174421e+02 2.008191e+02
    endloop
  endfacet
  facet normal 4.684084e-01 -8.835120e-01 4.354447e-15
    outer loop
      vertex   -1.471129e+02 1.174421e+02 1.947045e+02
      vertex   -1.471129e+02 1.174421e+02 2.008191e+02
      vertex   -1.474186e+02 1.172801e+02 1.947045e+02
    endloop
  endfacet
  facet normal 4.684084e-01 -8.835120e-01 2.177224e-15
    outer loop
      vertex   -1.474186e+02 1.172801e+02 1.947045e+02
      vertex   -1.471129e+02 1.174421e+02 2.008191e+02
      vertex   -1.474186e+02 1.172801e+02 2.008191e+02
    endloop
  endfacet
  facet normal 6.473863e-01 -7.621621e-01 3.009136e-15
    outer loop
      vertex   -1.474186e+02 1.172801e+02 1.947045e+02
      vertex   -1.474186e+02 1.172801e+02 2.008191e+02
      vertex   -1.476823e+02 1.170561e+02 1.947045e+02
    endloop
  endfacet
  facet normal 6.473863e-01 -7.621621e-01 3.009136e-15
    outer loop
      vertex   -1.476823e+02 1.170561e+02 1.947045e+02
      vertex   -1.474186e+02 1.172801e+02 2.008191e+02
      vertex   -1.476823e+02 1.170561e+02 2.008191e+02
    endloop
  endfacet
  facet normal 7.960931e-01 -6.051742e-01 3.700344e-15
    outer loop
      vertex   -1.476823e+02 1.170561e+02 1.947045e+02
      vertex   -1.476823e+02 1.170561e+02 2.008191e+02
      vertex   -1.478916e+02 1.167806e+02 1.947045e+02
    endloop
  endfacet
  facet normal 7.960931e-01 -6.051742e-01 3.700344e-15
    outer loop
      vertex   -1.478916e+02 1.167806e+02 1.947045e+02
      vertex   -1.476823e+02 1.170561e+02 2.008191e+02
      vertex   -1.478916e+02 1.167806e+02 2.008191e+02
    endloop
  endfacet
  facet normal 9.075754e-01 -4.198891e-01 4.218529e-15
    outer loop
      vertex   -1.478916e+02 1.167806e+02 1.947045e+02
      vertex   -1.478916e+02 1.167806e+02 2.008191e+02
      vertex   -1.480369e+02 1.164666e+02 1.947045e+02
    endloop
  endfacet
  facet normal 9.075754e-01 -4.198891e-01 4.218529e-15
    outer loop
      vertex   -1.480369e+02 1.164666e+02 1.947045e+02
      vertex   -1.478916e+02 1.167806e+02 2.008191e+02
      vertex   -1.480369e+02 1.164666e+02 2.008191e+02
    endloop
  endfacet
  facet normal 9.766206e-01 -2.149704e-01 4.539460e-15
    outer loop
      vertex   -1.480369e+02 1.164666e+02 1.947045e+02
      vertex   -1.480369e+02 1.164666e+02 2.008191e+02
      vertex   -1.481113e+02 1.161287e+02 1.947045e+02
    endloop
  endfacet
  facet normal 9.766206e-01 -2.149704e-01 9.078919e-15
    outer loop
      vertex   -1.481113e+02 1.161287e+02 1.947045e+02
      vertex   -1.480369e+02 1.164666e+02 2.008191e+02
      vertex   -1.481113e+02 1.161287e+02 2.008191e+02
    endloop
  endfacet
  facet normal 1.000000e+00 0.000000e+00 9.296261e-15
    outer loop
      vertex   -1.481113e+02 1.161287e+02 1.947045e+02
      vertex   -1.481113e+02 1.161287e+02 2.008191e+02
      vertex   -1.481113e+02 1.157828e+02 1.947045e+02
    endloop
  endfacet
  facet normal 1.000000e+00 0.000000e+00 9.296261e-15
    outer loop
      vertex   -1.481113e+02 1.157828e+02 1.947045e+02
      vertex   -1.481113e+02 1.161287e+02 2.008191e+02
      vertex   -1.481113e+02 1.157828e+02 2.008191e+02
    endloop
  endfacet
  facet normal 9.766206e-01 2.149704e-01 9.078919e-15
    outer loop
      vertex   -1.481113e+02 1.157828e+02 1.947045e+02
      vertex   -1.481113e+02 1.157828e+02 2.008191e+02
      vertex   -1.480369e+02 1.154449e+02 1.947045e+02
    endloop
  endfacet
  facet normal 9.766206e-01 2.149704e-01 4.539460e-15
    outer loop
      vertex   -1.480369e+02 1.154449e+02 1.947045e+02
      vertex   -1.481113e+02 1.157828e+02 2.008191e+02
      vertex   -1.480369e+02 1.154449e+02 2.008191e+02
    endloop
  endfacet
  facet normal 9.075754e-01 4.198891e-01 4.218529e-15
    outer loop
      vertex   -1.480369e+02 1.154449e+02 1.947045e+02
      vertex   -1.480369e+02 1.154449e+02 2.008191e+02
      vertex   -1.478916e+02 1.151309e+02 1.947045e+02
    endloop
  endfacet
  facet normal 9.075754e-01 4.198891e-01 4.218529e-15
    outer loop
      vertex   -1.478916e+02 1.151309e+02 1.947045e+02
      vertex   -1.480369e+02 1.154449e+02 2.008191e+02
      vertex   -1.478916e+02 1.151309e+02 2.008191e+02
    endloop
  endfacet
  facet normal 7.960931e-01 6.051742e-01 3.700344e-15
    outer loop
      vertex   -1.478916e+02 1.151309e+02 1.947045e+02
      vertex   -1.478916e+02 1.151309e+02 2.008191e+02
      vertex   -1.476823e+02 1.148554e+02 1.947045e+02
    endloop
  endfacet
  facet normal 7.960931e-01 6.051742e-01 8.874157e-16
    outer loop
      vertex   -1.476823e+02 1.148554e+02 1.947045e+02
      vertex   -1.478916e+02 1.151309e+02 2.008191e+02
      vertex   -1.476823e+02 1.148554e+02 2.008191e+02
    endloop
  endfacet
  facet normal 6.473863e-01 7.621621e-01 -5.334927e-16
    outer loop
      vertex   -1.476823e+02 1.148554e+02 1.947045e+02
      vertex   -1.476823e+02 1.148554e+02 2.008191e+02
      vertex   -1.474186e+02 1.146315e+02 1.947045e+02
    endloop
  endfacet
  facet normal 6.473863e-01 7.621621e-01 3.009136e-15
    outer loop
      vertex   -1.474186e+02 1.146315e+02 1.947045e+02
      vertex   -1.476823e+02 1.148554e+02 2.008191e+02
      vertex   -1.474186e+02 1.146315e+02 2.008191e+02
    endloop
  endfacet
  facet normal 4.684084e-01 8.835120e-01 2.177224e-15
    outer loop
      vertex   -1.474186e+02 1.146315e+02 1.947045e+02
      vertex   -1.474186e+02 1.146315e+02 2.008191e+02
      vertex   -1.471129e+02 1.144694e+02 1.947045e+02
    endloop
  endfacet
  facet normal 4.684084e-01 8.835120e-01 2.477678e-16
    outer loop
      vertex   -1.471129e+02 1.144694e+02 1.947045e+02
      vertex   -1.474186e+02 1.146315e+02 2.008191e+02
      vertex   -1.471129e+02 1.144694e+02 2.008191e+02
    endloop
  endfacet
  facet normal 2.675283e-01 9.635500e-01 -1.991693e-15
    outer loop
      vertex   -1.471129e+02 1.144694e+02 1.947045e+02
      vertex   -1.471129e+02 1.144694e+02 2.008191e+02
      vertex   -1.467795e+02 1.143768e+02 1.947045e+02
    endloop
  endfacet
  facet normal 2.675283e-01 9.635500e-01 1.243507e-15
    outer loop
      vertex   -1.467795e+02 1.143768e+02 1.947045e+02
      vertex   -1.471129e+02 1.144694e+02 2.008191e+02
      vertex   -1.467795e+02 1.143768e+02 2.008191e+02
    endloop
  endfacet
  facet normal 5.413891e-02 9.985334e-01 2.516447e-16
    outer loop
      vertex   -1.467795e+02 1.143768e+02 1.947045e+02
      vertex   -1.467795e+02 1.143768e+02 2.008191e+02
      vertex   -1.464340e+02 1.143581e+02 1.947045e+02
    endloop
  endfacet
  facet normal 5.413891e-02 9.985334e-01 5.032894e-16
    outer loop
      vertex   -1.464340e+02 1.143581e+02 1.947045e+02
      vertex   -1.467795e+02 1.143768e+02 2.008191e+02
      vertex   -1.464340e+02 1.143581e+02 2.008191e+02
    endloop
  endfacet
  facet normal -1.617820e-01 9.868265e-01 -1.503968e-15
    outer loop
      vertex   -1.464340e+02 1.143581e+02 1.947045e+02
      vertex   -1.464340e+02 1.143581e+02 2.008191e+02
      vertex   -1.460926e+02 1.144141e+02 1.947045e+02
    endloop
  endfacet
  facet normal -1.617820e-01 9.868265e-01 -7.519838e-16
    outer loop
      vertex   -1.460926e+02 1.144141e+02 1.947045e+02
      vertex   -1.464340e+02 1.143581e+02 2.008191e+02
      vertex   -1.460926e+02 1.144141e+02 2.008191e+02
    endloop
  endfacet
  facet normal -3.701382e-01 9.289767e-01 -1.720450e-15
    outer loop
      vertex   -1.460926e+02 1.144141e+02 1.947045e+02
      vertex   -1.460926e+02 1.144141e+02 2.008191e+02
      vertex   -1.457712e+02 1.145421e+02 1.947045e+02
    endloop
  endfacet
  facet normal -3.701382e-01 9.289767e-01 -1.720450e-15
    outer loop
      vertex   -1.457712e+02 1.145421e+02 1.947045e+02
      vertex   -1.460926e+02 1.144141e+02 2.008191e+02
      vertex   -1.457712e+02 1.145421e+02 2.008191e+02
    endloop
  endfacet
  facet normal -5.611871e-01 8.276890e-01 -2.608471e-15
    outer loop
      vertex   -1.457712e+02 1.145421e+02 1.947045e+02
      vertex   -1.457712e+02 1.145421e+02 2.008191e+02
      vertex   -1.454848e+02 1.147363e+02 1.947045e+02
    endloop
  endfacet
  facet normal -5.611871e-01 8.276890e-01 -5.216941e-15
    outer loop
      vertex   -1.454848e+02 1.147363e+02 1.947045e+02
      vertex   -1.457712e+02 1.145421e+02 2.008191e+02
      vertex   -1.454848e+02 1.147363e+02 2.008191e+02
    endloop
  endfacet
  facet normal -7.259955e-01 6.876995e-01 -6.749043e-15
    outer loop
      vertex   -1.454848e+02 1.147363e+02 1.947045e+02
      vertex   -1.454848e+02 1.147363e+02 2.008191e+02
      vertex   -1.452469e+02 1.149875e+02 1.947045e+02
    endloop
  endfacet
  facet normal -7.259955e-01 6.876995e-01 -8.347302e-15
    outer loop
      vertex   -1.452469e+02 1.149875e+02 1.947045e+02
      vertex   -1.454848e+02 1.147363e+02 2.008191e+02
      vertex   -1.452469e+02 1.149875e+02 2.008191e+02
    endloop
  endfacet
  facet normal -8.568572e-01 5.155539e-01 -9.163749e-15
    outer loop
      vertex   -1.452469e+02 1.149875e+02 1.947045e+02
      vertex   -1.452469e+02 1.149875e+02 2.008191e+02
      vertex   -1.450685e+02 1.152839e+02 1.947045e+02
    endloop
  endfacet
  facet normal -8.568572e-01 5.155539e-01 -7.965568e-15
    outer loop
      vertex   -1.450685e+02 1.152839e+02 1.947045e+02
      vertex   -1.452469e+02 1.149875e+02 2.008191e+02
      vertex   -1.450685e+02 1.152839e+02 2.008191e+02
    endloop
  endfacet
  facet normal -9.476532e-01 3.193015e-01 -8.809631e-15
    outer loop
      vertex   -1.450685e+02 1.152839e+02 1.947045e+02
      vertex   -1.450685e+02 1.152839e+02 2.008191e+02
      vertex   -1.449581e+02 1.156118e+02 1.947045e+02
    endloop
  endfacet
  facet normal -9.476532e-01 3.193015e-01 -4.404816e-15
    outer loop
      vertex   -1.449581e+02 1.156118e+02 1.947045e+02
      vertex   -1.450685e+02 1.152839e+02 2.008191e+02
      vertex   -1.449581e+02 1.156118e+02 2.008191e+02
    endloop
  endfacet
  facet normal -9.941380e-01 1.081190e-01 0.000000e+00
    outer loop
      vertex   -1.449207e+02 1.159558e+02 2.069338e+02
      vertex   -1.449207e+02 1.159558e+02 2.008191e+02
      vertex   -1.449581e+02 1.156118e+02 2.069338e+02
    endloop
  endfacet
  facet normal -9.941380e-01 1.081190e-01 -4.620883e-15
    outer loop
      vertex   -1.449581e+02 1.156118e+02 2.069338e+02
      vertex   -1.449207e+02 1.159558e+02 2.008191e+02
      vertex   -1.449581e+02 1.156118e+02 2.008191e+02
    endloop
  endfacet
  facet normal -9.476532e-01 3.193015e-01 -4.404816e-15
    outer loop
      vertex   -1.449581e+02 1.156118e+02 2.069338e+02
      vertex   -1.449581e+02 1.156118e+02 2.008191e+02
      vertex   -1.450685e+02 1.152839e+02 2.069338e+02
    endloop
  endfacet
  facet normal -9.476532e-01 3.193015e-01 0.000000e+00
    outer loop
      vertex   -1.450685e+02 1.152839e+02 2.069338e+02
      vertex   -1.449581e+02 1.156118e+02 2.008191e+02
      vertex   -1.450685e+02 1.152839e+02 2.008191e+02
    endloop
  endfacet
  facet normal -8.568572e-01 5.155539e-01 0.000000e+00
    outer loop
      vertex   -1.450685e+02 1.152839e+02 2.069338e+02
      vertex   -1.450685e+02 1.152839e+02 2.008191e+02
      vertex   -1.452469e+02 1.149875e+02 2.069338e+02
    endloop
  endfacet
  facet normal -8.568572e-01 5.155539e-01 0.000000e+00
    outer loop
      vertex   -1.452469e+02 1.149875e+02 2.069338e+02
      vertex   -1.450685e+02 1.152839e+02 2.008191e+02
      vertex   -1.452469e+02 1.149875e+02 2.008191e+02
    endloop
  endfacet
  facet normal -7.259955e-01 6.876995e-01 0.000000e+00
    outer loop
      vertex   -1.452469e+02 1.149875e+02 2.069338e+02
      vertex   -1.452469e+02 1.149875e+02 2.008191e+02
      vertex   -1.454848e+02 1.147363e+02 2.069338e+02
    endloop
  endfacet
  facet normal -7.259955e-01 6.876995e-01 0.000000e+00
    outer loop
      vertex   -1.454848e+02 1.147363e+02 2.069338e+02
      vertex   -1.452469e+02 1.149875e+02 2.008191e+02
      vertex   -1.454848e+02 1.147363e+02 2.008191e+02
    endloop
  endfacet
  facet normal -5.611871e-01 8.276890e-01 0.000000e+00
    outer loop
      vertex   -1.454848e+02 1.147363e+02 2.069338e+02
      vertex   -1.454848e+02 1.147363e+02 2.008191e+02
      vertex   -1.457712e+02 1.145421e+02 2.069338e+02
    endloop
  endfacet
  facet normal -5.611871e-01 8.276890e-01 -2.608471e-15
    outer loop
      vertex   -1.457712e+02 1.145421e+02 2.069338e+02
      vertex   -1.454848e+02 1.147363e+02 2.008191e+02
      vertex   -1.457712e+02 1.145421e+02 2.008191e+02
    endloop
  endfacet
  facet normal -3.701382e-01 9.289767e-01 -1.720450e-15
    outer loop
      vertex   -1.457712e+02 1.145421e+02 2.069338e+02
      vertex   -1.457712e+02 1.145421e+02 2.008191e+02
      vertex   -1.460926e+02 1.144141e+02 2.069338e+02
    endloop
  endfacet
  facet normal -3.701382e-01 9.289767e-01 -3.879453e-15
    outer loop
      vertex   -1.460926e+02 1.144141e+02 2.069338e+02
      vertex   -1.457712e+02 1.145421e+02 2.008191e+02
      vertex   -1.460926e+02 1.144141e+02 2.008191e+02
    endloop
  endfacet
  facet normal -1.617820e-01 9.868265e-01 -3.045433e-15
    outer loop
      vertex   -1.460926e+02 1.144141e+02 2.069338e+02
      vertex   -1.460926e+02 1.144141e+02 2.008191e+02
      vertex   -1.464340e+02 1.143581e+02 2.069338e+02
    endloop
  endfacet
  facet normal -1.617820e-01 9.868265e-01 0.000000e+00
    outer loop
      vertex   -1.464340e+02 1.143581e+02 2.069338e+02
      vertex   -1.460926e+02 1.144141e+02 2.008191e+02
      vertex   -1.464340e+02 1.143581e+02 2.008191e+02
    endloop
  endfacet
  facet normal 5.413891e-02 9.985334e-01 0.000000e+00
    outer loop
      vertex   -1.464340e+02 1.143581e+02 2.069338e+02
      vertex   -1.464340e+02 1.143581e+02 2.008191e+02
      vertex   -1.467795e+02 1.143768e+02 2.069338e+02
    endloop
  endfacet
  facet normal 5.413891e-02 9.985334e-01 0.000000e+00
    outer loop
      vertex   -1.467795e+02 1.143768e+02 2.069338e+02
      vertex   -1.464340e+02 1.143581e+02 2.008191e+02
      vertex   -1.467795e+02 1.143768e+02 2.008191e+02
    endloop
  endfacet
  facet normal 2.675283e-01 9.635500e-01 0.000000e+00
    outer loop
      vertex   -1.467795e+02 1.143768e+02 2.069338e+02
      vertex   -1.467795e+02 1.143768e+02 2.008191e+02
      vertex   -1.471129e+02 1.144694e+02 2.069338e+02
    endloop
  endfacet
  facet normal 2.675283e-01 9.635500e-01 4.478706e-15
    outer loop
      vertex   -1.471129e+02 1.144694e+02 2.069338e+02
      vertex   -1.467795e+02 1.143768e+02 2.008191e+02
      vertex   -1.471129e+02 1.144694e+02 2.008191e+02
    endloop
  endfacet
  facet normal 4.684084e-01 8.835120e-01 4.106679e-15
    outer loop
      vertex   -1.471129e+02 1.144694e+02 2.069338e+02
      vertex   -1.471129e+02 1.144694e+02 2.008191e+02
      vertex   -1.474186e+02 1.146315e+02 2.069338e+02
    endloop
  endfacet
  facet normal 4.684084e-01 8.835120e-01 2.177224e-15
    outer loop
      vertex   -1.474186e+02 1.146315e+02 2.069338e+02
      vertex   -1.471129e+02 1.144694e+02 2.008191e+02
      vertex   -1.474186e+02 1.146315e+02 2.008191e+02
    endloop
  endfacet
  facet normal 6.473863e-01 7.621621e-01 3.009136e-15
    outer loop
      vertex   -1.474186e+02 1.146315e+02 2.069338e+02
      vertex   -1.474186e+02 1.146315e+02 2.008191e+02
      vertex   -1.476823e+02 1.148554e+02 2.069338e+02
    endloop
  endfacet
  facet normal 6.473863e-01 7.621621e-01 6.551764e-15
    outer loop
      vertex   -1.476823e+02 1.148554e+02 2.069338e+02
      vertex   -1.474186e+02 1.146315e+02 2.008191e+02
      vertex   -1.476823e+02 1.148554e+02 2.008191e+02
    endloop
  endfacet
  facet normal 7.960931e-01 6.051742e-01 6.513273e-15
    outer loop
      vertex   -1.476823e+02 1.148554e+02 2.069338e+02
      vertex   -1.476823e+02 1.148554e+02 2.008191e+02
      vertex   -1.478916e+02 1.151309e+02 2.069338e+02
    endloop
  endfacet
  facet normal 7.960931e-01 6.051742e-01 3.700344e-15
    outer loop
      vertex   -1.478916e+02 1.151309e+02 2.069338e+02
      vertex   -1.476823e+02 1.148554e+02 2.008191e+02
      vertex   -1.478916e+02 1.151309e+02 2.008191e+02
    endloop
  endfacet
  facet normal 9.075754e-01 4.198891e-01 4.218529e-15
    outer loop
      vertex   -1.478916e+02 1.151309e+02 2.069338e+02
      vertex   -1.478916e+02 1.151309e+02 2.008191e+02
      vertex   -1.480369e+02 1.154449e+02 2.069338e+02
    endloop
  endfacet
  facet normal 9.075754e-01 4.198891e-01 0.000000e+00
    outer loop
      vertex   -1.480369e+02 1.154449e+02 2.069338e+02
      vertex   -1.478916e+02 1.151309e+02 2.008191e+02
      vertex   -1.480369e+02 1.154449e+02 2.008191e+02
    endloop
  endfacet
  facet normal 9.766206e-01 2.149704e-01 0.000000e+00
    outer loop
      vertex   -1.480369e+02 1.154449e+02 2.069338e+02
      vertex   -1.480369e+02 1.154449e+02 2.008191e+02
      vertex   -1.481113e+02 1.157828e+02 2.069338e+02
    endloop
  endfacet
  facet normal 9.766206e-01 2.149704e-01 0.000000e+00
    outer loop
      vertex   -1.481113e+02 1.157828e+02 2.069338e+02
      vertex   -1.480369e+02 1.154449e+02 2.008191e+02
      vertex   -1.481113e+02 1.157828e+02 2.008191e+02
    endloop
  endfacet
  facet normal 1.000000e+00 -0.000000e+00 0.000000e+00
    outer loop
      vertex   -1.481113e+02 1.157828e+02 2.069338e+02
      vertex   -1.481113e+02 1.157828e+02 2.008191e+02
      vertex   -1.481113e+02 1.161287e+02 2.069338e+02
    endloop
  endfacet
  facet normal 1.000000e+00 0.000000e+00 0.000000e+00
    outer loop
      vertex   -1.481113e+02 1.161287e+02 2.069338e+02
      vertex   -1.481113e+02 1.157828e+02 2.008191e+02
      vertex   -1.481113e+02 1.161287e+02 2.008191e+02
    endloop
  endfacet
  facet normal 9.766206e-01 -2.149704e-01 0.000000e+00
    outer loop
      vertex   -1.481113e+02 1.161287e+02 2.069338e+02
      vertex   -1.481113e+02 1.161287e+02 2.008191e+02
      vertex   -1.480369e+02 1.164666e+02 2.069338e+02
    endloop
  endfacet
  facet normal 9.766206e-01 -2.149704e-01 0.000000e+00
    outer loop
      vertex   -1.480369e+02 1.164666e+02 2.069338e+02
      vertex   -1.481113e+02 1.161287e+02 2.008191e+02
      vertex   -1.480369e+02 1.164666e+02 2.008191e+02
    endloop
  endfacet
  facet normal 9.075754e-01 -4.198891e-01 0.000000e+00
    outer loop
      vertex   -1.480369e+02 1.164666e+02 2.069338e+02
      vertex   -1.480369e+02 1.164666e+02 2.008191e+02
      vertex   -1.478916e+02 1.167806e+02 2.069338e+02
    endloop
  endfacet
  facet normal 9.075754e-01 -4.198891e-01 4.218529e-15
    outer loop
      vertex   -1.478916e+02 1.167806e+02 2.069338e+02
      vertex   -1.480369e+02 1.164666e+02 2.008191e+02
      vertex   -1.478916e+02 1.167806e+02 2.008191e+02
    endloop
  endfacet
  facet normal 7.960931e-01 -6.051742e-01 3.700344e-15
    outer loop
      vertex   -1.478916e+02 1.167806e+02 2.069338e+02
      vertex   -1.478916e+02 1.167806e+02 2.008191e+02
      vertex   -1.476823e+02 1.170561e+02 2.069338e+02
    endloop
  endfacet
  facet normal 7.960931e-01 -6.051742e-01 0.000000e+00
    outer loop
      vertex   -1.476823e+02 1.170561e+02 2.069338e+02
      vertex   -1.478916e+02 1.167806e+02 2.008191e+02
      vertex   -1.476823e+02 1.170561e+02 2.008191e+02
    endloop
  endfacet
  facet normal 6.473863e-01 -7.621621e-01 0.000000e+00
    outer loop
      vertex   -1.476823e+02 1.170561e+02 2.069338e+02
      vertex   -1.476823e+02 1.170561e+02 2.008191e+02
      vertex   -1.474186e+02 1.172801e+02 2.069338e+02
    endloop
  endfacet
  facet normal 6.473863e-01 -7.621621e-01 3.009136e-15
    outer loop
      vertex   -1.474186e+02 1.172801e+02 2.069338e+02
      vertex   -1.476823e+02 1.170561e+02 2.008191e+02
      vertex   -1.474186e+02 1.172801e+02 2.008191e+02
    endloop
  endfacet
  facet normal 4.684084e-01 -8.835120e-01 2.177224e-15
    outer loop
      vertex   -1.474186e+02 1.172801e+02 2.069338e+02
      vertex   -1.474186e+02 1.172801e+02 2.008191e+02
      vertex   -1.471129e+02 1.174421e+02 2.069338e+02
    endloop
  endfacet
  facet normal 4.684084e-01 -8.835120e-01 0.000000e+00
    outer loop
      vertex   -1.471129e+02 1.174421e+02 2.069338e+02
      vertex   -1.474186e+02 1.172801e+02 2.008191e+02
      vertex   -1.471129e+02 1.174421e+02 2.008191e+02
    endloop
  endfacet
  facet normal 2.675283e-01 -9.635500e-01 0.000000e+00
    outer loop
      vertex   -1.471129e+02 1.174421e+02 2.069338e+02
      vertex   -1.471129e+02 1.174421e+02 2.008191e+02
      vertex   -1.467795e+02 1.175347e+02 2.069338e+02
    endloop
  endfacet
  facet normal 2.675283e-01 -9.635500e-01 0.000000e+00
    outer loop
      vertex   -1.467795e+02 1.175347e+02 2.069338e+02
      vertex   -1.471129e+02 1.174421e+02 2.008191e+02
      vertex   -1.467795e+02 1.175347e+02 2.008191e+02
    endloop
  endfacet
  facet normal 5.413891e-02 -9.985334e-01 0.000000e+00
    outer loop
      vertex   -1.467795e+02 1.175347e+02 2.069338e+02
      vertex   -1.467795e+02 1.175347e+02 2.008191e+02
      vertex   -1.464340e+02 1.175534e+02 2.069338e+02
    endloop
  endfacet
  facet normal 5.413891e-02 -9.985334e-01 0.000000e+00
    outer loop
      vertex   -1.464340e+02 1.175534e+02 2.069338e+02
      vertex   -1.467795e+02 1.175347e+02 2.008191e+02
      vertex   -1.464340e+02 1.175534e+02 2.008191e+02
    endloop
  endfacet
  facet normal -1.617820e-01 -9.868265e-01 -0.000000e+00
    outer loop
      vertex   -1.464340e+02 1.175534e+02 2.069338e+02
      vertex   -1.464340e+02 1.175534e+02 2.008191e+02
      vertex   -1.460926e+02 1.174974e+02 2.069338e+02
    endloop
  endfacet
  facet normal -1.617820e-01 -9.868265e-01 -7.519838e-16
    outer loop
      vertex   -1.460926e+02 1.174974e+02 2.069338e+02
      vertex   -1.464340e+02 1.175534e+02 2.008191e+02
      vertex   -1.460926e+02 1.174974e+02 2.008191e+02
    endloop
  endfacet
  facet normal -3.701382e-01 -9.289767e-01 -1.720450e-15
    outer loop
      vertex   -1.460926e+02 1.174974e+02 2.069338e+02
      vertex   -1.460926e+02 1.174974e+02 2.008191e+02
      vertex   -1.457712e+02 1.173694e+02 2.069338e+02
    endloop
  endfacet
  facet normal -3.701382e-01 -9.289767e-01 -2.159002e-15
    outer loop
      vertex   -1.457712e+02 1.173694e+02 2.069338e+02
      vertex   -1.460926e+02 1.174974e+02 2.008191e+02
      vertex   -1.457712e+02 1.173694e+02 2.008191e+02
    endloop
  endfacet
  facet normal -5.611871e-01 -8.276890e-01 -1.923603e-15
    outer loop
      vertex   -1.457712e+02 1.173694e+02 2.069338e+02
      vertex   -1.457712e+02 1.173694e+02 2.008191e+02
      vertex   -1.454848e+02 1.171752e+02 2.069338e+02
    endloop
  endfacet
  facet normal -5.611871e-01 -8.276890e-01 -0.000000e+00
    outer loop
      vertex   -1.454848e+02 1.171752e+02 2.069338e+02
      vertex   -1.457712e+02 1.173694e+02 2.008191e+02
      vertex   -1.454848e+02 1.171752e+02 2.008191e+02
    endloop
  endfacet
  facet normal -7.259955e-01 -6.876995e-01 -0.000000e+00
    outer loop
      vertex   -1.454848e+02 1.171752e+02 2.069338e+02
      vertex   -1.454848e+02 1.171752e+02 2.008191e+02
      vertex   -1.452469e+02 1.169240e+02 2.069338e+02
    endloop
  endfacet
  facet normal -7.259955e-01 -6.876995e-01 -0.000000e+00
    outer loop
      vertex   -1.452469e+02 1.169240e+02 2.069338e+02
      vertex   -1.454848e+02 1.171752e+02 2.008191e+02
      vertex   -1.452469e+02 1.169240e+02 2.008191e+02
    endloop
  endfacet
  facet normal -8.568572e-01 -5.155539e-01 -0.000000e+00
    outer loop
      vertex   -1.452469e+02 1.169240e+02 2.069338e+02
      vertex   -1.452469e+02 1.169240e+02 2.008191e+02
      vertex   -1.450685e+02 1.166276e+02 2.069338e+02
    endloop
  endfacet
  facet normal -8.568572e-01 -5.155539e-01 -0.000000e+00
    outer loop
      vertex   -1.450685e+02 1.166276e+02 2.069338e+02
      vertex   -1.452469e+02 1.169240e+02 2.008191e+02
      vertex   -1.450685e+02 1.166276e+02 2.008191e+02
    endloop
  endfacet
  facet normal -9.476532e-01 -3.193015e-01 -0.000000e+00
    outer loop
      vertex   -1.450685e+02 1.166276e+02 2.069338e+02
      vertex   -1.450685e+02 1.166276e+02 2.008191e+02
      vertex   -1.449581e+02 1.162997e+02 2.069338e+02
    endloop
  endfacet
  facet normal -9.476532e-01 -3.193015e-01 -4.404816e-15
    outer loop
      vertex   -1.449581e+02 1.162997e+02 2.069338e+02
      vertex   -1.450685e+02 1.166276e+02 2.008191e+02
      vertex   -1.449581e+02 1.162997e+02 2.008191e+02
    endloop
  endfacet
  facet normal -9.941380e-01 -1.081190e-01 -4.620883e-15
    outer loop
      vertex   -1.449581e+02 1.162997e+02 2.069338e+02
      vertex   -1.449581e+02 1.162997e+02 2.008191e+02
      vertex   -1.449207e+02 1.159558e+02 2.069338e+02
    endloop
  endfacet
  facet normal -9.941380e-01 -1.081190e-01 -0.000000e+00
    outer loop
      vertex   -1.449207e+02 1.159558e+02 2.069338e+02
      vertex   -1.449581e+02 1.162997e+02 2.008191e+02
      vertex   -1.449207e+02 1.159558e+02 2.008191e+02
    endloop
  endfacet
  facet normal 0.000000e+00 0.000000e+00 -1.000000e+00
    outer loop
      vertex   -1.449581e+02 1.162997e+02 1.947045e+02
      vertex   -1.430207e+02 1.228894e+02 1.947045e+02
      vertex   -1.449207e+02 1.159558e+02 1.947045e+02
    endloop
  endfacet
  facet normal 0.000000e+00 0.000000e+00 -1.000000e+00
    outer loop
      vertex   -1.449207e+02 1.159558e+02 1.947045e+02
      vertex   -1.430207e+02 1.228894e+02 1.947045e+02
      vertex   -1.430207e+02 1.089958e+02 1.947045e+02
    endloop
  endfacet
  facet normal 0.000000e+00 -0.000000e+00 -1.000000e+00
    outer loop
      vertex   -1.449207e+02 1.159558e+02 1.947045e+02
      vertex   -1.430207e+02 1.089958e+02 1.947045e+02
      vertex   -1.449581e+02 1.156118e+02 1.947045e+02
    endloop
  endfacet
  facet normal 0.000000e+00 -0.000000e+00 -1.000000e+00
    outer loop
      vertex   -1.449581e+02 1.156118e+02 1.947045e+02
      vertex   -1.430207e+02 1.089958e+02 1.947045e+02
      vertex   -1.450685e+02 1.152839e+02 1.947045e+02
    endloop
  endfacet
  facet normal 0.000000e+00 -0.000000e+00 -1.000000e+00
    outer loop
      vertex   -1.450685e+02 1.152839e+02 1.947045e+02
      vertex   -1.430207e+02 1.089958e+02 1.947045e+02
      vertex   -1.452469e+02 1.149875e+02 1.947045e+02
    endloop
  endfacet
  facet normal 0.000000e+00 -0.000000e+00 -1.000000e+00
    outer loop
      vertex   -1.452469e+02 1.149875e+02 1.947045e+02
      vertex   -1.430207e+02 1.089958e+02 1.947045e+02
      vertex   -1.454848e+02 1.147363e+02 1.947045e+02
    endloop
  endfacet
  facet normal 0.000000e+00 -0.000000e+00 -1.000000e+00
    outer loop
      vertex   -1.454848e+02 1.147363e+02 1.947045e+02
      vertex   -1.430207e+02 1.089958e+02 1.947045e+02
      vertex   -1.457712e+02 1.145421e+02 1.947045e+02
    endloop
  endfacet
  facet normal 0.000000e+00 -0.000000e+00 -1.000000e+00
    outer loop
      vertex   -1.457712e+02 1.145421e+02 1.947045e+02
      vertex   -1.430207e+02 1.089958e+02 1.947045e+02
      vertex   -1.460926e+02 1.144141e+02 1.947045e+02
    endloop
  endfacet
  facet normal 0.000000e+00 -0.000000e+00 -1.000000e+00
    outer loop
      vertex   -1.460926e+02 1.144141e+02 1.947045e+02
      vertex   -1.430207e+02 1.089958e+02 1.947045e+02
      vertex   -1.464340e+02 1.143581e+02 1.947045e+02
    endloop
  endfacet
  facet normal 0.000000e+00 -0.000000e+00 -1.000000e+00
    outer loop
      vertex   -1.464340e+02 1.143581e+02 1.947045e+02
      vertex   -1.430207e+02 1.089958e+02 1.947045e+02
      vertex   -1.500207e+02 1.089958e+02 1.947045e+02
    endloop
  endfacet
  facet normal -0.000000e+00 0.000000e+00 -1.000000e+00
    outer loop
      vertex   -1.464340e+02 1.143581e+02 1.947045e+02
      vertex   -1.500207e+02 1.089958e+02 1.947045e+02
      vertex   -1.467795e+02 1.143768e+02 1.947045e+02
    endloop
  endfacet
  facet normal -0.000000e+00 0.000000e+00 -1.000000e+00
    outer loop
      vertex   -1.467795e+02 1.143768e+02 1.947045e+02
      vertex   -1.500207e+02 1.089958e+02 1.947045e+02
      vertex   -1.471129e+02 1.144694e+02 1.947045e+02
    endloop
  endfacet
  facet normal -0.000000e+00 0.000000e+00 -1.000000e+00
    outer loop
      vertex   -1.471129e+02 1.144694e+02 1.947045e+02
      vertex   -1.500207e+02 1.089958e+02 1.947045e+02
      vertex   -1.474186e+02 1.146315e+02 1.947045e+02
    endloop
  endfacet
  facet normal -0.000000e+00 0.000000e+00 -1.000000e+00
    outer loop
      vertex   -1.474186e+02 1.146315e+02 1.947045e+02
      vertex   -1.500207e+02 1.089958e+02 1.947045e+02
      vertex   -1.476823e+02 1.148554e+02 1.947045e+02
    endloop
  endfacet
  facet normal -0.000000e+00 0.000000e+00 -1.000000e+00
    outer loop
      vertex   -1.476823e+02 1.148554e+02 1.947045e+02
      vertex   -1.500207e+02 1.089958e+02 1.947045e+02
      vertex   -1.478916e+02 1.151309e+02 1.947045e+02
    endloop
  endfacet
  facet normal -0.000000e+00 0.000000e+00 -1.000000e+00
    outer loop
      vertex   -1.478916e+02 1.151309e+02 1.947045e+02
      vertex   -1.500207e+02 1.089958e+02 1.947045e+02
      vertex   -1.480369e+02 1.154449e+02 1.947045e+02
    endloop
  endfacet
  facet normal -0.000000e+00 0.000000e+00 -1.000000e+00
    outer loop
      vertex   -1.480369e+02 1.154449e+02 1.947045e+02
      vertex   -1.500207e+02 1.089958e+02 1.947045e+02
      vertex   -1.481113e+02 1.157828e+02 1.947045e+02
    endloop
  endfacet
  facet normal -0.000000e+00 0.000000e+00 -1.000000e+00
    outer loop
      vertex   -1.481113e+02 1.157828e+02 1.947045e+02
      vertex   -1.500207e+02 1.089958e+02 1.947045e+02
      vertex   -1.500207e+02 1.228894e+02 1.947045e+02
    endloop
  endfacet
  facet normal 0.000000e+00 0.000000e+00 -1.000000e+00
    outer loop
      vertex   -1.481113e+02 1.157828e+02 1.947045e+02
      vertex   -1.500207e+02 1.228894e+02 1.947045e+02
      vertex   -1.481113e+02 1.161287e+02 1.947045e+02
    endloop
  endfacet
  facet normal 0.000000e+00 0.000000e+00 -1.000000e+00
    outer loop
      vertex   -1.481113e+02 1.161287e+02 1.947045e+02
      vertex   -1.500207e+02 1.228894e+02 1.947045e+02
      vertex   -1.480369e+02 1.164666e+02 1.947045e+02
    endloop
  endfacet
  facet normal 0.000000e+00 0.000000e+00 -1.000000e+00
    outer loop
      vertex   -1.480369e+02 1.164666e+02 1.947045e+02
      vertex   -1.500207e+02 1.228894e+02 1.947045e+02
      vertex   -1.478916e+02 1.167806e+02 1.947045e+02
    endloop
  endfacet
  facet normal 0.000000e+00 0.000000e+00 -1.000000e+00
    outer loop
      vertex   -1.478916e+02 1.167806e+02 1.947045e+02
      vertex   -1.500207e+02 1.228894e+02 1.947045e+02
      vertex   -1.476823e+02 1.170561e+02 1.947045e+02
    endloop
  endfacet
  facet normal 0.000000e+00 0.000000e+00 -1.000000e+00
    outer loop
      vertex   -1.476823e+02 1.170561e+02 1.947045e+02
      vertex   -1.500207e+02 1.228894e+02 1.947045e+02
      vertex   -1.474186e+02 1.172801e+02 1.947045e+02
    endloop
  endfacet
  facet normal 0.000000e+00 0.000000e+00 -1.000000e+00
    outer loop
      vertex   -1.474186e+02 1.172801e+02 1.947045e+02
      vertex   -1.500207e+02 1.228894e+02 1.947045e+02
      vertex   -1.471129e+02 1.174421e+02 1.947045e+02
    endloop
  endfacet
  facet normal 0.000000e+00 0.000000e+00 -1.000000e+00
    outer loop
      vertex   -1.471129e+02 1.174421e+02 1.947045e+02
      vertex   -1.500207e+02 1.228894e+02 1.947045e+02
      vertex   -1.467795e+02 1.175347e+02 1.947045e+02
    endloop
  endfacet
  facet normal 0.000000e+00 0.000000e+00 -1.000000e+00
    outer loop
      vertex   -1.467795e+02 1.175347e+02 1.947045e+02
      vertex   -1.500207e+02 1.228894e+02 1.947045e+02
      vertex   -1.464340e+02 1.175534e+02 1.947045e+02
    endloop
  endfacet
  facet normal 0.000000e+00 0.000000e+00 -1.000000e+00
    outer loop
      vertex   -1.464340e+02 1.175534e+02 1.947045e+02
      vertex   -1.500207e+02 1.228894e+02 1.947045e+02
      vertex   -1.430207e+02 1.228894e+02 1.947045e+02
    endloop
  endfacet
  facet normal 0.000000e+00 0.000000e+00 -1.000000e+00
    outer loop
      vertex   -1.464340e+02 1.175534e+02 1.947045e+02
      vertex   -1.430207e+02 1.228894e+02 1.947045e+02
      vertex   -1.460926e+02 1.174974e+02 1.947045e+02
    endloop
  endfacet
  facet normal 0.000000e+00 0.000000e+00 -1.000000e+00
    outer loop
      vertex   -1.460926e+02 1.174974e+02 1.947045e+02
      vertex   -1.430207e+02 1.228894e+02 1.947045e+02
      vertex   -1.457712e+02 1.173694e+02 1.947045e+02
    endloop
  endfacet
  facet normal 0.000000e+00 0.000000e+00 -1.000000e+00
    outer loop
      vertex   -1.457712e+02 1.173694e+02 1.947045e+02
      vertex   -1.430207e+02 1.228894e+02 1.947045e+02
      vertex   -1.454848e+02 1.171752e+02 1.947045e+02
    endloop
  endfacet
  facet normal 0.000000e+00 0.000000e+00 -1.000000e+00
    outer loop
      vertex   -1.454848e+02 1.171752e+02 1.947045e+02
      vertex   -1.430207e+02 1.228894e+02 1.947045e+02
      vertex   -1.452469e+02 1.169240e+02 1.947045e+02
    endloop
  endfacet
  facet normal 0.000000e+00 0.000000e+00 -1.000000e+00
    outer loop
      vertex   -1.452469e+02 1.169240e+02 1.947045e+02
      vertex   -1.430207e+02 1.228894e+02 1.947045e+02
      vertex   -1.450685e+02 1.166276e+02 1.947045e+02
    endloop
  endfacet
  facet normal 0.000000e+00 0.000000e+00 -1.000000e+00
    outer loop
      vertex   -1.450685e+02 1.166276e+02 1.947045e+02
      vertex   -1.430207e+02 1.228894e+02 1.947045e+02
      vertex   -1.449581e+02 1.162997e+02 1.947045e+02
    endloop
  endfacet
  facet normal 1.000000e+00 0.000000e+00 0.000000e+00
    outer loop
      vertex   -1.430207e+02 1.089958e+02 1.947045e+02
      vertex   -1.430207e+02 1.228894e+02 1.947045e+02
      vertex   -1.430207e+02 1.109194e+02 2.130484e+02
    endloop
  endfacet
  facet normal 1.000000e+00 -2.822389e-15 -1.841694e-15
    outer loop
      vertex   -1.430207e+02 1.109194e+02 2.130484e+02
      vertex   -1.430207e+02 1.228894e+02 1.947045e+02
      vertex   -1.430207e+02 1.209895e+02 2.130484e+02
    endloop
  endfacet
  facet normal 1.000000e+00 0.000000e+00 0.000000e+00
    outer loop
      vertex   -1.500207e+02 1.209895e+02 2.130484e+02
      vertex   -1.500207e+02 1.159667e+02 2.277503e+02
      vertex   -1.500207e+02 1.109194e+02 2.130484e+02
    endloop
  endfacet
  facet normal 1.000000e+00 0.000000e+00 0.000000e+00
    outer loop
      vertex   -1.500207e+02 1.109194e+02 2.130484e+02
      vertex   -1.500207e+02 1.159667e+02 2.277503e+02
      vertex   -1.500207e+02 1.156329e+02 2.277879e+02
    endloop
  endfacet
  facet normal 1.000000e+00 0.000000e+00 0.000000e+00
    outer loop
      vertex   -1.500207e+02 1.109194e+02 2.130484e+02
      vertex   -1.500207e+02 1.156329e+02 2.277879e+02
      vertex   -1.500207e+02 1.153159e+02 2.278988e+02
    endloop
  endfacet
  facet normal 1.000000e+00 0.000000e+00 0.000000e+00
    outer loop
      vertex   -1.500207e+02 1.190318e+02 2.319503e+02
      vertex   -1.500207e+02 1.174291e+02 2.289165e+02
      vertex   -1.500207e+02 1.209895e+02 2.130484e+02
    endloop
  endfacet
  facet normal 1.000000e+00 0.000000e+00 0.000000e+00
    outer loop
      vertex   -1.500207e+02 1.209895e+02 2.130484e+02
      vertex   -1.500207e+02 1.174291e+02 2.289165e+02
      vertex   -1.500207e+02 1.173181e+02 2.285995e+02
    endloop
  endfacet
  facet normal 1.000000e+00 0.000000e+00 0.000000e+00
    outer loop
      vertex   -1.500207e+02 1.209895e+02 2.130484e+02
      vertex   -1.500207e+02 1.173181e+02 2.285995e+02
      vertex   -1.500207e+02 1.171394e+02 2.283150e+02
    endloop
  endfacet
  facet normal 1.000000e+00 0.000000e+00 0.000000e+00
    outer loop
      vertex   -1.500207e+02 1.129016e+02 2.319503e+02
      vertex   -1.500207e+02 1.159667e+02 2.307503e+02
      vertex   -1.500207e+02 1.190318e+02 2.319503e+02
    endloop
  endfacet
  facet normal 1.000000e+00 0.000000e+00 0.000000e+00
    outer loop
      vertex   -1.500207e+02 1.190318e+02 2.319503e+02
      vertex   -1.500207e+02 1.159667e+02 2.307503e+02
      vertex   -1.500207e+02 1.163005e+02 2.307127e+02
    endloop
  endfacet
  facet normal 1.000000e+00 0.000000e+00 0.000000e+00
    outer loop
      vertex   -1.500207e+02 1.190318e+02 2.319503e+02
      vertex   -1.500207e+02 1.163005e+02 2.307127e+02
      vertex   -1.500207e+02 1.166175e+02 2.306017e+02
    endloop
  endfacet
  facet normal 1.000000e+00 0.000000e+00 0.000000e+00
    outer loop
      vertex   -1.500207e+02 1.109194e+02 2.130484e+02
      vertex   -1.500207e+02 1.145043e+02 2.289165e+02
      vertex   -1.500207e+02 1.129016e+02 2.319503e+02
    endloop
  endfacet
  facet normal 1.000000e+00 0.000000e+00 0.000000e+00
    outer loop
      vertex   -1.500207e+02 1.129016e+02 2.319503e+02
      vertex   -1.500207e+02 1.145043e+02 2.289165e+02
      vertex   -1.500207e+02 1.144667e+02 2.292503e+02
    endloop
  endfacet
  facet normal 1.000000e+00 0.000000e+00 0.000000e+00
    outer loop
      vertex   -1.500207e+02 1.129016e+02 2.319503e+02
      vertex   -1.500207e+02 1.144667e+02 2.292503e+02
      vertex   -1.500207e+02 1.145043e+02 2.295841e+02
    endloop
  endfacet
  facet normal 1.000000e+00 0.000000e+00 -0.000000e+00
    outer loop
      vertex   -1.500207e+02 1.145043e+02 2.295841e+02
      vertex   -1.500207e+02 1.146152e+02 2.299011e+02
      vertex   -1.500207e+02 1.129016e+02 2.319503e+02
    endloop
  endfacet
  facet normal 1.000000e+00 0.000000e+00 0.000000e+00
    outer loop
      vertex   -1.500207e+02 1.129016e+02 2.319503e+02
      vertex   -1.500207e+02 1.146152e+02 2.299011e+02
      vertex   -1.500207e+02 1.147939e+02 2.301855e+02
    endloop
  endfacet
  facet normal 1.000000e+00 0.000000e+00 0.000000e+00
    outer loop
      vertex   -1.500207e+02 1.129016e+02 2.319503e+02
      vertex   -1.500207e+02 1.147939e+02 2.301855e+02
      vertex   -1.500207e+02 1.150315e+02 2.304230e+02
    endloop
  endfacet
  facet normal 1.000000e+00 0.000000e+00 -0.000000e+00
    outer loop
      vertex   -1.500207e+02 1.150315e+02 2.304230e+02
      vertex   -1.500207e+02 1.153159e+02 2.306017e+02
      vertex   -1.500207e+02 1.129016e+02 2.319503e+02
    endloop
  endfacet
  facet normal 1.000000e+00 0.000000e+00 0.000000e+00
    outer loop
      vertex   -1.500207e+02 1.129016e+02 2.319503e+02
      vertex   -1.500207e+02 1.153159e+02 2.306017e+02
      vertex   -1.500207e+02 1.156329e+02 2.307127e+02
    endloop
  endfacet
  facet normal 1.000000e+00 0.000000e+00 0.000000e+00
    outer loop
      vertex   -1.500207e+02 1.129016e+02 2.319503e+02
      vertex   -1.500207e+02 1.156329e+02 2.307127e+02
      vertex   -1.500207e+02 1.159667e+02 2.307503e+02
    endloop
  endfacet
  facet normal 1.000000e+00 -0.000000e+00 0.000000e+00
    outer loop
      vertex   -1.500207e+02 1.166175e+02 2.306017e+02
      vertex   -1.500207e+02 1.169019e+02 2.304230e+02
      vertex   -1.500207e+02 1.190318e+02 2.319503e+02
    endloop
  endfacet
  facet normal 1.000000e+00 0.000000e+00 0.000000e+00
    outer loop
      vertex   -1.500207e+02 1.190318e+02 2.319503e+02
      vertex   -1.500207e+02 1.169019e+02 2.304230e+02
      vertex   -1.500207e+02 1.171394e+02 2.301855e+02
    endloop
  endfacet
  facet normal 1.000000e+00 0.000000e+00 0.000000e+00
    outer loop
      vertex   -1.500207e+02 1.190318e+02 2.319503e+02
      vertex   -1.500207e+02 1.171394e+02 2.301855e+02
      vertex   -1.500207e+02 1.173181e+02 2.299011e+02
    endloop
  endfacet
  facet normal 1.000000e+00 -0.000000e+00 0.000000e+00
    outer loop
      vertex   -1.500207e+02 1.173181e+02 2.299011e+02
      vertex   -1.500207e+02 1.174291e+02 2.295841e+02
      vertex   -1.500207e+02 1.190318e+02 2.319503e+02
    endloop
  endfacet
  facet normal 1.000000e+00 0.000000e+00 0.000000e+00
    outer loop
      vertex   -1.500207e+02 1.190318e+02 2.319503e+02
      vertex   -1.500207e+02 1.174291e+02 2.295841e+02
      vertex   -1.500207e+02 1.174667e+02 2.292503e+02
    endloop
  endfacet
  facet normal 1.000000e+00 0.000000e+00 0.000000e+00
    outer loop
      vertex   -1.500207e+02 1.190318e+02 2.319503e+02
      vertex   -1.500207e+02 1.174667e+02 2.292503e+02
      vertex   -1.500207e+02 1.174291e+02 2.289165e+02
    endloop
  endfacet
  facet normal 1.000000e+00 0.000000e+00 0.000000e+00
    outer loop
      vertex   -1.500207e+02 1.171394e+02 2.283150e+02
      vertex   -1.500207e+02 1.169019e+02 2.280775e+02
      vertex   -1.500207e+02 1.209895e+02 2.130484e+02
    endloop
  endfacet
  facet normal 1.000000e+00 0.000000e+00 0.000000e+00
    outer loop
      vertex   -1.500207e+02 1.209895e+02 2.130484e+02
      vertex   -1.500207e+02 1.169019e+02 2.280775e+02
      vertex   -1.500207e+02 1.166175e+02 2.278988e+02
    endloop
  endfacet
  facet normal 1.000000e+00 0.000000e+00 0.000000e+00
    outer loop
      vertex   -1.500207e+02 1.209895e+02 2.130484e+02
      vertex   -1.500207e+02 1.166175e+02 2.278988e+02
      vertex   -1.500207e+02 1.163005e+02 2.277879e+02
    endloop
  endfacet
  facet normal 1.000000e+00 0.000000e+00 0.000000e+00
    outer loop
      vertex   -1.500207e+02 1.163005e+02 2.277879e+02
      vertex   -1.500207e+02 1.159667e+02 2.277503e+02
      vertex   -1.500207e+02 1.209895e+02 2.130484e+02
    endloop
  endfacet
  facet normal 1.000000e+00 0.000000e+00 0.000000e+00
    outer loop
      vertex   -1.500207e+02 1.153159e+02 2.278988e+02
      vertex   -1.500207e+02 1.150315e+02 2.280775e+02
      vertex   -1.500207e+02 1.109194e+02 2.130484e+02
    endloop
  endfacet
  facet normal 1.000000e+00 0.000000e+00 0.000000e+00
    outer loop
      vertex   -1.500207e+02 1.109194e+02 2.130484e+02
      vertex   -1.500207e+02 1.150315e+02 2.280775e+02
      vertex   -1.500207e+02 1.147939e+02 2.283150e+02
    endloop
  endfacet
  facet normal 1.000000e+00 0.000000e+00 0.000000e+00
    outer loop
      vertex   -1.500207e+02 1.109194e+02 2.130484e+02
      vertex   -1.500207e+02 1.147939e+02 2.283150e+02
      vertex   -1.500207e+02 1.146152e+02 2.285995e+02
    endloop
  endfacet
  facet normal 1.000000e+00 0.000000e+00 0.000000e+00
    outer loop
      vertex   -1.500207e+02 1.146152e+02 2.285995e+02
      vertex   -1.500207e+02 1.145043e+02 2.289165e+02
      vertex   -1.500207e+02 1.109194e+02 2.130484e+02
    endloop
  endfacet
  facet normal 1.000000e+00 0.000000e+00 0.000000e+00
    outer loop
      vertex   -1.500207e+02 1.096536e+02 1.800810e+02
      vertex   -1.500207e+02 1.096167e+02 1.805503e+02
      vertex   -1.500207e+02 1.070613e+02 1.762573e+02
    endloop
  endfacet
  facet normal 1.000000e+00 0.000000e+00 0.000000e+00
    outer loop
      vertex   -1.500207e+02 1.070613e+02 1.762573e+02
      vertex   -1.500207e+02 1.096167e+02 1.805503e+02
      vertex   -1.500207e+02 1.096536e+02 1.810196e+02
    endloop
  endfacet
  facet normal 1.000000e+00 0.000000e+00 0.000000e+00
    outer loop
      vertex   -1.500207e+02 1.070613e+02 1.762573e+02
      vertex   -1.500207e+02 1.096536e+02 1.810196e+02
      vertex   -1.500207e+02 1.097635e+02 1.814773e+02
    endloop
  endfacet
  facet normal 1.000000e+00 0.000000e+00 0.000000e+00
    outer loop
      vertex   -1.500207e+02 1.070613e+02 1.762573e+02
      vertex   -1.500207e+02 1.097635e+02 1.814773e+02
      vertex   -1.500207e+02 1.089958e+02 1.947045e+02
    endloop
  endfacet
  facet normal 1.000000e+00 0.000000e+00 0.000000e+00
    outer loop
      vertex   -1.500207e+02 1.089958e+02 1.947045e+02
      vertex   -1.500207e+02 1.097635e+02 1.814773e+02
      vertex   -1.500207e+02 1.099437e+02 1.819123e+02
    endloop
  endfacet
  facet normal 1.000000e+00 0.000000e+00 0.000000e+00
    outer loop
      vertex   -1.500207e+02 1.089958e+02 1.947045e+02
      vertex   -1.500207e+02 1.099437e+02 1.819123e+02
      vertex   -1.500207e+02 1.101896e+02 1.823136e+02
    endloop
  endfacet
  facet normal 1.000000e+00 0.000000e+00 -0.000000e+00
    outer loop
      vertex   -1.500207e+02 1.101896e+02 1.823136e+02
      vertex   -1.500207e+02 1.104954e+02 1.826716e+02
      vertex   -1.500207e+02 1.089958e+02 1.947045e+02
    endloop
  endfacet
  facet normal 1.000000e+00 0.000000e+00 0.000000e+00
    outer loop
      vertex   -1.500207e+02 1.089958e+02 1.947045e+02
      vertex   -1.500207e+02 1.104954e+02 1.826716e+02
      vertex   -1.500207e+02 1.108533e+02 1.829773e+02
    endloop
  endfacet
  facet normal 1.000000e+00 0.000000e+00 0.000000e+00
    outer loop
      vertex   -1.500207e+02 1.089958e+02 1.947045e+02
      vertex   -1.500207e+02 1.108533e+02 1.829773e+02
      vertex   -1.500207e+02 1.112547e+02 1.832233e+02
    endloop
  endfacet
  facet normal 1.000000e+00 0.000000e+00 -0.000000e+00
    outer loop
      vertex   -1.500207e+02 1.112547e+02 1.832233e+02
      vertex   -1.500207e+02 1.116896e+02 1.834035e+02
      vertex   -1.500207e+02 1.089958e+02 1.947045e+02
    endloop
  endfacet
  facet normal 1.000000e+00 0.000000e+00 0.000000e+00
    outer loop
      vertex   -1.500207e+02 1.089958e+02 1.947045e+02
      vertex   -1.500207e+02 1.116896e+02 1.834035e+02
      vertex   -1.500207e+02 1.121474e+02 1.835133e+02
    endloop
  endfacet
  facet normal 1.000000e+00 0.000000e+00 0.000000e+00
    outer loop
      vertex   -1.500207e+02 1.089958e+02 1.947045e+02
      vertex   -1.500207e+02 1.121474e+02 1.835133e+02
      vertex   -1.500207e+02 1.126167e+02 1.835503e+02
    endloop
  endfacet
  facet normal 1.000000e+00 -0.000000e+00 -0.000000e+00
    outer loop
      vertex   -1.500207e+02 1.126167e+02 1.835503e+02
      vertex   -1.500207e+02 1.130860e+02 1.835133e+02
      vertex   -1.500207e+02 1.089958e+02 1.947045e+02
    endloop
  endfacet
  facet normal 1.000000e+00 0.000000e+00 0.000000e+00
    outer loop
      vertex   -1.500207e+02 1.089958e+02 1.947045e+02
      vertex   -1.500207e+02 1.130860e+02 1.835133e+02
      vertex   -1.500207e+02 1.135437e+02 1.834035e+02
    endloop
  endfacet
  facet normal 1.000000e+00 -0.000000e+00 0.000000e+00
    outer loop
      vertex   -1.500207e+02 1.089958e+02 1.947045e+02
      vertex   -1.500207e+02 1.135437e+02 1.834035e+02
      vertex   -1.500207e+02 1.228894e+02 1.947045e+02
    endloop
  endfacet
  facet normal 1.000000e+00 0.000000e+00 0.000000e+00
    outer loop
      vertex   -1.500207e+02 1.228894e+02 1.947045e+02
      vertex   -1.500207e+02 1.135437e+02 1.834035e+02
      vertex   -1.500207e+02 1.183896e+02 1.834035e+02
    endloop
  endfacet
  facet normal 1.000000e+00 0.000000e+00 0.000000e+00
    outer loop
      vertex   -1.500207e+02 1.228894e+02 1.947045e+02
      vertex   -1.500207e+02 1.183896e+02 1.834035e+02
      vertex   -1.500207e+02 1.188474e+02 1.835133e+02
    endloop
  endfacet
  facet normal 1.000000e+00 0.000000e+00 0.000000e+00
    outer loop
      vertex   -1.500207e+02 1.183896e+02 1.834035e+02
      vertex   -1.500207e+02 1.135437e+02 1.834035e+02
      vertex   -1.500207e+02 1.179547e+02 1.832233e+02
    endloop
  endfacet
  facet normal 1.000000e+00 0.000000e+00 0.000000e+00
    outer loop
      vertex   -1.500207e+02 1.179547e+02 1.832233e+02
      vertex   -1.500207e+02 1.135437e+02 1.834035e+02
      vertex   -1.500207e+02 1.139787e+02 1.832233e+02
    endloop
  endfacet
  facet normal 1.000000e+00 0.000000e+00 0.000000e+00
    outer loop
      vertex   -1.500207e+02 1.179547e+02 1.832233e+02
      vertex   -1.500207e+02 1.139787e+02 1.832233e+02
      vertex   -1.500207e+02 1.175533e+02 1.829773e+02
    endloop
  endfacet
  facet normal 1.000000e+00 0.000000e+00 0.000000e+00
    outer loop
      vertex   -1.500207e+02 1.175533e+02 1.829773e+02
      vertex   -1.500207e+02 1.139787e+02 1.832233e+02
      vertex   -1.500207e+02 1.143800e+02 1.829773e+02
    endloop
  endfacet
  facet normal 1.000000e+00 0.000000e+00 0.000000e+00
    outer loop
      vertex   -1.500207e+02 1.175533e+02 1.829773e+02
      vertex   -1.500207e+02 1.143800e+02 1.829773e+02
      vertex   -1.500207e+02 1.171954e+02 1.826716e+02
    endloop
  endfacet
  facet normal 1.000000e+00 0.000000e+00 0.000000e+00
    outer loop
      vertex   -1.500207e+02 1.171954e+02 1.826716e+02
      vertex   -1.500207e+02 1.143800e+02 1.829773e+02
      vertex   -1.500207e+02 1.147380e+02 1.826716e+02
    endloop
  endfacet
  facet normal 1.000000e+00 0.000000e+00 0.000000e+00
    outer loop
      vertex   -1.500207e+02 1.171954e+02 1.826716e+02
      vertex   -1.500207e+02 1.147380e+02 1.826716e+02
      vertex   -1.500207e+02 1.168896e+02 1.823136e+02
    endloop
  endfacet
  facet normal 1.000000e+00 0.000000e+00 0.000000e+00
    outer loop
      vertex   -1.500207e+02 1.168896e+02 1.823136e+02
      vertex   -1.500207e+02 1.147380e+02 1.826716e+02
      vertex   -1.500207e+02 1.150437e+02 1.823136e+02
    endloop
  endfacet
  facet normal 1.000000e+00 0.000000e+00 0.000000e+00
    outer loop
      vertex   -1.500207e+02 1.168896e+02 1.823136e+02
      vertex   -1.500207e+02 1.150437e+02 1.823136e+02
      vertex   -1.500207e+02 1.166437e+02 1.819123e+02
    endloop
  endfacet
  facet normal 1.000000e+00 0.000000e+00 0.000000e+00
    outer loop
      vertex   -1.500207e+02 1.166437e+02 1.819123e+02
      vertex   -1.500207e+02 1.150437e+02 1.823136e+02
      vertex   -1.500207e+02 1.152897e+02 1.819123e+02
    endloop
  endfacet
  facet normal 1.000000e+00 0.000000e+00 0.000000e+00
    outer loop
      vertex   -1.500207e+02 1.166437e+02 1.819123e+02
      vertex   -1.500207e+02 1.152897e+02 1.819123e+02
      vertex   -1.500207e+02 1.164635e+02 1.814773e+02
    endloop
  endfacet
  facet normal 1.000000e+00 0.000000e+00 0.000000e+00
    outer loop
      vertex   -1.500207e+02 1.164635e+02 1.814773e+02
      vertex   -1.500207e+02 1.152897e+02 1.819123e+02
      vertex   -1.500207e+02 1.154699e+02 1.814773e+02
    endloop
  endfacet
  facet normal 1.000000e+00 0.000000e+00 0.000000e+00
    outer loop
      vertex   -1.500207e+02 1.164635e+02 1.814773e+02
      vertex   -1.500207e+02 1.154699e+02 1.814773e+02
      vertex   -1.500207e+02 1.163536e+02 1.810196e+02
    endloop
  endfacet
  facet normal 1.000000e+00 0.000000e+00 0.000000e+00
    outer loop
      vertex   -1.500207e+02 1.163536e+02 1.810196e+02
      vertex   -1.500207e+02 1.154699e+02 1.814773e+02
      vertex   -1.500207e+02 1.155798e+02 1.810196e+02
    endloop
  endfacet
  facet normal 1.000000e+00 0.000000e+00 0.000000e+00
    outer loop
      vertex   -1.500207e+02 1.163536e+02 1.810196e+02
      vertex   -1.500207e+02 1.155798e+02 1.810196e+02
      vertex   -1.500207e+02 1.163167e+02 1.805503e+02
    endloop
  endfacet
  facet normal 1.000000e+00 0.000000e+00 0.000000e+00
    outer loop
      vertex   -1.500207e+02 1.163167e+02 1.805503e+02
      vertex   -1.500207e+02 1.155798e+02 1.810196e+02
      vertex   -1.500207e+02 1.156167e+02 1.805503e+02
    endloop
  endfacet
  facet normal 1.000000e+00 0.000000e+00 0.000000e+00
    outer loop
      vertex   -1.500207e+02 1.163167e+02 1.805503e+02
      vertex   -1.500207e+02 1.156167e+02 1.805503e+02
      vertex   -1.500207e+02 1.163536e+02 1.800810e+02
    endloop
  endfacet
  facet normal 1.000000e+00 0.000000e+00 0.000000e+00
    outer loop
      vertex   -1.500207e+02 1.163536e+02 1.800810e+02
      vertex   -1.500207e+02 1.156167e+02 1.805503e+02
      vertex   -1.500207e+02 1.155798e+02 1.800810e+02
    endloop
  endfacet
  facet normal 1.000000e+00 0.000000e+00 0.000000e+00
    outer loop
      vertex   -1.500207e+02 1.163536e+02 1.800810e+02
      vertex   -1.500207e+02 1.155798e+02 1.800810e+02
      vertex   -1.500207e+02 1.164635e+02 1.796232e+02
    endloop
  endfacet
  facet normal 1.000000e+00 0.000000e+00 0.000000e+00
    outer loop
      vertex   -1.500207e+02 1.164635e+02 1.796232e+02
      vertex   -1.500207e+02 1.155798e+02 1.800810e+02
      vertex   -1.500207e+02 1.154699e+02 1.796232e+02
    endloop
  endfacet
  facet normal 1.000000e+00 0.000000e+00 0.000000e+00
    outer loop
      vertex   -1.500207e+02 1.164635e+02 1.796232e+02
      vertex   -1.500207e+02 1.154699e+02 1.796232e+02
      vertex   -1.500207e+02 1.166437e+02 1.791883e+02
    endloop
  endfacet
  facet normal 1.000000e+00 0.000000e+00 0.000000e+00
    outer loop
      vertex   -1.500207e+02 1.166437e+02 1.791883e+02
      vertex   -1.500207e+02 1.154699e+02 1.796232e+02
      vertex   -1.500207e+02 1.152897e+02 1.791883e+02
    endloop
  endfacet
  facet normal 1.000000e+00 0.000000e+00 0.000000e+00
    outer loop
      vertex   -1.500207e+02 1.166437e+02 1.791883e+02
      vertex   -1.500207e+02 1.152897e+02 1.791883e+02
      vertex   -1.500207e+02 1.168896e+02 1.787869e+02
    endloop
  endfacet
  facet normal 1.000000e+00 0.000000e+00 0.000000e+00
    outer loop
      vertex   -1.500207e+02 1.168896e+02 1.787869e+02
      vertex   -1.500207e+02 1.152897e+02 1.791883e+02
      vertex   -1.500207e+02 1.150437e+02 1.787869e+02
    endloop
  endfacet
  facet normal 1.000000e+00 0.000000e+00 0.000000e+00
    outer loop
      vertex   -1.500207e+02 1.168896e+02 1.787869e+02
      vertex   -1.500207e+02 1.150437e+02 1.787869e+02
      vertex   -1.500207e+02 1.171954e+02 1.784290e+02
    endloop
  endfacet
  facet normal 1.000000e+00 0.000000e+00 0.000000e+00
    outer loop
      vertex   -1.500207e+02 1.171954e+02 1.784290e+02
      vertex   -1.500207e+02 1.150437e+02 1.787869e+02
      vertex   -1.500207e+02 1.147380e+02 1.784290e+02
    endloop
  endfacet
  facet normal 1.000000e+00 0.000000e+00 0.000000e+00
    outer loop
      vertex   -1.500207e+02 1.171954e+02 1.784290e+02
      vertex   -1.500207e+02 1.147380e+02 1.784290e+02
      vertex   -1.500207e+02 1.175533e+02 1.781232e+02
    endloop
  endfacet
  facet normal 1.000000e+00 0.000000e+00 0.000000e+00
    outer loop
      vertex   -1.500207e+02 1.175533e+02 1.781232e+02
      vertex   -1.500207e+02 1.147380e+02 1.784290e+02
      vertex   -1.500207e+02 1.143800e+02 1.781232e+02
    endloop
  endfacet
  facet normal 1.000000e+00 0.000000e+00 0.000000e+00
    outer loop
      vertex   -1.500207e+02 1.175533e+02 1.781232e+02
      vertex   -1.500207e+02 1.143800e+02 1.781232e+02
      vertex   -1.500207e+02 1.179547e+02 1.778773e+02
    endloop
  endfacet
  facet normal 1.000000e+00 0.000000e+00 0.000000e+00
    outer loop
      vertex   -1.500207e+02 1.179547e+02 1.778773e+02
      vertex   -1.500207e+02 1.143800e+02 1.781232e+02
      vertex   -1.500207e+02 1.139787e+02 1.778773e+02
    endloop
  endfacet
  facet normal 1.000000e+00 0.000000e+00 0.000000e+00
    outer loop
      vertex   -1.500207e+02 1.179547e+02 1.778773e+02
      vertex   -1.500207e+02 1.139787e+02 1.778773e+02
      vertex   -1.500207e+02 1.183896e+02 1.776971e+02
    endloop
  endfacet
  facet normal 1.000000e+00 0.000000e+00 0.000000e+00
    outer loop
      vertex   -1.500207e+02 1.183896e+02 1.776971e+02
      vertex   -1.500207e+02 1.139787e+02 1.778773e+02
      vertex   -1.500207e+02 1.135437e+02 1.776971e+02
    endloop
  endfacet
  facet normal 1.000000e+00 0.000000e+00 0.000000e+00
    outer loop
      vertex   -1.500207e+02 1.183896e+02 1.776971e+02
      vertex   -1.500207e+02 1.135437e+02 1.776971e+02
      vertex   -1.500207e+02 1.188474e+02 1.775872e+02
    endloop
  endfacet
  facet normal 1.000000e+00 0.000000e+00 0.000000e+00
    outer loop
      vertex   -1.500207e+02 1.188474e+02 1.775872e+02
      vertex   -1.500207e+02 1.135437e+02 1.776971e+02
      vertex   -1.500207e+02 1.130860e+02 1.775872e+02
    endloop
  endfacet
  facet normal 1.000000e+00 0.000000e+00 0.000000e+00
    outer loop
      vertex   -1.500207e+02 1.188474e+02 1.775872e+02
      vertex   -1.500207e+02 1.130860e+02 1.775872e+02
      vertex   -1.500207e+02 1.248000e+02 1.762573e+02
    endloop
  endfacet
  facet normal 1.000000e+00 0.000000e+00 0.000000e+00
    outer loop
      vertex   -1.500207e+02 1.248000e+02 1.762573e+02
      vertex   -1.500207e+02 1.130860e+02 1.775872e+02
      vertex   -1.500207e+02 1.070613e+02 1.762573e+02
    endloop
  endfacet
  facet normal 1.000000e+00 0.000000e+00 0.000000e+00
    outer loop
      vertex   -1.500207e+02 1.070613e+02 1.762573e+02
      vertex   -1.500207e+02 1.130860e+02 1.775872e+02
      vertex   -1.500207e+02 1.126167e+02 1.775503e+02
    endloop
  endfacet
  facet normal 1.000000e+00 0.000000e+00 0.000000e+00
    outer loop
      vertex   -1.500207e+02 1.070613e+02 1.762573e+02
      vertex   -1.500207e+02 1.126167e+02 1.775503e+02
      vertex   -1.500207e+02 1.121474e+02 1.775872e+02
    endloop
  endfacet
  facet normal 1.000000e+00 0.000000e+00 0.000000e+00
    outer loop
      vertex   -1.500207e+02 1.121474e+02 1.775872e+02
      vertex   -1.500207e+02 1.116896e+02 1.776971e+02
      vertex   -1.500207e+02 1.070613e+02 1.762573e+02
    endloop
  endfacet
  facet normal 1.000000e+00 0.000000e+00 0.000000e+00
    outer loop
      vertex   -1.500207e+02 1.070613e+02 1.762573e+02
      vertex   -1.500207e+02 1.116896e+02 1.776971e+02
      vertex   -1.500207e+02 1.112547e+02 1.778773e+02
    endloop
  endfacet
  facet normal 1.000000e+00 0.000000e+00 0.000000e+00
    outer loop
      vertex   -1.500207e+02 1.070613e+02 1.762573e+02
      vertex   -1.500207e+02 1.112547e+02 1.778773e+02
      vertex   -1.500207e+02 1.108533e+02 1.781232e+02
    endloop
  endfacet
  facet normal 1.000000e+00 0.000000e+00 0.000000e+00
    outer loop
      vertex   -1.500207e+02 1.108533e+02 1.781232e+02
      vertex   -1.500207e+02 1.104954e+02 1.784290e+02
      vertex   -1.500207e+02 1.070613e+02 1.762573e+02
    endloop
  endfacet
  facet normal 1.000000e+00 0.000000e+00 0.000000e+00
    outer loop
      vertex   -1.500207e+02 1.070613e+02 1.762573e+02
      vertex   -1.500207e+02 1.104954e+02 1.784290e+02
      vertex   -1.500207e+02 1.101896e+02 1.787869e+02
    endloop
  endfacet
  facet normal 1.000000e+00 0.000000e+00 0.000000e+00
    outer loop
      vertex   -1.500207e+02 1.070613e+02 1.762573e+02
      vertex   -1.500207e+02 1.101896e+02 1.787869e+02
      vertex   -1.500207e+02 1.099437e+02 1.791883e+02
    endloop
  endfacet
  facet normal 1.000000e+00 0.000000e+00 0.000000e+00
    outer loop
      vertex   -1.500207e+02 1.099437e+02 1.791883e+02
      vertex   -1.500207e+02 1.097635e+02 1.796232e+02
      vertex   -1.500207e+02 1.070613e+02 1.762573e+02
    endloop
  endfacet
  facet normal 1.000000e+00 0.000000e+00 0.000000e+00
    outer loop
      vertex   -1.500207e+02 1.070613e+02 1.762573e+02
      vertex   -1.500207e+02 1.097635e+02 1.796232e+02
      vertex   -1.500207e+02 1.096536e+02 1.800810e+02
    endloop
  endfacet
  facet normal 1.000000e+00 0.000000e+00 0.000000e+00
    outer loop
      vertex   -1.500207e+02 1.188474e+02 1.835133e+02
      vertex   -1.500207e+02 1.193167e+02 1.835503e+02
      vertex   -1.500207e+02 1.228894e+02 1.947045e+02
    endloop
  endfacet
  facet normal 1.000000e+00 0.000000e+00 0.000000e+00
    outer loop
      vertex   -1.500207e+02 1.228894e+02 1.947045e+02
      vertex   -1.500207e+02 1.193167e+02 1.835503e+02
      vertex   -1.500207e+02 1.197860e+02 1.835133e+02
    endloop
  endfacet
  facet normal 1.000000e+00 0.000000e+00 0.000000e+00
    outer loop
      vertex   -1.500207e+02 1.228894e+02 1.947045e+02
      vertex   -1.500207e+02 1.197860e+02 1.835133e+02
      vertex   -1.500207e+02 1.202437e+02 1.834035e+02
    endloop
  endfacet
  facet normal 1.000000e+00 -0.000000e+00 0.000000e+00
    outer loop
      vertex   -1.500207e+02 1.202437e+02 1.834035e+02
      vertex   -1.500207e+02 1.206787e+02 1.832233e+02
      vertex   -1.500207e+02 1.228894e+02 1.947045e+02
    endloop
  endfacet
  facet normal 1.000000e+00 0.000000e+00 0.000000e+00
    outer loop
      vertex   -1.500207e+02 1.228894e+02 1.947045e+02
      vertex   -1.500207e+02 1.206787e+02 1.832233e+02
      vertex   -1.500207e+02 1.210800e+02 1.829773e+02
    endloop
  endfacet
  facet normal 1.000000e+00 0.000000e+00 0.000000e+00
    outer loop
      vertex   -1.500207e+02 1.228894e+02 1.947045e+02
      vertex   -1.500207e+02 1.210800e+02 1.829773e+02
      vertex   -1.500207e+02 1.214380e+02 1.826716e+02
    endloop
  endfacet
  facet normal 1.000000e+00 -0.000000e+00 0.000000e+00
    outer loop
      vertex   -1.500207e+02 1.214380e+02 1.826716e+02
      vertex   -1.500207e+02 1.217437e+02 1.823136e+02
      vertex   -1.500207e+02 1.228894e+02 1.947045e+02
    endloop
  endfacet
  facet normal 1.000000e+00 0.000000e+00 0.000000e+00
    outer loop
      vertex   -1.500207e+02 1.228894e+02 1.947045e+02
      vertex   -1.500207e+02 1.217437e+02 1.823136e+02
      vertex   -1.500207e+02 1.219897e+02 1.819123e+02
    endloop
  endfacet
  facet normal 1.000000e+00 0.000000e+00 0.000000e+00
    outer loop
      vertex   -1.500207e+02 1.228894e+02 1.947045e+02
      vertex   -1.500207e+02 1.219897e+02 1.819123e+02
      vertex   -1.500207e+02 1.221699e+02 1.814773e+02
    endloop
  endfacet
  facet normal 1.000000e+00 0.000000e+00 0.000000e+00
    outer loop
      vertex   -1.500207e+02 1.228894e+02 1.947045e+02
      vertex   -1.500207e+02 1.221699e+02 1.814773e+02
      vertex   -1.500207e+02 1.248000e+02 1.762573e+02
    endloop
  endfacet
  facet normal 1.000000e+00 0.000000e+00 0.000000e+00
    outer loop
      vertex   -1.500207e+02 1.248000e+02 1.762573e+02
      vertex   -1.500207e+02 1.221699e+02 1.814773e+02
      vertex   -1.500207e+02 1.222798e+02 1.810196e+02
    endloop
  endfacet
  facet normal 1.000000e+00 0.000000e+00 0.000000e+00
    outer loop
      vertex   -1.500207e+02 1.248000e+02 1.762573e+02
      vertex   -1.500207e+02 1.222798e+02 1.810196e+02
      vertex   -1.500207e+02 1.223167e+02 1.805503e+02
    endloop
  endfacet
  facet normal 1.000000e+00 0.000000e+00 0.000000e+00
    outer loop
      vertex   -1.500207e+02 1.223167e+02 1.805503e+02
      vertex   -1.500207e+02 1.222798e+02 1.800810e+02
      vertex   -1.500207e+02 1.248000e+02 1.762573e+02
    endloop
  endfacet
  facet normal 1.000000e+00 0.000000e+00 0.000000e+00
    outer loop
      vertex   -1.500207e+02 1.248000e+02 1.762573e+02
      vertex   -1.500207e+02 1.222798e+02 1.800810e+02
      vertex   -1.500207e+02 1.221699e+02 1.796232e+02
    endloop
  endfacet
  facet normal 1.000000e+00 0.000000e+00 0.000000e+00
    outer loop
      vertex   -1.500207e+02 1.248000e+02 1.762573e+02
      vertex   -1.500207e+02 1.221699e+02 1.796232e+02
      vertex   -1.500207e+02 1.219897e+02 1.791883e+02
    endloop
  endfacet
  facet normal 1.000000e+00 0.000000e+00 0.000000e+00
    outer loop
      vertex   -1.500207e+02 1.219897e+02 1.791883e+02
      vertex   -1.500207e+02 1.217437e+02 1.787869e+02
      vertex   -1.500207e+02 1.248000e+02 1.762573e+02
    endloop
  endfacet
  facet normal 1.000000e+00 0.000000e+00 0.000000e+00
    outer loop
      vertex   -1.500207e+02 1.248000e+02 1.762573e+02
      vertex   -1.500207e+02 1.217437e+02 1.787869e+02
      vertex   -1.500207e+02 1.214380e+02 1.784290e+02
    endloop
  endfacet
  facet normal 1.000000e+00 0.000000e+00 0.000000e+00
    outer loop
      vertex   -1.500207e+02 1.248000e+02 1.762573e+02
      vertex   -1.500207e+02 1.214380e+02 1.784290e+02
      vertex   -1.500207e+02 1.210800e+02 1.781232e+02
    endloop
  endfacet
  facet normal 1.000000e+00 0.000000e+00 0.000000e+00
    outer loop
      vertex   -1.500207e+02 1.210800e+02 1.781232e+02
      vertex   -1.500207e+02 1.206787e+02 1.778773e+02
      vertex   -1.500207e+02 1.248000e+02 1.762573e+02
    endloop
  endfacet
  facet normal 1.000000e+00 0.000000e+00 0.000000e+00
    outer loop
      vertex   -1.500207e+02 1.248000e+02 1.762573e+02
      vertex   -1.500207e+02 1.206787e+02 1.778773e+02
      vertex   -1.500207e+02 1.202437e+02 1.776971e+02
    endloop
  endfacet
  facet normal 1.000000e+00 0.000000e+00 0.000000e+00
    outer loop
      vertex   -1.500207e+02 1.248000e+02 1.762573e+02
      vertex   -1.500207e+02 1.202437e+02 1.776971e+02
      vertex   -1.500207e+02 1.197860e+02 1.775872e+02
    endloop
  endfacet
  facet normal 1.000000e+00 0.000000e+00 0.000000e+00
    outer loop
      vertex   -1.500207e+02 1.197860e+02 1.775872e+02
      vertex   -1.500207e+02 1.193167e+02 1.775503e+02
      vertex   -1.500207e+02 1.248000e+02 1.762573e+02
    endloop
  endfacet
  facet normal 1.000000e+00 0.000000e+00 0.000000e+00
    outer loop
      vertex   -1.500207e+02 1.248000e+02 1.762573e+02
      vertex   -1.500207e+02 1.193167e+02 1.775503e+02
      vertex   -1.500207e+02 1.188474e+02 1.775872e+02
    endloop
  endfacet
  facet normal -4.793417e-15 -9.945466e-01 1.042930e-01
    outer loop
      vertex   -1.545207e+02 1.080775e+02 1.859475e+02
      vertex   -1.500207e+02 1.109194e+02 2.130484e+02
      vertex   -1.545207e+02 1.120626e+02 2.239503e+02
    endloop
  endfacet
  facet normal -5.794861e-15 -9.945466e-01 1.042930e-01
    outer loop
      vertex   -1.545207e+02 1.120626e+02 2.239503e+02
      vertex   -1.500207e+02 1.109194e+02 2.130484e+02
      vertex   -1.500207e+02 1.129016e+02 2.319503e+02
    endloop
  endfacet
  facet normal 1.364383e-13 -9.945466e-01 1.042930e-01
    outer loop
      vertex   -1.545207e+02 1.120626e+02 2.239503e+02
      vertex   -1.500207e+02 1.129016e+02 2.319503e+02
      vertex   -1.545510e+02 1.120991e+02 2.242976e+02
    endloop
  endfacet
  facet normal -1.195805e-15 -9.945466e-01 1.042930e-01
    outer loop
      vertex   -1.545510e+02 1.120991e+02 2.242976e+02
      vertex   -1.500207e+02 1.129016e+02 2.319503e+02
      vertex   -1.546413e+02 1.121344e+02 2.246343e+02
    endloop
  endfacet
  facet normal -2.316829e-14 -9.945466e-01 1.042930e-01
    outer loop
      vertex   -1.546413e+02 1.121344e+02 2.246343e+02
      vertex   -1.500207e+02 1.129016e+02 2.319503e+02
      vertex   -1.547886e+02 1.121675e+02 2.249503e+02
    endloop
  endfacet
  facet normal -4.348725e-15 -9.945466e-01 1.042930e-01
    outer loop
      vertex   -1.547886e+02 1.121675e+02 2.249503e+02
      vertex   -1.500207e+02 1.129016e+02 2.319503e+02
      vertex   -1.565207e+02 1.129016e+02 2.319503e+02
    endloop
  endfacet
  facet normal -5.081039e-14 -9.945466e-01 1.042930e-01
    outer loop
      vertex   -1.547886e+02 1.121675e+02 2.249503e+02
      vertex   -1.565207e+02 1.129016e+02 2.319503e+02
      vertex   -1.549886e+02 1.121974e+02 2.252359e+02
    endloop
  endfacet
  facet normal 6.179806e-15 -9.945466e-01 1.042930e-01
    outer loop
      vertex   -1.549886e+02 1.121974e+02 2.252359e+02
      vertex   -1.565207e+02 1.129016e+02 2.319503e+02
      vertex   -1.552351e+02 1.122233e+02 2.254824e+02
    endloop
  endfacet
  facet normal 5.958310e-14 -9.945466e-01 1.042930e-01
    outer loop
      vertex   -1.552351e+02 1.122233e+02 2.254824e+02
      vertex   -1.565207e+02 1.129016e+02 2.319503e+02
      vertex   -1.555207e+02 1.122443e+02 2.256823e+02
    endloop
  endfacet
  facet normal -7.122099e-14 -9.945466e-01 1.042930e-01
    outer loop
      vertex   -1.555207e+02 1.122443e+02 2.256823e+02
      vertex   -1.565207e+02 1.129016e+02 2.319503e+02
      vertex   -1.558366e+02 1.122597e+02 2.258297e+02
    endloop
  endfacet
  facet normal 3.121312e-14 -9.945466e-01 1.042930e-01
    outer loop
      vertex   -1.558366e+02 1.122597e+02 2.258297e+02
      vertex   -1.565207e+02 1.129016e+02 2.319503e+02
      vertex   -1.561734e+02 1.122692e+02 2.259199e+02
    endloop
  endfacet
  facet normal -4.251853e-14 -9.945466e-01 1.042930e-01
    outer loop
      vertex   -1.561734e+02 1.122692e+02 2.259199e+02
      vertex   -1.565207e+02 1.129016e+02 2.319503e+02
      vertex   -1.565207e+02 1.122724e+02 2.259503e+02
    endloop
  endfacet
  facet normal 9.164415e-14 -9.945466e-01 1.042930e-01
    outer loop
      vertex   -1.545510e+02 1.080411e+02 1.856002e+02
      vertex   -1.500207e+02 1.070613e+02 1.762573e+02
      vertex   -1.545207e+02 1.080775e+02 1.859475e+02
    endloop
  endfacet
  facet normal 1.632327e-14 -9.945466e-01 1.042930e-01
    outer loop
      vertex   -1.545207e+02 1.080775e+02 1.859475e+02
      vertex   -1.500207e+02 1.070613e+02 1.762573e+02
      vertex   -1.500207e+02 1.089958e+02 1.947045e+02
    endloop
  endfacet
  facet normal 5.624385e-14 -9.945466e-01 1.042930e-01
    outer loop
      vertex   -1.545207e+02 1.080775e+02 1.859475e+02
      vertex   -1.500207e+02 1.089958e+02 1.947045e+02
      vertex   -1.500207e+02 1.109194e+02 2.130484e+02
    endloop
  endfacet
  facet normal 3.028577e-14 -9.945466e-01 1.042930e-01
    outer loop
      vertex   -1.500207e+02 1.109194e+02 2.130484e+02
      vertex   -1.500207e+02 1.089958e+02 1.947045e+02
      vertex   -1.430207e+02 1.109194e+02 2.130484e+02
    endloop
  endfacet
  facet normal 0.000000e+00 -9.945466e-01 1.042930e-01
    outer loop
      vertex   -1.430207e+02 1.109194e+02 2.130484e+02
      vertex   -1.500207e+02 1.089958e+02 1.947045e+02
      vertex   -1.430207e+02 1.089958e+02 1.947045e+02
    endloop
  endfacet
  facet normal -4.344708e-14 -9.945466e-01 1.042930e-01
    outer loop
      vertex   -1.545510e+02 1.080411e+02 1.856002e+02
      vertex   -1.546413e+02 1.080057e+02 1.852634e+02
      vertex   -1.500207e+02 1.070613e+02 1.762573e+02
    endloop
  endfacet
  facet normal 3.359834e-14 -9.945466e-01 1.042930e-01
    outer loop
      vertex   -1.500207e+02 1.070613e+02 1.762573e+02
      vertex   -1.546413e+02 1.080057e+02 1.852634e+02
      vertex   -1.547886e+02 1.079726e+02 1.849475e+02
    endloop
  endfacet
  facet normal -2.174363e-15 -9.945466e-01 1.042930e-01
    outer loop
      vertex   -1.500207e+02 1.070613e+02 1.762573e+02
      vertex   -1.547886e+02 1.079726e+02 1.849475e+02
      vertex   -1.565207e+02 1.070613e+02 1.762573e+02
    endloop
  endfacet
  facet normal -4.476781e-14 -9.945466e-01 1.042930e-01
    outer loop
      vertex   -1.565207e+02 1.070613e+02 1.762573e+02
      vertex   -1.547886e+02 1.079726e+02 1.849475e+02
      vertex   -1.549886e+02 1.079427e+02 1.846619e+02
    endloop
  endfacet
  facet normal -3.284781e-14 -9.945466e-01 1.042930e-01
    outer loop
      vertex   -1.565207e+02 1.070613e+02 1.762573e+02
      vertex   -1.549886e+02 1.079427e+02 1.846619e+02
      vertex   -1.552351e+02 1.079168e+02 1.844154e+02
    endloop
  endfacet
  facet normal 8.980348e-14 -9.945466e-01 1.042930e-01
    outer loop
      vertex   -1.552351e+02 1.079168e+02 1.844154e+02
      vertex   -1.555207e+02 1.078958e+02 1.842154e+02
      vertex   -1.565207e+02 1.070613e+02 1.762573e+02
    endloop
  endfacet
  facet normal -3.171923e-14 -9.945466e-01 1.042930e-01
    outer loop
      vertex   -1.565207e+02 1.070613e+02 1.762573e+02
      vertex   -1.555207e+02 1.078958e+02 1.842154e+02
      vertex   -1.558366e+02 1.078804e+02 1.840681e+02
    endloop
  endfacet
  facet normal 1.272454e-14 -9.945466e-01 1.042930e-01
    outer loop
      vertex   -1.565207e+02 1.070613e+02 1.762573e+02
      vertex   -1.558366e+02 1.078804e+02 1.840681e+02
      vertex   -1.561734e+02 1.078709e+02 1.839779e+02
    endloop
  endfacet
  facet normal -3.885932e-14 -9.945466e-01 1.042930e-01
    outer loop
      vertex   -1.561734e+02 1.078709e+02 1.839779e+02
      vertex   -1.565207e+02 1.078677e+02 1.839475e+02
      vertex   -1.565207e+02 1.070613e+02 1.762573e+02
    endloop
  endfacet
  facet normal -4.644437e-14 9.946793e-01 1.030197e-01
    outer loop
      vertex   -1.430207e+02 1.209895e+02 2.130484e+02
      vertex   -1.430207e+02 1.228894e+02 1.947045e+02
      vertex   -1.500207e+02 1.209895e+02 2.130484e+02
    endloop
  endfacet
  facet normal 0.000000e+00 9.946793e-01 1.030197e-01
    outer loop
      vertex   -1.500207e+02 1.209895e+02 2.130484e+02
      vertex   -1.430207e+02 1.228894e+02 1.947045e+02
      vertex   -1.500207e+02 1.228894e+02 1.947045e+02
    endloop
  endfacet
  facet normal -4.863131e-14 9.946793e-01 1.030197e-01
    outer loop
      vertex   -1.500207e+02 1.209895e+02 2.130484e+02
      vertex   -1.500207e+02 1.228894e+02 1.947045e+02
      vertex   -1.545207e+02 1.237964e+02 1.859475e+02
    endloop
  endfacet
  facet normal -1.334557e-14 9.946793e-01 1.030197e-01
    outer loop
      vertex   -1.545207e+02 1.237964e+02 1.859475e+02
      vertex   -1.500207e+02 1.228894e+02 1.947045e+02
      vertex   -1.500207e+02 1.248000e+02 1.762573e+02
    endloop
  endfacet
  facet normal -1.015266e-13 9.946793e-01 1.030197e-01
    outer loop
      vertex   -1.545207e+02 1.237964e+02 1.859475e+02
      vertex   -1.500207e+02 1.248000e+02 1.762573e+02
      vertex   -1.545510e+02 1.238323e+02 1.856002e+02
    endloop
  endfacet
  facet normal -5.012001e-15 9.946793e-01 1.030197e-01
    outer loop
      vertex   -1.545510e+02 1.238323e+02 1.856002e+02
      vertex   -1.500207e+02 1.248000e+02 1.762573e+02
      vertex   -1.546413e+02 1.238672e+02 1.852634e+02
    endloop
  endfacet
  facet normal -2.540025e-14 9.946793e-01 1.030197e-01
    outer loop
      vertex   -1.546413e+02 1.238672e+02 1.852634e+02
      vertex   -1.500207e+02 1.248000e+02 1.762573e+02
      vertex   -1.547886e+02 1.238999e+02 1.849475e+02
    endloop
  endfacet
  facet normal 2.173971e-15 9.946793e-01 1.030197e-01
    outer loop
      vertex   -1.547886e+02 1.238999e+02 1.849475e+02
      vertex   -1.500207e+02 1.248000e+02 1.762573e+02
      vertex   -1.565207e+02 1.248000e+02 1.762573e+02
    endloop
  endfacet
  facet normal 5.698885e-14 9.946793e-01 1.030197e-01
    outer loop
      vertex   -1.547886e+02 1.238999e+02 1.849475e+02
      vertex   -1.565207e+02 1.248000e+02 1.762573e+02
      vertex   -1.549886e+02 1.239295e+02 1.846619e+02
    endloop
  endfacet
  facet normal 6.893094e-15 9.946793e-01 1.030197e-01
    outer loop
      vertex   -1.549886e+02 1.239295e+02 1.846619e+02
      vertex   -1.565207e+02 1.248000e+02 1.762573e+02
      vertex   -1.552351e+02 1.239551e+02 1.844154e+02
    endloop
  endfacet
  facet normal 2.775848e-14 9.946793e-01 1.030197e-01
    outer loop
      vertex   -1.552351e+02 1.239551e+02 1.844154e+02
      vertex   -1.565207e+02 1.248000e+02 1.762573e+02
      vertex   -1.555207e+02 1.239758e+02 1.842154e+02
    endloop
  endfacet
  facet normal -5.521865e-14 9.946793e-01 1.030197e-01
    outer loop
      vertex   -1.555207e+02 1.239758e+02 1.842154e+02
      vertex   -1.565207e+02 1.248000e+02 1.762573e+02
      vertex   -1.558366e+02 1.239910e+02 1.840681e+02
    endloop
  endfacet
  facet normal 7.690563e-15 9.946793e-01 1.030197e-01
    outer loop
      vertex   -1.558366e+02 1.239910e+02 1.840681e+02
      vertex   -1.565207e+02 1.248000e+02 1.762573e+02
      vertex   -1.561734e+02 1.240004e+02 1.839779e+02
    endloop
  endfacet
  facet normal 2.467440e-14 9.946793e-01 1.030197e-01
    outer loop
      vertex   -1.561734e+02 1.240004e+02 1.839779e+02
      vertex   -1.565207e+02 1.248000e+02 1.762573e+02
      vertex   -1.565207e+02 1.240035e+02 1.839475e+02
    endloop
  endfacet
  facet normal 8.265614e-17 9.946793e-01 1.030197e-01
    outer loop
      vertex   -1.545207e+02 1.237964e+02 1.859475e+02
      vertex   -1.545207e+02 1.198604e+02 2.239503e+02
      vertex   -1.500207e+02 1.209895e+02 2.130484e+02
    endloop
  endfacet
  facet normal 3.406753e-15 9.946793e-01 1.030197e-01
    outer loop
      vertex   -1.500207e+02 1.209895e+02 2.130484e+02
      vertex   -1.545207e+02 1.198604e+02 2.239503e+02
      vertex   -1.500207e+02 1.190318e+02 2.319503e+02
    endloop
  endfacet
  facet normal -2.837366e-14 9.946793e-01 1.030197e-01
    outer loop
      vertex   -1.500207e+02 1.190318e+02 2.319503e+02
      vertex   -1.545207e+02 1.198604e+02 2.239503e+02
      vertex   -1.545510e+02 1.198244e+02 2.242976e+02
    endloop
  endfacet
  facet normal -3.946682e-14 9.946793e-01 1.030197e-01
    outer loop
      vertex   -1.500207e+02 1.190318e+02 2.319503e+02
      vertex   -1.545510e+02 1.198244e+02 2.242976e+02
      vertex   -1.546413e+02 1.197895e+02 2.246343e+02
    endloop
  endfacet
  facet normal 2.494459e-14 9.946793e-01 1.030197e-01
    outer loop
      vertex   -1.546413e+02 1.197895e+02 2.246343e+02
      vertex   -1.547886e+02 1.197568e+02 2.249503e+02
      vertex   -1.500207e+02 1.190318e+02 2.319503e+02
    endloop
  endfacet
  facet normal 2.174653e-15 9.946793e-01 1.030197e-01
    outer loop
      vertex   -1.500207e+02 1.190318e+02 2.319503e+02
      vertex   -1.547886e+02 1.197568e+02 2.249503e+02
      vertex   -1.565207e+02 1.190318e+02 2.319503e+02
    endloop
  endfacet
  facet normal 4.392360e-14 9.946793e-01 1.030197e-01
    outer loop
      vertex   -1.565207e+02 1.190318e+02 2.319503e+02
      vertex   -1.547886e+02 1.197568e+02 2.249503e+02
      vertex   -1.549886e+02 1.197272e+02 2.252359e+02
    endloop
  endfacet
  facet normal 8.367623e-14 9.946793e-01 1.030197e-01
    outer loop
      vertex   -1.565207e+02 1.190318e+02 2.319503e+02
      vertex   -1.549886e+02 1.197272e+02 2.252359e+02
      vertex   -1.552351e+02 1.197017e+02 2.254824e+02
    endloop
  endfacet
  facet normal -3.762640e-14 9.946793e-01 1.030197e-01
    outer loop
      vertex   -1.552351e+02 1.197017e+02 2.254824e+02
      vertex   -1.555207e+02 1.196810e+02 2.256823e+02
      vertex   -1.565207e+02 1.190318e+02 2.319503e+02
    endloop
  endfacet
  facet normal -4.915875e-14 9.946793e-01 1.030197e-01
    outer loop
      vertex   -1.565207e+02 1.190318e+02 2.319503e+02
      vertex   -1.555207e+02 1.196810e+02 2.256823e+02
      vertex   -1.558366e+02 1.196657e+02 2.258297e+02
    endloop
  endfacet
  facet normal 9.721097e-15 9.946793e-01 1.030197e-01
    outer loop
      vertex   -1.565207e+02 1.190318e+02 2.319503e+02
      vertex   -1.558366e+02 1.196657e+02 2.258297e+02
      vertex   -1.561734e+02 1.196564e+02 2.259199e+02
    endloop
  endfacet
  facet normal 7.686054e-15 9.946793e-01 1.030197e-01
    outer loop
      vertex   -1.561734e+02 1.196564e+02 2.259199e+02
      vertex   -1.565207e+02 1.196533e+02 2.259503e+02
      vertex   -1.565207e+02 1.190318e+02 2.319503e+02
    endloop
  endfacet
  facet normal 0.000000e+00 0.000000e+00 -1.000000e+00
    outer loop
      vertex   -1.565207e+02 1.070613e+02 1.762573e+02
      vertex   -1.565207e+02 1.248000e+02 1.762573e+02
      vertex   -1.500207e+02 1.070613e+02 1.762573e+02
    endloop
  endfacet
  facet normal 0.000000e+00 0.000000e+00 -1.000000e+00
    outer loop
      vertex   -1.500207e+02 1.070613e+02 1.762573e+02
      vertex   -1.565207e+02 1.248000e+02 1.762573e+02
      vertex   -1.500207e+02 1.248000e+02 1.762573e+02
    endloop
  endfacet
  facet normal -8.715090e-02 -5.303273e-04 9.961950e-01
    outer loop
      vertex   -1.561734e+02 1.078709e+02 1.839779e+02
      vertex   -1.561305e+02 1.159356e+02 1.839859e+02
      vertex   -1.565207e+02 1.078677e+02 1.839475e+02
    endloop
  endfacet
  facet normal -1.067054e-01 4.244437e-04 9.942906e-01
    outer loop
      vertex   -1.565207e+02 1.078677e+02 1.839475e+02
      vertex   -1.561305e+02 1.159356e+02 1.839859e+02
      vertex   -1.561734e+02 1.240004e+02 1.839779e+02
    endloop
  endfacet
  facet normal -8.715574e-02 0.000000e+00 9.961947e-01
    outer loop
      vertex   -1.565207e+02 1.078677e+02 1.839475e+02
      vertex   -1.561734e+02 1.240004e+02 1.839779e+02
      vertex   -1.565207e+02 1.240035e+02 1.839475e+02
    endloop
  endfacet
  facet normal -2.588298e-01 4.127789e-04 9.659228e-01
    outer loop
      vertex   -1.561734e+02 1.078709e+02 1.839779e+02
      vertex   -1.558366e+02 1.078804e+02 1.840681e+02
      vertex   -1.561305e+02 1.159356e+02 1.839859e+02
    endloop
  endfacet
  facet normal -2.902846e-01 -8.263572e-04 9.569400e-01
    outer loop
      vertex   -1.561305e+02 1.159356e+02 1.839859e+02
      vertex   -1.558366e+02 1.078804e+02 1.840681e+02
      vertex   -1.557553e+02 1.159356e+02 1.840997e+02
    endloop
  endfacet
  facet normal -2.902846e-01 8.263412e-04 9.569400e-01
    outer loop
      vertex   -1.561305e+02 1.159356e+02 1.839859e+02
      vertex   -1.557553e+02 1.159356e+02 1.840997e+02
      vertex   -1.558366e+02 1.239910e+02 1.840681e+02
    endloop
  endfacet
  facet normal -4.226463e-01 -7.088106e-04 9.062944e-01
    outer loop
      vertex   -1.558366e+02 1.239910e+02 1.840681e+02
      vertex   -1.557553e+02 1.159356e+02 1.840997e+02
      vertex   -1.555207e+02 1.239758e+02 1.842154e+02
    endloop
  endfacet
  facet normal -4.713965e-01 1.064624e-03 8.819208e-01
    outer loop
      vertex   -1.555207e+02 1.239758e+02 1.842154e+02
      vertex   -1.557553e+02 1.159356e+02 1.840997e+02
      vertex   -1.554095e+02 1.159356e+02 1.842845e+02
    endloop
  endfacet
  facet normal -5.736194e-01 -8.882379e-04 8.191215e-01
    outer loop
      vertex   -1.555207e+02 1.239758e+02 1.842154e+02
      vertex   -1.554095e+02 1.159356e+02 1.842845e+02
      vertex   -1.552351e+02 1.239551e+02 1.844154e+02
    endloop
  endfacet
  facet normal -6.343928e-01 1.186064e-03 7.730099e-01
    outer loop
      vertex   -1.552351e+02 1.239551e+02 1.844154e+02
      vertex   -1.554095e+02 1.159356e+02 1.842845e+02
      vertex   -1.551064e+02 1.159356e+02 1.845333e+02
    endloop
  endfacet
  facet normal -7.071557e-01 -9.505341e-04 7.070572e-01
    outer loop
      vertex   -1.552351e+02 1.239551e+02 1.844154e+02
      vertex   -1.551064e+02 1.159356e+02 1.845333e+02
      vertex   -1.549886e+02 1.239295e+02 1.846619e+02
    endloop
  endfacet
  facet normal -7.730099e-01 1.189852e-03 6.343928e-01
    outer loop
      vertex   -1.549886e+02 1.239295e+02 1.846619e+02
      vertex   -1.551064e+02 1.159356e+02 1.845333e+02
      vertex   -1.548577e+02 1.159356e+02 1.848363e+02
    endloop
  endfacet
  facet normal -8.191952e-01 -8.945827e-04 5.735140e-01
    outer loop
      vertex   -1.549886e+02 1.239295e+02 1.846619e+02
      vertex   -1.548577e+02 1.159356e+02 1.848363e+02
      vertex   -1.547886e+02 1.238999e+02 1.849475e+02
    endloop
  endfacet
  facet normal -8.819208e-01 1.074759e-03 4.713965e-01
    outer loop
      vertex   -1.547886e+02 1.238999e+02 1.849475e+02
      vertex   -1.548577e+02 1.159356e+02 1.848363e+02
      vertex   -1.546729e+02 1.159356e+02 1.851821e+02
    endloop
  endfacet
  facet normal -9.063361e-01 -7.187930e-04 4.225570e-01
    outer loop
      vertex   -1.547886e+02 1.238999e+02 1.849475e+02
      vertex   -1.546729e+02 1.159356e+02 1.851821e+02
      vertex   -1.546413e+02 1.238672e+02 1.852634e+02
    endloop
  endfacet
  facet normal -9.569400e-01 8.392394e-04 2.902846e-01
    outer loop
      vertex   -1.546413e+02 1.238672e+02 1.852634e+02
      vertex   -1.546729e+02 1.159356e+02 1.851821e+02
      vertex   -1.545591e+02 1.159356e+02 1.855573e+02
    endloop
  endfacet
  facet normal -9.659366e-01 -4.212660e-04 2.587783e-01
    outer loop
      vertex   -1.546413e+02 1.238672e+02 1.852634e+02
      vertex   -1.545591e+02 1.159356e+02 1.855573e+02
      vertex   -1.545510e+02 1.238323e+02 1.856002e+02
    endloop
  endfacet
  facet normal -9.961897e-01 5.412751e-04 8.721136e-02
    outer loop
      vertex   -1.545510e+02 1.238323e+02 1.856002e+02
      vertex   -1.545591e+02 1.159356e+02 1.855573e+02
      vertex   -1.545207e+02 1.237964e+02 1.859475e+02
    endloop
  endfacet
  facet normal -9.942945e-01 -4.337949e-04 1.066689e-01
    outer loop
      vertex   -1.545207e+02 1.237964e+02 1.859475e+02
      vertex   -1.545591e+02 1.159356e+02 1.855573e+02
      vertex   -1.545510e+02 1.080411e+02 1.856002e+02
    endloop
  endfacet
  facet normal -9.961947e-01 -1.801243e-15 8.715574e-02
    outer loop
      vertex   -1.545207e+02 1.237964e+02 1.859475e+02
      vertex   -1.545510e+02 1.080411e+02 1.856002e+02
      vertex   -1.545207e+02 1.080775e+02 1.859475e+02
    endloop
  endfacet
  facet normal -4.226466e-01 7.088285e-04 9.062943e-01
    outer loop
      vertex   -1.558366e+02 1.078804e+02 1.840681e+02
      vertex   -1.555207e+02 1.078958e+02 1.842154e+02
      vertex   -1.557553e+02 1.159356e+02 1.840997e+02
    endloop
  endfacet
  facet normal -4.713965e-01 -1.064670e-03 8.819208e-01
    outer loop
      vertex   -1.557553e+02 1.159356e+02 1.840997e+02
      vertex   -1.555207e+02 1.078958e+02 1.842154e+02
      vertex   -1.554095e+02 1.159356e+02 1.842845e+02
    endloop
  endfacet
  facet normal -5.736200e-01 8.882870e-04 8.191211e-01
    outer loop
      vertex   -1.555207e+02 1.078958e+02 1.842154e+02
      vertex   -1.552351e+02 1.079168e+02 1.844154e+02
      vertex   -1.554095e+02 1.159356e+02 1.842845e+02
    endloop
  endfacet
  facet normal -6.343928e-01 -1.186154e-03 7.730099e-01
    outer loop
      vertex   -1.554095e+02 1.159356e+02 1.842845e+02
      vertex   -1.552351e+02 1.079168e+02 1.844154e+02
      vertex   -1.551064e+02 1.159356e+02 1.845333e+02
    endloop
  endfacet
  facet normal -7.071563e-01 9.506250e-04 7.070566e-01
    outer loop
      vertex   -1.552351e+02 1.079168e+02 1.844154e+02
      vertex   -1.549886e+02 1.079427e+02 1.846619e+02
      vertex   -1.551064e+02 1.159356e+02 1.845333e+02
    endloop
  endfacet
  facet normal -7.730099e-01 -1.189990e-03 6.343928e-01
    outer loop
      vertex   -1.551064e+02 1.159356e+02 1.845333e+02
      vertex   -1.549886e+02 1.079427e+02 1.846619e+02
      vertex   -1.548577e+02 1.159356e+02 1.848363e+02
    endloop
  endfacet
  facet normal -8.191958e-01 8.947123e-04 5.735132e-01
    outer loop
      vertex   -1.549886e+02 1.079427e+02 1.846619e+02
      vertex   -1.547886e+02 1.079726e+02 1.849475e+02
      vertex   -1.548577e+02 1.159356e+02 1.848363e+02
    endloop
  endfacet
  facet normal -8.819208e-01 -1.074934e-03 4.713965e-01
    outer loop
      vertex   -1.548577e+02 1.159356e+02 1.848363e+02
      vertex   -1.547886e+02 1.079726e+02 1.849475e+02
      vertex   -1.546729e+02 1.159356e+02 1.851821e+02
    endloop
  endfacet
  facet normal -9.063364e-01 7.189379e-04 4.225562e-01
    outer loop
      vertex   -1.547886e+02 1.079726e+02 1.849475e+02
      vertex   -1.546413e+02 1.080057e+02 1.852634e+02
      vertex   -1.546729e+02 1.159356e+02 1.851821e+02
    endloop
  endfacet
  facet normal -9.569400e-01 -8.394196e-04 2.902846e-01
    outer loop
      vertex   -1.546729e+02 1.159356e+02 1.851821e+02
      vertex   -1.546413e+02 1.080057e+02 1.852634e+02
      vertex   -1.545591e+02 1.159356e+02 1.855573e+02
    endloop
  endfacet
  facet normal -9.659368e-01 4.213772e-04 2.587778e-01
    outer loop
      vertex   -1.546413e+02 1.080057e+02 1.852634e+02
      vertex   -1.545510e+02 1.080411e+02 1.856002e+02
      vertex   -1.545591e+02 1.159356e+02 1.855573e+02
    endloop
  endfacet
  facet normal -2.588297e-01 -4.127762e-04 9.659229e-01
    outer loop
      vertex   -1.558366e+02 1.239910e+02 1.840681e+02
      vertex   -1.561734e+02 1.240004e+02 1.839779e+02
      vertex   -1.561305e+02 1.159356e+02 1.839859e+02
    endloop
  endfacet
  facet normal -8.715574e-02 -0.000000e+00 -9.961947e-01
    outer loop
      vertex   -1.565207e+02 1.196533e+02 2.259503e+02
      vertex   -1.561734e+02 1.196564e+02 2.259199e+02
      vertex   -1.565207e+02 1.122724e+02 2.259503e+02
    endloop
  endfacet
  facet normal -8.715574e-02 0.000000e+00 -9.961947e-01
    outer loop
      vertex   -1.565207e+02 1.122724e+02 2.259503e+02
      vertex   -1.561734e+02 1.196564e+02 2.259199e+02
      vertex   -1.561734e+02 1.122692e+02 2.259199e+02
    endloop
  endfacet
  facet normal -2.588190e-01 0.000000e+00 -9.659258e-01
    outer loop
      vertex   -1.561734e+02 1.122692e+02 2.259199e+02
      vertex   -1.561734e+02 1.196564e+02 2.259199e+02
      vertex   -1.558366e+02 1.196657e+02 2.258297e+02
    endloop
  endfacet
  facet normal -2.588190e-01 0.000000e+00 -9.659258e-01
    outer loop
      vertex   -1.561734e+02 1.122692e+02 2.259199e+02
      vertex   -1.558366e+02 1.196657e+02 2.258297e+02
      vertex   -1.558366e+02 1.122597e+02 2.258297e+02
    endloop
  endfacet
  facet normal -4.226183e-01 0.000000e+00 -9.063078e-01
    outer loop
      vertex   -1.558366e+02 1.122597e+02 2.258297e+02
      vertex   -1.558366e+02 1.196657e+02 2.258297e+02
      vertex   -1.555207e+02 1.196810e+02 2.256823e+02
    endloop
  endfacet
  facet normal -4.226183e-01 -5.079818e-15 -9.063078e-01
    outer loop
      vertex   -1.558366e+02 1.122597e+02 2.258297e+02
      vertex   -1.555207e+02 1.196810e+02 2.256823e+02
      vertex   -1.555207e+02 1.122443e+02 2.256823e+02
    endloop
  endfacet
  facet normal -5.735764e-01 -5.322729e-15 -8.191520e-01
    outer loop
      vertex   -1.555207e+02 1.122443e+02 2.256823e+02
      vertex   -1.555207e+02 1.196810e+02 2.256823e+02
      vertex   -1.552351e+02 1.197017e+02 2.254824e+02
    endloop
  endfacet
  facet normal -5.735764e-01 5.293703e-15 -8.191520e-01
    outer loop
      vertex   -1.555207e+02 1.122443e+02 2.256823e+02
      vertex   -1.552351e+02 1.197017e+02 2.254824e+02
      vertex   -1.552351e+02 1.122233e+02 2.254824e+02
    endloop
  endfacet
  facet normal -7.071068e-01 5.374718e-15 -7.071068e-01
    outer loop
      vertex   -1.552351e+02 1.122233e+02 2.254824e+02
      vertex   -1.552351e+02 1.197017e+02 2.254824e+02
      vertex   -1.549886e+02 1.197272e+02 2.252359e+02
    endloop
  endfacet
  facet normal -7.071068e-01 0.000000e+00 -7.071068e-01
    outer loop
      vertex   -1.552351e+02 1.122233e+02 2.254824e+02
      vertex   -1.549886e+02 1.197272e+02 2.252359e+02
      vertex   -1.549886e+02 1.121974e+02 2.252359e+02
    endloop
  endfacet
  facet normal -8.191520e-01 0.000000e+00 -5.735764e-01
    outer loop
      vertex   -1.549886e+02 1.121974e+02 2.252359e+02
      vertex   -1.549886e+02 1.197272e+02 2.252359e+02
      vertex   -1.547886e+02 1.197568e+02 2.249503e+02
    endloop
  endfacet
  facet normal -8.191520e-01 -3.065815e-15 -5.735764e-01
    outer loop
      vertex   -1.549886e+02 1.121974e+02 2.252359e+02
      vertex   -1.547886e+02 1.197568e+02 2.249503e+02
      vertex   -1.547886e+02 1.121675e+02 2.249503e+02
    endloop
  endfacet
  facet normal -9.063078e-01 -3.394088e-15 -4.226183e-01
    outer loop
      vertex   -1.547886e+02 1.121675e+02 2.249503e+02
      vertex   -1.547886e+02 1.197568e+02 2.249503e+02
      vertex   -1.546413e+02 1.197895e+02 2.246343e+02
    endloop
  endfacet
  facet normal -9.063078e-01 0.000000e+00 -4.226183e-01
    outer loop
      vertex   -1.547886e+02 1.121675e+02 2.249503e+02
      vertex   -1.546413e+02 1.197895e+02 2.246343e+02
      vertex   -1.546413e+02 1.121344e+02 2.246343e+02
    endloop
  endfacet
  facet normal -9.659258e-01 0.000000e+00 -2.588190e-01
    outer loop
      vertex   -1.546413e+02 1.121344e+02 2.246343e+02
      vertex   -1.546413e+02 1.197895e+02 2.246343e+02
      vertex   -1.545510e+02 1.198244e+02 2.242976e+02
    endloop
  endfacet
  facet normal -9.659258e-01 9.519839e-16 -2.588190e-01
    outer loop
      vertex   -1.546413e+02 1.121344e+02 2.246343e+02
      vertex   -1.545510e+02 1.198244e+02 2.242976e+02
      vertex   -1.545510e+02 1.120991e+02 2.242976e+02
    endloop
  endfacet
  facet normal -9.961947e-01 3.206469e-16 -8.715574e-02
    outer loop
      vertex   -1.545510e+02 1.120991e+02 2.242976e+02
      vertex   -1.545510e+02 1.198244e+02 2.242976e+02
      vertex   -1.545207e+02 1.198604e+02 2.239503e+02
    endloop
  endfacet
  facet normal -9.961947e-01 0.000000e+00 -8.715574e-02
    outer loop
      vertex   -1.545510e+02 1.120991e+02 2.242976e+02
      vertex   -1.545207e+02 1.198604e+02 2.239503e+02
      vertex   -1.545207e+02 1.120626e+02 2.239503e+02
    endloop
  endfacet
  facet normal -1.000000e+00 -0.000000e+00 0.000000e+00
    outer loop
      vertex   -1.565207e+02 1.110541e+02 1.802063e+02
      vertex   -1.565207e+02 1.070613e+02 1.762573e+02
      vertex   -1.565207e+02 1.110167e+02 1.805503e+02
    endloop
  endfacet
  facet normal -1.000000e+00 -0.000000e+00 0.000000e+00
    outer loop
      vertex   -1.565207e+02 1.110167e+02 1.805503e+02
      vertex   -1.565207e+02 1.070613e+02 1.762573e+02
      vertex   -1.565207e+02 1.078677e+02 1.839475e+02
    endloop
  endfacet
  facet normal -1.000000e+00 0.000000e+00 0.000000e+00
    outer loop
      vertex   -1.565207e+02 1.110167e+02 1.805503e+02
      vertex   -1.565207e+02 1.078677e+02 1.839475e+02
      vertex   -1.565207e+02 1.110541e+02 1.808942e+02
    endloop
  endfacet
  facet normal -1.000000e+00 0.000000e+00 0.000000e+00
    outer loop
      vertex   -1.565207e+02 1.110541e+02 1.808942e+02
      vertex   -1.565207e+02 1.078677e+02 1.839475e+02
      vertex   -1.565207e+02 1.111646e+02 1.812221e+02
    endloop
  endfacet
  facet normal -1.000000e+00 0.000000e+00 0.000000e+00
    outer loop
      vertex   -1.565207e+02 1.111646e+02 1.812221e+02
      vertex   -1.565207e+02 1.078677e+02 1.839475e+02
      vertex   -1.565207e+02 1.113429e+02 1.815186e+02
    endloop
  endfacet
  facet normal -1.000000e+00 0.000000e+00 0.000000e+00
    outer loop
      vertex   -1.565207e+02 1.113429e+02 1.815186e+02
      vertex   -1.565207e+02 1.078677e+02 1.839475e+02
      vertex   -1.565207e+02 1.115809e+02 1.817697e+02
    endloop
  endfacet
  facet normal -1.000000e+00 0.000000e+00 0.000000e+00
    outer loop
      vertex   -1.565207e+02 1.115809e+02 1.817697e+02
      vertex   -1.565207e+02 1.078677e+02 1.839475e+02
      vertex   -1.565207e+02 1.118672e+02 1.819639e+02
    endloop
  endfacet
  facet normal -1.000000e+00 0.000000e+00 0.000000e+00
    outer loop
      vertex   -1.565207e+02 1.118672e+02 1.819639e+02
      vertex   -1.565207e+02 1.078677e+02 1.839475e+02
      vertex   -1.565207e+02 1.121886e+02 1.820920e+02
    endloop
  endfacet
  facet normal -1.000000e+00 0.000000e+00 0.000000e+00
    outer loop
      vertex   -1.565207e+02 1.121886e+02 1.820920e+02
      vertex   -1.565207e+02 1.078677e+02 1.839475e+02
      vertex   -1.565207e+02 1.125301e+02 1.821479e+02
    endloop
  endfacet
  facet normal -1.000000e+00 0.000000e+00 0.000000e+00
    outer loop
      vertex   -1.565207e+02 1.125301e+02 1.821479e+02
      vertex   -1.565207e+02 1.078677e+02 1.839475e+02
      vertex   -1.565207e+02 1.128755e+02 1.821292e+02
    endloop
  endfacet
  facet normal -1.000000e+00 0.000000e+00 0.000000e+00
    outer loop
      vertex   -1.565207e+02 1.128755e+02 1.821292e+02
      vertex   -1.565207e+02 1.078677e+02 1.839475e+02
      vertex   -1.565207e+02 1.240035e+02 1.839475e+02
    endloop
  endfacet
  facet normal -1.000000e+00 0.000000e+00 0.000000e+00
    outer loop
      vertex   -1.565207e+02 1.128755e+02 1.821292e+02
      vertex   -1.565207e+02 1.240035e+02 1.839475e+02
      vertex   -1.565207e+02 1.192301e+02 1.821479e+02
    endloop
  endfacet
  facet normal -1.000000e+00 0.000000e+00 0.000000e+00
    outer loop
      vertex   -1.565207e+02 1.192301e+02 1.821479e+02
      vertex   -1.565207e+02 1.240035e+02 1.839475e+02
      vertex   -1.565207e+02 1.195755e+02 1.821292e+02
    endloop
  endfacet
  facet normal -1.000000e+00 0.000000e+00 0.000000e+00
    outer loop
      vertex   -1.565207e+02 1.195755e+02 1.821292e+02
      vertex   -1.565207e+02 1.240035e+02 1.839475e+02
      vertex   -1.565207e+02 1.199089e+02 1.820366e+02
    endloop
  endfacet
  facet normal -1.000000e+00 0.000000e+00 0.000000e+00
    outer loop
      vertex   -1.565207e+02 1.199089e+02 1.820366e+02
      vertex   -1.565207e+02 1.240035e+02 1.839475e+02
      vertex   -1.565207e+02 1.202146e+02 1.818746e+02
    endloop
  endfacet
  facet normal -1.000000e+00 0.000000e+00 0.000000e+00
    outer loop
      vertex   -1.565207e+02 1.202146e+02 1.818746e+02
      vertex   -1.565207e+02 1.240035e+02 1.839475e+02
      vertex   -1.565207e+02 1.204783e+02 1.816506e+02
    endloop
  endfacet
  facet normal -1.000000e+00 0.000000e+00 0.000000e+00
    outer loop
      vertex   -1.565207e+02 1.204783e+02 1.816506e+02
      vertex   -1.565207e+02 1.240035e+02 1.839475e+02
      vertex   -1.565207e+02 1.206877e+02 1.813752e+02
    endloop
  endfacet
  facet normal -1.000000e+00 0.000000e+00 0.000000e+00
    outer loop
      vertex   -1.565207e+02 1.206877e+02 1.813752e+02
      vertex   -1.565207e+02 1.240035e+02 1.839475e+02
      vertex   -1.565207e+02 1.208329e+02 1.810612e+02
    endloop
  endfacet
  facet normal -1.000000e+00 0.000000e+00 0.000000e+00
    outer loop
      vertex   -1.565207e+02 1.208329e+02 1.810612e+02
      vertex   -1.565207e+02 1.240035e+02 1.839475e+02
      vertex   -1.565207e+02 1.209073e+02 1.807233e+02
    endloop
  endfacet
  facet normal -1.000000e+00 0.000000e+00 0.000000e+00
    outer loop
      vertex   -1.565207e+02 1.209073e+02 1.807233e+02
      vertex   -1.565207e+02 1.240035e+02 1.839475e+02
      vertex   -1.565207e+02 1.209073e+02 1.803773e+02
    endloop
  endfacet
  facet normal -1.000000e+00 0.000000e+00 0.000000e+00
    outer loop
      vertex   -1.565207e+02 1.209073e+02 1.803773e+02
      vertex   -1.565207e+02 1.240035e+02 1.839475e+02
      vertex   -1.565207e+02 1.248000e+02 1.762573e+02
    endloop
  endfacet
  facet normal -1.000000e+00 0.000000e+00 -0.000000e+00
    outer loop
      vertex   -1.565207e+02 1.209073e+02 1.803773e+02
      vertex   -1.565207e+02 1.248000e+02 1.762573e+02
      vertex   -1.565207e+02 1.208329e+02 1.800394e+02
    endloop
  endfacet
  facet normal -1.000000e+00 0.000000e+00 -0.000000e+00
    outer loop
      vertex   -1.565207e+02 1.208329e+02 1.800394e+02
      vertex   -1.565207e+02 1.248000e+02 1.762573e+02
      vertex   -1.565207e+02 1.206877e+02 1.797254e+02
    endloop
  endfacet
  facet normal -1.000000e+00 0.000000e+00 -0.000000e+00
    outer loop
      vertex   -1.565207e+02 1.206877e+02 1.797254e+02
      vertex   -1.565207e+02 1.248000e+02 1.762573e+02
      vertex   -1.565207e+02 1.204783e+02 1.794500e+02
    endloop
  endfacet
  facet normal -1.000000e+00 0.000000e+00 -0.000000e+00
    outer loop
      vertex   -1.565207e+02 1.204783e+02 1.794500e+02
      vertex   -1.565207e+02 1.248000e+02 1.762573e+02
      vertex   -1.565207e+02 1.202146e+02 1.792260e+02
    endloop
  endfacet
  facet normal -1.000000e+00 0.000000e+00 -0.000000e+00
    outer loop
      vertex   -1.565207e+02 1.202146e+02 1.792260e+02
      vertex   -1.565207e+02 1.248000e+02 1.762573e+02
      vertex   -1.565207e+02 1.199089e+02 1.790639e+02
    endloop
  endfacet
  facet normal -1.000000e+00 0.000000e+00 -0.000000e+00
    outer loop
      vertex   -1.565207e+02 1.199089e+02 1.790639e+02
      vertex   -1.565207e+02 1.248000e+02 1.762573e+02
      vertex   -1.565207e+02 1.195755e+02 1.789714e+02
    endloop
  endfacet
  facet normal -1.000000e+00 0.000000e+00 -0.000000e+00
    outer loop
      vertex   -1.565207e+02 1.195755e+02 1.789714e+02
      vertex   -1.565207e+02 1.248000e+02 1.762573e+02
      vertex   -1.565207e+02 1.192301e+02 1.789526e+02
    endloop
  endfacet
  facet normal -1.000000e+00 -0.000000e+00 -0.000000e+00
    outer loop
      vertex   -1.565207e+02 1.192301e+02 1.789526e+02
      vertex   -1.565207e+02 1.248000e+02 1.762573e+02
      vertex   -1.565207e+02 1.128755e+02 1.789714e+02
    endloop
  endfacet
  facet normal -1.000000e+00 0.000000e+00 0.000000e+00
    outer loop
      vertex   -1.565207e+02 1.192301e+02 1.789526e+02
      vertex   -1.565207e+02 1.128755e+02 1.789714e+02
      vertex   -1.565207e+02 1.188886e+02 1.790086e+02
    endloop
  endfacet
  facet normal -1.000000e+00 -0.000000e+00 0.000000e+00
    outer loop
      vertex   -1.565207e+02 1.188886e+02 1.790086e+02
      vertex   -1.565207e+02 1.128755e+02 1.789714e+02
      vertex   -1.565207e+02 1.132089e+02 1.790639e+02
    endloop
  endfacet
  facet normal -1.000000e+00 0.000000e+00 0.000000e+00
    outer loop
      vertex   -1.565207e+02 1.188886e+02 1.790086e+02
      vertex   -1.565207e+02 1.132089e+02 1.790639e+02
      vertex   -1.565207e+02 1.185672e+02 1.791367e+02
    endloop
  endfacet
  facet normal -1.000000e+00 -0.000000e+00 0.000000e+00
    outer loop
      vertex   -1.565207e+02 1.185672e+02 1.791367e+02
      vertex   -1.565207e+02 1.132089e+02 1.790639e+02
      vertex   -1.565207e+02 1.135146e+02 1.792260e+02
    endloop
  endfacet
  facet normal -1.000000e+00 0.000000e+00 0.000000e+00
    outer loop
      vertex   -1.565207e+02 1.185672e+02 1.791367e+02
      vertex   -1.565207e+02 1.135146e+02 1.792260e+02
      vertex   -1.565207e+02 1.182809e+02 1.793308e+02
    endloop
  endfacet
  facet normal -1.000000e+00 -0.000000e+00 0.000000e+00
    outer loop
      vertex   -1.565207e+02 1.182809e+02 1.793308e+02
      vertex   -1.565207e+02 1.135146e+02 1.792260e+02
      vertex   -1.565207e+02 1.137783e+02 1.794500e+02
    endloop
  endfacet
  facet normal -1.000000e+00 0.000000e+00 0.000000e+00
    outer loop
      vertex   -1.565207e+02 1.182809e+02 1.793308e+02
      vertex   -1.565207e+02 1.137783e+02 1.794500e+02
      vertex   -1.565207e+02 1.180429e+02 1.795820e+02
    endloop
  endfacet
  facet normal -1.000000e+00 -0.000000e+00 0.000000e+00
    outer loop
      vertex   -1.565207e+02 1.180429e+02 1.795820e+02
      vertex   -1.565207e+02 1.137783e+02 1.794500e+02
      vertex   -1.565207e+02 1.139877e+02 1.797254e+02
    endloop
  endfacet
  facet normal -1.000000e+00 0.000000e+00 0.000000e+00
    outer loop
      vertex   -1.565207e+02 1.180429e+02 1.795820e+02
      vertex   -1.565207e+02 1.139877e+02 1.797254e+02
      vertex   -1.565207e+02 1.178646e+02 1.798785e+02
    endloop
  endfacet
  facet normal -1.000000e+00 -0.000000e+00 0.000000e+00
    outer loop
      vertex   -1.565207e+02 1.178646e+02 1.798785e+02
      vertex   -1.565207e+02 1.139877e+02 1.797254e+02
      vertex   -1.565207e+02 1.141329e+02 1.800394e+02
    endloop
  endfacet
  facet normal -1.000000e+00 0.000000e+00 0.000000e+00
    outer loop
      vertex   -1.565207e+02 1.178646e+02 1.798785e+02
      vertex   -1.565207e+02 1.141329e+02 1.800394e+02
      vertex   -1.565207e+02 1.177541e+02 1.802063e+02
    endloop
  endfacet
  facet normal -1.000000e+00 -0.000000e+00 0.000000e+00
    outer loop
      vertex   -1.565207e+02 1.177541e+02 1.802063e+02
      vertex   -1.565207e+02 1.141329e+02 1.800394e+02
      vertex   -1.565207e+02 1.142073e+02 1.803773e+02
    endloop
  endfacet
  facet normal -1.000000e+00 0.000000e+00 0.000000e+00
    outer loop
      vertex   -1.565207e+02 1.177541e+02 1.802063e+02
      vertex   -1.565207e+02 1.142073e+02 1.803773e+02
      vertex   -1.565207e+02 1.177167e+02 1.805503e+02
    endloop
  endfacet
  facet normal -1.000000e+00 -0.000000e+00 0.000000e+00
    outer loop
      vertex   -1.565207e+02 1.177167e+02 1.805503e+02
      vertex   -1.565207e+02 1.142073e+02 1.803773e+02
      vertex   -1.565207e+02 1.142073e+02 1.807233e+02
    endloop
  endfacet
  facet normal -1.000000e+00 0.000000e+00 0.000000e+00
    outer loop
      vertex   -1.565207e+02 1.177167e+02 1.805503e+02
      vertex   -1.565207e+02 1.142073e+02 1.807233e+02
      vertex   -1.565207e+02 1.177541e+02 1.808942e+02
    endloop
  endfacet
  facet normal -1.000000e+00 -0.000000e+00 0.000000e+00
    outer loop
      vertex   -1.565207e+02 1.177541e+02 1.808942e+02
      vertex   -1.565207e+02 1.142073e+02 1.807233e+02
      vertex   -1.565207e+02 1.141329e+02 1.810612e+02
    endloop
  endfacet
  facet normal -1.000000e+00 0.000000e+00 0.000000e+00
    outer loop
      vertex   -1.565207e+02 1.177541e+02 1.808942e+02
      vertex   -1.565207e+02 1.141329e+02 1.810612e+02
      vertex   -1.565207e+02 1.178646e+02 1.812221e+02
    endloop
  endfacet
  facet normal -1.000000e+00 -0.000000e+00 0.000000e+00
    outer loop
      vertex   -1.565207e+02 1.178646e+02 1.812221e+02
      vertex   -1.565207e+02 1.141329e+02 1.810612e+02
      vertex   -1.565207e+02 1.139877e+02 1.813752e+02
    endloop
  endfacet
  facet normal -1.000000e+00 0.000000e+00 0.000000e+00
    outer loop
      vertex   -1.565207e+02 1.178646e+02 1.812221e+02
      vertex   -1.565207e+02 1.139877e+02 1.813752e+02
      vertex   -1.565207e+02 1.180429e+02 1.815186e+02
    endloop
  endfacet
  facet normal -1.000000e+00 -0.000000e+00 0.000000e+00
    outer loop
      vertex   -1.565207e+02 1.180429e+02 1.815186e+02
      vertex   -1.565207e+02 1.139877e+02 1.813752e+02
      vertex   -1.565207e+02 1.137783e+02 1.816506e+02
    endloop
  endfacet
  facet normal -1.000000e+00 0.000000e+00 0.000000e+00
    outer loop
      vertex   -1.565207e+02 1.180429e+02 1.815186e+02
      vertex   -1.565207e+02 1.137783e+02 1.816506e+02
      vertex   -1.565207e+02 1.182809e+02 1.817697e+02
    endloop
  endfacet
  facet normal -1.000000e+00 -0.000000e+00 0.000000e+00
    outer loop
      vertex   -1.565207e+02 1.182809e+02 1.817697e+02
      vertex   -1.565207e+02 1.137783e+02 1.816506e+02
      vertex   -1.565207e+02 1.135146e+02 1.818746e+02
    endloop
  endfacet
  facet normal -1.000000e+00 0.000000e+00 0.000000e+00
    outer loop
      vertex   -1.565207e+02 1.182809e+02 1.817697e+02
      vertex   -1.565207e+02 1.135146e+02 1.818746e+02
      vertex   -1.565207e+02 1.185672e+02 1.819639e+02
    endloop
  endfacet
  facet normal -1.000000e+00 -0.000000e+00 0.000000e+00
    outer loop
      vertex   -1.565207e+02 1.185672e+02 1.819639e+02
      vertex   -1.565207e+02 1.135146e+02 1.818746e+02
      vertex   -1.565207e+02 1.132089e+02 1.820366e+02
    endloop
  endfacet
  facet normal -1.000000e+00 0.000000e+00 0.000000e+00
    outer loop
      vertex   -1.565207e+02 1.185672e+02 1.819639e+02
      vertex   -1.565207e+02 1.132089e+02 1.820366e+02
      vertex   -1.565207e+02 1.188886e+02 1.820920e+02
    endloop
  endfacet
  facet normal -1.000000e+00 -0.000000e+00 0.000000e+00
    outer loop
      vertex   -1.565207e+02 1.188886e+02 1.820920e+02
      vertex   -1.565207e+02 1.132089e+02 1.820366e+02
      vertex   -1.565207e+02 1.128755e+02 1.821292e+02
    endloop
  endfacet
  facet normal -1.000000e+00 0.000000e+00 0.000000e+00
    outer loop
      vertex   -1.565207e+02 1.188886e+02 1.820920e+02
      vertex   -1.565207e+02 1.128755e+02 1.821292e+02
      vertex   -1.565207e+02 1.192301e+02 1.821479e+02
    endloop
  endfacet
  facet normal -1.000000e+00 0.000000e+00 -0.000000e+00
    outer loop
      vertex   -1.565207e+02 1.110541e+02 1.802063e+02
      vertex   -1.565207e+02 1.111646e+02 1.798785e+02
      vertex   -1.565207e+02 1.070613e+02 1.762573e+02
    endloop
  endfacet
  facet normal -1.000000e+00 0.000000e+00 0.000000e+00
    outer loop
      vertex   -1.565207e+02 1.070613e+02 1.762573e+02
      vertex   -1.565207e+02 1.111646e+02 1.798785e+02
      vertex   -1.565207e+02 1.113429e+02 1.795820e+02
    endloop
  endfacet
  facet normal -1.000000e+00 0.000000e+00 0.000000e+00
    outer loop
      vertex   -1.565207e+02 1.070613e+02 1.762573e+02
      vertex   -1.565207e+02 1.113429e+02 1.795820e+02
      vertex   -1.565207e+02 1.115809e+02 1.793308e+02
    endloop
  endfacet
  facet normal -1.000000e+00 0.000000e+00 -0.000000e+00
    outer loop
      vertex   -1.565207e+02 1.115809e+02 1.793308e+02
      vertex   -1.565207e+02 1.118672e+02 1.791367e+02
      vertex   -1.565207e+02 1.070613e+02 1.762573e+02
    endloop
  endfacet
  facet normal -1.000000e+00 0.000000e+00 0.000000e+00
    outer loop
      vertex   -1.565207e+02 1.070613e+02 1.762573e+02
      vertex   -1.565207e+02 1.118672e+02 1.791367e+02
      vertex   -1.565207e+02 1.121886e+02 1.790086e+02
    endloop
  endfacet
  facet normal -1.000000e+00 0.000000e+00 0.000000e+00
    outer loop
      vertex   -1.565207e+02 1.070613e+02 1.762573e+02
      vertex   -1.565207e+02 1.121886e+02 1.790086e+02
      vertex   -1.565207e+02 1.125301e+02 1.789526e+02
    endloop
  endfacet
  facet normal -1.000000e+00 0.000000e+00 -0.000000e+00
    outer loop
      vertex   -1.565207e+02 1.125301e+02 1.789526e+02
      vertex   -1.565207e+02 1.128755e+02 1.789714e+02
      vertex   -1.565207e+02 1.070613e+02 1.762573e+02
    endloop
  endfacet
  facet normal -1.000000e+00 0.000000e+00 0.000000e+00
    outer loop
      vertex   -1.565207e+02 1.070613e+02 1.762573e+02
      vertex   -1.565207e+02 1.128755e+02 1.789714e+02
      vertex   -1.565207e+02 1.248000e+02 1.762573e+02
    endloop
  endfacet
  facet normal 4.345077e-15 9.937122e-01 1.119645e-01
    outer loop
      vertex   -1.500207e+02 1.145043e+02 2.289165e+02
      vertex   -1.565207e+02 1.145043e+02 2.289165e+02
      vertex   -1.500207e+02 1.144667e+02 2.292503e+02
    endloop
  endfacet
  facet normal 2.172538e-15 9.937122e-01 1.119645e-01
    outer loop
      vertex   -1.500207e+02 1.144667e+02 2.292503e+02
      vertex   -1.565207e+02 1.145043e+02 2.289165e+02
      vertex   -1.565207e+02 1.144667e+02 2.292503e+02
    endloop
  endfacet
  facet normal 2.172538e-15 9.937122e-01 -1.119645e-01
    outer loop
      vertex   -1.500207e+02 1.144667e+02 2.292503e+02
      vertex   -1.565207e+02 1.144667e+02 2.292503e+02
      vertex   -1.500207e+02 1.145043e+02 2.295841e+02
    endloop
  endfacet
  facet normal 4.345077e-15 9.937122e-01 -1.119645e-01
    outer loop
      vertex   -1.500207e+02 1.145043e+02 2.295841e+02
      vertex   -1.565207e+02 1.144667e+02 2.292503e+02
      vertex   -1.565207e+02 1.145043e+02 2.295841e+02
    endloop
  endfacet
  facet normal 4.127197e-15 9.438833e-01 -3.302791e-01
    outer loop
      vertex   -1.500207e+02 1.145043e+02 2.295841e+02
      vertex   -1.565207e+02 1.145043e+02 2.295841e+02
      vertex   -1.500207e+02 1.146152e+02 2.299011e+02
    endloop
  endfacet
  facet normal 4.127197e-15 9.438833e-01 -3.302791e-01
    outer loop
      vertex   -1.500207e+02 1.146152e+02 2.299011e+02
      vertex   -1.565207e+02 1.145043e+02 2.295841e+02
      vertex   -1.565207e+02 1.146152e+02 2.299011e+02
    endloop
  endfacet
  facet normal 3.702361e-15 8.467242e-01 -5.320321e-01
    outer loop
      vertex   -1.500207e+02 1.146152e+02 2.299011e+02
      vertex   -1.565207e+02 1.146152e+02 2.299011e+02
      vertex   -1.500207e+02 1.147939e+02 2.301855e+02
    endloop
  endfacet
  facet normal 1.851181e-15 8.467242e-01 -5.320321e-01
    outer loop
      vertex   -1.500207e+02 1.147939e+02 2.301855e+02
      vertex   -1.565207e+02 1.146152e+02 2.299011e+02
      vertex   -1.565207e+02 1.147939e+02 2.301855e+02
    endloop
  endfacet
  facet normal 1.545937e-15 7.071068e-01 -7.071068e-01
    outer loop
      vertex   -1.500207e+02 1.147939e+02 2.301855e+02
      vertex   -1.565207e+02 1.147939e+02 2.301855e+02
      vertex   -1.500207e+02 1.150315e+02 2.304230e+02
    endloop
  endfacet
  facet normal 1.545937e-15 7.071068e-01 -7.071068e-01
    outer loop
      vertex   -1.500207e+02 1.150315e+02 2.304230e+02
      vertex   -1.565207e+02 1.147939e+02 2.301855e+02
      vertex   -1.565207e+02 1.150315e+02 2.304230e+02
    endloop
  endfacet
  facet normal 1.163174e-15 5.320321e-01 -8.467242e-01
    outer loop
      vertex   -1.500207e+02 1.150315e+02 2.304230e+02
      vertex   -1.565207e+02 1.150315e+02 2.304230e+02
      vertex   -1.500207e+02 1.153159e+02 2.306017e+02
    endloop
  endfacet
  facet normal 1.163174e-15 5.320321e-01 -8.467242e-01
    outer loop
      vertex   -1.500207e+02 1.153159e+02 2.306017e+02
      vertex   -1.565207e+02 1.150315e+02 2.304230e+02
      vertex   -1.565207e+02 1.153159e+02 2.306017e+02
    endloop
  endfacet
  facet normal 7.220843e-16 3.302791e-01 -9.438833e-01
    outer loop
      vertex   -1.500207e+02 1.153159e+02 2.306017e+02
      vertex   -1.565207e+02 1.153159e+02 2.306017e+02
      vertex   -1.500207e+02 1.156329e+02 2.307127e+02
    endloop
  endfacet
  facet normal 1.444169e-15 3.302791e-01 -9.438833e-01
    outer loop
      vertex   -1.500207e+02 1.156329e+02 2.307127e+02
      vertex   -1.565207e+02 1.153159e+02 2.306017e+02
      vertex   -1.565207e+02 1.156329e+02 2.307127e+02
    endloop
  endfacet
  facet normal 4.895726e-16 1.119645e-01 -9.937122e-01
    outer loop
      vertex   -1.500207e+02 1.156329e+02 2.307127e+02
      vertex   -1.565207e+02 1.156329e+02 2.307127e+02
      vertex   -1.500207e+02 1.159667e+02 2.307503e+02
    endloop
  endfacet
  facet normal 2.447863e-16 1.119645e-01 -9.937122e-01
    outer loop
      vertex   -1.500207e+02 1.159667e+02 2.307503e+02
      vertex   -1.565207e+02 1.156329e+02 2.307127e+02
      vertex   -1.565207e+02 1.159667e+02 2.307503e+02
    endloop
  endfacet
  facet normal -2.447863e-16 -1.119645e-01 -9.937122e-01
    outer loop
      vertex   -1.500207e+02 1.159667e+02 2.307503e+02
      vertex   -1.565207e+02 1.159667e+02 2.307503e+02
      vertex   -1.500207e+02 1.163005e+02 2.307127e+02
    endloop
  endfacet
  facet normal -4.895726e-16 -1.119645e-01 -9.937122e-01
    outer loop
      vertex   -1.500207e+02 1.163005e+02 2.307127e+02
      vertex   -1.565207e+02 1.159667e+02 2.307503e+02
      vertex   -1.565207e+02 1.163005e+02 2.307127e+02
    endloop
  endfacet
  facet normal -1.444169e-15 -3.302791e-01 -9.438833e-01
    outer loop
      vertex   -1.500207e+02 1.163005e+02 2.307127e+02
      vertex   -1.565207e+02 1.163005e+02 2.307127e+02
      vertex   -1.500207e+02 1.166175e+02 2.306017e+02
    endloop
  endfacet
  facet normal -7.220843e-16 -3.302791e-01 -9.438833e-01
    outer loop
      vertex   -1.500207e+02 1.166175e+02 2.306017e+02
      vertex   -1.565207e+02 1.163005e+02 2.307127e+02
      vertex   -1.565207e+02 1.166175e+02 2.306017e+02
    endloop
  endfacet
  facet normal -1.163174e-15 -5.320321e-01 -8.467242e-01
    outer loop
      vertex   -1.500207e+02 1.166175e+02 2.306017e+02
      vertex   -1.565207e+02 1.166175e+02 2.306017e+02
      vertex   -1.500207e+02 1.169019e+02 2.304230e+02
    endloop
  endfacet
  facet normal -1.163174e-15 -5.320321e-01 -8.467242e-01
    outer loop
      vertex   -1.500207e+02 1.169019e+02 2.304230e+02
      vertex   -1.565207e+02 1.166175e+02 2.306017e+02
      vertex   -1.565207e+02 1.169019e+02 2.304230e+02
    endloop
  endfacet
  facet normal -1.545937e-15 -7.071068e-01 -7.071068e-01
    outer loop
      vertex   -1.500207e+02 1.169019e+02 2.304230e+02
      vertex   -1.565207e+02 1.169019e+02 2.304230e+02
      vertex   -1.500207e+02 1.171394e+02 2.301855e+02
    endloop
  endfacet
  facet normal -1.545937e-15 -7.071068e-01 -7.071068e-01
    outer loop
      vertex   -1.500207e+02 1.171394e+02 2.301855e+02
      vertex   -1.565207e+02 1.169019e+02 2.304230e+02
      vertex   -1.565207e+02 1.171394e+02 2.301855e+02
    endloop
  endfacet
  facet normal -1.851181e-15 -8.467242e-01 -5.320321e-01
    outer loop
      vertex   -1.500207e+02 1.171394e+02 2.301855e+02
      vertex   -1.565207e+02 1.171394e+02 2.301855e+02
      vertex   -1.500207e+02 1.173181e+02 2.299011e+02
    endloop
  endfacet
  facet normal -1.851181e-15 -8.467242e-01 -5.320321e-01
    outer loop
      vertex   -1.500207e+02 1.173181e+02 2.299011e+02
      vertex   -1.565207e+02 1.171394e+02 2.301855e+02
      vertex   -1.565207e+02 1.173181e+02 2.299011e+02
    endloop
  endfacet
  facet normal -2.063598e-15 -9.438833e-01 -3.302791e-01
    outer loop
      vertex   -1.500207e+02 1.173181e+02 2.299011e+02
      vertex   -1.565207e+02 1.173181e+02 2.299011e+02
      vertex   -1.500207e+02 1.174291e+02 2.295841e+02
    endloop
  endfacet
  facet normal -2.063598e-15 -9.438833e-01 -3.302791e-01
    outer loop
      vertex   -1.500207e+02 1.174291e+02 2.295841e+02
      vertex   -1.565207e+02 1.173181e+02 2.299011e+02
      vertex   -1.565207e+02 1.174291e+02 2.295841e+02
    endloop
  endfacet
  facet normal -2.172538e-15 -9.937122e-01 -1.119645e-01
    outer loop
      vertex   -1.500207e+02 1.174291e+02 2.295841e+02
      vertex   -1.565207e+02 1.174291e+02 2.295841e+02
      vertex   -1.500207e+02 1.174667e+02 2.292503e+02
    endloop
  endfacet
  facet normal -2.172538e-15 -9.937122e-01 -1.119645e-01
    outer loop
      vertex   -1.500207e+02 1.174667e+02 2.292503e+02
      vertex   -1.565207e+02 1.174291e+02 2.295841e+02
      vertex   -1.565207e+02 1.174667e+02 2.292503e+02
    endloop
  endfacet
  facet normal -2.172538e-15 -9.937122e-01 1.119645e-01
    outer loop
      vertex   -1.500207e+02 1.174667e+02 2.292503e+02
      vertex   -1.565207e+02 1.174667e+02 2.292503e+02
      vertex   -1.500207e+02 1.174291e+02 2.289165e+02
    endloop
  endfacet
  facet normal -2.172538e-15 -9.937122e-01 1.119645e-01
    outer loop
      vertex   -1.500207e+02 1.174291e+02 2.289165e+02
      vertex   -1.565207e+02 1.174667e+02 2.292503e+02
      vertex   -1.565207e+02 1.174291e+02 2.289165e+02
    endloop
  endfacet
  facet normal -2.063598e-15 -9.438833e-01 3.302791e-01
    outer loop
      vertex   -1.500207e+02 1.174291e+02 2.289165e+02
      vertex   -1.565207e+02 1.174291e+02 2.289165e+02
      vertex   -1.500207e+02 1.173181e+02 2.285995e+02
    endloop
  endfacet
  facet normal -2.063598e-15 -9.438833e-01 3.302791e-01
    outer loop
      vertex   -1.500207e+02 1.173181e+02 2.285995e+02
      vertex   -1.565207e+02 1.174291e+02 2.289165e+02
      vertex   -1.565207e+02 1.173181e+02 2.285995e+02
    endloop
  endfacet
  facet normal -1.851181e-15 -8.467242e-01 5.320321e-01
    outer loop
      vertex   -1.500207e+02 1.173181e+02 2.285995e+02
      vertex   -1.565207e+02 1.173181e+02 2.285995e+02
      vertex   -1.500207e+02 1.171394e+02 2.283150e+02
    endloop
  endfacet
  facet normal -1.851181e-15 -8.467242e-01 5.320321e-01
    outer loop
      vertex   -1.500207e+02 1.171394e+02 2.283150e+02
      vertex   -1.565207e+02 1.173181e+02 2.285995e+02
      vertex   -1.565207e+02 1.171394e+02 2.283150e+02
    endloop
  endfacet
  facet normal -1.545937e-15 -7.071068e-01 7.071068e-01
    outer loop
      vertex   -1.500207e+02 1.171394e+02 2.283150e+02
      vertex   -1.565207e+02 1.171394e+02 2.283150e+02
      vertex   -1.500207e+02 1.169019e+02 2.280775e+02
    endloop
  endfacet
  facet normal -1.545937e-15 -7.071068e-01 7.071068e-01
    outer loop
      vertex   -1.500207e+02 1.169019e+02 2.280775e+02
      vertex   -1.565207e+02 1.171394e+02 2.283150e+02
      vertex   -1.565207e+02 1.169019e+02 2.280775e+02
    endloop
  endfacet
  facet normal -1.163174e-15 -5.320321e-01 8.467242e-01
    outer loop
      vertex   -1.500207e+02 1.169019e+02 2.280775e+02
      vertex   -1.565207e+02 1.169019e+02 2.280775e+02
      vertex   -1.500207e+02 1.166175e+02 2.278988e+02
    endloop
  endfacet
  facet normal -1.163174e-15 -5.320321e-01 8.467242e-01
    outer loop
      vertex   -1.500207e+02 1.166175e+02 2.278988e+02
      vertex   -1.565207e+02 1.169019e+02 2.280775e+02
      vertex   -1.565207e+02 1.166175e+02 2.278988e+02
    endloop
  endfacet
  facet normal -7.220843e-16 -3.302791e-01 9.438833e-01
    outer loop
      vertex   -1.500207e+02 1.166175e+02 2.278988e+02
      vertex   -1.565207e+02 1.166175e+02 2.278988e+02
      vertex   -1.500207e+02 1.163005e+02 2.277879e+02
    endloop
  endfacet
  facet normal -1.444169e-15 -3.302791e-01 9.438833e-01
    outer loop
      vertex   -1.500207e+02 1.163005e+02 2.277879e+02
      vertex   -1.565207e+02 1.166175e+02 2.278988e+02
      vertex   -1.565207e+02 1.163005e+02 2.277879e+02
    endloop
  endfacet
  facet normal -4.895726e-16 -1.119645e-01 9.937122e-01
    outer loop
      vertex   -1.500207e+02 1.163005e+02 2.277879e+02
      vertex   -1.565207e+02 1.163005e+02 2.277879e+02
      vertex   -1.500207e+02 1.159667e+02 2.277503e+02
    endloop
  endfacet
  facet normal -2.447863e-16 -1.119645e-01 9.937122e-01
    outer loop
      vertex   -1.500207e+02 1.159667e+02 2.277503e+02
      vertex   -1.565207e+02 1.163005e+02 2.277879e+02
      vertex   -1.565207e+02 1.159667e+02 2.277503e+02
    endloop
  endfacet
  facet normal 2.447863e-16 1.119645e-01 9.937122e-01
    outer loop
      vertex   -1.500207e+02 1.159667e+02 2.277503e+02
      vertex   -1.565207e+02 1.159667e+02 2.277503e+02
      vertex   -1.500207e+02 1.156329e+02 2.277879e+02
    endloop
  endfacet
  facet normal 4.895726e-16 1.119645e-01 9.937122e-01
    outer loop
      vertex   -1.500207e+02 1.156329e+02 2.277879e+02
      vertex   -1.565207e+02 1.159667e+02 2.277503e+02
      vertex   -1.565207e+02 1.156329e+02 2.277879e+02
    endloop
  endfacet
  facet normal 1.444169e-15 3.302791e-01 9.438833e-01
    outer loop
      vertex   -1.500207e+02 1.156329e+02 2.277879e+02
      vertex   -1.565207e+02 1.156329e+02 2.277879e+02
      vertex   -1.500207e+02 1.153159e+02 2.278988e+02
    endloop
  endfacet
  facet normal 7.220843e-16 3.302791e-01 9.438833e-01
    outer loop
      vertex   -1.500207e+02 1.153159e+02 2.278988e+02
      vertex   -1.565207e+02 1.156329e+02 2.277879e+02
      vertex   -1.565207e+02 1.153159e+02 2.278988e+02
    endloop
  endfacet
  facet normal 1.163174e-15 5.320321e-01 8.467242e-01
    outer loop
      vertex   -1.500207e+02 1.153159e+02 2.278988e+02
      vertex   -1.565207e+02 1.153159e+02 2.278988e+02
      vertex   -1.500207e+02 1.150315e+02 2.280775e+02
    endloop
  endfacet
  facet normal 1.163174e-15 5.320321e-01 8.467242e-01
    outer loop
      vertex   -1.500207e+02 1.150315e+02 2.280775e+02
      vertex   -1.565207e+02 1.153159e+02 2.278988e+02
      vertex   -1.565207e+02 1.150315e+02 2.280775e+02
    endloop
  endfacet
  facet normal 1.545937e-15 7.071068e-01 7.071068e-01
    outer loop
      vertex   -1.500207e+02 1.150315e+02 2.280775e+02
      vertex   -1.565207e+02 1.150315e+02 2.280775e+02
      vertex   -1.500207e+02 1.147939e+02 2.283150e+02
    endloop
  endfacet
  facet normal 1.545937e-15 7.071068e-01 7.071068e-01
    outer loop
      vertex   -1.500207e+02 1.147939e+02 2.283150e+02
      vertex   -1.565207e+02 1.150315e+02 2.280775e+02
      vertex   -1.565207e+02 1.147939e+02 2.283150e+02
    endloop
  endfacet
  facet normal 1.851181e-15 8.467242e-01 5.320321e-01
    outer loop
      vertex   -1.500207e+02 1.147939e+02 2.283150e+02
      vertex   -1.565207e+02 1.147939e+02 2.283150e+02
      vertex   -1.500207e+02 1.146152e+02 2.285995e+02
    endloop
  endfacet
  facet normal 3.702361e-15 8.467242e-01 5.320321e-01
    outer loop
      vertex   -1.500207e+02 1.146152e+02 2.285995e+02
      vertex   -1.565207e+02 1.147939e+02 2.283150e+02
      vertex   -1.565207e+02 1.146152e+02 2.285995e+02
    endloop
  endfacet
  facet normal 4.127197e-15 9.438833e-01 3.302791e-01
    outer loop
      vertex   -1.500207e+02 1.146152e+02 2.285995e+02
      vertex   -1.565207e+02 1.146152e+02 2.285995e+02
      vertex   -1.500207e+02 1.145043e+02 2.289165e+02
    endloop
  endfacet
  facet normal 4.127197e-15 9.438833e-01 3.302791e-01
    outer loop
      vertex   -1.500207e+02 1.145043e+02 2.289165e+02
      vertex   -1.565207e+02 1.146152e+02 2.285995e+02
      vertex   -1.565207e+02 1.145043e+02 2.289165e+02
    endloop
  endfacet
  facet normal 1.013625e-29 4.636290e-15 1.000000e+00
    outer loop
      vertex   -1.565207e+02 1.190318e+02 2.319503e+02
      vertex   -1.565207e+02 1.129016e+02 2.319503e+02
      vertex   -1.500207e+02 1.190318e+02 2.319503e+02
    endloop
  endfacet
  facet normal 2.027251e-29 4.636290e-15 1.000000e+00
    outer loop
      vertex   -1.500207e+02 1.190318e+02 2.319503e+02
      vertex   -1.565207e+02 1.129016e+02 2.319503e+02
      vertex   -1.500207e+02 1.129016e+02 2.319503e+02
    endloop
  endfacet
  facet normal -1.000000e+00 -0.000000e+00 0.000000e+00
    outer loop
      vertex   -1.565207e+02 1.145043e+02 2.289165e+02
      vertex   -1.565207e+02 1.122724e+02 2.259503e+02
      vertex   -1.565207e+02 1.144667e+02 2.292503e+02
    endloop
  endfacet
  facet normal -1.000000e+00 -0.000000e+00 0.000000e+00
    outer loop
      vertex   -1.565207e+02 1.144667e+02 2.292503e+02
      vertex   -1.565207e+02 1.122724e+02 2.259503e+02
      vertex   -1.565207e+02 1.129016e+02 2.319503e+02
    endloop
  endfacet
  facet normal -1.000000e+00 0.000000e+00 0.000000e+00
    outer loop
      vertex   -1.565207e+02 1.144667e+02 2.292503e+02
      vertex   -1.565207e+02 1.129016e+02 2.319503e+02
      vertex   -1.565207e+02 1.145043e+02 2.295841e+02
    endloop
  endfacet
  facet normal -1.000000e+00 0.000000e+00 0.000000e+00
    outer loop
      vertex   -1.565207e+02 1.145043e+02 2.295841e+02
      vertex   -1.565207e+02 1.129016e+02 2.319503e+02
      vertex   -1.565207e+02 1.146152e+02 2.299011e+02
    endloop
  endfacet
  facet normal -1.000000e+00 0.000000e+00 0.000000e+00
    outer loop
      vertex   -1.565207e+02 1.146152e+02 2.299011e+02
      vertex   -1.565207e+02 1.129016e+02 2.319503e+02
      vertex   -1.565207e+02 1.147939e+02 2.301855e+02
    endloop
  endfacet
  facet normal -1.000000e+00 0.000000e+00 0.000000e+00
    outer loop
      vertex   -1.565207e+02 1.147939e+02 2.301855e+02
      vertex   -1.565207e+02 1.129016e+02 2.319503e+02
      vertex   -1.565207e+02 1.150315e+02 2.304230e+02
    endloop
  endfacet
  facet normal -1.000000e+00 0.000000e+00 0.000000e+00
    outer loop
      vertex   -1.565207e+02 1.150315e+02 2.304230e+02
      vertex   -1.565207e+02 1.129016e+02 2.319503e+02
      vertex   -1.565207e+02 1.153159e+02 2.306017e+02
    endloop
  endfacet
  facet normal -1.000000e+00 0.000000e+00 0.000000e+00
    outer loop
      vertex   -1.565207e+02 1.153159e+02 2.306017e+02
      vertex   -1.565207e+02 1.129016e+02 2.319503e+02
      vertex   -1.565207e+02 1.156329e+02 2.307127e+02
    endloop
  endfacet
  facet normal -1.000000e+00 0.000000e+00 0.000000e+00
    outer loop
      vertex   -1.565207e+02 1.156329e+02 2.307127e+02
      vertex   -1.565207e+02 1.129016e+02 2.319503e+02
      vertex   -1.565207e+02 1.159667e+02 2.307503e+02
    endloop
  endfacet
  facet normal -1.000000e+00 0.000000e+00 0.000000e+00
    outer loop
      vertex   -1.565207e+02 1.159667e+02 2.307503e+02
      vertex   -1.565207e+02 1.129016e+02 2.319503e+02
      vertex   -1.565207e+02 1.190318e+02 2.319503e+02
    endloop
  endfacet
  facet normal -1.000000e+00 0.000000e+00 0.000000e+00
    outer loop
      vertex   -1.565207e+02 1.159667e+02 2.307503e+02
      vertex   -1.565207e+02 1.190318e+02 2.319503e+02
      vertex   -1.565207e+02 1.163005e+02 2.307127e+02
    endloop
  endfacet
  facet normal -1.000000e+00 0.000000e+00 0.000000e+00
    outer loop
      vertex   -1.565207e+02 1.163005e+02 2.307127e+02
      vertex   -1.565207e+02 1.190318e+02 2.319503e+02
      vertex   -1.565207e+02 1.166175e+02 2.306017e+02
    endloop
  endfacet
  facet normal -1.000000e+00 0.000000e+00 0.000000e+00
    outer loop
      vertex   -1.565207e+02 1.166175e+02 2.306017e+02
      vertex   -1.565207e+02 1.190318e+02 2.319503e+02
      vertex   -1.565207e+02 1.169019e+02 2.304230e+02
    endloop
  endfacet
  facet normal -1.000000e+00 0.000000e+00 0.000000e+00
    outer loop
      vertex   -1.565207e+02 1.169019e+02 2.304230e+02
      vertex   -1.565207e+02 1.190318e+02 2.319503e+02
      vertex   -1.565207e+02 1.171394e+02 2.301855e+02
    endloop
  endfacet
  facet normal -1.000000e+00 0.000000e+00 0.000000e+00
    outer loop
      vertex   -1.565207e+02 1.171394e+02 2.301855e+02
      vertex   -1.565207e+02 1.190318e+02 2.319503e+02
      vertex   -1.565207e+02 1.173181e+02 2.299011e+02
    endloop
  endfacet
  facet normal -1.000000e+00 0.000000e+00 0.000000e+00
    outer loop
      vertex   -1.565207e+02 1.173181e+02 2.299011e+02
      vertex   -1.565207e+02 1.190318e+02 2.319503e+02
      vertex   -1.565207e+02 1.174291e+02 2.295841e+02
    endloop
  endfacet
  facet normal -1.000000e+00 0.000000e+00 0.000000e+00
    outer loop
      vertex   -1.565207e+02 1.174291e+02 2.295841e+02
      vertex   -1.565207e+02 1.190318e+02 2.319503e+02
      vertex   -1.565207e+02 1.174667e+02 2.292503e+02
    endloop
  endfacet
  facet normal -1.000000e+00 0.000000e+00 0.000000e+00
    outer loop
      vertex   -1.565207e+02 1.174667e+02 2.292503e+02
      vertex   -1.565207e+02 1.190318e+02 2.319503e+02
      vertex   -1.565207e+02 1.196533e+02 2.259503e+02
    endloop
  endfacet
  facet normal -1.000000e+00 0.000000e+00 -0.000000e+00
    outer loop
      vertex   -1.565207e+02 1.174667e+02 2.292503e+02
      vertex   -1.565207e+02 1.196533e+02 2.259503e+02
      vertex   -1.565207e+02 1.174291e+02 2.289165e+02
    endloop
  endfacet
  facet normal -1.000000e+00 0.000000e+00 -0.000000e+00
    outer loop
      vertex   -1.565207e+02 1.174291e+02 2.289165e+02
      vertex   -1.565207e+02 1.196533e+02 2.259503e+02
      vertex   -1.565207e+02 1.173181e+02 2.285995e+02
    endloop
  endfacet
  facet normal -1.000000e+00 0.000000e+00 -0.000000e+00
    outer loop
      vertex   -1.565207e+02 1.173181e+02 2.285995e+02
      vertex   -1.565207e+02 1.196533e+02 2.259503e+02
      vertex   -1.565207e+02 1.171394e+02 2.283150e+02
    endloop
  endfacet
  facet normal -1.000000e+00 0.000000e+00 -0.000000e+00
    outer loop
      vertex   -1.565207e+02 1.171394e+02 2.283150e+02
      vertex   -1.565207e+02 1.196533e+02 2.259503e+02
      vertex   -1.565207e+02 1.169019e+02 2.280775e+02
    endloop
  endfacet
  facet normal -1.000000e+00 0.000000e+00 -0.000000e+00
    outer loop
      vertex   -1.565207e+02 1.169019e+02 2.280775e+02
      vertex   -1.565207e+02 1.196533e+02 2.259503e+02
      vertex   -1.565207e+02 1.166175e+02 2.278988e+02
    endloop
  endfacet
  facet normal -1.000000e+00 0.000000e+00 -0.000000e+00
    outer loop
      vertex   -1.565207e+02 1.166175e+02 2.278988e+02
      vertex   -1.565207e+02 1.196533e+02 2.259503e+02
      vertex   -1.565207e+02 1.163005e+02 2.277879e+02
    endloop
  endfacet
  facet normal -1.000000e+00 0.000000e+00 -0.000000e+00
    outer loop
      vertex   -1.565207e+02 1.163005e+02 2.277879e+02
      vertex   -1.565207e+02 1.196533e+02 2.259503e+02
      vertex   -1.565207e+02 1.159667e+02 2.277503e+02
    endloop
  endfacet
  facet normal -1.000000e+00 0.000000e+00 -0.000000e+00
    outer loop
      vertex   -1.565207e+02 1.159667e+02 2.277503e+02
      vertex   -1.565207e+02 1.196533e+02 2.259503e+02
      vertex   -1.565207e+02 1.122724e+02 2.259503e+02
    endloop
  endfacet
  facet normal -1.000000e+00 -0.000000e+00 0.000000e+00
    outer loop
      vertex   -1.565207e+02 1.159667e+02 2.277503e+02
      vertex   -1.565207e+02 1.122724e+02 2.259503e+02
      vertex   -1.565207e+02 1.156329e+02 2.277879e+02
    endloop
  endfacet
  facet normal -1.000000e+00 -0.000000e+00 0.000000e+00
    outer loop
      vertex   -1.565207e+02 1.156329e+02 2.277879e+02
      vertex   -1.565207e+02 1.122724e+02 2.259503e+02
      vertex   -1.565207e+02 1.153159e+02 2.278988e+02
    endloop
  endfacet
  facet normal -1.000000e+00 -0.000000e+00 0.000000e+00
    outer loop
      vertex   -1.565207e+02 1.153159e+02 2.278988e+02
      vertex   -1.565207e+02 1.122724e+02 2.259503e+02
      vertex   -1.565207e+02 1.150315e+02 2.280775e+02
    endloop
  endfacet
  facet normal -1.000000e+00 -0.000000e+00 0.000000e+00
    outer loop
      vertex   -1.565207e+02 1.150315e+02 2.280775e+02
      vertex   -1.565207e+02 1.122724e+02 2.259503e+02
      vertex   -1.565207e+02 1.147939e+02 2.283150e+02
    endloop
  endfacet
  facet normal -1.000000e+00 -0.000000e+00 0.000000e+00
    outer loop
      vertex   -1.565207e+02 1.147939e+02 2.283150e+02
      vertex   -1.565207e+02 1.122724e+02 2.259503e+02
      vertex   -1.565207e+02 1.146152e+02 2.285995e+02
    endloop
  endfacet
  facet normal -1.000000e+00 -0.000000e+00 0.000000e+00
    outer loop
      vertex   -1.565207e+02 1.146152e+02 2.285995e+02
      vertex   -1.565207e+02 1.122724e+02 2.259503e+02
      vertex   -1.565207e+02 1.145043e+02 2.289165e+02
    endloop
  endfacet
endsolid
