solid ASCII
  facet normal 7.059575e-01 -7.059575e-01 -5.699078e-02
    outer loop
      vertex   -2.171511e+00 -1.225000e+01 1.075290e+01
      vertex   -2.200000e+00 -1.225000e+01 1.040000e+01
      vertex   -1.700000e+00 -1.175000e+01 1.040000e+01
    endloop
  endfacet
  facet normal 7.059575e-01 -7.059575e-01 5.699078e-02
    outer loop
      vertex   -1.700000e+00 -1.175000e+01 1.040000e+01
      vertex   -2.200000e+00 -1.225000e+01 1.040000e+01
      vertex   -2.171511e+00 -1.225000e+01 1.004710e+01
    endloop
  endfacet
  facet normal 7.026407e-01 -7.085597e-01 6.510925e-02
    outer loop
      vertex   -1.700000e+00 -1.175000e+01 1.040000e+01
      vertex   -2.171511e+00 -1.225000e+01 1.004710e+01
      vertex   -1.671054e+00 -1.175000e+01 1.008763e+01
    endloop
  endfacet
  facet normal 6.895777e-01 -7.039846e-01 1.699656e-01
    outer loop
      vertex   -1.671054e+00 -1.175000e+01 1.008763e+01
      vertex   -2.171511e+00 -1.225000e+01 1.004710e+01
      vertex   -2.086780e+00 -1.225000e+01 9.703330e+00
    endloop
  endfacet
  facet normal 6.767057e-01 -7.106321e-01 1.925394e-01
    outer loop
      vertex   -1.671054e+00 -1.175000e+01 1.008763e+01
      vertex   -2.086780e+00 -1.225000e+01 9.703330e+00
      vertex   -1.585203e+00 -1.175000e+01 9.785889e+00
    endloop
  endfacet
  facet normal 6.545686e-01 -7.026825e-01 2.788856e-01
    outer loop
      vertex   -1.585203e+00 -1.175000e+01 9.785889e+00
      vertex   -2.086780e+00 -1.225000e+01 9.703330e+00
      vertex   -1.948003e+00 -1.225000e+01 9.377609e+00
    endloop
  endfacet
  facet normal 6.287168e-01 -7.118330e-01 3.130638e-01
    outer loop
      vertex   -1.585203e+00 -1.175000e+01 9.785889e+00
      vertex   -1.948003e+00 -1.225000e+01 9.377609e+00
      vertex   -1.445369e+00 -1.175000e+01 9.505065e+00
    endloop
  endfacet
  facet normal 6.018723e-01 -7.020631e-01 3.806010e-01
    outer loop
      vertex   -1.445369e+00 -1.175000e+01 9.505065e+00
      vertex   -1.948003e+00 -1.225000e+01 9.377609e+00
      vertex   -1.758774e+00 -1.225000e+01 9.078367e+00
    endloop
  endfacet
  facet normal 5.602097e-01 -7.121750e-01 4.230507e-01
    outer loop
      vertex   -1.445369e+00 -1.175000e+01 9.505065e+00
      vertex   -1.758774e+00 -1.225000e+01 9.078367e+00
      vertex   -1.256315e+00 -1.175000e+01 9.254717e+00
    endloop
  endfacet
  facet normal 5.329747e-01 -7.021320e-01 4.721744e-01
    outer loop
      vertex   -1.256315e+00 -1.175000e+01 9.254717e+00
      vertex   -1.758774e+00 -1.225000e+01 9.078367e+00
      vertex   -1.523994e+00 -1.225000e+01 8.813355e+00
    endloop
  endfacet
  facet normal 4.732862e-01 -7.116618e-01 5.191702e-01
    outer loop
      vertex   -1.256315e+00 -1.175000e+01 9.254717e+00
      vertex   -1.523994e+00 -1.225000e+01 8.813355e+00
      vertex   -1.024479e+00 -1.175000e+01 9.043371e+00
    endloop
  endfacet
  facet normal 4.498583e-01 -7.028886e-01 5.509765e-01
    outer loop
      vertex   -1.024479e+00 -1.175000e+01 9.043371e+00
      vertex   -1.523994e+00 -1.225000e+01 8.813355e+00
      vertex   -1.249742e+00 -1.225000e+01 8.589435e+00
    endloop
  endfacet
  facet normal 3.705615e-01 -7.102879e-01 5.984774e-01
    outer loop
      vertex   -1.024479e+00 -1.175000e+01 9.043371e+00
      vertex   -1.249742e+00 -1.225000e+01 8.589435e+00
      vertex   -7.577552e-01 -1.175000e+01 8.878222e+00
    endloop
  endfacet
  facet normal 3.549383e-01 -7.043260e-01 6.147712e-01
    outer loop
      vertex   -7.577552e-01 -1.175000e+01 8.878222e+00
      vertex   -1.249742e+00 -1.225000e+01 8.589435e+00
      vertex   -9.431236e-01 -1.225000e+01 8.412409e+00
    endloop
  endfacet
  facet normal 2.550993e-01 -7.080389e-01 6.584871e-01
    outer loop
      vertex   -7.577552e-01 -1.175000e+01 8.878222e+00
      vertex   -9.431236e-01 -1.225000e+01 8.412409e+00
      vertex   -4.652271e-01 -1.175000e+01 8.764896e+00
    endloop
  endfacet
  facet normal 2.509829e-01 -7.064311e-01 6.617875e-01
    outer loop
      vertex   -4.652271e-01 -1.175000e+01 8.764896e+00
      vertex   -9.431236e-01 -1.225000e+01 8.412409e+00
      vertex   -6.120784e-01 -1.225000e+01 8.286860e+00
    endloop
  endfacet
  facet normal 1.417582e-01 -7.055100e-01 6.943776e-01
    outer loop
      vertex   -4.652271e-01 -1.175000e+01 8.764896e+00
      vertex   -6.120784e-01 -1.225000e+01 8.286860e+00
      vertex   -2.651807e-01 -1.225000e+01 8.216040e+00
    endloop
  endfacet
  facet normal 1.295734e-01 -7.090449e-01 6.931566e-01
    outer loop
      vertex   -4.652271e-01 -1.175000e+01 8.764896e+00
      vertex   -2.651807e-01 -1.225000e+01 8.216040e+00
      vertex   -1.568562e-01 -1.175000e+01 8.707252e+00
    endloop
  endfacet
  facet normal 2.861003e-02 -7.036701e-01 7.099506e-01
    outer loop
      vertex   -1.568562e-01 -1.175000e+01 8.707252e+00
      vertex   -2.651807e-01 -1.225000e+01 8.216040e+00
      vertex   8.858507e-02 -1.225000e+01 8.201784e+00
    endloop
  endfacet
  facet normal 0.000000e+00 -7.109415e-01 7.032512e-01
    outer loop
      vertex   -1.568562e-01 -1.175000e+01 8.707252e+00
      vertex   8.858507e-02 -1.225000e+01 8.201784e+00
      vertex   1.568562e-01 -1.175000e+01 8.707252e+00
    endloop
  endfacet
  facet normal -8.578355e-02 -7.025038e-01 7.064911e-01
    outer loop
      vertex   1.568562e-01 -1.175000e+01 8.707252e+00
      vertex   8.858507e-02 -1.225000e+01 8.201784e+00
      vertex   4.400565e-01 -1.225000e+01 8.244461e+00
    endloop
  endfacet
  facet normal -1.290308e-01 -7.119698e-01 6.902536e-01
    outer loop
      vertex   1.568562e-01 -1.175000e+01 8.707252e+00
      vertex   4.400565e-01 -1.225000e+01 8.244461e+00
      vertex   4.652271e-01 -1.175000e+01 8.764896e+00
    endloop
  endfacet
  facet normal -1.981341e-01 -7.020218e-01 6.840383e-01
    outer loop
      vertex   4.652271e-01 -1.175000e+01 8.764896e+00
      vertex   4.400565e-01 -1.225000e+01 8.244461e+00
      vertex   7.801308e-01 -1.225000e+01 8.342964e+00
    endloop
  endfacet
  facet normal -2.536049e-01 -7.121408e-01 6.546297e-01
    outer loop
      vertex   4.652271e-01 -1.175000e+01 8.764896e+00
      vertex   7.801308e-01 -1.225000e+01 8.342964e+00
      vertex   7.577552e-01 -1.175000e+01 8.878222e+00
    endloop
  endfacet
  facet normal -3.052084e-01 -7.022285e-01 6.432131e-01
    outer loop
      vertex   7.577552e-01 -1.175000e+01 8.878222e+00
      vertex   7.801308e-01 -1.225000e+01 8.342964e+00
      vertex   1.100000e+00 -1.225000e+01 8.494744e+00
    endloop
  endfacet
  facet normal -3.699399e-01 -7.114562e-01 5.974735e-01
    outer loop
      vertex   7.577552e-01 -1.175000e+01 8.878222e+00
      vertex   1.100000e+00 -1.225000e+01 8.494744e+00
      vertex   1.024479e+00 -1.175000e+01 9.043371e+00
    endloop
  endfacet
  facet normal -4.039334e-01 -7.031220e-01 5.851985e-01
    outer loop
      vertex   1.024479e+00 -1.175000e+01 9.043371e+00
      vertex   1.100000e+00 -1.225000e+01 8.494744e+00
      vertex   1.391380e+00 -1.225000e+01 8.695869e+00
    endloop
  endfacet
  facet normal -4.744796e-01 -7.099088e-01 5.204793e-01
    outer loop
      vertex   1.024479e+00 -1.175000e+01 9.043371e+00
      vertex   1.391380e+00 -1.225000e+01 8.695869e+00
      vertex   1.256315e+00 -1.175000e+01 9.254717e+00
    endloop
  endfacet
  facet normal -4.914957e-01 -7.046941e-01 5.117012e-01
    outer loop
      vertex   1.256315e+00 -1.175000e+01 9.254717e+00
      vertex   1.391380e+00 -1.225000e+01 8.695869e+00
      vertex   1.646724e+00 -1.225000e+01 8.941130e+00
    endloop
  endfacet
  facet normal -5.639837e-01 -7.074821e-01 4.259007e-01
    outer loop
      vertex   1.256315e+00 -1.175000e+01 9.254717e+00
      vertex   1.646724e+00 -1.225000e+01 8.941130e+00
      vertex   1.445369e+00 -1.175000e+01 9.505065e+00
    endloop
  endfacet
  facet normal -5.654321e-01 -7.069307e-01 4.248947e-01
    outer loop
      vertex   1.445369e+00 -1.175000e+01 9.505065e+00
      vertex   1.646724e+00 -1.225000e+01 8.941130e+00
      vertex   1.859418e+00 -1.225000e+01 9.224175e+00
    endloop
  endfacet
  facet normal -6.278936e-01 -7.050889e-01 3.295440e-01
    outer loop
      vertex   1.445369e+00 -1.175000e+01 9.505065e+00
      vertex   1.859418e+00 -1.225000e+01 9.224175e+00
      vertex   2.023955e+00 -1.225000e+01 9.537673e+00
    endloop
  endfacet
  facet normal -6.308314e-01 -7.094945e-01 3.141167e-01
    outer loop
      vertex   1.445369e+00 -1.175000e+01 9.505065e+00
      vertex   2.023955e+00 -1.225000e+01 9.537673e+00
      vertex   1.585203e+00 -1.175000e+01 9.785889e+00
    endloop
  endfacet
  facet normal -6.742307e-01 -7.033825e-01 2.250913e-01
    outer loop
      vertex   1.585203e+00 -1.175000e+01 9.785889e+00
      vertex   2.023955e+00 -1.225000e+01 9.537673e+00
      vertex   2.136072e+00 -1.225000e+01 9.873506e+00
    endloop
  endfacet
  facet normal -6.761378e-01 -7.112161e-01 1.923778e-01
    outer loop
      vertex   1.585203e+00 -1.175000e+01 9.785889e+00
      vertex   2.136072e+00 -1.225000e+01 9.873506e+00
      vertex   1.671054e+00 -1.175000e+01 1.008763e+01
    endloop
  endfacet
  facet normal -7.026114e-01 -7.023524e-01 1.141855e-01
    outer loop
      vertex   1.671054e+00 -1.175000e+01 1.008763e+01
      vertex   2.136072e+00 -1.225000e+01 9.873506e+00
      vertex   2.192866e+00 -1.225000e+01 1.022297e+01
    endloop
  endfacet
  facet normal -6.991109e-01 -7.120724e-01 6.478217e-02
    outer loop
      vertex   1.671054e+00 -1.175000e+01 1.008763e+01
      vertex   2.192866e+00 -1.225000e+01 1.022297e+01
      vertex   1.700000e+00 -1.175000e+01 1.040000e+01
    endloop
  endfacet
  facet normal -7.121691e-01 -7.020080e-01 0.000000e+00
    outer loop
      vertex   1.700000e+00 -1.175000e+01 1.040000e+01
      vertex   2.192866e+00 -1.225000e+01 1.022297e+01
      vertex   2.192866e+00 -1.225000e+01 1.057703e+01
    endloop
  endfacet
  facet normal -6.991109e-01 -7.120724e-01 -6.478217e-02
    outer loop
      vertex   1.700000e+00 -1.175000e+01 1.040000e+01
      vertex   2.192866e+00 -1.225000e+01 1.057703e+01
      vertex   1.671054e+00 -1.175000e+01 1.071237e+01
    endloop
  endfacet
  facet normal -7.026114e-01 -7.023524e-01 -1.141855e-01
    outer loop
      vertex   1.671054e+00 -1.175000e+01 1.071237e+01
      vertex   2.192866e+00 -1.225000e+01 1.057703e+01
      vertex   2.136072e+00 -1.225000e+01 1.092649e+01
    endloop
  endfacet
  facet normal -6.761378e-01 -7.112161e-01 -1.923778e-01
    outer loop
      vertex   1.671054e+00 -1.175000e+01 1.071237e+01
      vertex   2.136072e+00 -1.225000e+01 1.092649e+01
      vertex   1.585203e+00 -1.175000e+01 1.101411e+01
    endloop
  endfacet
  facet normal -6.742307e-01 -7.033825e-01 -2.250913e-01
    outer loop
      vertex   1.585203e+00 -1.175000e+01 1.101411e+01
      vertex   2.136072e+00 -1.225000e+01 1.092649e+01
      vertex   2.023955e+00 -1.225000e+01 1.126233e+01
    endloop
  endfacet
  facet normal -6.308314e-01 -7.094945e-01 -3.141167e-01
    outer loop
      vertex   1.585203e+00 -1.175000e+01 1.101411e+01
      vertex   2.023955e+00 -1.225000e+01 1.126233e+01
      vertex   1.445369e+00 -1.175000e+01 1.129493e+01
    endloop
  endfacet
  facet normal -6.278936e-01 -7.050889e-01 -3.295440e-01
    outer loop
      vertex   1.445369e+00 -1.175000e+01 1.129493e+01
      vertex   2.023955e+00 -1.225000e+01 1.126233e+01
      vertex   1.859418e+00 -1.225000e+01 1.157582e+01
    endloop
  endfacet
  facet normal -5.654321e-01 -7.069307e-01 -4.248947e-01
    outer loop
      vertex   1.445369e+00 -1.175000e+01 1.129493e+01
      vertex   1.859418e+00 -1.225000e+01 1.157582e+01
      vertex   1.646724e+00 -1.225000e+01 1.185887e+01
    endloop
  endfacet
  facet normal -5.639837e-01 -7.074821e-01 -4.259007e-01
    outer loop
      vertex   1.445369e+00 -1.175000e+01 1.129493e+01
      vertex   1.646724e+00 -1.225000e+01 1.185887e+01
      vertex   1.256315e+00 -1.175000e+01 1.154528e+01
    endloop
  endfacet
  facet normal -4.914957e-01 -7.046941e-01 -5.117012e-01
    outer loop
      vertex   1.256315e+00 -1.175000e+01 1.154528e+01
      vertex   1.646724e+00 -1.225000e+01 1.185887e+01
      vertex   1.391380e+00 -1.225000e+01 1.210413e+01
    endloop
  endfacet
  facet normal -4.744796e-01 -7.099088e-01 -5.204793e-01
    outer loop
      vertex   1.256315e+00 -1.175000e+01 1.154528e+01
      vertex   1.391380e+00 -1.225000e+01 1.210413e+01
      vertex   1.024479e+00 -1.175000e+01 1.175663e+01
    endloop
  endfacet
  facet normal -4.039334e-01 -7.031220e-01 -5.851985e-01
    outer loop
      vertex   1.024479e+00 -1.175000e+01 1.175663e+01
      vertex   1.391380e+00 -1.225000e+01 1.210413e+01
      vertex   1.100000e+00 -1.225000e+01 1.230526e+01
    endloop
  endfacet
  facet normal -3.699399e-01 -7.114562e-01 -5.974735e-01
    outer loop
      vertex   1.024479e+00 -1.175000e+01 1.175663e+01
      vertex   1.100000e+00 -1.225000e+01 1.230526e+01
      vertex   7.577552e-01 -1.175000e+01 1.192178e+01
    endloop
  endfacet
  facet normal -3.052084e-01 -7.022285e-01 -6.432131e-01
    outer loop
      vertex   7.577552e-01 -1.175000e+01 1.192178e+01
      vertex   1.100000e+00 -1.225000e+01 1.230526e+01
      vertex   7.801308e-01 -1.225000e+01 1.245704e+01
    endloop
  endfacet
  facet normal -2.536049e-01 -7.121408e-01 -6.546297e-01
    outer loop
      vertex   7.577552e-01 -1.175000e+01 1.192178e+01
      vertex   7.801308e-01 -1.225000e+01 1.245704e+01
      vertex   4.652271e-01 -1.175000e+01 1.203510e+01
    endloop
  endfacet
  facet normal -1.981341e-01 -7.020218e-01 -6.840383e-01
    outer loop
      vertex   4.652271e-01 -1.175000e+01 1.203510e+01
      vertex   7.801308e-01 -1.225000e+01 1.245704e+01
      vertex   4.400565e-01 -1.225000e+01 1.255554e+01
    endloop
  endfacet
  facet normal -1.290308e-01 -7.119698e-01 -6.902536e-01
    outer loop
      vertex   4.652271e-01 -1.175000e+01 1.203510e+01
      vertex   4.400565e-01 -1.225000e+01 1.255554e+01
      vertex   1.568562e-01 -1.175000e+01 1.209275e+01
    endloop
  endfacet
  facet normal -8.578355e-02 -7.025038e-01 -7.064911e-01
    outer loop
      vertex   1.568562e-01 -1.175000e+01 1.209275e+01
      vertex   4.400565e-01 -1.225000e+01 1.255554e+01
      vertex   8.858507e-02 -1.225000e+01 1.259822e+01
    endloop
  endfacet
  facet normal -0.000000e+00 -7.109415e-01 -7.032512e-01
    outer loop
      vertex   1.568562e-01 -1.175000e+01 1.209275e+01
      vertex   8.858507e-02 -1.225000e+01 1.259822e+01
      vertex   -1.568562e-01 -1.175000e+01 1.209275e+01
    endloop
  endfacet
  facet normal 2.861003e-02 -7.036701e-01 -7.099506e-01
    outer loop
      vertex   -1.568562e-01 -1.175000e+01 1.209275e+01
      vertex   8.858507e-02 -1.225000e+01 1.259822e+01
      vertex   -2.651807e-01 -1.225000e+01 1.258396e+01
    endloop
  endfacet
  facet normal 1.295734e-01 -7.090449e-01 -6.931566e-01
    outer loop
      vertex   -1.568562e-01 -1.175000e+01 1.209275e+01
      vertex   -2.651807e-01 -1.225000e+01 1.258396e+01
      vertex   -4.652271e-01 -1.175000e+01 1.203510e+01
    endloop
  endfacet
  facet normal 1.417582e-01 -7.055100e-01 -6.943776e-01
    outer loop
      vertex   -4.652271e-01 -1.175000e+01 1.203510e+01
      vertex   -2.651807e-01 -1.225000e+01 1.258396e+01
      vertex   -6.120784e-01 -1.225000e+01 1.251314e+01
    endloop
  endfacet
  facet normal 2.509829e-01 -7.064311e-01 -6.617875e-01
    outer loop
      vertex   -4.652271e-01 -1.175000e+01 1.203510e+01
      vertex   -6.120784e-01 -1.225000e+01 1.251314e+01
      vertex   -9.431236e-01 -1.225000e+01 1.238759e+01
    endloop
  endfacet
  facet normal 2.550993e-01 -7.080389e-01 -6.584871e-01
    outer loop
      vertex   -4.652271e-01 -1.175000e+01 1.203510e+01
      vertex   -9.431236e-01 -1.225000e+01 1.238759e+01
      vertex   -7.577552e-01 -1.175000e+01 1.192178e+01
    endloop
  endfacet
  facet normal 3.549383e-01 -7.043260e-01 -6.147712e-01
    outer loop
      vertex   -7.577552e-01 -1.175000e+01 1.192178e+01
      vertex   -9.431236e-01 -1.225000e+01 1.238759e+01
      vertex   -1.249742e+00 -1.225000e+01 1.221056e+01
    endloop
  endfacet
  facet normal 3.705615e-01 -7.102879e-01 -5.984774e-01
    outer loop
      vertex   -7.577552e-01 -1.175000e+01 1.192178e+01
      vertex   -1.249742e+00 -1.225000e+01 1.221056e+01
      vertex   -1.024479e+00 -1.175000e+01 1.175663e+01
    endloop
  endfacet
  facet normal 4.498583e-01 -7.028886e-01 -5.509765e-01
    outer loop
      vertex   -1.024479e+00 -1.175000e+01 1.175663e+01
      vertex   -1.249742e+00 -1.225000e+01 1.221056e+01
      vertex   -1.523994e+00 -1.225000e+01 1.198665e+01
    endloop
  endfacet
  facet normal 4.732862e-01 -7.116618e-01 -5.191702e-01
    outer loop
      vertex   -1.024479e+00 -1.175000e+01 1.175663e+01
      vertex   -1.523994e+00 -1.225000e+01 1.198665e+01
      vertex   -1.256315e+00 -1.175000e+01 1.154528e+01
    endloop
  endfacet
  facet normal 5.329747e-01 -7.021320e-01 -4.721744e-01
    outer loop
      vertex   -1.256315e+00 -1.175000e+01 1.154528e+01
      vertex   -1.523994e+00 -1.225000e+01 1.198665e+01
      vertex   -1.758774e+00 -1.225000e+01 1.172163e+01
    endloop
  endfacet
  facet normal 5.602097e-01 -7.121750e-01 -4.230507e-01
    outer loop
      vertex   -1.256315e+00 -1.175000e+01 1.154528e+01
      vertex   -1.758774e+00 -1.225000e+01 1.172163e+01
      vertex   -1.445369e+00 -1.175000e+01 1.129493e+01
    endloop
  endfacet
  facet normal 6.018723e-01 -7.020631e-01 -3.806010e-01
    outer loop
      vertex   -1.445369e+00 -1.175000e+01 1.129493e+01
      vertex   -1.758774e+00 -1.225000e+01 1.172163e+01
      vertex   -1.948003e+00 -1.225000e+01 1.142239e+01
    endloop
  endfacet
  facet normal 6.287168e-01 -7.118330e-01 -3.130638e-01
    outer loop
      vertex   -1.445369e+00 -1.175000e+01 1.129493e+01
      vertex   -1.948003e+00 -1.225000e+01 1.142239e+01
      vertex   -1.585203e+00 -1.175000e+01 1.101411e+01
    endloop
  endfacet
  facet normal 6.545686e-01 -7.026825e-01 -2.788856e-01
    outer loop
      vertex   -1.585203e+00 -1.175000e+01 1.101411e+01
      vertex   -1.948003e+00 -1.225000e+01 1.142239e+01
      vertex   -2.086780e+00 -1.225000e+01 1.109667e+01
    endloop
  endfacet
  facet normal 6.767057e-01 -7.106321e-01 -1.925394e-01
    outer loop
      vertex   -1.585203e+00 -1.175000e+01 1.101411e+01
      vertex   -2.086780e+00 -1.225000e+01 1.109667e+01
      vertex   -1.671054e+00 -1.175000e+01 1.071237e+01
    endloop
  endfacet
  facet normal 6.895777e-01 -7.039846e-01 -1.699656e-01
    outer loop
      vertex   -1.671054e+00 -1.175000e+01 1.071237e+01
      vertex   -2.086780e+00 -1.225000e+01 1.109667e+01
      vertex   -2.171511e+00 -1.225000e+01 1.075290e+01
    endloop
  endfacet
  facet normal 7.026407e-01 -7.085597e-01 -6.510925e-02
    outer loop
      vertex   -1.671054e+00 -1.175000e+01 1.071237e+01
      vertex   -2.171511e+00 -1.225000e+01 1.075290e+01
      vertex   -1.700000e+00 -1.175000e+01 1.040000e+01
    endloop
  endfacet
  facet normal 0.000000e+00 -1.000000e+00 0.000000e+00
    outer loop
      vertex   -4.516886e+00 -1.225000e+01 5.000000e-01
      vertex   -2.171511e+00 -1.225000e+01 1.004710e+01
      vertex   -4.516886e+00 -1.225000e+01 1.400000e+01
    endloop
  endfacet
  facet normal 0.000000e+00 -1.000000e+00 0.000000e+00
    outer loop
      vertex   -4.516886e+00 -1.225000e+01 1.400000e+01
      vertex   -2.171511e+00 -1.225000e+01 1.004710e+01
      vertex   -2.200000e+00 -1.225000e+01 1.040000e+01
    endloop
  endfacet
  facet normal 0.000000e+00 -1.000000e+00 0.000000e+00
    outer loop
      vertex   -4.516886e+00 -1.225000e+01 1.400000e+01
      vertex   -2.200000e+00 -1.225000e+01 1.040000e+01
      vertex   -2.171511e+00 -1.225000e+01 1.075290e+01
    endloop
  endfacet
  facet normal 0.000000e+00 -1.000000e+00 0.000000e+00
    outer loop
      vertex   4.516886e+00 -1.225000e+01 5.000000e-01
      vertex   8.858507e-02 -1.225000e+01 8.201784e+00
      vertex   -4.516886e+00 -1.225000e+01 5.000000e-01
    endloop
  endfacet
  facet normal 0.000000e+00 -1.000000e+00 0.000000e+00
    outer loop
      vertex   -4.516886e+00 -1.225000e+01 5.000000e-01
      vertex   8.858507e-02 -1.225000e+01 8.201784e+00
      vertex   -2.651807e-01 -1.225000e+01 8.216040e+00
    endloop
  endfacet
  facet normal 0.000000e+00 -1.000000e+00 0.000000e+00
    outer loop
      vertex   -4.516886e+00 -1.225000e+01 5.000000e-01
      vertex   -2.651807e-01 -1.225000e+01 8.216040e+00
      vertex   -6.120784e-01 -1.225000e+01 8.286860e+00
    endloop
  endfacet
  facet normal 0.000000e+00 -1.000000e+00 -0.000000e+00
    outer loop
      vertex   4.516886e+00 -1.225000e+01 1.400000e+01
      vertex   2.136072e+00 -1.225000e+01 9.873506e+00
      vertex   4.516886e+00 -1.225000e+01 5.000000e-01
    endloop
  endfacet
  facet normal 0.000000e+00 -1.000000e+00 0.000000e+00
    outer loop
      vertex   4.516886e+00 -1.225000e+01 5.000000e-01
      vertex   2.136072e+00 -1.225000e+01 9.873506e+00
      vertex   2.023955e+00 -1.225000e+01 9.537673e+00
    endloop
  endfacet
  facet normal 0.000000e+00 -1.000000e+00 0.000000e+00
    outer loop
      vertex   4.516886e+00 -1.225000e+01 5.000000e-01
      vertex   2.023955e+00 -1.225000e+01 9.537673e+00
      vertex   1.859418e+00 -1.225000e+01 9.224175e+00
    endloop
  endfacet
  facet normal 0.000000e+00 -1.000000e+00 0.000000e+00
    outer loop
      vertex   -4.516886e+00 -1.225000e+01 1.400000e+01
      vertex   8.858507e-02 -1.225000e+01 1.259822e+01
      vertex   4.516886e+00 -1.225000e+01 1.400000e+01
    endloop
  endfacet
  facet normal 0.000000e+00 -1.000000e+00 0.000000e+00
    outer loop
      vertex   4.516886e+00 -1.225000e+01 1.400000e+01
      vertex   8.858507e-02 -1.225000e+01 1.259822e+01
      vertex   4.400565e-01 -1.225000e+01 1.255554e+01
    endloop
  endfacet
  facet normal 0.000000e+00 -1.000000e+00 0.000000e+00
    outer loop
      vertex   4.516886e+00 -1.225000e+01 1.400000e+01
      vertex   4.400565e-01 -1.225000e+01 1.255554e+01
      vertex   7.801308e-01 -1.225000e+01 1.245704e+01
    endloop
  endfacet
  facet normal 0.000000e+00 -1.000000e+00 0.000000e+00
    outer loop
      vertex   -2.171511e+00 -1.225000e+01 1.075290e+01
      vertex   -2.086780e+00 -1.225000e+01 1.109667e+01
      vertex   -4.516886e+00 -1.225000e+01 1.400000e+01
    endloop
  endfacet
  facet normal 0.000000e+00 -1.000000e+00 0.000000e+00
    outer loop
      vertex   -4.516886e+00 -1.225000e+01 1.400000e+01
      vertex   -2.086780e+00 -1.225000e+01 1.109667e+01
      vertex   -1.948003e+00 -1.225000e+01 1.142239e+01
    endloop
  endfacet
  facet normal 0.000000e+00 -1.000000e+00 0.000000e+00
    outer loop
      vertex   -4.516886e+00 -1.225000e+01 1.400000e+01
      vertex   -1.948003e+00 -1.225000e+01 1.142239e+01
      vertex   -1.758774e+00 -1.225000e+01 1.172163e+01
    endloop
  endfacet
  facet normal 0.000000e+00 -1.000000e+00 0.000000e+00
    outer loop
      vertex   -1.758774e+00 -1.225000e+01 1.172163e+01
      vertex   -1.523994e+00 -1.225000e+01 1.198665e+01
      vertex   -4.516886e+00 -1.225000e+01 1.400000e+01
    endloop
  endfacet
  facet normal 0.000000e+00 -1.000000e+00 0.000000e+00
    outer loop
      vertex   -4.516886e+00 -1.225000e+01 1.400000e+01
      vertex   -1.523994e+00 -1.225000e+01 1.198665e+01
      vertex   -1.249742e+00 -1.225000e+01 1.221056e+01
    endloop
  endfacet
  facet normal 0.000000e+00 -1.000000e+00 0.000000e+00
    outer loop
      vertex   -4.516886e+00 -1.225000e+01 1.400000e+01
      vertex   -1.249742e+00 -1.225000e+01 1.221056e+01
      vertex   -9.431236e-01 -1.225000e+01 1.238759e+01
    endloop
  endfacet
  facet normal 0.000000e+00 -1.000000e+00 0.000000e+00
    outer loop
      vertex   -9.431236e-01 -1.225000e+01 1.238759e+01
      vertex   -6.120784e-01 -1.225000e+01 1.251314e+01
      vertex   -4.516886e+00 -1.225000e+01 1.400000e+01
    endloop
  endfacet
  facet normal 0.000000e+00 -1.000000e+00 0.000000e+00
    outer loop
      vertex   -4.516886e+00 -1.225000e+01 1.400000e+01
      vertex   -6.120784e-01 -1.225000e+01 1.251314e+01
      vertex   -2.651807e-01 -1.225000e+01 1.258396e+01
    endloop
  endfacet
  facet normal 0.000000e+00 -1.000000e+00 0.000000e+00
    outer loop
      vertex   -4.516886e+00 -1.225000e+01 1.400000e+01
      vertex   -2.651807e-01 -1.225000e+01 1.258396e+01
      vertex   8.858507e-02 -1.225000e+01 1.259822e+01
    endloop
  endfacet
  facet normal 0.000000e+00 -1.000000e+00 0.000000e+00
    outer loop
      vertex   7.801308e-01 -1.225000e+01 1.245704e+01
      vertex   1.100000e+00 -1.225000e+01 1.230526e+01
      vertex   4.516886e+00 -1.225000e+01 1.400000e+01
    endloop
  endfacet
  facet normal 0.000000e+00 -1.000000e+00 0.000000e+00
    outer loop
      vertex   4.516886e+00 -1.225000e+01 1.400000e+01
      vertex   1.100000e+00 -1.225000e+01 1.230526e+01
      vertex   1.391380e+00 -1.225000e+01 1.210413e+01
    endloop
  endfacet
  facet normal 0.000000e+00 -1.000000e+00 0.000000e+00
    outer loop
      vertex   4.516886e+00 -1.225000e+01 1.400000e+01
      vertex   1.391380e+00 -1.225000e+01 1.210413e+01
      vertex   1.646724e+00 -1.225000e+01 1.185887e+01
    endloop
  endfacet
  facet normal 0.000000e+00 -1.000000e+00 0.000000e+00
    outer loop
      vertex   1.646724e+00 -1.225000e+01 1.185887e+01
      vertex   1.859418e+00 -1.225000e+01 1.157582e+01
      vertex   4.516886e+00 -1.225000e+01 1.400000e+01
    endloop
  endfacet
  facet normal 0.000000e+00 -1.000000e+00 0.000000e+00
    outer loop
      vertex   4.516886e+00 -1.225000e+01 1.400000e+01
      vertex   1.859418e+00 -1.225000e+01 1.157582e+01
      vertex   2.023955e+00 -1.225000e+01 1.126233e+01
    endloop
  endfacet
  facet normal 0.000000e+00 -1.000000e+00 0.000000e+00
    outer loop
      vertex   4.516886e+00 -1.225000e+01 1.400000e+01
      vertex   2.023955e+00 -1.225000e+01 1.126233e+01
      vertex   2.136072e+00 -1.225000e+01 1.092649e+01
    endloop
  endfacet
  facet normal 0.000000e+00 -1.000000e+00 0.000000e+00
    outer loop
      vertex   2.136072e+00 -1.225000e+01 1.092649e+01
      vertex   2.192866e+00 -1.225000e+01 1.057703e+01
      vertex   4.516886e+00 -1.225000e+01 1.400000e+01
    endloop
  endfacet
  facet normal 0.000000e+00 -1.000000e+00 0.000000e+00
    outer loop
      vertex   4.516886e+00 -1.225000e+01 1.400000e+01
      vertex   2.192866e+00 -1.225000e+01 1.057703e+01
      vertex   2.192866e+00 -1.225000e+01 1.022297e+01
    endloop
  endfacet
  facet normal 0.000000e+00 -1.000000e+00 0.000000e+00
    outer loop
      vertex   4.516886e+00 -1.225000e+01 1.400000e+01
      vertex   2.192866e+00 -1.225000e+01 1.022297e+01
      vertex   2.136072e+00 -1.225000e+01 9.873506e+00
    endloop
  endfacet
  facet normal 0.000000e+00 -1.000000e+00 -0.000000e+00
    outer loop
      vertex   1.859418e+00 -1.225000e+01 9.224175e+00
      vertex   1.646724e+00 -1.225000e+01 8.941130e+00
      vertex   4.516886e+00 -1.225000e+01 5.000000e-01
    endloop
  endfacet
  facet normal 0.000000e+00 -1.000000e+00 0.000000e+00
    outer loop
      vertex   4.516886e+00 -1.225000e+01 5.000000e-01
      vertex   1.646724e+00 -1.225000e+01 8.941130e+00
      vertex   1.391380e+00 -1.225000e+01 8.695869e+00
    endloop
  endfacet
  facet normal 0.000000e+00 -1.000000e+00 0.000000e+00
    outer loop
      vertex   4.516886e+00 -1.225000e+01 5.000000e-01
      vertex   1.391380e+00 -1.225000e+01 8.695869e+00
      vertex   1.100000e+00 -1.225000e+01 8.494744e+00
    endloop
  endfacet
  facet normal 0.000000e+00 -1.000000e+00 -0.000000e+00
    outer loop
      vertex   1.100000e+00 -1.225000e+01 8.494744e+00
      vertex   7.801308e-01 -1.225000e+01 8.342964e+00
      vertex   4.516886e+00 -1.225000e+01 5.000000e-01
    endloop
  endfacet
  facet normal 0.000000e+00 -1.000000e+00 0.000000e+00
    outer loop
      vertex   4.516886e+00 -1.225000e+01 5.000000e-01
      vertex   7.801308e-01 -1.225000e+01 8.342964e+00
      vertex   4.400565e-01 -1.225000e+01 8.244461e+00
    endloop
  endfacet
  facet normal 0.000000e+00 -1.000000e+00 0.000000e+00
    outer loop
      vertex   4.516886e+00 -1.225000e+01 5.000000e-01
      vertex   4.400565e-01 -1.225000e+01 8.244461e+00
      vertex   8.858507e-02 -1.225000e+01 8.201784e+00
    endloop
  endfacet
  facet normal -0.000000e+00 -1.000000e+00 0.000000e+00
    outer loop
      vertex   -6.120784e-01 -1.225000e+01 8.286860e+00
      vertex   -9.431236e-01 -1.225000e+01 8.412409e+00
      vertex   -4.516886e+00 -1.225000e+01 5.000000e-01
    endloop
  endfacet
  facet normal 0.000000e+00 -1.000000e+00 0.000000e+00
    outer loop
      vertex   -4.516886e+00 -1.225000e+01 5.000000e-01
      vertex   -9.431236e-01 -1.225000e+01 8.412409e+00
      vertex   -1.249742e+00 -1.225000e+01 8.589435e+00
    endloop
  endfacet
  facet normal 0.000000e+00 -1.000000e+00 0.000000e+00
    outer loop
      vertex   -4.516886e+00 -1.225000e+01 5.000000e-01
      vertex   -1.249742e+00 -1.225000e+01 8.589435e+00
      vertex   -1.523994e+00 -1.225000e+01 8.813355e+00
    endloop
  endfacet
  facet normal -0.000000e+00 -1.000000e+00 0.000000e+00
    outer loop
      vertex   -1.523994e+00 -1.225000e+01 8.813355e+00
      vertex   -1.758774e+00 -1.225000e+01 9.078367e+00
      vertex   -4.516886e+00 -1.225000e+01 5.000000e-01
    endloop
  endfacet
  facet normal 0.000000e+00 -1.000000e+00 0.000000e+00
    outer loop
      vertex   -4.516886e+00 -1.225000e+01 5.000000e-01
      vertex   -1.758774e+00 -1.225000e+01 9.078367e+00
      vertex   -1.948003e+00 -1.225000e+01 9.377609e+00
    endloop
  endfacet
  facet normal 0.000000e+00 -1.000000e+00 0.000000e+00
    outer loop
      vertex   -4.516886e+00 -1.225000e+01 5.000000e-01
      vertex   -1.948003e+00 -1.225000e+01 9.377609e+00
      vertex   -2.086780e+00 -1.225000e+01 9.703330e+00
    endloop
  endfacet
  facet normal -0.000000e+00 -1.000000e+00 0.000000e+00
    outer loop
      vertex   -2.086780e+00 -1.225000e+01 9.703330e+00
      vertex   -2.171511e+00 -1.225000e+01 1.004710e+01
      vertex   -4.516886e+00 -1.225000e+01 5.000000e-01
    endloop
  endfacet
  facet normal 9.987756e-01 -2.400162e-16 4.946948e-02
    outer loop
      vertex   -1.691948e+00 -9.348151e+00 1.023743e+01
      vertex   -1.700000e+00 -9.346657e+00 1.040000e+01
      vertex   -1.700000e+00 -1.175000e+01 1.040000e+01
    endloop
  endfacet
  facet normal 9.987756e-01 -3.133942e-16 -4.946948e-02
    outer loop
      vertex   -1.700000e+00 -1.175000e+01 1.040000e+01
      vertex   -1.700000e+00 -9.346657e+00 1.040000e+01
      vertex   -1.691948e+00 -9.348151e+00 1.056257e+01
    endloop
  endfacet
  facet normal 9.957300e-01 2.907038e-03 -9.226797e-02
    outer loop
      vertex   -1.700000e+00 -1.175000e+01 1.040000e+01
      vertex   -1.691948e+00 -9.348151e+00 1.056257e+01
      vertex   -1.671054e+00 -1.175000e+01 1.071237e+01
    endloop
  endfacet
  facet normal 9.893595e-01 -4.679280e-04 -1.454911e-01
    outer loop
      vertex   -1.671054e+00 -1.175000e+01 1.071237e+01
      vertex   -1.691948e+00 -9.348151e+00 1.056257e+01
      vertex   -1.667722e+00 -9.352529e+00 1.072732e+01
    endloop
  endfacet
  facet normal 9.707942e-01 1.465591e-04 -2.399138e-01
    outer loop
      vertex   -1.671054e+00 -1.175000e+01 1.071237e+01
      vertex   -1.667722e+00 -9.352529e+00 1.072732e+01
      vertex   -1.627219e+00 -9.359636e+00 1.089121e+01
    endloop
  endfacet
  facet normal 9.618218e-01 2.835968e-03 -2.736619e-01
    outer loop
      vertex   -1.671054e+00 -1.175000e+01 1.071237e+01
      vertex   -1.627219e+00 -9.359636e+00 1.089121e+01
      vertex   -1.585203e+00 -1.175000e+01 1.101411e+01
    endloop
  endfacet
  facet normal 9.421970e-01 -6.657082e-04 -3.350587e-01
    outer loop
      vertex   -1.585203e+00 -1.175000e+01 1.101411e+01
      vertex   -1.627219e+00 -9.359636e+00 1.089121e+01
      vertex   -1.570335e+00 -9.369314e+00 1.105119e+01
    endloop
  endfacet
  facet normal 9.028497e-01 1.058055e-03 -4.299551e-01
    outer loop
      vertex   -1.585203e+00 -1.175000e+01 1.101411e+01
      vertex   -1.570335e+00 -9.369314e+00 1.105119e+01
      vertex   -1.497362e+00 -9.381238e+00 1.120439e+01
    endloop
  endfacet
  facet normal 8.951602e-01 2.610957e-03 -4.457368e-01
    outer loop
      vertex   -1.585203e+00 -1.175000e+01 1.101411e+01
      vertex   -1.497362e+00 -9.381238e+00 1.120439e+01
      vertex   -1.445369e+00 -1.175000e+01 1.129493e+01
    endloop
  endfacet
  facet normal 8.557267e-01 -9.947668e-04 -5.174271e-01
    outer loop
      vertex   -1.445369e+00 -1.175000e+01 1.129493e+01
      vertex   -1.497362e+00 -9.381238e+00 1.120439e+01
      vertex   -1.410164e+00 -9.394725e+00 1.134863e+01
    endloop
  endfacet
  facet normal 8.022556e-01 1.618072e-03 -5.969785e-01
    outer loop
      vertex   -1.445369e+00 -1.175000e+01 1.129493e+01
      vertex   -1.410164e+00 -9.394725e+00 1.134863e+01
      vertex   -1.310992e+00 -9.409088e+00 1.148186e+01
    endloop
  endfacet
  facet normal 7.980151e-01 2.313029e-03 -6.026330e-01
    outer loop
      vertex   -1.445369e+00 -1.175000e+01 1.129493e+01
      vertex   -1.310992e+00 -9.409088e+00 1.148186e+01
      vertex   -1.256315e+00 -1.175000e+01 1.154528e+01
    endloop
  endfacet
  facet normal 7.410516e-01 -8.817637e-04 -6.714475e-01
    outer loop
      vertex   -1.256315e+00 -1.175000e+01 1.154528e+01
      vertex   -1.310992e+00 -9.409088e+00 1.148186e+01
      vertex   -1.202098e+00 -9.423638e+00 1.160207e+01
    endloop
  endfacet
  facet normal 6.715679e-01 2.433783e-03 -7.409390e-01
    outer loop
      vertex   -1.256315e+00 -1.175000e+01 1.154528e+01
      vertex   -1.202098e+00 -9.423638e+00 1.160207e+01
      vertex   -1.081898e+00 -9.438164e+00 1.171096e+01
    endloop
  endfacet
  facet normal 6.736941e-01 2.134932e-03 -7.390072e-01
    outer loop
      vertex   -1.256315e+00 -1.175000e+01 1.154528e+01
      vertex   -1.081898e+00 -9.438164e+00 1.171096e+01
      vertex   -1.024479e+00 -1.175000e+01 1.175663e+01
    endloop
  endfacet
  facet normal 5.970398e-01 -1.017393e-03 -8.022109e-01
    outer loop
      vertex   -1.024479e+00 -1.175000e+01 1.175663e+01
      vertex   -1.081898e+00 -9.438164e+00 1.171096e+01
      vertex   -9.486622e-01 -9.452459e+00 1.181014e+01
    endloop
  endfacet
  facet normal 5.264306e-01 2.430702e-03 -8.502146e-01
    outer loop
      vertex   -1.024479e+00 -1.175000e+01 1.175663e+01
      vertex   -9.486622e-01 -9.452459e+00 1.181014e+01
      vertex   -7.577552e-01 -1.175000e+01 1.192178e+01
    endloop
  endfacet
  facet normal 5.174736e-01 1.420013e-03 -8.556980e-01
    outer loop
      vertex   -7.577552e-01 -1.175000e+01 1.192178e+01
      vertex   -9.486622e-01 -9.452459e+00 1.181014e+01
      vertex   -8.044228e-01 -9.465848e+00 1.189735e+01
    endloop
  endfacet
  facet normal 4.299834e-01 -8.716910e-04 -9.028364e-01
    outer loop
      vertex   -7.577552e-01 -1.175000e+01 1.192178e+01
      vertex   -8.044228e-01 -9.465848e+00 1.189735e+01
      vertex   -6.512119e-01 -9.477654e+00 1.197033e+01
    endloop
  endfacet
  facet normal 3.612401e-01 2.984547e-03 -9.324681e-01
    outer loop
      vertex   -7.577552e-01 -1.175000e+01 1.192178e+01
      vertex   -6.512119e-01 -9.477654e+00 1.197033e+01
      vertex   -4.652271e-01 -1.175000e+01 1.203510e+01
    endloop
  endfacet
  facet normal 3.350631e-01 5.647407e-04 -9.421955e-01
    outer loop
      vertex   -4.652271e-01 -1.175000e+01 1.203510e+01
      vertex   -6.512119e-01 -9.477654e+00 1.197033e+01
      vertex   -4.912238e-01 -9.487214e+00 1.202721e+01
    endloop
  endfacet
  facet normal 2.399000e-01 -6.282817e-04 -9.707974e-01
    outer loop
      vertex   -4.652271e-01 -1.175000e+01 1.203510e+01
      vertex   -4.912238e-01 -9.487214e+00 1.202721e+01
      vertex   -3.273283e-01 -9.494221e+00 1.206772e+01
    endloop
  endfacet
  facet normal 1.837487e-01 2.980310e-03 -9.829687e-01
    outer loop
      vertex   -4.652271e-01 -1.175000e+01 1.203510e+01
      vertex   -3.273283e-01 -9.494221e+00 1.206772e+01
      vertex   -1.568562e-01 -1.175000e+01 1.209275e+01
    endloop
  endfacet
  facet normal 1.454824e-01 1.755341e-05 -9.893608e-01
    outer loop
      vertex   -1.568562e-01 -1.175000e+01 1.209275e+01
      vertex   -3.273283e-01 -9.494221e+00 1.206772e+01
      vertex   -1.625717e-01 -9.498531e+00 1.209195e+01
    endloop
  endfacet
  facet normal 4.946867e-02 -2.295320e-04 -9.987756e-01
    outer loop
      vertex   -1.568562e-01 -1.175000e+01 1.209275e+01
      vertex   -1.625717e-01 -9.498531e+00 1.209195e+01
      vertex   1.561251e-16 -9.500000e+00 1.210000e+01
    endloop
  endfacet
  facet normal 0.000000e+00 3.223050e-03 -9.999948e-01
    outer loop
      vertex   -1.568562e-01 -1.175000e+01 1.209275e+01
      vertex   1.561251e-16 -9.500000e+00 1.210000e+01
      vertex   1.568562e-01 -1.175000e+01 1.209275e+01
    endloop
  endfacet
  facet normal -4.946867e-02 -2.295320e-04 -9.987756e-01
    outer loop
      vertex   1.568562e-01 -1.175000e+01 1.209275e+01
      vertex   1.561251e-16 -9.500000e+00 1.210000e+01
      vertex   1.625717e-01 -9.498531e+00 1.209195e+01
    endloop
  endfacet
  facet normal -1.454824e-01 1.755341e-05 -9.893608e-01
    outer loop
      vertex   1.568562e-01 -1.175000e+01 1.209275e+01
      vertex   1.625717e-01 -9.498531e+00 1.209195e+01
      vertex   3.273283e-01 -9.494221e+00 1.206772e+01
    endloop
  endfacet
  facet normal -1.837487e-01 2.980310e-03 -9.829687e-01
    outer loop
      vertex   1.568562e-01 -1.175000e+01 1.209275e+01
      vertex   3.273283e-01 -9.494221e+00 1.206772e+01
      vertex   4.652271e-01 -1.175000e+01 1.203510e+01
    endloop
  endfacet
  facet normal -2.399000e-01 -6.282817e-04 -9.707974e-01
    outer loop
      vertex   4.652271e-01 -1.175000e+01 1.203510e+01
      vertex   3.273283e-01 -9.494221e+00 1.206772e+01
      vertex   4.912238e-01 -9.487214e+00 1.202721e+01
    endloop
  endfacet
  facet normal -3.350631e-01 5.647407e-04 -9.421955e-01
    outer loop
      vertex   4.652271e-01 -1.175000e+01 1.203510e+01
      vertex   4.912238e-01 -9.487214e+00 1.202721e+01
      vertex   6.512119e-01 -9.477654e+00 1.197033e+01
    endloop
  endfacet
  facet normal -3.612401e-01 2.984547e-03 -9.324681e-01
    outer loop
      vertex   4.652271e-01 -1.175000e+01 1.203510e+01
      vertex   6.512119e-01 -9.477654e+00 1.197033e+01
      vertex   7.577552e-01 -1.175000e+01 1.192178e+01
    endloop
  endfacet
  facet normal -4.299834e-01 -8.716910e-04 -9.028364e-01
    outer loop
      vertex   7.577552e-01 -1.175000e+01 1.192178e+01
      vertex   6.512119e-01 -9.477654e+00 1.197033e+01
      vertex   8.044228e-01 -9.465848e+00 1.189735e+01
    endloop
  endfacet
  facet normal -5.174736e-01 1.420013e-03 -8.556980e-01
    outer loop
      vertex   7.577552e-01 -1.175000e+01 1.192178e+01
      vertex   8.044228e-01 -9.465848e+00 1.189735e+01
      vertex   9.486622e-01 -9.452459e+00 1.181014e+01
    endloop
  endfacet
  facet normal -5.264306e-01 2.430702e-03 -8.502146e-01
    outer loop
      vertex   7.577552e-01 -1.175000e+01 1.192178e+01
      vertex   9.486622e-01 -9.452459e+00 1.181014e+01
      vertex   1.024479e+00 -1.175000e+01 1.175663e+01
    endloop
  endfacet
  facet normal -5.970398e-01 -1.017393e-03 -8.022109e-01
    outer loop
      vertex   1.024479e+00 -1.175000e+01 1.175663e+01
      vertex   9.486622e-01 -9.452459e+00 1.181014e+01
      vertex   1.081898e+00 -9.438164e+00 1.171096e+01
    endloop
  endfacet
  facet normal -6.715426e-01 2.042859e-03 -7.409631e-01
    outer loop
      vertex   1.024479e+00 -1.175000e+01 1.175663e+01
      vertex   1.081898e+00 -9.438164e+00 1.171096e+01
      vertex   1.202098e+00 -9.423638e+00 1.160207e+01
    endloop
  endfacet
  facet normal -6.736938e-01 2.337079e-03 -7.390069e-01
    outer loop
      vertex   1.024479e+00 -1.175000e+01 1.175663e+01
      vertex   1.202098e+00 -9.423638e+00 1.160207e+01
      vertex   1.256315e+00 -1.175000e+01 1.154528e+01
    endloop
  endfacet
  facet normal -7.410516e-01 -8.817637e-04 -6.714475e-01
    outer loop
      vertex   1.256315e+00 -1.175000e+01 1.154528e+01
      vertex   1.202098e+00 -9.423638e+00 1.160207e+01
      vertex   1.310992e+00 -9.409088e+00 1.148186e+01
    endloop
  endfacet
  facet normal -7.980151e-01 2.313029e-03 -6.026330e-01
    outer loop
      vertex   1.256315e+00 -1.175000e+01 1.154528e+01
      vertex   1.310992e+00 -9.409088e+00 1.148186e+01
      vertex   1.445369e+00 -1.175000e+01 1.129493e+01
    endloop
  endfacet
  facet normal -8.022556e-01 1.618072e-03 -5.969785e-01
    outer loop
      vertex   1.445369e+00 -1.175000e+01 1.129493e+01
      vertex   1.310992e+00 -9.409088e+00 1.148186e+01
      vertex   1.410164e+00 -9.394725e+00 1.134863e+01
    endloop
  endfacet
  facet normal -8.557267e-01 -9.947668e-04 -5.174271e-01
    outer loop
      vertex   1.445369e+00 -1.175000e+01 1.129493e+01
      vertex   1.410164e+00 -9.394725e+00 1.134863e+01
      vertex   1.497362e+00 -9.381238e+00 1.120439e+01
    endloop
  endfacet
  facet normal -8.951602e-01 2.610957e-03 -4.457368e-01
    outer loop
      vertex   1.445369e+00 -1.175000e+01 1.129493e+01
      vertex   1.497362e+00 -9.381238e+00 1.120439e+01
      vertex   1.585203e+00 -1.175000e+01 1.101411e+01
    endloop
  endfacet
  facet normal -9.028497e-01 1.058055e-03 -4.299551e-01
    outer loop
      vertex   1.585203e+00 -1.175000e+01 1.101411e+01
      vertex   1.497362e+00 -9.381238e+00 1.120439e+01
      vertex   1.570335e+00 -9.369314e+00 1.105119e+01
    endloop
  endfacet
  facet normal -9.421970e-01 -6.657082e-04 -3.350587e-01
    outer loop
      vertex   1.585203e+00 -1.175000e+01 1.101411e+01
      vertex   1.570335e+00 -9.369314e+00 1.105119e+01
      vertex   1.627219e+00 -9.359636e+00 1.089121e+01
    endloop
  endfacet
  facet normal -9.618218e-01 2.835968e-03 -2.736619e-01
    outer loop
      vertex   1.585203e+00 -1.175000e+01 1.101411e+01
      vertex   1.627219e+00 -9.359636e+00 1.089121e+01
      vertex   1.671054e+00 -1.175000e+01 1.071237e+01
    endloop
  endfacet
  facet normal -9.707942e-01 1.465591e-04 -2.399138e-01
    outer loop
      vertex   1.671054e+00 -1.175000e+01 1.071237e+01
      vertex   1.627219e+00 -9.359636e+00 1.089121e+01
      vertex   1.667722e+00 -9.352529e+00 1.072732e+01
    endloop
  endfacet
  facet normal -9.893595e-01 -4.679280e-04 -1.454911e-01
    outer loop
      vertex   1.671054e+00 -1.175000e+01 1.071237e+01
      vertex   1.667722e+00 -9.352529e+00 1.072732e+01
      vertex   1.691948e+00 -9.348151e+00 1.056257e+01
    endloop
  endfacet
  facet normal -9.957300e-01 2.907038e-03 -9.226797e-02
    outer loop
      vertex   1.671054e+00 -1.175000e+01 1.071237e+01
      vertex   1.691948e+00 -9.348151e+00 1.056257e+01
      vertex   1.700000e+00 -1.175000e+01 1.040000e+01
    endloop
  endfacet
  facet normal -9.987756e-01 0.000000e+00 -4.946948e-02
    outer loop
      vertex   1.700000e+00 -1.175000e+01 1.040000e+01
      vertex   1.691948e+00 -9.348151e+00 1.056257e+01
      vertex   1.700000e+00 -9.346657e+00 1.040000e+01
    endloop
  endfacet
  facet normal -9.987756e-01 0.000000e+00 4.946948e-02
    outer loop
      vertex   1.700000e+00 -1.175000e+01 1.040000e+01
      vertex   1.700000e+00 -9.346657e+00 1.040000e+01
      vertex   1.691948e+00 -9.348151e+00 1.023743e+01
    endloop
  endfacet
  facet normal -9.957300e-01 2.907038e-03 9.226797e-02
    outer loop
      vertex   1.700000e+00 -1.175000e+01 1.040000e+01
      vertex   1.691948e+00 -9.348151e+00 1.023743e+01
      vertex   1.671054e+00 -1.175000e+01 1.008763e+01
    endloop
  endfacet
  facet normal -9.893595e-01 -4.679280e-04 1.454911e-01
    outer loop
      vertex   1.671054e+00 -1.175000e+01 1.008763e+01
      vertex   1.691948e+00 -9.348151e+00 1.023743e+01
      vertex   1.667722e+00 -9.352529e+00 1.007268e+01
    endloop
  endfacet
  facet normal -9.707942e-01 1.465591e-04 2.399138e-01
    outer loop
      vertex   1.671054e+00 -1.175000e+01 1.008763e+01
      vertex   1.667722e+00 -9.352529e+00 1.007268e+01
      vertex   1.627219e+00 -9.359636e+00 9.908790e+00
    endloop
  endfacet
  facet normal -9.618218e-01 2.835968e-03 2.736619e-01
    outer loop
      vertex   1.671054e+00 -1.175000e+01 1.008763e+01
      vertex   1.627219e+00 -9.359636e+00 9.908790e+00
      vertex   1.585203e+00 -1.175000e+01 9.785889e+00
    endloop
  endfacet
  facet normal -9.421970e-01 -6.657082e-04 3.350587e-01
    outer loop
      vertex   1.585203e+00 -1.175000e+01 9.785889e+00
      vertex   1.627219e+00 -9.359636e+00 9.908790e+00
      vertex   1.570335e+00 -9.369314e+00 9.748810e+00
    endloop
  endfacet
  facet normal -9.028497e-01 1.058055e-03 4.299551e-01
    outer loop
      vertex   1.585203e+00 -1.175000e+01 9.785889e+00
      vertex   1.570335e+00 -9.369314e+00 9.748810e+00
      vertex   1.497362e+00 -9.381238e+00 9.595605e+00
    endloop
  endfacet
  facet normal -8.951602e-01 2.610957e-03 4.457368e-01
    outer loop
      vertex   1.585203e+00 -1.175000e+01 9.785889e+00
      vertex   1.497362e+00 -9.381238e+00 9.595605e+00
      vertex   1.445369e+00 -1.175000e+01 9.505065e+00
    endloop
  endfacet
  facet normal -8.557267e-01 -9.947668e-04 5.174271e-01
    outer loop
      vertex   1.445369e+00 -1.175000e+01 9.505065e+00
      vertex   1.497362e+00 -9.381238e+00 9.595605e+00
      vertex   1.410164e+00 -9.394725e+00 9.451371e+00
    endloop
  endfacet
  facet normal -8.022556e-01 1.618072e-03 5.969785e-01
    outer loop
      vertex   1.445369e+00 -1.175000e+01 9.505065e+00
      vertex   1.410164e+00 -9.394725e+00 9.451371e+00
      vertex   1.310992e+00 -9.409088e+00 9.318136e+00
    endloop
  endfacet
  facet normal -7.980151e-01 2.313029e-03 6.026330e-01
    outer loop
      vertex   1.445369e+00 -1.175000e+01 9.505065e+00
      vertex   1.310992e+00 -9.409088e+00 9.318136e+00
      vertex   1.256315e+00 -1.175000e+01 9.254717e+00
    endloop
  endfacet
  facet normal -7.410516e-01 -8.817637e-04 6.714475e-01
    outer loop
      vertex   1.256315e+00 -1.175000e+01 9.254717e+00
      vertex   1.310992e+00 -9.409088e+00 9.318136e+00
      vertex   1.202098e+00 -9.423638e+00 9.197935e+00
    endloop
  endfacet
  facet normal -6.715679e-01 2.433783e-03 7.409390e-01
    outer loop
      vertex   1.256315e+00 -1.175000e+01 9.254717e+00
      vertex   1.202098e+00 -9.423638e+00 9.197935e+00
      vertex   1.081898e+00 -9.438164e+00 9.089036e+00
    endloop
  endfacet
  facet normal -6.736941e-01 2.134932e-03 7.390072e-01
    outer loop
      vertex   1.256315e+00 -1.175000e+01 9.254717e+00
      vertex   1.081898e+00 -9.438164e+00 9.089036e+00
      vertex   1.024479e+00 -1.175000e+01 9.043371e+00
    endloop
  endfacet
  facet normal -5.970398e-01 -1.017393e-03 8.022109e-01
    outer loop
      vertex   1.024479e+00 -1.175000e+01 9.043371e+00
      vertex   1.081898e+00 -9.438164e+00 9.089036e+00
      vertex   9.486622e-01 -9.452459e+00 8.989859e+00
    endloop
  endfacet
  facet normal -5.264306e-01 2.430702e-03 8.502146e-01
    outer loop
      vertex   1.024479e+00 -1.175000e+01 9.043371e+00
      vertex   9.486622e-01 -9.452459e+00 8.989859e+00
      vertex   7.577552e-01 -1.175000e+01 8.878222e+00
    endloop
  endfacet
  facet normal -5.174736e-01 1.420013e-03 8.556980e-01
    outer loop
      vertex   7.577552e-01 -1.175000e+01 8.878222e+00
      vertex   9.486622e-01 -9.452459e+00 8.989859e+00
      vertex   8.044228e-01 -9.465848e+00 8.902654e+00
    endloop
  endfacet
  facet normal -4.299834e-01 -8.716910e-04 9.028364e-01
    outer loop
      vertex   7.577552e-01 -1.175000e+01 8.878222e+00
      vertex   8.044228e-01 -9.465848e+00 8.902654e+00
      vertex   6.512119e-01 -9.477654e+00 8.829674e+00
    endloop
  endfacet
  facet normal -3.612401e-01 2.984547e-03 9.324681e-01
    outer loop
      vertex   7.577552e-01 -1.175000e+01 8.878222e+00
      vertex   6.512119e-01 -9.477654e+00 8.829674e+00
      vertex   4.652271e-01 -1.175000e+01 8.764896e+00
    endloop
  endfacet
  facet normal -3.350631e-01 5.647407e-04 9.421955e-01
    outer loop
      vertex   4.652271e-01 -1.175000e+01 8.764896e+00
      vertex   6.512119e-01 -9.477654e+00 8.829674e+00
      vertex   4.912238e-01 -9.487214e+00 8.772785e+00
    endloop
  endfacet
  facet normal -2.399000e-01 -6.282817e-04 9.707974e-01
    outer loop
      vertex   4.652271e-01 -1.175000e+01 8.764896e+00
      vertex   4.912238e-01 -9.487214e+00 8.772785e+00
      vertex   3.273283e-01 -9.494221e+00 8.732279e+00
    endloop
  endfacet
  facet normal -1.837487e-01 2.980310e-03 9.829687e-01
    outer loop
      vertex   4.652271e-01 -1.175000e+01 8.764896e+00
      vertex   3.273283e-01 -9.494221e+00 8.732279e+00
      vertex   1.568562e-01 -1.175000e+01 8.707252e+00
    endloop
  endfacet
  facet normal -1.454824e-01 1.755341e-05 9.893608e-01
    outer loop
      vertex   1.568562e-01 -1.175000e+01 8.707252e+00
      vertex   3.273283e-01 -9.494221e+00 8.732279e+00
      vertex   1.625717e-01 -9.498531e+00 8.708052e+00
    endloop
  endfacet
  facet normal -4.946867e-02 -2.295320e-04 9.987756e-01
    outer loop
      vertex   1.568562e-01 -1.175000e+01 8.707252e+00
      vertex   1.625717e-01 -9.498531e+00 8.708052e+00
      vertex   -4.047688e-16 -9.500000e+00 8.700000e+00
    endloop
  endfacet
  facet normal 0.000000e+00 3.223050e-03 9.999948e-01
    outer loop
      vertex   1.568562e-01 -1.175000e+01 8.707252e+00
      vertex   -4.047688e-16 -9.500000e+00 8.700000e+00
      vertex   -1.568562e-01 -1.175000e+01 8.707252e+00
    endloop
  endfacet
  facet normal 4.946867e-02 -2.295320e-04 9.987756e-01
    outer loop
      vertex   -1.568562e-01 -1.175000e+01 8.707252e+00
      vertex   -4.047688e-16 -9.500000e+00 8.700000e+00
      vertex   -1.625717e-01 -9.498531e+00 8.708052e+00
    endloop
  endfacet
  facet normal 1.454824e-01 1.755341e-05 9.893608e-01
    outer loop
      vertex   -1.568562e-01 -1.175000e+01 8.707252e+00
      vertex   -1.625717e-01 -9.498531e+00 8.708052e+00
      vertex   -3.273283e-01 -9.494221e+00 8.732279e+00
    endloop
  endfacet
  facet normal 1.837487e-01 2.980310e-03 9.829687e-01
    outer loop
      vertex   -1.568562e-01 -1.175000e+01 8.707252e+00
      vertex   -3.273283e-01 -9.494221e+00 8.732279e+00
      vertex   -4.652271e-01 -1.175000e+01 8.764896e+00
    endloop
  endfacet
  facet normal 2.399000e-01 -6.282817e-04 9.707974e-01
    outer loop
      vertex   -4.652271e-01 -1.175000e+01 8.764896e+00
      vertex   -3.273283e-01 -9.494221e+00 8.732279e+00
      vertex   -4.912238e-01 -9.487214e+00 8.772785e+00
    endloop
  endfacet
  facet normal 3.350631e-01 5.647407e-04 9.421955e-01
    outer loop
      vertex   -4.652271e-01 -1.175000e+01 8.764896e+00
      vertex   -4.912238e-01 -9.487214e+00 8.772785e+00
      vertex   -6.512119e-01 -9.477654e+00 8.829674e+00
    endloop
  endfacet
  facet normal 3.612401e-01 2.984547e-03 9.324681e-01
    outer loop
      vertex   -4.652271e-01 -1.175000e+01 8.764896e+00
      vertex   -6.512119e-01 -9.477654e+00 8.829674e+00
      vertex   -7.577552e-01 -1.175000e+01 8.878222e+00
    endloop
  endfacet
  facet normal 4.299834e-01 -8.716910e-04 9.028364e-01
    outer loop
      vertex   -7.577552e-01 -1.175000e+01 8.878222e+00
      vertex   -6.512119e-01 -9.477654e+00 8.829674e+00
      vertex   -8.044228e-01 -9.465848e+00 8.902654e+00
    endloop
  endfacet
  facet normal 5.174736e-01 1.420013e-03 8.556980e-01
    outer loop
      vertex   -7.577552e-01 -1.175000e+01 8.878222e+00
      vertex   -8.044228e-01 -9.465848e+00 8.902654e+00
      vertex   -9.486622e-01 -9.452459e+00 8.989859e+00
    endloop
  endfacet
  facet normal 5.264306e-01 2.430702e-03 8.502146e-01
    outer loop
      vertex   -7.577552e-01 -1.175000e+01 8.878222e+00
      vertex   -9.486622e-01 -9.452459e+00 8.989859e+00
      vertex   -1.024479e+00 -1.175000e+01 9.043371e+00
    endloop
  endfacet
  facet normal 5.970398e-01 -1.017393e-03 8.022109e-01
    outer loop
      vertex   -1.024479e+00 -1.175000e+01 9.043371e+00
      vertex   -9.486622e-01 -9.452459e+00 8.989859e+00
      vertex   -1.081898e+00 -9.438164e+00 9.089036e+00
    endloop
  endfacet
  facet normal 6.715426e-01 2.042859e-03 7.409631e-01
    outer loop
      vertex   -1.024479e+00 -1.175000e+01 9.043371e+00
      vertex   -1.081898e+00 -9.438164e+00 9.089036e+00
      vertex   -1.202098e+00 -9.423638e+00 9.197935e+00
    endloop
  endfacet
  facet normal 6.736938e-01 2.337079e-03 7.390069e-01
    outer loop
      vertex   -1.024479e+00 -1.175000e+01 9.043371e+00
      vertex   -1.202098e+00 -9.423638e+00 9.197935e+00
      vertex   -1.256315e+00 -1.175000e+01 9.254717e+00
    endloop
  endfacet
  facet normal 7.410516e-01 -8.817637e-04 6.714475e-01
    outer loop
      vertex   -1.256315e+00 -1.175000e+01 9.254717e+00
      vertex   -1.202098e+00 -9.423638e+00 9.197935e+00
      vertex   -1.310992e+00 -9.409088e+00 9.318136e+00
    endloop
  endfacet
  facet normal 7.980151e-01 2.313029e-03 6.026330e-01
    outer loop
      vertex   -1.256315e+00 -1.175000e+01 9.254717e+00
      vertex   -1.310992e+00 -9.409088e+00 9.318136e+00
      vertex   -1.445369e+00 -1.175000e+01 9.505065e+00
    endloop
  endfacet
  facet normal 8.022556e-01 1.618072e-03 5.969785e-01
    outer loop
      vertex   -1.445369e+00 -1.175000e+01 9.505065e+00
      vertex   -1.310992e+00 -9.409088e+00 9.318136e+00
      vertex   -1.410164e+00 -9.394725e+00 9.451371e+00
    endloop
  endfacet
  facet normal 8.557267e-01 -9.947668e-04 5.174271e-01
    outer loop
      vertex   -1.445369e+00 -1.175000e+01 9.505065e+00
      vertex   -1.410164e+00 -9.394725e+00 9.451371e+00
      vertex   -1.497362e+00 -9.381238e+00 9.595605e+00
    endloop
  endfacet
  facet normal 8.951602e-01 2.610957e-03 4.457368e-01
    outer loop
      vertex   -1.445369e+00 -1.175000e+01 9.505065e+00
      vertex   -1.497362e+00 -9.381238e+00 9.595605e+00
      vertex   -1.585203e+00 -1.175000e+01 9.785889e+00
    endloop
  endfacet
  facet normal 9.028497e-01 1.058055e-03 4.299551e-01
    outer loop
      vertex   -1.585203e+00 -1.175000e+01 9.785889e+00
      vertex   -1.497362e+00 -9.381238e+00 9.595605e+00
      vertex   -1.570335e+00 -9.369314e+00 9.748810e+00
    endloop
  endfacet
  facet normal 9.421970e-01 -6.657082e-04 3.350587e-01
    outer loop
      vertex   -1.585203e+00 -1.175000e+01 9.785889e+00
      vertex   -1.570335e+00 -9.369314e+00 9.748810e+00
      vertex   -1.627219e+00 -9.359636e+00 9.908790e+00
    endloop
  endfacet
  facet normal 9.618218e-01 2.835968e-03 2.736619e-01
    outer loop
      vertex   -1.585203e+00 -1.175000e+01 9.785889e+00
      vertex   -1.627219e+00 -9.359636e+00 9.908790e+00
      vertex   -1.671054e+00 -1.175000e+01 1.008763e+01
    endloop
  endfacet
  facet normal 9.707942e-01 1.465591e-04 2.399138e-01
    outer loop
      vertex   -1.671054e+00 -1.175000e+01 1.008763e+01
      vertex   -1.627219e+00 -9.359636e+00 9.908790e+00
      vertex   -1.667722e+00 -9.352529e+00 1.007268e+01
    endloop
  endfacet
  facet normal 9.893595e-01 -4.679280e-04 1.454911e-01
    outer loop
      vertex   -1.671054e+00 -1.175000e+01 1.008763e+01
      vertex   -1.667722e+00 -9.352529e+00 1.007268e+01
      vertex   -1.691948e+00 -9.348151e+00 1.023743e+01
    endloop
  endfacet
  facet normal 9.957300e-01 2.907038e-03 9.226797e-02
    outer loop
      vertex   -1.671054e+00 -1.175000e+01 1.008763e+01
      vertex   -1.691948e+00 -9.348151e+00 1.023743e+01
      vertex   -1.700000e+00 -1.175000e+01 1.040000e+01
    endloop
  endfacet
  facet normal 7.059575e-01 7.059575e-01 5.699078e-02
    outer loop
      vertex   -2.171511e+00 1.225000e+01 1.004710e+01
      vertex   -2.200000e+00 1.225000e+01 1.040000e+01
      vertex   -1.700000e+00 1.175000e+01 1.040000e+01
    endloop
  endfacet
  facet normal 7.059575e-01 7.059575e-01 -5.699078e-02
    outer loop
      vertex   -1.700000e+00 1.175000e+01 1.040000e+01
      vertex   -2.200000e+00 1.225000e+01 1.040000e+01
      vertex   -2.171511e+00 1.225000e+01 1.075290e+01
    endloop
  endfacet
  facet normal 7.026407e-01 7.085597e-01 -6.510925e-02
    outer loop
      vertex   -1.700000e+00 1.175000e+01 1.040000e+01
      vertex   -2.171511e+00 1.225000e+01 1.075290e+01
      vertex   -1.671054e+00 1.175000e+01 1.071237e+01
    endloop
  endfacet
  facet normal 6.895777e-01 7.039846e-01 -1.699656e-01
    outer loop
      vertex   -1.671054e+00 1.175000e+01 1.071237e+01
      vertex   -2.171511e+00 1.225000e+01 1.075290e+01
      vertex   -2.086780e+00 1.225000e+01 1.109667e+01
    endloop
  endfacet
  facet normal 6.767057e-01 7.106321e-01 -1.925394e-01
    outer loop
      vertex   -1.671054e+00 1.175000e+01 1.071237e+01
      vertex   -2.086780e+00 1.225000e+01 1.109667e+01
      vertex   -1.585203e+00 1.175000e+01 1.101411e+01
    endloop
  endfacet
  facet normal 6.545686e-01 7.026825e-01 -2.788856e-01
    outer loop
      vertex   -1.585203e+00 1.175000e+01 1.101411e+01
      vertex   -2.086780e+00 1.225000e+01 1.109667e+01
      vertex   -1.948003e+00 1.225000e+01 1.142239e+01
    endloop
  endfacet
  facet normal 6.287168e-01 7.118330e-01 -3.130638e-01
    outer loop
      vertex   -1.585203e+00 1.175000e+01 1.101411e+01
      vertex   -1.948003e+00 1.225000e+01 1.142239e+01
      vertex   -1.445369e+00 1.175000e+01 1.129493e+01
    endloop
  endfacet
  facet normal 6.018723e-01 7.020631e-01 -3.806010e-01
    outer loop
      vertex   -1.445369e+00 1.175000e+01 1.129493e+01
      vertex   -1.948003e+00 1.225000e+01 1.142239e+01
      vertex   -1.758774e+00 1.225000e+01 1.172163e+01
    endloop
  endfacet
  facet normal 5.602097e-01 7.121750e-01 -4.230507e-01
    outer loop
      vertex   -1.445369e+00 1.175000e+01 1.129493e+01
      vertex   -1.758774e+00 1.225000e+01 1.172163e+01
      vertex   -1.256315e+00 1.175000e+01 1.154528e+01
    endloop
  endfacet
  facet normal 5.329747e-01 7.021320e-01 -4.721744e-01
    outer loop
      vertex   -1.256315e+00 1.175000e+01 1.154528e+01
      vertex   -1.758774e+00 1.225000e+01 1.172163e+01
      vertex   -1.523994e+00 1.225000e+01 1.198665e+01
    endloop
  endfacet
  facet normal 4.732862e-01 7.116618e-01 -5.191702e-01
    outer loop
      vertex   -1.256315e+00 1.175000e+01 1.154528e+01
      vertex   -1.523994e+00 1.225000e+01 1.198665e+01
      vertex   -1.024479e+00 1.175000e+01 1.175663e+01
    endloop
  endfacet
  facet normal 4.498583e-01 7.028886e-01 -5.509765e-01
    outer loop
      vertex   -1.024479e+00 1.175000e+01 1.175663e+01
      vertex   -1.523994e+00 1.225000e+01 1.198665e+01
      vertex   -1.249742e+00 1.225000e+01 1.221056e+01
    endloop
  endfacet
  facet normal 3.705615e-01 7.102879e-01 -5.984774e-01
    outer loop
      vertex   -1.024479e+00 1.175000e+01 1.175663e+01
      vertex   -1.249742e+00 1.225000e+01 1.221056e+01
      vertex   -7.577552e-01 1.175000e+01 1.192178e+01
    endloop
  endfacet
  facet normal 3.549383e-01 7.043260e-01 -6.147712e-01
    outer loop
      vertex   -7.577552e-01 1.175000e+01 1.192178e+01
      vertex   -1.249742e+00 1.225000e+01 1.221056e+01
      vertex   -9.431236e-01 1.225000e+01 1.238759e+01
    endloop
  endfacet
  facet normal 2.550993e-01 7.080389e-01 -6.584871e-01
    outer loop
      vertex   -7.577552e-01 1.175000e+01 1.192178e+01
      vertex   -9.431236e-01 1.225000e+01 1.238759e+01
      vertex   -4.652271e-01 1.175000e+01 1.203510e+01
    endloop
  endfacet
  facet normal 2.509829e-01 7.064311e-01 -6.617875e-01
    outer loop
      vertex   -4.652271e-01 1.175000e+01 1.203510e+01
      vertex   -9.431236e-01 1.225000e+01 1.238759e+01
      vertex   -6.120784e-01 1.225000e+01 1.251314e+01
    endloop
  endfacet
  facet normal 1.417582e-01 7.055100e-01 -6.943776e-01
    outer loop
      vertex   -4.652271e-01 1.175000e+01 1.203510e+01
      vertex   -6.120784e-01 1.225000e+01 1.251314e+01
      vertex   -2.651807e-01 1.225000e+01 1.258396e+01
    endloop
  endfacet
  facet normal 1.295734e-01 7.090449e-01 -6.931566e-01
    outer loop
      vertex   -4.652271e-01 1.175000e+01 1.203510e+01
      vertex   -2.651807e-01 1.225000e+01 1.258396e+01
      vertex   -1.568562e-01 1.175000e+01 1.209275e+01
    endloop
  endfacet
  facet normal 2.861003e-02 7.036701e-01 -7.099506e-01
    outer loop
      vertex   -1.568562e-01 1.175000e+01 1.209275e+01
      vertex   -2.651807e-01 1.225000e+01 1.258396e+01
      vertex   8.858507e-02 1.225000e+01 1.259822e+01
    endloop
  endfacet
  facet normal 0.000000e+00 7.109415e-01 -7.032512e-01
    outer loop
      vertex   -1.568562e-01 1.175000e+01 1.209275e+01
      vertex   8.858507e-02 1.225000e+01 1.259822e+01
      vertex   1.568562e-01 1.175000e+01 1.209275e+01
    endloop
  endfacet
  facet normal -8.578355e-02 7.025038e-01 -7.064911e-01
    outer loop
      vertex   1.568562e-01 1.175000e+01 1.209275e+01
      vertex   8.858507e-02 1.225000e+01 1.259822e+01
      vertex   4.400565e-01 1.225000e+01 1.255554e+01
    endloop
  endfacet
  facet normal -1.290308e-01 7.119698e-01 -6.902536e-01
    outer loop
      vertex   1.568562e-01 1.175000e+01 1.209275e+01
      vertex   4.400565e-01 1.225000e+01 1.255554e+01
      vertex   4.652271e-01 1.175000e+01 1.203510e+01
    endloop
  endfacet
  facet normal -1.981341e-01 7.020218e-01 -6.840383e-01
    outer loop
      vertex   4.652271e-01 1.175000e+01 1.203510e+01
      vertex   4.400565e-01 1.225000e+01 1.255554e+01
      vertex   7.801308e-01 1.225000e+01 1.245704e+01
    endloop
  endfacet
  facet normal -2.536049e-01 7.121408e-01 -6.546297e-01
    outer loop
      vertex   4.652271e-01 1.175000e+01 1.203510e+01
      vertex   7.801308e-01 1.225000e+01 1.245704e+01
      vertex   7.577552e-01 1.175000e+01 1.192178e+01
    endloop
  endfacet
  facet normal -3.052084e-01 7.022285e-01 -6.432131e-01
    outer loop
      vertex   7.577552e-01 1.175000e+01 1.192178e+01
      vertex   7.801308e-01 1.225000e+01 1.245704e+01
      vertex   1.100000e+00 1.225000e+01 1.230526e+01
    endloop
  endfacet
  facet normal -3.699399e-01 7.114562e-01 -5.974735e-01
    outer loop
      vertex   7.577552e-01 1.175000e+01 1.192178e+01
      vertex   1.100000e+00 1.225000e+01 1.230526e+01
      vertex   1.024479e+00 1.175000e+01 1.175663e+01
    endloop
  endfacet
  facet normal -4.039334e-01 7.031220e-01 -5.851985e-01
    outer loop
      vertex   1.024479e+00 1.175000e+01 1.175663e+01
      vertex   1.100000e+00 1.225000e+01 1.230526e+01
      vertex   1.391380e+00 1.225000e+01 1.210413e+01
    endloop
  endfacet
  facet normal -4.744796e-01 7.099088e-01 -5.204793e-01
    outer loop
      vertex   1.024479e+00 1.175000e+01 1.175663e+01
      vertex   1.391380e+00 1.225000e+01 1.210413e+01
      vertex   1.256315e+00 1.175000e+01 1.154528e+01
    endloop
  endfacet
  facet normal -4.914957e-01 7.046941e-01 -5.117012e-01
    outer loop
      vertex   1.256315e+00 1.175000e+01 1.154528e+01
      vertex   1.391380e+00 1.225000e+01 1.210413e+01
      vertex   1.646724e+00 1.225000e+01 1.185887e+01
    endloop
  endfacet
  facet normal -5.639837e-01 7.074821e-01 -4.259007e-01
    outer loop
      vertex   1.256315e+00 1.175000e+01 1.154528e+01
      vertex   1.646724e+00 1.225000e+01 1.185887e+01
      vertex   1.445369e+00 1.175000e+01 1.129493e+01
    endloop
  endfacet
  facet normal -5.654321e-01 7.069307e-01 -4.248947e-01
    outer loop
      vertex   1.445369e+00 1.175000e+01 1.129493e+01
      vertex   1.646724e+00 1.225000e+01 1.185887e+01
      vertex   1.859418e+00 1.225000e+01 1.157582e+01
    endloop
  endfacet
  facet normal -6.278936e-01 7.050889e-01 -3.295440e-01
    outer loop
      vertex   1.445369e+00 1.175000e+01 1.129493e+01
      vertex   1.859418e+00 1.225000e+01 1.157582e+01
      vertex   2.023955e+00 1.225000e+01 1.126233e+01
    endloop
  endfacet
  facet normal -6.308314e-01 7.094945e-01 -3.141167e-01
    outer loop
      vertex   1.445369e+00 1.175000e+01 1.129493e+01
      vertex   2.023955e+00 1.225000e+01 1.126233e+01
      vertex   1.585203e+00 1.175000e+01 1.101411e+01
    endloop
  endfacet
  facet normal -6.742307e-01 7.033825e-01 -2.250913e-01
    outer loop
      vertex   1.585203e+00 1.175000e+01 1.101411e+01
      vertex   2.023955e+00 1.225000e+01 1.126233e+01
      vertex   2.136072e+00 1.225000e+01 1.092649e+01
    endloop
  endfacet
  facet normal -6.761378e-01 7.112161e-01 -1.923778e-01
    outer loop
      vertex   1.585203e+00 1.175000e+01 1.101411e+01
      vertex   2.136072e+00 1.225000e+01 1.092649e+01
      vertex   1.671054e+00 1.175000e+01 1.071237e+01
    endloop
  endfacet
  facet normal -7.026114e-01 7.023524e-01 -1.141855e-01
    outer loop
      vertex   1.671054e+00 1.175000e+01 1.071237e+01
      vertex   2.136072e+00 1.225000e+01 1.092649e+01
      vertex   2.192866e+00 1.225000e+01 1.057703e+01
    endloop
  endfacet
  facet normal -6.991109e-01 7.120724e-01 -6.478217e-02
    outer loop
      vertex   1.671054e+00 1.175000e+01 1.071237e+01
      vertex   2.192866e+00 1.225000e+01 1.057703e+01
      vertex   1.700000e+00 1.175000e+01 1.040000e+01
    endloop
  endfacet
  facet normal -7.121691e-01 7.020080e-01 0.000000e+00
    outer loop
      vertex   1.700000e+00 1.175000e+01 1.040000e+01
      vertex   2.192866e+00 1.225000e+01 1.057703e+01
      vertex   2.192866e+00 1.225000e+01 1.022297e+01
    endloop
  endfacet
  facet normal -6.991109e-01 7.120724e-01 6.478217e-02
    outer loop
      vertex   1.700000e+00 1.175000e+01 1.040000e+01
      vertex   2.192866e+00 1.225000e+01 1.022297e+01
      vertex   1.671054e+00 1.175000e+01 1.008763e+01
    endloop
  endfacet
  facet normal -7.026114e-01 7.023524e-01 1.141855e-01
    outer loop
      vertex   1.671054e+00 1.175000e+01 1.008763e+01
      vertex   2.192866e+00 1.225000e+01 1.022297e+01
      vertex   2.136072e+00 1.225000e+01 9.873506e+00
    endloop
  endfacet
  facet normal -6.761378e-01 7.112161e-01 1.923778e-01
    outer loop
      vertex   1.671054e+00 1.175000e+01 1.008763e+01
      vertex   2.136072e+00 1.225000e+01 9.873506e+00
      vertex   1.585203e+00 1.175000e+01 9.785889e+00
    endloop
  endfacet
  facet normal -6.742307e-01 7.033825e-01 2.250913e-01
    outer loop
      vertex   1.585203e+00 1.175000e+01 9.785889e+00
      vertex   2.136072e+00 1.225000e+01 9.873506e+00
      vertex   2.023955e+00 1.225000e+01 9.537673e+00
    endloop
  endfacet
  facet normal -6.308314e-01 7.094945e-01 3.141167e-01
    outer loop
      vertex   1.585203e+00 1.175000e+01 9.785889e+00
      vertex   2.023955e+00 1.225000e+01 9.537673e+00
      vertex   1.445369e+00 1.175000e+01 9.505065e+00
    endloop
  endfacet
  facet normal -6.278936e-01 7.050889e-01 3.295440e-01
    outer loop
      vertex   1.445369e+00 1.175000e+01 9.505065e+00
      vertex   2.023955e+00 1.225000e+01 9.537673e+00
      vertex   1.859418e+00 1.225000e+01 9.224175e+00
    endloop
  endfacet
  facet normal -5.654321e-01 7.069307e-01 4.248947e-01
    outer loop
      vertex   1.445369e+00 1.175000e+01 9.505065e+00
      vertex   1.859418e+00 1.225000e+01 9.224175e+00
      vertex   1.646724e+00 1.225000e+01 8.941130e+00
    endloop
  endfacet
  facet normal -5.639837e-01 7.074821e-01 4.259007e-01
    outer loop
      vertex   1.445369e+00 1.175000e+01 9.505065e+00
      vertex   1.646724e+00 1.225000e+01 8.941130e+00
      vertex   1.256315e+00 1.175000e+01 9.254717e+00
    endloop
  endfacet
  facet normal -4.914957e-01 7.046941e-01 5.117012e-01
    outer loop
      vertex   1.256315e+00 1.175000e+01 9.254717e+00
      vertex   1.646724e+00 1.225000e+01 8.941130e+00
      vertex   1.391380e+00 1.225000e+01 8.695869e+00
    endloop
  endfacet
  facet normal -4.744796e-01 7.099088e-01 5.204793e-01
    outer loop
      vertex   1.256315e+00 1.175000e+01 9.254717e+00
      vertex   1.391380e+00 1.225000e+01 8.695869e+00
      vertex   1.024479e+00 1.175000e+01 9.043371e+00
    endloop
  endfacet
  facet normal -4.039334e-01 7.031220e-01 5.851985e-01
    outer loop
      vertex   1.024479e+00 1.175000e+01 9.043371e+00
      vertex   1.391380e+00 1.225000e+01 8.695869e+00
      vertex   1.100000e+00 1.225000e+01 8.494744e+00
    endloop
  endfacet
  facet normal -3.699399e-01 7.114562e-01 5.974735e-01
    outer loop
      vertex   1.024479e+00 1.175000e+01 9.043371e+00
      vertex   1.100000e+00 1.225000e+01 8.494744e+00
      vertex   7.577552e-01 1.175000e+01 8.878222e+00
    endloop
  endfacet
  facet normal -3.052084e-01 7.022285e-01 6.432131e-01
    outer loop
      vertex   7.577552e-01 1.175000e+01 8.878222e+00
      vertex   1.100000e+00 1.225000e+01 8.494744e+00
      vertex   7.801308e-01 1.225000e+01 8.342964e+00
    endloop
  endfacet
  facet normal -2.536049e-01 7.121408e-01 6.546297e-01
    outer loop
      vertex   7.577552e-01 1.175000e+01 8.878222e+00
      vertex   7.801308e-01 1.225000e+01 8.342964e+00
      vertex   4.652271e-01 1.175000e+01 8.764896e+00
    endloop
  endfacet
  facet normal -1.981341e-01 7.020218e-01 6.840383e-01
    outer loop
      vertex   4.652271e-01 1.175000e+01 8.764896e+00
      vertex   7.801308e-01 1.225000e+01 8.342964e+00
      vertex   4.400565e-01 1.225000e+01 8.244461e+00
    endloop
  endfacet
  facet normal -1.290308e-01 7.119698e-01 6.902536e-01
    outer loop
      vertex   4.652271e-01 1.175000e+01 8.764896e+00
      vertex   4.400565e-01 1.225000e+01 8.244461e+00
      vertex   1.568562e-01 1.175000e+01 8.707252e+00
    endloop
  endfacet
  facet normal -8.578355e-02 7.025038e-01 7.064911e-01
    outer loop
      vertex   1.568562e-01 1.175000e+01 8.707252e+00
      vertex   4.400565e-01 1.225000e+01 8.244461e+00
      vertex   8.858507e-02 1.225000e+01 8.201784e+00
    endloop
  endfacet
  facet normal 0.000000e+00 7.109415e-01 7.032512e-01
    outer loop
      vertex   1.568562e-01 1.175000e+01 8.707252e+00
      vertex   8.858507e-02 1.225000e+01 8.201784e+00
      vertex   -1.568562e-01 1.175000e+01 8.707252e+00
    endloop
  endfacet
  facet normal 2.861003e-02 7.036701e-01 7.099506e-01
    outer loop
      vertex   -1.568562e-01 1.175000e+01 8.707252e+00
      vertex   8.858507e-02 1.225000e+01 8.201784e+00
      vertex   -2.651807e-01 1.225000e+01 8.216040e+00
    endloop
  endfacet
  facet normal 1.295734e-01 7.090449e-01 6.931566e-01
    outer loop
      vertex   -1.568562e-01 1.175000e+01 8.707252e+00
      vertex   -2.651807e-01 1.225000e+01 8.216040e+00
      vertex   -4.652271e-01 1.175000e+01 8.764896e+00
    endloop
  endfacet
  facet normal 1.417582e-01 7.055100e-01 6.943776e-01
    outer loop
      vertex   -4.652271e-01 1.175000e+01 8.764896e+00
      vertex   -2.651807e-01 1.225000e+01 8.216040e+00
      vertex   -6.120784e-01 1.225000e+01 8.286860e+00
    endloop
  endfacet
  facet normal 2.509829e-01 7.064311e-01 6.617875e-01
    outer loop
      vertex   -4.652271e-01 1.175000e+01 8.764896e+00
      vertex   -6.120784e-01 1.225000e+01 8.286860e+00
      vertex   -9.431236e-01 1.225000e+01 8.412409e+00
    endloop
  endfacet
  facet normal 2.550993e-01 7.080389e-01 6.584871e-01
    outer loop
      vertex   -4.652271e-01 1.175000e+01 8.764896e+00
      vertex   -9.431236e-01 1.225000e+01 8.412409e+00
      vertex   -7.577552e-01 1.175000e+01 8.878222e+00
    endloop
  endfacet
  facet normal 3.549383e-01 7.043260e-01 6.147712e-01
    outer loop
      vertex   -7.577552e-01 1.175000e+01 8.878222e+00
      vertex   -9.431236e-01 1.225000e+01 8.412409e+00
      vertex   -1.249742e+00 1.225000e+01 8.589435e+00
    endloop
  endfacet
  facet normal 3.705615e-01 7.102879e-01 5.984774e-01
    outer loop
      vertex   -7.577552e-01 1.175000e+01 8.878222e+00
      vertex   -1.249742e+00 1.225000e+01 8.589435e+00
      vertex   -1.024479e+00 1.175000e+01 9.043371e+00
    endloop
  endfacet
  facet normal 4.498583e-01 7.028886e-01 5.509765e-01
    outer loop
      vertex   -1.024479e+00 1.175000e+01 9.043371e+00
      vertex   -1.249742e+00 1.225000e+01 8.589435e+00
      vertex   -1.523994e+00 1.225000e+01 8.813355e+00
    endloop
  endfacet
  facet normal 4.732862e-01 7.116618e-01 5.191702e-01
    outer loop
      vertex   -1.024479e+00 1.175000e+01 9.043371e+00
      vertex   -1.523994e+00 1.225000e+01 8.813355e+00
      vertex   -1.256315e+00 1.175000e+01 9.254717e+00
    endloop
  endfacet
  facet normal 5.329747e-01 7.021320e-01 4.721744e-01
    outer loop
      vertex   -1.256315e+00 1.175000e+01 9.254717e+00
      vertex   -1.523994e+00 1.225000e+01 8.813355e+00
      vertex   -1.758774e+00 1.225000e+01 9.078367e+00
    endloop
  endfacet
  facet normal 5.602097e-01 7.121750e-01 4.230507e-01
    outer loop
      vertex   -1.256315e+00 1.175000e+01 9.254717e+00
      vertex   -1.758774e+00 1.225000e+01 9.078367e+00
      vertex   -1.445369e+00 1.175000e+01 9.505065e+00
    endloop
  endfacet
  facet normal 6.018723e-01 7.020631e-01 3.806010e-01
    outer loop
      vertex   -1.445369e+00 1.175000e+01 9.505065e+00
      vertex   -1.758774e+00 1.225000e+01 9.078367e+00
      vertex   -1.948003e+00 1.225000e+01 9.377609e+00
    endloop
  endfacet
  facet normal 6.287168e-01 7.118330e-01 3.130638e-01
    outer loop
      vertex   -1.445369e+00 1.175000e+01 9.505065e+00
      vertex   -1.948003e+00 1.225000e+01 9.377609e+00
      vertex   -1.585203e+00 1.175000e+01 9.785889e+00
    endloop
  endfacet
  facet normal 6.545686e-01 7.026825e-01 2.788856e-01
    outer loop
      vertex   -1.585203e+00 1.175000e+01 9.785889e+00
      vertex   -1.948003e+00 1.225000e+01 9.377609e+00
      vertex   -2.086780e+00 1.225000e+01 9.703330e+00
    endloop
  endfacet
  facet normal 6.767057e-01 7.106321e-01 1.925394e-01
    outer loop
      vertex   -1.585203e+00 1.175000e+01 9.785889e+00
      vertex   -2.086780e+00 1.225000e+01 9.703330e+00
      vertex   -1.671054e+00 1.175000e+01 1.008763e+01
    endloop
  endfacet
  facet normal 6.895777e-01 7.039846e-01 1.699656e-01
    outer loop
      vertex   -1.671054e+00 1.175000e+01 1.008763e+01
      vertex   -2.086780e+00 1.225000e+01 9.703330e+00
      vertex   -2.171511e+00 1.225000e+01 1.004710e+01
    endloop
  endfacet
  facet normal 7.026407e-01 7.085597e-01 6.510925e-02
    outer loop
      vertex   -1.671054e+00 1.175000e+01 1.008763e+01
      vertex   -2.171511e+00 1.225000e+01 1.004710e+01
      vertex   -1.700000e+00 1.175000e+01 1.040000e+01
    endloop
  endfacet
  facet normal 0.000000e+00 1.000000e+00 0.000000e+00
    outer loop
      vertex   -4.516886e+00 1.225000e+01 1.400000e+01
      vertex   -2.171511e+00 1.225000e+01 1.004710e+01
      vertex   -4.516886e+00 1.225000e+01 5.000000e-01
    endloop
  endfacet
  facet normal 0.000000e+00 1.000000e+00 0.000000e+00
    outer loop
      vertex   -4.516886e+00 1.225000e+01 5.000000e-01
      vertex   -2.171511e+00 1.225000e+01 1.004710e+01
      vertex   -2.086780e+00 1.225000e+01 9.703330e+00
    endloop
  endfacet
  facet normal 0.000000e+00 1.000000e+00 0.000000e+00
    outer loop
      vertex   -4.516886e+00 1.225000e+01 5.000000e-01
      vertex   -2.086780e+00 1.225000e+01 9.703330e+00
      vertex   -1.948003e+00 1.225000e+01 9.377609e+00
    endloop
  endfacet
  facet normal 0.000000e+00 1.000000e+00 0.000000e+00
    outer loop
      vertex   4.516886e+00 1.225000e+01 1.400000e+01
      vertex   8.858507e-02 1.225000e+01 1.259822e+01
      vertex   -4.516886e+00 1.225000e+01 1.400000e+01
    endloop
  endfacet
  facet normal 0.000000e+00 1.000000e+00 0.000000e+00
    outer loop
      vertex   -4.516886e+00 1.225000e+01 1.400000e+01
      vertex   8.858507e-02 1.225000e+01 1.259822e+01
      vertex   -2.651807e-01 1.225000e+01 1.258396e+01
    endloop
  endfacet
  facet normal 0.000000e+00 1.000000e+00 0.000000e+00
    outer loop
      vertex   -4.516886e+00 1.225000e+01 1.400000e+01
      vertex   -2.651807e-01 1.225000e+01 1.258396e+01
      vertex   -6.120784e-01 1.225000e+01 1.251314e+01
    endloop
  endfacet
  facet normal 0.000000e+00 1.000000e+00 -0.000000e+00
    outer loop
      vertex   4.516886e+00 1.225000e+01 5.000000e-01
      vertex   2.136072e+00 1.225000e+01 9.873506e+00
      vertex   4.516886e+00 1.225000e+01 1.400000e+01
    endloop
  endfacet
  facet normal 0.000000e+00 1.000000e+00 0.000000e+00
    outer loop
      vertex   4.516886e+00 1.225000e+01 1.400000e+01
      vertex   2.136072e+00 1.225000e+01 9.873506e+00
      vertex   2.192866e+00 1.225000e+01 1.022297e+01
    endloop
  endfacet
  facet normal 0.000000e+00 1.000000e+00 0.000000e+00
    outer loop
      vertex   4.516886e+00 1.225000e+01 1.400000e+01
      vertex   2.192866e+00 1.225000e+01 1.022297e+01
      vertex   2.192866e+00 1.225000e+01 1.057703e+01
    endloop
  endfacet
  facet normal 0.000000e+00 1.000000e+00 0.000000e+00
    outer loop
      vertex   -4.516886e+00 1.225000e+01 5.000000e-01
      vertex   8.858507e-02 1.225000e+01 8.201784e+00
      vertex   4.516886e+00 1.225000e+01 5.000000e-01
    endloop
  endfacet
  facet normal 0.000000e+00 1.000000e+00 0.000000e+00
    outer loop
      vertex   4.516886e+00 1.225000e+01 5.000000e-01
      vertex   8.858507e-02 1.225000e+01 8.201784e+00
      vertex   4.400565e-01 1.225000e+01 8.244461e+00
    endloop
  endfacet
  facet normal 0.000000e+00 1.000000e+00 0.000000e+00
    outer loop
      vertex   4.516886e+00 1.225000e+01 5.000000e-01
      vertex   4.400565e-01 1.225000e+01 8.244461e+00
      vertex   7.801308e-01 1.225000e+01 8.342964e+00
    endloop
  endfacet
  facet normal 0.000000e+00 1.000000e+00 0.000000e+00
    outer loop
      vertex   -2.171511e+00 1.225000e+01 1.075290e+01
      vertex   -2.200000e+00 1.225000e+01 1.040000e+01
      vertex   -4.516886e+00 1.225000e+01 1.400000e+01
    endloop
  endfacet
  facet normal 0.000000e+00 1.000000e+00 0.000000e+00
    outer loop
      vertex   -4.516886e+00 1.225000e+01 1.400000e+01
      vertex   -2.200000e+00 1.225000e+01 1.040000e+01
      vertex   -2.171511e+00 1.225000e+01 1.004710e+01
    endloop
  endfacet
  facet normal 0.000000e+00 1.000000e+00 0.000000e+00
    outer loop
      vertex   -1.948003e+00 1.225000e+01 9.377609e+00
      vertex   -1.758774e+00 1.225000e+01 9.078367e+00
      vertex   -4.516886e+00 1.225000e+01 5.000000e-01
    endloop
  endfacet
  facet normal 0.000000e+00 1.000000e+00 0.000000e+00
    outer loop
      vertex   -4.516886e+00 1.225000e+01 5.000000e-01
      vertex   -1.758774e+00 1.225000e+01 9.078367e+00
      vertex   -1.523994e+00 1.225000e+01 8.813355e+00
    endloop
  endfacet
  facet normal 0.000000e+00 1.000000e+00 0.000000e+00
    outer loop
      vertex   -4.516886e+00 1.225000e+01 5.000000e-01
      vertex   -1.523994e+00 1.225000e+01 8.813355e+00
      vertex   -1.249742e+00 1.225000e+01 8.589435e+00
    endloop
  endfacet
  facet normal 0.000000e+00 1.000000e+00 0.000000e+00
    outer loop
      vertex   -1.249742e+00 1.225000e+01 8.589435e+00
      vertex   -9.431236e-01 1.225000e+01 8.412409e+00
      vertex   -4.516886e+00 1.225000e+01 5.000000e-01
    endloop
  endfacet
  facet normal 0.000000e+00 1.000000e+00 0.000000e+00
    outer loop
      vertex   -4.516886e+00 1.225000e+01 5.000000e-01
      vertex   -9.431236e-01 1.225000e+01 8.412409e+00
      vertex   -6.120784e-01 1.225000e+01 8.286860e+00
    endloop
  endfacet
  facet normal 0.000000e+00 1.000000e+00 0.000000e+00
    outer loop
      vertex   -4.516886e+00 1.225000e+01 5.000000e-01
      vertex   -6.120784e-01 1.225000e+01 8.286860e+00
      vertex   -2.651807e-01 1.225000e+01 8.216040e+00
    endloop
  endfacet
  facet normal 0.000000e+00 1.000000e+00 0.000000e+00
    outer loop
      vertex   -2.651807e-01 1.225000e+01 8.216040e+00
      vertex   8.858507e-02 1.225000e+01 8.201784e+00
      vertex   -4.516886e+00 1.225000e+01 5.000000e-01
    endloop
  endfacet
  facet normal -0.000000e+00 1.000000e+00 0.000000e+00
    outer loop
      vertex   7.801308e-01 1.225000e+01 8.342964e+00
      vertex   1.100000e+00 1.225000e+01 8.494744e+00
      vertex   4.516886e+00 1.225000e+01 5.000000e-01
    endloop
  endfacet
  facet normal 0.000000e+00 1.000000e+00 0.000000e+00
    outer loop
      vertex   4.516886e+00 1.225000e+01 5.000000e-01
      vertex   1.100000e+00 1.225000e+01 8.494744e+00
      vertex   1.391380e+00 1.225000e+01 8.695869e+00
    endloop
  endfacet
  facet normal 0.000000e+00 1.000000e+00 0.000000e+00
    outer loop
      vertex   4.516886e+00 1.225000e+01 5.000000e-01
      vertex   1.391380e+00 1.225000e+01 8.695869e+00
      vertex   1.646724e+00 1.225000e+01 8.941130e+00
    endloop
  endfacet
  facet normal -0.000000e+00 1.000000e+00 0.000000e+00
    outer loop
      vertex   1.646724e+00 1.225000e+01 8.941130e+00
      vertex   1.859418e+00 1.225000e+01 9.224175e+00
      vertex   4.516886e+00 1.225000e+01 5.000000e-01
    endloop
  endfacet
  facet normal 0.000000e+00 1.000000e+00 0.000000e+00
    outer loop
      vertex   4.516886e+00 1.225000e+01 5.000000e-01
      vertex   1.859418e+00 1.225000e+01 9.224175e+00
      vertex   2.023955e+00 1.225000e+01 9.537673e+00
    endloop
  endfacet
  facet normal 0.000000e+00 1.000000e+00 0.000000e+00
    outer loop
      vertex   4.516886e+00 1.225000e+01 5.000000e-01
      vertex   2.023955e+00 1.225000e+01 9.537673e+00
      vertex   2.136072e+00 1.225000e+01 9.873506e+00
    endloop
  endfacet
  facet normal 0.000000e+00 1.000000e+00 -0.000000e+00
    outer loop
      vertex   2.192866e+00 1.225000e+01 1.057703e+01
      vertex   2.136072e+00 1.225000e+01 1.092649e+01
      vertex   4.516886e+00 1.225000e+01 1.400000e+01
    endloop
  endfacet
  facet normal 0.000000e+00 1.000000e+00 0.000000e+00
    outer loop
      vertex   4.516886e+00 1.225000e+01 1.400000e+01
      vertex   2.136072e+00 1.225000e+01 1.092649e+01
      vertex   2.023955e+00 1.225000e+01 1.126233e+01
    endloop
  endfacet
  facet normal 0.000000e+00 1.000000e+00 0.000000e+00
    outer loop
      vertex   4.516886e+00 1.225000e+01 1.400000e+01
      vertex   2.023955e+00 1.225000e+01 1.126233e+01
      vertex   1.859418e+00 1.225000e+01 1.157582e+01
    endloop
  endfacet
  facet normal 0.000000e+00 1.000000e+00 -0.000000e+00
    outer loop
      vertex   1.859418e+00 1.225000e+01 1.157582e+01
      vertex   1.646724e+00 1.225000e+01 1.185887e+01
      vertex   4.516886e+00 1.225000e+01 1.400000e+01
    endloop
  endfacet
  facet normal 0.000000e+00 1.000000e+00 0.000000e+00
    outer loop
      vertex   4.516886e+00 1.225000e+01 1.400000e+01
      vertex   1.646724e+00 1.225000e+01 1.185887e+01
      vertex   1.391380e+00 1.225000e+01 1.210413e+01
    endloop
  endfacet
  facet normal 0.000000e+00 1.000000e+00 0.000000e+00
    outer loop
      vertex   4.516886e+00 1.225000e+01 1.400000e+01
      vertex   1.391380e+00 1.225000e+01 1.210413e+01
      vertex   1.100000e+00 1.225000e+01 1.230526e+01
    endloop
  endfacet
  facet normal 0.000000e+00 1.000000e+00 -0.000000e+00
    outer loop
      vertex   1.100000e+00 1.225000e+01 1.230526e+01
      vertex   7.801308e-01 1.225000e+01 1.245704e+01
      vertex   4.516886e+00 1.225000e+01 1.400000e+01
    endloop
  endfacet
  facet normal 0.000000e+00 1.000000e+00 0.000000e+00
    outer loop
      vertex   4.516886e+00 1.225000e+01 1.400000e+01
      vertex   7.801308e-01 1.225000e+01 1.245704e+01
      vertex   4.400565e-01 1.225000e+01 1.255554e+01
    endloop
  endfacet
  facet normal 0.000000e+00 1.000000e+00 0.000000e+00
    outer loop
      vertex   4.516886e+00 1.225000e+01 1.400000e+01
      vertex   4.400565e-01 1.225000e+01 1.255554e+01
      vertex   8.858507e-02 1.225000e+01 1.259822e+01
    endloop
  endfacet
  facet normal 0.000000e+00 1.000000e+00 0.000000e+00
    outer loop
      vertex   -6.120784e-01 1.225000e+01 1.251314e+01
      vertex   -9.431236e-01 1.225000e+01 1.238759e+01
      vertex   -4.516886e+00 1.225000e+01 1.400000e+01
    endloop
  endfacet
  facet normal 0.000000e+00 1.000000e+00 0.000000e+00
    outer loop
      vertex   -4.516886e+00 1.225000e+01 1.400000e+01
      vertex   -9.431236e-01 1.225000e+01 1.238759e+01
      vertex   -1.249742e+00 1.225000e+01 1.221056e+01
    endloop
  endfacet
  facet normal 0.000000e+00 1.000000e+00 0.000000e+00
    outer loop
      vertex   -4.516886e+00 1.225000e+01 1.400000e+01
      vertex   -1.249742e+00 1.225000e+01 1.221056e+01
      vertex   -1.523994e+00 1.225000e+01 1.198665e+01
    endloop
  endfacet
  facet normal 0.000000e+00 1.000000e+00 0.000000e+00
    outer loop
      vertex   -1.523994e+00 1.225000e+01 1.198665e+01
      vertex   -1.758774e+00 1.225000e+01 1.172163e+01
      vertex   -4.516886e+00 1.225000e+01 1.400000e+01
    endloop
  endfacet
  facet normal 0.000000e+00 1.000000e+00 0.000000e+00
    outer loop
      vertex   -4.516886e+00 1.225000e+01 1.400000e+01
      vertex   -1.758774e+00 1.225000e+01 1.172163e+01
      vertex   -1.948003e+00 1.225000e+01 1.142239e+01
    endloop
  endfacet
  facet normal 0.000000e+00 1.000000e+00 0.000000e+00
    outer loop
      vertex   -4.516886e+00 1.225000e+01 1.400000e+01
      vertex   -1.948003e+00 1.225000e+01 1.142239e+01
      vertex   -2.086780e+00 1.225000e+01 1.109667e+01
    endloop
  endfacet
  facet normal 0.000000e+00 1.000000e+00 0.000000e+00
    outer loop
      vertex   -2.086780e+00 1.225000e+01 1.109667e+01
      vertex   -2.171511e+00 1.225000e+01 1.075290e+01
      vertex   -4.516886e+00 1.225000e+01 1.400000e+01
    endloop
  endfacet
  facet normal 9.987756e-01 9.256975e-17 -4.946948e-02
    outer loop
      vertex   -1.691948e+00 9.348151e+00 1.056257e+01
      vertex   -1.700000e+00 9.346657e+00 1.040000e+01
      vertex   -1.700000e+00 1.175000e+01 1.040000e+01
    endloop
  endfacet
  facet normal 9.987756e-01 9.227678e-17 4.946948e-02
    outer loop
      vertex   -1.700000e+00 1.175000e+01 1.040000e+01
      vertex   -1.700000e+00 9.346657e+00 1.040000e+01
      vertex   -1.691948e+00 9.348151e+00 1.023743e+01
    endloop
  endfacet
  facet normal 9.957300e-01 -2.907038e-03 9.226797e-02
    outer loop
      vertex   -1.700000e+00 1.175000e+01 1.040000e+01
      vertex   -1.691948e+00 9.348151e+00 1.023743e+01
      vertex   -1.671054e+00 1.175000e+01 1.008763e+01
    endloop
  endfacet
  facet normal 9.893595e-01 4.679280e-04 1.454911e-01
    outer loop
      vertex   -1.671054e+00 1.175000e+01 1.008763e+01
      vertex   -1.691948e+00 9.348151e+00 1.023743e+01
      vertex   -1.667722e+00 9.352529e+00 1.007268e+01
    endloop
  endfacet
  facet normal 9.707942e-01 -1.465591e-04 2.399138e-01
    outer loop
      vertex   -1.671054e+00 1.175000e+01 1.008763e+01
      vertex   -1.667722e+00 9.352529e+00 1.007268e+01
      vertex   -1.627219e+00 9.359636e+00 9.908790e+00
    endloop
  endfacet
  facet normal 9.618218e-01 -2.835968e-03 2.736619e-01
    outer loop
      vertex   -1.671054e+00 1.175000e+01 1.008763e+01
      vertex   -1.627219e+00 9.359636e+00 9.908790e+00
      vertex   -1.585203e+00 1.175000e+01 9.785889e+00
    endloop
  endfacet
  facet normal 9.421970e-01 6.657082e-04 3.350587e-01
    outer loop
      vertex   -1.585203e+00 1.175000e+01 9.785889e+00
      vertex   -1.627219e+00 9.359636e+00 9.908790e+00
      vertex   -1.570335e+00 9.369314e+00 9.748810e+00
    endloop
  endfacet
  facet normal 9.028497e-01 -1.058055e-03 4.299551e-01
    outer loop
      vertex   -1.585203e+00 1.175000e+01 9.785889e+00
      vertex   -1.570335e+00 9.369314e+00 9.748810e+00
      vertex   -1.497362e+00 9.381238e+00 9.595605e+00
    endloop
  endfacet
  facet normal 8.951602e-01 -2.610957e-03 4.457368e-01
    outer loop
      vertex   -1.585203e+00 1.175000e+01 9.785889e+00
      vertex   -1.497362e+00 9.381238e+00 9.595605e+00
      vertex   -1.445369e+00 1.175000e+01 9.505065e+00
    endloop
  endfacet
  facet normal 8.557267e-01 9.947668e-04 5.174271e-01
    outer loop
      vertex   -1.445369e+00 1.175000e+01 9.505065e+00
      vertex   -1.497362e+00 9.381238e+00 9.595605e+00
      vertex   -1.410164e+00 9.394725e+00 9.451371e+00
    endloop
  endfacet
  facet normal 8.022556e-01 -1.618072e-03 5.969785e-01
    outer loop
      vertex   -1.445369e+00 1.175000e+01 9.505065e+00
      vertex   -1.410164e+00 9.394725e+00 9.451371e+00
      vertex   -1.310992e+00 9.409088e+00 9.318136e+00
    endloop
  endfacet
  facet normal 7.980151e-01 -2.313029e-03 6.026330e-01
    outer loop
      vertex   -1.445369e+00 1.175000e+01 9.505065e+00
      vertex   -1.310992e+00 9.409088e+00 9.318136e+00
      vertex   -1.256315e+00 1.175000e+01 9.254717e+00
    endloop
  endfacet
  facet normal 7.410516e-01 8.817637e-04 6.714475e-01
    outer loop
      vertex   -1.256315e+00 1.175000e+01 9.254717e+00
      vertex   -1.310992e+00 9.409088e+00 9.318136e+00
      vertex   -1.202098e+00 9.423638e+00 9.197935e+00
    endloop
  endfacet
  facet normal 6.736938e-01 -2.337079e-03 7.390069e-01
    outer loop
      vertex   -1.256315e+00 1.175000e+01 9.254717e+00
      vertex   -1.202098e+00 9.423638e+00 9.197935e+00
      vertex   -1.024479e+00 1.175000e+01 9.043371e+00
    endloop
  endfacet
  facet normal 6.715426e-01 -2.042859e-03 7.409631e-01
    outer loop
      vertex   -1.024479e+00 1.175000e+01 9.043371e+00
      vertex   -1.202098e+00 9.423638e+00 9.197935e+00
      vertex   -1.081898e+00 9.438164e+00 9.089036e+00
    endloop
  endfacet
  facet normal 5.970398e-01 1.017393e-03 8.022109e-01
    outer loop
      vertex   -1.024479e+00 1.175000e+01 9.043371e+00
      vertex   -1.081898e+00 9.438164e+00 9.089036e+00
      vertex   -9.486622e-01 9.452459e+00 8.989859e+00
    endloop
  endfacet
  facet normal 5.264306e-01 -2.430702e-03 8.502146e-01
    outer loop
      vertex   -1.024479e+00 1.175000e+01 9.043371e+00
      vertex   -9.486622e-01 9.452459e+00 8.989859e+00
      vertex   -7.577552e-01 1.175000e+01 8.878222e+00
    endloop
  endfacet
  facet normal 5.174736e-01 -1.420013e-03 8.556980e-01
    outer loop
      vertex   -7.577552e-01 1.175000e+01 8.878222e+00
      vertex   -9.486622e-01 9.452459e+00 8.989859e+00
      vertex   -8.044228e-01 9.465848e+00 8.902654e+00
    endloop
  endfacet
  facet normal 4.299834e-01 8.716910e-04 9.028364e-01
    outer loop
      vertex   -7.577552e-01 1.175000e+01 8.878222e+00
      vertex   -8.044228e-01 9.465848e+00 8.902654e+00
      vertex   -6.512119e-01 9.477654e+00 8.829674e+00
    endloop
  endfacet
  facet normal 3.612401e-01 -2.984547e-03 9.324681e-01
    outer loop
      vertex   -7.577552e-01 1.175000e+01 8.878222e+00
      vertex   -6.512119e-01 9.477654e+00 8.829674e+00
      vertex   -4.652271e-01 1.175000e+01 8.764896e+00
    endloop
  endfacet
  facet normal 3.350631e-01 -5.647407e-04 9.421955e-01
    outer loop
      vertex   -4.652271e-01 1.175000e+01 8.764896e+00
      vertex   -6.512119e-01 9.477654e+00 8.829674e+00
      vertex   -4.912238e-01 9.487214e+00 8.772785e+00
    endloop
  endfacet
  facet normal 2.399000e-01 6.282817e-04 9.707974e-01
    outer loop
      vertex   -4.652271e-01 1.175000e+01 8.764896e+00
      vertex   -4.912238e-01 9.487214e+00 8.772785e+00
      vertex   -3.273283e-01 9.494221e+00 8.732279e+00
    endloop
  endfacet
  facet normal 1.837487e-01 -2.980310e-03 9.829687e-01
    outer loop
      vertex   -4.652271e-01 1.175000e+01 8.764896e+00
      vertex   -3.273283e-01 9.494221e+00 8.732279e+00
      vertex   -1.568562e-01 1.175000e+01 8.707252e+00
    endloop
  endfacet
  facet normal 1.454824e-01 -1.755341e-05 9.893608e-01
    outer loop
      vertex   -1.568562e-01 1.175000e+01 8.707252e+00
      vertex   -3.273283e-01 9.494221e+00 8.732279e+00
      vertex   -1.625717e-01 9.498531e+00 8.708052e+00
    endloop
  endfacet
  facet normal 4.946867e-02 2.295320e-04 9.987756e-01
    outer loop
      vertex   -1.568562e-01 1.175000e+01 8.707252e+00
      vertex   -1.625717e-01 9.498531e+00 8.708052e+00
      vertex   1.040834e-16 9.500000e+00 8.700000e+00
    endloop
  endfacet
  facet normal 0.000000e+00 -3.223050e-03 9.999948e-01
    outer loop
      vertex   -1.568562e-01 1.175000e+01 8.707252e+00
      vertex   1.040834e-16 9.500000e+00 8.700000e+00
      vertex   1.568562e-01 1.175000e+01 8.707252e+00
    endloop
  endfacet
  facet normal -4.946867e-02 2.295320e-04 9.987756e-01
    outer loop
      vertex   1.568562e-01 1.175000e+01 8.707252e+00
      vertex   1.040834e-16 9.500000e+00 8.700000e+00
      vertex   1.625717e-01 9.498531e+00 8.708052e+00
    endloop
  endfacet
  facet normal -1.454824e-01 -1.755341e-05 9.893608e-01
    outer loop
      vertex   1.568562e-01 1.175000e+01 8.707252e+00
      vertex   1.625717e-01 9.498531e+00 8.708052e+00
      vertex   3.273283e-01 9.494221e+00 8.732279e+00
    endloop
  endfacet
  facet normal -1.837487e-01 -2.980310e-03 9.829687e-01
    outer loop
      vertex   1.568562e-01 1.175000e+01 8.707252e+00
      vertex   3.273283e-01 9.494221e+00 8.732279e+00
      vertex   4.652271e-01 1.175000e+01 8.764896e+00
    endloop
  endfacet
  facet normal -2.399000e-01 6.282817e-04 9.707974e-01
    outer loop
      vertex   4.652271e-01 1.175000e+01 8.764896e+00
      vertex   3.273283e-01 9.494221e+00 8.732279e+00
      vertex   4.912238e-01 9.487214e+00 8.772785e+00
    endloop
  endfacet
  facet normal -3.350631e-01 -5.647407e-04 9.421955e-01
    outer loop
      vertex   4.652271e-01 1.175000e+01 8.764896e+00
      vertex   4.912238e-01 9.487214e+00 8.772785e+00
      vertex   6.512119e-01 9.477654e+00 8.829674e+00
    endloop
  endfacet
  facet normal -3.612401e-01 -2.984547e-03 9.324681e-01
    outer loop
      vertex   4.652271e-01 1.175000e+01 8.764896e+00
      vertex   6.512119e-01 9.477654e+00 8.829674e+00
      vertex   7.577552e-01 1.175000e+01 8.878222e+00
    endloop
  endfacet
  facet normal -4.299834e-01 8.716910e-04 9.028364e-01
    outer loop
      vertex   7.577552e-01 1.175000e+01 8.878222e+00
      vertex   6.512119e-01 9.477654e+00 8.829674e+00
      vertex   8.044228e-01 9.465848e+00 8.902654e+00
    endloop
  endfacet
  facet normal -5.174736e-01 -1.420013e-03 8.556980e-01
    outer loop
      vertex   7.577552e-01 1.175000e+01 8.878222e+00
      vertex   8.044228e-01 9.465848e+00 8.902654e+00
      vertex   9.486622e-01 9.452459e+00 8.989859e+00
    endloop
  endfacet
  facet normal -5.264306e-01 -2.430702e-03 8.502146e-01
    outer loop
      vertex   7.577552e-01 1.175000e+01 8.878222e+00
      vertex   9.486622e-01 9.452459e+00 8.989859e+00
      vertex   1.024479e+00 1.175000e+01 9.043371e+00
    endloop
  endfacet
  facet normal -5.970398e-01 1.017393e-03 8.022109e-01
    outer loop
      vertex   1.024479e+00 1.175000e+01 9.043371e+00
      vertex   9.486622e-01 9.452459e+00 8.989859e+00
      vertex   1.081898e+00 9.438164e+00 9.089036e+00
    endloop
  endfacet
  facet normal -6.736941e-01 -2.134932e-03 7.390072e-01
    outer loop
      vertex   1.024479e+00 1.175000e+01 9.043371e+00
      vertex   1.081898e+00 9.438164e+00 9.089036e+00
      vertex   1.256315e+00 1.175000e+01 9.254717e+00
    endloop
  endfacet
  facet normal -6.715679e-01 -2.433783e-03 7.409390e-01
    outer loop
      vertex   1.256315e+00 1.175000e+01 9.254717e+00
      vertex   1.081898e+00 9.438164e+00 9.089036e+00
      vertex   1.202098e+00 9.423638e+00 9.197935e+00
    endloop
  endfacet
  facet normal -7.410516e-01 8.817637e-04 6.714475e-01
    outer loop
      vertex   1.256315e+00 1.175000e+01 9.254717e+00
      vertex   1.202098e+00 9.423638e+00 9.197935e+00
      vertex   1.310992e+00 9.409088e+00 9.318136e+00
    endloop
  endfacet
  facet normal -7.980151e-01 -2.313029e-03 6.026330e-01
    outer loop
      vertex   1.256315e+00 1.175000e+01 9.254717e+00
      vertex   1.310992e+00 9.409088e+00 9.318136e+00
      vertex   1.445369e+00 1.175000e+01 9.505065e+00
    endloop
  endfacet
  facet normal -8.022556e-01 -1.618072e-03 5.969785e-01
    outer loop
      vertex   1.445369e+00 1.175000e+01 9.505065e+00
      vertex   1.310992e+00 9.409088e+00 9.318136e+00
      vertex   1.410164e+00 9.394725e+00 9.451371e+00
    endloop
  endfacet
  facet normal -8.557267e-01 9.947668e-04 5.174271e-01
    outer loop
      vertex   1.445369e+00 1.175000e+01 9.505065e+00
      vertex   1.410164e+00 9.394725e+00 9.451371e+00
      vertex   1.497362e+00 9.381238e+00 9.595605e+00
    endloop
  endfacet
  facet normal -8.951602e-01 -2.610957e-03 4.457368e-01
    outer loop
      vertex   1.445369e+00 1.175000e+01 9.505065e+00
      vertex   1.497362e+00 9.381238e+00 9.595605e+00
      vertex   1.585203e+00 1.175000e+01 9.785889e+00
    endloop
  endfacet
  facet normal -9.028497e-01 -1.058055e-03 4.299551e-01
    outer loop
      vertex   1.585203e+00 1.175000e+01 9.785889e+00
      vertex   1.497362e+00 9.381238e+00 9.595605e+00
      vertex   1.570335e+00 9.369314e+00 9.748810e+00
    endloop
  endfacet
  facet normal -9.421970e-01 6.657082e-04 3.350587e-01
    outer loop
      vertex   1.585203e+00 1.175000e+01 9.785889e+00
      vertex   1.570335e+00 9.369314e+00 9.748810e+00
      vertex   1.627219e+00 9.359636e+00 9.908790e+00
    endloop
  endfacet
  facet normal -9.618218e-01 -2.835968e-03 2.736619e-01
    outer loop
      vertex   1.585203e+00 1.175000e+01 9.785889e+00
      vertex   1.627219e+00 9.359636e+00 9.908790e+00
      vertex   1.671054e+00 1.175000e+01 1.008763e+01
    endloop
  endfacet
  facet normal -9.707942e-01 -1.465591e-04 2.399138e-01
    outer loop
      vertex   1.671054e+00 1.175000e+01 1.008763e+01
      vertex   1.627219e+00 9.359636e+00 9.908790e+00
      vertex   1.667722e+00 9.352529e+00 1.007268e+01
    endloop
  endfacet
  facet normal -9.893595e-01 4.679280e-04 1.454911e-01
    outer loop
      vertex   1.671054e+00 1.175000e+01 1.008763e+01
      vertex   1.667722e+00 9.352529e+00 1.007268e+01
      vertex   1.691948e+00 9.348151e+00 1.023743e+01
    endloop
  endfacet
  facet normal -9.957300e-01 -2.907038e-03 9.226797e-02
    outer loop
      vertex   1.671054e+00 1.175000e+01 1.008763e+01
      vertex   1.691948e+00 9.348151e+00 1.023743e+01
      vertex   1.700000e+00 1.175000e+01 1.040000e+01
    endloop
  endfacet
  facet normal -9.987756e-01 0.000000e+00 4.946948e-02
    outer loop
      vertex   1.700000e+00 1.175000e+01 1.040000e+01
      vertex   1.691948e+00 9.348151e+00 1.023743e+01
      vertex   1.700000e+00 9.346657e+00 1.040000e+01
    endloop
  endfacet
  facet normal -9.987756e-01 -0.000000e+00 -4.946948e-02
    outer loop
      vertex   1.700000e+00 1.175000e+01 1.040000e+01
      vertex   1.700000e+00 9.346657e+00 1.040000e+01
      vertex   1.691948e+00 9.348151e+00 1.056257e+01
    endloop
  endfacet
  facet normal -9.957300e-01 -2.907038e-03 -9.226797e-02
    outer loop
      vertex   1.700000e+00 1.175000e+01 1.040000e+01
      vertex   1.691948e+00 9.348151e+00 1.056257e+01
      vertex   1.671054e+00 1.175000e+01 1.071237e+01
    endloop
  endfacet
  facet normal -9.893595e-01 4.679280e-04 -1.454911e-01
    outer loop
      vertex   1.671054e+00 1.175000e+01 1.071237e+01
      vertex   1.691948e+00 9.348151e+00 1.056257e+01
      vertex   1.667722e+00 9.352529e+00 1.072732e+01
    endloop
  endfacet
  facet normal -9.707942e-01 -1.465591e-04 -2.399138e-01
    outer loop
      vertex   1.671054e+00 1.175000e+01 1.071237e+01
      vertex   1.667722e+00 9.352529e+00 1.072732e+01
      vertex   1.627219e+00 9.359636e+00 1.089121e+01
    endloop
  endfacet
  facet normal -9.618218e-01 -2.835968e-03 -2.736619e-01
    outer loop
      vertex   1.671054e+00 1.175000e+01 1.071237e+01
      vertex   1.627219e+00 9.359636e+00 1.089121e+01
      vertex   1.585203e+00 1.175000e+01 1.101411e+01
    endloop
  endfacet
  facet normal -9.421970e-01 6.657082e-04 -3.350587e-01
    outer loop
      vertex   1.585203e+00 1.175000e+01 1.101411e+01
      vertex   1.627219e+00 9.359636e+00 1.089121e+01
      vertex   1.570335e+00 9.369314e+00 1.105119e+01
    endloop
  endfacet
  facet normal -9.028497e-01 -1.058055e-03 -4.299551e-01
    outer loop
      vertex   1.585203e+00 1.175000e+01 1.101411e+01
      vertex   1.570335e+00 9.369314e+00 1.105119e+01
      vertex   1.497362e+00 9.381238e+00 1.120439e+01
    endloop
  endfacet
  facet normal -8.951602e-01 -2.610957e-03 -4.457368e-01
    outer loop
      vertex   1.585203e+00 1.175000e+01 1.101411e+01
      vertex   1.497362e+00 9.381238e+00 1.120439e+01
      vertex   1.445369e+00 1.175000e+01 1.129493e+01
    endloop
  endfacet
  facet normal -8.557267e-01 9.947668e-04 -5.174271e-01
    outer loop
      vertex   1.445369e+00 1.175000e+01 1.129493e+01
      vertex   1.497362e+00 9.381238e+00 1.120439e+01
      vertex   1.410164e+00 9.394725e+00 1.134863e+01
    endloop
  endfacet
  facet normal -8.022556e-01 -1.618072e-03 -5.969785e-01
    outer loop
      vertex   1.445369e+00 1.175000e+01 1.129493e+01
      vertex   1.410164e+00 9.394725e+00 1.134863e+01
      vertex   1.310992e+00 9.409088e+00 1.148186e+01
    endloop
  endfacet
  facet normal -7.980151e-01 -2.313029e-03 -6.026330e-01
    outer loop
      vertex   1.445369e+00 1.175000e+01 1.129493e+01
      vertex   1.310992e+00 9.409088e+00 1.148186e+01
      vertex   1.256315e+00 1.175000e+01 1.154528e+01
    endloop
  endfacet
  facet normal -7.410516e-01 8.817637e-04 -6.714475e-01
    outer loop
      vertex   1.256315e+00 1.175000e+01 1.154528e+01
      vertex   1.310992e+00 9.409088e+00 1.148186e+01
      vertex   1.202098e+00 9.423638e+00 1.160207e+01
    endloop
  endfacet
  facet normal -6.736938e-01 -2.337079e-03 -7.390069e-01
    outer loop
      vertex   1.256315e+00 1.175000e+01 1.154528e+01
      vertex   1.202098e+00 9.423638e+00 1.160207e+01
      vertex   1.024479e+00 1.175000e+01 1.175663e+01
    endloop
  endfacet
  facet normal -6.715426e-01 -2.042859e-03 -7.409631e-01
    outer loop
      vertex   1.024479e+00 1.175000e+01 1.175663e+01
      vertex   1.202098e+00 9.423638e+00 1.160207e+01
      vertex   1.081898e+00 9.438164e+00 1.171096e+01
    endloop
  endfacet
  facet normal -5.970398e-01 1.017393e-03 -8.022109e-01
    outer loop
      vertex   1.024479e+00 1.175000e+01 1.175663e+01
      vertex   1.081898e+00 9.438164e+00 1.171096e+01
      vertex   9.486622e-01 9.452459e+00 1.181014e+01
    endloop
  endfacet
  facet normal -5.264306e-01 -2.430702e-03 -8.502146e-01
    outer loop
      vertex   1.024479e+00 1.175000e+01 1.175663e+01
      vertex   9.486622e-01 9.452459e+00 1.181014e+01
      vertex   7.577552e-01 1.175000e+01 1.192178e+01
    endloop
  endfacet
  facet normal -5.174736e-01 -1.420013e-03 -8.556980e-01
    outer loop
      vertex   7.577552e-01 1.175000e+01 1.192178e+01
      vertex   9.486622e-01 9.452459e+00 1.181014e+01
      vertex   8.044228e-01 9.465848e+00 1.189735e+01
    endloop
  endfacet
  facet normal -4.299834e-01 8.716910e-04 -9.028364e-01
    outer loop
      vertex   7.577552e-01 1.175000e+01 1.192178e+01
      vertex   8.044228e-01 9.465848e+00 1.189735e+01
      vertex   6.512119e-01 9.477654e+00 1.197033e+01
    endloop
  endfacet
  facet normal -3.612401e-01 -2.984547e-03 -9.324681e-01
    outer loop
      vertex   7.577552e-01 1.175000e+01 1.192178e+01
      vertex   6.512119e-01 9.477654e+00 1.197033e+01
      vertex   4.652271e-01 1.175000e+01 1.203510e+01
    endloop
  endfacet
  facet normal -3.350631e-01 -5.647407e-04 -9.421955e-01
    outer loop
      vertex   4.652271e-01 1.175000e+01 1.203510e+01
      vertex   6.512119e-01 9.477654e+00 1.197033e+01
      vertex   4.912238e-01 9.487214e+00 1.202721e+01
    endloop
  endfacet
  facet normal -2.399000e-01 6.282817e-04 -9.707974e-01
    outer loop
      vertex   4.652271e-01 1.175000e+01 1.203510e+01
      vertex   4.912238e-01 9.487214e+00 1.202721e+01
      vertex   3.273283e-01 9.494221e+00 1.206772e+01
    endloop
  endfacet
  facet normal -1.837487e-01 -2.980310e-03 -9.829687e-01
    outer loop
      vertex   4.652271e-01 1.175000e+01 1.203510e+01
      vertex   3.273283e-01 9.494221e+00 1.206772e+01
      vertex   1.568562e-01 1.175000e+01 1.209275e+01
    endloop
  endfacet
  facet normal -1.454824e-01 -1.755341e-05 -9.893608e-01
    outer loop
      vertex   1.568562e-01 1.175000e+01 1.209275e+01
      vertex   3.273283e-01 9.494221e+00 1.206772e+01
      vertex   1.625717e-01 9.498531e+00 1.209195e+01
    endloop
  endfacet
  facet normal -4.946867e-02 2.295320e-04 -9.987756e-01
    outer loop
      vertex   1.568562e-01 1.175000e+01 1.209275e+01
      vertex   1.625717e-01 9.498531e+00 1.209195e+01
      vertex   1.214306e-16 9.500000e+00 1.210000e+01
    endloop
  endfacet
  facet normal -0.000000e+00 -3.223050e-03 -9.999948e-01
    outer loop
      vertex   1.568562e-01 1.175000e+01 1.209275e+01
      vertex   1.214306e-16 9.500000e+00 1.210000e+01
      vertex   -1.568562e-01 1.175000e+01 1.209275e+01
    endloop
  endfacet
  facet normal 4.946867e-02 2.295320e-04 -9.987756e-01
    outer loop
      vertex   -1.568562e-01 1.175000e+01 1.209275e+01
      vertex   1.214306e-16 9.500000e+00 1.210000e+01
      vertex   -1.625717e-01 9.498531e+00 1.209195e+01
    endloop
  endfacet
  facet normal 1.454824e-01 -1.755341e-05 -9.893608e-01
    outer loop
      vertex   -1.568562e-01 1.175000e+01 1.209275e+01
      vertex   -1.625717e-01 9.498531e+00 1.209195e+01
      vertex   -3.273283e-01 9.494221e+00 1.206772e+01
    endloop
  endfacet
  facet normal 1.837487e-01 -2.980310e-03 -9.829687e-01
    outer loop
      vertex   -1.568562e-01 1.175000e+01 1.209275e+01
      vertex   -3.273283e-01 9.494221e+00 1.206772e+01
      vertex   -4.652271e-01 1.175000e+01 1.203510e+01
    endloop
  endfacet
  facet normal 2.399000e-01 6.282817e-04 -9.707974e-01
    outer loop
      vertex   -4.652271e-01 1.175000e+01 1.203510e+01
      vertex   -3.273283e-01 9.494221e+00 1.206772e+01
      vertex   -4.912238e-01 9.487214e+00 1.202721e+01
    endloop
  endfacet
  facet normal 3.350631e-01 -5.647407e-04 -9.421955e-01
    outer loop
      vertex   -4.652271e-01 1.175000e+01 1.203510e+01
      vertex   -4.912238e-01 9.487214e+00 1.202721e+01
      vertex   -6.512119e-01 9.477654e+00 1.197033e+01
    endloop
  endfacet
  facet normal 3.612401e-01 -2.984547e-03 -9.324681e-01
    outer loop
      vertex   -4.652271e-01 1.175000e+01 1.203510e+01
      vertex   -6.512119e-01 9.477654e+00 1.197033e+01
      vertex   -7.577552e-01 1.175000e+01 1.192178e+01
    endloop
  endfacet
  facet normal 4.299834e-01 8.716910e-04 -9.028364e-01
    outer loop
      vertex   -7.577552e-01 1.175000e+01 1.192178e+01
      vertex   -6.512119e-01 9.477654e+00 1.197033e+01
      vertex   -8.044228e-01 9.465848e+00 1.189735e+01
    endloop
  endfacet
  facet normal 5.174736e-01 -1.420013e-03 -8.556980e-01
    outer loop
      vertex   -7.577552e-01 1.175000e+01 1.192178e+01
      vertex   -8.044228e-01 9.465848e+00 1.189735e+01
      vertex   -9.486622e-01 9.452459e+00 1.181014e+01
    endloop
  endfacet
  facet normal 5.264306e-01 -2.430702e-03 -8.502146e-01
    outer loop
      vertex   -7.577552e-01 1.175000e+01 1.192178e+01
      vertex   -9.486622e-01 9.452459e+00 1.181014e+01
      vertex   -1.024479e+00 1.175000e+01 1.175663e+01
    endloop
  endfacet
  facet normal 5.970398e-01 1.017393e-03 -8.022109e-01
    outer loop
      vertex   -1.024479e+00 1.175000e+01 1.175663e+01
      vertex   -9.486622e-01 9.452459e+00 1.181014e+01
      vertex   -1.081898e+00 9.438164e+00 1.171096e+01
    endloop
  endfacet
  facet normal 6.736941e-01 -2.134932e-03 -7.390072e-01
    outer loop
      vertex   -1.024479e+00 1.175000e+01 1.175663e+01
      vertex   -1.081898e+00 9.438164e+00 1.171096e+01
      vertex   -1.256315e+00 1.175000e+01 1.154528e+01
    endloop
  endfacet
  facet normal 6.715679e-01 -2.433783e-03 -7.409390e-01
    outer loop
      vertex   -1.256315e+00 1.175000e+01 1.154528e+01
      vertex   -1.081898e+00 9.438164e+00 1.171096e+01
      vertex   -1.202098e+00 9.423638e+00 1.160207e+01
    endloop
  endfacet
  facet normal 7.410516e-01 8.817637e-04 -6.714475e-01
    outer loop
      vertex   -1.256315e+00 1.175000e+01 1.154528e+01
      vertex   -1.202098e+00 9.423638e+00 1.160207e+01
      vertex   -1.310992e+00 9.409088e+00 1.148186e+01
    endloop
  endfacet
  facet normal 7.980151e-01 -2.313029e-03 -6.026330e-01
    outer loop
      vertex   -1.256315e+00 1.175000e+01 1.154528e+01
      vertex   -1.310992e+00 9.409088e+00 1.148186e+01
      vertex   -1.445369e+00 1.175000e+01 1.129493e+01
    endloop
  endfacet
  facet normal 8.022556e-01 -1.618072e-03 -5.969785e-01
    outer loop
      vertex   -1.445369e+00 1.175000e+01 1.129493e+01
      vertex   -1.310992e+00 9.409088e+00 1.148186e+01
      vertex   -1.410164e+00 9.394725e+00 1.134863e+01
    endloop
  endfacet
  facet normal 8.557267e-01 9.947668e-04 -5.174271e-01
    outer loop
      vertex   -1.445369e+00 1.175000e+01 1.129493e+01
      vertex   -1.410164e+00 9.394725e+00 1.134863e+01
      vertex   -1.497362e+00 9.381238e+00 1.120439e+01
    endloop
  endfacet
  facet normal 8.951602e-01 -2.610957e-03 -4.457368e-01
    outer loop
      vertex   -1.445369e+00 1.175000e+01 1.129493e+01
      vertex   -1.497362e+00 9.381238e+00 1.120439e+01
      vertex   -1.585203e+00 1.175000e+01 1.101411e+01
    endloop
  endfacet
  facet normal 9.028497e-01 -1.058055e-03 -4.299551e-01
    outer loop
      vertex   -1.585203e+00 1.175000e+01 1.101411e+01
      vertex   -1.497362e+00 9.381238e+00 1.120439e+01
      vertex   -1.570335e+00 9.369314e+00 1.105119e+01
    endloop
  endfacet
  facet normal 9.421970e-01 6.657082e-04 -3.350587e-01
    outer loop
      vertex   -1.585203e+00 1.175000e+01 1.101411e+01
      vertex   -1.570335e+00 9.369314e+00 1.105119e+01
      vertex   -1.627219e+00 9.359636e+00 1.089121e+01
    endloop
  endfacet
  facet normal 9.618218e-01 -2.835968e-03 -2.736619e-01
    outer loop
      vertex   -1.585203e+00 1.175000e+01 1.101411e+01
      vertex   -1.627219e+00 9.359636e+00 1.089121e+01
      vertex   -1.671054e+00 1.175000e+01 1.071237e+01
    endloop
  endfacet
  facet normal 9.707942e-01 -1.465591e-04 -2.399138e-01
    outer loop
      vertex   -1.671054e+00 1.175000e+01 1.071237e+01
      vertex   -1.627219e+00 9.359636e+00 1.089121e+01
      vertex   -1.667722e+00 9.352529e+00 1.072732e+01
    endloop
  endfacet
  facet normal 9.893595e-01 4.679280e-04 -1.454911e-01
    outer loop
      vertex   -1.671054e+00 1.175000e+01 1.071237e+01
      vertex   -1.667722e+00 9.352529e+00 1.072732e+01
      vertex   -1.691948e+00 9.348151e+00 1.056257e+01
    endloop
  endfacet
  facet normal 9.957300e-01 -2.907038e-03 -9.226797e-02
    outer loop
      vertex   -1.671054e+00 1.175000e+01 1.071237e+01
      vertex   -1.691948e+00 9.348151e+00 1.056257e+01
      vertex   -1.700000e+00 1.175000e+01 1.040000e+01
    endloop
  endfacet
  facet normal -9.372758e-02 -9.955962e-01 -1.840316e-03
    outer loop
      vertex   -4.608400e+00 -1.224155e+01 1.409151e+01
      vertex   -4.638368e+00 -1.223502e+01 1.208173e+01
      vertex   -4.516886e+00 -1.225000e+01 1.400000e+01
    endloop
  endfacet
  facet normal -1.224029e-01 -9.924805e-01 0.000000e+00
    outer loop
      vertex   -4.516886e+00 -1.225000e+01 1.400000e+01
      vertex   -4.638368e+00 -1.223502e+01 1.208173e+01
      vertex   -4.638368e+00 -1.223502e+01 9.665863e+00
    endloop
  endfacet
  facet normal -1.224029e-01 -9.924805e-01 0.000000e+00
    outer loop
      vertex   -4.516886e+00 -1.225000e+01 1.400000e+01
      vertex   -4.638368e+00 -1.223502e+01 9.665863e+00
      vertex   -4.638368e+00 -1.223502e+01 7.250000e+00
    endloop
  endfacet
  facet normal -3.598732e-01 -9.330012e-01 0.000000e+00
    outer loop
      vertex   -4.638368e+00 -1.223502e+01 7.250000e+00
      vertex   -4.638368e+00 -1.223502e+01 9.665863e+00
      vertex   -4.752570e+00 -1.219097e+01 7.250000e+00
    endloop
  endfacet
  facet normal -3.598732e-01 -9.330012e-01 0.000000e+00
    outer loop
      vertex   -4.638368e+00 -1.223502e+01 7.250000e+00
      vertex   -4.752570e+00 -1.219097e+01 7.250000e+00
      vertex   -4.752570e+00 -1.219097e+01 4.834137e+00
    endloop
  endfacet
  facet normal -5.757762e-01 -8.176073e-01 0.000000e+00
    outer loop
      vertex   -4.752570e+00 -1.219097e+01 4.834137e+00
      vertex   -4.752570e+00 -1.219097e+01 7.250000e+00
      vertex   -4.852648e+00 -1.212049e+01 4.834137e+00
    endloop
  endfacet
  facet normal -5.757762e-01 -8.176073e-01 0.000000e+00
    outer loop
      vertex   -4.752570e+00 -1.219097e+01 4.834137e+00
      vertex   -4.852648e+00 -1.212049e+01 4.834137e+00
      vertex   -4.852648e+00 -1.212049e+01 2.418275e+00
    endloop
  endfacet
  facet normal -7.571731e-01 -6.532143e-01 0.000000e+00
    outer loop
      vertex   -4.852648e+00 -1.212049e+01 2.418275e+00
      vertex   -4.852648e+00 -1.212049e+01 4.834137e+00
      vertex   -4.932603e+00 -1.202781e+01 2.418275e+00
    endloop
  endfacet
  facet normal -7.571726e-01 -6.532138e-01 1.217062e-03
    outer loop
      vertex   -4.852648e+00 -1.212049e+01 2.418275e+00
      vertex   -4.932603e+00 -1.202781e+01 2.418275e+00
      vertex   -4.914786e+00 -1.205278e+01 1.020993e-01
    endloop
  endfacet
  facet normal -8.478594e-01 -5.302204e-01 -8.063641e-04
    outer loop
      vertex   -4.914786e+00 -1.205278e+01 1.020993e-01
      vertex   -4.932603e+00 -1.202781e+01 2.418275e+00
      vertex   -4.963482e+00 -1.197484e+01 5.340366e-02
    endloop
  endfacet
  facet normal -8.931915e-01 -4.496736e-01 1.589833e-03
    outer loop
      vertex   -4.963482e+00 -1.197484e+01 5.340366e-02
      vertex   -4.932603e+00 -1.202781e+01 2.418275e+00
      vertex   -4.987645e+00 -1.191848e+01 2.418275e+00
    endloop
  endfacet
  facet normal -9.306334e-01 -3.659519e-01 -7.878250e-04
    outer loop
      vertex   -4.963482e+00 -1.197484e+01 5.340366e-02
      vertex   -4.987645e+00 -1.191848e+01 2.418275e+00
      vertex   -4.997089e+00 -1.188930e+01 1.979617e-02
    endloop
  endfacet
  facet normal -9.820021e-01 -1.888633e-01 1.569110e-03
    outer loop
      vertex   -4.997089e+00 -1.188930e+01 1.979617e-02
      vertex   -4.987645e+00 -1.191848e+01 2.418275e+00
      vertex   -5.014473e+00 -1.179906e+01 2.412235e-03
    endloop
  endfacet
  facet normal -9.756833e-01 -2.191851e-01 0.000000e+00
    outer loop
      vertex   -5.014473e+00 -1.179906e+01 2.412235e-03
      vertex   -4.987645e+00 -1.191848e+01 2.418275e+00
      vertex   -4.987645e+00 -1.191848e+01 4.834137e+00
    endloop
  endfacet
  facet normal -9.756833e-01 -2.191851e-01 0.000000e+00
    outer loop
      vertex   -5.014473e+00 -1.179906e+01 2.412235e-03
      vertex   -4.987645e+00 -1.191848e+01 4.834137e+00
      vertex   -4.987645e+00 -1.191848e+01 7.250000e+00
    endloop
  endfacet
  facet normal -8.931927e-01 -4.496742e-01 -0.000000e+00
    outer loop
      vertex   -4.987645e+00 -1.191848e+01 7.250000e+00
      vertex   -4.987645e+00 -1.191848e+01 4.834137e+00
      vertex   -4.932603e+00 -1.202781e+01 7.250000e+00
    endloop
  endfacet
  facet normal -8.931927e-01 -4.496742e-01 0.000000e+00
    outer loop
      vertex   -4.987645e+00 -1.191848e+01 7.250000e+00
      vertex   -4.932603e+00 -1.202781e+01 7.250000e+00
      vertex   -4.932603e+00 -1.202781e+01 9.665863e+00
    endloop
  endfacet
  facet normal -7.571731e-01 -6.532143e-01 -0.000000e+00
    outer loop
      vertex   -4.932603e+00 -1.202781e+01 9.665863e+00
      vertex   -4.932603e+00 -1.202781e+01 7.250000e+00
      vertex   -4.852648e+00 -1.212049e+01 9.665863e+00
    endloop
  endfacet
  facet normal -7.571731e-01 -6.532143e-01 -2.757174e-16
    outer loop
      vertex   -4.932603e+00 -1.202781e+01 9.665863e+00
      vertex   -4.852648e+00 -1.212049e+01 9.665863e+00
      vertex   -4.852648e+00 -1.212049e+01 1.208173e+01
    endloop
  endfacet
  facet normal -5.757762e-01 -8.176073e-01 -2.116809e-16
    outer loop
      vertex   -4.852648e+00 -1.212049e+01 1.208173e+01
      vertex   -4.852648e+00 -1.212049e+01 9.665863e+00
      vertex   -4.752570e+00 -1.219097e+01 1.208173e+01
    endloop
  endfacet
  facet normal -5.757758e-01 -8.176066e-01 -1.292757e-03
    outer loop
      vertex   -4.852648e+00 -1.212049e+01 1.208173e+01
      vertex   -4.752570e+00 -1.219097e+01 1.208173e+01
      vertex   -4.779166e+00 -1.217569e+01 1.426228e+01
    endloop
  endfacet
  facet normal -4.433944e-01 -8.963262e-01 8.735032e-04
    outer loop
      vertex   -4.779166e+00 -1.217569e+01 1.426228e+01
      vertex   -4.752570e+00 -1.219097e+01 1.208173e+01
      vertex   -4.696822e+00 -1.221650e+01 1.417994e+01
    endloop
  endfacet
  facet normal -3.598726e-01 -9.329997e-01 -1.791883e-03
    outer loop
      vertex   -4.696822e+00 -1.221650e+01 1.417994e+01
      vertex   -4.752570e+00 -1.219097e+01 1.208173e+01
      vertex   -4.638368e+00 -1.223502e+01 1.208173e+01
    endloop
  endfacet
  facet normal -2.717505e-01 -9.623673e-01 9.222830e-04
    outer loop
      vertex   -4.696822e+00 -1.221650e+01 1.417994e+01
      vertex   -4.638368e+00 -1.223502e+01 1.208173e+01
      vertex   -4.608400e+00 -1.224155e+01 1.409151e+01
    endloop
  endfacet
  facet normal -6.005837e-01 -7.995619e-01 0.000000e+00
    outer loop
      vertex   -4.779166e+00 -1.217569e+01 1.426228e+01
      vertex   -4.852648e+00 -1.212049e+01 1.433576e+01
      vertex   -4.852648e+00 -1.212049e+01 1.208173e+01
    endloop
  endfacet
  facet normal -7.367809e-01 -6.761316e-01 0.000000e+00
    outer loop
      vertex   -4.852648e+00 -1.212049e+01 1.208173e+01
      vertex   -4.852648e+00 -1.212049e+01 1.433576e+01
      vertex   -4.914786e+00 -1.205278e+01 1.439790e+01
    endloop
  endfacet
  facet normal -7.571726e-01 -6.532138e-01 -1.217062e-03
    outer loop
      vertex   -4.852648e+00 -1.212049e+01 1.208173e+01
      vertex   -4.914786e+00 -1.205278e+01 1.439790e+01
      vertex   -4.932603e+00 -1.202781e+01 1.208173e+01
    endloop
  endfacet
  facet normal -8.478594e-01 -5.302204e-01 8.063641e-04
    outer loop
      vertex   -4.932603e+00 -1.202781e+01 1.208173e+01
      vertex   -4.914786e+00 -1.205278e+01 1.439790e+01
      vertex   -4.963482e+00 -1.197484e+01 1.444660e+01
    endloop
  endfacet
  facet normal -8.931915e-01 -4.496736e-01 -1.589833e-03
    outer loop
      vertex   -4.932603e+00 -1.202781e+01 1.208173e+01
      vertex   -4.963482e+00 -1.197484e+01 1.444660e+01
      vertex   -4.987645e+00 -1.191848e+01 1.208173e+01
    endloop
  endfacet
  facet normal -9.306334e-01 -3.659519e-01 7.878250e-04
    outer loop
      vertex   -4.987645e+00 -1.191848e+01 1.208173e+01
      vertex   -4.963482e+00 -1.197484e+01 1.444660e+01
      vertex   -4.997089e+00 -1.188930e+01 1.448020e+01
    endloop
  endfacet
  facet normal -9.514104e-01 -3.079258e-01 -0.000000e+00
    outer loop
      vertex   -4.987645e+00 -1.191848e+01 1.208173e+01
      vertex   -4.997089e+00 -1.188930e+01 1.448020e+01
      vertex   -4.987645e+00 -1.191848e+01 9.665863e+00
    endloop
  endfacet
  facet normal -9.684731e-01 -2.491178e-01 -3.899434e-04
    outer loop
      vertex   -4.987645e+00 -1.191848e+01 9.665863e+00
      vertex   -4.997089e+00 -1.188930e+01 1.448020e+01
      vertex   -5.014473e+00 -1.179906e+01 2.412235e-03
    endloop
  endfacet
  facet normal -9.756833e-01 -2.191851e-01 -0.000000e+00
    outer loop
      vertex   -4.987645e+00 -1.191848e+01 9.665863e+00
      vertex   -5.014473e+00 -1.179906e+01 2.412235e-03
      vertex   -4.987645e+00 -1.191848e+01 7.250000e+00
    endloop
  endfacet
  facet normal -9.819472e-01 -1.891550e-01 9.261873e-17
    outer loop
      vertex   -4.997089e+00 -1.188930e+01 1.448020e+01
      vertex   -5.014473e+00 -1.179906e+01 1.449759e+01
      vertex   -5.014473e+00 -1.179906e+01 2.412235e-03
    endloop
  endfacet
  facet normal -7.367809e-01 -6.761316e-01 0.000000e+00
    outer loop
      vertex   -4.914786e+00 -1.205278e+01 1.020993e-01
      vertex   -4.852648e+00 -1.212049e+01 1.642379e-01
      vertex   -4.852648e+00 -1.212049e+01 2.418275e+00
    endloop
  endfacet
  facet normal -6.005837e-01 -7.995619e-01 -0.000000e+00
    outer loop
      vertex   -4.852648e+00 -1.212049e+01 2.418275e+00
      vertex   -4.852648e+00 -1.212049e+01 1.642379e-01
      vertex   -4.779166e+00 -1.217569e+01 2.377201e-01
    endloop
  endfacet
  facet normal -5.757758e-01 -8.176066e-01 1.292757e-03
    outer loop
      vertex   -4.852648e+00 -1.212049e+01 2.418275e+00
      vertex   -4.779166e+00 -1.217569e+01 2.377201e-01
      vertex   -4.752570e+00 -1.219097e+01 2.418275e+00
    endloop
  endfacet
  facet normal -4.433944e-01 -8.963262e-01 -8.735032e-04
    outer loop
      vertex   -4.752570e+00 -1.219097e+01 2.418275e+00
      vertex   -4.779166e+00 -1.217569e+01 2.377201e-01
      vertex   -4.696822e+00 -1.221650e+01 3.200634e-01
    endloop
  endfacet
  facet normal -3.598726e-01 -9.329997e-01 1.791883e-03
    outer loop
      vertex   -4.752570e+00 -1.219097e+01 2.418275e+00
      vertex   -4.696822e+00 -1.221650e+01 3.200634e-01
      vertex   -4.638368e+00 -1.223502e+01 2.418275e+00
    endloop
  endfacet
  facet normal -2.717505e-01 -9.623673e-01 -9.222830e-04
    outer loop
      vertex   -4.638368e+00 -1.223502e+01 2.418275e+00
      vertex   -4.696822e+00 -1.221650e+01 3.200634e-01
      vertex   -4.608400e+00 -1.224155e+01 4.084858e-01
    endloop
  endfacet
  facet normal -2.130970e-01 -9.770311e-01 0.000000e+00
    outer loop
      vertex   -4.638368e+00 -1.223502e+01 2.418275e+00
      vertex   -4.608400e+00 -1.224155e+01 4.084858e-01
      vertex   -4.638368e+00 -1.223502e+01 4.834137e+00
    endloop
  endfacet
  facet normal -1.535363e-01 -9.881429e-01 4.197263e-04
    outer loop
      vertex   -4.638368e+00 -1.223502e+01 4.834137e+00
      vertex   -4.608400e+00 -1.224155e+01 4.084858e-01
      vertex   -4.516886e+00 -1.225000e+01 1.400000e+01
    endloop
  endfacet
  facet normal -1.224029e-01 -9.924805e-01 0.000000e+00
    outer loop
      vertex   -4.638368e+00 -1.223502e+01 4.834137e+00
      vertex   -4.516886e+00 -1.225000e+01 1.400000e+01
      vertex   -4.638368e+00 -1.223502e+01 7.250000e+00
    endloop
  endfacet
  facet normal -9.190312e-02 -9.957680e-01 0.000000e+00
    outer loop
      vertex   -4.608400e+00 -1.224155e+01 4.084858e-01
      vertex   -4.516886e+00 -1.225000e+01 5.000000e-01
      vertex   -4.516886e+00 -1.225000e+01 1.400000e+01
    endloop
  endfacet
  facet normal -3.598732e-01 -9.330012e-01 0.000000e+00
    outer loop
      vertex   -4.638368e+00 -1.223502e+01 9.665863e+00
      vertex   -4.638368e+00 -1.223502e+01 1.208173e+01
      vertex   -4.752570e+00 -1.219097e+01 9.665863e+00
    endloop
  endfacet
  facet normal -3.598732e-01 -9.330012e-01 0.000000e+00
    outer loop
      vertex   -4.752570e+00 -1.219097e+01 9.665863e+00
      vertex   -4.638368e+00 -1.223502e+01 1.208173e+01
      vertex   -4.752570e+00 -1.219097e+01 1.208173e+01
    endloop
  endfacet
  facet normal -5.757762e-01 -8.176073e-01 0.000000e+00
    outer loop
      vertex   -4.752570e+00 -1.219097e+01 9.665863e+00
      vertex   -4.752570e+00 -1.219097e+01 1.208173e+01
      vertex   -4.852648e+00 -1.212049e+01 9.665863e+00
    endloop
  endfacet
  facet normal -3.598732e-01 -9.330012e-01 0.000000e+00
    outer loop
      vertex   -4.752570e+00 -1.219097e+01 2.418275e+00
      vertex   -4.638368e+00 -1.223502e+01 2.418275e+00
      vertex   -4.638368e+00 -1.223502e+01 4.834137e+00
    endloop
  endfacet
  facet normal -3.598732e-01 -9.330012e-01 0.000000e+00
    outer loop
      vertex   -4.752570e+00 -1.219097e+01 2.418275e+00
      vertex   -4.638368e+00 -1.223502e+01 4.834137e+00
      vertex   -4.752570e+00 -1.219097e+01 4.834137e+00
    endloop
  endfacet
  facet normal -3.598732e-01 -9.330012e-01 0.000000e+00
    outer loop
      vertex   -4.752570e+00 -1.219097e+01 4.834137e+00
      vertex   -4.638368e+00 -1.223502e+01 4.834137e+00
      vertex   -4.638368e+00 -1.223502e+01 7.250000e+00
    endloop
  endfacet
  facet normal -3.598732e-01 -9.330012e-01 0.000000e+00
    outer loop
      vertex   -4.638368e+00 -1.223502e+01 9.665863e+00
      vertex   -4.752570e+00 -1.219097e+01 9.665863e+00
      vertex   -4.752570e+00 -1.219097e+01 7.250000e+00
    endloop
  endfacet
  facet normal -5.757762e-01 -8.176073e-01 0.000000e+00
    outer loop
      vertex   -4.752570e+00 -1.219097e+01 7.250000e+00
      vertex   -4.752570e+00 -1.219097e+01 9.665863e+00
      vertex   -4.852648e+00 -1.212049e+01 7.250000e+00
    endloop
  endfacet
  facet normal -5.757762e-01 -8.176073e-01 -2.111878e-16
    outer loop
      vertex   -4.752570e+00 -1.219097e+01 7.250000e+00
      vertex   -4.852648e+00 -1.212049e+01 7.250000e+00
      vertex   -4.852648e+00 -1.212049e+01 4.834137e+00
    endloop
  endfacet
  facet normal -7.571731e-01 -6.532143e-01 -2.783705e-16
    outer loop
      vertex   -4.852648e+00 -1.212049e+01 4.834137e+00
      vertex   -4.852648e+00 -1.212049e+01 7.250000e+00
      vertex   -4.932603e+00 -1.202781e+01 4.834137e+00
    endloop
  endfacet
  facet normal -7.571731e-01 -6.532143e-01 0.000000e+00
    outer loop
      vertex   -4.852648e+00 -1.212049e+01 4.834137e+00
      vertex   -4.932603e+00 -1.202781e+01 4.834137e+00
      vertex   -4.932603e+00 -1.202781e+01 2.418275e+00
    endloop
  endfacet
  facet normal -8.931927e-01 -4.496742e-01 0.000000e+00
    outer loop
      vertex   -4.932603e+00 -1.202781e+01 2.418275e+00
      vertex   -4.932603e+00 -1.202781e+01 4.834137e+00
      vertex   -4.987645e+00 -1.191848e+01 2.418275e+00
    endloop
  endfacet
  facet normal -5.757762e-01 -8.176073e-01 6.011775e-16
    outer loop
      vertex   -4.852648e+00 -1.212049e+01 7.250000e+00
      vertex   -4.752570e+00 -1.219097e+01 9.665863e+00
      vertex   -4.852648e+00 -1.212049e+01 9.665863e+00
    endloop
  endfacet
  facet normal -5.757762e-01 -8.176073e-01 0.000000e+00
    outer loop
      vertex   -4.852648e+00 -1.212049e+01 2.418275e+00
      vertex   -4.752570e+00 -1.219097e+01 2.418275e+00
      vertex   -4.752570e+00 -1.219097e+01 4.834137e+00
    endloop
  endfacet
  facet normal -7.571731e-01 -6.532143e-01 0.000000e+00
    outer loop
      vertex   -4.932603e+00 -1.202781e+01 4.834137e+00
      vertex   -4.852648e+00 -1.212049e+01 7.250000e+00
      vertex   -4.932603e+00 -1.202781e+01 7.250000e+00
    endloop
  endfacet
  facet normal -7.571731e-01 -6.532143e-01 4.810388e-16
    outer loop
      vertex   -4.932603e+00 -1.202781e+01 7.250000e+00
      vertex   -4.852648e+00 -1.212049e+01 7.250000e+00
      vertex   -4.852648e+00 -1.212049e+01 9.665863e+00
    endloop
  endfacet
  facet normal -7.571731e-01 -6.532143e-01 0.000000e+00
    outer loop
      vertex   -4.852648e+00 -1.212049e+01 1.208173e+01
      vertex   -4.932603e+00 -1.202781e+01 1.208173e+01
      vertex   -4.932603e+00 -1.202781e+01 9.665863e+00
    endloop
  endfacet
  facet normal -8.931927e-01 -4.496742e-01 0.000000e+00
    outer loop
      vertex   -4.932603e+00 -1.202781e+01 9.665863e+00
      vertex   -4.932603e+00 -1.202781e+01 1.208173e+01
      vertex   -4.987645e+00 -1.191848e+01 9.665863e+00
    endloop
  endfacet
  facet normal -8.931927e-01 -4.496742e-01 0.000000e+00
    outer loop
      vertex   -4.932603e+00 -1.202781e+01 9.665863e+00
      vertex   -4.987645e+00 -1.191848e+01 9.665863e+00
      vertex   -4.987645e+00 -1.191848e+01 7.250000e+00
    endloop
  endfacet
  facet normal -8.931927e-01 -4.496742e-01 -0.000000e+00
    outer loop
      vertex   -4.987645e+00 -1.191848e+01 1.208173e+01
      vertex   -4.987645e+00 -1.191848e+01 9.665863e+00
      vertex   -4.932603e+00 -1.202781e+01 1.208173e+01
    endloop
  endfacet
  facet normal -8.931927e-01 -4.496742e-01 0.000000e+00
    outer loop
      vertex   -4.987645e+00 -1.191848e+01 2.418275e+00
      vertex   -4.932603e+00 -1.202781e+01 4.834137e+00
      vertex   -4.987645e+00 -1.191848e+01 4.834137e+00
    endloop
  endfacet
  facet normal -8.931927e-01 -4.496742e-01 0.000000e+00
    outer loop
      vertex   -4.987645e+00 -1.191848e+01 4.834137e+00
      vertex   -4.932603e+00 -1.202781e+01 4.834137e+00
      vertex   -4.932603e+00 -1.202781e+01 7.250000e+00
    endloop
  endfacet
  facet normal 2.373443e-03 -9.955452e-01 -9.425600e-02
    outer loop
      vertex   -4.608400e+00 -1.224155e+01 4.084858e-01
      vertex   -2.509859e+00 -1.223296e+01 3.705905e-01
      vertex   -4.516886e+00 -1.225000e+01 5.000000e-01
    endloop
  endfacet
  facet normal 0.000000e+00 -9.914449e-01 -1.305262e-01
    outer loop
      vertex   -4.516886e+00 -1.225000e+01 5.000000e-01
      vertex   -2.509859e+00 -1.223296e+01 3.705905e-01
      vertex   5.551115e-16 -1.223296e+01 3.705905e-01
    endloop
  endfacet
  facet normal 0.000000e+00 -9.914449e-01 -1.305262e-01
    outer loop
      vertex   -4.516886e+00 -1.225000e+01 5.000000e-01
      vertex   5.551115e-16 -1.223296e+01 3.705905e-01
      vertex   2.509859e+00 -1.223296e+01 3.705905e-01
    endloop
  endfacet
  facet normal -0.000000e+00 -9.238795e-01 -3.826834e-01
    outer loop
      vertex   2.509859e+00 -1.223296e+01 3.705905e-01
      vertex   5.551115e-16 -1.223296e+01 3.705905e-01
      vertex   2.509859e+00 -1.218301e+01 2.500000e-01
    endloop
  endfacet
  facet normal -1.886947e-03 -9.238779e-01 -3.826828e-01
    outer loop
      vertex   2.509859e+00 -1.223296e+01 3.705905e-01
      vertex   2.509859e+00 -1.218301e+01 2.500000e-01
      vertex   4.696822e+00 -1.221650e+01 3.200634e-01
    endloop
  endfacet
  facet normal 4.920809e-04 -8.961749e-01 -4.437008e-01
    outer loop
      vertex   4.696822e+00 -1.221650e+01 3.200634e-01
      vertex   2.509859e+00 -1.218301e+01 2.500000e-01
      vertex   4.779166e+00 -1.217569e+01 2.377201e-01
    endloop
  endfacet
  facet normal -6.721149e-04 -7.992389e-01 -6.010131e-01
    outer loop
      vertex   4.779166e+00 -1.217569e+01 2.377201e-01
      vertex   2.509859e+00 -1.218301e+01 2.500000e-01
      vertex   4.852648e+00 -1.212049e+01 1.642379e-01
    endloop
  endfacet
  facet normal -1.112820e-03 -7.933528e-01 -6.087611e-01
    outer loop
      vertex   4.852648e+00 -1.212049e+01 1.642379e-01
      vertex   2.509859e+00 -1.218301e+01 2.500000e-01
      vertex   2.509859e+00 -1.210355e+01 1.464466e-01
    endloop
  endfacet
  facet normal 7.018930e-04 -6.764810e-01 -7.364598e-01
    outer loop
      vertex   4.852648e+00 -1.212049e+01 1.642379e-01
      vertex   2.509859e+00 -1.210355e+01 1.464466e-01
      vertex   4.914786e+00 -1.205278e+01 1.020993e-01
    endloop
  endfacet
  facet normal -1.776976e-03 -6.087605e-01 -7.933521e-01
    outer loop
      vertex   4.914786e+00 -1.205278e+01 1.020993e-01
      vertex   2.509859e+00 -1.210355e+01 1.464466e-01
      vertex   2.509859e+00 -1.200000e+01 6.698730e-02
    endloop
  endfacet
  facet normal 7.433617e-04 -5.301922e-01 -8.478772e-01
    outer loop
      vertex   4.914786e+00 -1.205278e+01 1.020993e-01
      vertex   2.509859e+00 -1.200000e+01 6.698730e-02
      vertex   4.963482e+00 -1.197484e+01 5.340366e-02
    endloop
  endfacet
  facet normal -1.190161e-03 -3.826832e-01 -9.238789e-01
    outer loop
      vertex   4.963482e+00 -1.197484e+01 5.340366e-02
      vertex   2.509859e+00 -1.200000e+01 6.698730e-02
      vertex   2.509859e+00 -1.187941e+01 1.703709e-02
    endloop
  endfacet
  facet normal -4.209323e-04 -3.655406e-01 -9.307953e-01
    outer loop
      vertex   4.963482e+00 -1.197484e+01 5.340366e-02
      vertex   2.509859e+00 -1.187941e+01 1.703709e-02
      vertex   4.997089e+00 -1.188930e+01 1.979617e-02
    endloop
  endfacet
  facet normal 3.368926e-04 -1.892176e-01 -9.819351e-01
    outer loop
      vertex   4.997089e+00 -1.188930e+01 1.979617e-02
      vertex   2.509859e+00 -1.187941e+01 1.703709e-02
      vertex   5.014473e+00 -1.179906e+01 2.412235e-03
    endloop
  endfacet
  facet normal -4.271103e-03 -4.865859e-02 -9.988063e-01
    outer loop
      vertex   5.014473e+00 -1.179906e+01 2.412235e-03
      vertex   2.509859e+00 -1.187941e+01 1.703709e-02
      vertex   5.019717e+00 -1.175000e+01 0.000000e+00
    endloop
  endfacet
  facet normal 0.000000e+00 -1.305262e-01 -9.914449e-01
    outer loop
      vertex   5.019717e+00 -1.175000e+01 0.000000e+00
      vertex   2.509859e+00 -1.187941e+01 1.703709e-02
      vertex   5.551115e-16 -1.187941e+01 1.703709e-02
    endloop
  endfacet
  facet normal 4.920063e-04 -1.492623e-01 -9.887975e-01
    outer loop
      vertex   5.019717e+00 -1.175000e+01 0.000000e+00
      vertex   5.551115e-16 -1.187941e+01 1.703709e-02
      vertex   -5.014473e+00 -1.179906e+01 2.412235e-03
    endloop
  endfacet
  facet normal 0.000000e+00 -1.790630e-01 -9.838376e-01
    outer loop
      vertex   -5.014473e+00 -1.179906e+01 2.412235e-03
      vertex   5.551115e-16 -1.187941e+01 1.703709e-02
      vertex   -2.509859e+00 -1.187941e+01 1.703709e-02
    endloop
  endfacet
  facet normal -3.368926e-04 -1.892176e-01 -9.819351e-01
    outer loop
      vertex   -5.014473e+00 -1.179906e+01 2.412235e-03
      vertex   -2.509859e+00 -1.187941e+01 1.703709e-02
      vertex   -4.997089e+00 -1.188930e+01 1.979617e-02
    endloop
  endfacet
  facet normal 4.209323e-04 -3.655406e-01 -9.307953e-01
    outer loop
      vertex   -4.997089e+00 -1.188930e+01 1.979617e-02
      vertex   -2.509859e+00 -1.187941e+01 1.703709e-02
      vertex   -4.963482e+00 -1.197484e+01 5.340366e-02
    endloop
  endfacet
  facet normal 1.190161e-03 -3.826832e-01 -9.238789e-01
    outer loop
      vertex   -4.963482e+00 -1.197484e+01 5.340366e-02
      vertex   -2.509859e+00 -1.187941e+01 1.703709e-02
      vertex   -2.509859e+00 -1.200000e+01 6.698730e-02
    endloop
  endfacet
  facet normal -7.433617e-04 -5.301922e-01 -8.478772e-01
    outer loop
      vertex   -4.963482e+00 -1.197484e+01 5.340366e-02
      vertex   -2.509859e+00 -1.200000e+01 6.698730e-02
      vertex   -4.914786e+00 -1.205278e+01 1.020993e-01
    endloop
  endfacet
  facet normal 1.776976e-03 -6.087605e-01 -7.933521e-01
    outer loop
      vertex   -4.914786e+00 -1.205278e+01 1.020993e-01
      vertex   -2.509859e+00 -1.200000e+01 6.698730e-02
      vertex   -2.509859e+00 -1.210355e+01 1.464466e-01
    endloop
  endfacet
  facet normal -7.018930e-04 -6.764810e-01 -7.364598e-01
    outer loop
      vertex   -4.914786e+00 -1.205278e+01 1.020993e-01
      vertex   -2.509859e+00 -1.210355e+01 1.464466e-01
      vertex   -4.852648e+00 -1.212049e+01 1.642379e-01
    endloop
  endfacet
  facet normal 1.112820e-03 -7.933528e-01 -6.087611e-01
    outer loop
      vertex   -4.852648e+00 -1.212049e+01 1.642379e-01
      vertex   -2.509859e+00 -1.210355e+01 1.464466e-01
      vertex   -2.509859e+00 -1.218301e+01 2.500000e-01
    endloop
  endfacet
  facet normal 6.721149e-04 -7.992389e-01 -6.010131e-01
    outer loop
      vertex   -4.852648e+00 -1.212049e+01 1.642379e-01
      vertex   -2.509859e+00 -1.218301e+01 2.500000e-01
      vertex   -4.779166e+00 -1.217569e+01 2.377201e-01
    endloop
  endfacet
  facet normal -4.920809e-04 -8.961749e-01 -4.437008e-01
    outer loop
      vertex   -4.779166e+00 -1.217569e+01 2.377201e-01
      vertex   -2.509859e+00 -1.218301e+01 2.500000e-01
      vertex   -4.696822e+00 -1.221650e+01 3.200634e-01
    endloop
  endfacet
  facet normal 1.886947e-03 -9.238779e-01 -3.826828e-01
    outer loop
      vertex   -4.696822e+00 -1.221650e+01 3.200634e-01
      vertex   -2.509859e+00 -1.218301e+01 2.500000e-01
      vertex   -2.509859e+00 -1.223296e+01 3.705905e-01
    endloop
  endfacet
  facet normal -9.667721e-04 -9.623789e-01 -2.717093e-01
    outer loop
      vertex   -4.696822e+00 -1.221650e+01 3.200634e-01
      vertex   -2.509859e+00 -1.223296e+01 3.705905e-01
      vertex   -4.608400e+00 -1.224155e+01 4.084858e-01
    endloop
  endfacet
  facet normal 0.000000e+00 -4.911451e-02 -9.987932e-01
    outer loop
      vertex   -5.014473e+00 -1.179906e+01 2.412235e-03
      vertex   -5.019717e+00 -1.175000e+01 0.000000e+00
      vertex   5.019717e+00 -1.175000e+01 0.000000e+00
    endloop
  endfacet
  facet normal 9.667721e-04 -9.623789e-01 -2.717093e-01
    outer loop
      vertex   4.696822e+00 -1.221650e+01 3.200634e-01
      vertex   4.608400e+00 -1.224155e+01 4.084858e-01
      vertex   2.509859e+00 -1.223296e+01 3.705905e-01
    endloop
  endfacet
  facet normal -8.531133e-04 -9.844037e-01 -1.759220e-01
    outer loop
      vertex   2.509859e+00 -1.223296e+01 3.705905e-01
      vertex   4.608400e+00 -1.224155e+01 4.084858e-01
      vertex   -4.516886e+00 -1.225000e+01 5.000000e-01
    endloop
  endfacet
  facet normal 0.000000e+00 -9.957680e-01 -9.190312e-02
    outer loop
      vertex   4.608400e+00 -1.224155e+01 4.084858e-01
      vertex   4.516886e+00 -1.225000e+01 5.000000e-01
      vertex   -4.516886e+00 -1.225000e+01 5.000000e-01
    endloop
  endfacet
  facet normal -0.000000e+00 -9.238795e-01 -3.826834e-01
    outer loop
      vertex   5.551115e-16 -1.223296e+01 3.705905e-01
      vertex   -2.509859e+00 -1.223296e+01 3.705905e-01
      vertex   5.551115e-16 -1.218301e+01 2.500000e-01
    endloop
  endfacet
  facet normal -0.000000e+00 -9.238795e-01 -3.826834e-01
    outer loop
      vertex   5.551115e-16 -1.218301e+01 2.500000e-01
      vertex   -2.509859e+00 -1.223296e+01 3.705905e-01
      vertex   -2.509859e+00 -1.218301e+01 2.500000e-01
    endloop
  endfacet
  facet normal -0.000000e+00 -7.933533e-01 -6.087614e-01
    outer loop
      vertex   5.551115e-16 -1.218301e+01 2.500000e-01
      vertex   -2.509859e+00 -1.218301e+01 2.500000e-01
      vertex   5.551115e-16 -1.210355e+01 1.464466e-01
    endloop
  endfacet
  facet normal -0.000000e+00 -7.933533e-01 -6.087614e-01
    outer loop
      vertex   5.551115e-16 -1.210355e+01 1.464466e-01
      vertex   -2.509859e+00 -1.218301e+01 2.500000e-01
      vertex   -2.509859e+00 -1.210355e+01 1.464466e-01
    endloop
  endfacet
  facet normal -0.000000e+00 -6.087614e-01 -7.933533e-01
    outer loop
      vertex   5.551115e-16 -1.210355e+01 1.464466e-01
      vertex   -2.509859e+00 -1.210355e+01 1.464466e-01
      vertex   5.551115e-16 -1.200000e+01 6.698730e-02
    endloop
  endfacet
  facet normal -0.000000e+00 -6.087614e-01 -7.933533e-01
    outer loop
      vertex   5.551115e-16 -1.200000e+01 6.698730e-02
      vertex   -2.509859e+00 -1.210355e+01 1.464466e-01
      vertex   -2.509859e+00 -1.200000e+01 6.698730e-02
    endloop
  endfacet
  facet normal -0.000000e+00 -3.826834e-01 -9.238795e-01
    outer loop
      vertex   5.551115e-16 -1.200000e+01 6.698730e-02
      vertex   -2.509859e+00 -1.200000e+01 6.698730e-02
      vertex   5.551115e-16 -1.187941e+01 1.703709e-02
    endloop
  endfacet
  facet normal -0.000000e+00 -3.826834e-01 -9.238795e-01
    outer loop
      vertex   5.551115e-16 -1.187941e+01 1.703709e-02
      vertex   -2.509859e+00 -1.200000e+01 6.698730e-02
      vertex   -2.509859e+00 -1.187941e+01 1.703709e-02
    endloop
  endfacet
  facet normal 0.000000e+00 -7.933533e-01 -6.087614e-01
    outer loop
      vertex   2.509859e+00 -1.210355e+01 1.464466e-01
      vertex   2.509859e+00 -1.218301e+01 2.500000e-01
      vertex   5.551115e-16 -1.218301e+01 2.500000e-01
    endloop
  endfacet
  facet normal 0.000000e+00 -9.238795e-01 -3.826834e-01
    outer loop
      vertex   5.551115e-16 -1.218301e+01 2.500000e-01
      vertex   2.509859e+00 -1.218301e+01 2.500000e-01
      vertex   5.551115e-16 -1.223296e+01 3.705905e-01
    endloop
  endfacet
  facet normal -0.000000e+00 -7.933533e-01 -6.087614e-01
    outer loop
      vertex   2.509859e+00 -1.210355e+01 1.464466e-01
      vertex   5.551115e-16 -1.218301e+01 2.500000e-01
      vertex   5.551115e-16 -1.210355e+01 1.464466e-01
    endloop
  endfacet
  facet normal 0.000000e+00 -6.087614e-01 -7.933533e-01
    outer loop
      vertex   2.509859e+00 -1.200000e+01 6.698730e-02
      vertex   2.509859e+00 -1.210355e+01 1.464466e-01
      vertex   5.551115e-16 -1.210355e+01 1.464466e-01
    endloop
  endfacet
  facet normal -0.000000e+00 -6.087614e-01 -7.933533e-01
    outer loop
      vertex   2.509859e+00 -1.200000e+01 6.698730e-02
      vertex   5.551115e-16 -1.210355e+01 1.464466e-01
      vertex   5.551115e-16 -1.200000e+01 6.698730e-02
    endloop
  endfacet
  facet normal 0.000000e+00 -3.826834e-01 -9.238795e-01
    outer loop
      vertex   2.509859e+00 -1.187941e+01 1.703709e-02
      vertex   2.509859e+00 -1.200000e+01 6.698730e-02
      vertex   5.551115e-16 -1.200000e+01 6.698730e-02
    endloop
  endfacet
  facet normal -0.000000e+00 -3.826834e-01 -9.238795e-01
    outer loop
      vertex   2.509859e+00 -1.187941e+01 1.703709e-02
      vertex   5.551115e-16 -1.200000e+01 6.698730e-02
      vertex   5.551115e-16 -1.187941e+01 1.703709e-02
    endloop
  endfacet
  facet normal 9.372758e-02 -9.955962e-01 1.840316e-03
    outer loop
      vertex   4.608400e+00 -1.224155e+01 4.084858e-01
      vertex   4.638368e+00 -1.223502e+01 2.418275e+00
      vertex   4.516886e+00 -1.225000e+01 5.000000e-01
    endloop
  endfacet
  facet normal 1.224029e-01 -9.924805e-01 0.000000e+00
    outer loop
      vertex   4.516886e+00 -1.225000e+01 5.000000e-01
      vertex   4.638368e+00 -1.223502e+01 2.418275e+00
      vertex   4.638368e+00 -1.223502e+01 4.834137e+00
    endloop
  endfacet
  facet normal 1.224029e-01 -9.924805e-01 0.000000e+00
    outer loop
      vertex   4.516886e+00 -1.225000e+01 5.000000e-01
      vertex   4.638368e+00 -1.223502e+01 4.834137e+00
      vertex   4.638368e+00 -1.223502e+01 7.250000e+00
    endloop
  endfacet
  facet normal 3.598732e-01 -9.330012e-01 0.000000e+00
    outer loop
      vertex   4.638368e+00 -1.223502e+01 7.250000e+00
      vertex   4.638368e+00 -1.223502e+01 4.834137e+00
      vertex   4.752570e+00 -1.219097e+01 7.250000e+00
    endloop
  endfacet
  facet normal 3.598732e-01 -9.330012e-01 0.000000e+00
    outer loop
      vertex   4.638368e+00 -1.223502e+01 7.250000e+00
      vertex   4.752570e+00 -1.219097e+01 7.250000e+00
      vertex   4.752570e+00 -1.219097e+01 9.665863e+00
    endloop
  endfacet
  facet normal 5.757762e-01 -8.176073e-01 0.000000e+00
    outer loop
      vertex   4.752570e+00 -1.219097e+01 9.665863e+00
      vertex   4.752570e+00 -1.219097e+01 7.250000e+00
      vertex   4.852648e+00 -1.212049e+01 9.665863e+00
    endloop
  endfacet
  facet normal 5.757762e-01 -8.176073e-01 0.000000e+00
    outer loop
      vertex   4.752570e+00 -1.219097e+01 9.665863e+00
      vertex   4.852648e+00 -1.212049e+01 9.665863e+00
      vertex   4.852648e+00 -1.212049e+01 1.208173e+01
    endloop
  endfacet
  facet normal 7.571731e-01 -6.532143e-01 0.000000e+00
    outer loop
      vertex   4.852648e+00 -1.212049e+01 1.208173e+01
      vertex   4.852648e+00 -1.212049e+01 9.665863e+00
      vertex   4.932603e+00 -1.202781e+01 1.208173e+01
    endloop
  endfacet
  facet normal 7.571726e-01 -6.532138e-01 -1.217062e-03
    outer loop
      vertex   4.852648e+00 -1.212049e+01 1.208173e+01
      vertex   4.932603e+00 -1.202781e+01 1.208173e+01
      vertex   4.914786e+00 -1.205278e+01 1.439790e+01
    endloop
  endfacet
  facet normal 8.478594e-01 -5.302204e-01 8.063641e-04
    outer loop
      vertex   4.914786e+00 -1.205278e+01 1.439790e+01
      vertex   4.932603e+00 -1.202781e+01 1.208173e+01
      vertex   4.963482e+00 -1.197484e+01 1.444660e+01
    endloop
  endfacet
  facet normal 8.931915e-01 -4.496736e-01 -1.589833e-03
    outer loop
      vertex   4.963482e+00 -1.197484e+01 1.444660e+01
      vertex   4.932603e+00 -1.202781e+01 1.208173e+01
      vertex   4.987645e+00 -1.191848e+01 1.208173e+01
    endloop
  endfacet
  facet normal 9.306334e-01 -3.659519e-01 7.878250e-04
    outer loop
      vertex   4.963482e+00 -1.197484e+01 1.444660e+01
      vertex   4.987645e+00 -1.191848e+01 1.208173e+01
      vertex   4.997089e+00 -1.188930e+01 1.448020e+01
    endloop
  endfacet
  facet normal 9.820021e-01 -1.888633e-01 -1.569110e-03
    outer loop
      vertex   4.997089e+00 -1.188930e+01 1.448020e+01
      vertex   4.987645e+00 -1.191848e+01 1.208173e+01
      vertex   5.014473e+00 -1.179906e+01 1.449759e+01
    endloop
  endfacet
  facet normal 9.756833e-01 -2.191851e-01 0.000000e+00
    outer loop
      vertex   5.014473e+00 -1.179906e+01 1.449759e+01
      vertex   4.987645e+00 -1.191848e+01 1.208173e+01
      vertex   4.987645e+00 -1.191848e+01 9.665863e+00
    endloop
  endfacet
  facet normal 9.756833e-01 -2.191851e-01 0.000000e+00
    outer loop
      vertex   5.014473e+00 -1.179906e+01 1.449759e+01
      vertex   4.987645e+00 -1.191848e+01 9.665863e+00
      vertex   4.987645e+00 -1.191848e+01 7.250000e+00
    endloop
  endfacet
  facet normal 8.931927e-01 -4.496742e-01 0.000000e+00
    outer loop
      vertex   4.987645e+00 -1.191848e+01 7.250000e+00
      vertex   4.987645e+00 -1.191848e+01 9.665863e+00
      vertex   4.932603e+00 -1.202781e+01 7.250000e+00
    endloop
  endfacet
  facet normal 8.931927e-01 -4.496742e-01 0.000000e+00
    outer loop
      vertex   4.987645e+00 -1.191848e+01 7.250000e+00
      vertex   4.932603e+00 -1.202781e+01 7.250000e+00
      vertex   4.932603e+00 -1.202781e+01 4.834137e+00
    endloop
  endfacet
  facet normal 7.571731e-01 -6.532143e-01 0.000000e+00
    outer loop
      vertex   4.932603e+00 -1.202781e+01 4.834137e+00
      vertex   4.932603e+00 -1.202781e+01 7.250000e+00
      vertex   4.852648e+00 -1.212049e+01 4.834137e+00
    endloop
  endfacet
  facet normal 7.571731e-01 -6.532143e-01 0.000000e+00
    outer loop
      vertex   4.932603e+00 -1.202781e+01 4.834137e+00
      vertex   4.852648e+00 -1.212049e+01 4.834137e+00
      vertex   4.852648e+00 -1.212049e+01 2.418275e+00
    endloop
  endfacet
  facet normal 5.757762e-01 -8.176073e-01 0.000000e+00
    outer loop
      vertex   4.852648e+00 -1.212049e+01 2.418275e+00
      vertex   4.852648e+00 -1.212049e+01 4.834137e+00
      vertex   4.752570e+00 -1.219097e+01 2.418275e+00
    endloop
  endfacet
  facet normal 5.757758e-01 -8.176066e-01 1.292757e-03
    outer loop
      vertex   4.852648e+00 -1.212049e+01 2.418275e+00
      vertex   4.752570e+00 -1.219097e+01 2.418275e+00
      vertex   4.779166e+00 -1.217569e+01 2.377201e-01
    endloop
  endfacet
  facet normal 4.433944e-01 -8.963262e-01 -8.735032e-04
    outer loop
      vertex   4.779166e+00 -1.217569e+01 2.377201e-01
      vertex   4.752570e+00 -1.219097e+01 2.418275e+00
      vertex   4.696822e+00 -1.221650e+01 3.200634e-01
    endloop
  endfacet
  facet normal 3.598726e-01 -9.329997e-01 1.791883e-03
    outer loop
      vertex   4.696822e+00 -1.221650e+01 3.200634e-01
      vertex   4.752570e+00 -1.219097e+01 2.418275e+00
      vertex   4.638368e+00 -1.223502e+01 2.418275e+00
    endloop
  endfacet
  facet normal 2.717505e-01 -9.623673e-01 -9.222830e-04
    outer loop
      vertex   4.696822e+00 -1.221650e+01 3.200634e-01
      vertex   4.638368e+00 -1.223502e+01 2.418275e+00
      vertex   4.608400e+00 -1.224155e+01 4.084858e-01
    endloop
  endfacet
  facet normal 6.005837e-01 -7.995619e-01 0.000000e+00
    outer loop
      vertex   4.779166e+00 -1.217569e+01 2.377201e-01
      vertex   4.852648e+00 -1.212049e+01 1.642379e-01
      vertex   4.852648e+00 -1.212049e+01 2.418275e+00
    endloop
  endfacet
  facet normal 7.367809e-01 -6.761316e-01 0.000000e+00
    outer loop
      vertex   4.852648e+00 -1.212049e+01 2.418275e+00
      vertex   4.852648e+00 -1.212049e+01 1.642379e-01
      vertex   4.914786e+00 -1.205278e+01 1.020993e-01
    endloop
  endfacet
  facet normal 7.571726e-01 -6.532138e-01 1.217062e-03
    outer loop
      vertex   4.852648e+00 -1.212049e+01 2.418275e+00
      vertex   4.914786e+00 -1.205278e+01 1.020993e-01
      vertex   4.932603e+00 -1.202781e+01 2.418275e+00
    endloop
  endfacet
  facet normal 8.478594e-01 -5.302204e-01 -8.063641e-04
    outer loop
      vertex   4.932603e+00 -1.202781e+01 2.418275e+00
      vertex   4.914786e+00 -1.205278e+01 1.020993e-01
      vertex   4.963482e+00 -1.197484e+01 5.340366e-02
    endloop
  endfacet
  facet normal 8.931915e-01 -4.496736e-01 1.589833e-03
    outer loop
      vertex   4.932603e+00 -1.202781e+01 2.418275e+00
      vertex   4.963482e+00 -1.197484e+01 5.340366e-02
      vertex   4.987645e+00 -1.191848e+01 2.418275e+00
    endloop
  endfacet
  facet normal 9.306334e-01 -3.659519e-01 -7.878250e-04
    outer loop
      vertex   4.987645e+00 -1.191848e+01 2.418275e+00
      vertex   4.963482e+00 -1.197484e+01 5.340366e-02
      vertex   4.997089e+00 -1.188930e+01 1.979617e-02
    endloop
  endfacet
  facet normal 9.514104e-01 -3.079258e-01 0.000000e+00
    outer loop
      vertex   4.987645e+00 -1.191848e+01 2.418275e+00
      vertex   4.997089e+00 -1.188930e+01 1.979617e-02
      vertex   4.987645e+00 -1.191848e+01 4.834137e+00
    endloop
  endfacet
  facet normal 9.684731e-01 -2.491178e-01 3.899434e-04
    outer loop
      vertex   4.987645e+00 -1.191848e+01 4.834137e+00
      vertex   4.997089e+00 -1.188930e+01 1.979617e-02
      vertex   5.014473e+00 -1.179906e+01 1.449759e+01
    endloop
  endfacet
  facet normal 9.756833e-01 -2.191851e-01 0.000000e+00
    outer loop
      vertex   4.987645e+00 -1.191848e+01 4.834137e+00
      vertex   5.014473e+00 -1.179906e+01 1.449759e+01
      vertex   4.987645e+00 -1.191848e+01 7.250000e+00
    endloop
  endfacet
  facet normal 9.819472e-01 -1.891550e-01 0.000000e+00
    outer loop
      vertex   4.997089e+00 -1.188930e+01 1.979617e-02
      vertex   5.014473e+00 -1.179906e+01 2.412235e-03
      vertex   5.014473e+00 -1.179906e+01 1.449759e+01
    endloop
  endfacet
  facet normal 7.367809e-01 -6.761316e-01 0.000000e+00
    outer loop
      vertex   4.914786e+00 -1.205278e+01 1.439790e+01
      vertex   4.852648e+00 -1.212049e+01 1.433576e+01
      vertex   4.852648e+00 -1.212049e+01 1.208173e+01
    endloop
  endfacet
  facet normal 6.005837e-01 -7.995619e-01 0.000000e+00
    outer loop
      vertex   4.852648e+00 -1.212049e+01 1.208173e+01
      vertex   4.852648e+00 -1.212049e+01 1.433576e+01
      vertex   4.779166e+00 -1.217569e+01 1.426228e+01
    endloop
  endfacet
  facet normal 5.757758e-01 -8.176066e-01 -1.292757e-03
    outer loop
      vertex   4.852648e+00 -1.212049e+01 1.208173e+01
      vertex   4.779166e+00 -1.217569e+01 1.426228e+01
      vertex   4.752570e+00 -1.219097e+01 1.208173e+01
    endloop
  endfacet
  facet normal 4.433944e-01 -8.963262e-01 8.735032e-04
    outer loop
      vertex   4.752570e+00 -1.219097e+01 1.208173e+01
      vertex   4.779166e+00 -1.217569e+01 1.426228e+01
      vertex   4.696822e+00 -1.221650e+01 1.417994e+01
    endloop
  endfacet
  facet normal 3.598726e-01 -9.329997e-01 -1.791883e-03
    outer loop
      vertex   4.752570e+00 -1.219097e+01 1.208173e+01
      vertex   4.696822e+00 -1.221650e+01 1.417994e+01
      vertex   4.638368e+00 -1.223502e+01 1.208173e+01
    endloop
  endfacet
  facet normal 2.717505e-01 -9.623673e-01 9.222830e-04
    outer loop
      vertex   4.638368e+00 -1.223502e+01 1.208173e+01
      vertex   4.696822e+00 -1.221650e+01 1.417994e+01
      vertex   4.608400e+00 -1.224155e+01 1.409151e+01
    endloop
  endfacet
  facet normal 2.130970e-01 -9.770311e-01 0.000000e+00
    outer loop
      vertex   4.638368e+00 -1.223502e+01 1.208173e+01
      vertex   4.608400e+00 -1.224155e+01 1.409151e+01
      vertex   4.638368e+00 -1.223502e+01 9.665863e+00
    endloop
  endfacet
  facet normal 1.535363e-01 -9.881429e-01 -4.197263e-04
    outer loop
      vertex   4.638368e+00 -1.223502e+01 9.665863e+00
      vertex   4.608400e+00 -1.224155e+01 1.409151e+01
      vertex   4.516886e+00 -1.225000e+01 5.000000e-01
    endloop
  endfacet
  facet normal 1.224029e-01 -9.924805e-01 0.000000e+00
    outer loop
      vertex   4.638368e+00 -1.223502e+01 9.665863e+00
      vertex   4.516886e+00 -1.225000e+01 5.000000e-01
      vertex   4.638368e+00 -1.223502e+01 7.250000e+00
    endloop
  endfacet
  facet normal 9.190312e-02 -9.957680e-01 0.000000e+00
    outer loop
      vertex   4.608400e+00 -1.224155e+01 1.409151e+01
      vertex   4.516886e+00 -1.225000e+01 1.400000e+01
      vertex   4.516886e+00 -1.225000e+01 5.000000e-01
    endloop
  endfacet
  facet normal 3.598732e-01 -9.330012e-01 0.000000e+00
    outer loop
      vertex   4.638368e+00 -1.223502e+01 4.834137e+00
      vertex   4.638368e+00 -1.223502e+01 2.418275e+00
      vertex   4.752570e+00 -1.219097e+01 4.834137e+00
    endloop
  endfacet
  facet normal 3.598732e-01 -9.330012e-01 0.000000e+00
    outer loop
      vertex   4.752570e+00 -1.219097e+01 4.834137e+00
      vertex   4.638368e+00 -1.223502e+01 2.418275e+00
      vertex   4.752570e+00 -1.219097e+01 2.418275e+00
    endloop
  endfacet
  facet normal 5.757762e-01 -8.176073e-01 0.000000e+00
    outer loop
      vertex   4.752570e+00 -1.219097e+01 4.834137e+00
      vertex   4.752570e+00 -1.219097e+01 2.418275e+00
      vertex   4.852648e+00 -1.212049e+01 4.834137e+00
    endloop
  endfacet
  facet normal 3.598732e-01 -9.330012e-01 0.000000e+00
    outer loop
      vertex   4.752570e+00 -1.219097e+01 1.208173e+01
      vertex   4.638368e+00 -1.223502e+01 1.208173e+01
      vertex   4.638368e+00 -1.223502e+01 9.665863e+00
    endloop
  endfacet
  facet normal 3.598732e-01 -9.330012e-01 0.000000e+00
    outer loop
      vertex   4.752570e+00 -1.219097e+01 1.208173e+01
      vertex   4.638368e+00 -1.223502e+01 9.665863e+00
      vertex   4.752570e+00 -1.219097e+01 9.665863e+00
    endloop
  endfacet
  facet normal 3.598732e-01 -9.330012e-01 0.000000e+00
    outer loop
      vertex   4.752570e+00 -1.219097e+01 9.665863e+00
      vertex   4.638368e+00 -1.223502e+01 9.665863e+00
      vertex   4.638368e+00 -1.223502e+01 7.250000e+00
    endloop
  endfacet
  facet normal 3.598732e-01 -9.330012e-01 0.000000e+00
    outer loop
      vertex   4.638368e+00 -1.223502e+01 4.834137e+00
      vertex   4.752570e+00 -1.219097e+01 4.834137e+00
      vertex   4.752570e+00 -1.219097e+01 7.250000e+00
    endloop
  endfacet
  facet normal 5.757762e-01 -8.176073e-01 0.000000e+00
    outer loop
      vertex   4.752570e+00 -1.219097e+01 7.250000e+00
      vertex   4.752570e+00 -1.219097e+01 4.834137e+00
      vertex   4.852648e+00 -1.212049e+01 7.250000e+00
    endloop
  endfacet
  facet normal 5.757762e-01 -8.176073e-01 0.000000e+00
    outer loop
      vertex   4.752570e+00 -1.219097e+01 7.250000e+00
      vertex   4.852648e+00 -1.212049e+01 7.250000e+00
      vertex   4.852648e+00 -1.212049e+01 9.665863e+00
    endloop
  endfacet
  facet normal 7.571731e-01 -6.532143e-01 0.000000e+00
    outer loop
      vertex   4.852648e+00 -1.212049e+01 9.665863e+00
      vertex   4.852648e+00 -1.212049e+01 7.250000e+00
      vertex   4.932603e+00 -1.202781e+01 9.665863e+00
    endloop
  endfacet
  facet normal 7.571731e-01 -6.532143e-01 0.000000e+00
    outer loop
      vertex   4.852648e+00 -1.212049e+01 9.665863e+00
      vertex   4.932603e+00 -1.202781e+01 9.665863e+00
      vertex   4.932603e+00 -1.202781e+01 1.208173e+01
    endloop
  endfacet
  facet normal 8.931927e-01 -4.496742e-01 0.000000e+00
    outer loop
      vertex   4.932603e+00 -1.202781e+01 1.208173e+01
      vertex   4.932603e+00 -1.202781e+01 9.665863e+00
      vertex   4.987645e+00 -1.191848e+01 1.208173e+01
    endloop
  endfacet
  facet normal 5.757762e-01 -8.176073e-01 0.000000e+00
    outer loop
      vertex   4.852648e+00 -1.212049e+01 7.250000e+00
      vertex   4.752570e+00 -1.219097e+01 4.834137e+00
      vertex   4.852648e+00 -1.212049e+01 4.834137e+00
    endloop
  endfacet
  facet normal 5.757762e-01 -8.176073e-01 0.000000e+00
    outer loop
      vertex   4.852648e+00 -1.212049e+01 1.208173e+01
      vertex   4.752570e+00 -1.219097e+01 1.208173e+01
      vertex   4.752570e+00 -1.219097e+01 9.665863e+00
    endloop
  endfacet
  facet normal 7.571731e-01 -6.532143e-01 0.000000e+00
    outer loop
      vertex   4.932603e+00 -1.202781e+01 9.665863e+00
      vertex   4.852648e+00 -1.212049e+01 7.250000e+00
      vertex   4.932603e+00 -1.202781e+01 7.250000e+00
    endloop
  endfacet
  facet normal 7.571731e-01 -6.532143e-01 0.000000e+00
    outer loop
      vertex   4.932603e+00 -1.202781e+01 7.250000e+00
      vertex   4.852648e+00 -1.212049e+01 7.250000e+00
      vertex   4.852648e+00 -1.212049e+01 4.834137e+00
    endloop
  endfacet
  facet normal 7.571731e-01 -6.532143e-01 0.000000e+00
    outer loop
      vertex   4.852648e+00 -1.212049e+01 2.418275e+00
      vertex   4.932603e+00 -1.202781e+01 2.418275e+00
      vertex   4.932603e+00 -1.202781e+01 4.834137e+00
    endloop
  endfacet
  facet normal 8.931927e-01 -4.496742e-01 0.000000e+00
    outer loop
      vertex   4.932603e+00 -1.202781e+01 4.834137e+00
      vertex   4.932603e+00 -1.202781e+01 2.418275e+00
      vertex   4.987645e+00 -1.191848e+01 4.834137e+00
    endloop
  endfacet
  facet normal 8.931927e-01 -4.496742e-01 0.000000e+00
    outer loop
      vertex   4.932603e+00 -1.202781e+01 4.834137e+00
      vertex   4.987645e+00 -1.191848e+01 4.834137e+00
      vertex   4.987645e+00 -1.191848e+01 7.250000e+00
    endloop
  endfacet
  facet normal 8.931927e-01 -4.496742e-01 0.000000e+00
    outer loop
      vertex   4.987645e+00 -1.191848e+01 2.418275e+00
      vertex   4.987645e+00 -1.191848e+01 4.834137e+00
      vertex   4.932603e+00 -1.202781e+01 2.418275e+00
    endloop
  endfacet
  facet normal 8.931927e-01 -4.496742e-01 0.000000e+00
    outer loop
      vertex   4.987645e+00 -1.191848e+01 1.208173e+01
      vertex   4.932603e+00 -1.202781e+01 9.665863e+00
      vertex   4.987645e+00 -1.191848e+01 9.665863e+00
    endloop
  endfacet
  facet normal 8.931927e-01 -4.496742e-01 0.000000e+00
    outer loop
      vertex   4.987645e+00 -1.191848e+01 9.665863e+00
      vertex   4.932603e+00 -1.202781e+01 9.665863e+00
      vertex   4.932603e+00 -1.202781e+01 7.250000e+00
    endloop
  endfacet
  facet normal 9.943352e-01 -1.062899e-01 0.000000e+00
    outer loop
      vertex   5.014473e+00 -1.179906e+01 1.449759e+01
      vertex   5.014473e+00 -1.179906e+01 2.412235e-03
      vertex   5.019717e+00 -1.175000e+01 1.450000e+01
    endloop
  endfacet
  facet normal 9.863311e-01 -1.647752e-01 2.007907e-04
    outer loop
      vertex   5.019717e+00 -1.175000e+01 1.450000e+01
      vertex   5.014473e+00 -1.179906e+01 2.412235e-03
      vertex   5.075711e+00 -1.142366e+01 7.250000e+00
    endloop
  endfacet
  facet normal 9.843808e-01 -1.760522e-01 -3.218768e-04
    outer loop
      vertex   5.019717e+00 -1.175000e+01 1.450000e+01
      vertex   5.075711e+00 -1.142366e+01 7.250000e+00
      vertex   5.085442e+00 -1.138251e+01 1.450000e+01
    endloop
  endfacet
  facet normal 9.586503e-01 -2.845866e-01 3.287175e-04
    outer loop
      vertex   5.085442e+00 -1.138251e+01 1.450000e+01
      vertex   5.075711e+00 -1.142366e+01 7.250000e+00
      vertex   5.183956e+00 -1.105903e+01 7.250000e+00
    endloop
  endfacet
  facet normal 9.548932e-01 -2.969494e-01 -2.739320e-04
    outer loop
      vertex   5.085442e+00 -1.138251e+01 1.450000e+01
      vertex   5.183956e+00 -1.105903e+01 7.250000e+00
      vertex   5.196300e+00 -1.102602e+01 1.450000e+01
    endloop
  endfacet
  facet normal 9.149363e-01 -4.035983e-01 2.796322e-04
    outer loop
      vertex   5.196300e+00 -1.102602e+01 1.450000e+01
      vertex   5.183956e+00 -1.105903e+01 7.250000e+00
      vertex   5.337468e+00 -1.071103e+01 7.250000e+00
    endloop
  endfacet
  facet normal 9.106184e-01 -4.132481e-01 -2.237062e-04
    outer loop
      vertex   5.196300e+00 -1.102602e+01 1.450000e+01
      vertex   5.337468e+00 -1.071103e+01 7.250000e+00
      vertex   5.350576e+00 -1.068607e+01 1.450000e+01
    endloop
  endfacet
  facet normal 8.565149e-01 -5.161222e-01 2.282661e-04
    outer loop
      vertex   5.350576e+00 -1.068607e+01 1.450000e+01
      vertex   5.337468e+00 -1.071103e+01 7.250000e+00
      vertex   5.533779e+00 -1.038524e+01 7.250000e+00
    endloop
  endfacet
  facet normal 8.522422e-01 -5.231475e-01 -1.711999e-04
    outer loop
      vertex   5.350576e+00 -1.068607e+01 1.450000e+01
      vertex   5.533779e+00 -1.038524e+01 7.250000e+00
      vertex   5.545879e+00 -1.036790e+01 1.450000e+01
    endloop
  endfacet
  facet normal 7.843253e-01 -6.203497e-01 1.746195e-04
    outer loop
      vertex   5.545879e+00 -1.036790e+01 1.450000e+01
      vertex   5.533779e+00 -1.038524e+01 7.250000e+00
      vertex   5.769734e+00 -1.008692e+01 7.250000e+00
    endloop
  endfacet
  facet normal 7.806684e-01 -6.249455e-01 -1.164132e-04
    outer loop
      vertex   5.545879e+00 -1.036790e+01 1.450000e+01
      vertex   5.769734e+00 -1.008692e+01 7.250000e+00
      vertex   5.779186e+00 -1.007646e+01 1.450000e+01
    endloop
  endfacet
  facet normal 6.995280e-01 -7.146052e-01 1.186928e-04
    outer loop
      vertex   5.779186e+00 -1.007646e+01 1.450000e+01
      vertex   5.769734e+00 -1.008692e+01 7.250000e+00
      vertex   6.041540e+00 -9.820847e+00 7.250000e+00
    endloop
  endfacet
  facet normal 6.970054e-01 -7.170659e-01 -5.934643e-05
    outer loop
      vertex   5.779186e+00 -1.007646e+01 1.450000e+01
      vertex   6.041540e+00 -9.820847e+00 7.250000e+00
      vertex   6.046884e+00 -9.816253e+00 1.450000e+01
    endloop
  endfacet
  facet normal 6.025488e-01 -7.980820e-01 6.162581e-05
    outer loop
      vertex   6.046884e+00 -9.816253e+00 1.450000e+01
      vertex   6.041540e+00 -9.820847e+00 7.250000e+00
      vertex   6.344828e+00 -9.591307e+00 1.450000e+01
    endloop
  endfacet
  facet normal 6.043881e-01 -7.966900e-01 -5.938783e-05
    outer loop
      vertex   6.344828e+00 -9.591307e+00 1.450000e+01
      vertex   6.041540e+00 -9.820847e+00 7.250000e+00
      vertex   6.046884e+00 -9.816253e+00 0.000000e+00
    endloop
  endfacet
  facet normal 6.025488e-01 -7.980820e-01 0.000000e+00
    outer loop
      vertex   6.344828e+00 -9.591307e+00 1.450000e+01
      vertex   6.046884e+00 -9.816253e+00 0.000000e+00
      vertex   6.344828e+00 -9.591307e+00 0.000000e+00
    endloop
  endfacet
  facet normal 9.943160e-01 -1.064299e-01 -2.888729e-03
    outer loop
      vertex   5.014473e+00 -1.179906e+01 2.412235e-03
      vertex   5.019717e+00 -1.175000e+01 0.000000e+00
      vertex   5.075711e+00 -1.142366e+01 7.250000e+00
    endloop
  endfacet
  facet normal 9.843808e-01 -1.760522e-01 3.218768e-04
    outer loop
      vertex   5.075711e+00 -1.142366e+01 7.250000e+00
      vertex   5.019717e+00 -1.175000e+01 0.000000e+00
      vertex   5.085442e+00 -1.138251e+01 0.000000e+00
    endloop
  endfacet
  facet normal 9.586503e-01 -2.845866e-01 -3.287175e-04
    outer loop
      vertex   5.075711e+00 -1.142366e+01 7.250000e+00
      vertex   5.085442e+00 -1.138251e+01 0.000000e+00
      vertex   5.183956e+00 -1.105903e+01 7.250000e+00
    endloop
  endfacet
  facet normal 9.548932e-01 -2.969494e-01 2.739320e-04
    outer loop
      vertex   5.183956e+00 -1.105903e+01 7.250000e+00
      vertex   5.085442e+00 -1.138251e+01 0.000000e+00
      vertex   5.196300e+00 -1.102602e+01 0.000000e+00
    endloop
  endfacet
  facet normal 9.149363e-01 -4.035983e-01 -2.796322e-04
    outer loop
      vertex   5.183956e+00 -1.105903e+01 7.250000e+00
      vertex   5.196300e+00 -1.102602e+01 0.000000e+00
      vertex   5.337468e+00 -1.071103e+01 7.250000e+00
    endloop
  endfacet
  facet normal 9.106184e-01 -4.132481e-01 2.237062e-04
    outer loop
      vertex   5.337468e+00 -1.071103e+01 7.250000e+00
      vertex   5.196300e+00 -1.102602e+01 0.000000e+00
      vertex   5.350576e+00 -1.068607e+01 0.000000e+00
    endloop
  endfacet
  facet normal 8.565149e-01 -5.161222e-01 -2.282661e-04
    outer loop
      vertex   5.337468e+00 -1.071103e+01 7.250000e+00
      vertex   5.350576e+00 -1.068607e+01 0.000000e+00
      vertex   5.533779e+00 -1.038524e+01 7.250000e+00
    endloop
  endfacet
  facet normal 8.522422e-01 -5.231475e-01 1.711999e-04
    outer loop
      vertex   5.533779e+00 -1.038524e+01 7.250000e+00
      vertex   5.350576e+00 -1.068607e+01 0.000000e+00
      vertex   5.545879e+00 -1.036790e+01 0.000000e+00
    endloop
  endfacet
  facet normal 7.843253e-01 -6.203497e-01 -1.746195e-04
    outer loop
      vertex   5.533779e+00 -1.038524e+01 7.250000e+00
      vertex   5.545879e+00 -1.036790e+01 0.000000e+00
      vertex   5.769734e+00 -1.008692e+01 7.250000e+00
    endloop
  endfacet
  facet normal 7.806684e-01 -6.249455e-01 1.164132e-04
    outer loop
      vertex   5.769734e+00 -1.008692e+01 7.250000e+00
      vertex   5.545879e+00 -1.036790e+01 0.000000e+00
      vertex   5.779186e+00 -1.007646e+01 0.000000e+00
    endloop
  endfacet
  facet normal 6.995280e-01 -7.146052e-01 -1.186928e-04
    outer loop
      vertex   5.769734e+00 -1.008692e+01 7.250000e+00
      vertex   5.779186e+00 -1.007646e+01 0.000000e+00
      vertex   6.041540e+00 -9.820847e+00 7.250000e+00
    endloop
  endfacet
  facet normal 6.970054e-01 -7.170659e-01 5.934643e-05
    outer loop
      vertex   6.041540e+00 -9.820847e+00 7.250000e+00
      vertex   5.779186e+00 -1.007646e+01 0.000000e+00
      vertex   6.046884e+00 -9.816253e+00 0.000000e+00
    endloop
  endfacet
  facet normal 4.271103e-03 -4.865859e-02 9.988063e-01
    outer loop
      vertex   -5.019717e+00 -1.175000e+01 1.450000e+01
      vertex   -5.014473e+00 -1.179906e+01 1.449759e+01
      vertex   -2.509859e+00 -1.187941e+01 1.448296e+01
    endloop
  endfacet
  facet normal -3.368926e-04 -1.892176e-01 9.819351e-01
    outer loop
      vertex   -2.509859e+00 -1.187941e+01 1.448296e+01
      vertex   -5.014473e+00 -1.179906e+01 1.449759e+01
      vertex   -4.997089e+00 -1.188930e+01 1.448020e+01
    endloop
  endfacet
  facet normal 4.209323e-04 -3.655406e-01 9.307953e-01
    outer loop
      vertex   -2.509859e+00 -1.187941e+01 1.448296e+01
      vertex   -4.997089e+00 -1.188930e+01 1.448020e+01
      vertex   -4.963482e+00 -1.197484e+01 1.444660e+01
    endloop
  endfacet
  facet normal 1.190161e-03 -3.826832e-01 9.238789e-01
    outer loop
      vertex   -2.509859e+00 -1.187941e+01 1.448296e+01
      vertex   -4.963482e+00 -1.197484e+01 1.444660e+01
      vertex   -2.509859e+00 -1.200000e+01 1.443301e+01
    endloop
  endfacet
  facet normal -7.433617e-04 -5.301922e-01 8.478772e-01
    outer loop
      vertex   -2.509859e+00 -1.200000e+01 1.443301e+01
      vertex   -4.963482e+00 -1.197484e+01 1.444660e+01
      vertex   -4.914786e+00 -1.205278e+01 1.439790e+01
    endloop
  endfacet
  facet normal 1.776976e-03 -6.087605e-01 7.933521e-01
    outer loop
      vertex   -2.509859e+00 -1.200000e+01 1.443301e+01
      vertex   -4.914786e+00 -1.205278e+01 1.439790e+01
      vertex   -2.509859e+00 -1.210355e+01 1.435355e+01
    endloop
  endfacet
  facet normal -7.018930e-04 -6.764810e-01 7.364598e-01
    outer loop
      vertex   -2.509859e+00 -1.210355e+01 1.435355e+01
      vertex   -4.914786e+00 -1.205278e+01 1.439790e+01
      vertex   -4.852648e+00 -1.212049e+01 1.433576e+01
    endloop
  endfacet
  facet normal 1.112820e-03 -7.933528e-01 6.087611e-01
    outer loop
      vertex   -2.509859e+00 -1.210355e+01 1.435355e+01
      vertex   -4.852648e+00 -1.212049e+01 1.433576e+01
      vertex   -2.509859e+00 -1.218301e+01 1.425000e+01
    endloop
  endfacet
  facet normal 6.721149e-04 -7.992389e-01 6.010131e-01
    outer loop
      vertex   -2.509859e+00 -1.218301e+01 1.425000e+01
      vertex   -4.852648e+00 -1.212049e+01 1.433576e+01
      vertex   -4.779166e+00 -1.217569e+01 1.426228e+01
    endloop
  endfacet
  facet normal -4.920809e-04 -8.961749e-01 4.437008e-01
    outer loop
      vertex   -2.509859e+00 -1.218301e+01 1.425000e+01
      vertex   -4.779166e+00 -1.217569e+01 1.426228e+01
      vertex   -4.696822e+00 -1.221650e+01 1.417994e+01
    endloop
  endfacet
  facet normal 1.886947e-03 -9.238779e-01 3.826828e-01
    outer loop
      vertex   -2.509859e+00 -1.218301e+01 1.425000e+01
      vertex   -4.696822e+00 -1.221650e+01 1.417994e+01
      vertex   -2.509859e+00 -1.223296e+01 1.412941e+01
    endloop
  endfacet
  facet normal -9.667721e-04 -9.623789e-01 2.717093e-01
    outer loop
      vertex   -2.509859e+00 -1.223296e+01 1.412941e+01
      vertex   -4.696822e+00 -1.221650e+01 1.417994e+01
      vertex   -4.608400e+00 -1.224155e+01 1.409151e+01
    endloop
  endfacet
  facet normal 8.531133e-04 -9.844037e-01 1.759220e-01
    outer loop
      vertex   -2.509859e+00 -1.223296e+01 1.412941e+01
      vertex   -4.608400e+00 -1.224155e+01 1.409151e+01
      vertex   4.516886e+00 -1.225000e+01 1.400000e+01
    endloop
  endfacet
  facet normal 0.000000e+00 -9.957680e-01 9.190312e-02
    outer loop
      vertex   4.516886e+00 -1.225000e+01 1.400000e+01
      vertex   -4.608400e+00 -1.224155e+01 1.409151e+01
      vertex   -4.516886e+00 -1.225000e+01 1.400000e+01
    endloop
  endfacet
  facet normal -2.373443e-03 -9.955452e-01 9.425600e-02
    outer loop
      vertex   4.608400e+00 -1.224155e+01 1.409151e+01
      vertex   2.509859e+00 -1.223296e+01 1.412941e+01
      vertex   4.516886e+00 -1.225000e+01 1.400000e+01
    endloop
  endfacet
  facet normal 0.000000e+00 -9.914449e-01 1.305262e-01
    outer loop
      vertex   4.516886e+00 -1.225000e+01 1.400000e+01
      vertex   2.509859e+00 -1.223296e+01 1.412941e+01
      vertex   5.551115e-16 -1.223296e+01 1.412941e+01
    endloop
  endfacet
  facet normal 0.000000e+00 -9.914449e-01 1.305262e-01
    outer loop
      vertex   4.516886e+00 -1.225000e+01 1.400000e+01
      vertex   5.551115e-16 -1.223296e+01 1.412941e+01
      vertex   -2.509859e+00 -1.223296e+01 1.412941e+01
    endloop
  endfacet
  facet normal 0.000000e+00 -9.238795e-01 3.826834e-01
    outer loop
      vertex   -2.509859e+00 -1.223296e+01 1.412941e+01
      vertex   5.551115e-16 -1.223296e+01 1.412941e+01
      vertex   -2.509859e+00 -1.218301e+01 1.425000e+01
    endloop
  endfacet
  facet normal 9.667721e-04 -9.623789e-01 2.717093e-01
    outer loop
      vertex   4.608400e+00 -1.224155e+01 1.409151e+01
      vertex   4.696822e+00 -1.221650e+01 1.417994e+01
      vertex   2.509859e+00 -1.223296e+01 1.412941e+01
    endloop
  endfacet
  facet normal -1.886947e-03 -9.238779e-01 3.826828e-01
    outer loop
      vertex   2.509859e+00 -1.223296e+01 1.412941e+01
      vertex   4.696822e+00 -1.221650e+01 1.417994e+01
      vertex   2.509859e+00 -1.218301e+01 1.425000e+01
    endloop
  endfacet
  facet normal 0.000000e+00 -9.238795e-01 3.826834e-01
    outer loop
      vertex   2.509859e+00 -1.223296e+01 1.412941e+01
      vertex   2.509859e+00 -1.218301e+01 1.425000e+01
      vertex   5.551115e-16 -1.218301e+01 1.425000e+01
    endloop
  endfacet
  facet normal 0.000000e+00 -7.933533e-01 6.087614e-01
    outer loop
      vertex   5.551115e-16 -1.218301e+01 1.425000e+01
      vertex   2.509859e+00 -1.218301e+01 1.425000e+01
      vertex   5.551115e-16 -1.210355e+01 1.435355e+01
    endloop
  endfacet
  facet normal 0.000000e+00 -7.933533e-01 6.087614e-01
    outer loop
      vertex   5.551115e-16 -1.218301e+01 1.425000e+01
      vertex   5.551115e-16 -1.210355e+01 1.435355e+01
      vertex   -2.509859e+00 -1.210355e+01 1.435355e+01
    endloop
  endfacet
  facet normal 0.000000e+00 -6.087614e-01 7.933533e-01
    outer loop
      vertex   -2.509859e+00 -1.210355e+01 1.435355e+01
      vertex   5.551115e-16 -1.210355e+01 1.435355e+01
      vertex   -2.509859e+00 -1.200000e+01 1.443301e+01
    endloop
  endfacet
  facet normal 4.920809e-04 -8.961749e-01 4.437008e-01
    outer loop
      vertex   4.696822e+00 -1.221650e+01 1.417994e+01
      vertex   4.779166e+00 -1.217569e+01 1.426228e+01
      vertex   2.509859e+00 -1.218301e+01 1.425000e+01
    endloop
  endfacet
  facet normal -6.721149e-04 -7.992389e-01 6.010131e-01
    outer loop
      vertex   2.509859e+00 -1.218301e+01 1.425000e+01
      vertex   4.779166e+00 -1.217569e+01 1.426228e+01
      vertex   4.852648e+00 -1.212049e+01 1.433576e+01
    endloop
  endfacet
  facet normal -1.112820e-03 -7.933528e-01 6.087611e-01
    outer loop
      vertex   2.509859e+00 -1.218301e+01 1.425000e+01
      vertex   4.852648e+00 -1.212049e+01 1.433576e+01
      vertex   2.509859e+00 -1.210355e+01 1.435355e+01
    endloop
  endfacet
  facet normal 7.018930e-04 -6.764810e-01 7.364598e-01
    outer loop
      vertex   2.509859e+00 -1.210355e+01 1.435355e+01
      vertex   4.852648e+00 -1.212049e+01 1.433576e+01
      vertex   4.914786e+00 -1.205278e+01 1.439790e+01
    endloop
  endfacet
  facet normal -1.776976e-03 -6.087605e-01 7.933521e-01
    outer loop
      vertex   2.509859e+00 -1.210355e+01 1.435355e+01
      vertex   4.914786e+00 -1.205278e+01 1.439790e+01
      vertex   2.509859e+00 -1.200000e+01 1.443301e+01
    endloop
  endfacet
  facet normal 7.433617e-04 -5.301922e-01 8.478772e-01
    outer loop
      vertex   2.509859e+00 -1.200000e+01 1.443301e+01
      vertex   4.914786e+00 -1.205278e+01 1.439790e+01
      vertex   4.963482e+00 -1.197484e+01 1.444660e+01
    endloop
  endfacet
  facet normal -1.190161e-03 -3.826832e-01 9.238789e-01
    outer loop
      vertex   2.509859e+00 -1.200000e+01 1.443301e+01
      vertex   4.963482e+00 -1.197484e+01 1.444660e+01
      vertex   2.509859e+00 -1.187941e+01 1.448296e+01
    endloop
  endfacet
  facet normal -4.209323e-04 -3.655406e-01 9.307953e-01
    outer loop
      vertex   2.509859e+00 -1.187941e+01 1.448296e+01
      vertex   4.963482e+00 -1.197484e+01 1.444660e+01
      vertex   4.997089e+00 -1.188930e+01 1.448020e+01
    endloop
  endfacet
  facet normal 3.368926e-04 -1.892176e-01 9.819351e-01
    outer loop
      vertex   2.509859e+00 -1.187941e+01 1.448296e+01
      vertex   4.997089e+00 -1.188930e+01 1.448020e+01
      vertex   5.014473e+00 -1.179906e+01 1.449759e+01
    endloop
  endfacet
  facet normal 0.000000e+00 -4.911451e-02 9.987932e-01
    outer loop
      vertex   5.019717e+00 -1.175000e+01 1.450000e+01
      vertex   -5.019717e+00 -1.175000e+01 1.450000e+01
      vertex   5.014473e+00 -1.179906e+01 1.449759e+01
    endloop
  endfacet
  facet normal -4.920063e-04 -1.492623e-01 9.887975e-01
    outer loop
      vertex   5.014473e+00 -1.179906e+01 1.449759e+01
      vertex   -5.019717e+00 -1.175000e+01 1.450000e+01
      vertex   5.551115e-16 -1.187941e+01 1.448296e+01
    endloop
  endfacet
  facet normal 0.000000e+00 -1.790630e-01 9.838376e-01
    outer loop
      vertex   5.014473e+00 -1.179906e+01 1.449759e+01
      vertex   5.551115e-16 -1.187941e+01 1.448296e+01
      vertex   2.509859e+00 -1.187941e+01 1.448296e+01
    endloop
  endfacet
  facet normal 0.000000e+00 -3.826834e-01 9.238795e-01
    outer loop
      vertex   2.509859e+00 -1.187941e+01 1.448296e+01
      vertex   5.551115e-16 -1.187941e+01 1.448296e+01
      vertex   2.509859e+00 -1.200000e+01 1.443301e+01
    endloop
  endfacet
  facet normal 0.000000e+00 -1.305262e-01 9.914449e-01
    outer loop
      vertex   5.551115e-16 -1.187941e+01 1.448296e+01
      vertex   -5.019717e+00 -1.175000e+01 1.450000e+01
      vertex   -2.509859e+00 -1.187941e+01 1.448296e+01
    endloop
  endfacet
  facet normal 0.000000e+00 -3.826834e-01 9.238795e-01
    outer loop
      vertex   5.551115e-16 -1.187941e+01 1.448296e+01
      vertex   -2.509859e+00 -1.187941e+01 1.448296e+01
      vertex   5.551115e-16 -1.200000e+01 1.443301e+01
    endloop
  endfacet
  facet normal 0.000000e+00 -3.826834e-01 9.238795e-01
    outer loop
      vertex   5.551115e-16 -1.200000e+01 1.443301e+01
      vertex   -2.509859e+00 -1.187941e+01 1.448296e+01
      vertex   -2.509859e+00 -1.200000e+01 1.443301e+01
    endloop
  endfacet
  facet normal 0.000000e+00 -6.087614e-01 7.933533e-01
    outer loop
      vertex   5.551115e-16 -1.200000e+01 1.443301e+01
      vertex   -2.509859e+00 -1.200000e+01 1.443301e+01
      vertex   5.551115e-16 -1.210355e+01 1.435355e+01
    endloop
  endfacet
  facet normal 0.000000e+00 -6.087614e-01 7.933533e-01
    outer loop
      vertex   2.509859e+00 -1.210355e+01 1.435355e+01
      vertex   2.509859e+00 -1.200000e+01 1.443301e+01
      vertex   5.551115e-16 -1.200000e+01 1.443301e+01
    endloop
  endfacet
  facet normal 0.000000e+00 -3.826834e-01 9.238795e-01
    outer loop
      vertex   5.551115e-16 -1.200000e+01 1.443301e+01
      vertex   2.509859e+00 -1.200000e+01 1.443301e+01
      vertex   5.551115e-16 -1.187941e+01 1.448296e+01
    endloop
  endfacet
  facet normal 0.000000e+00 -6.087614e-01 7.933533e-01
    outer loop
      vertex   2.509859e+00 -1.210355e+01 1.435355e+01
      vertex   5.551115e-16 -1.200000e+01 1.443301e+01
      vertex   5.551115e-16 -1.210355e+01 1.435355e+01
    endloop
  endfacet
  facet normal 0.000000e+00 -7.933533e-01 6.087614e-01
    outer loop
      vertex   2.509859e+00 -1.218301e+01 1.425000e+01
      vertex   2.509859e+00 -1.210355e+01 1.435355e+01
      vertex   5.551115e-16 -1.210355e+01 1.435355e+01
    endloop
  endfacet
  facet normal 0.000000e+00 -7.933533e-01 6.087614e-01
    outer loop
      vertex   -2.509859e+00 -1.210355e+01 1.435355e+01
      vertex   -2.509859e+00 -1.218301e+01 1.425000e+01
      vertex   5.551115e-16 -1.218301e+01 1.425000e+01
    endloop
  endfacet
  facet normal 0.000000e+00 -9.238795e-01 3.826834e-01
    outer loop
      vertex   5.551115e-16 -1.218301e+01 1.425000e+01
      vertex   -2.509859e+00 -1.218301e+01 1.425000e+01
      vertex   5.551115e-16 -1.223296e+01 1.412941e+01
    endloop
  endfacet
  facet normal 0.000000e+00 -9.238795e-01 3.826834e-01
    outer loop
      vertex   5.551115e-16 -1.218301e+01 1.425000e+01
      vertex   5.551115e-16 -1.223296e+01 1.412941e+01
      vertex   2.509859e+00 -1.223296e+01 1.412941e+01
    endloop
  endfacet
  facet normal -9.943352e-01 -1.062899e-01 5.210253e-17
    outer loop
      vertex   -5.014473e+00 -1.179906e+01 2.412235e-03
      vertex   -5.014473e+00 -1.179906e+01 1.449759e+01
      vertex   -5.019717e+00 -1.175000e+01 0.000000e+00
    endloop
  endfacet
  facet normal -9.863311e-01 -1.647752e-01 -2.007907e-04
    outer loop
      vertex   -5.019717e+00 -1.175000e+01 0.000000e+00
      vertex   -5.014473e+00 -1.179906e+01 1.449759e+01
      vertex   -5.075711e+00 -1.142366e+01 7.250000e+00
    endloop
  endfacet
  facet normal -9.843808e-01 -1.760522e-01 3.218768e-04
    outer loop
      vertex   -5.019717e+00 -1.175000e+01 0.000000e+00
      vertex   -5.075711e+00 -1.142366e+01 7.250000e+00
      vertex   -5.085442e+00 -1.138251e+01 0.000000e+00
    endloop
  endfacet
  facet normal -9.586503e-01 -2.845866e-01 -3.287175e-04
    outer loop
      vertex   -5.085442e+00 -1.138251e+01 0.000000e+00
      vertex   -5.075711e+00 -1.142366e+01 7.250000e+00
      vertex   -5.183956e+00 -1.105903e+01 7.250000e+00
    endloop
  endfacet
  facet normal -9.548932e-01 -2.969494e-01 2.739320e-04
    outer loop
      vertex   -5.085442e+00 -1.138251e+01 0.000000e+00
      vertex   -5.183956e+00 -1.105903e+01 7.250000e+00
      vertex   -5.196300e+00 -1.102602e+01 0.000000e+00
    endloop
  endfacet
  facet normal -9.149363e-01 -4.035983e-01 -2.796322e-04
    outer loop
      vertex   -5.196300e+00 -1.102602e+01 0.000000e+00
      vertex   -5.183956e+00 -1.105903e+01 7.250000e+00
      vertex   -5.337468e+00 -1.071103e+01 7.250000e+00
    endloop
  endfacet
  facet normal -9.106184e-01 -4.132481e-01 2.237062e-04
    outer loop
      vertex   -5.196300e+00 -1.102602e+01 0.000000e+00
      vertex   -5.337468e+00 -1.071103e+01 7.250000e+00
      vertex   -5.350576e+00 -1.068607e+01 0.000000e+00
    endloop
  endfacet
  facet normal -8.565149e-01 -5.161222e-01 -2.282661e-04
    outer loop
      vertex   -5.350576e+00 -1.068607e+01 0.000000e+00
      vertex   -5.337468e+00 -1.071103e+01 7.250000e+00
      vertex   -5.533779e+00 -1.038524e+01 7.250000e+00
    endloop
  endfacet
  facet normal -8.522422e-01 -5.231475e-01 1.711999e-04
    outer loop
      vertex   -5.350576e+00 -1.068607e+01 0.000000e+00
      vertex   -5.533779e+00 -1.038524e+01 7.250000e+00
      vertex   -5.545879e+00 -1.036790e+01 0.000000e+00
    endloop
  endfacet
  facet normal -7.843253e-01 -6.203497e-01 -1.746195e-04
    outer loop
      vertex   -5.545879e+00 -1.036790e+01 0.000000e+00
      vertex   -5.533779e+00 -1.038524e+01 7.250000e+00
      vertex   -5.769734e+00 -1.008692e+01 7.250000e+00
    endloop
  endfacet
  facet normal -7.806684e-01 -6.249455e-01 1.164132e-04
    outer loop
      vertex   -5.545879e+00 -1.036790e+01 0.000000e+00
      vertex   -5.769734e+00 -1.008692e+01 7.250000e+00
      vertex   -5.779186e+00 -1.007646e+01 0.000000e+00
    endloop
  endfacet
  facet normal -6.995280e-01 -7.146052e-01 -1.186928e-04
    outer loop
      vertex   -5.779186e+00 -1.007646e+01 0.000000e+00
      vertex   -5.769734e+00 -1.008692e+01 7.250000e+00
      vertex   -6.041540e+00 -9.820847e+00 7.250000e+00
    endloop
  endfacet
  facet normal -6.970054e-01 -7.170659e-01 5.934643e-05
    outer loop
      vertex   -5.779186e+00 -1.007646e+01 0.000000e+00
      vertex   -6.041540e+00 -9.820847e+00 7.250000e+00
      vertex   -6.046884e+00 -9.816253e+00 0.000000e+00
    endloop
  endfacet
  facet normal -6.025488e-01 -7.980820e-01 -6.162581e-05
    outer loop
      vertex   -6.046884e+00 -9.816253e+00 0.000000e+00
      vertex   -6.041540e+00 -9.820847e+00 7.250000e+00
      vertex   -6.344828e+00 -9.591307e+00 0.000000e+00
    endloop
  endfacet
  facet normal -6.043881e-01 -7.966900e-01 5.938783e-05
    outer loop
      vertex   -6.344828e+00 -9.591307e+00 0.000000e+00
      vertex   -6.041540e+00 -9.820847e+00 7.250000e+00
      vertex   -6.046884e+00 -9.816253e+00 1.450000e+01
    endloop
  endfacet
  facet normal -6.025488e-01 -7.980820e-01 0.000000e+00
    outer loop
      vertex   -6.344828e+00 -9.591307e+00 0.000000e+00
      vertex   -6.046884e+00 -9.816253e+00 1.450000e+01
      vertex   -6.344828e+00 -9.591307e+00 1.450000e+01
    endloop
  endfacet
  facet normal -9.943160e-01 -1.064299e-01 2.888729e-03
    outer loop
      vertex   -5.014473e+00 -1.179906e+01 1.449759e+01
      vertex   -5.019717e+00 -1.175000e+01 1.450000e+01
      vertex   -5.075711e+00 -1.142366e+01 7.250000e+00
    endloop
  endfacet
  facet normal -9.843808e-01 -1.760522e-01 -3.218768e-04
    outer loop
      vertex   -5.075711e+00 -1.142366e+01 7.250000e+00
      vertex   -5.019717e+00 -1.175000e+01 1.450000e+01
      vertex   -5.085442e+00 -1.138251e+01 1.450000e+01
    endloop
  endfacet
  facet normal -9.586503e-01 -2.845866e-01 3.287175e-04
    outer loop
      vertex   -5.075711e+00 -1.142366e+01 7.250000e+00
      vertex   -5.085442e+00 -1.138251e+01 1.450000e+01
      vertex   -5.183956e+00 -1.105903e+01 7.250000e+00
    endloop
  endfacet
  facet normal -9.548932e-01 -2.969494e-01 -2.739320e-04
    outer loop
      vertex   -5.183956e+00 -1.105903e+01 7.250000e+00
      vertex   -5.085442e+00 -1.138251e+01 1.450000e+01
      vertex   -5.196300e+00 -1.102602e+01 1.450000e+01
    endloop
  endfacet
  facet normal -9.149363e-01 -4.035983e-01 2.796322e-04
    outer loop
      vertex   -5.183956e+00 -1.105903e+01 7.250000e+00
      vertex   -5.196300e+00 -1.102602e+01 1.450000e+01
      vertex   -5.337468e+00 -1.071103e+01 7.250000e+00
    endloop
  endfacet
  facet normal -9.106184e-01 -4.132481e-01 -2.237062e-04
    outer loop
      vertex   -5.337468e+00 -1.071103e+01 7.250000e+00
      vertex   -5.196300e+00 -1.102602e+01 1.450000e+01
      vertex   -5.350576e+00 -1.068607e+01 1.450000e+01
    endloop
  endfacet
  facet normal -8.565149e-01 -5.161222e-01 2.282661e-04
    outer loop
      vertex   -5.337468e+00 -1.071103e+01 7.250000e+00
      vertex   -5.350576e+00 -1.068607e+01 1.450000e+01
      vertex   -5.533779e+00 -1.038524e+01 7.250000e+00
    endloop
  endfacet
  facet normal -8.522422e-01 -5.231475e-01 -1.711999e-04
    outer loop
      vertex   -5.533779e+00 -1.038524e+01 7.250000e+00
      vertex   -5.350576e+00 -1.068607e+01 1.450000e+01
      vertex   -5.545879e+00 -1.036790e+01 1.450000e+01
    endloop
  endfacet
  facet normal -7.843253e-01 -6.203497e-01 1.746195e-04
    outer loop
      vertex   -5.533779e+00 -1.038524e+01 7.250000e+00
      vertex   -5.545879e+00 -1.036790e+01 1.450000e+01
      vertex   -5.769734e+00 -1.008692e+01 7.250000e+00
    endloop
  endfacet
  facet normal -7.806684e-01 -6.249455e-01 -1.164132e-04
    outer loop
      vertex   -5.769734e+00 -1.008692e+01 7.250000e+00
      vertex   -5.545879e+00 -1.036790e+01 1.450000e+01
      vertex   -5.779186e+00 -1.007646e+01 1.450000e+01
    endloop
  endfacet
  facet normal -6.995280e-01 -7.146052e-01 1.186928e-04
    outer loop
      vertex   -5.769734e+00 -1.008692e+01 7.250000e+00
      vertex   -5.779186e+00 -1.007646e+01 1.450000e+01
      vertex   -6.041540e+00 -9.820847e+00 7.250000e+00
    endloop
  endfacet
  facet normal -6.970054e-01 -7.170659e-01 -5.934643e-05
    outer loop
      vertex   -6.041540e+00 -9.820847e+00 7.250000e+00
      vertex   -5.779186e+00 -1.007646e+01 1.450000e+01
      vertex   -6.046884e+00 -9.816253e+00 1.450000e+01
    endloop
  endfacet
  facet normal 0.000000e+00 0.000000e+00 1.000000e+00
    outer loop
      vertex   -1.047064e+01 7.846660e-01 1.450000e+01
      vertex   -1.147147e+01 8.095593e-01 1.450000e+01
      vertex   -1.050000e+01 -1.285879e-15 1.450000e+01
    endloop
  endfacet
  facet normal 0.000000e+00 0.000000e+00 1.000000e+00
    outer loop
      vertex   -1.050000e+01 -1.285879e-15 1.450000e+01
      vertex   -1.147147e+01 8.095593e-01 1.450000e+01
      vertex   -1.150000e+01 -1.408344e-15 1.450000e+01
    endloop
  endfacet
  facet normal 0.000000e+00 0.000000e+00 1.000000e+00
    outer loop
      vertex   -1.050000e+01 -1.285879e-15 1.450000e+01
      vertex   -1.150000e+01 -1.408344e-15 1.450000e+01
      vertex   -1.147147e+01 -8.095593e-01 1.450000e+01
    endloop
  endfacet
  facet normal -0.000000e+00 0.000000e+00 1.000000e+00
    outer loop
      vertex   -1.147147e+01 8.095593e-01 1.450000e+01
      vertex   -1.047064e+01 7.846660e-01 1.450000e+01
      vertex   -1.138602e+01 1.615102e+00 1.450000e+01
    endloop
  endfacet
  facet normal 0.000000e+00 0.000000e+00 1.000000e+00
    outer loop
      vertex   -1.138602e+01 1.615102e+00 1.450000e+01
      vertex   -1.047064e+01 7.846660e-01 1.450000e+01
      vertex   -1.038272e+01 1.564944e+00 1.450000e+01
    endloop
  endfacet
  facet normal -0.000000e+00 0.000000e+00 1.000000e+00
    outer loop
      vertex   -1.138602e+01 1.615102e+00 1.450000e+01
      vertex   -1.038272e+01 1.564944e+00 1.450000e+01
      vertex   -1.124407e+01 2.412630e+00 1.450000e+01
    endloop
  endfacet
  facet normal 0.000000e+00 0.000000e+00 1.000000e+00
    outer loop
      vertex   -1.124407e+01 2.412630e+00 1.450000e+01
      vertex   -1.038272e+01 1.564944e+00 1.450000e+01
      vertex   -1.023674e+01 2.336470e+00 1.450000e+01
    endloop
  endfacet
  facet normal -0.000000e+00 0.000000e+00 1.000000e+00
    outer loop
      vertex   -1.124407e+01 2.412630e+00 1.450000e+01
      vertex   -1.023674e+01 2.336470e+00 1.450000e+01
      vertex   -1.104634e+01 3.198188e+00 1.450000e+01
    endloop
  endfacet
  facet normal 0.000000e+00 0.000000e+00 1.000000e+00
    outer loop
      vertex   -1.104634e+01 3.198188e+00 1.450000e+01
      vertex   -1.023674e+01 2.336470e+00 1.450000e+01
      vertex   -1.003351e+01 3.094929e+00 1.450000e+01
    endloop
  endfacet
  facet normal -0.000000e+00 0.000000e+00 1.000000e+00
    outer loop
      vertex   -1.104634e+01 3.198188e+00 1.450000e+01
      vertex   -1.003351e+01 3.094929e+00 1.450000e+01
      vertex   -1.079379e+01 3.967876e+00 1.450000e+01
    endloop
  endfacet
  facet normal 0.000000e+00 0.000000e+00 1.000000e+00
    outer loop
      vertex   -1.079379e+01 3.967876e+00 1.450000e+01
      vertex   -1.003351e+01 3.094929e+00 1.450000e+01
      vertex   -9.774174e+00 3.836081e+00 1.450000e+01
    endloop
  endfacet
  facet normal -0.000000e+00 0.000000e+00 1.000000e+00
    outer loop
      vertex   -1.079379e+01 3.967876e+00 1.450000e+01
      vertex   -9.774174e+00 3.836081e+00 1.450000e+01
      vertex   -1.048769e+01 4.717877e+00 1.450000e+01
    endloop
  endfacet
  facet normal 0.000000e+00 0.000000e+00 1.000000e+00
    outer loop
      vertex   -1.048769e+01 4.717877e+00 1.450000e+01
      vertex   -9.774174e+00 3.836081e+00 1.450000e+01
      vertex   -9.460173e+00 4.555779e+00 1.450000e+01
    endloop
  endfacet
  facet normal -0.000000e+00 0.000000e+00 1.000000e+00
    outer loop
      vertex   -1.048769e+01 4.717877e+00 1.450000e+01
      vertex   -9.460173e+00 4.555779e+00 1.450000e+01
      vertex   -1.012955e+01 5.444469e+00 1.450000e+01
    endloop
  endfacet
  facet normal 0.000000e+00 0.000000e+00 1.000000e+00
    outer loop
      vertex   -1.012955e+01 5.444469e+00 1.450000e+01
      vertex   -9.460173e+00 4.555779e+00 1.450000e+01
      vertex   -9.093267e+00 5.250000e+00 1.450000e+01
    endloop
  endfacet
  facet normal -0.000000e+00 0.000000e+00 1.000000e+00
    outer loop
      vertex   -1.012955e+01 5.444469e+00 1.450000e+01
      vertex   -9.093267e+00 5.250000e+00 1.450000e+01
      vertex   -9.721147e+00 6.144046e+00 1.450000e+01
    endloop
  endfacet
  facet normal 0.000000e+00 0.000000e+00 1.000000e+00
    outer loop
      vertex   -9.721147e+00 6.144046e+00 1.450000e+01
      vertex   -9.093267e+00 5.250000e+00 1.450000e+01
      vertex   -8.675507e+00 5.914861e+00 1.450000e+01
    endloop
  endfacet
  facet normal -0.000000e+00 0.000000e+00 1.000000e+00
    outer loop
      vertex   -9.721147e+00 6.144046e+00 1.450000e+01
      vertex   -8.675507e+00 5.914861e+00 1.450000e+01
      vertex   -9.264511e+00 6.813138e+00 1.450000e+01
    endloop
  endfacet
  facet normal 0.000000e+00 0.000000e+00 1.000000e+00
    outer loop
      vertex   -9.264511e+00 6.813138e+00 1.450000e+01
      vertex   -8.675507e+00 5.914861e+00 1.450000e+01
      vertex   -8.209231e+00 6.546643e+00 1.450000e+01
    endloop
  endfacet
  facet normal -0.000000e+00 0.000000e+00 1.000000e+00
    outer loop
      vertex   -9.264511e+00 6.813138e+00 1.450000e+01
      vertex   -8.209231e+00 6.546643e+00 1.450000e+01
      vertex   -8.761905e+00 7.448423e+00 1.450000e+01
    endloop
  endfacet
  facet normal 0.000000e+00 0.000000e+00 1.000000e+00
    outer loop
      vertex   -8.761905e+00 7.448423e+00 1.450000e+01
      vertex   -8.209231e+00 6.546643e+00 1.450000e+01
      vertex   -7.697045e+00 7.141814e+00 1.450000e+01
    endloop
  endfacet
  facet normal -0.000000e+00 0.000000e+00 1.000000e+00
    outer loop
      vertex   -8.761905e+00 7.448423e+00 1.450000e+01
      vertex   -7.697045e+00 7.141814e+00 1.450000e+01
      vertex   -8.215825e+00 8.046752e+00 1.450000e+01
    endloop
  endfacet
  facet normal 0.000000e+00 0.000000e+00 1.000000e+00
    outer loop
      vertex   -8.215825e+00 8.046752e+00 1.450000e+01
      vertex   -7.697045e+00 7.141814e+00 1.450000e+01
      vertex   -7.141814e+00 7.697045e+00 1.450000e+01
    endloop
  endfacet
  facet normal -0.000000e+00 0.000000e+00 1.000000e+00
    outer loop
      vertex   -8.215825e+00 8.046752e+00 1.450000e+01
      vertex   -7.141814e+00 7.697045e+00 1.450000e+01
      vertex   -7.628980e+00 8.605154e+00 1.450000e+01
    endloop
  endfacet
  facet normal 0.000000e+00 0.000000e+00 1.000000e+00
    outer loop
      vertex   -7.628980e+00 8.605154e+00 1.450000e+01
      vertex   -7.141814e+00 7.697045e+00 1.450000e+01
      vertex   -6.546643e+00 8.209231e+00 1.450000e+01
    endloop
  endfacet
  facet normal -0.000000e+00 0.000000e+00 1.000000e+00
    outer loop
      vertex   -7.628980e+00 8.605154e+00 1.450000e+01
      vertex   -6.546643e+00 8.209231e+00 1.450000e+01
      vertex   -7.004281e+00 9.120858e+00 1.450000e+01
    endloop
  endfacet
  facet normal 0.000000e+00 0.000000e+00 1.000000e+00
    outer loop
      vertex   -7.004281e+00 9.120858e+00 1.450000e+01
      vertex   -6.546643e+00 8.209231e+00 1.450000e+01
      vertex   -5.914861e+00 8.675507e+00 1.450000e+01
    endloop
  endfacet
  facet normal -0.000000e+00 0.000000e+00 1.000000e+00
    outer loop
      vertex   -7.004281e+00 9.120858e+00 1.450000e+01
      vertex   -5.914861e+00 8.675507e+00 1.450000e+01
      vertex   -6.344828e+00 9.591307e+00 1.450000e+01
    endloop
  endfacet
  facet normal -0.000000e+00 0.000000e+00 1.000000e+00
    outer loop
      vertex   -6.344828e+00 9.591307e+00 1.450000e+01
      vertex   -5.914861e+00 8.675507e+00 1.450000e+01
      vertex   -6.046884e+00 9.816253e+00 1.450000e+01
    endloop
  endfacet
  facet normal 0.000000e+00 0.000000e+00 1.000000e+00
    outer loop
      vertex   -6.046884e+00 9.816253e+00 1.450000e+01
      vertex   -5.914861e+00 8.675507e+00 1.450000e+01
      vertex   -5.250000e+00 9.093267e+00 1.450000e+01
    endloop
  endfacet
  facet normal -0.000000e+00 0.000000e+00 1.000000e+00
    outer loop
      vertex   -6.046884e+00 9.816253e+00 1.450000e+01
      vertex   -5.250000e+00 9.093267e+00 1.450000e+01
      vertex   -5.779186e+00 1.007646e+01 1.450000e+01
    endloop
  endfacet
  facet normal 0.000000e+00 0.000000e+00 1.000000e+00
    outer loop
      vertex   -5.779186e+00 1.007646e+01 1.450000e+01
      vertex   -5.250000e+00 9.093267e+00 1.450000e+01
      vertex   -4.555779e+00 9.460173e+00 1.450000e+01
    endloop
  endfacet
  facet normal -0.000000e+00 0.000000e+00 1.000000e+00
    outer loop
      vertex   -5.779186e+00 1.007646e+01 1.450000e+01
      vertex   -4.555779e+00 9.460173e+00 1.450000e+01
      vertex   -5.545879e+00 1.036790e+01 1.450000e+01
    endloop
  endfacet
  facet normal -0.000000e+00 0.000000e+00 1.000000e+00
    outer loop
      vertex   -5.545879e+00 1.036790e+01 1.450000e+01
      vertex   -4.555779e+00 9.460173e+00 1.450000e+01
      vertex   -5.350576e+00 1.068607e+01 1.450000e+01
    endloop
  endfacet
  facet normal 0.000000e+00 0.000000e+00 1.000000e+00
    outer loop
      vertex   -5.350576e+00 1.068607e+01 1.450000e+01
      vertex   -4.555779e+00 9.460173e+00 1.450000e+01
      vertex   -3.836081e+00 9.774174e+00 1.450000e+01
    endloop
  endfacet
  facet normal -0.000000e+00 0.000000e+00 1.000000e+00
    outer loop
      vertex   -5.350576e+00 1.068607e+01 1.450000e+01
      vertex   -3.836081e+00 9.774174e+00 1.450000e+01
      vertex   -5.196300e+00 1.102602e+01 1.450000e+01
    endloop
  endfacet
  facet normal -0.000000e+00 0.000000e+00 1.000000e+00
    outer loop
      vertex   -5.196300e+00 1.102602e+01 1.450000e+01
      vertex   -3.836081e+00 9.774174e+00 1.450000e+01
      vertex   -5.085442e+00 1.138251e+01 1.450000e+01
    endloop
  endfacet
  facet normal 0.000000e+00 0.000000e+00 1.000000e+00
    outer loop
      vertex   -5.085442e+00 1.138251e+01 1.450000e+01
      vertex   -3.836081e+00 9.774174e+00 1.450000e+01
      vertex   -3.094929e+00 1.003351e+01 1.450000e+01
    endloop
  endfacet
  facet normal -0.000000e+00 0.000000e+00 1.000000e+00
    outer loop
      vertex   -5.085442e+00 1.138251e+01 1.450000e+01
      vertex   -3.094929e+00 1.003351e+01 1.450000e+01
      vertex   -5.019717e+00 1.175000e+01 1.450000e+01
    endloop
  endfacet
  facet normal 0.000000e+00 0.000000e+00 1.000000e+00
    outer loop
      vertex   -5.019717e+00 1.175000e+01 1.450000e+01
      vertex   -3.094929e+00 1.003351e+01 1.450000e+01
      vertex   -2.336470e+00 1.023674e+01 1.450000e+01
    endloop
  endfacet
  facet normal 0.000000e+00 0.000000e+00 1.000000e+00
    outer loop
      vertex   -5.019717e+00 1.175000e+01 1.450000e+01
      vertex   -2.336470e+00 1.023674e+01 1.450000e+01
      vertex   -1.564944e+00 1.038272e+01 1.450000e+01
    endloop
  endfacet
  facet normal 0.000000e+00 -0.000000e+00 1.000000e+00
    outer loop
      vertex   -1.564944e+00 1.038272e+01 1.450000e+01
      vertex   -7.846660e-01 1.047064e+01 1.450000e+01
      vertex   -5.019717e+00 1.175000e+01 1.450000e+01
    endloop
  endfacet
  facet normal 0.000000e+00 0.000000e+00 1.000000e+00
    outer loop
      vertex   -5.019717e+00 1.175000e+01 1.450000e+01
      vertex   -7.846660e-01 1.047064e+01 1.450000e+01
      vertex   6.429396e-16 1.050000e+01 1.450000e+01
    endloop
  endfacet
  facet normal -0.000000e+00 0.000000e+00 1.000000e+00
    outer loop
      vertex   -5.019717e+00 1.175000e+01 1.450000e+01
      vertex   6.429396e-16 1.050000e+01 1.450000e+01
      vertex   5.019717e+00 1.175000e+01 1.450000e+01
    endloop
  endfacet
  facet normal 0.000000e+00 0.000000e+00 1.000000e+00
    outer loop
      vertex   5.019717e+00 1.175000e+01 1.450000e+01
      vertex   6.429396e-16 1.050000e+01 1.450000e+01
      vertex   7.846660e-01 1.047064e+01 1.450000e+01
    endloop
  endfacet
  facet normal 0.000000e+00 0.000000e+00 1.000000e+00
    outer loop
      vertex   5.019717e+00 1.175000e+01 1.450000e+01
      vertex   7.846660e-01 1.047064e+01 1.450000e+01
      vertex   1.564944e+00 1.038272e+01 1.450000e+01
    endloop
  endfacet
  facet normal -0.000000e+00 0.000000e+00 1.000000e+00
    outer loop
      vertex   1.564944e+00 1.038272e+01 1.450000e+01
      vertex   2.336470e+00 1.023674e+01 1.450000e+01
      vertex   5.019717e+00 1.175000e+01 1.450000e+01
    endloop
  endfacet
  facet normal 0.000000e+00 0.000000e+00 1.000000e+00
    outer loop
      vertex   5.019717e+00 1.175000e+01 1.450000e+01
      vertex   2.336470e+00 1.023674e+01 1.450000e+01
      vertex   3.094929e+00 1.003351e+01 1.450000e+01
    endloop
  endfacet
  facet normal 0.000000e+00 0.000000e+00 1.000000e+00
    outer loop
      vertex   5.019717e+00 1.175000e+01 1.450000e+01
      vertex   3.094929e+00 1.003351e+01 1.450000e+01
      vertex   5.085442e+00 1.138251e+01 1.450000e+01
    endloop
  endfacet
  facet normal 0.000000e+00 0.000000e+00 1.000000e+00
    outer loop
      vertex   5.085442e+00 1.138251e+01 1.450000e+01
      vertex   3.094929e+00 1.003351e+01 1.450000e+01
      vertex   3.836081e+00 9.774174e+00 1.450000e+01
    endloop
  endfacet
  facet normal 0.000000e+00 0.000000e+00 1.000000e+00
    outer loop
      vertex   5.085442e+00 1.138251e+01 1.450000e+01
      vertex   3.836081e+00 9.774174e+00 1.450000e+01
      vertex   5.196300e+00 1.102602e+01 1.450000e+01
    endloop
  endfacet
  facet normal 0.000000e+00 0.000000e+00 1.000000e+00
    outer loop
      vertex   5.196300e+00 1.102602e+01 1.450000e+01
      vertex   3.836081e+00 9.774174e+00 1.450000e+01
      vertex   5.350576e+00 1.068607e+01 1.450000e+01
    endloop
  endfacet
  facet normal 0.000000e+00 0.000000e+00 1.000000e+00
    outer loop
      vertex   5.350576e+00 1.068607e+01 1.450000e+01
      vertex   3.836081e+00 9.774174e+00 1.450000e+01
      vertex   4.555779e+00 9.460173e+00 1.450000e+01
    endloop
  endfacet
  facet normal 0.000000e+00 0.000000e+00 1.000000e+00
    outer loop
      vertex   5.350576e+00 1.068607e+01 1.450000e+01
      vertex   4.555779e+00 9.460173e+00 1.450000e+01
      vertex   5.545879e+00 1.036790e+01 1.450000e+01
    endloop
  endfacet
  facet normal 0.000000e+00 0.000000e+00 1.000000e+00
    outer loop
      vertex   5.545879e+00 1.036790e+01 1.450000e+01
      vertex   4.555779e+00 9.460173e+00 1.450000e+01
      vertex   5.779186e+00 1.007646e+01 1.450000e+01
    endloop
  endfacet
  facet normal 0.000000e+00 0.000000e+00 1.000000e+00
    outer loop
      vertex   5.779186e+00 1.007646e+01 1.450000e+01
      vertex   4.555779e+00 9.460173e+00 1.450000e+01
      vertex   5.250000e+00 9.093267e+00 1.450000e+01
    endloop
  endfacet
  facet normal 0.000000e+00 0.000000e+00 1.000000e+00
    outer loop
      vertex   5.779186e+00 1.007646e+01 1.450000e+01
      vertex   5.250000e+00 9.093267e+00 1.450000e+01
      vertex   6.046884e+00 9.816253e+00 1.450000e+01
    endloop
  endfacet
  facet normal 0.000000e+00 0.000000e+00 1.000000e+00
    outer loop
      vertex   6.046884e+00 9.816253e+00 1.450000e+01
      vertex   5.250000e+00 9.093267e+00 1.450000e+01
      vertex   5.914861e+00 8.675507e+00 1.450000e+01
    endloop
  endfacet
  facet normal 0.000000e+00 0.000000e+00 1.000000e+00
    outer loop
      vertex   6.046884e+00 9.816253e+00 1.450000e+01
      vertex   5.914861e+00 8.675507e+00 1.450000e+01
      vertex   6.344828e+00 9.591307e+00 1.450000e+01
    endloop
  endfacet
  facet normal 0.000000e+00 0.000000e+00 1.000000e+00
    outer loop
      vertex   6.344828e+00 9.591307e+00 1.450000e+01
      vertex   5.914861e+00 8.675507e+00 1.450000e+01
      vertex   6.973470e+00 9.144436e+00 1.450000e+01
    endloop
  endfacet
  facet normal 0.000000e+00 0.000000e+00 1.000000e+00
    outer loop
      vertex   6.973470e+00 9.144436e+00 1.450000e+01
      vertex   5.914861e+00 8.675507e+00 1.450000e+01
      vertex   6.546643e+00 8.209231e+00 1.450000e+01
    endloop
  endfacet
  facet normal 0.000000e+00 0.000000e+00 1.000000e+00
    outer loop
      vertex   6.973470e+00 9.144436e+00 1.450000e+01
      vertex   6.546643e+00 8.209231e+00 1.450000e+01
      vertex   7.570744e+00 8.656433e+00 1.450000e+01
    endloop
  endfacet
  facet normal 0.000000e+00 0.000000e+00 1.000000e+00
    outer loop
      vertex   7.570744e+00 8.656433e+00 1.450000e+01
      vertex   6.546643e+00 8.209231e+00 1.450000e+01
      vertex   7.141814e+00 7.697045e+00 1.450000e+01
    endloop
  endfacet
  facet normal 0.000000e+00 0.000000e+00 1.000000e+00
    outer loop
      vertex   7.570744e+00 8.656433e+00 1.450000e+01
      vertex   7.141814e+00 7.697045e+00 1.450000e+01
      vertex   8.133964e+00 8.129491e+00 1.450000e+01
    endloop
  endfacet
  facet normal 0.000000e+00 0.000000e+00 1.000000e+00
    outer loop
      vertex   8.133964e+00 8.129491e+00 1.450000e+01
      vertex   7.141814e+00 7.697045e+00 1.450000e+01
      vertex   7.697045e+00 7.141814e+00 1.450000e+01
    endloop
  endfacet
  facet normal 0.000000e+00 0.000000e+00 1.000000e+00
    outer loop
      vertex   8.133964e+00 8.129491e+00 1.450000e+01
      vertex   7.697045e+00 7.141814e+00 1.450000e+01
      vertex   8.660596e+00 7.565981e+00 1.450000e+01
    endloop
  endfacet
  facet normal 0.000000e+00 0.000000e+00 1.000000e+00
    outer loop
      vertex   8.660596e+00 7.565981e+00 1.450000e+01
      vertex   7.697045e+00 7.141814e+00 1.450000e+01
      vertex   8.209231e+00 6.546643e+00 1.450000e+01
    endloop
  endfacet
  facet normal 0.000000e+00 0.000000e+00 1.000000e+00
    outer loop
      vertex   8.660596e+00 7.565981e+00 1.450000e+01
      vertex   8.209231e+00 6.546643e+00 1.450000e+01
      vertex   9.148271e+00 6.968438e+00 1.450000e+01
    endloop
  endfacet
  facet normal 0.000000e+00 0.000000e+00 1.000000e+00
    outer loop
      vertex   9.148271e+00 6.968438e+00 1.450000e+01
      vertex   8.209231e+00 6.546643e+00 1.450000e+01
      vertex   8.675507e+00 5.914861e+00 1.450000e+01
    endloop
  endfacet
  facet normal 0.000000e+00 0.000000e+00 1.000000e+00
    outer loop
      vertex   9.148271e+00 6.968438e+00 1.450000e+01
      vertex   8.675507e+00 5.914861e+00 1.450000e+01
      vertex   9.594796e+00 6.339550e+00 1.450000e+01
    endloop
  endfacet
  facet normal 0.000000e+00 0.000000e+00 1.000000e+00
    outer loop
      vertex   9.594796e+00 6.339550e+00 1.450000e+01
      vertex   8.675507e+00 5.914861e+00 1.450000e+01
      vertex   9.093267e+00 5.250000e+00 1.450000e+01
    endloop
  endfacet
  facet normal 0.000000e+00 0.000000e+00 1.000000e+00
    outer loop
      vertex   9.594796e+00 6.339550e+00 1.450000e+01
      vertex   9.093267e+00 5.250000e+00 1.450000e+01
      vertex   9.998161e+00 5.682146e+00 1.450000e+01
    endloop
  endfacet
  facet normal 0.000000e+00 0.000000e+00 1.000000e+00
    outer loop
      vertex   9.998161e+00 5.682146e+00 1.450000e+01
      vertex   9.093267e+00 5.250000e+00 1.450000e+01
      vertex   9.460173e+00 4.555779e+00 1.450000e+01
    endloop
  endfacet
  facet normal 0.000000e+00 0.000000e+00 1.000000e+00
    outer loop
      vertex   9.998161e+00 5.682146e+00 1.450000e+01
      vertex   9.460173e+00 4.555779e+00 1.450000e+01
      vertex   1.035655e+01 4.999182e+00 1.450000e+01
    endloop
  endfacet
  facet normal 0.000000e+00 0.000000e+00 1.000000e+00
    outer loop
      vertex   1.035655e+01 4.999182e+00 1.450000e+01
      vertex   9.460173e+00 4.555779e+00 1.450000e+01
      vertex   1.066836e+01 4.293731e+00 1.450000e+01
    endloop
  endfacet
  facet normal 0.000000e+00 0.000000e+00 1.000000e+00
    outer loop
      vertex   1.066836e+01 4.293731e+00 1.450000e+01
      vertex   9.460173e+00 4.555779e+00 1.450000e+01
      vertex   9.774174e+00 3.836081e+00 1.450000e+01
    endloop
  endfacet
  facet normal 0.000000e+00 0.000000e+00 1.000000e+00
    outer loop
      vertex   1.066836e+01 4.293731e+00 1.450000e+01
      vertex   9.774174e+00 3.836081e+00 1.450000e+01
      vertex   1.093218e+01 3.568966e+00 1.450000e+01
    endloop
  endfacet
  facet normal 0.000000e+00 0.000000e+00 1.000000e+00
    outer loop
      vertex   1.093218e+01 3.568966e+00 1.450000e+01
      vertex   9.774174e+00 3.836081e+00 1.450000e+01
      vertex   1.003351e+01 3.094929e+00 1.450000e+01
    endloop
  endfacet
  facet normal 0.000000e+00 0.000000e+00 1.000000e+00
    outer loop
      vertex   1.093218e+01 3.568966e+00 1.450000e+01
      vertex   1.003351e+01 3.094929e+00 1.450000e+01
      vertex   1.115537e+01 2.794220e+00 1.450000e+01
    endloop
  endfacet
  facet normal 0.000000e+00 0.000000e+00 1.000000e+00
    outer loop
      vertex   1.115537e+01 2.794220e+00 1.450000e+01
      vertex   1.003351e+01 3.094929e+00 1.450000e+01
      vertex   1.023674e+01 2.336470e+00 1.450000e+01
    endloop
  endfacet
  facet normal 0.000000e+00 0.000000e+00 1.000000e+00
    outer loop
      vertex   1.115537e+01 2.794220e+00 1.450000e+01
      vertex   1.023674e+01 2.336470e+00 1.450000e+01
      vertex   1.132374e+01 2.005740e+00 1.450000e+01
    endloop
  endfacet
  facet normal 0.000000e+00 0.000000e+00 1.000000e+00
    outer loop
      vertex   1.132374e+01 2.005740e+00 1.450000e+01
      vertex   1.023674e+01 2.336470e+00 1.450000e+01
      vertex   1.038272e+01 1.564944e+00 1.450000e+01
    endloop
  endfacet
  facet normal 0.000000e+00 0.000000e+00 1.000000e+00
    outer loop
      vertex   1.132374e+01 2.005740e+00 1.450000e+01
      vertex   1.038272e+01 1.564944e+00 1.450000e+01
      vertex   1.143644e+01 1.207401e+00 1.450000e+01
    endloop
  endfacet
  facet normal 0.000000e+00 0.000000e+00 1.000000e+00
    outer loop
      vertex   1.143644e+01 1.207401e+00 1.450000e+01
      vertex   1.038272e+01 1.564944e+00 1.450000e+01
      vertex   1.047064e+01 7.846660e-01 1.450000e+01
    endloop
  endfacet
  facet normal 0.000000e+00 0.000000e+00 1.000000e+00
    outer loop
      vertex   1.143644e+01 1.207401e+00 1.450000e+01
      vertex   1.047064e+01 7.846660e-01 1.450000e+01
      vertex   1.149293e+01 4.031275e-01 1.450000e+01
    endloop
  endfacet
  facet normal 0.000000e+00 0.000000e+00 1.000000e+00
    outer loop
      vertex   1.149293e+01 4.031275e-01 1.450000e+01
      vertex   1.047064e+01 7.846660e-01 1.450000e+01
      vertex   1.050000e+01 0.000000e+00 1.450000e+01
    endloop
  endfacet
  facet normal 0.000000e+00 0.000000e+00 1.000000e+00
    outer loop
      vertex   1.149293e+01 4.031275e-01 1.450000e+01
      vertex   1.050000e+01 0.000000e+00 1.450000e+01
      vertex   1.149293e+01 -4.031275e-01 1.450000e+01
    endloop
  endfacet
  facet normal 0.000000e+00 0.000000e+00 1.000000e+00
    outer loop
      vertex   1.149293e+01 -4.031275e-01 1.450000e+01
      vertex   1.050000e+01 0.000000e+00 1.450000e+01
      vertex   1.047064e+01 -7.846660e-01 1.450000e+01
    endloop
  endfacet
  facet normal 0.000000e+00 0.000000e+00 1.000000e+00
    outer loop
      vertex   1.149293e+01 -4.031275e-01 1.450000e+01
      vertex   1.047064e+01 -7.846660e-01 1.450000e+01
      vertex   1.143644e+01 -1.207401e+00 1.450000e+01
    endloop
  endfacet
  facet normal 0.000000e+00 0.000000e+00 1.000000e+00
    outer loop
      vertex   1.143644e+01 -1.207401e+00 1.450000e+01
      vertex   1.047064e+01 -7.846660e-01 1.450000e+01
      vertex   1.038272e+01 -1.564944e+00 1.450000e+01
    endloop
  endfacet
  facet normal 0.000000e+00 0.000000e+00 1.000000e+00
    outer loop
      vertex   1.143644e+01 -1.207401e+00 1.450000e+01
      vertex   1.038272e+01 -1.564944e+00 1.450000e+01
      vertex   1.132374e+01 -2.005740e+00 1.450000e+01
    endloop
  endfacet
  facet normal 0.000000e+00 0.000000e+00 1.000000e+00
    outer loop
      vertex   1.132374e+01 -2.005740e+00 1.450000e+01
      vertex   1.038272e+01 -1.564944e+00 1.450000e+01
      vertex   1.023674e+01 -2.336470e+00 1.450000e+01
    endloop
  endfacet
  facet normal 0.000000e+00 0.000000e+00 1.000000e+00
    outer loop
      vertex   1.132374e+01 -2.005740e+00 1.450000e+01
      vertex   1.023674e+01 -2.336470e+00 1.450000e+01
      vertex   1.115537e+01 -2.794220e+00 1.450000e+01
    endloop
  endfacet
  facet normal 0.000000e+00 0.000000e+00 1.000000e+00
    outer loop
      vertex   1.115537e+01 -2.794220e+00 1.450000e+01
      vertex   1.023674e+01 -2.336470e+00 1.450000e+01
      vertex   1.003351e+01 -3.094929e+00 1.450000e+01
    endloop
  endfacet
  facet normal 0.000000e+00 0.000000e+00 1.000000e+00
    outer loop
      vertex   1.115537e+01 -2.794220e+00 1.450000e+01
      vertex   1.003351e+01 -3.094929e+00 1.450000e+01
      vertex   1.093218e+01 -3.568966e+00 1.450000e+01
    endloop
  endfacet
  facet normal 0.000000e+00 0.000000e+00 1.000000e+00
    outer loop
      vertex   1.093218e+01 -3.568966e+00 1.450000e+01
      vertex   1.003351e+01 -3.094929e+00 1.450000e+01
      vertex   9.774174e+00 -3.836081e+00 1.450000e+01
    endloop
  endfacet
  facet normal 0.000000e+00 0.000000e+00 1.000000e+00
    outer loop
      vertex   1.093218e+01 -3.568966e+00 1.450000e+01
      vertex   9.774174e+00 -3.836081e+00 1.450000e+01
      vertex   1.066836e+01 -4.293731e+00 1.450000e+01
    endloop
  endfacet
  facet normal 0.000000e+00 0.000000e+00 1.000000e+00
    outer loop
      vertex   1.066836e+01 -4.293731e+00 1.450000e+01
      vertex   9.774174e+00 -3.836081e+00 1.450000e+01
      vertex   9.460173e+00 -4.555779e+00 1.450000e+01
    endloop
  endfacet
  facet normal 0.000000e+00 0.000000e+00 1.000000e+00
    outer loop
      vertex   1.066836e+01 -4.293731e+00 1.450000e+01
      vertex   9.460173e+00 -4.555779e+00 1.450000e+01
      vertex   1.035655e+01 -4.999182e+00 1.450000e+01
    endloop
  endfacet
  facet normal 0.000000e+00 0.000000e+00 1.000000e+00
    outer loop
      vertex   1.035655e+01 -4.999182e+00 1.450000e+01
      vertex   9.460173e+00 -4.555779e+00 1.450000e+01
      vertex   9.998161e+00 -5.682146e+00 1.450000e+01
    endloop
  endfacet
  facet normal 0.000000e+00 0.000000e+00 1.000000e+00
    outer loop
      vertex   9.998161e+00 -5.682146e+00 1.450000e+01
      vertex   9.460173e+00 -4.555779e+00 1.450000e+01
      vertex   9.093267e+00 -5.250000e+00 1.450000e+01
    endloop
  endfacet
  facet normal 0.000000e+00 0.000000e+00 1.000000e+00
    outer loop
      vertex   9.998161e+00 -5.682146e+00 1.450000e+01
      vertex   9.093267e+00 -5.250000e+00 1.450000e+01
      vertex   9.594796e+00 -6.339550e+00 1.450000e+01
    endloop
  endfacet
  facet normal 0.000000e+00 0.000000e+00 1.000000e+00
    outer loop
      vertex   9.594796e+00 -6.339550e+00 1.450000e+01
      vertex   9.093267e+00 -5.250000e+00 1.450000e+01
      vertex   8.675507e+00 -5.914861e+00 1.450000e+01
    endloop
  endfacet
  facet normal 0.000000e+00 0.000000e+00 1.000000e+00
    outer loop
      vertex   9.594796e+00 -6.339550e+00 1.450000e+01
      vertex   8.675507e+00 -5.914861e+00 1.450000e+01
      vertex   9.148271e+00 -6.968438e+00 1.450000e+01
    endloop
  endfacet
  facet normal 0.000000e+00 0.000000e+00 1.000000e+00
    outer loop
      vertex   9.148271e+00 -6.968438e+00 1.450000e+01
      vertex   8.675507e+00 -5.914861e+00 1.450000e+01
      vertex   8.209231e+00 -6.546643e+00 1.450000e+01
    endloop
  endfacet
  facet normal 0.000000e+00 0.000000e+00 1.000000e+00
    outer loop
      vertex   9.148271e+00 -6.968438e+00 1.450000e+01
      vertex   8.209231e+00 -6.546643e+00 1.450000e+01
      vertex   8.660596e+00 -7.565981e+00 1.450000e+01
    endloop
  endfacet
  facet normal 0.000000e+00 0.000000e+00 1.000000e+00
    outer loop
      vertex   8.660596e+00 -7.565981e+00 1.450000e+01
      vertex   8.209231e+00 -6.546643e+00 1.450000e+01
      vertex   7.697045e+00 -7.141814e+00 1.450000e+01
    endloop
  endfacet
  facet normal 0.000000e+00 0.000000e+00 1.000000e+00
    outer loop
      vertex   8.660596e+00 -7.565981e+00 1.450000e+01
      vertex   7.697045e+00 -7.141814e+00 1.450000e+01
      vertex   8.133964e+00 -8.129491e+00 1.450000e+01
    endloop
  endfacet
  facet normal 0.000000e+00 0.000000e+00 1.000000e+00
    outer loop
      vertex   8.133964e+00 -8.129491e+00 1.450000e+01
      vertex   7.697045e+00 -7.141814e+00 1.450000e+01
      vertex   7.141814e+00 -7.697045e+00 1.450000e+01
    endloop
  endfacet
  facet normal 0.000000e+00 0.000000e+00 1.000000e+00
    outer loop
      vertex   8.133964e+00 -8.129491e+00 1.450000e+01
      vertex   7.141814e+00 -7.697045e+00 1.450000e+01
      vertex   7.570744e+00 -8.656433e+00 1.450000e+01
    endloop
  endfacet
  facet normal 0.000000e+00 0.000000e+00 1.000000e+00
    outer loop
      vertex   7.570744e+00 -8.656433e+00 1.450000e+01
      vertex   7.141814e+00 -7.697045e+00 1.450000e+01
      vertex   6.546643e+00 -8.209231e+00 1.450000e+01
    endloop
  endfacet
  facet normal 0.000000e+00 0.000000e+00 1.000000e+00
    outer loop
      vertex   7.570744e+00 -8.656433e+00 1.450000e+01
      vertex   6.546643e+00 -8.209231e+00 1.450000e+01
      vertex   6.973470e+00 -9.144436e+00 1.450000e+01
    endloop
  endfacet
  facet normal 0.000000e+00 0.000000e+00 1.000000e+00
    outer loop
      vertex   6.973470e+00 -9.144436e+00 1.450000e+01
      vertex   6.546643e+00 -8.209231e+00 1.450000e+01
      vertex   5.914861e+00 -8.675507e+00 1.450000e+01
    endloop
  endfacet
  facet normal 0.000000e+00 0.000000e+00 1.000000e+00
    outer loop
      vertex   6.973470e+00 -9.144436e+00 1.450000e+01
      vertex   5.914861e+00 -8.675507e+00 1.450000e+01
      vertex   6.344828e+00 -9.591307e+00 1.450000e+01
    endloop
  endfacet
  facet normal 0.000000e+00 0.000000e+00 1.000000e+00
    outer loop
      vertex   6.344828e+00 -9.591307e+00 1.450000e+01
      vertex   5.914861e+00 -8.675507e+00 1.450000e+01
      vertex   6.046884e+00 -9.816253e+00 1.450000e+01
    endloop
  endfacet
  facet normal 0.000000e+00 0.000000e+00 1.000000e+00
    outer loop
      vertex   6.046884e+00 -9.816253e+00 1.450000e+01
      vertex   5.914861e+00 -8.675507e+00 1.450000e+01
      vertex   5.250000e+00 -9.093267e+00 1.450000e+01
    endloop
  endfacet
  facet normal 0.000000e+00 0.000000e+00 1.000000e+00
    outer loop
      vertex   6.046884e+00 -9.816253e+00 1.450000e+01
      vertex   5.250000e+00 -9.093267e+00 1.450000e+01
      vertex   5.779186e+00 -1.007646e+01 1.450000e+01
    endloop
  endfacet
  facet normal 0.000000e+00 0.000000e+00 1.000000e+00
    outer loop
      vertex   5.779186e+00 -1.007646e+01 1.450000e+01
      vertex   5.250000e+00 -9.093267e+00 1.450000e+01
      vertex   4.555779e+00 -9.460173e+00 1.450000e+01
    endloop
  endfacet
  facet normal 0.000000e+00 0.000000e+00 1.000000e+00
    outer loop
      vertex   5.779186e+00 -1.007646e+01 1.450000e+01
      vertex   4.555779e+00 -9.460173e+00 1.450000e+01
      vertex   5.545879e+00 -1.036790e+01 1.450000e+01
    endloop
  endfacet
  facet normal 0.000000e+00 0.000000e+00 1.000000e+00
    outer loop
      vertex   5.545879e+00 -1.036790e+01 1.450000e+01
      vertex   4.555779e+00 -9.460173e+00 1.450000e+01
      vertex   5.350576e+00 -1.068607e+01 1.450000e+01
    endloop
  endfacet
  facet normal 0.000000e+00 0.000000e+00 1.000000e+00
    outer loop
      vertex   5.350576e+00 -1.068607e+01 1.450000e+01
      vertex   4.555779e+00 -9.460173e+00 1.450000e+01
      vertex   3.836081e+00 -9.774174e+00 1.450000e+01
    endloop
  endfacet
  facet normal 0.000000e+00 0.000000e+00 1.000000e+00
    outer loop
      vertex   5.350576e+00 -1.068607e+01 1.450000e+01
      vertex   3.836081e+00 -9.774174e+00 1.450000e+01
      vertex   5.196300e+00 -1.102602e+01 1.450000e+01
    endloop
  endfacet
  facet normal 0.000000e+00 0.000000e+00 1.000000e+00
    outer loop
      vertex   5.196300e+00 -1.102602e+01 1.450000e+01
      vertex   3.836081e+00 -9.774174e+00 1.450000e+01
      vertex   5.085442e+00 -1.138251e+01 1.450000e+01
    endloop
  endfacet
  facet normal 0.000000e+00 0.000000e+00 1.000000e+00
    outer loop
      vertex   5.085442e+00 -1.138251e+01 1.450000e+01
      vertex   3.836081e+00 -9.774174e+00 1.450000e+01
      vertex   3.094929e+00 -1.003351e+01 1.450000e+01
    endloop
  endfacet
  facet normal 0.000000e+00 0.000000e+00 1.000000e+00
    outer loop
      vertex   5.085442e+00 -1.138251e+01 1.450000e+01
      vertex   3.094929e+00 -1.003351e+01 1.450000e+01
      vertex   5.019717e+00 -1.175000e+01 1.450000e+01
    endloop
  endfacet
  facet normal 0.000000e+00 0.000000e+00 1.000000e+00
    outer loop
      vertex   5.019717e+00 -1.175000e+01 1.450000e+01
      vertex   3.094929e+00 -1.003351e+01 1.450000e+01
      vertex   2.336470e+00 -1.023674e+01 1.450000e+01
    endloop
  endfacet
  facet normal 0.000000e+00 0.000000e+00 1.000000e+00
    outer loop
      vertex   5.019717e+00 -1.175000e+01 1.450000e+01
      vertex   2.336470e+00 -1.023674e+01 1.450000e+01
      vertex   1.564944e+00 -1.038272e+01 1.450000e+01
    endloop
  endfacet
  facet normal 0.000000e+00 0.000000e+00 1.000000e+00
    outer loop
      vertex   1.564944e+00 -1.038272e+01 1.450000e+01
      vertex   7.846660e-01 -1.047064e+01 1.450000e+01
      vertex   5.019717e+00 -1.175000e+01 1.450000e+01
    endloop
  endfacet
  facet normal 0.000000e+00 0.000000e+00 1.000000e+00
    outer loop
      vertex   5.019717e+00 -1.175000e+01 1.450000e+01
      vertex   7.846660e-01 -1.047064e+01 1.450000e+01
      vertex   6.429396e-16 -1.050000e+01 1.450000e+01
    endloop
  endfacet
  facet normal 0.000000e+00 0.000000e+00 1.000000e+00
    outer loop
      vertex   5.019717e+00 -1.175000e+01 1.450000e+01
      vertex   6.429396e-16 -1.050000e+01 1.450000e+01
      vertex   -5.019717e+00 -1.175000e+01 1.450000e+01
    endloop
  endfacet
  facet normal 0.000000e+00 0.000000e+00 1.000000e+00
    outer loop
      vertex   -5.019717e+00 -1.175000e+01 1.450000e+01
      vertex   6.429396e-16 -1.050000e+01 1.450000e+01
      vertex   -7.846660e-01 -1.047064e+01 1.450000e+01
    endloop
  endfacet
  facet normal 0.000000e+00 0.000000e+00 1.000000e+00
    outer loop
      vertex   -5.019717e+00 -1.175000e+01 1.450000e+01
      vertex   -7.846660e-01 -1.047064e+01 1.450000e+01
      vertex   -1.564944e+00 -1.038272e+01 1.450000e+01
    endloop
  endfacet
  facet normal 0.000000e+00 0.000000e+00 1.000000e+00
    outer loop
      vertex   -1.564944e+00 -1.038272e+01 1.450000e+01
      vertex   -2.336470e+00 -1.023674e+01 1.450000e+01
      vertex   -5.019717e+00 -1.175000e+01 1.450000e+01
    endloop
  endfacet
  facet normal 0.000000e+00 0.000000e+00 1.000000e+00
    outer loop
      vertex   -5.019717e+00 -1.175000e+01 1.450000e+01
      vertex   -2.336470e+00 -1.023674e+01 1.450000e+01
      vertex   -3.094929e+00 -1.003351e+01 1.450000e+01
    endloop
  endfacet
  facet normal 0.000000e+00 -0.000000e+00 1.000000e+00
    outer loop
      vertex   -5.019717e+00 -1.175000e+01 1.450000e+01
      vertex   -3.094929e+00 -1.003351e+01 1.450000e+01
      vertex   -5.085442e+00 -1.138251e+01 1.450000e+01
    endloop
  endfacet
  facet normal 0.000000e+00 0.000000e+00 1.000000e+00
    outer loop
      vertex   -5.085442e+00 -1.138251e+01 1.450000e+01
      vertex   -3.094929e+00 -1.003351e+01 1.450000e+01
      vertex   -3.836081e+00 -9.774174e+00 1.450000e+01
    endloop
  endfacet
  facet normal 0.000000e+00 -0.000000e+00 1.000000e+00
    outer loop
      vertex   -5.085442e+00 -1.138251e+01 1.450000e+01
      vertex   -3.836081e+00 -9.774174e+00 1.450000e+01
      vertex   -5.196300e+00 -1.102602e+01 1.450000e+01
    endloop
  endfacet
  facet normal 0.000000e+00 -0.000000e+00 1.000000e+00
    outer loop
      vertex   -5.196300e+00 -1.102602e+01 1.450000e+01
      vertex   -3.836081e+00 -9.774174e+00 1.450000e+01
      vertex   -5.350576e+00 -1.068607e+01 1.450000e+01
    endloop
  endfacet
  facet normal 0.000000e+00 0.000000e+00 1.000000e+00
    outer loop
      vertex   -5.350576e+00 -1.068607e+01 1.450000e+01
      vertex   -3.836081e+00 -9.774174e+00 1.450000e+01
      vertex   -4.555779e+00 -9.460173e+00 1.450000e+01
    endloop
  endfacet
  facet normal 0.000000e+00 -0.000000e+00 1.000000e+00
    outer loop
      vertex   -5.350576e+00 -1.068607e+01 1.450000e+01
      vertex   -4.555779e+00 -9.460173e+00 1.450000e+01
      vertex   -5.545879e+00 -1.036790e+01 1.450000e+01
    endloop
  endfacet
  facet normal 0.000000e+00 -0.000000e+00 1.000000e+00
    outer loop
      vertex   -5.545879e+00 -1.036790e+01 1.450000e+01
      vertex   -4.555779e+00 -9.460173e+00 1.450000e+01
      vertex   -5.779186e+00 -1.007646e+01 1.450000e+01
    endloop
  endfacet
  facet normal 0.000000e+00 0.000000e+00 1.000000e+00
    outer loop
      vertex   -5.779186e+00 -1.007646e+01 1.450000e+01
      vertex   -4.555779e+00 -9.460173e+00 1.450000e+01
      vertex   -5.250000e+00 -9.093267e+00 1.450000e+01
    endloop
  endfacet
  facet normal 0.000000e+00 -0.000000e+00 1.000000e+00
    outer loop
      vertex   -5.779186e+00 -1.007646e+01 1.450000e+01
      vertex   -5.250000e+00 -9.093267e+00 1.450000e+01
      vertex   -6.046884e+00 -9.816253e+00 1.450000e+01
    endloop
  endfacet
  facet normal 0.000000e+00 0.000000e+00 1.000000e+00
    outer loop
      vertex   -6.046884e+00 -9.816253e+00 1.450000e+01
      vertex   -5.250000e+00 -9.093267e+00 1.450000e+01
      vertex   -5.914861e+00 -8.675507e+00 1.450000e+01
    endloop
  endfacet
  facet normal 0.000000e+00 -0.000000e+00 1.000000e+00
    outer loop
      vertex   -6.046884e+00 -9.816253e+00 1.450000e+01
      vertex   -5.914861e+00 -8.675507e+00 1.450000e+01
      vertex   -6.344828e+00 -9.591307e+00 1.450000e+01
    endloop
  endfacet
  facet normal 0.000000e+00 -0.000000e+00 1.000000e+00
    outer loop
      vertex   -6.344828e+00 -9.591307e+00 1.450000e+01
      vertex   -5.914861e+00 -8.675507e+00 1.450000e+01
      vertex   -7.004281e+00 -9.120858e+00 1.450000e+01
    endloop
  endfacet
  facet normal 0.000000e+00 0.000000e+00 1.000000e+00
    outer loop
      vertex   -7.004281e+00 -9.120858e+00 1.450000e+01
      vertex   -5.914861e+00 -8.675507e+00 1.450000e+01
      vertex   -6.546643e+00 -8.209231e+00 1.450000e+01
    endloop
  endfacet
  facet normal 0.000000e+00 -0.000000e+00 1.000000e+00
    outer loop
      vertex   -7.004281e+00 -9.120858e+00 1.450000e+01
      vertex   -6.546643e+00 -8.209231e+00 1.450000e+01
      vertex   -7.628980e+00 -8.605154e+00 1.450000e+01
    endloop
  endfacet
  facet normal 0.000000e+00 0.000000e+00 1.000000e+00
    outer loop
      vertex   -7.628980e+00 -8.605154e+00 1.450000e+01
      vertex   -6.546643e+00 -8.209231e+00 1.450000e+01
      vertex   -7.141814e+00 -7.697045e+00 1.450000e+01
    endloop
  endfacet
  facet normal 0.000000e+00 -0.000000e+00 1.000000e+00
    outer loop
      vertex   -7.628980e+00 -8.605154e+00 1.450000e+01
      vertex   -7.141814e+00 -7.697045e+00 1.450000e+01
      vertex   -8.215825e+00 -8.046752e+00 1.450000e+01
    endloop
  endfacet
  facet normal 0.000000e+00 0.000000e+00 1.000000e+00
    outer loop
      vertex   -8.215825e+00 -8.046752e+00 1.450000e+01
      vertex   -7.141814e+00 -7.697045e+00 1.450000e+01
      vertex   -7.697045e+00 -7.141814e+00 1.450000e+01
    endloop
  endfacet
  facet normal 0.000000e+00 -0.000000e+00 1.000000e+00
    outer loop
      vertex   -8.215825e+00 -8.046752e+00 1.450000e+01
      vertex   -7.697045e+00 -7.141814e+00 1.450000e+01
      vertex   -8.761905e+00 -7.448423e+00 1.450000e+01
    endloop
  endfacet
  facet normal 0.000000e+00 0.000000e+00 1.000000e+00
    outer loop
      vertex   -8.761905e+00 -7.448423e+00 1.450000e+01
      vertex   -7.697045e+00 -7.141814e+00 1.450000e+01
      vertex   -8.209231e+00 -6.546643e+00 1.450000e+01
    endloop
  endfacet
  facet normal 0.000000e+00 -0.000000e+00 1.000000e+00
    outer loop
      vertex   -8.761905e+00 -7.448423e+00 1.450000e+01
      vertex   -8.209231e+00 -6.546643e+00 1.450000e+01
      vertex   -9.264511e+00 -6.813138e+00 1.450000e+01
    endloop
  endfacet
  facet normal 0.000000e+00 0.000000e+00 1.000000e+00
    outer loop
      vertex   -9.264511e+00 -6.813138e+00 1.450000e+01
      vertex   -8.209231e+00 -6.546643e+00 1.450000e+01
      vertex   -8.675507e+00 -5.914861e+00 1.450000e+01
    endloop
  endfacet
  facet normal 0.000000e+00 -0.000000e+00 1.000000e+00
    outer loop
      vertex   -9.264511e+00 -6.813138e+00 1.450000e+01
      vertex   -8.675507e+00 -5.914861e+00 1.450000e+01
      vertex   -9.721147e+00 -6.144046e+00 1.450000e+01
    endloop
  endfacet
  facet normal 0.000000e+00 0.000000e+00 1.000000e+00
    outer loop
      vertex   -9.721147e+00 -6.144046e+00 1.450000e+01
      vertex   -8.675507e+00 -5.914861e+00 1.450000e+01
      vertex   -9.093267e+00 -5.250000e+00 1.450000e+01
    endloop
  endfacet
  facet normal 0.000000e+00 -0.000000e+00 1.000000e+00
    outer loop
      vertex   -9.721147e+00 -6.144046e+00 1.450000e+01
      vertex   -9.093267e+00 -5.250000e+00 1.450000e+01
      vertex   -1.012955e+01 -5.444469e+00 1.450000e+01
    endloop
  endfacet
  facet normal 0.000000e+00 0.000000e+00 1.000000e+00
    outer loop
      vertex   -1.012955e+01 -5.444469e+00 1.450000e+01
      vertex   -9.093267e+00 -5.250000e+00 1.450000e+01
      vertex   -9.460173e+00 -4.555779e+00 1.450000e+01
    endloop
  endfacet
  facet normal 0.000000e+00 -0.000000e+00 1.000000e+00
    outer loop
      vertex   -1.012955e+01 -5.444469e+00 1.450000e+01
      vertex   -9.460173e+00 -4.555779e+00 1.450000e+01
      vertex   -1.048769e+01 -4.717877e+00 1.450000e+01
    endloop
  endfacet
  facet normal 0.000000e+00 0.000000e+00 1.000000e+00
    outer loop
      vertex   -1.048769e+01 -4.717877e+00 1.450000e+01
      vertex   -9.460173e+00 -4.555779e+00 1.450000e+01
      vertex   -9.774174e+00 -3.836081e+00 1.450000e+01
    endloop
  endfacet
  facet normal 0.000000e+00 -0.000000e+00 1.000000e+00
    outer loop
      vertex   -1.048769e+01 -4.717877e+00 1.450000e+01
      vertex   -9.774174e+00 -3.836081e+00 1.450000e+01
      vertex   -1.079379e+01 -3.967876e+00 1.450000e+01
    endloop
  endfacet
  facet normal 0.000000e+00 0.000000e+00 1.000000e+00
    outer loop
      vertex   -1.079379e+01 -3.967876e+00 1.450000e+01
      vertex   -9.774174e+00 -3.836081e+00 1.450000e+01
      vertex   -1.003351e+01 -3.094929e+00 1.450000e+01
    endloop
  endfacet
  facet normal 0.000000e+00 -0.000000e+00 1.000000e+00
    outer loop
      vertex   -1.079379e+01 -3.967876e+00 1.450000e+01
      vertex   -1.003351e+01 -3.094929e+00 1.450000e+01
      vertex   -1.104634e+01 -3.198188e+00 1.450000e+01
    endloop
  endfacet
  facet normal 0.000000e+00 0.000000e+00 1.000000e+00
    outer loop
      vertex   -1.104634e+01 -3.198188e+00 1.450000e+01
      vertex   -1.003351e+01 -3.094929e+00 1.450000e+01
      vertex   -1.023674e+01 -2.336470e+00 1.450000e+01
    endloop
  endfacet
  facet normal 0.000000e+00 -0.000000e+00 1.000000e+00
    outer loop
      vertex   -1.104634e+01 -3.198188e+00 1.450000e+01
      vertex   -1.023674e+01 -2.336470e+00 1.450000e+01
      vertex   -1.124407e+01 -2.412630e+00 1.450000e+01
    endloop
  endfacet
  facet normal 0.000000e+00 0.000000e+00 1.000000e+00
    outer loop
      vertex   -1.124407e+01 -2.412630e+00 1.450000e+01
      vertex   -1.023674e+01 -2.336470e+00 1.450000e+01
      vertex   -1.038272e+01 -1.564944e+00 1.450000e+01
    endloop
  endfacet
  facet normal 0.000000e+00 -0.000000e+00 1.000000e+00
    outer loop
      vertex   -1.124407e+01 -2.412630e+00 1.450000e+01
      vertex   -1.038272e+01 -1.564944e+00 1.450000e+01
      vertex   -1.138602e+01 -1.615102e+00 1.450000e+01
    endloop
  endfacet
  facet normal 0.000000e+00 0.000000e+00 1.000000e+00
    outer loop
      vertex   -1.138602e+01 -1.615102e+00 1.450000e+01
      vertex   -1.038272e+01 -1.564944e+00 1.450000e+01
      vertex   -1.047064e+01 -7.846660e-01 1.450000e+01
    endloop
  endfacet
  facet normal 0.000000e+00 -0.000000e+00 1.000000e+00
    outer loop
      vertex   -1.138602e+01 -1.615102e+00 1.450000e+01
      vertex   -1.047064e+01 -7.846660e-01 1.450000e+01
      vertex   -1.147147e+01 -8.095593e-01 1.450000e+01
    endloop
  endfacet
  facet normal 0.000000e+00 0.000000e+00 1.000000e+00
    outer loop
      vertex   -1.147147e+01 -8.095593e-01 1.450000e+01
      vertex   -1.047064e+01 -7.846660e-01 1.450000e+01
      vertex   -1.050000e+01 -1.285879e-15 1.450000e+01
    endloop
  endfacet
  facet normal -9.372758e-02 9.955962e-01 1.840316e-03
    outer loop
      vertex   -4.608400e+00 1.224155e+01 4.084858e-01
      vertex   -4.638368e+00 1.223502e+01 2.418275e+00
      vertex   -4.516886e+00 1.225000e+01 5.000000e-01
    endloop
  endfacet
  facet normal -1.224029e-01 9.924805e-01 0.000000e+00
    outer loop
      vertex   -4.516886e+00 1.225000e+01 5.000000e-01
      vertex   -4.638368e+00 1.223502e+01 2.418275e+00
      vertex   -4.638368e+00 1.223502e+01 4.834137e+00
    endloop
  endfacet
  facet normal -1.224029e-01 9.924805e-01 0.000000e+00
    outer loop
      vertex   -4.516886e+00 1.225000e+01 5.000000e-01
      vertex   -4.638368e+00 1.223502e+01 4.834137e+00
      vertex   -4.638368e+00 1.223502e+01 7.250000e+00
    endloop
  endfacet
  facet normal -3.598732e-01 9.330012e-01 0.000000e+00
    outer loop
      vertex   -4.638368e+00 1.223502e+01 7.250000e+00
      vertex   -4.638368e+00 1.223502e+01 4.834137e+00
      vertex   -4.752570e+00 1.219097e+01 7.250000e+00
    endloop
  endfacet
  facet normal -3.598732e-01 9.330012e-01 0.000000e+00
    outer loop
      vertex   -4.638368e+00 1.223502e+01 7.250000e+00
      vertex   -4.752570e+00 1.219097e+01 7.250000e+00
      vertex   -4.752570e+00 1.219097e+01 9.665863e+00
    endloop
  endfacet
  facet normal -5.757762e-01 8.176073e-01 0.000000e+00
    outer loop
      vertex   -4.752570e+00 1.219097e+01 9.665863e+00
      vertex   -4.752570e+00 1.219097e+01 7.250000e+00
      vertex   -4.852648e+00 1.212049e+01 9.665863e+00
    endloop
  endfacet
  facet normal -5.757762e-01 8.176073e-01 3.901107e-16
    outer loop
      vertex   -4.752570e+00 1.219097e+01 9.665863e+00
      vertex   -4.852648e+00 1.212049e+01 9.665863e+00
      vertex   -4.852648e+00 1.212049e+01 1.208173e+01
    endloop
  endfacet
  facet normal -7.571731e-01 6.532143e-01 2.019307e-16
    outer loop
      vertex   -4.852648e+00 1.212049e+01 1.208173e+01
      vertex   -4.852648e+00 1.212049e+01 9.665863e+00
      vertex   -4.932603e+00 1.202781e+01 1.208173e+01
    endloop
  endfacet
  facet normal -7.571726e-01 6.532138e-01 -1.217062e-03
    outer loop
      vertex   -4.852648e+00 1.212049e+01 1.208173e+01
      vertex   -4.932603e+00 1.202781e+01 1.208173e+01
      vertex   -4.914786e+00 1.205278e+01 1.439790e+01
    endloop
  endfacet
  facet normal -8.478594e-01 5.302204e-01 8.063641e-04
    outer loop
      vertex   -4.914786e+00 1.205278e+01 1.439790e+01
      vertex   -4.932603e+00 1.202781e+01 1.208173e+01
      vertex   -4.963482e+00 1.197484e+01 1.444660e+01
    endloop
  endfacet
  facet normal -8.931915e-01 4.496736e-01 -1.589833e-03
    outer loop
      vertex   -4.963482e+00 1.197484e+01 1.444660e+01
      vertex   -4.932603e+00 1.202781e+01 1.208173e+01
      vertex   -4.987645e+00 1.191848e+01 1.208173e+01
    endloop
  endfacet
  facet normal -9.306334e-01 3.659519e-01 7.878250e-04
    outer loop
      vertex   -4.963482e+00 1.197484e+01 1.444660e+01
      vertex   -4.987645e+00 1.191848e+01 1.208173e+01
      vertex   -4.997089e+00 1.188930e+01 1.448020e+01
    endloop
  endfacet
  facet normal -9.820021e-01 1.888633e-01 -1.569110e-03
    outer loop
      vertex   -4.997089e+00 1.188930e+01 1.448020e+01
      vertex   -4.987645e+00 1.191848e+01 1.208173e+01
      vertex   -5.014473e+00 1.179906e+01 1.449759e+01
    endloop
  endfacet
  facet normal -9.756833e-01 2.191851e-01 0.000000e+00
    outer loop
      vertex   -5.014473e+00 1.179906e+01 1.449759e+01
      vertex   -4.987645e+00 1.191848e+01 1.208173e+01
      vertex   -4.987645e+00 1.191848e+01 9.665863e+00
    endloop
  endfacet
  facet normal -9.756833e-01 2.191851e-01 0.000000e+00
    outer loop
      vertex   -5.014473e+00 1.179906e+01 1.449759e+01
      vertex   -4.987645e+00 1.191848e+01 9.665863e+00
      vertex   -4.987645e+00 1.191848e+01 7.250000e+00
    endloop
  endfacet
  facet normal -8.931927e-01 4.496742e-01 0.000000e+00
    outer loop
      vertex   -4.987645e+00 1.191848e+01 7.250000e+00
      vertex   -4.987645e+00 1.191848e+01 9.665863e+00
      vertex   -4.932603e+00 1.202781e+01 7.250000e+00
    endloop
  endfacet
  facet normal -8.931927e-01 4.496742e-01 0.000000e+00
    outer loop
      vertex   -4.987645e+00 1.191848e+01 7.250000e+00
      vertex   -4.932603e+00 1.202781e+01 7.250000e+00
      vertex   -4.932603e+00 1.202781e+01 4.834137e+00
    endloop
  endfacet
  facet normal -7.571731e-01 6.532143e-01 0.000000e+00
    outer loop
      vertex   -4.932603e+00 1.202781e+01 4.834137e+00
      vertex   -4.932603e+00 1.202781e+01 7.250000e+00
      vertex   -4.852648e+00 1.212049e+01 4.834137e+00
    endloop
  endfacet
  facet normal -7.571731e-01 6.532143e-01 -2.786505e-16
    outer loop
      vertex   -4.932603e+00 1.202781e+01 4.834137e+00
      vertex   -4.852648e+00 1.212049e+01 4.834137e+00
      vertex   -4.852648e+00 1.212049e+01 2.418275e+00
    endloop
  endfacet
  facet normal -5.757762e-01 8.176073e-01 -2.116809e-16
    outer loop
      vertex   -4.852648e+00 1.212049e+01 2.418275e+00
      vertex   -4.852648e+00 1.212049e+01 4.834137e+00
      vertex   -4.752570e+00 1.219097e+01 2.418275e+00
    endloop
  endfacet
  facet normal -5.757758e-01 8.176066e-01 1.292757e-03
    outer loop
      vertex   -4.852648e+00 1.212049e+01 2.418275e+00
      vertex   -4.752570e+00 1.219097e+01 2.418275e+00
      vertex   -4.779166e+00 1.217569e+01 2.377201e-01
    endloop
  endfacet
  facet normal -4.433944e-01 8.963262e-01 -8.735032e-04
    outer loop
      vertex   -4.779166e+00 1.217569e+01 2.377201e-01
      vertex   -4.752570e+00 1.219097e+01 2.418275e+00
      vertex   -4.696822e+00 1.221650e+01 3.200634e-01
    endloop
  endfacet
  facet normal -3.598726e-01 9.329997e-01 1.791883e-03
    outer loop
      vertex   -4.696822e+00 1.221650e+01 3.200634e-01
      vertex   -4.752570e+00 1.219097e+01 2.418275e+00
      vertex   -4.638368e+00 1.223502e+01 2.418275e+00
    endloop
  endfacet
  facet normal -2.717505e-01 9.623673e-01 -9.222830e-04
    outer loop
      vertex   -4.696822e+00 1.221650e+01 3.200634e-01
      vertex   -4.638368e+00 1.223502e+01 2.418275e+00
      vertex   -4.608400e+00 1.224155e+01 4.084858e-01
    endloop
  endfacet
  facet normal -6.005837e-01 7.995619e-01 6.322458e-16
    outer loop
      vertex   -4.779166e+00 1.217569e+01 2.377201e-01
      vertex   -4.852648e+00 1.212049e+01 1.642379e-01
      vertex   -4.852648e+00 1.212049e+01 2.418275e+00
    endloop
  endfacet
  facet normal -7.367809e-01 6.761316e-01 5.328444e-16
    outer loop
      vertex   -4.852648e+00 1.212049e+01 2.418275e+00
      vertex   -4.852648e+00 1.212049e+01 1.642379e-01
      vertex   -4.914786e+00 1.205278e+01 1.020993e-01
    endloop
  endfacet
  facet normal -7.571726e-01 6.532138e-01 1.217062e-03
    outer loop
      vertex   -4.852648e+00 1.212049e+01 2.418275e+00
      vertex   -4.914786e+00 1.205278e+01 1.020993e-01
      vertex   -4.932603e+00 1.202781e+01 2.418275e+00
    endloop
  endfacet
  facet normal -8.478594e-01 5.302204e-01 -8.063641e-04
    outer loop
      vertex   -4.932603e+00 1.202781e+01 2.418275e+00
      vertex   -4.914786e+00 1.205278e+01 1.020993e-01
      vertex   -4.963482e+00 1.197484e+01 5.340366e-02
    endloop
  endfacet
  facet normal -8.931915e-01 4.496736e-01 1.589833e-03
    outer loop
      vertex   -4.932603e+00 1.202781e+01 2.418275e+00
      vertex   -4.963482e+00 1.197484e+01 5.340366e-02
      vertex   -4.987645e+00 1.191848e+01 2.418275e+00
    endloop
  endfacet
  facet normal -9.306334e-01 3.659519e-01 -7.878250e-04
    outer loop
      vertex   -4.987645e+00 1.191848e+01 2.418275e+00
      vertex   -4.963482e+00 1.197484e+01 5.340366e-02
      vertex   -4.997089e+00 1.188930e+01 1.979617e-02
    endloop
  endfacet
  facet normal -9.514104e-01 3.079258e-01 0.000000e+00
    outer loop
      vertex   -4.987645e+00 1.191848e+01 2.418275e+00
      vertex   -4.997089e+00 1.188930e+01 1.979617e-02
      vertex   -4.987645e+00 1.191848e+01 4.834137e+00
    endloop
  endfacet
  facet normal -9.684731e-01 2.491178e-01 3.899434e-04
    outer loop
      vertex   -4.987645e+00 1.191848e+01 4.834137e+00
      vertex   -4.997089e+00 1.188930e+01 1.979617e-02
      vertex   -5.014473e+00 1.179906e+01 1.449759e+01
    endloop
  endfacet
  facet normal -9.756833e-01 2.191851e-01 0.000000e+00
    outer loop
      vertex   -4.987645e+00 1.191848e+01 4.834137e+00
      vertex   -5.014473e+00 1.179906e+01 1.449759e+01
      vertex   -4.987645e+00 1.191848e+01 7.250000e+00
    endloop
  endfacet
  facet normal -9.819472e-01 1.891550e-01 9.261873e-17
    outer loop
      vertex   -4.997089e+00 1.188930e+01 1.979617e-02
      vertex   -5.014473e+00 1.179906e+01 2.412235e-03
      vertex   -5.014473e+00 1.179906e+01 1.449759e+01
    endloop
  endfacet
  facet normal -7.367809e-01 6.761316e-01 0.000000e+00
    outer loop
      vertex   -4.914786e+00 1.205278e+01 1.439790e+01
      vertex   -4.852648e+00 1.212049e+01 1.433576e+01
      vertex   -4.852648e+00 1.212049e+01 1.208173e+01
    endloop
  endfacet
  facet normal -6.005837e-01 7.995619e-01 0.000000e+00
    outer loop
      vertex   -4.852648e+00 1.212049e+01 1.208173e+01
      vertex   -4.852648e+00 1.212049e+01 1.433576e+01
      vertex   -4.779166e+00 1.217569e+01 1.426228e+01
    endloop
  endfacet
  facet normal -5.757758e-01 8.176066e-01 -1.292757e-03
    outer loop
      vertex   -4.852648e+00 1.212049e+01 1.208173e+01
      vertex   -4.779166e+00 1.217569e+01 1.426228e+01
      vertex   -4.752570e+00 1.219097e+01 1.208173e+01
    endloop
  endfacet
  facet normal -4.433944e-01 8.963262e-01 8.735032e-04
    outer loop
      vertex   -4.752570e+00 1.219097e+01 1.208173e+01
      vertex   -4.779166e+00 1.217569e+01 1.426228e+01
      vertex   -4.696822e+00 1.221650e+01 1.417994e+01
    endloop
  endfacet
  facet normal -3.598726e-01 9.329997e-01 -1.791883e-03
    outer loop
      vertex   -4.752570e+00 1.219097e+01 1.208173e+01
      vertex   -4.696822e+00 1.221650e+01 1.417994e+01
      vertex   -4.638368e+00 1.223502e+01 1.208173e+01
    endloop
  endfacet
  facet normal -2.717505e-01 9.623673e-01 9.222830e-04
    outer loop
      vertex   -4.638368e+00 1.223502e+01 1.208173e+01
      vertex   -4.696822e+00 1.221650e+01 1.417994e+01
      vertex   -4.608400e+00 1.224155e+01 1.409151e+01
    endloop
  endfacet
  facet normal -2.130970e-01 9.770311e-01 0.000000e+00
    outer loop
      vertex   -4.638368e+00 1.223502e+01 1.208173e+01
      vertex   -4.608400e+00 1.224155e+01 1.409151e+01
      vertex   -4.638368e+00 1.223502e+01 9.665863e+00
    endloop
  endfacet
  facet normal -1.535363e-01 9.881429e-01 -4.197263e-04
    outer loop
      vertex   -4.638368e+00 1.223502e+01 9.665863e+00
      vertex   -4.608400e+00 1.224155e+01 1.409151e+01
      vertex   -4.516886e+00 1.225000e+01 5.000000e-01
    endloop
  endfacet
  facet normal -1.224029e-01 9.924805e-01 0.000000e+00
    outer loop
      vertex   -4.638368e+00 1.223502e+01 9.665863e+00
      vertex   -4.516886e+00 1.225000e+01 5.000000e-01
      vertex   -4.638368e+00 1.223502e+01 7.250000e+00
    endloop
  endfacet
  facet normal -9.190312e-02 9.957680e-01 0.000000e+00
    outer loop
      vertex   -4.608400e+00 1.224155e+01 1.409151e+01
      vertex   -4.516886e+00 1.225000e+01 1.400000e+01
      vertex   -4.516886e+00 1.225000e+01 5.000000e-01
    endloop
  endfacet
  facet normal -3.598732e-01 9.330012e-01 0.000000e+00
    outer loop
      vertex   -4.638368e+00 1.223502e+01 4.834137e+00
      vertex   -4.638368e+00 1.223502e+01 2.418275e+00
      vertex   -4.752570e+00 1.219097e+01 4.834137e+00
    endloop
  endfacet
  facet normal -3.598732e-01 9.330012e-01 0.000000e+00
    outer loop
      vertex   -4.752570e+00 1.219097e+01 4.834137e+00
      vertex   -4.638368e+00 1.223502e+01 2.418275e+00
      vertex   -4.752570e+00 1.219097e+01 2.418275e+00
    endloop
  endfacet
  facet normal -5.757762e-01 8.176073e-01 0.000000e+00
    outer loop
      vertex   -4.752570e+00 1.219097e+01 4.834137e+00
      vertex   -4.752570e+00 1.219097e+01 2.418275e+00
      vertex   -4.852648e+00 1.212049e+01 4.834137e+00
    endloop
  endfacet
  facet normal -3.598732e-01 9.330012e-01 0.000000e+00
    outer loop
      vertex   -4.752570e+00 1.219097e+01 1.208173e+01
      vertex   -4.638368e+00 1.223502e+01 1.208173e+01
      vertex   -4.638368e+00 1.223502e+01 9.665863e+00
    endloop
  endfacet
  facet normal -3.598732e-01 9.330012e-01 0.000000e+00
    outer loop
      vertex   -4.752570e+00 1.219097e+01 1.208173e+01
      vertex   -4.638368e+00 1.223502e+01 9.665863e+00
      vertex   -4.752570e+00 1.219097e+01 9.665863e+00
    endloop
  endfacet
  facet normal -3.598732e-01 9.330012e-01 0.000000e+00
    outer loop
      vertex   -4.752570e+00 1.219097e+01 9.665863e+00
      vertex   -4.638368e+00 1.223502e+01 9.665863e+00
      vertex   -4.638368e+00 1.223502e+01 7.250000e+00
    endloop
  endfacet
  facet normal -3.598732e-01 9.330012e-01 0.000000e+00
    outer loop
      vertex   -4.638368e+00 1.223502e+01 4.834137e+00
      vertex   -4.752570e+00 1.219097e+01 4.834137e+00
      vertex   -4.752570e+00 1.219097e+01 7.250000e+00
    endloop
  endfacet
  facet normal -5.757762e-01 8.176073e-01 0.000000e+00
    outer loop
      vertex   -4.752570e+00 1.219097e+01 7.250000e+00
      vertex   -4.752570e+00 1.219097e+01 4.834137e+00
      vertex   -4.852648e+00 1.212049e+01 7.250000e+00
    endloop
  endfacet
  facet normal -5.757762e-01 8.176073e-01 0.000000e+00
    outer loop
      vertex   -4.752570e+00 1.219097e+01 7.250000e+00
      vertex   -4.852648e+00 1.212049e+01 7.250000e+00
      vertex   -4.852648e+00 1.212049e+01 9.665863e+00
    endloop
  endfacet
  facet normal -7.571731e-01 6.532143e-01 0.000000e+00
    outer loop
      vertex   -4.852648e+00 1.212049e+01 9.665863e+00
      vertex   -4.852648e+00 1.212049e+01 7.250000e+00
      vertex   -4.932603e+00 1.202781e+01 9.665863e+00
    endloop
  endfacet
  facet normal -7.571731e-01 6.532143e-01 0.000000e+00
    outer loop
      vertex   -4.852648e+00 1.212049e+01 9.665863e+00
      vertex   -4.932603e+00 1.202781e+01 9.665863e+00
      vertex   -4.932603e+00 1.202781e+01 1.208173e+01
    endloop
  endfacet
  facet normal -8.931927e-01 4.496742e-01 0.000000e+00
    outer loop
      vertex   -4.932603e+00 1.202781e+01 1.208173e+01
      vertex   -4.932603e+00 1.202781e+01 9.665863e+00
      vertex   -4.987645e+00 1.191848e+01 1.208173e+01
    endloop
  endfacet
  facet normal -5.757762e-01 8.176073e-01 -2.116809e-16
    outer loop
      vertex   -4.852648e+00 1.212049e+01 7.250000e+00
      vertex   -4.752570e+00 1.219097e+01 4.834137e+00
      vertex   -4.852648e+00 1.212049e+01 4.834137e+00
    endloop
  endfacet
  facet normal -5.757762e-01 8.176073e-01 0.000000e+00
    outer loop
      vertex   -4.852648e+00 1.212049e+01 1.208173e+01
      vertex   -4.752570e+00 1.219097e+01 1.208173e+01
      vertex   -4.752570e+00 1.219097e+01 9.665863e+00
    endloop
  endfacet
  facet normal -7.571731e-01 6.532143e-01 0.000000e+00
    outer loop
      vertex   -4.932603e+00 1.202781e+01 9.665863e+00
      vertex   -4.852648e+00 1.212049e+01 7.250000e+00
      vertex   -4.932603e+00 1.202781e+01 7.250000e+00
    endloop
  endfacet
  facet normal -7.571731e-01 6.532143e-01 -2.786505e-16
    outer loop
      vertex   -4.932603e+00 1.202781e+01 7.250000e+00
      vertex   -4.852648e+00 1.212049e+01 7.250000e+00
      vertex   -4.852648e+00 1.212049e+01 4.834137e+00
    endloop
  endfacet
  facet normal -7.571731e-01 6.532143e-01 0.000000e+00
    outer loop
      vertex   -4.852648e+00 1.212049e+01 2.418275e+00
      vertex   -4.932603e+00 1.202781e+01 2.418275e+00
      vertex   -4.932603e+00 1.202781e+01 4.834137e+00
    endloop
  endfacet
  facet normal -8.931927e-01 4.496742e-01 0.000000e+00
    outer loop
      vertex   -4.932603e+00 1.202781e+01 4.834137e+00
      vertex   -4.932603e+00 1.202781e+01 2.418275e+00
      vertex   -4.987645e+00 1.191848e+01 4.834137e+00
    endloop
  endfacet
  facet normal -8.931927e-01 4.496742e-01 0.000000e+00
    outer loop
      vertex   -4.932603e+00 1.202781e+01 4.834137e+00
      vertex   -4.987645e+00 1.191848e+01 4.834137e+00
      vertex   -4.987645e+00 1.191848e+01 7.250000e+00
    endloop
  endfacet
  facet normal -8.931927e-01 4.496742e-01 0.000000e+00
    outer loop
      vertex   -4.987645e+00 1.191848e+01 2.418275e+00
      vertex   -4.987645e+00 1.191848e+01 4.834137e+00
      vertex   -4.932603e+00 1.202781e+01 2.418275e+00
    endloop
  endfacet
  facet normal -8.931927e-01 4.496742e-01 0.000000e+00
    outer loop
      vertex   -4.987645e+00 1.191848e+01 1.208173e+01
      vertex   -4.932603e+00 1.202781e+01 9.665863e+00
      vertex   -4.987645e+00 1.191848e+01 9.665863e+00
    endloop
  endfacet
  facet normal -8.931927e-01 4.496742e-01 0.000000e+00
    outer loop
      vertex   -4.987645e+00 1.191848e+01 9.665863e+00
      vertex   -4.932603e+00 1.202781e+01 9.665863e+00
      vertex   -4.932603e+00 1.202781e+01 7.250000e+00
    endloop
  endfacet
  facet normal 4.271103e-03 4.865859e-02 -9.988063e-01
    outer loop
      vertex   -5.019717e+00 1.175000e+01 0.000000e+00
      vertex   -5.014473e+00 1.179906e+01 2.412235e-03
      vertex   -2.509859e+00 1.187941e+01 1.703709e-02
    endloop
  endfacet
  facet normal -3.368926e-04 1.892176e-01 -9.819351e-01
    outer loop
      vertex   -2.509859e+00 1.187941e+01 1.703709e-02
      vertex   -5.014473e+00 1.179906e+01 2.412235e-03
      vertex   -4.997089e+00 1.188930e+01 1.979617e-02
    endloop
  endfacet
  facet normal 4.209323e-04 3.655406e-01 -9.307953e-01
    outer loop
      vertex   -2.509859e+00 1.187941e+01 1.703709e-02
      vertex   -4.997089e+00 1.188930e+01 1.979617e-02
      vertex   -4.963482e+00 1.197484e+01 5.340366e-02
    endloop
  endfacet
  facet normal 1.190161e-03 3.826832e-01 -9.238789e-01
    outer loop
      vertex   -2.509859e+00 1.187941e+01 1.703709e-02
      vertex   -4.963482e+00 1.197484e+01 5.340366e-02
      vertex   -2.509859e+00 1.200000e+01 6.698730e-02
    endloop
  endfacet
  facet normal -7.433617e-04 5.301922e-01 -8.478772e-01
    outer loop
      vertex   -2.509859e+00 1.200000e+01 6.698730e-02
      vertex   -4.963482e+00 1.197484e+01 5.340366e-02
      vertex   -4.914786e+00 1.205278e+01 1.020993e-01
    endloop
  endfacet
  facet normal 1.776976e-03 6.087605e-01 -7.933521e-01
    outer loop
      vertex   -2.509859e+00 1.200000e+01 6.698730e-02
      vertex   -4.914786e+00 1.205278e+01 1.020993e-01
      vertex   -2.509859e+00 1.210355e+01 1.464466e-01
    endloop
  endfacet
  facet normal -7.018930e-04 6.764810e-01 -7.364598e-01
    outer loop
      vertex   -2.509859e+00 1.210355e+01 1.464466e-01
      vertex   -4.914786e+00 1.205278e+01 1.020993e-01
      vertex   -4.852648e+00 1.212049e+01 1.642379e-01
    endloop
  endfacet
  facet normal 1.112820e-03 7.933528e-01 -6.087611e-01
    outer loop
      vertex   -2.509859e+00 1.210355e+01 1.464466e-01
      vertex   -4.852648e+00 1.212049e+01 1.642379e-01
      vertex   -2.509859e+00 1.218301e+01 2.500000e-01
    endloop
  endfacet
  facet normal 6.721149e-04 7.992389e-01 -6.010131e-01
    outer loop
      vertex   -2.509859e+00 1.218301e+01 2.500000e-01
      vertex   -4.852648e+00 1.212049e+01 1.642379e-01
      vertex   -4.779166e+00 1.217569e+01 2.377201e-01
    endloop
  endfacet
  facet normal -4.920809e-04 8.961749e-01 -4.437008e-01
    outer loop
      vertex   -2.509859e+00 1.218301e+01 2.500000e-01
      vertex   -4.779166e+00 1.217569e+01 2.377201e-01
      vertex   -4.696822e+00 1.221650e+01 3.200634e-01
    endloop
  endfacet
  facet normal 1.886947e-03 9.238779e-01 -3.826828e-01
    outer loop
      vertex   -2.509859e+00 1.218301e+01 2.500000e-01
      vertex   -4.696822e+00 1.221650e+01 3.200634e-01
      vertex   -2.509859e+00 1.223296e+01 3.705905e-01
    endloop
  endfacet
  facet normal -9.667721e-04 9.623789e-01 -2.717093e-01
    outer loop
      vertex   -2.509859e+00 1.223296e+01 3.705905e-01
      vertex   -4.696822e+00 1.221650e+01 3.200634e-01
      vertex   -4.608400e+00 1.224155e+01 4.084858e-01
    endloop
  endfacet
  facet normal 8.531133e-04 9.844037e-01 -1.759220e-01
    outer loop
      vertex   -2.509859e+00 1.223296e+01 3.705905e-01
      vertex   -4.608400e+00 1.224155e+01 4.084858e-01
      vertex   4.516886e+00 1.225000e+01 5.000000e-01
    endloop
  endfacet
  facet normal 0.000000e+00 9.957680e-01 -9.190312e-02
    outer loop
      vertex   4.516886e+00 1.225000e+01 5.000000e-01
      vertex   -4.608400e+00 1.224155e+01 4.084858e-01
      vertex   -4.516886e+00 1.225000e+01 5.000000e-01
    endloop
  endfacet
  facet normal -2.373443e-03 9.955452e-01 -9.425600e-02
    outer loop
      vertex   4.608400e+00 1.224155e+01 4.084858e-01
      vertex   2.509859e+00 1.223296e+01 3.705905e-01
      vertex   4.516886e+00 1.225000e+01 5.000000e-01
    endloop
  endfacet
  facet normal 0.000000e+00 9.914449e-01 -1.305262e-01
    outer loop
      vertex   4.516886e+00 1.225000e+01 5.000000e-01
      vertex   2.509859e+00 1.223296e+01 3.705905e-01
      vertex   5.551115e-16 1.223296e+01 3.705905e-01
    endloop
  endfacet
  facet normal 0.000000e+00 9.914449e-01 -1.305262e-01
    outer loop
      vertex   4.516886e+00 1.225000e+01 5.000000e-01
      vertex   5.551115e-16 1.223296e+01 3.705905e-01
      vertex   -2.509859e+00 1.223296e+01 3.705905e-01
    endloop
  endfacet
  facet normal 0.000000e+00 9.238795e-01 -3.826834e-01
    outer loop
      vertex   -2.509859e+00 1.223296e+01 3.705905e-01
      vertex   5.551115e-16 1.223296e+01 3.705905e-01
      vertex   -2.509859e+00 1.218301e+01 2.500000e-01
    endloop
  endfacet
  facet normal 9.667721e-04 9.623789e-01 -2.717093e-01
    outer loop
      vertex   4.608400e+00 1.224155e+01 4.084858e-01
      vertex   4.696822e+00 1.221650e+01 3.200634e-01
      vertex   2.509859e+00 1.223296e+01 3.705905e-01
    endloop
  endfacet
  facet normal -1.886947e-03 9.238779e-01 -3.826828e-01
    outer loop
      vertex   2.509859e+00 1.223296e+01 3.705905e-01
      vertex   4.696822e+00 1.221650e+01 3.200634e-01
      vertex   2.509859e+00 1.218301e+01 2.500000e-01
    endloop
  endfacet
  facet normal 0.000000e+00 9.238795e-01 -3.826834e-01
    outer loop
      vertex   2.509859e+00 1.223296e+01 3.705905e-01
      vertex   2.509859e+00 1.218301e+01 2.500000e-01
      vertex   5.551115e-16 1.218301e+01 2.500000e-01
    endloop
  endfacet
  facet normal 0.000000e+00 7.933533e-01 -6.087614e-01
    outer loop
      vertex   5.551115e-16 1.218301e+01 2.500000e-01
      vertex   2.509859e+00 1.218301e+01 2.500000e-01
      vertex   5.551115e-16 1.210355e+01 1.464466e-01
    endloop
  endfacet
  facet normal 0.000000e+00 7.933533e-01 -6.087614e-01
    outer loop
      vertex   5.551115e-16 1.218301e+01 2.500000e-01
      vertex   5.551115e-16 1.210355e+01 1.464466e-01
      vertex   -2.509859e+00 1.210355e+01 1.464466e-01
    endloop
  endfacet
  facet normal 0.000000e+00 6.087614e-01 -7.933533e-01
    outer loop
      vertex   -2.509859e+00 1.210355e+01 1.464466e-01
      vertex   5.551115e-16 1.210355e+01 1.464466e-01
      vertex   -2.509859e+00 1.200000e+01 6.698730e-02
    endloop
  endfacet
  facet normal 4.920809e-04 8.961749e-01 -4.437008e-01
    outer loop
      vertex   4.696822e+00 1.221650e+01 3.200634e-01
      vertex   4.779166e+00 1.217569e+01 2.377201e-01
      vertex   2.509859e+00 1.218301e+01 2.500000e-01
    endloop
  endfacet
  facet normal -6.721149e-04 7.992389e-01 -6.010131e-01
    outer loop
      vertex   2.509859e+00 1.218301e+01 2.500000e-01
      vertex   4.779166e+00 1.217569e+01 2.377201e-01
      vertex   4.852648e+00 1.212049e+01 1.642379e-01
    endloop
  endfacet
  facet normal -1.112820e-03 7.933528e-01 -6.087611e-01
    outer loop
      vertex   2.509859e+00 1.218301e+01 2.500000e-01
      vertex   4.852648e+00 1.212049e+01 1.642379e-01
      vertex   2.509859e+00 1.210355e+01 1.464466e-01
    endloop
  endfacet
  facet normal 7.018930e-04 6.764810e-01 -7.364598e-01
    outer loop
      vertex   2.509859e+00 1.210355e+01 1.464466e-01
      vertex   4.852648e+00 1.212049e+01 1.642379e-01
      vertex   4.914786e+00 1.205278e+01 1.020993e-01
    endloop
  endfacet
  facet normal -1.776976e-03 6.087605e-01 -7.933521e-01
    outer loop
      vertex   2.509859e+00 1.210355e+01 1.464466e-01
      vertex   4.914786e+00 1.205278e+01 1.020993e-01
      vertex   2.509859e+00 1.200000e+01 6.698730e-02
    endloop
  endfacet
  facet normal 7.433617e-04 5.301922e-01 -8.478772e-01
    outer loop
      vertex   2.509859e+00 1.200000e+01 6.698730e-02
      vertex   4.914786e+00 1.205278e+01 1.020993e-01
      vertex   4.963482e+00 1.197484e+01 5.340366e-02
    endloop
  endfacet
  facet normal -1.190161e-03 3.826832e-01 -9.238789e-01
    outer loop
      vertex   2.509859e+00 1.200000e+01 6.698730e-02
      vertex   4.963482e+00 1.197484e+01 5.340366e-02
      vertex   2.509859e+00 1.187941e+01 1.703709e-02
    endloop
  endfacet
  facet normal -4.209323e-04 3.655406e-01 -9.307953e-01
    outer loop
      vertex   2.509859e+00 1.187941e+01 1.703709e-02
      vertex   4.963482e+00 1.197484e+01 5.340366e-02
      vertex   4.997089e+00 1.188930e+01 1.979617e-02
    endloop
  endfacet
  facet normal 3.368926e-04 1.892176e-01 -9.819351e-01
    outer loop
      vertex   2.509859e+00 1.187941e+01 1.703709e-02
      vertex   4.997089e+00 1.188930e+01 1.979617e-02
      vertex   5.014473e+00 1.179906e+01 2.412235e-03
    endloop
  endfacet
  facet normal 0.000000e+00 4.911451e-02 -9.987932e-01
    outer loop
      vertex   5.019717e+00 1.175000e+01 0.000000e+00
      vertex   -5.019717e+00 1.175000e+01 0.000000e+00
      vertex   5.014473e+00 1.179906e+01 2.412235e-03
    endloop
  endfacet
  facet normal -4.920063e-04 1.492623e-01 -9.887975e-01
    outer loop
      vertex   5.014473e+00 1.179906e+01 2.412235e-03
      vertex   -5.019717e+00 1.175000e+01 0.000000e+00
      vertex   5.551115e-16 1.187941e+01 1.703709e-02
    endloop
  endfacet
  facet normal 0.000000e+00 1.790630e-01 -9.838376e-01
    outer loop
      vertex   5.014473e+00 1.179906e+01 2.412235e-03
      vertex   5.551115e-16 1.187941e+01 1.703709e-02
      vertex   2.509859e+00 1.187941e+01 1.703709e-02
    endloop
  endfacet
  facet normal 0.000000e+00 3.826834e-01 -9.238795e-01
    outer loop
      vertex   2.509859e+00 1.187941e+01 1.703709e-02
      vertex   5.551115e-16 1.187941e+01 1.703709e-02
      vertex   2.509859e+00 1.200000e+01 6.698730e-02
    endloop
  endfacet
  facet normal 0.000000e+00 1.305262e-01 -9.914449e-01
    outer loop
      vertex   5.551115e-16 1.187941e+01 1.703709e-02
      vertex   -5.019717e+00 1.175000e+01 0.000000e+00
      vertex   -2.509859e+00 1.187941e+01 1.703709e-02
    endloop
  endfacet
  facet normal 0.000000e+00 3.826834e-01 -9.238795e-01
    outer loop
      vertex   5.551115e-16 1.187941e+01 1.703709e-02
      vertex   -2.509859e+00 1.187941e+01 1.703709e-02
      vertex   5.551115e-16 1.200000e+01 6.698730e-02
    endloop
  endfacet
  facet normal 0.000000e+00 3.826834e-01 -9.238795e-01
    outer loop
      vertex   5.551115e-16 1.200000e+01 6.698730e-02
      vertex   -2.509859e+00 1.187941e+01 1.703709e-02
      vertex   -2.509859e+00 1.200000e+01 6.698730e-02
    endloop
  endfacet
  facet normal 0.000000e+00 6.087614e-01 -7.933533e-01
    outer loop
      vertex   5.551115e-16 1.200000e+01 6.698730e-02
      vertex   -2.509859e+00 1.200000e+01 6.698730e-02
      vertex   5.551115e-16 1.210355e+01 1.464466e-01
    endloop
  endfacet
  facet normal 0.000000e+00 6.087614e-01 -7.933533e-01
    outer loop
      vertex   2.509859e+00 1.210355e+01 1.464466e-01
      vertex   2.509859e+00 1.200000e+01 6.698730e-02
      vertex   5.551115e-16 1.200000e+01 6.698730e-02
    endloop
  endfacet
  facet normal 0.000000e+00 3.826834e-01 -9.238795e-01
    outer loop
      vertex   5.551115e-16 1.200000e+01 6.698730e-02
      vertex   2.509859e+00 1.200000e+01 6.698730e-02
      vertex   5.551115e-16 1.187941e+01 1.703709e-02
    endloop
  endfacet
  facet normal 0.000000e+00 6.087614e-01 -7.933533e-01
    outer loop
      vertex   2.509859e+00 1.210355e+01 1.464466e-01
      vertex   5.551115e-16 1.200000e+01 6.698730e-02
      vertex   5.551115e-16 1.210355e+01 1.464466e-01
    endloop
  endfacet
  facet normal 0.000000e+00 7.933533e-01 -6.087614e-01
    outer loop
      vertex   2.509859e+00 1.218301e+01 2.500000e-01
      vertex   2.509859e+00 1.210355e+01 1.464466e-01
      vertex   5.551115e-16 1.210355e+01 1.464466e-01
    endloop
  endfacet
  facet normal 0.000000e+00 7.933533e-01 -6.087614e-01
    outer loop
      vertex   -2.509859e+00 1.210355e+01 1.464466e-01
      vertex   -2.509859e+00 1.218301e+01 2.500000e-01
      vertex   5.551115e-16 1.218301e+01 2.500000e-01
    endloop
  endfacet
  facet normal 0.000000e+00 9.238795e-01 -3.826834e-01
    outer loop
      vertex   5.551115e-16 1.218301e+01 2.500000e-01
      vertex   -2.509859e+00 1.218301e+01 2.500000e-01
      vertex   5.551115e-16 1.223296e+01 3.705905e-01
    endloop
  endfacet
  facet normal 0.000000e+00 9.238795e-01 -3.826834e-01
    outer loop
      vertex   5.551115e-16 1.218301e+01 2.500000e-01
      vertex   5.551115e-16 1.223296e+01 3.705905e-01
      vertex   2.509859e+00 1.223296e+01 3.705905e-01
    endloop
  endfacet
  facet normal 9.372758e-02 9.955962e-01 -1.840316e-03
    outer loop
      vertex   4.608400e+00 1.224155e+01 1.409151e+01
      vertex   4.638368e+00 1.223502e+01 1.208173e+01
      vertex   4.516886e+00 1.225000e+01 1.400000e+01
    endloop
  endfacet
  facet normal 1.224029e-01 9.924805e-01 0.000000e+00
    outer loop
      vertex   4.516886e+00 1.225000e+01 1.400000e+01
      vertex   4.638368e+00 1.223502e+01 1.208173e+01
      vertex   4.638368e+00 1.223502e+01 9.665863e+00
    endloop
  endfacet
  facet normal 1.224029e-01 9.924805e-01 0.000000e+00
    outer loop
      vertex   4.516886e+00 1.225000e+01 1.400000e+01
      vertex   4.638368e+00 1.223502e+01 9.665863e+00
      vertex   4.638368e+00 1.223502e+01 7.250000e+00
    endloop
  endfacet
  facet normal 3.598732e-01 9.330012e-01 -0.000000e+00
    outer loop
      vertex   4.638368e+00 1.223502e+01 7.250000e+00
      vertex   4.638368e+00 1.223502e+01 9.665863e+00
      vertex   4.752570e+00 1.219097e+01 7.250000e+00
    endloop
  endfacet
  facet normal 3.598732e-01 9.330012e-01 0.000000e+00
    outer loop
      vertex   4.638368e+00 1.223502e+01 7.250000e+00
      vertex   4.752570e+00 1.219097e+01 7.250000e+00
      vertex   4.752570e+00 1.219097e+01 4.834137e+00
    endloop
  endfacet
  facet normal 5.757762e-01 8.176073e-01 -0.000000e+00
    outer loop
      vertex   4.752570e+00 1.219097e+01 4.834137e+00
      vertex   4.752570e+00 1.219097e+01 7.250000e+00
      vertex   4.852648e+00 1.212049e+01 4.834137e+00
    endloop
  endfacet
  facet normal 5.757762e-01 8.176073e-01 0.000000e+00
    outer loop
      vertex   4.752570e+00 1.219097e+01 4.834137e+00
      vertex   4.852648e+00 1.212049e+01 4.834137e+00
      vertex   4.852648e+00 1.212049e+01 2.418275e+00
    endloop
  endfacet
  facet normal 7.571731e-01 6.532143e-01 -0.000000e+00
    outer loop
      vertex   4.852648e+00 1.212049e+01 2.418275e+00
      vertex   4.852648e+00 1.212049e+01 4.834137e+00
      vertex   4.932603e+00 1.202781e+01 2.418275e+00
    endloop
  endfacet
  facet normal 7.571726e-01 6.532138e-01 1.217062e-03
    outer loop
      vertex   4.852648e+00 1.212049e+01 2.418275e+00
      vertex   4.932603e+00 1.202781e+01 2.418275e+00
      vertex   4.914786e+00 1.205278e+01 1.020993e-01
    endloop
  endfacet
  facet normal 8.478594e-01 5.302204e-01 -8.063641e-04
    outer loop
      vertex   4.914786e+00 1.205278e+01 1.020993e-01
      vertex   4.932603e+00 1.202781e+01 2.418275e+00
      vertex   4.963482e+00 1.197484e+01 5.340366e-02
    endloop
  endfacet
  facet normal 8.931915e-01 4.496736e-01 1.589833e-03
    outer loop
      vertex   4.963482e+00 1.197484e+01 5.340366e-02
      vertex   4.932603e+00 1.202781e+01 2.418275e+00
      vertex   4.987645e+00 1.191848e+01 2.418275e+00
    endloop
  endfacet
  facet normal 9.306334e-01 3.659519e-01 -7.878250e-04
    outer loop
      vertex   4.963482e+00 1.197484e+01 5.340366e-02
      vertex   4.987645e+00 1.191848e+01 2.418275e+00
      vertex   4.997089e+00 1.188930e+01 1.979617e-02
    endloop
  endfacet
  facet normal 9.820021e-01 1.888633e-01 1.569110e-03
    outer loop
      vertex   4.997089e+00 1.188930e+01 1.979617e-02
      vertex   4.987645e+00 1.191848e+01 2.418275e+00
      vertex   5.014473e+00 1.179906e+01 2.412235e-03
    endloop
  endfacet
  facet normal 9.756833e-01 2.191851e-01 0.000000e+00
    outer loop
      vertex   5.014473e+00 1.179906e+01 2.412235e-03
      vertex   4.987645e+00 1.191848e+01 2.418275e+00
      vertex   4.987645e+00 1.191848e+01 4.834137e+00
    endloop
  endfacet
  facet normal 9.756833e-01 2.191851e-01 0.000000e+00
    outer loop
      vertex   5.014473e+00 1.179906e+01 2.412235e-03
      vertex   4.987645e+00 1.191848e+01 4.834137e+00
      vertex   4.987645e+00 1.191848e+01 7.250000e+00
    endloop
  endfacet
  facet normal 8.931927e-01 4.496742e-01 0.000000e+00
    outer loop
      vertex   4.987645e+00 1.191848e+01 7.250000e+00
      vertex   4.987645e+00 1.191848e+01 4.834137e+00
      vertex   4.932603e+00 1.202781e+01 7.250000e+00
    endloop
  endfacet
  facet normal 8.931927e-01 4.496742e-01 0.000000e+00
    outer loop
      vertex   4.987645e+00 1.191848e+01 7.250000e+00
      vertex   4.932603e+00 1.202781e+01 7.250000e+00
      vertex   4.932603e+00 1.202781e+01 9.665863e+00
    endloop
  endfacet
  facet normal 7.571731e-01 6.532143e-01 0.000000e+00
    outer loop
      vertex   4.932603e+00 1.202781e+01 9.665863e+00
      vertex   4.932603e+00 1.202781e+01 7.250000e+00
      vertex   4.852648e+00 1.212049e+01 9.665863e+00
    endloop
  endfacet
  facet normal 7.571731e-01 6.532143e-01 0.000000e+00
    outer loop
      vertex   4.932603e+00 1.202781e+01 9.665863e+00
      vertex   4.852648e+00 1.212049e+01 9.665863e+00
      vertex   4.852648e+00 1.212049e+01 1.208173e+01
    endloop
  endfacet
  facet normal 5.757762e-01 8.176073e-01 0.000000e+00
    outer loop
      vertex   4.852648e+00 1.212049e+01 1.208173e+01
      vertex   4.852648e+00 1.212049e+01 9.665863e+00
      vertex   4.752570e+00 1.219097e+01 1.208173e+01
    endloop
  endfacet
  facet normal 5.757758e-01 8.176066e-01 -1.292757e-03
    outer loop
      vertex   4.852648e+00 1.212049e+01 1.208173e+01
      vertex   4.752570e+00 1.219097e+01 1.208173e+01
      vertex   4.779166e+00 1.217569e+01 1.426228e+01
    endloop
  endfacet
  facet normal 4.433944e-01 8.963262e-01 8.735032e-04
    outer loop
      vertex   4.779166e+00 1.217569e+01 1.426228e+01
      vertex   4.752570e+00 1.219097e+01 1.208173e+01
      vertex   4.696822e+00 1.221650e+01 1.417994e+01
    endloop
  endfacet
  facet normal 3.598726e-01 9.329997e-01 -1.791883e-03
    outer loop
      vertex   4.696822e+00 1.221650e+01 1.417994e+01
      vertex   4.752570e+00 1.219097e+01 1.208173e+01
      vertex   4.638368e+00 1.223502e+01 1.208173e+01
    endloop
  endfacet
  facet normal 2.717505e-01 9.623673e-01 9.222830e-04
    outer loop
      vertex   4.696822e+00 1.221650e+01 1.417994e+01
      vertex   4.638368e+00 1.223502e+01 1.208173e+01
      vertex   4.608400e+00 1.224155e+01 1.409151e+01
    endloop
  endfacet
  facet normal 6.005837e-01 7.995619e-01 0.000000e+00
    outer loop
      vertex   4.779166e+00 1.217569e+01 1.426228e+01
      vertex   4.852648e+00 1.212049e+01 1.433576e+01
      vertex   4.852648e+00 1.212049e+01 1.208173e+01
    endloop
  endfacet
  facet normal 7.367809e-01 6.761316e-01 -0.000000e+00
    outer loop
      vertex   4.852648e+00 1.212049e+01 1.208173e+01
      vertex   4.852648e+00 1.212049e+01 1.433576e+01
      vertex   4.914786e+00 1.205278e+01 1.439790e+01
    endloop
  endfacet
  facet normal 7.571726e-01 6.532138e-01 -1.217062e-03
    outer loop
      vertex   4.852648e+00 1.212049e+01 1.208173e+01
      vertex   4.914786e+00 1.205278e+01 1.439790e+01
      vertex   4.932603e+00 1.202781e+01 1.208173e+01
    endloop
  endfacet
  facet normal 8.478594e-01 5.302204e-01 8.063641e-04
    outer loop
      vertex   4.932603e+00 1.202781e+01 1.208173e+01
      vertex   4.914786e+00 1.205278e+01 1.439790e+01
      vertex   4.963482e+00 1.197484e+01 1.444660e+01
    endloop
  endfacet
  facet normal 8.931915e-01 4.496736e-01 -1.589833e-03
    outer loop
      vertex   4.932603e+00 1.202781e+01 1.208173e+01
      vertex   4.963482e+00 1.197484e+01 1.444660e+01
      vertex   4.987645e+00 1.191848e+01 1.208173e+01
    endloop
  endfacet
  facet normal 9.306334e-01 3.659519e-01 7.878250e-04
    outer loop
      vertex   4.987645e+00 1.191848e+01 1.208173e+01
      vertex   4.963482e+00 1.197484e+01 1.444660e+01
      vertex   4.997089e+00 1.188930e+01 1.448020e+01
    endloop
  endfacet
  facet normal 9.514104e-01 3.079258e-01 0.000000e+00
    outer loop
      vertex   4.987645e+00 1.191848e+01 1.208173e+01
      vertex   4.997089e+00 1.188930e+01 1.448020e+01
      vertex   4.987645e+00 1.191848e+01 9.665863e+00
    endloop
  endfacet
  facet normal 9.684731e-01 2.491178e-01 -3.899434e-04
    outer loop
      vertex   4.987645e+00 1.191848e+01 9.665863e+00
      vertex   4.997089e+00 1.188930e+01 1.448020e+01
      vertex   5.014473e+00 1.179906e+01 2.412235e-03
    endloop
  endfacet
  facet normal 9.756833e-01 2.191851e-01 0.000000e+00
    outer loop
      vertex   4.987645e+00 1.191848e+01 9.665863e+00
      vertex   5.014473e+00 1.179906e+01 2.412235e-03
      vertex   4.987645e+00 1.191848e+01 7.250000e+00
    endloop
  endfacet
  facet normal 9.819472e-01 1.891550e-01 -6.022659e-17
    outer loop
      vertex   4.997089e+00 1.188930e+01 1.448020e+01
      vertex   5.014473e+00 1.179906e+01 1.449759e+01
      vertex   5.014473e+00 1.179906e+01 2.412235e-03
    endloop
  endfacet
  facet normal 7.367809e-01 6.761316e-01 0.000000e+00
    outer loop
      vertex   4.914786e+00 1.205278e+01 1.020993e-01
      vertex   4.852648e+00 1.212049e+01 1.642379e-01
      vertex   4.852648e+00 1.212049e+01 2.418275e+00
    endloop
  endfacet
  facet normal 6.005837e-01 7.995619e-01 0.000000e+00
    outer loop
      vertex   4.852648e+00 1.212049e+01 2.418275e+00
      vertex   4.852648e+00 1.212049e+01 1.642379e-01
      vertex   4.779166e+00 1.217569e+01 2.377201e-01
    endloop
  endfacet
  facet normal 5.757758e-01 8.176066e-01 1.292757e-03
    outer loop
      vertex   4.852648e+00 1.212049e+01 2.418275e+00
      vertex   4.779166e+00 1.217569e+01 2.377201e-01
      vertex   4.752570e+00 1.219097e+01 2.418275e+00
    endloop
  endfacet
  facet normal 4.433944e-01 8.963262e-01 -8.735032e-04
    outer loop
      vertex   4.752570e+00 1.219097e+01 2.418275e+00
      vertex   4.779166e+00 1.217569e+01 2.377201e-01
      vertex   4.696822e+00 1.221650e+01 3.200634e-01
    endloop
  endfacet
  facet normal 3.598726e-01 9.329997e-01 1.791883e-03
    outer loop
      vertex   4.752570e+00 1.219097e+01 2.418275e+00
      vertex   4.696822e+00 1.221650e+01 3.200634e-01
      vertex   4.638368e+00 1.223502e+01 2.418275e+00
    endloop
  endfacet
  facet normal 2.717505e-01 9.623673e-01 -9.222830e-04
    outer loop
      vertex   4.638368e+00 1.223502e+01 2.418275e+00
      vertex   4.696822e+00 1.221650e+01 3.200634e-01
      vertex   4.608400e+00 1.224155e+01 4.084858e-01
    endloop
  endfacet
  facet normal 2.130970e-01 9.770311e-01 -0.000000e+00
    outer loop
      vertex   4.638368e+00 1.223502e+01 2.418275e+00
      vertex   4.608400e+00 1.224155e+01 4.084858e-01
      vertex   4.638368e+00 1.223502e+01 4.834137e+00
    endloop
  endfacet
  facet normal 1.535363e-01 9.881429e-01 4.197263e-04
    outer loop
      vertex   4.638368e+00 1.223502e+01 4.834137e+00
      vertex   4.608400e+00 1.224155e+01 4.084858e-01
      vertex   4.516886e+00 1.225000e+01 1.400000e+01
    endloop
  endfacet
  facet normal 1.224029e-01 9.924805e-01 -0.000000e+00
    outer loop
      vertex   4.638368e+00 1.223502e+01 4.834137e+00
      vertex   4.516886e+00 1.225000e+01 1.400000e+01
      vertex   4.638368e+00 1.223502e+01 7.250000e+00
    endloop
  endfacet
  facet normal 9.190312e-02 9.957680e-01 0.000000e+00
    outer loop
      vertex   4.608400e+00 1.224155e+01 4.084858e-01
      vertex   4.516886e+00 1.225000e+01 5.000000e-01
      vertex   4.516886e+00 1.225000e+01 1.400000e+01
    endloop
  endfacet
  facet normal 3.598732e-01 9.330012e-01 -0.000000e+00
    outer loop
      vertex   4.638368e+00 1.223502e+01 9.665863e+00
      vertex   4.638368e+00 1.223502e+01 1.208173e+01
      vertex   4.752570e+00 1.219097e+01 9.665863e+00
    endloop
  endfacet
  facet normal 3.598732e-01 9.330012e-01 -0.000000e+00
    outer loop
      vertex   4.752570e+00 1.219097e+01 9.665863e+00
      vertex   4.638368e+00 1.223502e+01 1.208173e+01
      vertex   4.752570e+00 1.219097e+01 1.208173e+01
    endloop
  endfacet
  facet normal 5.757762e-01 8.176073e-01 -0.000000e+00
    outer loop
      vertex   4.752570e+00 1.219097e+01 9.665863e+00
      vertex   4.752570e+00 1.219097e+01 1.208173e+01
      vertex   4.852648e+00 1.212049e+01 9.665863e+00
    endloop
  endfacet
  facet normal 3.598732e-01 9.330012e-01 0.000000e+00
    outer loop
      vertex   4.752570e+00 1.219097e+01 2.418275e+00
      vertex   4.638368e+00 1.223502e+01 2.418275e+00
      vertex   4.638368e+00 1.223502e+01 4.834137e+00
    endloop
  endfacet
  facet normal 3.598732e-01 9.330012e-01 -0.000000e+00
    outer loop
      vertex   4.752570e+00 1.219097e+01 2.418275e+00
      vertex   4.638368e+00 1.223502e+01 4.834137e+00
      vertex   4.752570e+00 1.219097e+01 4.834137e+00
    endloop
  endfacet
  facet normal 3.598732e-01 9.330012e-01 0.000000e+00
    outer loop
      vertex   4.752570e+00 1.219097e+01 4.834137e+00
      vertex   4.638368e+00 1.223502e+01 4.834137e+00
      vertex   4.638368e+00 1.223502e+01 7.250000e+00
    endloop
  endfacet
  facet normal 3.598732e-01 9.330012e-01 0.000000e+00
    outer loop
      vertex   4.638368e+00 1.223502e+01 9.665863e+00
      vertex   4.752570e+00 1.219097e+01 9.665863e+00
      vertex   4.752570e+00 1.219097e+01 7.250000e+00
    endloop
  endfacet
  facet normal 5.757762e-01 8.176073e-01 -0.000000e+00
    outer loop
      vertex   4.752570e+00 1.219097e+01 7.250000e+00
      vertex   4.752570e+00 1.219097e+01 9.665863e+00
      vertex   4.852648e+00 1.212049e+01 7.250000e+00
    endloop
  endfacet
  facet normal 5.757762e-01 8.176073e-01 0.000000e+00
    outer loop
      vertex   4.752570e+00 1.219097e+01 7.250000e+00
      vertex   4.852648e+00 1.212049e+01 7.250000e+00
      vertex   4.852648e+00 1.212049e+01 4.834137e+00
    endloop
  endfacet
  facet normal 7.571731e-01 6.532143e-01 -0.000000e+00
    outer loop
      vertex   4.852648e+00 1.212049e+01 4.834137e+00
      vertex   4.852648e+00 1.212049e+01 7.250000e+00
      vertex   4.932603e+00 1.202781e+01 4.834137e+00
    endloop
  endfacet
  facet normal 7.571731e-01 6.532143e-01 0.000000e+00
    outer loop
      vertex   4.852648e+00 1.212049e+01 4.834137e+00
      vertex   4.932603e+00 1.202781e+01 4.834137e+00
      vertex   4.932603e+00 1.202781e+01 2.418275e+00
    endloop
  endfacet
  facet normal 8.931927e-01 4.496742e-01 -0.000000e+00
    outer loop
      vertex   4.932603e+00 1.202781e+01 2.418275e+00
      vertex   4.932603e+00 1.202781e+01 4.834137e+00
      vertex   4.987645e+00 1.191848e+01 2.418275e+00
    endloop
  endfacet
  facet normal 5.757762e-01 8.176073e-01 -0.000000e+00
    outer loop
      vertex   4.852648e+00 1.212049e+01 7.250000e+00
      vertex   4.752570e+00 1.219097e+01 9.665863e+00
      vertex   4.852648e+00 1.212049e+01 9.665863e+00
    endloop
  endfacet
  facet normal 5.757762e-01 8.176073e-01 0.000000e+00
    outer loop
      vertex   4.852648e+00 1.212049e+01 2.418275e+00
      vertex   4.752570e+00 1.219097e+01 2.418275e+00
      vertex   4.752570e+00 1.219097e+01 4.834137e+00
    endloop
  endfacet
  facet normal 7.571731e-01 6.532143e-01 -0.000000e+00
    outer loop
      vertex   4.932603e+00 1.202781e+01 4.834137e+00
      vertex   4.852648e+00 1.212049e+01 7.250000e+00
      vertex   4.932603e+00 1.202781e+01 7.250000e+00
    endloop
  endfacet
  facet normal 7.571731e-01 6.532143e-01 0.000000e+00
    outer loop
      vertex   4.932603e+00 1.202781e+01 7.250000e+00
      vertex   4.852648e+00 1.212049e+01 7.250000e+00
      vertex   4.852648e+00 1.212049e+01 9.665863e+00
    endloop
  endfacet
  facet normal 7.571731e-01 6.532143e-01 0.000000e+00
    outer loop
      vertex   4.852648e+00 1.212049e+01 1.208173e+01
      vertex   4.932603e+00 1.202781e+01 1.208173e+01
      vertex   4.932603e+00 1.202781e+01 9.665863e+00
    endloop
  endfacet
  facet normal 8.931927e-01 4.496742e-01 -0.000000e+00
    outer loop
      vertex   4.932603e+00 1.202781e+01 9.665863e+00
      vertex   4.932603e+00 1.202781e+01 1.208173e+01
      vertex   4.987645e+00 1.191848e+01 9.665863e+00
    endloop
  endfacet
  facet normal 8.931927e-01 4.496742e-01 0.000000e+00
    outer loop
      vertex   4.932603e+00 1.202781e+01 9.665863e+00
      vertex   4.987645e+00 1.191848e+01 9.665863e+00
      vertex   4.987645e+00 1.191848e+01 7.250000e+00
    endloop
  endfacet
  facet normal 8.931927e-01 4.496742e-01 0.000000e+00
    outer loop
      vertex   4.987645e+00 1.191848e+01 1.208173e+01
      vertex   4.987645e+00 1.191848e+01 9.665863e+00
      vertex   4.932603e+00 1.202781e+01 1.208173e+01
    endloop
  endfacet
  facet normal 8.931927e-01 4.496742e-01 -0.000000e+00
    outer loop
      vertex   4.987645e+00 1.191848e+01 2.418275e+00
      vertex   4.932603e+00 1.202781e+01 4.834137e+00
      vertex   4.987645e+00 1.191848e+01 4.834137e+00
    endloop
  endfacet
  facet normal 8.931927e-01 4.496742e-01 0.000000e+00
    outer loop
      vertex   4.987645e+00 1.191848e+01 4.834137e+00
      vertex   4.932603e+00 1.202781e+01 4.834137e+00
      vertex   4.932603e+00 1.202781e+01 7.250000e+00
    endloop
  endfacet
  facet normal -9.943352e-01 1.062899e-01 5.210253e-17
    outer loop
      vertex   -5.014473e+00 1.179906e+01 1.449759e+01
      vertex   -5.014473e+00 1.179906e+01 2.412235e-03
      vertex   -5.019717e+00 1.175000e+01 1.450000e+01
    endloop
  endfacet
  facet normal -9.863311e-01 1.647752e-01 2.007907e-04
    outer loop
      vertex   -5.019717e+00 1.175000e+01 1.450000e+01
      vertex   -5.014473e+00 1.179906e+01 2.412235e-03
      vertex   -5.075711e+00 1.142366e+01 7.250000e+00
    endloop
  endfacet
  facet normal -9.843808e-01 1.760522e-01 -3.218768e-04
    outer loop
      vertex   -5.019717e+00 1.175000e+01 1.450000e+01
      vertex   -5.075711e+00 1.142366e+01 7.250000e+00
      vertex   -5.085442e+00 1.138251e+01 1.450000e+01
    endloop
  endfacet
  facet normal -9.586503e-01 2.845866e-01 3.287175e-04
    outer loop
      vertex   -5.085442e+00 1.138251e+01 1.450000e+01
      vertex   -5.075711e+00 1.142366e+01 7.250000e+00
      vertex   -5.183956e+00 1.105903e+01 7.250000e+00
    endloop
  endfacet
  facet normal -9.548932e-01 2.969494e-01 -2.739320e-04
    outer loop
      vertex   -5.085442e+00 1.138251e+01 1.450000e+01
      vertex   -5.183956e+00 1.105903e+01 7.250000e+00
      vertex   -5.196300e+00 1.102602e+01 1.450000e+01
    endloop
  endfacet
  facet normal -9.149363e-01 4.035983e-01 2.796322e-04
    outer loop
      vertex   -5.196300e+00 1.102602e+01 1.450000e+01
      vertex   -5.183956e+00 1.105903e+01 7.250000e+00
      vertex   -5.337468e+00 1.071103e+01 7.250000e+00
    endloop
  endfacet
  facet normal -9.106184e-01 4.132481e-01 -2.237062e-04
    outer loop
      vertex   -5.196300e+00 1.102602e+01 1.450000e+01
      vertex   -5.337468e+00 1.071103e+01 7.250000e+00
      vertex   -5.350576e+00 1.068607e+01 1.450000e+01
    endloop
  endfacet
  facet normal -8.565149e-01 5.161222e-01 2.282661e-04
    outer loop
      vertex   -5.350576e+00 1.068607e+01 1.450000e+01
      vertex   -5.337468e+00 1.071103e+01 7.250000e+00
      vertex   -5.533779e+00 1.038524e+01 7.250000e+00
    endloop
  endfacet
  facet normal -8.522422e-01 5.231475e-01 -1.711999e-04
    outer loop
      vertex   -5.350576e+00 1.068607e+01 1.450000e+01
      vertex   -5.533779e+00 1.038524e+01 7.250000e+00
      vertex   -5.545879e+00 1.036790e+01 1.450000e+01
    endloop
  endfacet
  facet normal -7.843253e-01 6.203497e-01 1.746195e-04
    outer loop
      vertex   -5.545879e+00 1.036790e+01 1.450000e+01
      vertex   -5.533779e+00 1.038524e+01 7.250000e+00
      vertex   -5.769734e+00 1.008692e+01 7.250000e+00
    endloop
  endfacet
  facet normal -7.806684e-01 6.249455e-01 -1.164132e-04
    outer loop
      vertex   -5.545879e+00 1.036790e+01 1.450000e+01
      vertex   -5.769734e+00 1.008692e+01 7.250000e+00
      vertex   -5.779186e+00 1.007646e+01 1.450000e+01
    endloop
  endfacet
  facet normal -6.995280e-01 7.146052e-01 1.186928e-04
    outer loop
      vertex   -5.779186e+00 1.007646e+01 1.450000e+01
      vertex   -5.769734e+00 1.008692e+01 7.250000e+00
      vertex   -6.041540e+00 9.820847e+00 7.250000e+00
    endloop
  endfacet
  facet normal -6.970054e-01 7.170659e-01 -5.934643e-05
    outer loop
      vertex   -5.779186e+00 1.007646e+01 1.450000e+01
      vertex   -6.041540e+00 9.820847e+00 7.250000e+00
      vertex   -6.046884e+00 9.816253e+00 1.450000e+01
    endloop
  endfacet
  facet normal -6.025488e-01 7.980820e-01 6.162581e-05
    outer loop
      vertex   -6.046884e+00 9.816253e+00 1.450000e+01
      vertex   -6.041540e+00 9.820847e+00 7.250000e+00
      vertex   -6.344828e+00 9.591307e+00 1.450000e+01
    endloop
  endfacet
  facet normal -6.043881e-01 7.966900e-01 -5.938783e-05
    outer loop
      vertex   -6.344828e+00 9.591307e+00 1.450000e+01
      vertex   -6.041540e+00 9.820847e+00 7.250000e+00
      vertex   -6.046884e+00 9.816253e+00 0.000000e+00
    endloop
  endfacet
  facet normal -6.025488e-01 7.980820e-01 0.000000e+00
    outer loop
      vertex   -6.344828e+00 9.591307e+00 1.450000e+01
      vertex   -6.046884e+00 9.816253e+00 0.000000e+00
      vertex   -6.344828e+00 9.591307e+00 0.000000e+00
    endloop
  endfacet
  facet normal -9.943160e-01 1.064299e-01 -2.888729e-03
    outer loop
      vertex   -5.014473e+00 1.179906e+01 2.412235e-03
      vertex   -5.019717e+00 1.175000e+01 0.000000e+00
      vertex   -5.075711e+00 1.142366e+01 7.250000e+00
    endloop
  endfacet
  facet normal -9.843808e-01 1.760522e-01 3.218768e-04
    outer loop
      vertex   -5.075711e+00 1.142366e+01 7.250000e+00
      vertex   -5.019717e+00 1.175000e+01 0.000000e+00
      vertex   -5.085442e+00 1.138251e+01 0.000000e+00
    endloop
  endfacet
  facet normal -9.586503e-01 2.845866e-01 -3.287175e-04
    outer loop
      vertex   -5.075711e+00 1.142366e+01 7.250000e+00
      vertex   -5.085442e+00 1.138251e+01 0.000000e+00
      vertex   -5.183956e+00 1.105903e+01 7.250000e+00
    endloop
  endfacet
  facet normal -9.548932e-01 2.969494e-01 2.739320e-04
    outer loop
      vertex   -5.183956e+00 1.105903e+01 7.250000e+00
      vertex   -5.085442e+00 1.138251e+01 0.000000e+00
      vertex   -5.196300e+00 1.102602e+01 0.000000e+00
    endloop
  endfacet
  facet normal -9.149363e-01 4.035983e-01 -2.796322e-04
    outer loop
      vertex   -5.183956e+00 1.105903e+01 7.250000e+00
      vertex   -5.196300e+00 1.102602e+01 0.000000e+00
      vertex   -5.337468e+00 1.071103e+01 7.250000e+00
    endloop
  endfacet
  facet normal -9.106184e-01 4.132481e-01 2.237062e-04
    outer loop
      vertex   -5.337468e+00 1.071103e+01 7.250000e+00
      vertex   -5.196300e+00 1.102602e+01 0.000000e+00
      vertex   -5.350576e+00 1.068607e+01 0.000000e+00
    endloop
  endfacet
  facet normal -8.565149e-01 5.161222e-01 -2.282661e-04
    outer loop
      vertex   -5.337468e+00 1.071103e+01 7.250000e+00
      vertex   -5.350576e+00 1.068607e+01 0.000000e+00
      vertex   -5.533779e+00 1.038524e+01 7.250000e+00
    endloop
  endfacet
  facet normal -8.522422e-01 5.231475e-01 1.711999e-04
    outer loop
      vertex   -5.533779e+00 1.038524e+01 7.250000e+00
      vertex   -5.350576e+00 1.068607e+01 0.000000e+00
      vertex   -5.545879e+00 1.036790e+01 0.000000e+00
    endloop
  endfacet
  facet normal -7.843253e-01 6.203497e-01 -1.746195e-04
    outer loop
      vertex   -5.533779e+00 1.038524e+01 7.250000e+00
      vertex   -5.545879e+00 1.036790e+01 0.000000e+00
      vertex   -5.769734e+00 1.008692e+01 7.250000e+00
    endloop
  endfacet
  facet normal -7.806684e-01 6.249455e-01 1.164132e-04
    outer loop
      vertex   -5.769734e+00 1.008692e+01 7.250000e+00
      vertex   -5.545879e+00 1.036790e+01 0.000000e+00
      vertex   -5.779186e+00 1.007646e+01 0.000000e+00
    endloop
  endfacet
  facet normal -6.995280e-01 7.146052e-01 -1.186928e-04
    outer loop
      vertex   -5.769734e+00 1.008692e+01 7.250000e+00
      vertex   -5.779186e+00 1.007646e+01 0.000000e+00
      vertex   -6.041540e+00 9.820847e+00 7.250000e+00
    endloop
  endfacet
  facet normal -6.970054e-01 7.170659e-01 5.934643e-05
    outer loop
      vertex   -6.041540e+00 9.820847e+00 7.250000e+00
      vertex   -5.779186e+00 1.007646e+01 0.000000e+00
      vertex   -6.046884e+00 9.816253e+00 0.000000e+00
    endloop
  endfacet
  facet normal 2.373443e-03 9.955452e-01 9.425600e-02
    outer loop
      vertex   -4.608400e+00 1.224155e+01 1.409151e+01
      vertex   -2.509859e+00 1.223296e+01 1.412941e+01
      vertex   -4.516886e+00 1.225000e+01 1.400000e+01
    endloop
  endfacet
  facet normal 0.000000e+00 9.914449e-01 1.305262e-01
    outer loop
      vertex   -4.516886e+00 1.225000e+01 1.400000e+01
      vertex   -2.509859e+00 1.223296e+01 1.412941e+01
      vertex   2.775558e-16 1.223296e+01 1.412941e+01
    endloop
  endfacet
  facet normal 0.000000e+00 9.914449e-01 1.305262e-01
    outer loop
      vertex   -4.516886e+00 1.225000e+01 1.400000e+01
      vertex   2.775558e-16 1.223296e+01 1.412941e+01
      vertex   2.509859e+00 1.223296e+01 1.412941e+01
    endloop
  endfacet
  facet normal 0.000000e+00 9.238795e-01 3.826834e-01
    outer loop
      vertex   2.509859e+00 1.223296e+01 1.412941e+01
      vertex   2.775558e-16 1.223296e+01 1.412941e+01
      vertex   2.509859e+00 1.218301e+01 1.425000e+01
    endloop
  endfacet
  facet normal -1.886947e-03 9.238779e-01 3.826828e-01
    outer loop
      vertex   2.509859e+00 1.223296e+01 1.412941e+01
      vertex   2.509859e+00 1.218301e+01 1.425000e+01
      vertex   4.696822e+00 1.221650e+01 1.417994e+01
    endloop
  endfacet
  facet normal 4.920809e-04 8.961749e-01 4.437008e-01
    outer loop
      vertex   4.696822e+00 1.221650e+01 1.417994e+01
      vertex   2.509859e+00 1.218301e+01 1.425000e+01
      vertex   4.779166e+00 1.217569e+01 1.426228e+01
    endloop
  endfacet
  facet normal -6.721149e-04 7.992389e-01 6.010131e-01
    outer loop
      vertex   4.779166e+00 1.217569e+01 1.426228e+01
      vertex   2.509859e+00 1.218301e+01 1.425000e+01
      vertex   4.852648e+00 1.212049e+01 1.433576e+01
    endloop
  endfacet
  facet normal -1.112820e-03 7.933528e-01 6.087611e-01
    outer loop
      vertex   4.852648e+00 1.212049e+01 1.433576e+01
      vertex   2.509859e+00 1.218301e+01 1.425000e+01
      vertex   2.509859e+00 1.210355e+01 1.435355e+01
    endloop
  endfacet
  facet normal 7.018930e-04 6.764810e-01 7.364598e-01
    outer loop
      vertex   4.852648e+00 1.212049e+01 1.433576e+01
      vertex   2.509859e+00 1.210355e+01 1.435355e+01
      vertex   4.914786e+00 1.205278e+01 1.439790e+01
    endloop
  endfacet
  facet normal -1.776976e-03 6.087605e-01 7.933521e-01
    outer loop
      vertex   4.914786e+00 1.205278e+01 1.439790e+01
      vertex   2.509859e+00 1.210355e+01 1.435355e+01
      vertex   2.509859e+00 1.200000e+01 1.443301e+01
    endloop
  endfacet
  facet normal 7.433617e-04 5.301922e-01 8.478772e-01
    outer loop
      vertex   4.914786e+00 1.205278e+01 1.439790e+01
      vertex   2.509859e+00 1.200000e+01 1.443301e+01
      vertex   4.963482e+00 1.197484e+01 1.444660e+01
    endloop
  endfacet
  facet normal -1.190161e-03 3.826832e-01 9.238789e-01
    outer loop
      vertex   4.963482e+00 1.197484e+01 1.444660e+01
      vertex   2.509859e+00 1.200000e+01 1.443301e+01
      vertex   2.509859e+00 1.187941e+01 1.448296e+01
    endloop
  endfacet
  facet normal -4.209323e-04 3.655406e-01 9.307953e-01
    outer loop
      vertex   4.963482e+00 1.197484e+01 1.444660e+01
      vertex   2.509859e+00 1.187941e+01 1.448296e+01
      vertex   4.997089e+00 1.188930e+01 1.448020e+01
    endloop
  endfacet
  facet normal 3.368926e-04 1.892176e-01 9.819351e-01
    outer loop
      vertex   4.997089e+00 1.188930e+01 1.448020e+01
      vertex   2.509859e+00 1.187941e+01 1.448296e+01
      vertex   5.014473e+00 1.179906e+01 1.449759e+01
    endloop
  endfacet
  facet normal -4.271103e-03 4.865859e-02 9.988063e-01
    outer loop
      vertex   5.014473e+00 1.179906e+01 1.449759e+01
      vertex   2.509859e+00 1.187941e+01 1.448296e+01
      vertex   5.019717e+00 1.175000e+01 1.450000e+01
    endloop
  endfacet
  facet normal 0.000000e+00 1.305262e-01 9.914449e-01
    outer loop
      vertex   5.019717e+00 1.175000e+01 1.450000e+01
      vertex   2.509859e+00 1.187941e+01 1.448296e+01
      vertex   2.775558e-16 1.187941e+01 1.448296e+01
    endloop
  endfacet
  facet normal 4.920063e-04 1.492623e-01 9.887975e-01
    outer loop
      vertex   5.019717e+00 1.175000e+01 1.450000e+01
      vertex   2.775558e-16 1.187941e+01 1.448296e+01
      vertex   -5.014473e+00 1.179906e+01 1.449759e+01
    endloop
  endfacet
  facet normal 0.000000e+00 1.790630e-01 9.838376e-01
    outer loop
      vertex   -5.014473e+00 1.179906e+01 1.449759e+01
      vertex   2.775558e-16 1.187941e+01 1.448296e+01
      vertex   -2.509859e+00 1.187941e+01 1.448296e+01
    endloop
  endfacet
  facet normal -3.368926e-04 1.892176e-01 9.819351e-01
    outer loop
      vertex   -5.014473e+00 1.179906e+01 1.449759e+01
      vertex   -2.509859e+00 1.187941e+01 1.448296e+01
      vertex   -4.997089e+00 1.188930e+01 1.448020e+01
    endloop
  endfacet
  facet normal 4.209323e-04 3.655406e-01 9.307953e-01
    outer loop
      vertex   -4.997089e+00 1.188930e+01 1.448020e+01
      vertex   -2.509859e+00 1.187941e+01 1.448296e+01
      vertex   -4.963482e+00 1.197484e+01 1.444660e+01
    endloop
  endfacet
  facet normal 1.190161e-03 3.826832e-01 9.238789e-01
    outer loop
      vertex   -4.963482e+00 1.197484e+01 1.444660e+01
      vertex   -2.509859e+00 1.187941e+01 1.448296e+01
      vertex   -2.509859e+00 1.200000e+01 1.443301e+01
    endloop
  endfacet
  facet normal -7.433617e-04 5.301922e-01 8.478772e-01
    outer loop
      vertex   -4.963482e+00 1.197484e+01 1.444660e+01
      vertex   -2.509859e+00 1.200000e+01 1.443301e+01
      vertex   -4.914786e+00 1.205278e+01 1.439790e+01
    endloop
  endfacet
  facet normal 1.776976e-03 6.087605e-01 7.933521e-01
    outer loop
      vertex   -4.914786e+00 1.205278e+01 1.439790e+01
      vertex   -2.509859e+00 1.200000e+01 1.443301e+01
      vertex   -2.509859e+00 1.210355e+01 1.435355e+01
    endloop
  endfacet
  facet normal -7.018930e-04 6.764810e-01 7.364598e-01
    outer loop
      vertex   -4.914786e+00 1.205278e+01 1.439790e+01
      vertex   -2.509859e+00 1.210355e+01 1.435355e+01
      vertex   -4.852648e+00 1.212049e+01 1.433576e+01
    endloop
  endfacet
  facet normal 1.112820e-03 7.933528e-01 6.087611e-01
    outer loop
      vertex   -4.852648e+00 1.212049e+01 1.433576e+01
      vertex   -2.509859e+00 1.210355e+01 1.435355e+01
      vertex   -2.509859e+00 1.218301e+01 1.425000e+01
    endloop
  endfacet
  facet normal 6.721149e-04 7.992389e-01 6.010131e-01
    outer loop
      vertex   -4.852648e+00 1.212049e+01 1.433576e+01
      vertex   -2.509859e+00 1.218301e+01 1.425000e+01
      vertex   -4.779166e+00 1.217569e+01 1.426228e+01
    endloop
  endfacet
  facet normal -4.920809e-04 8.961749e-01 4.437008e-01
    outer loop
      vertex   -4.779166e+00 1.217569e+01 1.426228e+01
      vertex   -2.509859e+00 1.218301e+01 1.425000e+01
      vertex   -4.696822e+00 1.221650e+01 1.417994e+01
    endloop
  endfacet
  facet normal 1.886947e-03 9.238779e-01 3.826828e-01
    outer loop
      vertex   -4.696822e+00 1.221650e+01 1.417994e+01
      vertex   -2.509859e+00 1.218301e+01 1.425000e+01
      vertex   -2.509859e+00 1.223296e+01 1.412941e+01
    endloop
  endfacet
  facet normal -9.667721e-04 9.623789e-01 2.717093e-01
    outer loop
      vertex   -4.696822e+00 1.221650e+01 1.417994e+01
      vertex   -2.509859e+00 1.223296e+01 1.412941e+01
      vertex   -4.608400e+00 1.224155e+01 1.409151e+01
    endloop
  endfacet
  facet normal 0.000000e+00 4.911451e-02 9.987932e-01
    outer loop
      vertex   -5.014473e+00 1.179906e+01 1.449759e+01
      vertex   -5.019717e+00 1.175000e+01 1.450000e+01
      vertex   5.019717e+00 1.175000e+01 1.450000e+01
    endloop
  endfacet
  facet normal 9.667721e-04 9.623789e-01 2.717093e-01
    outer loop
      vertex   4.696822e+00 1.221650e+01 1.417994e+01
      vertex   4.608400e+00 1.224155e+01 1.409151e+01
      vertex   2.509859e+00 1.223296e+01 1.412941e+01
    endloop
  endfacet
  facet normal -8.531133e-04 9.844037e-01 1.759220e-01
    outer loop
      vertex   2.509859e+00 1.223296e+01 1.412941e+01
      vertex   4.608400e+00 1.224155e+01 1.409151e+01
      vertex   -4.516886e+00 1.225000e+01 1.400000e+01
    endloop
  endfacet
  facet normal 0.000000e+00 9.957680e-01 9.190312e-02
    outer loop
      vertex   4.608400e+00 1.224155e+01 1.409151e+01
      vertex   4.516886e+00 1.225000e+01 1.400000e+01
      vertex   -4.516886e+00 1.225000e+01 1.400000e+01
    endloop
  endfacet
  facet normal 0.000000e+00 9.238795e-01 3.826834e-01
    outer loop
      vertex   2.775558e-16 1.223296e+01 1.412941e+01
      vertex   -2.509859e+00 1.223296e+01 1.412941e+01
      vertex   2.775558e-16 1.218301e+01 1.425000e+01
    endloop
  endfacet
  facet normal 0.000000e+00 9.238795e-01 3.826834e-01
    outer loop
      vertex   2.775558e-16 1.218301e+01 1.425000e+01
      vertex   -2.509859e+00 1.223296e+01 1.412941e+01
      vertex   -2.509859e+00 1.218301e+01 1.425000e+01
    endloop
  endfacet
  facet normal 0.000000e+00 7.933533e-01 6.087614e-01
    outer loop
      vertex   2.775558e-16 1.218301e+01 1.425000e+01
      vertex   -2.509859e+00 1.218301e+01 1.425000e+01
      vertex   2.775558e-16 1.210355e+01 1.435355e+01
    endloop
  endfacet
  facet normal 0.000000e+00 7.933533e-01 6.087614e-01
    outer loop
      vertex   2.775558e-16 1.210355e+01 1.435355e+01
      vertex   -2.509859e+00 1.218301e+01 1.425000e+01
      vertex   -2.509859e+00 1.210355e+01 1.435355e+01
    endloop
  endfacet
  facet normal 0.000000e+00 6.087614e-01 7.933533e-01
    outer loop
      vertex   2.775558e-16 1.210355e+01 1.435355e+01
      vertex   -2.509859e+00 1.210355e+01 1.435355e+01
      vertex   2.775558e-16 1.200000e+01 1.443301e+01
    endloop
  endfacet
  facet normal 0.000000e+00 6.087614e-01 7.933533e-01
    outer loop
      vertex   2.775558e-16 1.200000e+01 1.443301e+01
      vertex   -2.509859e+00 1.210355e+01 1.435355e+01
      vertex   -2.509859e+00 1.200000e+01 1.443301e+01
    endloop
  endfacet
  facet normal 0.000000e+00 3.826834e-01 9.238795e-01
    outer loop
      vertex   2.775558e-16 1.200000e+01 1.443301e+01
      vertex   -2.509859e+00 1.200000e+01 1.443301e+01
      vertex   2.775558e-16 1.187941e+01 1.448296e+01
    endloop
  endfacet
  facet normal 0.000000e+00 3.826834e-01 9.238795e-01
    outer loop
      vertex   2.775558e-16 1.187941e+01 1.448296e+01
      vertex   -2.509859e+00 1.200000e+01 1.443301e+01
      vertex   -2.509859e+00 1.187941e+01 1.448296e+01
    endloop
  endfacet
  facet normal 0.000000e+00 7.933533e-01 6.087614e-01
    outer loop
      vertex   2.509859e+00 1.210355e+01 1.435355e+01
      vertex   2.509859e+00 1.218301e+01 1.425000e+01
      vertex   2.775558e-16 1.218301e+01 1.425000e+01
    endloop
  endfacet
  facet normal -0.000000e+00 9.238795e-01 3.826834e-01
    outer loop
      vertex   2.775558e-16 1.218301e+01 1.425000e+01
      vertex   2.509859e+00 1.218301e+01 1.425000e+01
      vertex   2.775558e-16 1.223296e+01 1.412941e+01
    endloop
  endfacet
  facet normal 0.000000e+00 7.933533e-01 6.087614e-01
    outer loop
      vertex   2.509859e+00 1.210355e+01 1.435355e+01
      vertex   2.775558e-16 1.218301e+01 1.425000e+01
      vertex   2.775558e-16 1.210355e+01 1.435355e+01
    endloop
  endfacet
  facet normal 0.000000e+00 6.087614e-01 7.933533e-01
    outer loop
      vertex   2.509859e+00 1.200000e+01 1.443301e+01
      vertex   2.509859e+00 1.210355e+01 1.435355e+01
      vertex   2.775558e-16 1.210355e+01 1.435355e+01
    endloop
  endfacet
  facet normal 0.000000e+00 6.087614e-01 7.933533e-01
    outer loop
      vertex   2.509859e+00 1.200000e+01 1.443301e+01
      vertex   2.775558e-16 1.210355e+01 1.435355e+01
      vertex   2.775558e-16 1.200000e+01 1.443301e+01
    endloop
  endfacet
  facet normal 0.000000e+00 3.826834e-01 9.238795e-01
    outer loop
      vertex   2.509859e+00 1.187941e+01 1.448296e+01
      vertex   2.509859e+00 1.200000e+01 1.443301e+01
      vertex   2.775558e-16 1.200000e+01 1.443301e+01
    endloop
  endfacet
  facet normal 0.000000e+00 3.826834e-01 9.238795e-01
    outer loop
      vertex   2.509859e+00 1.187941e+01 1.448296e+01
      vertex   2.775558e-16 1.200000e+01 1.443301e+01
      vertex   2.775558e-16 1.187941e+01 1.448296e+01
    endloop
  endfacet
  facet normal 9.943352e-01 1.062899e-01 -6.092696e-17
    outer loop
      vertex   5.014473e+00 1.179906e+01 2.412235e-03
      vertex   5.014473e+00 1.179906e+01 1.449759e+01
      vertex   5.019717e+00 1.175000e+01 0.000000e+00
    endloop
  endfacet
  facet normal 9.863311e-01 1.647752e-01 -2.007907e-04
    outer loop
      vertex   5.019717e+00 1.175000e+01 0.000000e+00
      vertex   5.014473e+00 1.179906e+01 1.449759e+01
      vertex   5.075711e+00 1.142366e+01 7.250000e+00
    endloop
  endfacet
  facet normal 9.843808e-01 1.760522e-01 3.218768e-04
    outer loop
      vertex   5.019717e+00 1.175000e+01 0.000000e+00
      vertex   5.075711e+00 1.142366e+01 7.250000e+00
      vertex   5.085442e+00 1.138251e+01 0.000000e+00
    endloop
  endfacet
  facet normal 9.586503e-01 2.845866e-01 -3.287175e-04
    outer loop
      vertex   5.085442e+00 1.138251e+01 0.000000e+00
      vertex   5.075711e+00 1.142366e+01 7.250000e+00
      vertex   5.183956e+00 1.105903e+01 7.250000e+00
    endloop
  endfacet
  facet normal 9.548932e-01 2.969494e-01 2.739320e-04
    outer loop
      vertex   5.085442e+00 1.138251e+01 0.000000e+00
      vertex   5.183956e+00 1.105903e+01 7.250000e+00
      vertex   5.196300e+00 1.102602e+01 0.000000e+00
    endloop
  endfacet
  facet normal 9.149363e-01 4.035983e-01 -2.796322e-04
    outer loop
      vertex   5.196300e+00 1.102602e+01 0.000000e+00
      vertex   5.183956e+00 1.105903e+01 7.250000e+00
      vertex   5.337468e+00 1.071103e+01 7.250000e+00
    endloop
  endfacet
  facet normal 9.106184e-01 4.132481e-01 2.237062e-04
    outer loop
      vertex   5.196300e+00 1.102602e+01 0.000000e+00
      vertex   5.337468e+00 1.071103e+01 7.250000e+00
      vertex   5.350576e+00 1.068607e+01 0.000000e+00
    endloop
  endfacet
  facet normal 8.565149e-01 5.161222e-01 -2.282661e-04
    outer loop
      vertex   5.350576e+00 1.068607e+01 0.000000e+00
      vertex   5.337468e+00 1.071103e+01 7.250000e+00
      vertex   5.533779e+00 1.038524e+01 7.250000e+00
    endloop
  endfacet
  facet normal 8.522422e-01 5.231475e-01 1.711999e-04
    outer loop
      vertex   5.350576e+00 1.068607e+01 0.000000e+00
      vertex   5.533779e+00 1.038524e+01 7.250000e+00
      vertex   5.545879e+00 1.036790e+01 0.000000e+00
    endloop
  endfacet
  facet normal 7.843253e-01 6.203497e-01 -1.746195e-04
    outer loop
      vertex   5.545879e+00 1.036790e+01 0.000000e+00
      vertex   5.533779e+00 1.038524e+01 7.250000e+00
      vertex   5.769734e+00 1.008692e+01 7.250000e+00
    endloop
  endfacet
  facet normal 7.806684e-01 6.249455e-01 1.164132e-04
    outer loop
      vertex   5.545879e+00 1.036790e+01 0.000000e+00
      vertex   5.769734e+00 1.008692e+01 7.250000e+00
      vertex   5.779186e+00 1.007646e+01 0.000000e+00
    endloop
  endfacet
  facet normal 6.995280e-01 7.146052e-01 -1.186928e-04
    outer loop
      vertex   5.779186e+00 1.007646e+01 0.000000e+00
      vertex   5.769734e+00 1.008692e+01 7.250000e+00
      vertex   6.041540e+00 9.820847e+00 7.250000e+00
    endloop
  endfacet
  facet normal 6.970054e-01 7.170659e-01 5.934643e-05
    outer loop
      vertex   5.779186e+00 1.007646e+01 0.000000e+00
      vertex   6.041540e+00 9.820847e+00 7.250000e+00
      vertex   6.046884e+00 9.816253e+00 0.000000e+00
    endloop
  endfacet
  facet normal 6.025488e-01 7.980820e-01 -6.162581e-05
    outer loop
      vertex   6.046884e+00 9.816253e+00 0.000000e+00
      vertex   6.041540e+00 9.820847e+00 7.250000e+00
      vertex   6.344828e+00 9.591307e+00 0.000000e+00
    endloop
  endfacet
  facet normal 6.043881e-01 7.966900e-01 5.938783e-05
    outer loop
      vertex   6.344828e+00 9.591307e+00 0.000000e+00
      vertex   6.041540e+00 9.820847e+00 7.250000e+00
      vertex   6.046884e+00 9.816253e+00 1.450000e+01
    endloop
  endfacet
  facet normal 6.025488e-01 7.980820e-01 -0.000000e+00
    outer loop
      vertex   6.344828e+00 9.591307e+00 0.000000e+00
      vertex   6.046884e+00 9.816253e+00 1.450000e+01
      vertex   6.344828e+00 9.591307e+00 1.450000e+01
    endloop
  endfacet
  facet normal 9.943160e-01 1.064299e-01 2.888729e-03
    outer loop
      vertex   5.014473e+00 1.179906e+01 1.449759e+01
      vertex   5.019717e+00 1.175000e+01 1.450000e+01
      vertex   5.075711e+00 1.142366e+01 7.250000e+00
    endloop
  endfacet
  facet normal 9.843808e-01 1.760522e-01 -3.218768e-04
    outer loop
      vertex   5.075711e+00 1.142366e+01 7.250000e+00
      vertex   5.019717e+00 1.175000e+01 1.450000e+01
      vertex   5.085442e+00 1.138251e+01 1.450000e+01
    endloop
  endfacet
  facet normal 9.586503e-01 2.845866e-01 3.287175e-04
    outer loop
      vertex   5.075711e+00 1.142366e+01 7.250000e+00
      vertex   5.085442e+00 1.138251e+01 1.450000e+01
      vertex   5.183956e+00 1.105903e+01 7.250000e+00
    endloop
  endfacet
  facet normal 9.548932e-01 2.969494e-01 -2.739320e-04
    outer loop
      vertex   5.183956e+00 1.105903e+01 7.250000e+00
      vertex   5.085442e+00 1.138251e+01 1.450000e+01
      vertex   5.196300e+00 1.102602e+01 1.450000e+01
    endloop
  endfacet
  facet normal 9.149363e-01 4.035983e-01 2.796322e-04
    outer loop
      vertex   5.183956e+00 1.105903e+01 7.250000e+00
      vertex   5.196300e+00 1.102602e+01 1.450000e+01
      vertex   5.337468e+00 1.071103e+01 7.250000e+00
    endloop
  endfacet
  facet normal 9.106184e-01 4.132481e-01 -2.237062e-04
    outer loop
      vertex   5.337468e+00 1.071103e+01 7.250000e+00
      vertex   5.196300e+00 1.102602e+01 1.450000e+01
      vertex   5.350576e+00 1.068607e+01 1.450000e+01
    endloop
  endfacet
  facet normal 8.565149e-01 5.161222e-01 2.282661e-04
    outer loop
      vertex   5.337468e+00 1.071103e+01 7.250000e+00
      vertex   5.350576e+00 1.068607e+01 1.450000e+01
      vertex   5.533779e+00 1.038524e+01 7.250000e+00
    endloop
  endfacet
  facet normal 8.522422e-01 5.231475e-01 -1.711999e-04
    outer loop
      vertex   5.533779e+00 1.038524e+01 7.250000e+00
      vertex   5.350576e+00 1.068607e+01 1.450000e+01
      vertex   5.545879e+00 1.036790e+01 1.450000e+01
    endloop
  endfacet
  facet normal 7.843253e-01 6.203497e-01 1.746195e-04
    outer loop
      vertex   5.533779e+00 1.038524e+01 7.250000e+00
      vertex   5.545879e+00 1.036790e+01 1.450000e+01
      vertex   5.769734e+00 1.008692e+01 7.250000e+00
    endloop
  endfacet
  facet normal 7.806684e-01 6.249455e-01 -1.164132e-04
    outer loop
      vertex   5.769734e+00 1.008692e+01 7.250000e+00
      vertex   5.545879e+00 1.036790e+01 1.450000e+01
      vertex   5.779186e+00 1.007646e+01 1.450000e+01
    endloop
  endfacet
  facet normal 6.995280e-01 7.146052e-01 1.186928e-04
    outer loop
      vertex   5.769734e+00 1.008692e+01 7.250000e+00
      vertex   5.779186e+00 1.007646e+01 1.450000e+01
      vertex   6.041540e+00 9.820847e+00 7.250000e+00
    endloop
  endfacet
  facet normal 6.970054e-01 7.170659e-01 -5.934643e-05
    outer loop
      vertex   6.041540e+00 9.820847e+00 7.250000e+00
      vertex   5.779186e+00 1.007646e+01 1.450000e+01
      vertex   6.046884e+00 9.816253e+00 1.450000e+01
    endloop
  endfacet
  facet normal -5.807563e-01 8.140774e-01 0.000000e+00
    outer loop
      vertex   -6.344828e+00 9.591307e+00 1.450000e+01
      vertex   -6.344828e+00 9.591307e+00 0.000000e+00
      vertex   -7.004281e+00 9.120858e+00 1.450000e+01
    endloop
  endfacet
  facet normal -5.807563e-01 8.140774e-01 -8.575067e-17
    outer loop
      vertex   -7.004281e+00 9.120858e+00 1.450000e+01
      vertex   -6.344828e+00 9.591307e+00 0.000000e+00
      vertex   -7.004281e+00 9.120858e+00 0.000000e+00
    endloop
  endfacet
  facet normal -6.366237e-01 7.711746e-01 -4.945044e-17
    outer loop
      vertex   -7.004281e+00 9.120858e+00 1.450000e+01
      vertex   -7.004281e+00 9.120858e+00 0.000000e+00
      vertex   -7.628980e+00 8.605154e+00 1.450000e+01
    endloop
  endfacet
  facet normal -6.366237e-01 7.711746e-01 -1.499536e-16
    outer loop
      vertex   -7.628980e+00 8.605154e+00 1.450000e+01
      vertex   -7.004281e+00 9.120858e+00 0.000000e+00
      vertex   -7.628980e+00 8.605154e+00 0.000000e+00
    endloop
  endfacet
  facet normal -6.893322e-01 7.244453e-01 -1.352756e-16
    outer loop
      vertex   -7.628980e+00 8.605154e+00 1.450000e+01
      vertex   -7.628980e+00 8.605154e+00 0.000000e+00
      vertex   -8.215825e+00 8.046752e+00 1.450000e+01
    endloop
  endfacet
  facet normal -6.893322e-01 7.244453e-01 -4.301613e-18
    outer loop
      vertex   -8.215825e+00 8.046752e+00 1.450000e+01
      vertex   -7.628980e+00 8.605154e+00 0.000000e+00
      vertex   -8.215825e+00 8.046752e+00 0.000000e+00
    endloop
  endfacet
  facet normal -7.386205e-01 6.741215e-01 7.901597e-18
    outer loop
      vertex   -8.215825e+00 8.046752e+00 1.450000e+01
      vertex   -8.215825e+00 8.046752e+00 0.000000e+00
      vertex   -8.761905e+00 7.448423e+00 1.450000e+01
    endloop
  endfacet
  facet normal -7.386205e-01 6.741215e-01 7.901597e-18
    outer loop
      vertex   -8.761905e+00 7.448423e+00 1.450000e+01
      vertex   -8.215825e+00 8.046752e+00 0.000000e+00
      vertex   -8.761905e+00 7.448423e+00 0.000000e+00
    endloop
  endfacet
  facet normal -7.842438e-01 6.204528e-01 2.006560e-17
    outer loop
      vertex   -8.761905e+00 7.448423e+00 1.450000e+01
      vertex   -8.761905e+00 7.448423e+00 0.000000e+00
      vertex   -9.264511e+00 6.813138e+00 1.450000e+01
    endloop
  endfacet
  facet normal -7.842438e-01 6.204528e-01 5.807062e-17
    outer loop
      vertex   -9.264511e+00 6.813138e+00 1.450000e+01
      vertex   -8.761905e+00 7.448423e+00 0.000000e+00
      vertex   -9.264511e+00 6.813138e+00 0.000000e+00
    endloop
  endfacet
  facet normal -8.259758e-01 5.637055e-01 6.665908e-17
    outer loop
      vertex   -9.264511e+00 6.813138e+00 1.450000e+01
      vertex   -9.264511e+00 6.813138e+00 0.000000e+00
      vertex   -9.721147e+00 6.144046e+00 1.450000e+01
    endloop
  endfacet
  facet normal -8.259758e-01 5.637055e-01 -6.905808e-17
    outer loop
      vertex   -9.721147e+00 6.144046e+00 1.450000e+01
      vertex   -9.264511e+00 6.813138e+00 0.000000e+00
      vertex   -9.721147e+00 6.144046e+00 0.000000e+00
    endloop
  endfacet
  facet normal -8.636095e-01 5.041613e-01 -6.176347e-17
    outer loop
      vertex   -9.721147e+00 6.144046e+00 1.450000e+01
      vertex   -9.721147e+00 6.144046e+00 0.000000e+00
      vertex   -1.012955e+01 5.444469e+00 1.450000e+01
    endloop
  endfacet
  facet normal -8.636095e-01 5.041613e-01 1.189519e-16
    outer loop
      vertex   -1.012955e+01 5.444469e+00 1.450000e+01
      vertex   -9.721147e+00 6.144046e+00 0.000000e+00
      vertex   -1.012955e+01 5.444469e+00 0.000000e+00
    endloop
  endfacet
  facet normal -8.969582e-01 4.421154e-01 1.385244e-16
    outer loop
      vertex   -1.012955e+01 5.444469e+00 1.450000e+01
      vertex   -1.012955e+01 5.444469e+00 0.000000e+00
      vertex   -1.048769e+01 4.717877e+00 1.450000e+01
    endloop
  endfacet
  facet normal -8.969582e-01 4.421154e-01 1.656056e-16
    outer loop
      vertex   -1.048769e+01 4.717877e+00 1.450000e+01
      vertex   -1.012955e+01 5.444469e+00 0.000000e+00
      vertex   -1.048769e+01 4.717877e+00 0.000000e+00
    endloop
  endfacet
  facet normal -9.258563e-01 3.778759e-01 1.805558e-16
    outer loop
      vertex   -1.048769e+01 4.717877e+00 1.450000e+01
      vertex   -1.048769e+01 4.717877e+00 0.000000e+00
      vertex   -1.079379e+01 3.967876e+00 1.450000e+01
    endloop
  endfacet
  facet normal -9.258563e-01 3.778759e-01 -8.101202e-17
    outer loop
      vertex   -1.079379e+01 3.967876e+00 1.450000e+01
      vertex   -1.048769e+01 4.717877e+00 0.000000e+00
      vertex   -1.079379e+01 3.967876e+00 0.000000e+00
    endloop
  endfacet
  facet normal -9.501604e-01 3.117614e-01 -6.683788e-17
    outer loop
      vertex   -1.079379e+01 3.967876e+00 1.450000e+01
      vertex   -1.079379e+01 3.967876e+00 0.000000e+00
      vertex   -1.104634e+01 3.198188e+00 1.450000e+01
    endloop
  endfacet
  facet normal -9.501604e-01 3.117614e-01 1.755137e-16
    outer loop
      vertex   -1.104634e+01 3.198188e+00 1.450000e+01
      vertex   -1.079379e+01 3.967876e+00 0.000000e+00
      vertex   -1.104634e+01 3.198188e+00 0.000000e+00
    endloop
  endfacet
  facet normal -9.697501e-01 2.441001e-01 1.927470e-16
    outer loop
      vertex   -1.104634e+01 3.198188e+00 1.450000e+01
      vertex   -1.104634e+01 3.198188e+00 0.000000e+00
      vertex   -1.124407e+01 2.412630e+00 1.450000e+01
    endloop
  endfacet
  facet normal -9.697501e-01 2.441001e-01 -4.485608e-17
    outer loop
      vertex   -1.124407e+01 2.412630e+00 1.450000e+01
      vertex   -1.104634e+01 3.198188e+00 0.000000e+00
      vertex   -1.124407e+01 2.412630e+00 0.000000e+00
    endloop
  endfacet
  facet normal -9.845280e-01 1.752275e-01 -3.219999e-17
    outer loop
      vertex   -1.124407e+01 2.412630e+00 1.450000e+01
      vertex   -1.124407e+01 2.412630e+00 0.000000e+00
      vertex   -1.138602e+01 1.615102e+00 1.450000e+01
    endloop
  endfacet
  facet normal -9.845280e-01 1.752275e-01 -8.854997e-17
    outer loop
      vertex   -1.138602e+01 1.615102e+00 1.450000e+01
      vertex   -1.124407e+01 2.412630e+00 0.000000e+00
      vertex   -1.138602e+01 1.615102e+00 0.000000e+00
    endloop
  endfacet
  facet normal -9.944208e-01 1.054855e-01 -5.330634e-17
    outer loop
      vertex   -1.138602e+01 1.615102e+00 1.450000e+01
      vertex   -1.138602e+01 1.615102e+00 0.000000e+00
      vertex   -1.147147e+01 8.095593e-01 1.450000e+01
    endloop
  endfacet
  facet normal -9.944208e-01 1.054855e-01 -1.857645e-17
    outer loop
      vertex   -1.147147e+01 8.095593e-01 1.450000e+01
      vertex   -1.138602e+01 1.615102e+00 0.000000e+00
      vertex   -1.147147e+01 8.095593e-01 0.000000e+00
    endloop
  endfacet
  facet normal -9.993796e-01 3.522008e-02 -6.202409e-18
    outer loop
      vertex   -1.147147e+01 8.095593e-01 1.450000e+01
      vertex   -1.147147e+01 8.095593e-01 0.000000e+00
      vertex   -1.150000e+01 -1.408344e-15 1.450000e+01
    endloop
  endfacet
  facet normal -9.993796e-01 3.522008e-02 6.841653e-18
    outer loop
      vertex   -1.150000e+01 -1.408344e-15 1.450000e+01
      vertex   -1.147147e+01 8.095593e-01 0.000000e+00
      vertex   -1.150000e+01 1.408344e-15 0.000000e+00
    endloop
  endfacet
  facet normal -9.993796e-01 -3.522008e-02 -6.841653e-18
    outer loop
      vertex   -1.150000e+01 -1.408344e-15 1.450000e+01
      vertex   -1.150000e+01 1.408344e-15 0.000000e+00
      vertex   -1.147147e+01 -8.095593e-01 1.450000e+01
    endloop
  endfacet
  facet normal -9.993796e-01 -3.522008e-02 6.202409e-18
    outer loop
      vertex   -1.147147e+01 -8.095593e-01 1.450000e+01
      vertex   -1.150000e+01 1.408344e-15 0.000000e+00
      vertex   -1.147147e+01 -8.095593e-01 0.000000e+00
    endloop
  endfacet
  facet normal -9.944208e-01 -1.054855e-01 1.857645e-17
    outer loop
      vertex   -1.147147e+01 -8.095593e-01 1.450000e+01
      vertex   -1.147147e+01 -8.095593e-01 0.000000e+00
      vertex   -1.138602e+01 -1.615102e+00 1.450000e+01
    endloop
  endfacet
  facet normal -9.944208e-01 -1.054855e-01 5.330634e-17
    outer loop
      vertex   -1.138602e+01 -1.615102e+00 1.450000e+01
      vertex   -1.147147e+01 -8.095593e-01 0.000000e+00
      vertex   -1.138602e+01 -1.615102e+00 0.000000e+00
    endloop
  endfacet
  facet normal -9.845280e-01 -1.752275e-01 8.854997e-17
    outer loop
      vertex   -1.138602e+01 -1.615102e+00 1.450000e+01
      vertex   -1.138602e+01 -1.615102e+00 0.000000e+00
      vertex   -1.124407e+01 -2.412630e+00 1.450000e+01
    endloop
  endfacet
  facet normal -9.845280e-01 -1.752275e-01 3.219999e-17
    outer loop
      vertex   -1.124407e+01 -2.412630e+00 1.450000e+01
      vertex   -1.138602e+01 -1.615102e+00 0.000000e+00
      vertex   -1.124407e+01 -2.412630e+00 0.000000e+00
    endloop
  endfacet
  facet normal -9.697501e-01 -2.441001e-01 4.485608e-17
    outer loop
      vertex   -1.124407e+01 -2.412630e+00 1.450000e+01
      vertex   -1.124407e+01 -2.412630e+00 0.000000e+00
      vertex   -1.104634e+01 -3.198188e+00 1.450000e+01
    endloop
  endfacet
  facet normal -9.697501e-01 -2.441001e-01 -3.738007e-17
    outer loop
      vertex   -1.104634e+01 -3.198188e+00 1.450000e+01
      vertex   -1.124407e+01 -2.412630e+00 0.000000e+00
      vertex   -1.104634e+01 -3.198188e+00 0.000000e+00
    endloop
  endfacet
  facet normal -9.501604e-01 -3.117614e-01 -4.774134e-17
    outer loop
      vertex   -1.104634e+01 -3.198188e+00 1.450000e+01
      vertex   -1.104634e+01 -3.198188e+00 0.000000e+00
      vertex   -1.079379e+01 -3.967876e+00 1.450000e+01
    endloop
  endfacet
  facet normal -9.501604e-01 -3.117614e-01 6.683788e-17
    outer loop
      vertex   -1.079379e+01 -3.967876e+00 1.450000e+01
      vertex   -1.104634e+01 -3.198188e+00 0.000000e+00
      vertex   -1.079379e+01 -3.967876e+00 0.000000e+00
    endloop
  endfacet
  facet normal -9.258563e-01 -3.778759e-01 8.101202e-17
    outer loop
      vertex   -1.079379e+01 -3.967876e+00 1.450000e+01
      vertex   -1.079379e+01 -3.967876e+00 0.000000e+00
      vertex   -1.048769e+01 -4.717877e+00 1.450000e+01
    endloop
  endfacet
  facet normal -9.258563e-01 -3.778759e-01 -4.167809e-17
    outer loop
      vertex   -1.048769e+01 -4.717877e+00 1.450000e+01
      vertex   -1.079379e+01 -3.967876e+00 0.000000e+00
      vertex   -1.048769e+01 -4.717877e+00 0.000000e+00
    endloop
  endfacet
  facet normal -8.969582e-01 -4.421154e-01 -3.118374e-18
    outer loop
      vertex   -1.048769e+01 -4.717877e+00 1.450000e+01
      vertex   -1.048769e+01 -4.717877e+00 0.000000e+00
      vertex   -1.012955e+01 -5.444469e+00 1.450000e+01
    endloop
  endfacet
  facet normal -8.969582e-01 -4.421154e-01 -1.385244e-16
    outer loop
      vertex   -1.012955e+01 -5.444469e+00 1.450000e+01
      vertex   -1.048769e+01 -4.717877e+00 0.000000e+00
      vertex   -1.012955e+01 -5.444469e+00 0.000000e+00
    endloop
  endfacet
  facet normal -8.636095e-01 -5.041613e-01 -1.189519e-16
    outer loop
      vertex   -1.012955e+01 -5.444469e+00 1.450000e+01
      vertex   -1.012955e+01 -5.444469e+00 0.000000e+00
      vertex   -9.721147e+00 -6.144046e+00 1.450000e+01
    endloop
  endfacet
  facet normal -8.636095e-01 -5.041613e-01 4.403506e-17
    outer loop
      vertex   -9.721147e+00 -6.144046e+00 1.450000e+01
      vertex   -1.012955e+01 -5.444469e+00 0.000000e+00
      vertex   -9.721147e+00 -6.144046e+00 0.000000e+00
    endloop
  endfacet
  facet normal -8.259758e-01 -5.637055e-01 3.213004e-17
    outer loop
      vertex   -9.721147e+00 -6.144046e+00 1.450000e+01
      vertex   -9.721147e+00 -6.144046e+00 0.000000e+00
      vertex   -9.264511e+00 -6.813138e+00 1.450000e+01
    endloop
  endfacet
  facet normal -8.259758e-01 -5.637055e-01 -6.665908e-17
    outer loop
      vertex   -9.264511e+00 -6.813138e+00 1.450000e+01
      vertex   -9.721147e+00 -6.144046e+00 0.000000e+00
      vertex   -9.264511e+00 -6.813138e+00 0.000000e+00
    endloop
  endfacet
  facet normal -7.842438e-01 -6.204528e-01 -5.807062e-17
    outer loop
      vertex   -9.264511e+00 -6.813138e+00 1.450000e+01
      vertex   -9.264511e+00 -6.813138e+00 0.000000e+00
      vertex   -8.761905e+00 -7.448423e+00 1.450000e+01
    endloop
  endfacet
  facet normal -7.842438e-01 -6.204528e-01 -2.006560e-17
    outer loop
      vertex   -8.761905e+00 -7.448423e+00 1.450000e+01
      vertex   -9.264511e+00 -6.813138e+00 0.000000e+00
      vertex   -8.761905e+00 -7.448423e+00 0.000000e+00
    endloop
  endfacet
  facet normal -7.386205e-01 -6.741215e-01 -7.901597e-18
    outer loop
      vertex   -8.761905e+00 -7.448423e+00 1.450000e+01
      vertex   -8.761905e+00 -7.448423e+00 0.000000e+00
      vertex   -8.215825e+00 -8.046752e+00 1.450000e+01
    endloop
  endfacet
  facet normal -7.386205e-01 -6.741215e-01 -1.651697e-16
    outer loop
      vertex   -8.215825e+00 -8.046752e+00 1.450000e+01
      vertex   -8.761905e+00 -7.448423e+00 0.000000e+00
      vertex   -8.215825e+00 -8.046752e+00 0.000000e+00
    endloop
  endfacet
  facet normal -6.893322e-01 -7.244453e-01 -1.774998e-16
    outer loop
      vertex   -8.215825e+00 -8.046752e+00 1.450000e+01
      vertex   -8.215825e+00 -8.046752e+00 0.000000e+00
      vertex   -7.628980e+00 -8.605154e+00 1.450000e+01
    endloop
  endfacet
  facet normal -6.893322e-01 -7.244453e-01 1.352756e-16
    outer loop
      vertex   -7.628980e+00 -8.605154e+00 1.450000e+01
      vertex   -8.215825e+00 -8.046752e+00 0.000000e+00
      vertex   -7.628980e+00 -8.605154e+00 0.000000e+00
    endloop
  endfacet
  facet normal -6.366237e-01 -7.711746e-01 1.499536e-16
    outer loop
      vertex   -7.628980e+00 -8.605154e+00 1.450000e+01
      vertex   -7.628980e+00 -8.605154e+00 0.000000e+00
      vertex   -7.004281e+00 -9.120858e+00 1.450000e+01
    endloop
  endfacet
  facet normal -6.366237e-01 -7.711746e-01 4.945044e-17
    outer loop
      vertex   -7.004281e+00 -9.120858e+00 1.450000e+01
      vertex   -7.628980e+00 -8.605154e+00 0.000000e+00
      vertex   -7.004281e+00 -9.120858e+00 0.000000e+00
    endloop
  endfacet
  facet normal -5.807563e-01 -8.140774e-01 8.575067e-17
    outer loop
      vertex   -7.004281e+00 -9.120858e+00 1.450000e+01
      vertex   -7.004281e+00 -9.120858e+00 0.000000e+00
      vertex   -6.344828e+00 -9.591307e+00 1.450000e+01
    endloop
  endfacet
  facet normal -5.807563e-01 -8.140774e-01 -0.000000e+00
    outer loop
      vertex   -6.344828e+00 -9.591307e+00 1.450000e+01
      vertex   -7.004281e+00 -9.120858e+00 0.000000e+00
      vertex   -6.344828e+00 -9.591307e+00 0.000000e+00
    endloop
  endfacet
  facet normal 5.793823e-01 -8.150559e-01 0.000000e+00
    outer loop
      vertex   6.344828e+00 -9.591307e+00 1.450000e+01
      vertex   6.344828e+00 -9.591307e+00 0.000000e+00
      vertex   6.973470e+00 -9.144436e+00 1.450000e+01
    endloop
  endfacet
  facet normal 5.807563e-01 -8.140774e-01 -8.972680e-05
    outer loop
      vertex   6.973470e+00 -9.144436e+00 1.450000e+01
      vertex   6.344828e+00 -9.591307e+00 0.000000e+00
      vertex   7.004281e+00 -9.120858e+00 0.000000e+00
    endloop
  endfacet
  facet normal 6.327130e-01 -7.743864e-01 8.521577e-05
    outer loop
      vertex   6.973470e+00 -9.144436e+00 1.450000e+01
      vertex   7.004281e+00 -9.120858e+00 0.000000e+00
      vertex   7.570744e+00 -8.656433e+00 1.450000e+01
    endloop
  endfacet
  facet normal 6.366237e-01 -7.711746e-01 -1.704313e-04
    outer loop
      vertex   7.570744e+00 -8.656433e+00 1.450000e+01
      vertex   7.004281e+00 -9.120858e+00 0.000000e+00
      vertex   7.628980e+00 -8.605154e+00 0.000000e+00
    endloop
  endfacet
  facet normal 6.831977e-01 -7.302335e-01 1.614088e-04
    outer loop
      vertex   7.570744e+00 -8.656433e+00 1.450000e+01
      vertex   7.628980e+00 -8.605154e+00 0.000000e+00
      vertex   8.133964e+00 -8.129491e+00 1.450000e+01
    endloop
  endfacet
  facet normal 6.893322e-01 -7.244453e-01 -2.421126e-04
    outer loop
      vertex   8.133964e+00 -8.129491e+00 1.450000e+01
      vertex   7.628980e+00 -8.605154e+00 0.000000e+00
      vertex   8.215825e+00 -8.046752e+00 0.000000e+00
    endloop
  endfacet
  facet normal 7.306092e-01 -6.827958e-01 2.285781e-04
    outer loop
      vertex   8.133964e+00 -8.129491e+00 1.450000e+01
      vertex   8.215825e+00 -8.046752e+00 0.000000e+00
      vertex   8.660596e+00 -7.565981e+00 1.450000e+01
    endloop
  endfacet
  facet normal 7.386204e-01 -6.741215e-01 -3.047698e-04
    outer loop
      vertex   8.660596e+00 -7.565981e+00 1.450000e+01
      vertex   8.215825e+00 -8.046752e+00 0.000000e+00
      vertex   8.761905e+00 -7.448423e+00 0.000000e+00
    endloop
  endfacet
  facet normal 7.747343e-01 -6.322869e-01 2.867231e-04
    outer loop
      vertex   8.660596e+00 -7.565981e+00 1.450000e+01
      vertex   8.761905e+00 -7.448423e+00 0.000000e+00
      vertex   9.148271e+00 -6.968438e+00 1.450000e+01
    endloop
  endfacet
  facet normal 7.842437e-01 -6.204528e-01 -3.584023e-04
    outer loop
      vertex   9.148271e+00 -6.968438e+00 1.450000e+01
      vertex   8.761905e+00 -7.448423e+00 0.000000e+00
      vertex   9.264511e+00 -6.813138e+00 0.000000e+00
    endloop
  endfacet
  facet normal 8.153745e-01 -5.789338e-01 3.358430e-04
    outer loop
      vertex   9.148271e+00 -6.968438e+00 1.450000e+01
      vertex   9.264511e+00 -6.813138e+00 0.000000e+00
      vertex   9.594796e+00 -6.339550e+00 1.450000e+01
    endloop
  endfacet
  facet normal 8.259758e-01 -5.637055e-01 -4.030094e-04
    outer loop
      vertex   9.594796e+00 -6.339550e+00 1.450000e+01
      vertex   9.264511e+00 -6.813138e+00 0.000000e+00
      vertex   9.721147e+00 -6.144046e+00 0.000000e+00
    endloop
  endfacet
  facet normal 8.523470e-01 -5.229765e-01 3.759372e-04
    outer loop
      vertex   9.594796e+00 -6.339550e+00 1.450000e+01
      vertex   9.721147e+00 -6.144046e+00 0.000000e+00
      vertex   9.998161e+00 -5.682146e+00 1.450000e+01
    endloop
  endfacet
  facet normal 8.636094e-01 -5.041612e-01 -4.385907e-04
    outer loop
      vertex   9.998161e+00 -5.682146e+00 1.450000e+01
      vertex   9.721147e+00 -6.144046e+00 0.000000e+00
      vertex   1.012955e+01 -5.444469e+00 0.000000e+00
    endloop
  endfacet
  facet normal 8.854855e-01 -4.646668e-01 4.070054e-04
    outer loop
      vertex   9.998161e+00 -5.682146e+00 1.450000e+01
      vertex   1.012955e+01 -5.444469e+00 0.000000e+00
      vertex   1.035655e+01 -4.999182e+00 1.450000e+01
    endloop
  endfacet
  facet normal 8.969581e-01 -4.421154e-01 -4.651457e-04
    outer loop
      vertex   1.035655e+01 -4.999182e+00 1.450000e+01
      vertex   1.012955e+01 -5.444469e+00 0.000000e+00
      vertex   1.048769e+01 -4.717877e+00 0.000000e+00
    endloop
  endfacet
  facet normal 9.146409e-01 -4.042670e-01 4.290471e-04
    outer loop
      vertex   1.035655e+01 -4.999182e+00 1.450000e+01
      vertex   1.048769e+01 -4.717877e+00 0.000000e+00
      vertex   1.066836e+01 -4.293731e+00 1.450000e+01
    endloop
  endfacet
  facet normal 9.258561e-01 -3.778759e-01 -4.826741e-04
    outer loop
      vertex   1.066836e+01 -4.293731e+00 1.450000e+01
      vertex   1.048769e+01 -4.717877e+00 0.000000e+00
      vertex   1.079379e+01 -3.967876e+00 0.000000e+00
    endloop
  endfacet
  facet normal 9.396821e-01 -3.420487e-01 4.420622e-04
    outer loop
      vertex   1.066836e+01 -4.293731e+00 1.450000e+01
      vertex   1.079379e+01 -3.967876e+00 0.000000e+00
      vertex   1.093218e+01 -3.568966e+00 1.450000e+01
    endloop
  endfacet
  facet normal 9.447666e-01 -3.277440e-01 -1.039626e-17
    outer loop
      vertex   1.093218e+01 -3.568966e+00 1.450000e+01
      vertex   1.079379e+01 -3.967876e+00 0.000000e+00
      vertex   1.093218e+01 -3.568966e+00 5.000000e-01
    endloop
  endfacet
  facet normal 9.500640e-01 -3.117298e-01 -1.424265e-02
    outer loop
      vertex   1.093218e+01 -3.568966e+00 5.000000e-01
      vertex   1.079379e+01 -3.967876e+00 0.000000e+00
      vertex   1.104634e+01 -3.198188e+00 0.000000e+00
    endloop
  endfacet
  facet normal 9.608231e-01 -2.768028e-01 1.411421e-02
    outer loop
      vertex   1.093218e+01 -3.568966e+00 5.000000e-01
      vertex   1.104634e+01 -3.198188e+00 0.000000e+00
      vertex   1.115537e+01 -2.794220e+00 5.000000e-01
    endloop
  endfacet
  facet normal 9.696515e-01 -2.440753e-01 -1.425274e-02
    outer loop
      vertex   1.115537e+01 -2.794220e+00 5.000000e-01
      vertex   1.104634e+01 -3.198188e+00 0.000000e+00
      vertex   1.124407e+01 -2.412630e+00 0.000000e+00
    endloop
  endfacet
  facet normal 9.778561e-01 -2.088014e-01 1.412304e-02
    outer loop
      vertex   1.115537e+01 -2.794220e+00 5.000000e-01
      vertex   1.124407e+01 -2.412630e+00 0.000000e+00
      vertex   1.132374e+01 -2.005740e+00 5.000000e-01
    endloop
  endfacet
  facet normal 9.844279e-01 -1.752097e-01 -1.426031e-02
    outer loop
      vertex   1.132374e+01 -2.005740e+00 5.000000e-01
      vertex   1.124407e+01 -2.412630e+00 0.000000e+00
      vertex   1.138602e+01 -1.615102e+00 0.000000e+00
    endloop
  endfacet
  facet normal 9.900827e-01 -1.397737e-01 1.412935e-02
    outer loop
      vertex   1.132374e+01 -2.005740e+00 5.000000e-01
      vertex   1.138602e+01 -1.615102e+00 0.000000e+00
      vertex   1.143644e+01 -1.207401e+00 5.000000e-01
    endloop
  endfacet
  facet normal 9.943197e-01 -1.054748e-01 -1.426536e-02
    outer loop
      vertex   1.143644e+01 -1.207401e+00 5.000000e-01
      vertex   1.138602e+01 -1.615102e+00 0.000000e+00
      vertex   1.147147e+01 -8.095593e-01 0.000000e+00
    endloop
  endfacet
  facet normal 9.974427e-01 -7.005905e-02 1.413313e-02
    outer loop
      vertex   1.143644e+01 -1.207401e+00 5.000000e-01
      vertex   1.147147e+01 -8.095593e-01 0.000000e+00
      vertex   1.149293e+01 -4.031275e-01 5.000000e-01
    endloop
  endfacet
  facet normal 9.992779e-01 -3.521650e-02 -1.426788e-02
    outer loop
      vertex   1.149293e+01 -4.031275e-01 5.000000e-01
      vertex   1.147147e+01 -8.095593e-01 0.000000e+00
      vertex   1.150000e+01 0.000000e+00 0.000000e+00
    endloop
  endfacet
  facet normal 9.999001e-01 -0.000000e+00 1.413439e-02
    outer loop
      vertex   1.149293e+01 -4.031275e-01 5.000000e-01
      vertex   1.150000e+01 0.000000e+00 0.000000e+00
      vertex   1.149293e+01 4.031275e-01 5.000000e-01
    endloop
  endfacet
  facet normal 9.992779e-01 3.521650e-02 -1.426788e-02
    outer loop
      vertex   1.149293e+01 4.031275e-01 5.000000e-01
      vertex   1.150000e+01 0.000000e+00 0.000000e+00
      vertex   1.147147e+01 8.095593e-01 0.000000e+00
    endloop
  endfacet
  facet normal 9.974427e-01 7.005905e-02 1.413313e-02
    outer loop
      vertex   1.149293e+01 4.031275e-01 5.000000e-01
      vertex   1.147147e+01 8.095593e-01 0.000000e+00
      vertex   1.143644e+01 1.207401e+00 5.000000e-01
    endloop
  endfacet
  facet normal 9.943197e-01 1.054748e-01 -1.426536e-02
    outer loop
      vertex   1.143644e+01 1.207401e+00 5.000000e-01
      vertex   1.147147e+01 8.095593e-01 0.000000e+00
      vertex   1.138602e+01 1.615102e+00 0.000000e+00
    endloop
  endfacet
  facet normal 9.900827e-01 1.397737e-01 1.412935e-02
    outer loop
      vertex   1.143644e+01 1.207401e+00 5.000000e-01
      vertex   1.138602e+01 1.615102e+00 0.000000e+00
      vertex   1.132374e+01 2.005740e+00 5.000000e-01
    endloop
  endfacet
  facet normal 9.844279e-01 1.752097e-01 -1.426031e-02
    outer loop
      vertex   1.132374e+01 2.005740e+00 5.000000e-01
      vertex   1.138602e+01 1.615102e+00 0.000000e+00
      vertex   1.124407e+01 2.412630e+00 0.000000e+00
    endloop
  endfacet
  facet normal 9.778561e-01 2.088014e-01 1.412304e-02
    outer loop
      vertex   1.132374e+01 2.005740e+00 5.000000e-01
      vertex   1.124407e+01 2.412630e+00 0.000000e+00
      vertex   1.115537e+01 2.794220e+00 5.000000e-01
    endloop
  endfacet
  facet normal 9.696515e-01 2.440753e-01 -1.425274e-02
    outer loop
      vertex   1.115537e+01 2.794220e+00 5.000000e-01
      vertex   1.124407e+01 2.412630e+00 0.000000e+00
      vertex   1.104634e+01 3.198188e+00 0.000000e+00
    endloop
  endfacet
  facet normal 9.608231e-01 2.768028e-01 1.411421e-02
    outer loop
      vertex   1.115537e+01 2.794220e+00 5.000000e-01
      vertex   1.104634e+01 3.198188e+00 0.000000e+00
      vertex   1.093218e+01 3.568966e+00 5.000000e-01
    endloop
  endfacet
  facet normal 9.500640e-01 3.117298e-01 -1.424265e-02
    outer loop
      vertex   1.093218e+01 3.568966e+00 5.000000e-01
      vertex   1.104634e+01 3.198188e+00 0.000000e+00
      vertex   1.079379e+01 3.967876e+00 0.000000e+00
    endloop
  endfacet
  facet normal 9.447666e-01 3.277440e-01 -0.000000e+00
    outer loop
      vertex   1.093218e+01 3.568966e+00 5.000000e-01
      vertex   1.079379e+01 3.967876e+00 0.000000e+00
      vertex   1.093218e+01 3.568966e+00 1.450000e+01
    endloop
  endfacet
  facet normal 9.396821e-01 3.420487e-01 4.420622e-04
    outer loop
      vertex   1.093218e+01 3.568966e+00 1.450000e+01
      vertex   1.079379e+01 3.967876e+00 0.000000e+00
      vertex   1.066836e+01 4.293731e+00 1.450000e+01
    endloop
  endfacet
  facet normal 9.258561e-01 3.778759e-01 -4.826741e-04
    outer loop
      vertex   1.066836e+01 4.293731e+00 1.450000e+01
      vertex   1.079379e+01 3.967876e+00 0.000000e+00
      vertex   1.048769e+01 4.717877e+00 0.000000e+00
    endloop
  endfacet
  facet normal 9.146409e-01 4.042670e-01 4.290471e-04
    outer loop
      vertex   1.066836e+01 4.293731e+00 1.450000e+01
      vertex   1.048769e+01 4.717877e+00 0.000000e+00
      vertex   1.035655e+01 4.999182e+00 1.450000e+01
    endloop
  endfacet
  facet normal 8.969581e-01 4.421154e-01 -4.651457e-04
    outer loop
      vertex   1.035655e+01 4.999182e+00 1.450000e+01
      vertex   1.048769e+01 4.717877e+00 0.000000e+00
      vertex   1.012955e+01 5.444469e+00 0.000000e+00
    endloop
  endfacet
  facet normal 8.854855e-01 4.646668e-01 4.070054e-04
    outer loop
      vertex   1.035655e+01 4.999182e+00 1.450000e+01
      vertex   1.012955e+01 5.444469e+00 0.000000e+00
      vertex   9.998161e+00 5.682146e+00 1.450000e+01
    endloop
  endfacet
  facet normal 8.636094e-01 5.041612e-01 -4.385907e-04
    outer loop
      vertex   9.998161e+00 5.682146e+00 1.450000e+01
      vertex   1.012955e+01 5.444469e+00 0.000000e+00
      vertex   9.721147e+00 6.144046e+00 0.000000e+00
    endloop
  endfacet
  facet normal 8.523470e-01 5.229765e-01 3.759372e-04
    outer loop
      vertex   9.998161e+00 5.682146e+00 1.450000e+01
      vertex   9.721147e+00 6.144046e+00 0.000000e+00
      vertex   9.594796e+00 6.339550e+00 1.450000e+01
    endloop
  endfacet
  facet normal 8.259758e-01 5.637055e-01 -4.030094e-04
    outer loop
      vertex   9.594796e+00 6.339550e+00 1.450000e+01
      vertex   9.721147e+00 6.144046e+00 0.000000e+00
      vertex   9.264511e+00 6.813138e+00 0.000000e+00
    endloop
  endfacet
  facet normal 8.153745e-01 5.789338e-01 3.358430e-04
    outer loop
      vertex   9.594796e+00 6.339550e+00 1.450000e+01
      vertex   9.264511e+00 6.813138e+00 0.000000e+00
      vertex   9.148271e+00 6.968438e+00 1.450000e+01
    endloop
  endfacet
  facet normal 7.842437e-01 6.204528e-01 -3.584023e-04
    outer loop
      vertex   9.148271e+00 6.968438e+00 1.450000e+01
      vertex   9.264511e+00 6.813138e+00 0.000000e+00
      vertex   8.761905e+00 7.448423e+00 0.000000e+00
    endloop
  endfacet
  facet normal 7.747343e-01 6.322869e-01 2.867231e-04
    outer loop
      vertex   9.148271e+00 6.968438e+00 1.450000e+01
      vertex   8.761905e+00 7.448423e+00 0.000000e+00
      vertex   8.660596e+00 7.565981e+00 1.450000e+01
    endloop
  endfacet
  facet normal 7.386204e-01 6.741215e-01 -3.047698e-04
    outer loop
      vertex   8.660596e+00 7.565981e+00 1.450000e+01
      vertex   8.761905e+00 7.448423e+00 0.000000e+00
      vertex   8.215825e+00 8.046752e+00 0.000000e+00
    endloop
  endfacet
  facet normal 7.306092e-01 6.827958e-01 2.285781e-04
    outer loop
      vertex   8.660596e+00 7.565981e+00 1.450000e+01
      vertex   8.215825e+00 8.046752e+00 0.000000e+00
      vertex   8.133964e+00 8.129491e+00 1.450000e+01
    endloop
  endfacet
  facet normal 6.893322e-01 7.244453e-01 -2.421126e-04
    outer loop
      vertex   8.133964e+00 8.129491e+00 1.450000e+01
      vertex   8.215825e+00 8.046752e+00 0.000000e+00
      vertex   7.628980e+00 8.605154e+00 0.000000e+00
    endloop
  endfacet
  facet normal 6.831977e-01 7.302335e-01 1.614088e-04
    outer loop
      vertex   8.133964e+00 8.129491e+00 1.450000e+01
      vertex   7.628980e+00 8.605154e+00 0.000000e+00
      vertex   7.570744e+00 8.656433e+00 1.450000e+01
    endloop
  endfacet
  facet normal 6.366237e-01 7.711746e-01 -1.704313e-04
    outer loop
      vertex   7.570744e+00 8.656433e+00 1.450000e+01
      vertex   7.628980e+00 8.605154e+00 0.000000e+00
      vertex   7.004281e+00 9.120858e+00 0.000000e+00
    endloop
  endfacet
  facet normal 6.327130e-01 7.743864e-01 8.521577e-05
    outer loop
      vertex   7.570744e+00 8.656433e+00 1.450000e+01
      vertex   7.004281e+00 9.120858e+00 0.000000e+00
      vertex   6.973470e+00 9.144436e+00 1.450000e+01
    endloop
  endfacet
  facet normal 5.807563e-01 8.140774e-01 -8.972680e-05
    outer loop
      vertex   6.973470e+00 9.144436e+00 1.450000e+01
      vertex   7.004281e+00 9.120858e+00 0.000000e+00
      vertex   6.344828e+00 9.591307e+00 0.000000e+00
    endloop
  endfacet
  facet normal 5.793823e-01 8.150559e-01 0.000000e+00
    outer loop
      vertex   6.973470e+00 9.144436e+00 1.450000e+01
      vertex   6.344828e+00 9.591307e+00 0.000000e+00
      vertex   6.344828e+00 9.591307e+00 1.450000e+01
    endloop
  endfacet
  facet normal 9.372332e-01 3.486979e-01 1.912552e-03
    outer loop
      vertex   1.101755e+01 3.339442e+00 1.450906e+01
      vertex   1.108930e+01 3.181541e+00 8.137769e+00
      vertex   1.093218e+01 3.568966e+00 1.450000e+01
    endloop
  endfacet
  facet normal 9.265080e-01 3.762750e-01 -3.161791e-05
    outer loop
      vertex   1.093218e+01 3.568966e+00 1.450000e+01
      vertex   1.108930e+01 3.181541e+00 8.137769e+00
      vertex   1.093417e+01 3.562882e+00 5.101660e-01
    endloop
  endfacet
  facet normal 9.502924e-01 3.113589e-01 0.000000e+00
    outer loop
      vertex   1.093218e+01 3.568966e+00 1.450000e+01
      vertex   1.093417e+01 3.562882e+00 5.101660e-01
      vertex   1.093218e+01 3.568966e+00 5.000000e-01
    endloop
  endfacet
  facet normal 9.054384e-01 4.244776e-01 -3.235754e-04
    outer loop
      vertex   1.101755e+01 3.339442e+00 1.450906e+01
      vertex   1.112182e+01 3.117062e+00 1.453573e+01
      vertex   1.108930e+01 3.181541e+00 8.137769e+00
    endloop
  endfacet
  facet normal 8.678443e-01 4.968360e-01 5.966989e-04
    outer loop
      vertex   1.108930e+01 3.181541e+00 8.137769e+00
      vertex   1.112182e+01 3.117062e+00 1.453573e+01
      vertex   1.124337e+01 2.904690e+00 1.457926e+01
    endloop
  endfacet
  facet normal 8.654426e-01 5.010073e-01 8.334199e-04
    outer loop
      vertex   1.108930e+01 3.181541e+00 8.137769e+00
      vertex   1.124337e+01 2.904690e+00 1.457926e+01
      vertex   1.129876e+01 2.819721e+00 8.137769e+00
    endloop
  endfacet
  facet normal 8.248947e-01 5.652863e-01 -3.631669e-04
    outer loop
      vertex   1.129876e+01 2.819721e+00 8.137769e+00
      vertex   1.124337e+01 2.904690e+00 1.457926e+01
      vertex   1.137974e+01 2.705731e+00 1.463736e+01
    endloop
  endfacet
  facet normal 7.873890e-01 6.164556e-01 1.001516e-03
    outer loop
      vertex   1.129876e+01 2.819721e+00 8.137769e+00
      vertex   1.137974e+01 2.705731e+00 1.463736e+01
      vertex   1.155648e+01 2.490533e+00 8.137769e+00
    endloop
  endfacet
  facet normal 7.769779e-01 6.295278e-01 2.855857e-04
    outer loop
      vertex   1.155648e+01 2.490533e+00 8.137769e+00
      vertex   1.137974e+01 2.705731e+00 1.463736e+01
      vertex   1.152968e+01 2.520634e+00 1.470790e+01
    endloop
  endfacet
  facet normal 7.249850e-01 6.887646e-01 -1.979156e-04
    outer loop
      vertex   1.155648e+01 2.490533e+00 8.137769e+00
      vertex   1.152968e+01 2.520634e+00 1.470790e+01
      vertex   1.169196e+01 2.349843e+00 1.478875e+01
    endloop
  endfacet
  facet normal 6.940438e-01 7.199319e-01 1.091638e-03
    outer loop
      vertex   1.155648e+01 2.490533e+00 8.137769e+00
      vertex   1.169196e+01 2.349843e+00 1.478875e+01
      vertex   1.185747e+01 2.200371e+00 8.137769e+00
    endloop
  endfacet
  facet normal 6.689823e-01 7.432784e-01 -5.668954e-05
    outer loop
      vertex   1.185747e+01 2.200371e+00 8.137769e+00
      vertex   1.169196e+01 2.349843e+00 1.478875e+01
      vertex   1.186541e+01 2.193737e+00 1.487779e+01
    endloop
  endfacet
  facet normal 6.093717e-01 7.928847e-01 6.237941e-05
    outer loop
      vertex   1.185747e+01 2.200371e+00 8.137769e+00
      vertex   1.186541e+01 2.193737e+00 1.487779e+01
      vertex   1.204918e+01 2.052494e+00 1.497303e+01
    endloop
  endfacet
  facet normal 5.872199e-01 8.094268e-01 1.041554e-03
    outer loop
      vertex   1.185747e+01 2.200371e+00 8.137769e+00
      vertex   1.204918e+01 2.052494e+00 1.497303e+01
      vertex   1.219587e+01 1.954870e+00 8.137769e+00
    endloop
  endfacet
  facet normal 5.465823e-01 8.374054e-01 -2.301680e-04
    outer loop
      vertex   1.219587e+01 1.954870e+00 8.137769e+00
      vertex   1.204918e+01 2.052494e+00 1.497303e+01
      vertex   1.224233e+01 1.926454e+00 1.507280e+01
    endloop
  endfacet
  facet normal 4.805000e-01 8.769946e-01 3.747094e-04
    outer loop
      vertex   1.219587e+01 1.954870e+00 8.137769e+00
      vertex   1.224233e+01 1.926454e+00 1.507280e+01
      vertex   1.244389e+01 1.815975e+00 1.517543e+01
    endloop
  endfacet
  facet normal 4.689918e-01 8.832021e-01 9.027869e-04
    outer loop
      vertex   1.219587e+01 1.954870e+00 8.137769e+00
      vertex   1.244389e+01 1.815975e+00 1.517543e+01
      vertex   1.256511e+01 1.758796e+00 8.137769e+00
    endloop
  endfacet
  facet normal 4.122953e-01 9.110502e-01 -3.000888e-04
    outer loop
      vertex   1.256511e+01 1.758796e+00 8.137769e+00
      vertex   1.244389e+01 1.815975e+00 1.517543e+01
      vertex   1.265291e+01 1.721418e+00 1.527925e+01
    endloop
  endfacet
  facet normal 3.416555e-01 9.398250e-01 7.189202e-04
    outer loop
      vertex   1.256511e+01 1.758796e+00 8.137769e+00
      vertex   1.265291e+01 1.721418e+00 1.527925e+01
      vertex   1.295803e+01 1.615958e+00 8.137769e+00
    endloop
  endfacet
  facet normal 3.410508e-01 9.400446e-01 6.898420e-04
    outer loop
      vertex   1.295803e+01 1.615958e+00 8.137769e+00
      vertex   1.265291e+01 1.721418e+00 1.527925e+01
      vertex   1.286865e+01 1.643069e+00 1.538281e+01
    endloop
  endfacet
  facet normal 2.684716e-01 9.632876e-01 -2.925224e-04
    outer loop
      vertex   1.295803e+01 1.615958e+00 8.137769e+00
      vertex   1.286865e+01 1.643069e+00 1.538281e+01
      vertex   1.309059e+01 1.581244e+00 1.548523e+01
    endloop
  endfacet
  facet normal 2.076839e-01 9.781956e-01 8.746395e-04
    outer loop
      vertex   1.295803e+01 1.615958e+00 8.137769e+00
      vertex   1.309059e+01 1.581244e+00 1.548523e+01
      vertex   1.336699e+01 1.529131e+00 8.137769e+00
    endloop
  endfacet
  facet normal 1.932834e-01 9.811429e-01 3.120152e-04
    outer loop
      vertex   1.336699e+01 1.529131e+00 8.137769e+00
      vertex   1.309059e+01 1.581244e+00 1.548523e+01
      vertex   1.331783e+01 1.536447e+00 1.558548e+01
    endloop
  endfacet
  facet normal 1.169855e-01 9.931336e-01 -2.033701e-04
    outer loop
      vertex   1.336699e+01 1.529131e+00 8.137769e+00
      vertex   1.331783e+01 1.536447e+00 1.558548e+01
      vertex   1.354941e+01 1.509188e+00 1.568254e+01
    endloop
  endfacet
  facet normal 3.912955e-02 9.992341e-01 6.369826e-12
    outer loop
      vertex   1.378405e+01 1.500000e+00 1.577554e+01
      vertex   1.378405e+01 1.500000e+00 5.273873e+00
      vertex   1.354941e+01 1.509188e+00 1.568254e+01
    endloop
  endfacet
  facet normal 4.320308e-02 9.990663e-01 9.197757e-05
    outer loop
      vertex   1.354941e+01 1.509188e+00 1.568254e+01
      vertex   1.378405e+01 1.500000e+00 5.273873e+00
      vertex   1.352429e+01 1.511252e+00 5.066808e+00
    endloop
  endfacet
  facet normal 1.115721e-01 9.937563e-01 -7.083993e-05
    outer loop
      vertex   1.354941e+01 1.509188e+00 1.568254e+01
      vertex   1.352429e+01 1.511252e+00 5.066808e+00
      vertex   1.336699e+01 1.529131e+00 8.137769e+00
    endloop
  endfacet
  facet normal 1.274711e-01 9.918420e-01 7.546539e-04
    outer loop
      vertex   1.336699e+01 1.529131e+00 8.137769e+00
      vertex   1.352429e+01 1.511252e+00 5.066808e+00
      vertex   1.327599e+01 1.543329e+00 4.847990e+00
    endloop
  endfacet
  facet normal 2.076838e-01 9.781948e-01 -1.522958e-03
    outer loop
      vertex   1.336699e+01 1.529131e+00 8.137769e+00
      vertex   1.327599e+01 1.543329e+00 4.847990e+00
      vertex   1.295803e+01 1.615958e+00 8.137769e+00
    endloop
  endfacet
  facet normal 2.101707e-01 9.776639e-01 -1.270870e-03
    outer loop
      vertex   1.295803e+01 1.615958e+00 8.137769e+00
      vertex   1.327599e+01 1.543329e+00 4.847990e+00
      vertex   1.303879e+01 1.594021e+00 4.617546e+00
    endloop
  endfacet
  facet normal 2.861363e-01 9.581887e-01 5.933144e-04
    outer loop
      vertex   1.295803e+01 1.615958e+00 8.137769e+00
      vertex   1.303879e+01 1.594021e+00 4.617546e+00
      vertex   1.280889e+01 1.662826e+00 4.371657e+00
    endloop
  endfacet
  facet normal 3.416550e-01 9.398236e-01 -1.833764e-03
    outer loop
      vertex   1.295803e+01 1.615958e+00 8.137769e+00
      vertex   1.280889e+01 1.662826e+00 4.371657e+00
      vertex   1.256511e+01 1.758796e+00 8.137769e+00
    endloop
  endfacet
  facet normal 3.625516e-01 9.319637e-01 -2.808447e-04
    outer loop
      vertex   1.256511e+01 1.758796e+00 8.137769e+00
      vertex   1.280889e+01 1.662826e+00 4.371657e+00
      vertex   1.258665e+01 1.749206e+00 4.110013e+00
    endloop
  endfacet
  facet normal 4.350144e-01 9.004235e-01 1.816484e-04
    outer loop
      vertex   1.256511e+01 1.758796e+00 8.137769e+00
      vertex   1.258665e+01 1.749206e+00 4.110013e+00
      vertex   1.237285e+01 1.852551e+00 3.832725e+00
    endloop
  endfacet
  facet normal 4.689913e-01 8.832011e-01 -1.710821e-03
    outer loop
      vertex   1.256511e+01 1.758796e+00 8.137769e+00
      vertex   1.237285e+01 1.852551e+00 3.832725e+00
      vertex   1.219587e+01 1.954870e+00 8.137769e+00
    endloop
  endfacet
  facet normal 5.048289e-01 8.632194e-01 2.373852e-04
    outer loop
      vertex   1.219587e+01 1.954870e+00 8.137769e+00
      vertex   1.237285e+01 1.852551e+00 3.832725e+00
      vertex   1.216831e+01 1.972253e+00 3.539904e+00
    endloop
  endfacet
  facet normal 5.718096e-01 8.203863e-01 -3.260905e-04
    outer loop
      vertex   1.219587e+01 1.954870e+00 8.137769e+00
      vertex   1.216831e+01 1.972253e+00 3.539904e+00
      vertex   1.197395e+01 2.107595e+00 3.231888e+00
    endloop
  endfacet
  facet normal 5.872197e-01 8.094265e-01 -1.364354e-03
    outer loop
      vertex   1.219587e+01 1.954870e+00 8.137769e+00
      vertex   1.197395e+01 2.107595e+00 3.231888e+00
      vertex   1.185747e+01 2.200371e+00 8.137769e+00
    endloop
  endfacet
  facet normal 6.333408e-01 7.738729e-01 4.031033e-04
    outer loop
      vertex   1.185747e+01 2.200371e+00 8.137769e+00
      vertex   1.197395e+01 2.107595e+00 3.231888e+00
      vertex   1.179272e+01 2.256080e+00 2.912788e+00
    endloop
  endfacet
  facet normal 6.927418e-01 7.211851e-01 -8.947177e-04
    outer loop
      vertex   1.185747e+01 2.200371e+00 8.137769e+00
      vertex   1.179272e+01 2.256080e+00 2.912788e+00
      vertex   1.162569e+01 2.416118e+00 2.585079e+00
    endloop
  endfacet
  facet normal 6.940439e-01 7.199320e-01 -9.977572e-04
    outer loop
      vertex   1.185747e+01 2.200371e+00 8.137769e+00
      vertex   1.162569e+01 2.416118e+00 2.585079e+00
      vertex   1.155648e+01 2.490533e+00 8.137769e+00
    endloop
  endfacet
  facet normal 7.449514e-01 6.671187e-01 3.445328e-04
    outer loop
      vertex   1.155648e+01 2.490533e+00 8.137769e+00
      vertex   1.162569e+01 2.416118e+00 2.585079e+00
      vertex   1.147308e+01 2.586708e+00 2.250049e+00
    endloop
  endfacet
  facet normal 7.873890e-01 6.164556e-01 -1.084195e-03
    outer loop
      vertex   1.155648e+01 2.490533e+00 8.137769e+00
      vertex   1.147308e+01 2.586708e+00 2.250049e+00
      vertex   1.129876e+01 2.819721e+00 8.137769e+00
    endloop
  endfacet
  facet normal 7.943798e-01 6.074212e-01 -5.196676e-04
    outer loop
      vertex   1.129876e+01 2.819721e+00 8.137769e+00
      vertex   1.147308e+01 2.586708e+00 2.250049e+00
      vertex   1.133511e+01 2.766848e+00 1.908986e+00
    endloop
  endfacet
  facet normal 8.373218e-01 5.467103e-01 2.463055e-04
    outer loop
      vertex   1.129876e+01 2.819721e+00 8.137769e+00
      vertex   1.133511e+01 2.766848e+00 1.908986e+00
      vertex   1.121202e+01 2.955537e+00 1.563178e+00
    endloop
  endfacet
  facet normal 8.654425e-01 5.010072e-01 -1.068833e-03
    outer loop
      vertex   1.129876e+01 2.819721e+00 8.137769e+00
      vertex   1.121202e+01 2.955537e+00 1.563178e+00
      vertex   1.108930e+01 3.181541e+00 8.137769e+00
    endloop
  endfacet
  facet normal 8.762305e-01 4.818921e-01 -2.103884e-04
    outer loop
      vertex   1.108930e+01 3.181541e+00 8.137769e+00
      vertex   1.121202e+01 2.955537e+00 1.563178e+00
      vertex   1.110401e+01 3.151773e+00 1.213913e+00
    endloop
  endfacet
  facet normal 9.093982e-01 4.159265e-01 1.436742e-04
    outer loop
      vertex   1.108930e+01 3.181541e+00 8.137769e+00
      vertex   1.110401e+01 3.151773e+00 1.213913e+00
      vertex   1.101132e+01 3.354555e+00 8.624799e-01
    endloop
  endfacet
  facet normal 9.387848e-01 3.444991e-01 -1.869937e-03
    outer loop
      vertex   1.101132e+01 3.354555e+00 8.624799e-01
      vertex   1.093417e+01 3.562882e+00 5.101660e-01
      vertex   1.108930e+01 3.181541e+00 8.137769e+00
    endloop
  endfacet
  facet normal 3.974322e-02 -9.992099e-01 6.469717e-12
    outer loop
      vertex   1.378405e+01 -1.500000e+00 1.577554e+01
      vertex   1.354567e+01 -1.509482e+00 1.568100e+01
      vertex   1.378405e+01 -1.500000e+00 5.273873e+00
    endloop
  endfacet
  facet normal 4.321292e-02 -9.990659e-01 7.960675e-05
    outer loop
      vertex   1.378405e+01 -1.500000e+00 5.273873e+00
      vertex   1.354567e+01 -1.509482e+00 1.568100e+01
      vertex   1.352429e+01 -1.511252e+00 5.066808e+00
    endloop
  endfacet
  facet normal 1.117920e-01 -9.937316e-01 -5.943170e-05
    outer loop
      vertex   1.352429e+01 -1.511252e+00 5.066808e+00
      vertex   1.354567e+01 -1.509482e+00 1.568100e+01
      vertex   1.336699e+01 -1.529131e+00 8.137769e+00
    endloop
  endfacet
  facet normal 1.274711e-01 -9.918420e-01 7.546539e-04
    outer loop
      vertex   1.352429e+01 -1.511252e+00 5.066808e+00
      vertex   1.336699e+01 -1.529131e+00 8.137769e+00
      vertex   1.327599e+01 -1.543329e+00 4.847990e+00
    endloop
  endfacet
  facet normal 2.076838e-01 -9.781948e-01 -1.522958e-03
    outer loop
      vertex   1.327599e+01 -1.543329e+00 4.847990e+00
      vertex   1.336699e+01 -1.529131e+00 8.137769e+00
      vertex   1.295803e+01 -1.615958e+00 8.137769e+00
    endloop
  endfacet
  facet normal 2.101707e-01 -9.776639e-01 -1.270870e-03
    outer loop
      vertex   1.327599e+01 -1.543329e+00 4.847990e+00
      vertex   1.295803e+01 -1.615958e+00 8.137769e+00
      vertex   1.303879e+01 -1.594021e+00 4.617546e+00
    endloop
  endfacet
  facet normal 2.861363e-01 -9.581887e-01 5.933144e-04
    outer loop
      vertex   1.303879e+01 -1.594021e+00 4.617546e+00
      vertex   1.295803e+01 -1.615958e+00 8.137769e+00
      vertex   1.280889e+01 -1.662826e+00 4.371657e+00
    endloop
  endfacet
  facet normal 3.416550e-01 -9.398236e-01 -1.833764e-03
    outer loop
      vertex   1.280889e+01 -1.662826e+00 4.371657e+00
      vertex   1.295803e+01 -1.615958e+00 8.137769e+00
      vertex   1.256511e+01 -1.758796e+00 8.137769e+00
    endloop
  endfacet
  facet normal 3.625516e-01 -9.319637e-01 -2.808448e-04
    outer loop
      vertex   1.280889e+01 -1.662826e+00 4.371657e+00
      vertex   1.256511e+01 -1.758796e+00 8.137769e+00
      vertex   1.258665e+01 -1.749206e+00 4.110013e+00
    endloop
  endfacet
  facet normal 4.350144e-01 -9.004235e-01 1.816485e-04
    outer loop
      vertex   1.258665e+01 -1.749206e+00 4.110013e+00
      vertex   1.256511e+01 -1.758796e+00 8.137769e+00
      vertex   1.237285e+01 -1.852551e+00 3.832725e+00
    endloop
  endfacet
  facet normal 4.689913e-01 -8.832011e-01 -1.710821e-03
    outer loop
      vertex   1.237285e+01 -1.852551e+00 3.832725e+00
      vertex   1.256511e+01 -1.758796e+00 8.137769e+00
      vertex   1.219587e+01 -1.954870e+00 8.137769e+00
    endloop
  endfacet
  facet normal 5.048289e-01 -8.632194e-01 2.373852e-04
    outer loop
      vertex   1.237285e+01 -1.852551e+00 3.832725e+00
      vertex   1.219587e+01 -1.954870e+00 8.137769e+00
      vertex   1.216831e+01 -1.972253e+00 3.539904e+00
    endloop
  endfacet
  facet normal 5.718096e-01 -8.203863e-01 -3.260904e-04
    outer loop
      vertex   1.216831e+01 -1.972253e+00 3.539904e+00
      vertex   1.219587e+01 -1.954870e+00 8.137769e+00
      vertex   1.197395e+01 -2.107595e+00 3.231888e+00
    endloop
  endfacet
  facet normal 5.872197e-01 -8.094265e-01 -1.364354e-03
    outer loop
      vertex   1.197395e+01 -2.107595e+00 3.231888e+00
      vertex   1.219587e+01 -1.954870e+00 8.137769e+00
      vertex   1.185747e+01 -2.200371e+00 8.137769e+00
    endloop
  endfacet
  facet normal 6.333408e-01 -7.738729e-01 4.031033e-04
    outer loop
      vertex   1.197395e+01 -2.107595e+00 3.231888e+00
      vertex   1.185747e+01 -2.200371e+00 8.137769e+00
      vertex   1.179272e+01 -2.256080e+00 2.912788e+00
    endloop
  endfacet
  facet normal 6.927418e-01 -7.211851e-01 -8.947176e-04
    outer loop
      vertex   1.179272e+01 -2.256080e+00 2.912788e+00
      vertex   1.185747e+01 -2.200371e+00 8.137769e+00
      vertex   1.162569e+01 -2.416118e+00 2.585079e+00
    endloop
  endfacet
  facet normal 6.940439e-01 -7.199320e-01 -9.977572e-04
    outer loop
      vertex   1.162569e+01 -2.416118e+00 2.585079e+00
      vertex   1.185747e+01 -2.200371e+00 8.137769e+00
      vertex   1.155648e+01 -2.490533e+00 8.137769e+00
    endloop
  endfacet
  facet normal 7.449514e-01 -6.671187e-01 3.445328e-04
    outer loop
      vertex   1.162569e+01 -2.416118e+00 2.585079e+00
      vertex   1.155648e+01 -2.490533e+00 8.137769e+00
      vertex   1.147308e+01 -2.586708e+00 2.250049e+00
    endloop
  endfacet
  facet normal 7.873890e-01 -6.164556e-01 -1.084195e-03
    outer loop
      vertex   1.147308e+01 -2.586708e+00 2.250049e+00
      vertex   1.155648e+01 -2.490533e+00 8.137769e+00
      vertex   1.129876e+01 -2.819721e+00 8.137769e+00
    endloop
  endfacet
  facet normal 7.943798e-01 -6.074212e-01 -5.196676e-04
    outer loop
      vertex   1.147308e+01 -2.586708e+00 2.250049e+00
      vertex   1.129876e+01 -2.819721e+00 8.137769e+00
      vertex   1.133511e+01 -2.766848e+00 1.908986e+00
    endloop
  endfacet
  facet normal 8.373218e-01 -5.467103e-01 2.463055e-04
    outer loop
      vertex   1.133511e+01 -2.766848e+00 1.908986e+00
      vertex   1.129876e+01 -2.819721e+00 8.137769e+00
      vertex   1.121202e+01 -2.955537e+00 1.563178e+00
    endloop
  endfacet
  facet normal 8.654425e-01 -5.010072e-01 -1.068833e-03
    outer loop
      vertex   1.121202e+01 -2.955537e+00 1.563178e+00
      vertex   1.129876e+01 -2.819721e+00 8.137769e+00
      vertex   1.108930e+01 -3.181541e+00 8.137769e+00
    endloop
  endfacet
  facet normal 8.762305e-01 -4.818921e-01 -2.103884e-04
    outer loop
      vertex   1.121202e+01 -2.955537e+00 1.563178e+00
      vertex   1.108930e+01 -3.181541e+00 8.137769e+00
      vertex   1.110401e+01 -3.151773e+00 1.213913e+00
    endloop
  endfacet
  facet normal 9.093982e-01 -4.159265e-01 1.436742e-04
    outer loop
      vertex   1.110401e+01 -3.151773e+00 1.213913e+00
      vertex   1.108930e+01 -3.181541e+00 8.137769e+00
      vertex   1.101132e+01 -3.354555e+00 8.624799e-01
    endloop
  endfacet
  facet normal 9.387848e-01 -3.444991e-01 -1.869937e-03
    outer loop
      vertex   1.101132e+01 -3.354555e+00 8.624799e-01
      vertex   1.108930e+01 -3.181541e+00 8.137769e+00
      vertex   1.093417e+01 -3.562882e+00 5.101660e-01
    endloop
  endfacet
  facet normal 9.211685e-01 -3.891632e-01 7.213252e-04
    outer loop
      vertex   1.093417e+01 -3.562882e+00 5.101660e-01
      vertex   1.108930e+01 -3.181541e+00 8.137769e+00
      vertex   1.101612e+01 -3.342956e+00 1.450874e+01
    endloop
  endfacet
  facet normal 9.374300e-01 -3.481737e-01 -1.784176e-05
    outer loop
      vertex   1.093417e+01 -3.562882e+00 5.101660e-01
      vertex   1.101612e+01 -3.342956e+00 1.450874e+01
      vertex   1.093218e+01 -3.568966e+00 1.450000e+01
    endloop
  endfacet
  facet normal 1.189307e-01 -9.929025e-01 -2.306851e-04
    outer loop
      vertex   1.354567e+01 -1.509482e+00 1.568100e+01
      vertex   1.331009e+01 -1.537677e+00 1.558216e+01
      vertex   1.336699e+01 -1.529131e+00 8.137769e+00
    endloop
  endfacet
  facet normal 1.965837e-01 -9.804870e-01 3.771370e-04
    outer loop
      vertex   1.336699e+01 -1.529131e+00 8.137769e+00
      vertex   1.331009e+01 -1.537677e+00 1.558216e+01
      vertex   1.307848e+01 -1.584151e+00 1.547976e+01
    endloop
  endfacet
  facet normal 2.076840e-01 -9.781956e-01 8.304998e-04
    outer loop
      vertex   1.336699e+01 -1.529131e+00 8.137769e+00
      vertex   1.307848e+01 -1.584151e+00 1.547976e+01
      vertex   1.295803e+01 -1.615958e+00 8.137769e+00
    endloop
  endfacet
  facet normal 2.732821e-01 -9.619339e-01 -3.161438e-04
    outer loop
      vertex   1.295803e+01 -1.615958e+00 8.137769e+00
      vertex   1.307848e+01 -1.584151e+00 1.547976e+01
      vertex   1.285202e+01 -1.648456e+00 1.537493e+01
    endloop
  endfacet
  facet normal 3.416555e-01 -9.398249e-01 7.847209e-04
    outer loop
      vertex   1.295803e+01 -1.615958e+00 8.137769e+00
      vertex   1.285202e+01 -1.648456e+00 1.537493e+01
      vertex   1.256511e+01 -1.758796e+00 8.137769e+00
    endloop
  endfacet
  facet normal 3.474373e-01 -9.377031e-01 5.231633e-04
    outer loop
      vertex   1.256511e+01 -1.758796e+00 8.137769e+00
      vertex   1.285202e+01 -1.648456e+00 1.537493e+01
      vertex   1.263170e+01 -1.730146e+00 1.526885e+01
    endloop
  endfacet
  facet normal 4.200308e-01 -9.075098e-01 -2.759906e-04
    outer loop
      vertex   1.256511e+01 -1.758796e+00 8.137769e+00
      vertex   1.263170e+01 -1.730146e+00 1.526885e+01
      vertex   1.241880e+01 -1.828654e+00 1.516288e+01
    endloop
  endfacet
  facet normal 4.689918e-01 -8.832020e-01 9.854721e-04
    outer loop
      vertex   1.256511e+01 -1.758796e+00 8.137769e+00
      vertex   1.241880e+01 -1.828654e+00 1.516288e+01
      vertex   1.219587e+01 -1.954870e+00 8.137769e+00
    endloop
  endfacet
  facet normal 4.892908e-01 -8.721207e-01 1.422323e-04
    outer loop
      vertex   1.219587e+01 -1.954870e+00 8.137769e+00
      vertex   1.241880e+01 -1.828654e+00 1.516288e+01
      vertex   1.221547e+01 -1.942745e+00 1.505912e+01
    endloop
  endfacet
  facet normal 5.554680e-01 -8.315379e-01 -1.162579e-04
    outer loop
      vertex   1.219587e+01 -1.954870e+00 8.137769e+00
      vertex   1.221547e+01 -1.942745e+00 1.505912e+01
      vertex   1.202264e+01 -2.071543e+00 1.495932e+01
    endloop
  endfacet
  facet normal 5.872199e-01 -8.094268e-01 1.068256e-03
    outer loop
      vertex   1.219587e+01 -1.954870e+00 8.137769e+00
      vertex   1.202264e+01 -2.071543e+00 1.495932e+01
      vertex   1.185747e+01 -2.200371e+00 8.137769e+00
    endloop
  endfacet
  facet normal 6.179017e-01 -7.862554e-01 -1.122389e-04
    outer loop
      vertex   1.185747e+01 -2.200371e+00 8.137769e+00
      vertex   1.202264e+01 -2.071543e+00 1.495932e+01
      vertex   1.184103e+01 -2.214254e+00 1.486516e+01
    endloop
  endfacet
  facet normal 6.764022e-01 -7.365325e-01 1.333647e-04
    outer loop
      vertex   1.185747e+01 -2.200371e+00 8.137769e+00
      vertex   1.184103e+01 -2.214254e+00 1.486516e+01
      vertex   1.167136e+01 -2.370087e+00 1.477830e+01
    endloop
  endfacet
  facet normal 6.940438e-01 -7.199320e-01 1.052071e-03
    outer loop
      vertex   1.185747e+01 -2.200371e+00 8.137769e+00
      vertex   1.167136e+01 -2.370087e+00 1.477830e+01
      vertex   1.155648e+01 -2.490533e+00 8.137769e+00
    endloop
  endfacet
  facet normal 7.310272e-01 -6.823482e-01 -2.693918e-04
    outer loop
      vertex   1.155648e+01 -2.490533e+00 8.137769e+00
      vertex   1.167136e+01 -2.370087e+00 1.477830e+01
      vertex   1.151404e+01 -2.538596e+00 1.470029e+01
    endloop
  endfacet
  facet normal 7.813234e-01 -6.241262e-01 4.823071e-04
    outer loop
      vertex   1.155648e+01 -2.490533e+00 8.137769e+00
      vertex   1.151404e+01 -2.538596e+00 1.470029e+01
      vertex   1.136874e+01 -2.720544e+00 1.463242e+01
    endloop
  endfacet
  facet normal 7.873891e-01 -6.164557e-01 9.293056e-04
    outer loop
      vertex   1.155648e+01 -2.490533e+00 8.137769e+00
      vertex   1.136874e+01 -2.720544e+00 1.463242e+01
      vertex   1.129876e+01 -2.819721e+00 8.137769e+00
    endloop
  endfacet
  facet normal 8.278239e-01 -5.609880e-01 -3.534099e-04
    outer loop
      vertex   1.129876e+01 -2.819721e+00 8.137769e+00
      vertex   1.136874e+01 -2.720544e+00 1.463242e+01
      vertex   1.123648e+01 -2.915688e+00 1.457657e+01
    endloop
  endfacet
  facet normal 8.654426e-01 -5.010073e-01 9.044668e-04
    outer loop
      vertex   1.129876e+01 -2.819721e+00 8.137769e+00
      vertex   1.123648e+01 -2.915688e+00 1.457657e+01
      vertex   1.108930e+01 -3.181541e+00 8.137769e+00
    endloop
  endfacet
  facet normal 8.695633e-01 -4.938212e-01 5.135726e-04
    outer loop
      vertex   1.108930e+01 -3.181541e+00 8.137769e+00
      vertex   1.123648e+01 -2.915688e+00 1.457657e+01
      vertex   1.111840e+01 -3.123652e+00 1.453467e+01
    endloop
  endfacet
  facet normal 9.062975e-01 -4.226402e-01 -2.976691e-04
    outer loop
      vertex   1.108930e+01 -3.181541e+00 8.137769e+00
      vertex   1.111840e+01 -3.123652e+00 1.453467e+01
      vertex   1.101612e+01 -3.342956e+00 1.450874e+01
    endloop
  endfacet
  facet normal 9.502924e-01 -3.113589e-01 -9.876510e-18
    outer loop
      vertex   1.093218e+01 -3.568966e+00 1.450000e+01
      vertex   1.093218e+01 -3.568966e+00 5.000000e-01
      vertex   1.093417e+01 -3.562882e+00 5.101660e-01
    endloop
  endfacet
  facet normal 5.387730e-16 -1.000000e+00 8.770575e-26
    outer loop
      vertex   1.378405e+01 -1.500000e+00 5.273873e+00
      vertex   1.419618e+01 -1.500000e+00 5.559634e+00
      vertex   1.378405e+01 -1.500000e+00 1.577554e+01
    endloop
  endfacet
  facet normal 1.224785e-17 -1.000000e+00 -2.124109e-17
    outer loop
      vertex   1.378405e+01 -1.500000e+00 1.577554e+01
      vertex   1.419618e+01 -1.500000e+00 5.559634e+00
      vertex   1.462743e+01 -1.500000e+00 5.808297e+00
    endloop
  endfacet
  facet normal -1.467429e-15 -1.000000e+00 -1.464441e-16
    outer loop
      vertex   1.378405e+01 -1.500000e+00 1.577554e+01
      vertex   1.462743e+01 -1.500000e+00 5.808297e+00
      vertex   1.506081e+01 -1.500000e+00 6.014347e+00
    endloop
  endfacet
  facet normal 1.421252e-15 -1.000000e+00 2.313948e-16
    outer loop
      vertex   1.506081e+01 -1.500000e+00 6.014347e+00
      vertex   1.550216e+01 -1.500000e+00 6.182291e+00
      vertex   1.378405e+01 -1.500000e+00 1.577554e+01
    endloop
  endfacet
  facet normal -1.411701e-16 -1.000000e+00 -4.842895e-17
    outer loop
      vertex   1.378405e+01 -1.500000e+00 1.577554e+01
      vertex   1.550216e+01 -1.500000e+00 6.182291e+00
      vertex   1.832891e+01 -1.500000e+00 1.169720e+01
    endloop
  endfacet
  facet normal 5.650695e-15 -1.000000e+00 6.405973e-15
    outer loop
      vertex   1.378405e+01 -1.500000e+00 1.577554e+01
      vertex   1.832891e+01 -1.500000e+00 1.169720e+01
      vertex   1.830000e+01 -1.500000e+00 1.200000e+01
    endloop
  endfacet
  facet normal -1.498252e-16 -1.000000e+00 -4.399264e-17
    outer loop
      vertex   1.832891e+01 -1.500000e+00 1.169720e+01
      vertex   1.550216e+01 -1.500000e+00 6.182291e+00
      vertex   1.841461e+01 -1.500000e+00 1.140534e+01
    endloop
  endfacet
  facet normal 6.044739e-16 -1.000000e+00 -4.646009e-16
    outer loop
      vertex   1.841461e+01 -1.500000e+00 1.140534e+01
      vertex   1.550216e+01 -1.500000e+00 6.182291e+00
      vertex   1.597613e+01 -1.500000e+00 6.321020e+00
    endloop
  endfacet
  facet normal 3.975653e-17 -1.000000e+00 -1.937573e-16
    outer loop
      vertex   1.841461e+01 -1.500000e+00 1.140534e+01
      vertex   1.597613e+01 -1.500000e+00 6.321020e+00
      vertex   1.646771e+01 -1.500000e+00 6.421887e+00
    endloop
  endfacet
  facet normal -1.966714e-16 -1.000000e+00 -1.013912e-16
    outer loop
      vertex   1.841461e+01 -1.500000e+00 1.140534e+01
      vertex   1.646771e+01 -1.500000e+00 6.421887e+00
      vertex   1.855399e+01 -1.500000e+00 1.113497e+01
    endloop
  endfacet
  facet normal 9.760838e-16 -1.000000e+00 -6.205208e-16
    outer loop
      vertex   1.855399e+01 -1.500000e+00 1.113497e+01
      vertex   1.646771e+01 -1.500000e+00 6.421887e+00
      vertex   1.696018e+01 -1.500000e+00 6.480871e+00
    endloop
  endfacet
  facet normal -2.535795e-16 -1.000000e+00 -1.994171e-16
    outer loop
      vertex   1.855399e+01 -1.500000e+00 1.113497e+01
      vertex   1.696018e+01 -1.500000e+00 6.480871e+00
      vertex   1.874203e+01 -1.500000e+00 1.089587e+01
    endloop
  endfacet
  facet normal 1.234203e-17 -1.000000e+00 -3.067403e-16
    outer loop
      vertex   1.874203e+01 -1.500000e+00 1.089587e+01
      vertex   1.696018e+01 -1.500000e+00 6.480871e+00
      vertex   1.743560e+01 -1.500000e+00 6.500000e+00
    endloop
  endfacet
  facet normal -2.088345e-16 -1.000000e+00 -2.410078e-16
    outer loop
      vertex   1.874203e+01 -1.500000e+00 1.089587e+01
      vertex   1.743560e+01 -1.500000e+00 6.500000e+00
      vertex   1.897191e+01 -1.500000e+00 1.069668e+01
    endloop
  endfacet
  facet normal -1.513051e-16 -1.000000e+00 -2.620681e-16
    outer loop
      vertex   1.897191e+01 -1.500000e+00 1.069668e+01
      vertex   1.743560e+01 -1.500000e+00 6.500000e+00
      vertex   1.923534e+01 -1.500000e+00 1.054459e+01
    endloop
  endfacet
  facet normal 1.419356e-16 -1.000000e+00 -3.925528e-16
    outer loop
      vertex   1.923534e+01 -1.500000e+00 1.054459e+01
      vertex   1.743560e+01 -1.500000e+00 6.500000e+00
      vertex   1.900000e+01 -1.500000e+00 6.500000e+00
    endloop
  endfacet
  facet normal -1.303799e-16 -1.000000e+00 -3.767080e-16
    outer loop
      vertex   1.923534e+01 -1.500000e+00 1.054459e+01
      vertex   1.900000e+01 -1.500000e+00 6.500000e+00
      vertex   1.952279e+01 -1.500000e+00 1.044510e+01
    endloop
  endfacet
  facet normal -3.711770e-15 -1.000000e+00 9.788033e-17
    outer loop
      vertex   1.952279e+01 -1.500000e+00 1.044510e+01
      vertex   1.900000e+01 -1.500000e+00 6.500000e+00
      vertex   1.953909e+01 -1.500000e+00 6.526484e+00
    endloop
  endfacet
  facet normal 1.630387e-17 -1.000000e+00 1.133959e-16
    outer loop
      vertex   1.952279e+01 -1.500000e+00 1.044510e+01
      vertex   1.953909e+01 -1.500000e+00 6.526484e+00
      vertex   1.982387e+01 -1.500000e+00 1.040181e+01
    endloop
  endfacet
  facet normal 4.032874e-16 -1.000000e+00 8.495879e-17
    outer loop
      vertex   1.982387e+01 -1.500000e+00 1.040181e+01
      vertex   1.953909e+01 -1.500000e+00 6.526484e+00
      vertex   2.007300e+01 -1.500000e+00 6.605681e+00
    endloop
  endfacet
  facet normal -1.441461e-17 -1.000000e+00 5.754636e-17
    outer loop
      vertex   1.982387e+01 -1.500000e+00 1.040181e+01
      vertex   2.007300e+01 -1.500000e+00 6.605681e+00
      vertex   2.059657e+01 -1.500000e+00 6.736828e+00
    endloop
  endfacet
  facet normal -2.857343e-18 -1.000000e+00 5.998300e-17
    outer loop
      vertex   1.982387e+01 -1.500000e+00 1.040181e+01
      vertex   2.059657e+01 -1.500000e+00 6.736828e+00
      vertex   2.012770e+01 -1.500000e+00 1.041629e+01
    endloop
  endfacet
  facet normal -2.065098e-17 -1.000000e+00 5.771561e-17
    outer loop
      vertex   2.012770e+01 -1.500000e+00 1.041629e+01
      vertex   2.059657e+01 -1.500000e+00 6.736828e+00
      vertex   2.110476e+01 -1.500000e+00 6.918663e+00
    endloop
  endfacet
  facet normal -2.652179e-17 -1.000000e+00 5.607561e-17
    outer loop
      vertex   2.012770e+01 -1.500000e+00 1.041629e+01
      vertex   2.110476e+01 -1.500000e+00 6.918663e+00
      vertex   2.159268e+01 -1.500000e+00 7.149433e+00
    endloop
  endfacet
  facet normal -3.210875e-17 -1.000000e+00 5.357021e-17
    outer loop
      vertex   2.159268e+01 -1.500000e+00 7.149433e+00
      vertex   2.205564e+01 -1.500000e+00 7.426917e+00
      vertex   2.012770e+01 -1.500000e+00 1.041629e+01
    endloop
  endfacet
  facet normal -1.558177e-17 -1.000000e+00 6.422895e-17
    outer loop
      vertex   2.012770e+01 -1.500000e+00 1.041629e+01
      vertex   2.205564e+01 -1.500000e+00 7.426917e+00
      vertex   2.042331e+01 -1.500000e+00 1.048800e+01
    endloop
  endfacet
  facet normal 3.284762e-16 -1.000000e+00 2.476985e-16
    outer loop
      vertex   2.042331e+01 -1.500000e+00 1.048800e+01
      vertex   2.205564e+01 -1.500000e+00 7.426917e+00
      vertex   2.248916e+01 -1.500000e+00 7.748443e+00
    endloop
  endfacet
  facet normal 0.000000e+00 -1.000000e+00 0.000000e+00
    outer loop
      vertex   2.042331e+01 -1.500000e+00 1.048800e+01
      vertex   2.248916e+01 -1.500000e+00 7.748443e+00
      vertex   2.288909e+01 -1.500000e+00 8.110913e+00
    endloop
  endfacet
  facet normal 0.000000e+00 -1.000000e+00 0.000000e+00
    outer loop
      vertex   2.288909e+01 -1.500000e+00 8.110913e+00
      vertex   2.325156e+01 -1.500000e+00 8.510837e+00
      vertex   2.042331e+01 -1.500000e+00 1.048800e+01
    endloop
  endfacet
  facet normal 4.715987e-16 -1.000000e+00 6.746025e-16
    outer loop
      vertex   2.042331e+01 -1.500000e+00 1.048800e+01
      vertex   2.325156e+01 -1.500000e+00 8.510837e+00
      vertex   2.357308e+01 -1.500000e+00 8.944364e+00
    endloop
  endfacet
  facet normal 1.089791e-16 -1.000000e+00 -6.531957e-17
    outer loop
      vertex   2.042331e+01 -1.500000e+00 1.048800e+01
      vertex   2.357308e+01 -1.500000e+00 8.944364e+00
      vertex   2.385057e+01 -1.500000e+00 9.407318e+00
    endloop
  endfacet
  facet normal 1.303110e-16 -1.000000e+00 -6.163252e-17
    outer loop
      vertex   2.408134e+01 -1.500000e+00 9.895241e+00
      vertex   2.132214e+01 -1.500000e+00 1.126684e+01
      vertex   2.385057e+01 -1.500000e+00 9.407318e+00
    endloop
  endfacet
  facet normal 1.192675e-16 -1.000000e+00 -7.664859e-17
    outer loop
      vertex   2.385057e+01 -1.500000e+00 9.407318e+00
      vertex   2.132214e+01 -1.500000e+00 1.126684e+01
      vertex   2.115768e+01 -1.500000e+00 1.101095e+01
    endloop
  endfacet
  facet normal 1.051861e-16 -1.000000e+00 -1.002947e-16
    outer loop
      vertex   2.385057e+01 -1.500000e+00 9.407318e+00
      vertex   2.115768e+01 -1.500000e+00 1.101095e+01
      vertex   2.094778e+01 -1.500000e+00 1.079080e+01
    endloop
  endfacet
  facet normal 1.366443e-16 -1.000000e+00 -4.889210e-17
    outer loop
      vertex   2.408134e+01 -1.500000e+00 9.895241e+00
      vertex   2.426317e+01 -1.500000e+00 1.040343e+01
      vertex   2.132214e+01 -1.500000e+00 1.126684e+01
    endloop
  endfacet
  facet normal 1.351175e-16 -1.000000e+00 -5.409288e-17
    outer loop
      vertex   2.132214e+01 -1.500000e+00 1.126684e+01
      vertex   2.426317e+01 -1.500000e+00 1.040343e+01
      vertex   2.143519e+01 -1.500000e+00 1.154923e+01
    endloop
  endfacet
  facet normal 1.425652e-16 -1.000000e+00 -3.571073e-17
    outer loop
      vertex   2.143519e+01 -1.500000e+00 1.154923e+01
      vertex   2.426317e+01 -1.500000e+00 1.040343e+01
      vertex   2.439432e+01 -1.500000e+00 1.092700e+01
    endloop
  endfacet
  facet normal 1.442291e-16 -1.000000e+00 -2.779788e-17
    outer loop
      vertex   2.143519e+01 -1.500000e+00 1.154923e+01
      vertex   2.439432e+01 -1.500000e+00 1.092700e+01
      vertex   2.149276e+01 -1.500000e+00 1.184791e+01
    endloop
  endfacet
  facet normal 2.722315e-16 -1.000000e+00 3.755081e-16
    outer loop
      vertex   2.149276e+01 -1.500000e+00 1.184791e+01
      vertex   2.439432e+01 -1.500000e+00 1.092700e+01
      vertex   2.447352e+01 -1.500000e+00 1.146091e+01
    endloop
  endfacet
  facet normal 7.003012e-16 -1.000000e+00 3.672557e-15
    outer loop
      vertex   2.149276e+01 -1.500000e+00 1.184791e+01
      vertex   2.447352e+01 -1.500000e+00 1.146091e+01
      vertex   2.450000e+01 -1.500000e+00 1.200000e+01
    endloop
  endfacet
  facet normal 8.693962e-16 -1.000000e+00 0.000000e+00
    outer loop
      vertex   2.450000e+01 -1.500000e+00 1.400000e+01
      vertex   2.143519e+01 -1.500000e+00 1.245077e+01
      vertex   2.450000e+01 -1.500000e+00 1.200000e+01
    endloop
  endfacet
  facet normal 8.947603e-16 -1.000000e+00 1.724509e-16
    outer loop
      vertex   2.450000e+01 -1.500000e+00 1.200000e+01
      vertex   2.143519e+01 -1.500000e+00 1.245077e+01
      vertex   2.149276e+01 -1.500000e+00 1.215209e+01
    endloop
  endfacet
  facet normal 8.860387e-16 -1.000000e+00 0.000000e+00
    outer loop
      vertex   2.450000e+01 -1.500000e+00 1.200000e+01
      vertex   2.149276e+01 -1.500000e+00 1.215209e+01
      vertex   2.149276e+01 -1.500000e+00 1.184791e+01
    endloop
  endfacet
  facet normal 2.628049e-15 -1.000000e+00 -6.052979e-15
    outer loop
      vertex   2.447455e+01 -1.500000e+00 1.435579e+01
      vertex   2.115768e+01 -1.500000e+00 1.298905e+01
      vertex   2.450000e+01 -1.500000e+00 1.400000e+01
    endloop
  endfacet
  facet normal 6.674670e-16 -1.000000e+00 4.289550e-16
    outer loop
      vertex   2.450000e+01 -1.500000e+00 1.400000e+01
      vertex   2.115768e+01 -1.500000e+00 1.298905e+01
      vertex   2.132214e+01 -1.500000e+00 1.273316e+01
    endloop
  endfacet
  facet normal 7.230705e-16 -1.000000e+00 2.894737e-16
    outer loop
      vertex   2.450000e+01 -1.500000e+00 1.400000e+01
      vertex   2.132214e+01 -1.500000e+00 1.273316e+01
      vertex   2.143519e+01 -1.500000e+00 1.245077e+01
    endloop
  endfacet
  facet normal 1.228740e-16 -1.000000e+00 2.672961e-17
    outer loop
      vertex   2.447455e+01 -1.500000e+00 1.435579e+01
      vertex   2.439873e+01 -1.500000e+00 1.470433e+01
      vertex   2.115768e+01 -1.500000e+00 1.298905e+01
    endloop
  endfacet
  facet normal 7.017420e-16 -1.000000e+00 -1.067052e-15
    outer loop
      vertex   2.115768e+01 -1.500000e+00 1.298905e+01
      vertex   2.439873e+01 -1.500000e+00 1.470433e+01
      vertex   2.427408e+01 -1.500000e+00 1.503854e+01
    endloop
  endfacet
  facet normal 0.000000e+00 -1.000000e+00 0.000000e+00
    outer loop
      vertex   2.115768e+01 -1.500000e+00 1.298905e+01
      vertex   2.427408e+01 -1.500000e+00 1.503854e+01
      vertex   2.410313e+01 -1.500000e+00 1.535160e+01
    endloop
  endfacet
  facet normal -0.000000e+00 -1.000000e+00 0.000000e+00
    outer loop
      vertex   2.410313e+01 -1.500000e+00 1.535160e+01
      vertex   2.388937e+01 -1.500000e+00 1.563715e+01
      vertex   2.115768e+01 -1.500000e+00 1.298905e+01
    endloop
  endfacet
  facet normal 0.000000e+00 -1.000000e+00 0.000000e+00
    outer loop
      vertex   2.115768e+01 -1.500000e+00 1.298905e+01
      vertex   2.388937e+01 -1.500000e+00 1.563715e+01
      vertex   2.363715e+01 -1.500000e+00 1.588937e+01
    endloop
  endfacet
  facet normal 0.000000e+00 -1.000000e+00 0.000000e+00
    outer loop
      vertex   2.115768e+01 -1.500000e+00 1.298905e+01
      vertex   2.363715e+01 -1.500000e+00 1.588937e+01
      vertex   2.335160e+01 -1.500000e+00 1.610313e+01
    endloop
  endfacet
  facet normal 0.000000e+00 -1.000000e+00 0.000000e+00
    outer loop
      vertex   2.115768e+01 -1.500000e+00 1.298905e+01
      vertex   2.335160e+01 -1.500000e+00 1.610313e+01
      vertex   2.094778e+01 -1.500000e+00 1.320920e+01
    endloop
  endfacet
  facet normal 0.000000e+00 -1.000000e+00 0.000000e+00
    outer loop
      vertex   2.094778e+01 -1.500000e+00 1.320920e+01
      vertex   2.335160e+01 -1.500000e+00 1.610313e+01
      vertex   2.303854e+01 -1.500000e+00 1.627408e+01
    endloop
  endfacet
  facet normal 5.296361e-16 -1.000000e+00 -3.613003e-16
    outer loop
      vertex   2.094778e+01 -1.500000e+00 1.320920e+01
      vertex   2.303854e+01 -1.500000e+00 1.627408e+01
      vertex   2.270433e+01 -1.500000e+00 1.639873e+01
    endloop
  endfacet
  facet normal -1.352397e-17 -1.000000e+00 -6.216867e-17
    outer loop
      vertex   2.270433e+01 -1.500000e+00 1.639873e+01
      vertex   2.235579e+01 -1.500000e+00 1.647455e+01
      vertex   2.094778e+01 -1.500000e+00 1.320920e+01
    endloop
  endfacet
  facet normal -6.058947e-15 -1.000000e+00 2.544598e-15
    outer loop
      vertex   2.094778e+01 -1.500000e+00 1.320920e+01
      vertex   2.235579e+01 -1.500000e+00 1.647455e+01
      vertex   2.200000e+01 -1.500000e+00 1.650000e+01
    endloop
  endfacet
  facet normal 3.522340e-16 -1.000000e+00 4.946434e-16
    outer loop
      vertex   2.094778e+01 -1.500000e+00 1.320920e+01
      vertex   2.200000e+01 -1.500000e+00 1.650000e+01
      vertex   2.070000e+01 -1.500000e+00 1.338564e+01
    endloop
  endfacet
  facet normal 2.461238e-16 -1.000000e+00 5.389360e-16
    outer loop
      vertex   2.070000e+01 -1.500000e+00 1.338564e+01
      vertex   2.200000e+01 -1.500000e+00 1.650000e+01
      vertex   2.042331e+01 -1.500000e+00 1.351200e+01
    endloop
  endfacet
  facet normal 1.438383e-16 -1.000000e+00 5.929095e-16
    outer loop
      vertex   2.042331e+01 -1.500000e+00 1.351200e+01
      vertex   2.200000e+01 -1.500000e+00 1.650000e+01
      vertex   2.012770e+01 -1.500000e+00 1.358371e+01
    endloop
  endfacet
  facet normal 3.167407e-17 -1.000000e+00 6.649205e-16
    outer loop
      vertex   2.012770e+01 -1.500000e+00 1.358371e+01
      vertex   2.200000e+01 -1.500000e+00 1.650000e+01
      vertex   1.982387e+01 -1.500000e+00 1.359819e+01
    endloop
  endfacet
  facet normal 1.542507e-16 -1.000000e+00 5.729977e-16
    outer loop
      vertex   1.982387e+01 -1.500000e+00 1.359819e+01
      vertex   2.200000e+01 -1.500000e+00 1.650000e+01
      vertex   1.768149e+01 -1.500000e+00 1.650000e+01
    endloop
  endfacet
  facet normal -5.967623e-17 -1.000000e+00 4.150573e-16
    outer loop
      vertex   1.982387e+01 -1.500000e+00 1.359819e+01
      vertex   1.768149e+01 -1.500000e+00 1.650000e+01
      vertex   1.952279e+01 -1.500000e+00 1.355490e+01
    endloop
  endfacet
  facet normal -1.287139e-16 -1.000000e+00 3.718944e-16
    outer loop
      vertex   1.952279e+01 -1.500000e+00 1.355490e+01
      vertex   1.768149e+01 -1.500000e+00 1.650000e+01
      vertex   1.923534e+01 -1.500000e+00 1.345541e+01
    endloop
  endfacet
  facet normal -1.951402e-16 -1.000000e+00 3.379928e-16
    outer loop
      vertex   1.923534e+01 -1.500000e+00 1.345541e+01
      vertex   1.768149e+01 -1.500000e+00 1.650000e+01
      vertex   1.897191e+01 -1.500000e+00 1.330332e+01
    endloop
  endfacet
  facet normal -2.675458e-16 -1.000000e+00 3.087644e-16
    outer loop
      vertex   1.897191e+01 -1.500000e+00 1.330332e+01
      vertex   1.768149e+01 -1.500000e+00 1.650000e+01
      vertex   1.874203e+01 -1.500000e+00 1.310413e+01
    endloop
  endfacet
  facet normal -8.913865e-18 -1.000000e+00 3.895357e-16
    outer loop
      vertex   1.874203e+01 -1.500000e+00 1.310413e+01
      vertex   1.768149e+01 -1.500000e+00 1.650000e+01
      vertex   1.720407e+01 -1.500000e+00 1.648908e+01
    endloop
  endfacet
  facet normal 1.288405e-15 -1.000000e+00 9.789742e-16
    outer loop
      vertex   1.874203e+01 -1.500000e+00 1.310413e+01
      vertex   1.720407e+01 -1.500000e+00 1.648908e+01
      vertex   1.671234e+01 -1.500000e+00 1.645578e+01
    endloop
  endfacet
  facet normal -1.427800e-16 -1.000000e+00 1.122835e-16
    outer loop
      vertex   1.874203e+01 -1.500000e+00 1.310413e+01
      vertex   1.671234e+01 -1.500000e+00 1.645578e+01
      vertex   1.855399e+01 -1.500000e+00 1.286503e+01
    endloop
  endfacet
  facet normal -1.278772e-15 -1.000000e+00 -4.703510e-16
    outer loop
      vertex   1.855399e+01 -1.500000e+00 1.286503e+01
      vertex   1.671234e+01 -1.500000e+00 1.645578e+01
      vertex   1.621218e+01 -1.500000e+00 1.639935e+01
    endloop
  endfacet
  facet normal -3.199579e-16 -1.000000e+00 1.649498e-16
    outer loop
      vertex   1.855399e+01 -1.500000e+00 1.286503e+01
      vertex   1.621218e+01 -1.500000e+00 1.639935e+01
      vertex   1.841461e+01 -1.500000e+00 1.259466e+01
    endloop
  endfacet
  facet normal -5.122524e-17 -1.000000e+00 3.205115e-16
    outer loop
      vertex   1.841461e+01 -1.500000e+00 1.259466e+01
      vertex   1.621218e+01 -1.500000e+00 1.639935e+01
      vertex   1.570946e+01 -1.500000e+00 1.631901e+01
    endloop
  endfacet
  facet normal 7.065070e-16 -1.000000e+00 8.708836e-16
    outer loop
      vertex   1.841461e+01 -1.500000e+00 1.259466e+01
      vertex   1.570946e+01 -1.500000e+00 1.631901e+01
      vertex   1.520999e+01 -1.500000e+00 1.621428e+01
    endloop
  endfacet
  facet normal -2.081293e-16 -1.000000e+00 6.111229e-17
    outer loop
      vertex   1.841461e+01 -1.500000e+00 1.259466e+01
      vertex   1.520999e+01 -1.500000e+00 1.621428e+01
      vertex   1.832891e+01 -1.500000e+00 1.230280e+01
    endloop
  endfacet
  facet normal 3.260185e-16 -1.000000e+00 4.870299e-16
    outer loop
      vertex   1.832891e+01 -1.500000e+00 1.230280e+01
      vertex   1.520999e+01 -1.500000e+00 1.621428e+01
      vertex   1.471912e+01 -1.500000e+00 1.608695e+01
    endloop
  endfacet
  facet normal -4.195707e-17 -1.000000e+00 1.360088e-16
    outer loop
      vertex   1.832891e+01 -1.500000e+00 1.230280e+01
      vertex   1.471912e+01 -1.500000e+00 1.608695e+01
      vertex   1.424207e+01 -1.500000e+00 1.593978e+01
    endloop
  endfacet
  facet normal 2.987355e-16 -1.000000e+00 5.188421e-16
    outer loop
      vertex   1.424207e+01 -1.500000e+00 1.593978e+01
      vertex   1.378405e+01 -1.500000e+00 1.577554e+01
      vertex   1.832891e+01 -1.500000e+00 1.230280e+01
    endloop
  endfacet
  facet normal -4.268771e-15 -1.000000e+00 -5.458779e-15
    outer loop
      vertex   1.832891e+01 -1.500000e+00 1.230280e+01
      vertex   1.378405e+01 -1.500000e+00 1.577554e+01
      vertex   1.830000e+01 -1.500000e+00 1.200000e+01
    endloop
  endfacet
  facet normal 9.164756e-17 -1.000000e+00 -1.287010e-16
    outer loop
      vertex   2.094778e+01 -1.500000e+00 1.079080e+01
      vertex   2.070000e+01 -1.500000e+00 1.061436e+01
      vertex   2.385057e+01 -1.500000e+00 9.407318e+00
    endloop
  endfacet
  facet normal 7.665144e-17 -1.000000e+00 -1.678432e-16
    outer loop
      vertex   2.385057e+01 -1.500000e+00 9.407318e+00
      vertex   2.070000e+01 -1.500000e+00 1.061436e+01
      vertex   2.042331e+01 -1.500000e+00 1.048800e+01
    endloop
  endfacet
  facet normal 7.063153e-01 -2.775120e-02 7.073532e-01
    outer loop
      vertex   -9.470715e+00 7.453614e-01 1.350000e+01
      vertex   -1.047064e+01 7.846660e-01 1.450000e+01
      vertex   -9.500000e+00 1.163414e-15 1.350000e+01
    endloop
  endfacet
  facet normal 7.068594e-01 -2.644881e-02 7.068594e-01
    outer loop
      vertex   -9.500000e+00 1.163414e-15 1.350000e+01
      vertex   -1.047064e+01 7.846660e-01 1.450000e+01
      vertex   -1.050000e+01 -1.285879e-15 1.450000e+01
    endloop
  endfacet
  facet normal 7.068594e-01 2.644881e-02 7.068594e-01
    outer loop
      vertex   -9.500000e+00 1.163414e-15 1.350000e+01
      vertex   -1.050000e+01 -1.285879e-15 1.450000e+01
      vertex   -1.047064e+01 -7.846660e-01 1.450000e+01
    endloop
  endfacet
  facet normal 7.033501e-01 -7.924852e-02 7.064123e-01
    outer loop
      vertex   -1.047064e+01 7.846660e-01 1.450000e+01
      vertex   -9.470715e+00 7.453614e-01 1.350000e+01
      vertex   -1.038272e+01 1.564944e+00 1.450000e+01
    endloop
  endfacet
  facet normal 7.014969e-01 -8.302763e-02 7.078195e-01
    outer loop
      vertex   -1.038272e+01 1.564944e+00 1.450000e+01
      vertex   -9.470715e+00 7.453614e-01 1.350000e+01
      vertex   -9.383039e+00 1.486127e+00 1.350000e+01
    endloop
  endfacet
  facet normal 6.958539e-01 -1.316627e-01 7.060115e-01
    outer loop
      vertex   -1.038272e+01 1.564944e+00 1.450000e+01
      vertex   -9.383039e+00 1.486127e+00 1.350000e+01
      vertex   -1.023674e+01 2.336470e+00 1.450000e+01
    endloop
  endfacet
  facet normal 6.924133e-01 -1.377296e-01 7.082332e-01
    outer loop
      vertex   -1.023674e+01 2.336470e+00 1.450000e+01
      vertex   -9.383039e+00 1.486127e+00 1.350000e+01
      vertex   -9.237514e+00 2.217731e+00 1.350000e+01
    endloop
  endfacet
  facet normal 6.844099e-01 -1.833871e-01 7.056573e-01
    outer loop
      vertex   -1.023674e+01 2.336470e+00 1.450000e+01
      vertex   -9.237514e+00 2.217731e+00 1.350000e+01
      vertex   -1.003351e+01 3.094929e+00 1.450000e+01
    endloop
  endfacet
  facet normal 6.791236e-01 -1.915327e-01 7.085947e-01
    outer loop
      vertex   -1.003351e+01 3.094929e+00 1.450000e+01
      vertex   -9.237514e+00 2.217731e+00 1.350000e+01
      vertex   -9.035037e+00 2.935661e+00 1.350000e+01
    endloop
  endfacet
  facet normal 6.690805e-01 -2.341214e-01 7.053499e-01
    outer loop
      vertex   -1.003351e+01 3.094929e+00 1.450000e+01
      vertex   -9.035037e+00 2.935661e+00 1.350000e+01
      vertex   -9.774174e+00 3.836081e+00 1.450000e+01
    endloop
  endfacet
  facet normal 6.617110e-01 -2.441181e-01 7.089040e-01
    outer loop
      vertex   -9.774174e+00 3.836081e+00 1.450000e+01
      vertex   -9.035037e+00 2.935661e+00 1.350000e+01
      vertex   -8.776856e+00 3.635493e+00 1.350000e+01
    endloop
  endfacet
  facet normal 6.499511e-01 -2.835708e-01 7.050894e-01
    outer loop
      vertex   -9.774174e+00 3.836081e+00 1.450000e+01
      vertex   -8.776856e+00 3.635493e+00 1.350000e+01
      vertex   -9.460173e+00 4.555779e+00 1.450000e+01
    endloop
  endfacet
  facet normal 6.402828e-01 -2.951744e-01 7.091615e-01
    outer loop
      vertex   -9.460173e+00 4.555779e+00 1.450000e+01
      vertex   -8.776856e+00 3.635493e+00 1.350000e+01
      vertex   -8.464562e+00 4.312910e+00 1.350000e+01
    endloop
  endfacet
  facet normal 6.271299e-01 -3.314479e-01 7.048761e-01
    outer loop
      vertex   -9.460173e+00 4.555779e+00 1.450000e+01
      vertex   -8.464562e+00 4.312910e+00 1.350000e+01
      vertex   -9.093267e+00 5.250000e+00 1.450000e+01
    endloop
  endfacet
  facet normal 6.149692e-01 -3.443993e-01 7.093673e-01
    outer loop
      vertex   -9.093267e+00 5.250000e+00 1.450000e+01
      vertex   -8.464562e+00 4.312910e+00 1.350000e+01
      vertex   -8.100082e+00 4.963736e+00 1.350000e+01
    endloop
  endfacet
  facet normal 6.007469e-01 -3.774743e-01 7.047101e-01
    outer loop
      vertex   -9.093267e+00 5.250000e+00 1.450000e+01
      vertex   -8.100082e+00 4.963736e+00 1.350000e+01
      vertex   -8.675507e+00 5.914861e+00 1.450000e+01
    endloop
  endfacet
  facet normal 5.859231e-01 -3.915013e-01 7.095215e-01
    outer loop
      vertex   -8.675507e+00 5.914861e+00 1.450000e+01
      vertex   -8.100082e+00 4.963736e+00 1.350000e+01
      vertex   -7.685661e+00 5.583960e+00 1.350000e+01
    endloop
  endfacet
  facet normal 5.709532e-01 -4.213827e-01 7.045914e-01
    outer loop
      vertex   -8.675507e+00 5.914861e+00 1.450000e+01
      vertex   -7.685661e+00 5.583960e+00 1.350000e+01
      vertex   -8.209231e+00 6.546643e+00 1.450000e+01
    endloop
  endfacet
  facet normal 5.533188e-01 -4.362014e-01 7.096243e-01
    outer loop
      vertex   -8.209231e+00 6.546643e+00 1.450000e+01
      vertex   -7.685661e+00 5.583960e+00 1.350000e+01
      vertex   -7.223857e+00 6.169756e+00 1.350000e+01
    endloop
  endfacet
  facet normal 5.379204e-01 -4.629179e-01 7.045202e-01
    outer loop
      vertex   -8.209231e+00 6.546643e+00 1.450000e+01
      vertex   -7.223857e+00 6.169756e+00 1.350000e+01
      vertex   -7.697045e+00 7.141814e+00 1.450000e+01
    endloop
  endfacet
  facet normal 5.173512e-01 -4.782345e-01 7.096757e-01
    outer loop
      vertex   -7.697045e+00 7.141814e+00 1.450000e+01
      vertex   -7.223857e+00 6.169756e+00 1.350000e+01
      vertex   -6.717514e+00 6.717514e+00 1.350000e+01
    endloop
  endfacet
  facet normal 5.018390e-01 -5.018390e-01 7.044964e-01
    outer loop
      vertex   -7.697045e+00 7.141814e+00 1.450000e+01
      vertex   -6.717514e+00 6.717514e+00 1.350000e+01
      vertex   -7.141814e+00 7.697045e+00 1.450000e+01
    endloop
  endfacet
  facet normal 4.782345e-01 -5.173512e-01 7.096757e-01
    outer loop
      vertex   -7.141814e+00 7.697045e+00 1.450000e+01
      vertex   -6.717514e+00 6.717514e+00 1.350000e+01
      vertex   -6.169756e+00 7.223857e+00 1.350000e+01
    endloop
  endfacet
  facet normal 4.629179e-01 -5.379204e-01 7.045202e-01
    outer loop
      vertex   -7.141814e+00 7.697045e+00 1.450000e+01
      vertex   -6.169756e+00 7.223857e+00 1.350000e+01
      vertex   -6.546643e+00 8.209231e+00 1.450000e+01
    endloop
  endfacet
  facet normal 4.362014e-01 -5.533188e-01 7.096243e-01
    outer loop
      vertex   -6.546643e+00 8.209231e+00 1.450000e+01
      vertex   -6.169756e+00 7.223857e+00 1.350000e+01
      vertex   -5.583960e+00 7.685661e+00 1.350000e+01
    endloop
  endfacet
  facet normal 4.213827e-01 -5.709532e-01 7.045914e-01
    outer loop
      vertex   -6.546643e+00 8.209231e+00 1.450000e+01
      vertex   -5.583960e+00 7.685661e+00 1.350000e+01
      vertex   -5.914861e+00 8.675507e+00 1.450000e+01
    endloop
  endfacet
  facet normal 3.915013e-01 -5.859231e-01 7.095215e-01
    outer loop
      vertex   -5.914861e+00 8.675507e+00 1.450000e+01
      vertex   -5.583960e+00 7.685661e+00 1.350000e+01
      vertex   -4.963736e+00 8.100082e+00 1.350000e+01
    endloop
  endfacet
  facet normal 3.774743e-01 -6.007469e-01 7.047101e-01
    outer loop
      vertex   -5.914861e+00 8.675507e+00 1.450000e+01
      vertex   -4.963736e+00 8.100082e+00 1.350000e+01
      vertex   -5.250000e+00 9.093267e+00 1.450000e+01
    endloop
  endfacet
  facet normal 3.443993e-01 -6.149692e-01 7.093673e-01
    outer loop
      vertex   -5.250000e+00 9.093267e+00 1.450000e+01
      vertex   -4.963736e+00 8.100082e+00 1.350000e+01
      vertex   -4.312910e+00 8.464562e+00 1.350000e+01
    endloop
  endfacet
  facet normal 3.314479e-01 -6.271299e-01 7.048761e-01
    outer loop
      vertex   -5.250000e+00 9.093267e+00 1.450000e+01
      vertex   -4.312910e+00 8.464562e+00 1.350000e+01
      vertex   -4.555779e+00 9.460173e+00 1.450000e+01
    endloop
  endfacet
  facet normal 2.951744e-01 -6.402828e-01 7.091615e-01
    outer loop
      vertex   -4.555779e+00 9.460173e+00 1.450000e+01
      vertex   -4.312910e+00 8.464562e+00 1.350000e+01
      vertex   -3.635493e+00 8.776856e+00 1.350000e+01
    endloop
  endfacet
  facet normal 2.835708e-01 -6.499511e-01 7.050894e-01
    outer loop
      vertex   -4.555779e+00 9.460173e+00 1.450000e+01
      vertex   -3.635493e+00 8.776856e+00 1.350000e+01
      vertex   -3.836081e+00 9.774174e+00 1.450000e+01
    endloop
  endfacet
  facet normal 2.441181e-01 -6.617110e-01 7.089040e-01
    outer loop
      vertex   -3.836081e+00 9.774174e+00 1.450000e+01
      vertex   -3.635493e+00 8.776856e+00 1.350000e+01
      vertex   -2.935661e+00 9.035037e+00 1.350000e+01
    endloop
  endfacet
  facet normal 2.341214e-01 -6.690805e-01 7.053499e-01
    outer loop
      vertex   -3.836081e+00 9.774174e+00 1.450000e+01
      vertex   -2.935661e+00 9.035037e+00 1.350000e+01
      vertex   -3.094929e+00 1.003351e+01 1.450000e+01
    endloop
  endfacet
  facet normal 1.915327e-01 -6.791236e-01 7.085947e-01
    outer loop
      vertex   -3.094929e+00 1.003351e+01 1.450000e+01
      vertex   -2.935661e+00 9.035037e+00 1.350000e+01
      vertex   -2.217731e+00 9.237514e+00 1.350000e+01
    endloop
  endfacet
  facet normal 1.833871e-01 -6.844099e-01 7.056573e-01
    outer loop
      vertex   -3.094929e+00 1.003351e+01 1.450000e+01
      vertex   -2.217731e+00 9.237514e+00 1.350000e+01
      vertex   -2.336470e+00 1.023674e+01 1.450000e+01
    endloop
  endfacet
  facet normal 1.377296e-01 -6.924133e-01 7.082332e-01
    outer loop
      vertex   -2.336470e+00 1.023674e+01 1.450000e+01
      vertex   -2.217731e+00 9.237514e+00 1.350000e+01
      vertex   -1.486127e+00 9.383039e+00 1.350000e+01
    endloop
  endfacet
  facet normal 1.316627e-01 -6.958539e-01 7.060115e-01
    outer loop
      vertex   -2.336470e+00 1.023674e+01 1.450000e+01
      vertex   -1.486127e+00 9.383039e+00 1.350000e+01
      vertex   -1.564944e+00 1.038272e+01 1.450000e+01
    endloop
  endfacet
  facet normal 8.302763e-02 -7.014969e-01 7.078195e-01
    outer loop
      vertex   -1.564944e+00 1.038272e+01 1.450000e+01
      vertex   -1.486127e+00 9.383039e+00 1.350000e+01
      vertex   -7.453614e-01 9.470715e+00 1.350000e+01
    endloop
  endfacet
  facet normal 7.924852e-02 -7.033501e-01 7.064123e-01
    outer loop
      vertex   -1.564944e+00 1.038272e+01 1.450000e+01
      vertex   -7.453614e-01 9.470715e+00 1.350000e+01
      vertex   -7.846660e-01 1.047064e+01 1.450000e+01
    endloop
  endfacet
  facet normal 2.775120e-02 -7.063153e-01 7.073532e-01
    outer loop
      vertex   -7.846660e-01 1.047064e+01 1.450000e+01
      vertex   -7.453614e-01 9.470715e+00 1.350000e+01
      vertex   5.817072e-16 9.500000e+00 1.350000e+01
    endloop
  endfacet
  facet normal 2.644881e-02 -7.068594e-01 7.068594e-01
    outer loop
      vertex   -7.846660e-01 1.047064e+01 1.450000e+01
      vertex   5.817072e-16 9.500000e+00 1.350000e+01
      vertex   6.429396e-16 1.050000e+01 1.450000e+01
    endloop
  endfacet
  facet normal -2.644881e-02 -7.068594e-01 7.068594e-01
    outer loop
      vertex   6.429396e-16 1.050000e+01 1.450000e+01
      vertex   5.817072e-16 9.500000e+00 1.350000e+01
      vertex   7.846660e-01 1.047064e+01 1.450000e+01
    endloop
  endfacet
  facet normal -2.775120e-02 -7.063153e-01 7.073532e-01
    outer loop
      vertex   7.846660e-01 1.047064e+01 1.450000e+01
      vertex   5.817072e-16 9.500000e+00 1.350000e+01
      vertex   7.453614e-01 9.470715e+00 1.350000e+01
    endloop
  endfacet
  facet normal -7.924852e-02 -7.033501e-01 7.064123e-01
    outer loop
      vertex   7.846660e-01 1.047064e+01 1.450000e+01
      vertex   7.453614e-01 9.470715e+00 1.350000e+01
      vertex   1.564944e+00 1.038272e+01 1.450000e+01
    endloop
  endfacet
  facet normal -8.302763e-02 -7.014969e-01 7.078195e-01
    outer loop
      vertex   1.564944e+00 1.038272e+01 1.450000e+01
      vertex   7.453614e-01 9.470715e+00 1.350000e+01
      vertex   1.486127e+00 9.383039e+00 1.350000e+01
    endloop
  endfacet
  facet normal -1.316627e-01 -6.958539e-01 7.060115e-01
    outer loop
      vertex   1.564944e+00 1.038272e+01 1.450000e+01
      vertex   1.486127e+00 9.383039e+00 1.350000e+01
      vertex   2.336470e+00 1.023674e+01 1.450000e+01
    endloop
  endfacet
  facet normal -1.377296e-01 -6.924133e-01 7.082332e-01
    outer loop
      vertex   2.336470e+00 1.023674e+01 1.450000e+01
      vertex   1.486127e+00 9.383039e+00 1.350000e+01
      vertex   2.217731e+00 9.237514e+00 1.350000e+01
    endloop
  endfacet
  facet normal -1.833871e-01 -6.844099e-01 7.056573e-01
    outer loop
      vertex   2.336470e+00 1.023674e+01 1.450000e+01
      vertex   2.217731e+00 9.237514e+00 1.350000e+01
      vertex   3.094929e+00 1.003351e+01 1.450000e+01
    endloop
  endfacet
  facet normal -1.915327e-01 -6.791236e-01 7.085947e-01
    outer loop
      vertex   3.094929e+00 1.003351e+01 1.450000e+01
      vertex   2.217731e+00 9.237514e+00 1.350000e+01
      vertex   2.935661e+00 9.035037e+00 1.350000e+01
    endloop
  endfacet
  facet normal -2.341214e-01 -6.690805e-01 7.053499e-01
    outer loop
      vertex   3.094929e+00 1.003351e+01 1.450000e+01
      vertex   2.935661e+00 9.035037e+00 1.350000e+01
      vertex   3.836081e+00 9.774174e+00 1.450000e+01
    endloop
  endfacet
  facet normal -2.441181e-01 -6.617110e-01 7.089040e-01
    outer loop
      vertex   3.836081e+00 9.774174e+00 1.450000e+01
      vertex   2.935661e+00 9.035037e+00 1.350000e+01
      vertex   3.635493e+00 8.776856e+00 1.350000e+01
    endloop
  endfacet
  facet normal -2.835708e-01 -6.499511e-01 7.050894e-01
    outer loop
      vertex   3.836081e+00 9.774174e+00 1.450000e+01
      vertex   3.635493e+00 8.776856e+00 1.350000e+01
      vertex   4.555779e+00 9.460173e+00 1.450000e+01
    endloop
  endfacet
  facet normal -2.951744e-01 -6.402828e-01 7.091615e-01
    outer loop
      vertex   4.555779e+00 9.460173e+00 1.450000e+01
      vertex   3.635493e+00 8.776856e+00 1.350000e+01
      vertex   4.312910e+00 8.464562e+00 1.350000e+01
    endloop
  endfacet
  facet normal -3.314479e-01 -6.271299e-01 7.048761e-01
    outer loop
      vertex   4.555779e+00 9.460173e+00 1.450000e+01
      vertex   4.312910e+00 8.464562e+00 1.350000e+01
      vertex   5.250000e+00 9.093267e+00 1.450000e+01
    endloop
  endfacet
  facet normal -3.443993e-01 -6.149692e-01 7.093673e-01
    outer loop
      vertex   5.250000e+00 9.093267e+00 1.450000e+01
      vertex   4.312910e+00 8.464562e+00 1.350000e+01
      vertex   4.963736e+00 8.100082e+00 1.350000e+01
    endloop
  endfacet
  facet normal -3.774743e-01 -6.007469e-01 7.047101e-01
    outer loop
      vertex   5.250000e+00 9.093267e+00 1.450000e+01
      vertex   4.963736e+00 8.100082e+00 1.350000e+01
      vertex   5.914861e+00 8.675507e+00 1.450000e+01
    endloop
  endfacet
  facet normal -3.915013e-01 -5.859231e-01 7.095215e-01
    outer loop
      vertex   5.914861e+00 8.675507e+00 1.450000e+01
      vertex   4.963736e+00 8.100082e+00 1.350000e+01
      vertex   5.583960e+00 7.685661e+00 1.350000e+01
    endloop
  endfacet
  facet normal -4.213827e-01 -5.709532e-01 7.045914e-01
    outer loop
      vertex   5.914861e+00 8.675507e+00 1.450000e+01
      vertex   5.583960e+00 7.685661e+00 1.350000e+01
      vertex   6.546643e+00 8.209231e+00 1.450000e+01
    endloop
  endfacet
  facet normal -4.362014e-01 -5.533188e-01 7.096243e-01
    outer loop
      vertex   6.546643e+00 8.209231e+00 1.450000e+01
      vertex   5.583960e+00 7.685661e+00 1.350000e+01
      vertex   6.169756e+00 7.223857e+00 1.350000e+01
    endloop
  endfacet
  facet normal -4.629179e-01 -5.379204e-01 7.045202e-01
    outer loop
      vertex   6.546643e+00 8.209231e+00 1.450000e+01
      vertex   6.169756e+00 7.223857e+00 1.350000e+01
      vertex   7.141814e+00 7.697045e+00 1.450000e+01
    endloop
  endfacet
  facet normal -4.782345e-01 -5.173512e-01 7.096757e-01
    outer loop
      vertex   7.141814e+00 7.697045e+00 1.450000e+01
      vertex   6.169756e+00 7.223857e+00 1.350000e+01
      vertex   6.717514e+00 6.717514e+00 1.350000e+01
    endloop
  endfacet
  facet normal -5.018390e-01 -5.018390e-01 7.044964e-01
    outer loop
      vertex   7.141814e+00 7.697045e+00 1.450000e+01
      vertex   6.717514e+00 6.717514e+00 1.350000e+01
      vertex   7.697045e+00 7.141814e+00 1.450000e+01
    endloop
  endfacet
  facet normal -5.173512e-01 -4.782345e-01 7.096757e-01
    outer loop
      vertex   7.697045e+00 7.141814e+00 1.450000e+01
      vertex   6.717514e+00 6.717514e+00 1.350000e+01
      vertex   7.223857e+00 6.169756e+00 1.350000e+01
    endloop
  endfacet
  facet normal -5.379204e-01 -4.629179e-01 7.045202e-01
    outer loop
      vertex   7.697045e+00 7.141814e+00 1.450000e+01
      vertex   7.223857e+00 6.169756e+00 1.350000e+01
      vertex   8.209231e+00 6.546643e+00 1.450000e+01
    endloop
  endfacet
  facet normal -5.533188e-01 -4.362014e-01 7.096243e-01
    outer loop
      vertex   8.209231e+00 6.546643e+00 1.450000e+01
      vertex   7.223857e+00 6.169756e+00 1.350000e+01
      vertex   7.685661e+00 5.583960e+00 1.350000e+01
    endloop
  endfacet
  facet normal -5.709532e-01 -4.213827e-01 7.045914e-01
    outer loop
      vertex   8.209231e+00 6.546643e+00 1.450000e+01
      vertex   7.685661e+00 5.583960e+00 1.350000e+01
      vertex   8.675507e+00 5.914861e+00 1.450000e+01
    endloop
  endfacet
  facet normal -5.859231e-01 -3.915013e-01 7.095215e-01
    outer loop
      vertex   8.675507e+00 5.914861e+00 1.450000e+01
      vertex   7.685661e+00 5.583960e+00 1.350000e+01
      vertex   8.100082e+00 4.963736e+00 1.350000e+01
    endloop
  endfacet
  facet normal -6.007469e-01 -3.774743e-01 7.047101e-01
    outer loop
      vertex   8.675507e+00 5.914861e+00 1.450000e+01
      vertex   8.100082e+00 4.963736e+00 1.350000e+01
      vertex   9.093267e+00 5.250000e+00 1.450000e+01
    endloop
  endfacet
  facet normal -6.149692e-01 -3.443993e-01 7.093673e-01
    outer loop
      vertex   9.093267e+00 5.250000e+00 1.450000e+01
      vertex   8.100082e+00 4.963736e+00 1.350000e+01
      vertex   8.464562e+00 4.312910e+00 1.350000e+01
    endloop
  endfacet
  facet normal -6.271299e-01 -3.314479e-01 7.048761e-01
    outer loop
      vertex   9.093267e+00 5.250000e+00 1.450000e+01
      vertex   8.464562e+00 4.312910e+00 1.350000e+01
      vertex   9.460173e+00 4.555779e+00 1.450000e+01
    endloop
  endfacet
  facet normal -6.402828e-01 -2.951744e-01 7.091615e-01
    outer loop
      vertex   9.460173e+00 4.555779e+00 1.450000e+01
      vertex   8.464562e+00 4.312910e+00 1.350000e+01
      vertex   8.776856e+00 3.635493e+00 1.350000e+01
    endloop
  endfacet
  facet normal -6.499511e-01 -2.835708e-01 7.050894e-01
    outer loop
      vertex   9.460173e+00 4.555779e+00 1.450000e+01
      vertex   8.776856e+00 3.635493e+00 1.350000e+01
      vertex   9.774174e+00 3.836081e+00 1.450000e+01
    endloop
  endfacet
  facet normal -6.617110e-01 -2.441181e-01 7.089040e-01
    outer loop
      vertex   9.774174e+00 3.836081e+00 1.450000e+01
      vertex   8.776856e+00 3.635493e+00 1.350000e+01
      vertex   9.035037e+00 2.935661e+00 1.350000e+01
    endloop
  endfacet
  facet normal -6.690805e-01 -2.341214e-01 7.053499e-01
    outer loop
      vertex   9.774174e+00 3.836081e+00 1.450000e+01
      vertex   9.035037e+00 2.935661e+00 1.350000e+01
      vertex   1.003351e+01 3.094929e+00 1.450000e+01
    endloop
  endfacet
  facet normal -6.791236e-01 -1.915327e-01 7.085947e-01
    outer loop
      vertex   1.003351e+01 3.094929e+00 1.450000e+01
      vertex   9.035037e+00 2.935661e+00 1.350000e+01
      vertex   9.237514e+00 2.217731e+00 1.350000e+01
    endloop
  endfacet
  facet normal -6.844099e-01 -1.833871e-01 7.056573e-01
    outer loop
      vertex   1.003351e+01 3.094929e+00 1.450000e+01
      vertex   9.237514e+00 2.217731e+00 1.350000e+01
      vertex   1.023674e+01 2.336470e+00 1.450000e+01
    endloop
  endfacet
  facet normal -6.924133e-01 -1.377296e-01 7.082332e-01
    outer loop
      vertex   1.023674e+01 2.336470e+00 1.450000e+01
      vertex   9.237514e+00 2.217731e+00 1.350000e+01
      vertex   9.383039e+00 1.486127e+00 1.350000e+01
    endloop
  endfacet
  facet normal -6.958539e-01 -1.316627e-01 7.060115e-01
    outer loop
      vertex   1.023674e+01 2.336470e+00 1.450000e+01
      vertex   9.383039e+00 1.486127e+00 1.350000e+01
      vertex   1.038272e+01 1.564944e+00 1.450000e+01
    endloop
  endfacet
  facet normal -7.014969e-01 -8.302763e-02 7.078195e-01
    outer loop
      vertex   1.038272e+01 1.564944e+00 1.450000e+01
      vertex   9.383039e+00 1.486127e+00 1.350000e+01
      vertex   9.470715e+00 7.453614e-01 1.350000e+01
    endloop
  endfacet
  facet normal -7.033501e-01 -7.924852e-02 7.064123e-01
    outer loop
      vertex   1.038272e+01 1.564944e+00 1.450000e+01
      vertex   9.470715e+00 7.453614e-01 1.350000e+01
      vertex   1.047064e+01 7.846660e-01 1.450000e+01
    endloop
  endfacet
  facet normal -7.063153e-01 -2.775120e-02 7.073532e-01
    outer loop
      vertex   1.047064e+01 7.846660e-01 1.450000e+01
      vertex   9.470715e+00 7.453614e-01 1.350000e+01
      vertex   9.500000e+00 0.000000e+00 1.350000e+01
    endloop
  endfacet
  facet normal -7.068594e-01 -2.644881e-02 7.068594e-01
    outer loop
      vertex   1.047064e+01 7.846660e-01 1.450000e+01
      vertex   9.500000e+00 0.000000e+00 1.350000e+01
      vertex   1.050000e+01 0.000000e+00 1.450000e+01
    endloop
  endfacet
  facet normal -7.068594e-01 2.644881e-02 7.068594e-01
    outer loop
      vertex   1.050000e+01 0.000000e+00 1.450000e+01
      vertex   9.500000e+00 0.000000e+00 1.350000e+01
      vertex   1.047064e+01 -7.846660e-01 1.450000e+01
    endloop
  endfacet
  facet normal -7.063153e-01 2.775120e-02 7.073532e-01
    outer loop
      vertex   1.047064e+01 -7.846660e-01 1.450000e+01
      vertex   9.500000e+00 0.000000e+00 1.350000e+01
      vertex   9.470715e+00 -7.453614e-01 1.350000e+01
    endloop
  endfacet
  facet normal -7.033501e-01 7.924852e-02 7.064123e-01
    outer loop
      vertex   1.047064e+01 -7.846660e-01 1.450000e+01
      vertex   9.470715e+00 -7.453614e-01 1.350000e+01
      vertex   1.038272e+01 -1.564944e+00 1.450000e+01
    endloop
  endfacet
  facet normal -7.014969e-01 8.302763e-02 7.078195e-01
    outer loop
      vertex   1.038272e+01 -1.564944e+00 1.450000e+01
      vertex   9.470715e+00 -7.453614e-01 1.350000e+01
      vertex   9.383039e+00 -1.486127e+00 1.350000e+01
    endloop
  endfacet
  facet normal -6.958539e-01 1.316627e-01 7.060115e-01
    outer loop
      vertex   1.038272e+01 -1.564944e+00 1.450000e+01
      vertex   9.383039e+00 -1.486127e+00 1.350000e+01
      vertex   1.023674e+01 -2.336470e+00 1.450000e+01
    endloop
  endfacet
  facet normal -6.924133e-01 1.377296e-01 7.082332e-01
    outer loop
      vertex   1.023674e+01 -2.336470e+00 1.450000e+01
      vertex   9.383039e+00 -1.486127e+00 1.350000e+01
      vertex   9.237514e+00 -2.217731e+00 1.350000e+01
    endloop
  endfacet
  facet normal -6.844099e-01 1.833871e-01 7.056573e-01
    outer loop
      vertex   1.023674e+01 -2.336470e+00 1.450000e+01
      vertex   9.237514e+00 -2.217731e+00 1.350000e+01
      vertex   1.003351e+01 -3.094929e+00 1.450000e+01
    endloop
  endfacet
  facet normal -6.791236e-01 1.915327e-01 7.085947e-01
    outer loop
      vertex   1.003351e+01 -3.094929e+00 1.450000e+01
      vertex   9.237514e+00 -2.217731e+00 1.350000e+01
      vertex   9.035037e+00 -2.935661e+00 1.350000e+01
    endloop
  endfacet
  facet normal -6.690805e-01 2.341214e-01 7.053499e-01
    outer loop
      vertex   1.003351e+01 -3.094929e+00 1.450000e+01
      vertex   9.035037e+00 -2.935661e+00 1.350000e+01
      vertex   9.774174e+00 -3.836081e+00 1.450000e+01
    endloop
  endfacet
  facet normal -6.617110e-01 2.441181e-01 7.089040e-01
    outer loop
      vertex   9.774174e+00 -3.836081e+00 1.450000e+01
      vertex   9.035037e+00 -2.935661e+00 1.350000e+01
      vertex   8.776856e+00 -3.635493e+00 1.350000e+01
    endloop
  endfacet
  facet normal -6.499511e-01 2.835708e-01 7.050894e-01
    outer loop
      vertex   9.774174e+00 -3.836081e+00 1.450000e+01
      vertex   8.776856e+00 -3.635493e+00 1.350000e+01
      vertex   9.460173e+00 -4.555779e+00 1.450000e+01
    endloop
  endfacet
  facet normal -6.402828e-01 2.951744e-01 7.091615e-01
    outer loop
      vertex   9.460173e+00 -4.555779e+00 1.450000e+01
      vertex   8.776856e+00 -3.635493e+00 1.350000e+01
      vertex   8.464562e+00 -4.312910e+00 1.350000e+01
    endloop
  endfacet
  facet normal -6.271299e-01 3.314479e-01 7.048761e-01
    outer loop
      vertex   9.460173e+00 -4.555779e+00 1.450000e+01
      vertex   8.464562e+00 -4.312910e+00 1.350000e+01
      vertex   9.093267e+00 -5.250000e+00 1.450000e+01
    endloop
  endfacet
  facet normal -6.149692e-01 3.443993e-01 7.093673e-01
    outer loop
      vertex   9.093267e+00 -5.250000e+00 1.450000e+01
      vertex   8.464562e+00 -4.312910e+00 1.350000e+01
      vertex   8.100082e+00 -4.963736e+00 1.350000e+01
    endloop
  endfacet
  facet normal -6.007469e-01 3.774743e-01 7.047101e-01
    outer loop
      vertex   9.093267e+00 -5.250000e+00 1.450000e+01
      vertex   8.100082e+00 -4.963736e+00 1.350000e+01
      vertex   8.675507e+00 -5.914861e+00 1.450000e+01
    endloop
  endfacet
  facet normal -5.859231e-01 3.915013e-01 7.095215e-01
    outer loop
      vertex   8.675507e+00 -5.914861e+00 1.450000e+01
      vertex   8.100082e+00 -4.963736e+00 1.350000e+01
      vertex   7.685661e+00 -5.583960e+00 1.350000e+01
    endloop
  endfacet
  facet normal -5.709532e-01 4.213827e-01 7.045914e-01
    outer loop
      vertex   8.675507e+00 -5.914861e+00 1.450000e+01
      vertex   7.685661e+00 -5.583960e+00 1.350000e+01
      vertex   8.209231e+00 -6.546643e+00 1.450000e+01
    endloop
  endfacet
  facet normal -5.533188e-01 4.362014e-01 7.096243e-01
    outer loop
      vertex   8.209231e+00 -6.546643e+00 1.450000e+01
      vertex   7.685661e+00 -5.583960e+00 1.350000e+01
      vertex   7.223857e+00 -6.169756e+00 1.350000e+01
    endloop
  endfacet
  facet normal -5.379204e-01 4.629179e-01 7.045202e-01
    outer loop
      vertex   8.209231e+00 -6.546643e+00 1.450000e+01
      vertex   7.223857e+00 -6.169756e+00 1.350000e+01
      vertex   7.697045e+00 -7.141814e+00 1.450000e+01
    endloop
  endfacet
  facet normal -5.173512e-01 4.782345e-01 7.096757e-01
    outer loop
      vertex   7.697045e+00 -7.141814e+00 1.450000e+01
      vertex   7.223857e+00 -6.169756e+00 1.350000e+01
      vertex   6.717514e+00 -6.717514e+00 1.350000e+01
    endloop
  endfacet
  facet normal -5.018390e-01 5.018390e-01 7.044964e-01
    outer loop
      vertex   7.697045e+00 -7.141814e+00 1.450000e+01
      vertex   6.717514e+00 -6.717514e+00 1.350000e+01
      vertex   7.141814e+00 -7.697045e+00 1.450000e+01
    endloop
  endfacet
  facet normal -4.782345e-01 5.173512e-01 7.096757e-01
    outer loop
      vertex   7.141814e+00 -7.697045e+00 1.450000e+01
      vertex   6.717514e+00 -6.717514e+00 1.350000e+01
      vertex   6.169756e+00 -7.223857e+00 1.350000e+01
    endloop
  endfacet
  facet normal -4.629179e-01 5.379204e-01 7.045202e-01
    outer loop
      vertex   7.141814e+00 -7.697045e+00 1.450000e+01
      vertex   6.169756e+00 -7.223857e+00 1.350000e+01
      vertex   6.546643e+00 -8.209231e+00 1.450000e+01
    endloop
  endfacet
  facet normal -4.362014e-01 5.533188e-01 7.096243e-01
    outer loop
      vertex   6.546643e+00 -8.209231e+00 1.450000e+01
      vertex   6.169756e+00 -7.223857e+00 1.350000e+01
      vertex   5.583960e+00 -7.685661e+00 1.350000e+01
    endloop
  endfacet
  facet normal -4.213827e-01 5.709532e-01 7.045914e-01
    outer loop
      vertex   6.546643e+00 -8.209231e+00 1.450000e+01
      vertex   5.583960e+00 -7.685661e+00 1.350000e+01
      vertex   5.914861e+00 -8.675507e+00 1.450000e+01
    endloop
  endfacet
  facet normal -3.915013e-01 5.859231e-01 7.095215e-01
    outer loop
      vertex   5.914861e+00 -8.675507e+00 1.450000e+01
      vertex   5.583960e+00 -7.685661e+00 1.350000e+01
      vertex   4.963736e+00 -8.100082e+00 1.350000e+01
    endloop
  endfacet
  facet normal -3.774743e-01 6.007469e-01 7.047101e-01
    outer loop
      vertex   5.914861e+00 -8.675507e+00 1.450000e+01
      vertex   4.963736e+00 -8.100082e+00 1.350000e+01
      vertex   5.250000e+00 -9.093267e+00 1.450000e+01
    endloop
  endfacet
  facet normal -3.443993e-01 6.149692e-01 7.093673e-01
    outer loop
      vertex   5.250000e+00 -9.093267e+00 1.450000e+01
      vertex   4.963736e+00 -8.100082e+00 1.350000e+01
      vertex   4.312910e+00 -8.464562e+00 1.350000e+01
    endloop
  endfacet
  facet normal -3.314479e-01 6.271299e-01 7.048761e-01
    outer loop
      vertex   5.250000e+00 -9.093267e+00 1.450000e+01
      vertex   4.312910e+00 -8.464562e+00 1.350000e+01
      vertex   4.555779e+00 -9.460173e+00 1.450000e+01
    endloop
  endfacet
  facet normal -2.951744e-01 6.402828e-01 7.091615e-01
    outer loop
      vertex   4.555779e+00 -9.460173e+00 1.450000e+01
      vertex   4.312910e+00 -8.464562e+00 1.350000e+01
      vertex   3.635493e+00 -8.776856e+00 1.350000e+01
    endloop
  endfacet
  facet normal -2.835708e-01 6.499511e-01 7.050894e-01
    outer loop
      vertex   4.555779e+00 -9.460173e+00 1.450000e+01
      vertex   3.635493e+00 -8.776856e+00 1.350000e+01
      vertex   3.836081e+00 -9.774174e+00 1.450000e+01
    endloop
  endfacet
  facet normal -2.441181e-01 6.617110e-01 7.089040e-01
    outer loop
      vertex   3.836081e+00 -9.774174e+00 1.450000e+01
      vertex   3.635493e+00 -8.776856e+00 1.350000e+01
      vertex   2.935661e+00 -9.035037e+00 1.350000e+01
    endloop
  endfacet
  facet normal -2.341214e-01 6.690805e-01 7.053499e-01
    outer loop
      vertex   3.836081e+00 -9.774174e+00 1.450000e+01
      vertex   2.935661e+00 -9.035037e+00 1.350000e+01
      vertex   3.094929e+00 -1.003351e+01 1.450000e+01
    endloop
  endfacet
  facet normal -1.915327e-01 6.791236e-01 7.085947e-01
    outer loop
      vertex   3.094929e+00 -1.003351e+01 1.450000e+01
      vertex   2.935661e+00 -9.035037e+00 1.350000e+01
      vertex   2.217731e+00 -9.237514e+00 1.350000e+01
    endloop
  endfacet
  facet normal -1.833871e-01 6.844099e-01 7.056573e-01
    outer loop
      vertex   3.094929e+00 -1.003351e+01 1.450000e+01
      vertex   2.217731e+00 -9.237514e+00 1.350000e+01
      vertex   2.336470e+00 -1.023674e+01 1.450000e+01
    endloop
  endfacet
  facet normal -1.377296e-01 6.924133e-01 7.082332e-01
    outer loop
      vertex   2.336470e+00 -1.023674e+01 1.450000e+01
      vertex   2.217731e+00 -9.237514e+00 1.350000e+01
      vertex   1.486127e+00 -9.383039e+00 1.350000e+01
    endloop
  endfacet
  facet normal -1.316627e-01 6.958539e-01 7.060115e-01
    outer loop
      vertex   2.336470e+00 -1.023674e+01 1.450000e+01
      vertex   1.486127e+00 -9.383039e+00 1.350000e+01
      vertex   1.564944e+00 -1.038272e+01 1.450000e+01
    endloop
  endfacet
  facet normal -8.302763e-02 7.014969e-01 7.078195e-01
    outer loop
      vertex   1.564944e+00 -1.038272e+01 1.450000e+01
      vertex   1.486127e+00 -9.383039e+00 1.350000e+01
      vertex   7.453614e-01 -9.470715e+00 1.350000e+01
    endloop
  endfacet
  facet normal -7.924852e-02 7.033501e-01 7.064123e-01
    outer loop
      vertex   1.564944e+00 -1.038272e+01 1.450000e+01
      vertex   7.453614e-01 -9.470715e+00 1.350000e+01
      vertex   7.846660e-01 -1.047064e+01 1.450000e+01
    endloop
  endfacet
  facet normal -2.775120e-02 7.063153e-01 7.073532e-01
    outer loop
      vertex   7.846660e-01 -1.047064e+01 1.450000e+01
      vertex   7.453614e-01 -9.470715e+00 1.350000e+01
      vertex   5.817072e-16 -9.500000e+00 1.350000e+01
    endloop
  endfacet
  facet normal -2.644881e-02 7.068594e-01 7.068594e-01
    outer loop
      vertex   7.846660e-01 -1.047064e+01 1.450000e+01
      vertex   5.817072e-16 -9.500000e+00 1.350000e+01
      vertex   6.429396e-16 -1.050000e+01 1.450000e+01
    endloop
  endfacet
  facet normal 2.644881e-02 7.068594e-01 7.068594e-01
    outer loop
      vertex   6.429396e-16 -1.050000e+01 1.450000e+01
      vertex   5.817072e-16 -9.500000e+00 1.350000e+01
      vertex   -7.846660e-01 -1.047064e+01 1.450000e+01
    endloop
  endfacet
  facet normal 2.775120e-02 7.063153e-01 7.073532e-01
    outer loop
      vertex   -7.846660e-01 -1.047064e+01 1.450000e+01
      vertex   5.817072e-16 -9.500000e+00 1.350000e+01
      vertex   -7.453614e-01 -9.470715e+00 1.350000e+01
    endloop
  endfacet
  facet normal 7.924852e-02 7.033501e-01 7.064123e-01
    outer loop
      vertex   -7.846660e-01 -1.047064e+01 1.450000e+01
      vertex   -7.453614e-01 -9.470715e+00 1.350000e+01
      vertex   -1.564944e+00 -1.038272e+01 1.450000e+01
    endloop
  endfacet
  facet normal 8.302763e-02 7.014969e-01 7.078195e-01
    outer loop
      vertex   -1.564944e+00 -1.038272e+01 1.450000e+01
      vertex   -7.453614e-01 -9.470715e+00 1.350000e+01
      vertex   -1.486127e+00 -9.383039e+00 1.350000e+01
    endloop
  endfacet
  facet normal 1.316627e-01 6.958539e-01 7.060115e-01
    outer loop
      vertex   -1.564944e+00 -1.038272e+01 1.450000e+01
      vertex   -1.486127e+00 -9.383039e+00 1.350000e+01
      vertex   -2.336470e+00 -1.023674e+01 1.450000e+01
    endloop
  endfacet
  facet normal 1.377296e-01 6.924133e-01 7.082332e-01
    outer loop
      vertex   -2.336470e+00 -1.023674e+01 1.450000e+01
      vertex   -1.486127e+00 -9.383039e+00 1.350000e+01
      vertex   -2.217731e+00 -9.237514e+00 1.350000e+01
    endloop
  endfacet
  facet normal 1.833871e-01 6.844099e-01 7.056573e-01
    outer loop
      vertex   -2.336470e+00 -1.023674e+01 1.450000e+01
      vertex   -2.217731e+00 -9.237514e+00 1.350000e+01
      vertex   -3.094929e+00 -1.003351e+01 1.450000e+01
    endloop
  endfacet
  facet normal 1.915327e-01 6.791236e-01 7.085947e-01
    outer loop
      vertex   -3.094929e+00 -1.003351e+01 1.450000e+01
      vertex   -2.217731e+00 -9.237514e+00 1.350000e+01
      vertex   -2.935661e+00 -9.035037e+00 1.350000e+01
    endloop
  endfacet
  facet normal 2.341214e-01 6.690805e-01 7.053499e-01
    outer loop
      vertex   -3.094929e+00 -1.003351e+01 1.450000e+01
      vertex   -2.935661e+00 -9.035037e+00 1.350000e+01
      vertex   -3.836081e+00 -9.774174e+00 1.450000e+01
    endloop
  endfacet
  facet normal 2.441181e-01 6.617110e-01 7.089040e-01
    outer loop
      vertex   -3.836081e+00 -9.774174e+00 1.450000e+01
      vertex   -2.935661e+00 -9.035037e+00 1.350000e+01
      vertex   -3.635493e+00 -8.776856e+00 1.350000e+01
    endloop
  endfacet
  facet normal 2.835708e-01 6.499511e-01 7.050894e-01
    outer loop
      vertex   -3.836081e+00 -9.774174e+00 1.450000e+01
      vertex   -3.635493e+00 -8.776856e+00 1.350000e+01
      vertex   -4.555779e+00 -9.460173e+00 1.450000e+01
    endloop
  endfacet
  facet normal 2.951744e-01 6.402828e-01 7.091615e-01
    outer loop
      vertex   -4.555779e+00 -9.460173e+00 1.450000e+01
      vertex   -3.635493e+00 -8.776856e+00 1.350000e+01
      vertex   -4.312910e+00 -8.464562e+00 1.350000e+01
    endloop
  endfacet
  facet normal 3.314479e-01 6.271299e-01 7.048761e-01
    outer loop
      vertex   -4.555779e+00 -9.460173e+00 1.450000e+01
      vertex   -4.312910e+00 -8.464562e+00 1.350000e+01
      vertex   -5.250000e+00 -9.093267e+00 1.450000e+01
    endloop
  endfacet
  facet normal 3.443993e-01 6.149692e-01 7.093673e-01
    outer loop
      vertex   -5.250000e+00 -9.093267e+00 1.450000e+01
      vertex   -4.312910e+00 -8.464562e+00 1.350000e+01
      vertex   -4.963736e+00 -8.100082e+00 1.350000e+01
    endloop
  endfacet
  facet normal 3.774743e-01 6.007469e-01 7.047101e-01
    outer loop
      vertex   -5.250000e+00 -9.093267e+00 1.450000e+01
      vertex   -4.963736e+00 -8.100082e+00 1.350000e+01
      vertex   -5.914861e+00 -8.675507e+00 1.450000e+01
    endloop
  endfacet
  facet normal 3.915013e-01 5.859231e-01 7.095215e-01
    outer loop
      vertex   -5.914861e+00 -8.675507e+00 1.450000e+01
      vertex   -4.963736e+00 -8.100082e+00 1.350000e+01
      vertex   -5.583960e+00 -7.685661e+00 1.350000e+01
    endloop
  endfacet
  facet normal 4.213827e-01 5.709532e-01 7.045914e-01
    outer loop
      vertex   -5.914861e+00 -8.675507e+00 1.450000e+01
      vertex   -5.583960e+00 -7.685661e+00 1.350000e+01
      vertex   -6.546643e+00 -8.209231e+00 1.450000e+01
    endloop
  endfacet
  facet normal 4.362014e-01 5.533188e-01 7.096243e-01
    outer loop
      vertex   -6.546643e+00 -8.209231e+00 1.450000e+01
      vertex   -5.583960e+00 -7.685661e+00 1.350000e+01
      vertex   -6.169756e+00 -7.223857e+00 1.350000e+01
    endloop
  endfacet
  facet normal 4.629179e-01 5.379204e-01 7.045202e-01
    outer loop
      vertex   -6.546643e+00 -8.209231e+00 1.450000e+01
      vertex   -6.169756e+00 -7.223857e+00 1.350000e+01
      vertex   -7.141814e+00 -7.697045e+00 1.450000e+01
    endloop
  endfacet
  facet normal 4.782345e-01 5.173512e-01 7.096757e-01
    outer loop
      vertex   -7.141814e+00 -7.697045e+00 1.450000e+01
      vertex   -6.169756e+00 -7.223857e+00 1.350000e+01
      vertex   -6.717514e+00 -6.717514e+00 1.350000e+01
    endloop
  endfacet
  facet normal 5.018390e-01 5.018390e-01 7.044964e-01
    outer loop
      vertex   -7.141814e+00 -7.697045e+00 1.450000e+01
      vertex   -6.717514e+00 -6.717514e+00 1.350000e+01
      vertex   -7.697045e+00 -7.141814e+00 1.450000e+01
    endloop
  endfacet
  facet normal 5.173512e-01 4.782345e-01 7.096757e-01
    outer loop
      vertex   -7.697045e+00 -7.141814e+00 1.450000e+01
      vertex   -6.717514e+00 -6.717514e+00 1.350000e+01
      vertex   -7.223857e+00 -6.169756e+00 1.350000e+01
    endloop
  endfacet
  facet normal 5.379204e-01 4.629179e-01 7.045202e-01
    outer loop
      vertex   -7.697045e+00 -7.141814e+00 1.450000e+01
      vertex   -7.223857e+00 -6.169756e+00 1.350000e+01
      vertex   -8.209231e+00 -6.546643e+00 1.450000e+01
    endloop
  endfacet
  facet normal 5.533188e-01 4.362014e-01 7.096243e-01
    outer loop
      vertex   -8.209231e+00 -6.546643e+00 1.450000e+01
      vertex   -7.223857e+00 -6.169756e+00 1.350000e+01
      vertex   -7.685661e+00 -5.583960e+00 1.350000e+01
    endloop
  endfacet
  facet normal 5.709532e-01 4.213827e-01 7.045914e-01
    outer loop
      vertex   -8.209231e+00 -6.546643e+00 1.450000e+01
      vertex   -7.685661e+00 -5.583960e+00 1.350000e+01
      vertex   -8.675507e+00 -5.914861e+00 1.450000e+01
    endloop
  endfacet
  facet normal 5.859231e-01 3.915013e-01 7.095215e-01
    outer loop
      vertex   -8.675507e+00 -5.914861e+00 1.450000e+01
      vertex   -7.685661e+00 -5.583960e+00 1.350000e+01
      vertex   -8.100082e+00 -4.963736e+00 1.350000e+01
    endloop
  endfacet
  facet normal 6.007469e-01 3.774743e-01 7.047101e-01
    outer loop
      vertex   -8.675507e+00 -5.914861e+00 1.450000e+01
      vertex   -8.100082e+00 -4.963736e+00 1.350000e+01
      vertex   -9.093267e+00 -5.250000e+00 1.450000e+01
    endloop
  endfacet
  facet normal 6.149692e-01 3.443993e-01 7.093673e-01
    outer loop
      vertex   -9.093267e+00 -5.250000e+00 1.450000e+01
      vertex   -8.100082e+00 -4.963736e+00 1.350000e+01
      vertex   -8.464562e+00 -4.312910e+00 1.350000e+01
    endloop
  endfacet
  facet normal 6.271299e-01 3.314479e-01 7.048761e-01
    outer loop
      vertex   -9.093267e+00 -5.250000e+00 1.450000e+01
      vertex   -8.464562e+00 -4.312910e+00 1.350000e+01
      vertex   -9.460173e+00 -4.555779e+00 1.450000e+01
    endloop
  endfacet
  facet normal 6.402828e-01 2.951744e-01 7.091615e-01
    outer loop
      vertex   -9.460173e+00 -4.555779e+00 1.450000e+01
      vertex   -8.464562e+00 -4.312910e+00 1.350000e+01
      vertex   -8.776856e+00 -3.635493e+00 1.350000e+01
    endloop
  endfacet
  facet normal 6.499511e-01 2.835708e-01 7.050894e-01
    outer loop
      vertex   -9.460173e+00 -4.555779e+00 1.450000e+01
      vertex   -8.776856e+00 -3.635493e+00 1.350000e+01
      vertex   -9.774174e+00 -3.836081e+00 1.450000e+01
    endloop
  endfacet
  facet normal 6.617110e-01 2.441181e-01 7.089040e-01
    outer loop
      vertex   -9.774174e+00 -3.836081e+00 1.450000e+01
      vertex   -8.776856e+00 -3.635493e+00 1.350000e+01
      vertex   -9.035037e+00 -2.935661e+00 1.350000e+01
    endloop
  endfacet
  facet normal 6.690805e-01 2.341214e-01 7.053499e-01
    outer loop
      vertex   -9.774174e+00 -3.836081e+00 1.450000e+01
      vertex   -9.035037e+00 -2.935661e+00 1.350000e+01
      vertex   -1.003351e+01 -3.094929e+00 1.450000e+01
    endloop
  endfacet
  facet normal 6.791236e-01 1.915327e-01 7.085947e-01
    outer loop
      vertex   -1.003351e+01 -3.094929e+00 1.450000e+01
      vertex   -9.035037e+00 -2.935661e+00 1.350000e+01
      vertex   -9.237514e+00 -2.217731e+00 1.350000e+01
    endloop
  endfacet
  facet normal 6.844099e-01 1.833871e-01 7.056573e-01
    outer loop
      vertex   -1.003351e+01 -3.094929e+00 1.450000e+01
      vertex   -9.237514e+00 -2.217731e+00 1.350000e+01
      vertex   -1.023674e+01 -2.336470e+00 1.450000e+01
    endloop
  endfacet
  facet normal 6.924133e-01 1.377296e-01 7.082332e-01
    outer loop
      vertex   -1.023674e+01 -2.336470e+00 1.450000e+01
      vertex   -9.237514e+00 -2.217731e+00 1.350000e+01
      vertex   -9.383039e+00 -1.486127e+00 1.350000e+01
    endloop
  endfacet
  facet normal 6.958539e-01 1.316627e-01 7.060115e-01
    outer loop
      vertex   -1.023674e+01 -2.336470e+00 1.450000e+01
      vertex   -9.383039e+00 -1.486127e+00 1.350000e+01
      vertex   -1.038272e+01 -1.564944e+00 1.450000e+01
    endloop
  endfacet
  facet normal 7.014969e-01 8.302763e-02 7.078195e-01
    outer loop
      vertex   -1.038272e+01 -1.564944e+00 1.450000e+01
      vertex   -9.383039e+00 -1.486127e+00 1.350000e+01
      vertex   -9.470715e+00 -7.453614e-01 1.350000e+01
    endloop
  endfacet
  facet normal 7.033501e-01 7.924852e-02 7.064123e-01
    outer loop
      vertex   -1.038272e+01 -1.564944e+00 1.450000e+01
      vertex   -9.470715e+00 -7.453614e-01 1.350000e+01
      vertex   -1.047064e+01 -7.846660e-01 1.450000e+01
    endloop
  endfacet
  facet normal 7.063153e-01 2.775120e-02 7.073532e-01
    outer loop
      vertex   -1.047064e+01 -7.846660e-01 1.450000e+01
      vertex   -9.470715e+00 -7.453614e-01 1.350000e+01
      vertex   -9.500000e+00 1.163414e-15 1.350000e+01
    endloop
  endfacet
  facet normal 9.992290e-01 -3.925982e-02 -1.343937e-17
    outer loop
      vertex   -9.470715e+00 7.453614e-01 1.500000e+00
      vertex   -9.470715e+00 7.453614e-01 1.350000e+01
      vertex   -9.500000e+00 -1.163414e-15 1.500000e+00
    endloop
  endfacet
  facet normal 9.992290e-01 -3.925982e-02 7.612573e-18
    outer loop
      vertex   -9.500000e+00 -1.163414e-15 1.500000e+00
      vertex   -9.470715e+00 7.453614e-01 1.350000e+01
      vertex   -9.500000e+00 1.163414e-15 1.350000e+01
    endloop
  endfacet
  facet normal 9.992290e-01 3.925982e-02 -7.612573e-18
    outer loop
      vertex   -9.500000e+00 -1.163414e-15 1.500000e+00
      vertex   -9.500000e+00 1.163414e-15 1.350000e+01
      vertex   -9.470715e+00 -7.453614e-01 1.500000e+00
    endloop
  endfacet
  facet normal 9.992290e-01 3.925982e-02 1.343937e-17
    outer loop
      vertex   -9.470715e+00 -7.453614e-01 1.500000e+00
      vertex   -9.500000e+00 1.163414e-15 1.350000e+01
      vertex   -9.470715e+00 -7.453614e-01 1.350000e+01
    endloop
  endfacet
  facet normal 9.930685e-01 1.175374e-01 4.023526e-17
    outer loop
      vertex   -9.470715e+00 -7.453614e-01 1.500000e+00
      vertex   -9.470715e+00 -7.453614e-01 1.350000e+01
      vertex   -9.383039e+00 -1.486127e+00 1.500000e+00
    endloop
  endfacet
  facet normal 9.930685e-01 1.175374e-01 -0.000000e+00
    outer loop
      vertex   -9.383039e+00 -1.486127e+00 1.500000e+00
      vertex   -9.470715e+00 -7.453614e-01 1.350000e+01
      vertex   -9.383039e+00 -1.486127e+00 1.350000e+01
    endloop
  endfacet
  facet normal 9.807853e-01 1.950903e-01 -0.000000e+00
    outer loop
      vertex   -9.383039e+00 -1.486127e+00 1.500000e+00
      vertex   -9.383039e+00 -1.486127e+00 1.350000e+01
      vertex   -9.237514e+00 -2.217731e+00 1.500000e+00
    endloop
  endfacet
  facet normal 9.807853e-01 1.950903e-01 -7.219792e-17
    outer loop
      vertex   -9.237514e+00 -2.217731e+00 1.500000e+00
      vertex   -9.383039e+00 -1.486127e+00 1.350000e+01
      vertex   -9.237514e+00 -2.217731e+00 1.350000e+01
    endloop
  endfacet
  facet normal 9.624552e-01 2.714404e-01 -1.004531e-16
    outer loop
      vertex   -9.237514e+00 -2.217731e+00 1.500000e+00
      vertex   -9.237514e+00 -2.217731e+00 1.350000e+01
      vertex   -9.035037e+00 -2.935661e+00 1.500000e+00
    endloop
  endfacet
  facet normal 9.624552e-01 2.714404e-01 -0.000000e+00
    outer loop
      vertex   -9.035037e+00 -2.935661e+00 1.500000e+00
      vertex   -9.237514e+00 -2.217731e+00 1.350000e+01
      vertex   -9.035037e+00 -2.935661e+00 1.350000e+01
    endloop
  endfacet
  facet normal 9.381913e-01 3.461171e-01 -0.000000e+00
    outer loop
      vertex   -9.035037e+00 -2.935661e+00 1.500000e+00
      vertex   -9.035037e+00 -2.935661e+00 1.350000e+01
      vertex   -8.776856e+00 -3.635493e+00 1.500000e+00
    endloop
  endfacet
  facet normal 9.381913e-01 3.461171e-01 -2.360008e-17
    outer loop
      vertex   -8.776856e+00 -3.635493e+00 1.500000e+00
      vertex   -9.035037e+00 -2.935661e+00 1.350000e+01
      vertex   -8.776856e+00 -3.635493e+00 1.350000e+01
    endloop
  endfacet
  facet normal 9.081432e-01 4.186597e-01 5.009509e-18
    outer loop
      vertex   -8.776856e+00 -3.635493e+00 1.500000e+00
      vertex   -8.776856e+00 -3.635493e+00 1.350000e+01
      vertex   -8.464562e+00 -4.312910e+00 1.500000e+00
    endloop
  endfacet
  facet normal 9.081432e-01 4.186597e-01 -0.000000e+00
    outer loop
      vertex   -8.464562e+00 -4.312910e+00 1.500000e+00
      vertex   -8.776856e+00 -3.635493e+00 1.350000e+01
      vertex   -8.464562e+00 -4.312910e+00 1.350000e+01
    endloop
  endfacet
  facet normal 8.724960e-01 4.886212e-01 -0.000000e+00
    outer loop
      vertex   -8.464562e+00 -4.312910e+00 1.500000e+00
      vertex   -8.464562e+00 -4.312910e+00 1.350000e+01
      vertex   -8.100082e+00 -4.963736e+00 1.500000e+00
    endloop
  endfacet
  facet normal 8.724960e-01 4.886212e-01 1.498150e-16
    outer loop
      vertex   -8.100082e+00 -4.963736e+00 1.500000e+00
      vertex   -8.464562e+00 -4.312910e+00 1.350000e+01
      vertex   -8.100082e+00 -4.963736e+00 1.350000e+01
    endloop
  endfacet
  facet normal 8.314696e-01 5.555702e-01 1.228031e-16
    outer loop
      vertex   -8.100082e+00 -4.963736e+00 1.500000e+00
      vertex   -8.100082e+00 -4.963736e+00 1.350000e+01
      vertex   -7.685661e+00 -5.583960e+00 1.500000e+00
    endloop
  endfacet
  facet normal 8.314696e-01 5.555702e-01 -0.000000e+00
    outer loop
      vertex   -7.685661e+00 -5.583960e+00 1.500000e+00
      vertex   -8.100082e+00 -4.963736e+00 1.350000e+01
      vertex   -7.685661e+00 -5.583960e+00 1.350000e+01
    endloop
  endfacet
  facet normal 7.853169e-01 6.190939e-01 -0.000000e+00
    outer loop
      vertex   -7.685661e+00 -5.583960e+00 1.500000e+00
      vertex   -7.685661e+00 -5.583960e+00 1.350000e+01
      vertex   -7.223857e+00 -6.169756e+00 1.500000e+00
    endloop
  endfacet
  facet normal 7.853169e-01 6.190939e-01 -4.921189e-17
    outer loop
      vertex   -7.223857e+00 -6.169756e+00 1.500000e+00
      vertex   -7.685661e+00 -5.583960e+00 1.350000e+01
      vertex   -7.223857e+00 -6.169756e+00 1.350000e+01
    endloop
  endfacet
  facet normal 7.343225e-01 6.788007e-01 -1.643774e-17
    outer loop
      vertex   -7.223857e+00 -6.169756e+00 1.500000e+00
      vertex   -7.223857e+00 -6.169756e+00 1.350000e+01
      vertex   -6.717514e+00 -6.717514e+00 1.500000e+00
    endloop
  endfacet
  facet normal 7.343225e-01 6.788007e-01 -0.000000e+00
    outer loop
      vertex   -6.717514e+00 -6.717514e+00 1.500000e+00
      vertex   -7.223857e+00 -6.169756e+00 1.350000e+01
      vertex   -6.717514e+00 -6.717514e+00 1.350000e+01
    endloop
  endfacet
  facet normal 6.788007e-01 7.343225e-01 -0.000000e+00
    outer loop
      vertex   -6.717514e+00 -6.717514e+00 1.500000e+00
      vertex   -6.717514e+00 -6.717514e+00 1.350000e+01
      vertex   -6.169756e+00 -7.223857e+00 1.500000e+00
    endloop
  endfacet
  facet normal 6.788007e-01 7.343225e-01 -1.232831e-17
    outer loop
      vertex   -6.169756e+00 -7.223857e+00 1.500000e+00
      vertex   -6.717514e+00 -6.717514e+00 1.350000e+01
      vertex   -6.169756e+00 -7.223857e+00 1.350000e+01
    endloop
  endfacet
  facet normal 6.190939e-01 7.853169e-01 -3.690892e-17
    outer loop
      vertex   -6.169756e+00 -7.223857e+00 1.500000e+00
      vertex   -6.169756e+00 -7.223857e+00 1.350000e+01
      vertex   -5.583960e+00 -7.685661e+00 1.500000e+00
    endloop
  endfacet
  facet normal 6.190939e-01 7.853169e-01 -0.000000e+00
    outer loop
      vertex   -5.583960e+00 -7.685661e+00 1.500000e+00
      vertex   -6.169756e+00 -7.223857e+00 1.350000e+01
      vertex   -5.583960e+00 -7.685661e+00 1.350000e+01
    endloop
  endfacet
  facet normal 5.555702e-01 8.314696e-01 -0.000000e+00
    outer loop
      vertex   -5.583960e+00 -7.685661e+00 1.500000e+00
      vertex   -5.583960e+00 -7.685661e+00 1.350000e+01
      vertex   -4.963736e+00 -8.100082e+00 1.500000e+00
    endloop
  endfacet
  facet normal 5.555702e-01 8.314696e-01 -4.139960e-17
    outer loop
      vertex   -4.963736e+00 -8.100082e+00 1.500000e+00
      vertex   -5.583960e+00 -7.685661e+00 1.350000e+01
      vertex   -4.963736e+00 -8.100082e+00 1.350000e+01
    endloop
  endfacet
  facet normal 4.886212e-01 8.724960e-01 -1.550559e-17
    outer loop
      vertex   -4.963736e+00 -8.100082e+00 1.500000e+00
      vertex   -4.963736e+00 -8.100082e+00 1.350000e+01
      vertex   -4.312910e+00 -8.464562e+00 1.500000e+00
    endloop
  endfacet
  facet normal 4.886212e-01 8.724960e-01 -0.000000e+00
    outer loop
      vertex   -4.312910e+00 -8.464562e+00 1.500000e+00
      vertex   -4.963736e+00 -8.100082e+00 1.350000e+01
      vertex   -4.312910e+00 -8.464562e+00 1.350000e+01
    endloop
  endfacet
  facet normal 4.186597e-01 9.081432e-01 -0.000000e+00
    outer loop
      vertex   -4.312910e+00 -8.464562e+00 1.500000e+00
      vertex   -4.312910e+00 -8.464562e+00 1.350000e+01
      vertex   -3.635493e+00 -8.776856e+00 1.500000e+00
    endloop
  endfacet
  facet normal 4.186597e-01 9.081432e-01 1.394417e-16
    outer loop
      vertex   -3.635493e+00 -8.776856e+00 1.500000e+00
      vertex   -4.312910e+00 -8.464562e+00 1.350000e+01
      vertex   -3.635493e+00 -8.776856e+00 1.350000e+01
    endloop
  endfacet
  facet normal 3.461171e-01 9.381913e-01 1.152801e-16
    outer loop
      vertex   -3.635493e+00 -8.776856e+00 1.500000e+00
      vertex   -3.635493e+00 -8.776856e+00 1.350000e+01
      vertex   -2.935661e+00 -9.035037e+00 1.500000e+00
    endloop
  endfacet
  facet normal 3.461171e-01 9.381913e-01 -0.000000e+00
    outer loop
      vertex   -2.935661e+00 -9.035037e+00 1.500000e+00
      vertex   -3.635493e+00 -8.776856e+00 1.350000e+01
      vertex   -2.935661e+00 -9.035037e+00 1.350000e+01
    endloop
  endfacet
  facet normal 2.714404e-01 9.624552e-01 -0.000000e+00
    outer loop
      vertex   -2.935661e+00 -9.035037e+00 1.500000e+00
      vertex   -2.935661e+00 -9.035037e+00 1.350000e+01
      vertex   -2.217731e+00 -9.237514e+00 1.500000e+00
    endloop
  endfacet
  facet normal 2.714404e-01 9.624552e-01 -9.040783e-17
    outer loop
      vertex   -2.217731e+00 -9.237514e+00 1.500000e+00
      vertex   -2.935661e+00 -9.035037e+00 1.350000e+01
      vertex   -2.217731e+00 -9.237514e+00 1.350000e+01
    endloop
  endfacet
  facet normal 2.062764e-01 9.784938e-01 -6.870383e-17
    outer loop
      vertex   -2.217731e+00 -9.237514e+00 1.500000e+00
      vertex   -2.217731e+00 -9.237514e+00 1.350000e+01
      vertex   -1.700000e+00 -9.346657e+00 1.040000e+01
    endloop
  endfacet
  facet normal 2.008531e-01 9.796209e-01 -9.454156e-04
    outer loop
      vertex   -1.700000e+00 -9.346657e+00 1.040000e+01
      vertex   -2.217731e+00 -9.237514e+00 1.350000e+01
      vertex   -1.691948e+00 -9.348151e+00 1.056257e+01
    endloop
  endfacet
  facet normal 1.950899e-01 9.807833e-01 -2.020779e-03
    outer loop
      vertex   -1.691948e+00 -9.348151e+00 1.056257e+01
      vertex   -2.217731e+00 -9.237514e+00 1.350000e+01
      vertex   -1.486127e+00 -9.383039e+00 1.350000e+01
    endloop
  endfacet
  facet normal 1.875468e-01 9.822546e-01 -1.474770e-03
    outer loop
      vertex   -1.691948e+00 -9.348151e+00 1.056257e+01
      vertex   -1.486127e+00 -9.383039e+00 1.350000e+01
      vertex   -1.667722e+00 -9.352529e+00 1.072732e+01
    endloop
  endfacet
  facet normal 1.753735e-01 9.845018e-01 -6.527636e-04
    outer loop
      vertex   -1.667722e+00 -9.352529e+00 1.072732e+01
      vertex   -1.486127e+00 -9.383039e+00 1.350000e+01
      vertex   -1.627219e+00 -9.359636e+00 1.089121e+01
    endloop
  endfacet
  facet normal 1.684667e-01 9.857073e-01 -2.684070e-04
    outer loop
      vertex   -1.627219e+00 -9.359636e+00 1.089121e+01
      vertex   -1.486127e+00 -9.383039e+00 1.350000e+01
      vertex   -1.570335e+00 -9.369314e+00 1.105119e+01
    endloop
  endfacet
  facet normal 1.612910e-01 9.869069e-01 -1.492933e-05
    outer loop
      vertex   -1.570335e+00 -9.369314e+00 1.105119e+01
      vertex   -1.486127e+00 -9.383039e+00 1.350000e+01
      vertex   -1.497362e+00 -9.381238e+00 1.120439e+01
    endloop
  endfacet
  facet normal 1.528106e-01 9.882555e-01 2.763074e-05
    outer loop
      vertex   -1.497362e+00 -9.381238e+00 1.120439e+01
      vertex   -1.486127e+00 -9.383039e+00 1.350000e+01
      vertex   -1.410164e+00 -9.394725e+00 1.134863e+01
    endloop
  endfacet
  facet normal 1.437273e-01 9.896173e-01 -3.004922e-04
    outer loop
      vertex   -1.410164e+00 -9.394725e+00 1.134863e+01
      vertex   -1.486127e+00 -9.383039e+00 1.350000e+01
      vertex   -1.310992e+00 -9.409088e+00 1.148186e+01
    endloop
  endfacet
  facet normal 1.337299e-01 9.910171e-01 -1.186139e-03
    outer loop
      vertex   -1.310992e+00 -9.409088e+00 1.148186e+01
      vertex   -1.486127e+00 -9.383039e+00 1.350000e+01
      vertex   -1.202098e+00 -9.423638e+00 1.160207e+01
    endloop
  endfacet
  facet normal 1.225513e-01 9.924580e-01 -2.889869e-03
    outer loop
      vertex   -1.202098e+00 -9.423638e+00 1.160207e+01
      vertex   -1.486127e+00 -9.383039e+00 1.350000e+01
      vertex   -1.081898e+00 -9.438164e+00 1.171096e+01
    endloop
  endfacet
  facet normal 1.175364e-01 9.930603e-01 -4.041523e-03
    outer loop
      vertex   -1.081898e+00 -9.438164e+00 1.171096e+01
      vertex   -1.486127e+00 -9.383039e+00 1.350000e+01
      vertex   -7.453614e-01 -9.470715e+00 1.350000e+01
    endloop
  endfacet
  facet normal 1.083726e-01 9.941077e-01 -2.298654e-03
    outer loop
      vertex   -1.081898e+00 -9.438164e+00 1.171096e+01
      vertex   -7.453614e-01 -9.470715e+00 1.350000e+01
      vertex   -9.486622e-01 -9.452459e+00 1.181014e+01
    endloop
  endfacet
  facet normal 9.266063e-02 9.956977e-01 -3.912262e-04
    outer loop
      vertex   -9.486622e-01 -9.452459e+00 1.181014e+01
      vertex   -7.453614e-01 -9.470715e+00 1.350000e+01
      vertex   -8.044228e-01 -9.465848e+00 1.189735e+01
    endloop
  endfacet
  facet normal 7.673357e-02 9.970516e-01 1.998326e-04
    outer loop
      vertex   -8.044228e-01 -9.465848e+00 1.189735e+01
      vertex   -7.453614e-01 -9.470715e+00 1.350000e+01
      vertex   -6.512119e-01 -9.477654e+00 1.197033e+01
    endloop
  endfacet
  facet normal 5.994703e-02 9.982012e-01 -8.385729e-04
    outer loop
      vertex   -6.512119e-01 -9.477654e+00 1.197033e+01
      vertex   -7.453614e-01 -9.470715e+00 1.350000e+01
      vertex   -4.912238e-01 -9.487214e+00 1.202721e+01
    endloop
  endfacet
  facet normal 4.361888e-02 9.990415e-01 -3.665505e-03
    outer loop
      vertex   -4.912238e-01 -9.487214e+00 1.202721e+01
      vertex   -7.453614e-01 -9.470715e+00 1.350000e+01
      vertex   -3.273283e-01 -9.494221e+00 1.206772e+01
    endloop
  endfacet
  facet normal 3.925934e-02 9.992168e-01 -4.940783e-03
    outer loop
      vertex   -3.273283e-01 -9.494221e+00 1.206772e+01
      vertex   -7.453614e-01 -9.470715e+00 1.350000e+01
      vertex   5.817072e-16 -9.500000e+00 1.350000e+01
    endloop
  endfacet
  facet normal 2.644606e-02 9.996482e-01 -2.010739e-03
    outer loop
      vertex   -3.273283e-01 -9.494221e+00 1.206772e+01
      vertex   5.817072e-16 -9.500000e+00 1.350000e+01
      vertex   -1.625717e-01 -9.498531e+00 1.209195e+01
    endloop
  endfacet
  facet normal 9.033632e-03 9.999592e-01 -2.619885e-18
    outer loop
      vertex   -1.625717e-01 -9.498531e+00 1.209195e+01
      vertex   5.817072e-16 -9.500000e+00 1.350000e+01
      vertex   1.561251e-16 -9.500000e+00 1.210000e+01
    endloop
  endfacet
  facet normal -9.033632e-03 9.999592e-01 2.746109e-18
    outer loop
      vertex   1.561251e-16 -9.500000e+00 1.210000e+01
      vertex   5.817072e-16 -9.500000e+00 1.350000e+01
      vertex   1.625717e-01 -9.498531e+00 1.209195e+01
    endloop
  endfacet
  facet normal -2.644606e-02 9.996482e-01 -2.010739e-03
    outer loop
      vertex   1.625717e-01 -9.498531e+00 1.209195e+01
      vertex   5.817072e-16 -9.500000e+00 1.350000e+01
      vertex   3.273283e-01 -9.494221e+00 1.206772e+01
    endloop
  endfacet
  facet normal -3.925934e-02 9.992168e-01 -4.940783e-03
    outer loop
      vertex   3.273283e-01 -9.494221e+00 1.206772e+01
      vertex   5.817072e-16 -9.500000e+00 1.350000e+01
      vertex   7.453614e-01 -9.470715e+00 1.350000e+01
    endloop
  endfacet
  facet normal -4.361888e-02 9.990415e-01 -3.665505e-03
    outer loop
      vertex   3.273283e-01 -9.494221e+00 1.206772e+01
      vertex   7.453614e-01 -9.470715e+00 1.350000e+01
      vertex   4.912238e-01 -9.487214e+00 1.202721e+01
    endloop
  endfacet
  facet normal -5.994703e-02 9.982012e-01 -8.385729e-04
    outer loop
      vertex   4.912238e-01 -9.487214e+00 1.202721e+01
      vertex   7.453614e-01 -9.470715e+00 1.350000e+01
      vertex   6.512119e-01 -9.477654e+00 1.197033e+01
    endloop
  endfacet
  facet normal -7.673357e-02 9.970516e-01 1.998326e-04
    outer loop
      vertex   6.512119e-01 -9.477654e+00 1.197033e+01
      vertex   7.453614e-01 -9.470715e+00 1.350000e+01
      vertex   8.044228e-01 -9.465848e+00 1.189735e+01
    endloop
  endfacet
  facet normal -9.266063e-02 9.956977e-01 -3.912262e-04
    outer loop
      vertex   8.044228e-01 -9.465848e+00 1.189735e+01
      vertex   7.453614e-01 -9.470715e+00 1.350000e+01
      vertex   9.486622e-01 -9.452459e+00 1.181014e+01
    endloop
  endfacet
  facet normal -1.083726e-01 9.941077e-01 -2.298654e-03
    outer loop
      vertex   9.486622e-01 -9.452459e+00 1.181014e+01
      vertex   7.453614e-01 -9.470715e+00 1.350000e+01
      vertex   1.081898e+00 -9.438164e+00 1.171096e+01
    endloop
  endfacet
  facet normal -1.175364e-01 9.930603e-01 -4.041523e-03
    outer loop
      vertex   1.081898e+00 -9.438164e+00 1.171096e+01
      vertex   7.453614e-01 -9.470715e+00 1.350000e+01
      vertex   1.486127e+00 -9.383039e+00 1.350000e+01
    endloop
  endfacet
  facet normal -1.225513e-01 9.924580e-01 -2.889869e-03
    outer loop
      vertex   1.081898e+00 -9.438164e+00 1.171096e+01
      vertex   1.486127e+00 -9.383039e+00 1.350000e+01
      vertex   1.202098e+00 -9.423638e+00 1.160207e+01
    endloop
  endfacet
  facet normal -1.337299e-01 9.910171e-01 -1.186139e-03
    outer loop
      vertex   1.202098e+00 -9.423638e+00 1.160207e+01
      vertex   1.486127e+00 -9.383039e+00 1.350000e+01
      vertex   1.310992e+00 -9.409088e+00 1.148186e+01
    endloop
  endfacet
  facet normal -1.437273e-01 9.896173e-01 -3.004922e-04
    outer loop
      vertex   1.310992e+00 -9.409088e+00 1.148186e+01
      vertex   1.486127e+00 -9.383039e+00 1.350000e+01
      vertex   1.410164e+00 -9.394725e+00 1.134863e+01
    endloop
  endfacet
  facet normal -1.528106e-01 9.882555e-01 2.763074e-05
    outer loop
      vertex   1.410164e+00 -9.394725e+00 1.134863e+01
      vertex   1.486127e+00 -9.383039e+00 1.350000e+01
      vertex   1.497362e+00 -9.381238e+00 1.120439e+01
    endloop
  endfacet
  facet normal -1.612910e-01 9.869069e-01 -1.492933e-05
    outer loop
      vertex   1.497362e+00 -9.381238e+00 1.120439e+01
      vertex   1.486127e+00 -9.383039e+00 1.350000e+01
      vertex   1.570335e+00 -9.369314e+00 1.105119e+01
    endloop
  endfacet
  facet normal -1.684667e-01 9.857073e-01 -2.684070e-04
    outer loop
      vertex   1.570335e+00 -9.369314e+00 1.105119e+01
      vertex   1.486127e+00 -9.383039e+00 1.350000e+01
      vertex   1.627219e+00 -9.359636e+00 1.089121e+01
    endloop
  endfacet
  facet normal -1.753735e-01 9.845018e-01 -6.527636e-04
    outer loop
      vertex   1.627219e+00 -9.359636e+00 1.089121e+01
      vertex   1.486127e+00 -9.383039e+00 1.350000e+01
      vertex   1.667722e+00 -9.352529e+00 1.072732e+01
    endloop
  endfacet
  facet normal -1.875468e-01 9.822546e-01 -1.474770e-03
    outer loop
      vertex   1.667722e+00 -9.352529e+00 1.072732e+01
      vertex   1.486127e+00 -9.383039e+00 1.350000e+01
      vertex   1.691948e+00 -9.348151e+00 1.056257e+01
    endloop
  endfacet
  facet normal -1.950899e-01 9.807833e-01 -2.020779e-03
    outer loop
      vertex   1.691948e+00 -9.348151e+00 1.056257e+01
      vertex   1.486127e+00 -9.383039e+00 1.350000e+01
      vertex   2.217731e+00 -9.237514e+00 1.350000e+01
    endloop
  endfacet
  facet normal -2.008531e-01 9.796209e-01 -9.454156e-04
    outer loop
      vertex   1.691948e+00 -9.348151e+00 1.056257e+01
      vertex   2.217731e+00 -9.237514e+00 1.350000e+01
      vertex   1.700000e+00 -9.346657e+00 1.040000e+01
    endloop
  endfacet
  facet normal -2.062764e-01 9.784938e-01 -6.884993e-17
    outer loop
      vertex   1.700000e+00 -9.346657e+00 1.040000e+01
      vertex   2.217731e+00 -9.237514e+00 1.350000e+01
      vertex   2.217731e+00 -9.237514e+00 1.500000e+00
    endloop
  endfacet
  facet normal -1.950903e-01 9.807851e-01 6.788159e-04
    outer loop
      vertex   1.700000e+00 -9.346657e+00 1.040000e+01
      vertex   2.217731e+00 -9.237514e+00 1.500000e+00
      vertex   1.486127e+00 -9.383039e+00 1.500000e+00
    endloop
  endfacet
  facet normal 9.930685e-01 -1.175374e-01 -4.023526e-17
    outer loop
      vertex   -9.470715e+00 7.453614e-01 1.350000e+01
      vertex   -9.470715e+00 7.453614e-01 1.500000e+00
      vertex   -9.383039e+00 1.486127e+00 1.350000e+01
    endloop
  endfacet
  facet normal 9.930685e-01 -1.175374e-01 0.000000e+00
    outer loop
      vertex   -9.383039e+00 1.486127e+00 1.350000e+01
      vertex   -9.470715e+00 7.453614e-01 1.500000e+00
      vertex   -9.383039e+00 1.486127e+00 1.500000e+00
    endloop
  endfacet
  facet normal 9.807853e-01 -1.950903e-01 0.000000e+00
    outer loop
      vertex   -9.383039e+00 1.486127e+00 1.350000e+01
      vertex   -9.383039e+00 1.486127e+00 1.500000e+00
      vertex   -9.237514e+00 2.217731e+00 1.350000e+01
    endloop
  endfacet
  facet normal 9.807853e-01 -1.950903e-01 7.219792e-17
    outer loop
      vertex   -9.237514e+00 2.217731e+00 1.350000e+01
      vertex   -9.383039e+00 1.486127e+00 1.500000e+00
      vertex   -9.237514e+00 2.217731e+00 1.500000e+00
    endloop
  endfacet
  facet normal 9.624552e-01 -2.714404e-01 1.004531e-16
    outer loop
      vertex   -9.237514e+00 2.217731e+00 1.350000e+01
      vertex   -9.237514e+00 2.217731e+00 1.500000e+00
      vertex   -9.035037e+00 2.935661e+00 1.350000e+01
    endloop
  endfacet
  facet normal 9.624552e-01 -2.714404e-01 0.000000e+00
    outer loop
      vertex   -9.035037e+00 2.935661e+00 1.350000e+01
      vertex   -9.237514e+00 2.217731e+00 1.500000e+00
      vertex   -9.035037e+00 2.935661e+00 1.500000e+00
    endloop
  endfacet
  facet normal 9.381913e-01 -3.461171e-01 0.000000e+00
    outer loop
      vertex   -9.035037e+00 2.935661e+00 1.350000e+01
      vertex   -9.035037e+00 2.935661e+00 1.500000e+00
      vertex   -8.776856e+00 3.635493e+00 1.350000e+01
    endloop
  endfacet
  facet normal 9.381913e-01 -3.461171e-01 2.360008e-17
    outer loop
      vertex   -8.776856e+00 3.635493e+00 1.350000e+01
      vertex   -9.035037e+00 2.935661e+00 1.500000e+00
      vertex   -8.776856e+00 3.635493e+00 1.500000e+00
    endloop
  endfacet
  facet normal 9.081432e-01 -4.186597e-01 -5.009509e-18
    outer loop
      vertex   -8.776856e+00 3.635493e+00 1.350000e+01
      vertex   -8.776856e+00 3.635493e+00 1.500000e+00
      vertex   -8.464562e+00 4.312910e+00 1.350000e+01
    endloop
  endfacet
  facet normal 9.081432e-01 -4.186597e-01 0.000000e+00
    outer loop
      vertex   -8.464562e+00 4.312910e+00 1.350000e+01
      vertex   -8.776856e+00 3.635493e+00 1.500000e+00
      vertex   -8.464562e+00 4.312910e+00 1.500000e+00
    endloop
  endfacet
  facet normal 8.724960e-01 -4.886212e-01 0.000000e+00
    outer loop
      vertex   -8.464562e+00 4.312910e+00 1.350000e+01
      vertex   -8.464562e+00 4.312910e+00 1.500000e+00
      vertex   -8.100082e+00 4.963736e+00 1.350000e+01
    endloop
  endfacet
  facet normal 8.724960e-01 -4.886212e-01 -1.498150e-16
    outer loop
      vertex   -8.100082e+00 4.963736e+00 1.350000e+01
      vertex   -8.464562e+00 4.312910e+00 1.500000e+00
      vertex   -8.100082e+00 4.963736e+00 1.500000e+00
    endloop
  endfacet
  facet normal 8.314696e-01 -5.555702e-01 -1.228031e-16
    outer loop
      vertex   -8.100082e+00 4.963736e+00 1.350000e+01
      vertex   -8.100082e+00 4.963736e+00 1.500000e+00
      vertex   -7.685661e+00 5.583960e+00 1.350000e+01
    endloop
  endfacet
  facet normal 8.314696e-01 -5.555702e-01 0.000000e+00
    outer loop
      vertex   -7.685661e+00 5.583960e+00 1.350000e+01
      vertex   -8.100082e+00 4.963736e+00 1.500000e+00
      vertex   -7.685661e+00 5.583960e+00 1.500000e+00
    endloop
  endfacet
  facet normal 7.853169e-01 -6.190939e-01 0.000000e+00
    outer loop
      vertex   -7.685661e+00 5.583960e+00 1.350000e+01
      vertex   -7.685661e+00 5.583960e+00 1.500000e+00
      vertex   -7.223857e+00 6.169756e+00 1.350000e+01
    endloop
  endfacet
  facet normal 7.853169e-01 -6.190939e-01 4.921189e-17
    outer loop
      vertex   -7.223857e+00 6.169756e+00 1.350000e+01
      vertex   -7.685661e+00 5.583960e+00 1.500000e+00
      vertex   -7.223857e+00 6.169756e+00 1.500000e+00
    endloop
  endfacet
  facet normal 7.343225e-01 -6.788007e-01 1.643774e-17
    outer loop
      vertex   -7.223857e+00 6.169756e+00 1.350000e+01
      vertex   -7.223857e+00 6.169756e+00 1.500000e+00
      vertex   -6.717514e+00 6.717514e+00 1.350000e+01
    endloop
  endfacet
  facet normal 7.343225e-01 -6.788007e-01 0.000000e+00
    outer loop
      vertex   -6.717514e+00 6.717514e+00 1.350000e+01
      vertex   -7.223857e+00 6.169756e+00 1.500000e+00
      vertex   -6.717514e+00 6.717514e+00 1.500000e+00
    endloop
  endfacet
  facet normal 6.788007e-01 -7.343225e-01 0.000000e+00
    outer loop
      vertex   -6.717514e+00 6.717514e+00 1.350000e+01
      vertex   -6.717514e+00 6.717514e+00 1.500000e+00
      vertex   -6.169756e+00 7.223857e+00 1.350000e+01
    endloop
  endfacet
  facet normal 6.788007e-01 -7.343225e-01 1.232831e-17
    outer loop
      vertex   -6.169756e+00 7.223857e+00 1.350000e+01
      vertex   -6.717514e+00 6.717514e+00 1.500000e+00
      vertex   -6.169756e+00 7.223857e+00 1.500000e+00
    endloop
  endfacet
  facet normal 6.190939e-01 -7.853169e-01 3.690892e-17
    outer loop
      vertex   -6.169756e+00 7.223857e+00 1.350000e+01
      vertex   -6.169756e+00 7.223857e+00 1.500000e+00
      vertex   -5.583960e+00 7.685661e+00 1.350000e+01
    endloop
  endfacet
  facet normal 6.190939e-01 -7.853169e-01 0.000000e+00
    outer loop
      vertex   -5.583960e+00 7.685661e+00 1.350000e+01
      vertex   -6.169756e+00 7.223857e+00 1.500000e+00
      vertex   -5.583960e+00 7.685661e+00 1.500000e+00
    endloop
  endfacet
  facet normal 5.555702e-01 -8.314696e-01 0.000000e+00
    outer loop
      vertex   -5.583960e+00 7.685661e+00 1.350000e+01
      vertex   -5.583960e+00 7.685661e+00 1.500000e+00
      vertex   -4.963736e+00 8.100082e+00 1.350000e+01
    endloop
  endfacet
  facet normal 5.555702e-01 -8.314696e-01 4.139960e-17
    outer loop
      vertex   -4.963736e+00 8.100082e+00 1.350000e+01
      vertex   -5.583960e+00 7.685661e+00 1.500000e+00
      vertex   -4.963736e+00 8.100082e+00 1.500000e+00
    endloop
  endfacet
  facet normal 4.886212e-01 -8.724960e-01 1.550559e-17
    outer loop
      vertex   -4.963736e+00 8.100082e+00 1.350000e+01
      vertex   -4.963736e+00 8.100082e+00 1.500000e+00
      vertex   -4.312910e+00 8.464562e+00 1.350000e+01
    endloop
  endfacet
  facet normal 4.886212e-01 -8.724960e-01 0.000000e+00
    outer loop
      vertex   -4.312910e+00 8.464562e+00 1.350000e+01
      vertex   -4.963736e+00 8.100082e+00 1.500000e+00
      vertex   -4.312910e+00 8.464562e+00 1.500000e+00
    endloop
  endfacet
  facet normal 4.186597e-01 -9.081432e-01 0.000000e+00
    outer loop
      vertex   -4.312910e+00 8.464562e+00 1.350000e+01
      vertex   -4.312910e+00 8.464562e+00 1.500000e+00
      vertex   -3.635493e+00 8.776856e+00 1.350000e+01
    endloop
  endfacet
  facet normal 4.186597e-01 -9.081432e-01 -1.394417e-16
    outer loop
      vertex   -3.635493e+00 8.776856e+00 1.350000e+01
      vertex   -4.312910e+00 8.464562e+00 1.500000e+00
      vertex   -3.635493e+00 8.776856e+00 1.500000e+00
    endloop
  endfacet
  facet normal 3.461171e-01 -9.381913e-01 -1.152801e-16
    outer loop
      vertex   -3.635493e+00 8.776856e+00 1.350000e+01
      vertex   -3.635493e+00 8.776856e+00 1.500000e+00
      vertex   -2.935661e+00 9.035037e+00 1.350000e+01
    endloop
  endfacet
  facet normal 3.461171e-01 -9.381913e-01 0.000000e+00
    outer loop
      vertex   -2.935661e+00 9.035037e+00 1.350000e+01
      vertex   -3.635493e+00 8.776856e+00 1.500000e+00
      vertex   -2.935661e+00 9.035037e+00 1.500000e+00
    endloop
  endfacet
  facet normal 2.714404e-01 -9.624552e-01 0.000000e+00
    outer loop
      vertex   -2.935661e+00 9.035037e+00 1.350000e+01
      vertex   -2.935661e+00 9.035037e+00 1.500000e+00
      vertex   -2.217731e+00 9.237514e+00 1.350000e+01
    endloop
  endfacet
  facet normal 2.714404e-01 -9.624552e-01 9.040783e-17
    outer loop
      vertex   -2.217731e+00 9.237514e+00 1.350000e+01
      vertex   -2.935661e+00 9.035037e+00 1.500000e+00
      vertex   -2.217731e+00 9.237514e+00 1.500000e+00
    endloop
  endfacet
  facet normal 2.062764e-01 -9.784938e-01 6.870383e-17
    outer loop
      vertex   -2.217731e+00 9.237514e+00 1.350000e+01
      vertex   -2.217731e+00 9.237514e+00 1.500000e+00
      vertex   -1.700000e+00 9.346657e+00 1.040000e+01
    endloop
  endfacet
  facet normal 1.950903e-01 -9.807851e-01 6.788159e-04
    outer loop
      vertex   -1.700000e+00 9.346657e+00 1.040000e+01
      vertex   -2.217731e+00 9.237514e+00 1.500000e+00
      vertex   -1.486127e+00 9.383039e+00 1.500000e+00
    endloop
  endfacet
  facet normal 1.962041e-01 -9.805628e-01 7.064891e-04
    outer loop
      vertex   -1.700000e+00 9.346657e+00 1.040000e+01
      vertex   -1.486127e+00 9.383039e+00 1.500000e+00
      vertex   -1.691948e+00 9.348151e+00 1.023743e+01
    endloop
  endfacet
  facet normal 1.798813e-01 -9.836883e-01 3.095068e-04
    outer loop
      vertex   -1.691948e+00 9.348151e+00 1.023743e+01
      vertex   -1.486127e+00 9.383039e+00 1.500000e+00
      vertex   -1.667722e+00 9.352529e+00 1.007268e+01
    endloop
  endfacet
  facet normal 1.734782e-01 -9.848377e-01 1.697795e-04
    outer loop
      vertex   -1.667722e+00 9.352529e+00 1.007268e+01
      vertex   -1.486127e+00 9.383039e+00 1.500000e+00
      vertex   -1.627219e+00 9.359636e+00 9.908790e+00
    endloop
  endfacet
  facet normal 1.679357e-01 -9.857979e-01 7.410988e-05
    outer loop
      vertex   -1.627219e+00 9.359636e+00 9.908790e+00
      vertex   -1.486127e+00 9.383039e+00 1.500000e+00
      vertex   -1.570335e+00 9.369314e+00 9.748810e+00
    endloop
  endfacet
  facet normal 1.612690e-01 -9.869105e-01 4.202152e-06
    outer loop
      vertex   -1.570335e+00 9.369314e+00 9.748810e+00
      vertex   -1.486127e+00 9.383039e+00 1.500000e+00
      vertex   -1.497362e+00 9.381238e+00 9.595605e+00
    endloop
  endfacet
  facet normal 1.528427e-01 -9.882505e-01 -7.789443e-06
    outer loop
      vertex   -1.497362e+00 9.381238e+00 9.595605e+00
      vertex   -1.486127e+00 9.383039e+00 1.500000e+00
      vertex   -1.410164e+00 9.394725e+00 9.451371e+00
    endloop
  endfacet
  facet normal 1.434425e-01 -9.896586e-01 8.408411e-05
    outer loop
      vertex   -1.410164e+00 9.394725e+00 9.451371e+00
      vertex   -1.486127e+00 9.383039e+00 1.500000e+00
      vertex   -1.310992e+00 9.409088e+00 9.318136e+00
    endloop
  endfacet
  facet normal 1.327989e-01 -9.911429e-01 3.274596e-04
    outer loop
      vertex   -1.310992e+00 9.409088e+00 9.318136e+00
      vertex   -1.486127e+00 9.383039e+00 1.500000e+00
      vertex   -1.202098e+00 9.423638e+00 9.197935e+00
    endloop
  endfacet
  facet normal 1.206709e-01 -9.926923e-01 7.831155e-04
    outer loop
      vertex   -1.202098e+00 9.423638e+00 9.197935e+00
      vertex   -1.486127e+00 9.383039e+00 1.500000e+00
      vertex   -1.081898e+00 9.438164e+00 9.089036e+00
    endloop
  endfacet
  facet normal 1.175373e-01 -9.930680e-01 9.527545e-04
    outer loop
      vertex   -1.081898e+00 9.438164e+00 9.089036e+00
      vertex   -1.486127e+00 9.383039e+00 1.500000e+00
      vertex   -7.453614e-01 9.470715e+00 1.500000e+00
    endloop
  endfacet
  facet normal 1.070361e-01 -9.942550e-01 4.819855e-04
    outer loop
      vertex   -1.081898e+00 9.438164e+00 9.089036e+00
      vertex   -7.453614e-01 9.470715e+00 1.500000e+00
      vertex   -9.486622e-01 9.452459e+00 8.989859e+00
    endloop
  endfacet
  facet normal 9.247601e-02 -9.957149e-01 8.321507e-05
    outer loop
      vertex   -9.486622e-01 9.452459e+00 8.989859e+00
      vertex   -7.453614e-01 9.470715e+00 1.500000e+00
      vertex   -8.044228e-01 9.465848e+00 8.902654e+00
    endloop
  endfacet
  facet normal 7.680800e-02 -9.970459e-01 -4.266565e-05
    outer loop
      vertex   -8.044228e-01 9.465848e+00 8.902654e+00
      vertex   -7.453614e-01 9.470715e+00 1.500000e+00
      vertex   -6.512119e-01 9.477654e+00 8.829674e+00
    endloop
  endfacet
  facet normal 5.971301e-02 -9.982156e-01 1.780265e-04
    outer loop
      vertex   -6.512119e-01 9.477654e+00 8.829674e+00
      vertex   -7.453614e-01 9.470715e+00 1.500000e+00
      vertex   -4.912238e-01 9.487214e+00 8.772785e+00
    endloop
  endfacet
  facet normal 4.290421e-02 -9.990789e-01 7.673458e-04
    outer loop
      vertex   -4.912238e-01 9.487214e+00 8.772785e+00
      vertex   -7.453614e-01 9.470715e+00 1.500000e+00
      vertex   -3.273283e-01 9.494221e+00 8.732279e+00
    endloop
  endfacet
  facet normal 3.925980e-02 -9.992286e-01 9.784832e-04
    outer loop
      vertex   -3.273283e-01 9.494221e+00 8.732279e+00
      vertex   -7.453614e-01 9.470715e+00 1.500000e+00
      vertex   5.817072e-16 9.500000e+00 1.500000e+00
    endloop
  endfacet
  facet normal 2.620757e-02 -9.996564e-01 3.874058e-04
    outer loop
      vertex   -3.273283e-01 9.494221e+00 8.732279e+00
      vertex   5.817072e-16 9.500000e+00 1.500000e+00
      vertex   -1.625717e-01 9.498531e+00 8.708052e+00
    endloop
  endfacet
  facet normal 9.033632e-03 -9.999592e-01 6.020442e-19
    outer loop
      vertex   -1.625717e-01 9.498531e+00 8.708052e+00
      vertex   5.817072e-16 9.500000e+00 1.500000e+00
      vertex   1.040834e-16 9.500000e+00 8.700000e+00
    endloop
  endfacet
  facet normal -9.033632e-03 -9.999592e-01 -5.992608e-19
    outer loop
      vertex   1.040834e-16 9.500000e+00 8.700000e+00
      vertex   5.817072e-16 9.500000e+00 1.500000e+00
      vertex   1.625717e-01 9.498531e+00 8.708052e+00
    endloop
  endfacet
  facet normal -2.620757e-02 -9.996564e-01 3.874058e-04
    outer loop
      vertex   1.625717e-01 9.498531e+00 8.708052e+00
      vertex   5.817072e-16 9.500000e+00 1.500000e+00
      vertex   3.273283e-01 9.494221e+00 8.732279e+00
    endloop
  endfacet
  facet normal -3.925980e-02 -9.992286e-01 9.784832e-04
    outer loop
      vertex   3.273283e-01 9.494221e+00 8.732279e+00
      vertex   5.817072e-16 9.500000e+00 1.500000e+00
      vertex   7.453614e-01 9.470715e+00 1.500000e+00
    endloop
  endfacet
  facet normal -4.290421e-02 -9.990789e-01 7.673458e-04
    outer loop
      vertex   3.273283e-01 9.494221e+00 8.732279e+00
      vertex   7.453614e-01 9.470715e+00 1.500000e+00
      vertex   4.912238e-01 9.487214e+00 8.772785e+00
    endloop
  endfacet
  facet normal -5.971301e-02 -9.982156e-01 1.780265e-04
    outer loop
      vertex   4.912238e-01 9.487214e+00 8.772785e+00
      vertex   7.453614e-01 9.470715e+00 1.500000e+00
      vertex   6.512119e-01 9.477654e+00 8.829674e+00
    endloop
  endfacet
  facet normal -7.680800e-02 -9.970459e-01 -4.266565e-05
    outer loop
      vertex   6.512119e-01 9.477654e+00 8.829674e+00
      vertex   7.453614e-01 9.470715e+00 1.500000e+00
      vertex   8.044228e-01 9.465848e+00 8.902654e+00
    endloop
  endfacet
  facet normal -9.247601e-02 -9.957149e-01 8.321507e-05
    outer loop
      vertex   8.044228e-01 9.465848e+00 8.902654e+00
      vertex   7.453614e-01 9.470715e+00 1.500000e+00
      vertex   9.486622e-01 9.452459e+00 8.989859e+00
    endloop
  endfacet
  facet normal -1.070361e-01 -9.942550e-01 4.819855e-04
    outer loop
      vertex   9.486622e-01 9.452459e+00 8.989859e+00
      vertex   7.453614e-01 9.470715e+00 1.500000e+00
      vertex   1.081898e+00 9.438164e+00 9.089036e+00
    endloop
  endfacet
  facet normal -1.175373e-01 -9.930680e-01 9.527545e-04
    outer loop
      vertex   1.081898e+00 9.438164e+00 9.089036e+00
      vertex   7.453614e-01 9.470715e+00 1.500000e+00
      vertex   1.486127e+00 9.383039e+00 1.500000e+00
    endloop
  endfacet
  facet normal -1.206709e-01 -9.926923e-01 7.831155e-04
    outer loop
      vertex   1.081898e+00 9.438164e+00 9.089036e+00
      vertex   1.486127e+00 9.383039e+00 1.500000e+00
      vertex   1.202098e+00 9.423638e+00 9.197935e+00
    endloop
  endfacet
  facet normal -1.327989e-01 -9.911429e-01 3.274596e-04
    outer loop
      vertex   1.202098e+00 9.423638e+00 9.197935e+00
      vertex   1.486127e+00 9.383039e+00 1.500000e+00
      vertex   1.310992e+00 9.409088e+00 9.318136e+00
    endloop
  endfacet
  facet normal -1.434425e-01 -9.896586e-01 8.408411e-05
    outer loop
      vertex   1.310992e+00 9.409088e+00 9.318136e+00
      vertex   1.486127e+00 9.383039e+00 1.500000e+00
      vertex   1.410164e+00 9.394725e+00 9.451371e+00
    endloop
  endfacet
  facet normal -1.528427e-01 -9.882505e-01 -7.789443e-06
    outer loop
      vertex   1.410164e+00 9.394725e+00 9.451371e+00
      vertex   1.486127e+00 9.383039e+00 1.500000e+00
      vertex   1.497362e+00 9.381238e+00 9.595605e+00
    endloop
  endfacet
  facet normal -1.612690e-01 -9.869105e-01 4.202152e-06
    outer loop
      vertex   1.497362e+00 9.381238e+00 9.595605e+00
      vertex   1.486127e+00 9.383039e+00 1.500000e+00
      vertex   1.570335e+00 9.369314e+00 9.748810e+00
    endloop
  endfacet
  facet normal -1.679357e-01 -9.857979e-01 7.410988e-05
    outer loop
      vertex   1.570335e+00 9.369314e+00 9.748810e+00
      vertex   1.486127e+00 9.383039e+00 1.500000e+00
      vertex   1.627219e+00 9.359636e+00 9.908790e+00
    endloop
  endfacet
  facet normal -1.734782e-01 -9.848377e-01 1.697795e-04
    outer loop
      vertex   1.627219e+00 9.359636e+00 9.908790e+00
      vertex   1.486127e+00 9.383039e+00 1.500000e+00
      vertex   1.667722e+00 9.352529e+00 1.007268e+01
    endloop
  endfacet
  facet normal -1.798813e-01 -9.836883e-01 3.095068e-04
    outer loop
      vertex   1.667722e+00 9.352529e+00 1.007268e+01
      vertex   1.486127e+00 9.383039e+00 1.500000e+00
      vertex   1.691948e+00 9.348151e+00 1.023743e+01
    endloop
  endfacet
  facet normal -1.950903e-01 -9.807851e-01 6.793655e-04
    outer loop
      vertex   1.691948e+00 9.348151e+00 1.023743e+01
      vertex   1.486127e+00 9.383039e+00 1.500000e+00
      vertex   2.217731e+00 9.237514e+00 1.500000e+00
    endloop
  endfacet
  facet normal -1.953540e-01 -9.807326e-01 6.628282e-04
    outer loop
      vertex   1.691948e+00 9.348151e+00 1.023743e+01
      vertex   2.217731e+00 9.237514e+00 1.500000e+00
      vertex   1.700000e+00 9.346657e+00 1.040000e+01
    endloop
  endfacet
  facet normal -2.062764e-01 -9.784938e-01 6.884993e-17
    outer loop
      vertex   1.700000e+00 9.346657e+00 1.040000e+01
      vertex   2.217731e+00 9.237514e+00 1.500000e+00
      vertex   2.217731e+00 9.237514e+00 1.350000e+01
    endloop
  endfacet
  facet normal -2.008531e-01 -9.796209e-01 -9.454156e-04
    outer loop
      vertex   1.700000e+00 9.346657e+00 1.040000e+01
      vertex   2.217731e+00 9.237514e+00 1.350000e+01
      vertex   1.691948e+00 9.348151e+00 1.056257e+01
    endloop
  endfacet
  facet normal -1.950899e-01 -9.807833e-01 -2.020779e-03
    outer loop
      vertex   1.691948e+00 9.348151e+00 1.056257e+01
      vertex   2.217731e+00 9.237514e+00 1.350000e+01
      vertex   1.486127e+00 9.383039e+00 1.350000e+01
    endloop
  endfacet
  facet normal -1.875468e-01 -9.822546e-01 -1.474770e-03
    outer loop
      vertex   1.691948e+00 9.348151e+00 1.056257e+01
      vertex   1.486127e+00 9.383039e+00 1.350000e+01
      vertex   1.667722e+00 9.352529e+00 1.072732e+01
    endloop
  endfacet
  facet normal -1.753735e-01 -9.845018e-01 -6.527636e-04
    outer loop
      vertex   1.667722e+00 9.352529e+00 1.072732e+01
      vertex   1.486127e+00 9.383039e+00 1.350000e+01
      vertex   1.627219e+00 9.359636e+00 1.089121e+01
    endloop
  endfacet
  facet normal -1.684667e-01 -9.857073e-01 -2.684070e-04
    outer loop
      vertex   1.627219e+00 9.359636e+00 1.089121e+01
      vertex   1.486127e+00 9.383039e+00 1.350000e+01
      vertex   1.570335e+00 9.369314e+00 1.105119e+01
    endloop
  endfacet
  facet normal -1.612910e-01 -9.869069e-01 -1.492933e-05
    outer loop
      vertex   1.570335e+00 9.369314e+00 1.105119e+01
      vertex   1.486127e+00 9.383039e+00 1.350000e+01
      vertex   1.497362e+00 9.381238e+00 1.120439e+01
    endloop
  endfacet
  facet normal -1.528106e-01 -9.882555e-01 2.763074e-05
    outer loop
      vertex   1.497362e+00 9.381238e+00 1.120439e+01
      vertex   1.486127e+00 9.383039e+00 1.350000e+01
      vertex   1.410164e+00 9.394725e+00 1.134863e+01
    endloop
  endfacet
  facet normal -1.437273e-01 -9.896173e-01 -3.004922e-04
    outer loop
      vertex   1.410164e+00 9.394725e+00 1.134863e+01
      vertex   1.486127e+00 9.383039e+00 1.350000e+01
      vertex   1.310992e+00 9.409088e+00 1.148186e+01
    endloop
  endfacet
  facet normal -1.337299e-01 -9.910171e-01 -1.186139e-03
    outer loop
      vertex   1.310992e+00 9.409088e+00 1.148186e+01
      vertex   1.486127e+00 9.383039e+00 1.350000e+01
      vertex   1.202098e+00 9.423638e+00 1.160207e+01
    endloop
  endfacet
  facet normal -1.225513e-01 -9.924580e-01 -2.889869e-03
    outer loop
      vertex   1.202098e+00 9.423638e+00 1.160207e+01
      vertex   1.486127e+00 9.383039e+00 1.350000e+01
      vertex   1.081898e+00 9.438164e+00 1.171096e+01
    endloop
  endfacet
  facet normal -1.175364e-01 -9.930603e-01 -4.041523e-03
    outer loop
      vertex   1.081898e+00 9.438164e+00 1.171096e+01
      vertex   1.486127e+00 9.383039e+00 1.350000e+01
      vertex   7.453614e-01 9.470715e+00 1.350000e+01
    endloop
  endfacet
  facet normal -1.083726e-01 -9.941077e-01 -2.298654e-03
    outer loop
      vertex   1.081898e+00 9.438164e+00 1.171096e+01
      vertex   7.453614e-01 9.470715e+00 1.350000e+01
      vertex   9.486622e-01 9.452459e+00 1.181014e+01
    endloop
  endfacet
  facet normal -9.266063e-02 -9.956977e-01 -3.912262e-04
    outer loop
      vertex   9.486622e-01 9.452459e+00 1.181014e+01
      vertex   7.453614e-01 9.470715e+00 1.350000e+01
      vertex   8.044228e-01 9.465848e+00 1.189735e+01
    endloop
  endfacet
  facet normal -7.673357e-02 -9.970516e-01 1.998326e-04
    outer loop
      vertex   8.044228e-01 9.465848e+00 1.189735e+01
      vertex   7.453614e-01 9.470715e+00 1.350000e+01
      vertex   6.512119e-01 9.477654e+00 1.197033e+01
    endloop
  endfacet
  facet normal -5.994703e-02 -9.982012e-01 -8.385729e-04
    outer loop
      vertex   6.512119e-01 9.477654e+00 1.197033e+01
      vertex   7.453614e-01 9.470715e+00 1.350000e+01
      vertex   4.912238e-01 9.487214e+00 1.202721e+01
    endloop
  endfacet
  facet normal -4.361888e-02 -9.990415e-01 -3.665505e-03
    outer loop
      vertex   4.912238e-01 9.487214e+00 1.202721e+01
      vertex   7.453614e-01 9.470715e+00 1.350000e+01
      vertex   3.273283e-01 9.494221e+00 1.206772e+01
    endloop
  endfacet
  facet normal -3.925934e-02 -9.992168e-01 -4.940783e-03
    outer loop
      vertex   3.273283e-01 9.494221e+00 1.206772e+01
      vertex   7.453614e-01 9.470715e+00 1.350000e+01
      vertex   5.817072e-16 9.500000e+00 1.350000e+01
    endloop
  endfacet
  facet normal -2.644606e-02 -9.996482e-01 -2.010739e-03
    outer loop
      vertex   3.273283e-01 9.494221e+00 1.206772e+01
      vertex   5.817072e-16 9.500000e+00 1.350000e+01
      vertex   1.625717e-01 9.498531e+00 1.209195e+01
    endloop
  endfacet
  facet normal -9.033632e-03 -9.999592e-01 3.096227e-18
    outer loop
      vertex   1.625717e-01 9.498531e+00 1.209195e+01
      vertex   5.817072e-16 9.500000e+00 1.350000e+01
      vertex   1.214306e-16 9.500000e+00 1.210000e+01
    endloop
  endfacet
  facet normal 9.033632e-03 -9.999592e-01 -2.969978e-18
    outer loop
      vertex   1.214306e-16 9.500000e+00 1.210000e+01
      vertex   5.817072e-16 9.500000e+00 1.350000e+01
      vertex   -1.625717e-01 9.498531e+00 1.209195e+01
    endloop
  endfacet
  facet normal 2.644606e-02 -9.996482e-01 -2.010739e-03
    outer loop
      vertex   -1.625717e-01 9.498531e+00 1.209195e+01
      vertex   5.817072e-16 9.500000e+00 1.350000e+01
      vertex   -3.273283e-01 9.494221e+00 1.206772e+01
    endloop
  endfacet
  facet normal 3.925934e-02 -9.992168e-01 -4.940783e-03
    outer loop
      vertex   -3.273283e-01 9.494221e+00 1.206772e+01
      vertex   5.817072e-16 9.500000e+00 1.350000e+01
      vertex   -7.453614e-01 9.470715e+00 1.350000e+01
    endloop
  endfacet
  facet normal 4.361888e-02 -9.990415e-01 -3.665505e-03
    outer loop
      vertex   -3.273283e-01 9.494221e+00 1.206772e+01
      vertex   -7.453614e-01 9.470715e+00 1.350000e+01
      vertex   -4.912238e-01 9.487214e+00 1.202721e+01
    endloop
  endfacet
  facet normal 5.994703e-02 -9.982012e-01 -8.385729e-04
    outer loop
      vertex   -4.912238e-01 9.487214e+00 1.202721e+01
      vertex   -7.453614e-01 9.470715e+00 1.350000e+01
      vertex   -6.512119e-01 9.477654e+00 1.197033e+01
    endloop
  endfacet
  facet normal 7.673357e-02 -9.970516e-01 1.998326e-04
    outer loop
      vertex   -6.512119e-01 9.477654e+00 1.197033e+01
      vertex   -7.453614e-01 9.470715e+00 1.350000e+01
      vertex   -8.044228e-01 9.465848e+00 1.189735e+01
    endloop
  endfacet
  facet normal 9.266063e-02 -9.956977e-01 -3.912262e-04
    outer loop
      vertex   -8.044228e-01 9.465848e+00 1.189735e+01
      vertex   -7.453614e-01 9.470715e+00 1.350000e+01
      vertex   -9.486622e-01 9.452459e+00 1.181014e+01
    endloop
  endfacet
  facet normal 1.083726e-01 -9.941077e-01 -2.298654e-03
    outer loop
      vertex   -9.486622e-01 9.452459e+00 1.181014e+01
      vertex   -7.453614e-01 9.470715e+00 1.350000e+01
      vertex   -1.081898e+00 9.438164e+00 1.171096e+01
    endloop
  endfacet
  facet normal 1.175364e-01 -9.930603e-01 -4.041523e-03
    outer loop
      vertex   -1.081898e+00 9.438164e+00 1.171096e+01
      vertex   -7.453614e-01 9.470715e+00 1.350000e+01
      vertex   -1.486127e+00 9.383039e+00 1.350000e+01
    endloop
  endfacet
  facet normal 1.225513e-01 -9.924580e-01 -2.889869e-03
    outer loop
      vertex   -1.081898e+00 9.438164e+00 1.171096e+01
      vertex   -1.486127e+00 9.383039e+00 1.350000e+01
      vertex   -1.202098e+00 9.423638e+00 1.160207e+01
    endloop
  endfacet
  facet normal 1.337299e-01 -9.910171e-01 -1.186139e-03
    outer loop
      vertex   -1.202098e+00 9.423638e+00 1.160207e+01
      vertex   -1.486127e+00 9.383039e+00 1.350000e+01
      vertex   -1.310992e+00 9.409088e+00 1.148186e+01
    endloop
  endfacet
  facet normal 1.437273e-01 -9.896173e-01 -3.004922e-04
    outer loop
      vertex   -1.310992e+00 9.409088e+00 1.148186e+01
      vertex   -1.486127e+00 9.383039e+00 1.350000e+01
      vertex   -1.410164e+00 9.394725e+00 1.134863e+01
    endloop
  endfacet
  facet normal 1.528106e-01 -9.882555e-01 2.763074e-05
    outer loop
      vertex   -1.410164e+00 9.394725e+00 1.134863e+01
      vertex   -1.486127e+00 9.383039e+00 1.350000e+01
      vertex   -1.497362e+00 9.381238e+00 1.120439e+01
    endloop
  endfacet
  facet normal 1.612910e-01 -9.869069e-01 -1.492933e-05
    outer loop
      vertex   -1.497362e+00 9.381238e+00 1.120439e+01
      vertex   -1.486127e+00 9.383039e+00 1.350000e+01
      vertex   -1.570335e+00 9.369314e+00 1.105119e+01
    endloop
  endfacet
  facet normal 1.684667e-01 -9.857073e-01 -2.684070e-04
    outer loop
      vertex   -1.570335e+00 9.369314e+00 1.105119e+01
      vertex   -1.486127e+00 9.383039e+00 1.350000e+01
      vertex   -1.627219e+00 9.359636e+00 1.089121e+01
    endloop
  endfacet
  facet normal 1.753735e-01 -9.845018e-01 -6.527636e-04
    outer loop
      vertex   -1.627219e+00 9.359636e+00 1.089121e+01
      vertex   -1.486127e+00 9.383039e+00 1.350000e+01
      vertex   -1.667722e+00 9.352529e+00 1.072732e+01
    endloop
  endfacet
  facet normal 1.875468e-01 -9.822546e-01 -1.474770e-03
    outer loop
      vertex   -1.667722e+00 9.352529e+00 1.072732e+01
      vertex   -1.486127e+00 9.383039e+00 1.350000e+01
      vertex   -1.691948e+00 9.348151e+00 1.056257e+01
    endloop
  endfacet
  facet normal 1.950899e-01 -9.807833e-01 -2.020779e-03
    outer loop
      vertex   -1.691948e+00 9.348151e+00 1.056257e+01
      vertex   -1.486127e+00 9.383039e+00 1.350000e+01
      vertex   -2.217731e+00 9.237514e+00 1.350000e+01
    endloop
  endfacet
  facet normal 2.008531e-01 -9.796209e-01 -9.454156e-04
    outer loop
      vertex   -1.691948e+00 9.348151e+00 1.056257e+01
      vertex   -2.217731e+00 9.237514e+00 1.350000e+01
      vertex   -1.700000e+00 9.346657e+00 1.040000e+01
    endloop
  endfacet
  facet normal -2.714404e-01 -9.624552e-01 9.040783e-17
    outer loop
      vertex   2.217731e+00 9.237514e+00 1.350000e+01
      vertex   2.217731e+00 9.237514e+00 1.500000e+00
      vertex   2.935661e+00 9.035037e+00 1.350000e+01
    endloop
  endfacet
  facet normal -2.714404e-01 -9.624552e-01 -0.000000e+00
    outer loop
      vertex   2.935661e+00 9.035037e+00 1.350000e+01
      vertex   2.217731e+00 9.237514e+00 1.500000e+00
      vertex   2.935661e+00 9.035037e+00 1.500000e+00
    endloop
  endfacet
  facet normal -3.461171e-01 -9.381913e-01 -0.000000e+00
    outer loop
      vertex   2.935661e+00 9.035037e+00 1.350000e+01
      vertex   2.935661e+00 9.035037e+00 1.500000e+00
      vertex   3.635493e+00 8.776856e+00 1.350000e+01
    endloop
  endfacet
  facet normal -3.461171e-01 -9.381913e-01 2.360008e-17
    outer loop
      vertex   3.635493e+00 8.776856e+00 1.350000e+01
      vertex   2.935661e+00 9.035037e+00 1.500000e+00
      vertex   3.635493e+00 8.776856e+00 1.500000e+00
    endloop
  endfacet
  facet normal -4.186597e-01 -9.081432e-01 -5.009509e-18
    outer loop
      vertex   3.635493e+00 8.776856e+00 1.350000e+01
      vertex   3.635493e+00 8.776856e+00 1.500000e+00
      vertex   4.312910e+00 8.464562e+00 1.350000e+01
    endloop
  endfacet
  facet normal -4.186597e-01 -9.081432e-01 -0.000000e+00
    outer loop
      vertex   4.312910e+00 8.464562e+00 1.350000e+01
      vertex   3.635493e+00 8.776856e+00 1.500000e+00
      vertex   4.312910e+00 8.464562e+00 1.500000e+00
    endloop
  endfacet
  facet normal -4.886212e-01 -8.724960e-01 -0.000000e+00
    outer loop
      vertex   4.312910e+00 8.464562e+00 1.350000e+01
      vertex   4.312910e+00 8.464562e+00 1.500000e+00
      vertex   4.963736e+00 8.100082e+00 1.350000e+01
    endloop
  endfacet
  facet normal -4.886212e-01 -8.724960e-01 -7.748452e-17
    outer loop
      vertex   4.963736e+00 8.100082e+00 1.350000e+01
      vertex   4.312910e+00 8.464562e+00 1.500000e+00
      vertex   4.963736e+00 8.100082e+00 1.500000e+00
    endloop
  endfacet
  facet normal -5.555702e-01 -8.314696e-01 -4.056217e-17
    outer loop
      vertex   4.963736e+00 8.100082e+00 1.350000e+01
      vertex   4.963736e+00 8.100082e+00 1.500000e+00
      vertex   5.583960e+00 7.685661e+00 1.350000e+01
    endloop
  endfacet
  facet normal -5.555702e-01 -8.314696e-01 -0.000000e+00
    outer loop
      vertex   5.583960e+00 7.685661e+00 1.350000e+01
      vertex   4.963736e+00 8.100082e+00 1.500000e+00
      vertex   5.583960e+00 7.685661e+00 1.500000e+00
    endloop
  endfacet
  facet normal -6.190939e-01 -7.853169e-01 -0.000000e+00
    outer loop
      vertex   5.583960e+00 7.685661e+00 1.350000e+01
      vertex   5.583960e+00 7.685661e+00 1.500000e+00
      vertex   6.169756e+00 7.223857e+00 1.350000e+01
    endloop
  endfacet
  facet normal -6.190939e-01 -7.853169e-01 9.503405e-17
    outer loop
      vertex   6.169756e+00 7.223857e+00 1.350000e+01
      vertex   5.583960e+00 7.685661e+00 1.500000e+00
      vertex   6.169756e+00 7.223857e+00 1.500000e+00
    endloop
  endfacet
  facet normal -6.788007e-01 -7.343225e-01 6.667909e-17
    outer loop
      vertex   6.169756e+00 7.223857e+00 1.350000e+01
      vertex   6.169756e+00 7.223857e+00 1.500000e+00
      vertex   6.717514e+00 6.717514e+00 1.350000e+01
    endloop
  endfacet
  facet normal -6.788007e-01 -7.343225e-01 -0.000000e+00
    outer loop
      vertex   6.717514e+00 6.717514e+00 1.350000e+01
      vertex   6.169756e+00 7.223857e+00 1.500000e+00
      vertex   6.717514e+00 6.717514e+00 1.500000e+00
    endloop
  endfacet
  facet normal -7.343225e-01 -6.788007e-01 -0.000000e+00
    outer loop
      vertex   6.717514e+00 6.717514e+00 1.350000e+01
      vertex   6.717514e+00 6.717514e+00 1.500000e+00
      vertex   7.223857e+00 6.169756e+00 1.350000e+01
    endloop
  endfacet
  facet normal -7.343225e-01 -6.788007e-01 -0.000000e+00
    outer loop
      vertex   7.223857e+00 6.169756e+00 1.350000e+01
      vertex   6.717514e+00 6.717514e+00 1.500000e+00
      vertex   7.223857e+00 6.169756e+00 1.500000e+00
    endloop
  endfacet
  facet normal -7.853169e-01 -6.190939e-01 -0.000000e+00
    outer loop
      vertex   7.223857e+00 6.169756e+00 1.350000e+01
      vertex   7.223857e+00 6.169756e+00 1.500000e+00
      vertex   7.685661e+00 5.583960e+00 1.350000e+01
    endloop
  endfacet
  facet normal -7.853169e-01 -6.190939e-01 -0.000000e+00
    outer loop
      vertex   7.685661e+00 5.583960e+00 1.350000e+01
      vertex   7.223857e+00 6.169756e+00 1.500000e+00
      vertex   7.685661e+00 5.583960e+00 1.500000e+00
    endloop
  endfacet
  facet normal -8.314696e-01 -5.555702e-01 -0.000000e+00
    outer loop
      vertex   7.685661e+00 5.583960e+00 1.350000e+01
      vertex   7.685661e+00 5.583960e+00 1.500000e+00
      vertex   8.100082e+00 4.963736e+00 1.350000e+01
    endloop
  endfacet
  facet normal -8.314696e-01 -5.555702e-01 -0.000000e+00
    outer loop
      vertex   8.100082e+00 4.963736e+00 1.350000e+01
      vertex   7.685661e+00 5.583960e+00 1.500000e+00
      vertex   8.100082e+00 4.963736e+00 1.500000e+00
    endloop
  endfacet
  facet normal -8.724960e-01 -4.886212e-01 -0.000000e+00
    outer loop
      vertex   8.100082e+00 4.963736e+00 1.350000e+01
      vertex   8.100082e+00 4.963736e+00 1.500000e+00
      vertex   8.464562e+00 4.312910e+00 1.350000e+01
    endloop
  endfacet
  facet normal -8.724960e-01 -4.886212e-01 -0.000000e+00
    outer loop
      vertex   8.464562e+00 4.312910e+00 1.350000e+01
      vertex   8.100082e+00 4.963736e+00 1.500000e+00
      vertex   8.464562e+00 4.312910e+00 1.500000e+00
    endloop
  endfacet
  facet normal -9.081432e-01 -4.186597e-01 -0.000000e+00
    outer loop
      vertex   8.464562e+00 4.312910e+00 1.350000e+01
      vertex   8.464562e+00 4.312910e+00 1.500000e+00
      vertex   8.776856e+00 3.635493e+00 1.350000e+01
    endloop
  endfacet
  facet normal -9.081432e-01 -4.186597e-01 -0.000000e+00
    outer loop
      vertex   8.776856e+00 3.635493e+00 1.350000e+01
      vertex   8.464562e+00 4.312910e+00 1.500000e+00
      vertex   8.776856e+00 3.635493e+00 1.500000e+00
    endloop
  endfacet
  facet normal -9.381913e-01 -3.461171e-01 -0.000000e+00
    outer loop
      vertex   8.776856e+00 3.635493e+00 1.350000e+01
      vertex   8.776856e+00 3.635493e+00 1.500000e+00
      vertex   9.035037e+00 2.935661e+00 1.350000e+01
    endloop
  endfacet
  facet normal -9.381913e-01 -3.461171e-01 -0.000000e+00
    outer loop
      vertex   9.035037e+00 2.935661e+00 1.350000e+01
      vertex   8.776856e+00 3.635493e+00 1.500000e+00
      vertex   9.035037e+00 2.935661e+00 1.500000e+00
    endloop
  endfacet
  facet normal -9.624552e-01 -2.714404e-01 -0.000000e+00
    outer loop
      vertex   9.035037e+00 2.935661e+00 1.350000e+01
      vertex   9.035037e+00 2.935661e+00 1.500000e+00
      vertex   9.237514e+00 2.217731e+00 1.350000e+01
    endloop
  endfacet
  facet normal -9.624552e-01 -2.714404e-01 -0.000000e+00
    outer loop
      vertex   9.237514e+00 2.217731e+00 1.350000e+01
      vertex   9.035037e+00 2.935661e+00 1.500000e+00
      vertex   9.237514e+00 2.217731e+00 1.500000e+00
    endloop
  endfacet
  facet normal -9.807853e-01 -1.950903e-01 -0.000000e+00
    outer loop
      vertex   9.237514e+00 2.217731e+00 1.350000e+01
      vertex   9.237514e+00 2.217731e+00 1.500000e+00
      vertex   9.383039e+00 1.486127e+00 1.350000e+01
    endloop
  endfacet
  facet normal -9.807853e-01 -1.950903e-01 -0.000000e+00
    outer loop
      vertex   9.383039e+00 1.486127e+00 1.350000e+01
      vertex   9.237514e+00 2.217731e+00 1.500000e+00
      vertex   9.383039e+00 1.486127e+00 1.500000e+00
    endloop
  endfacet
  facet normal -9.930685e-01 -1.175374e-01 -0.000000e+00
    outer loop
      vertex   9.383039e+00 1.486127e+00 1.350000e+01
      vertex   9.383039e+00 1.486127e+00 1.500000e+00
      vertex   9.470715e+00 7.453614e-01 1.350000e+01
    endloop
  endfacet
  facet normal -9.930685e-01 -1.175374e-01 -0.000000e+00
    outer loop
      vertex   9.470715e+00 7.453614e-01 1.350000e+01
      vertex   9.383039e+00 1.486127e+00 1.500000e+00
      vertex   9.470715e+00 7.453614e-01 1.500000e+00
    endloop
  endfacet
  facet normal -9.992290e-01 -3.925982e-02 -0.000000e+00
    outer loop
      vertex   9.470715e+00 7.453614e-01 1.350000e+01
      vertex   9.470715e+00 7.453614e-01 1.500000e+00
      vertex   9.500000e+00 0.000000e+00 1.350000e+01
    endloop
  endfacet
  facet normal -9.992290e-01 -3.925982e-02 -0.000000e+00
    outer loop
      vertex   9.500000e+00 0.000000e+00 1.350000e+01
      vertex   9.470715e+00 7.453614e-01 1.500000e+00
      vertex   9.500000e+00 0.000000e+00 1.500000e+00
    endloop
  endfacet
  facet normal -9.992290e-01 3.925982e-02 0.000000e+00
    outer loop
      vertex   9.500000e+00 0.000000e+00 1.350000e+01
      vertex   9.500000e+00 0.000000e+00 1.500000e+00
      vertex   9.470715e+00 -7.453614e-01 1.350000e+01
    endloop
  endfacet
  facet normal -9.992290e-01 3.925982e-02 0.000000e+00
    outer loop
      vertex   9.470715e+00 -7.453614e-01 1.350000e+01
      vertex   9.500000e+00 0.000000e+00 1.500000e+00
      vertex   9.470715e+00 -7.453614e-01 1.500000e+00
    endloop
  endfacet
  facet normal -9.930685e-01 1.175374e-01 0.000000e+00
    outer loop
      vertex   9.470715e+00 -7.453614e-01 1.350000e+01
      vertex   9.470715e+00 -7.453614e-01 1.500000e+00
      vertex   9.383039e+00 -1.486127e+00 1.350000e+01
    endloop
  endfacet
  facet normal -9.930685e-01 1.175374e-01 0.000000e+00
    outer loop
      vertex   9.383039e+00 -1.486127e+00 1.350000e+01
      vertex   9.470715e+00 -7.453614e-01 1.500000e+00
      vertex   9.383039e+00 -1.486127e+00 1.500000e+00
    endloop
  endfacet
  facet normal -9.807853e-01 1.950903e-01 0.000000e+00
    outer loop
      vertex   9.383039e+00 -1.486127e+00 1.350000e+01
      vertex   9.383039e+00 -1.486127e+00 1.500000e+00
      vertex   9.237514e+00 -2.217731e+00 1.350000e+01
    endloop
  endfacet
  facet normal -9.807853e-01 1.950903e-01 0.000000e+00
    outer loop
      vertex   9.237514e+00 -2.217731e+00 1.350000e+01
      vertex   9.383039e+00 -1.486127e+00 1.500000e+00
      vertex   9.237514e+00 -2.217731e+00 1.500000e+00
    endloop
  endfacet
  facet normal -9.624552e-01 2.714404e-01 0.000000e+00
    outer loop
      vertex   9.237514e+00 -2.217731e+00 1.350000e+01
      vertex   9.237514e+00 -2.217731e+00 1.500000e+00
      vertex   9.035037e+00 -2.935661e+00 1.350000e+01
    endloop
  endfacet
  facet normal -9.624552e-01 2.714404e-01 0.000000e+00
    outer loop
      vertex   9.035037e+00 -2.935661e+00 1.350000e+01
      vertex   9.237514e+00 -2.217731e+00 1.500000e+00
      vertex   9.035037e+00 -2.935661e+00 1.500000e+00
    endloop
  endfacet
  facet normal -9.381913e-01 3.461171e-01 0.000000e+00
    outer loop
      vertex   9.035037e+00 -2.935661e+00 1.350000e+01
      vertex   9.035037e+00 -2.935661e+00 1.500000e+00
      vertex   8.776856e+00 -3.635493e+00 1.350000e+01
    endloop
  endfacet
  facet normal -9.381913e-01 3.461171e-01 0.000000e+00
    outer loop
      vertex   8.776856e+00 -3.635493e+00 1.350000e+01
      vertex   9.035037e+00 -2.935661e+00 1.500000e+00
      vertex   8.776856e+00 -3.635493e+00 1.500000e+00
    endloop
  endfacet
  facet normal -9.081432e-01 4.186597e-01 0.000000e+00
    outer loop
      vertex   8.776856e+00 -3.635493e+00 1.350000e+01
      vertex   8.776856e+00 -3.635493e+00 1.500000e+00
      vertex   8.464562e+00 -4.312910e+00 1.350000e+01
    endloop
  endfacet
  facet normal -9.081432e-01 4.186597e-01 0.000000e+00
    outer loop
      vertex   8.464562e+00 -4.312910e+00 1.350000e+01
      vertex   8.776856e+00 -3.635493e+00 1.500000e+00
      vertex   8.464562e+00 -4.312910e+00 1.500000e+00
    endloop
  endfacet
  facet normal -8.724960e-01 4.886212e-01 0.000000e+00
    outer loop
      vertex   8.464562e+00 -4.312910e+00 1.350000e+01
      vertex   8.464562e+00 -4.312910e+00 1.500000e+00
      vertex   8.100082e+00 -4.963736e+00 1.350000e+01
    endloop
  endfacet
  facet normal -8.724960e-01 4.886212e-01 0.000000e+00
    outer loop
      vertex   8.100082e+00 -4.963736e+00 1.350000e+01
      vertex   8.464562e+00 -4.312910e+00 1.500000e+00
      vertex   8.100082e+00 -4.963736e+00 1.500000e+00
    endloop
  endfacet
  facet normal -8.314696e-01 5.555702e-01 0.000000e+00
    outer loop
      vertex   8.100082e+00 -4.963736e+00 1.350000e+01
      vertex   8.100082e+00 -4.963736e+00 1.500000e+00
      vertex   7.685661e+00 -5.583960e+00 1.350000e+01
    endloop
  endfacet
  facet normal -8.314696e-01 5.555702e-01 0.000000e+00
    outer loop
      vertex   7.685661e+00 -5.583960e+00 1.350000e+01
      vertex   8.100082e+00 -4.963736e+00 1.500000e+00
      vertex   7.685661e+00 -5.583960e+00 1.500000e+00
    endloop
  endfacet
  facet normal -7.853169e-01 6.190939e-01 0.000000e+00
    outer loop
      vertex   7.685661e+00 -5.583960e+00 1.350000e+01
      vertex   7.685661e+00 -5.583960e+00 1.500000e+00
      vertex   7.223857e+00 -6.169756e+00 1.350000e+01
    endloop
  endfacet
  facet normal -7.853169e-01 6.190939e-01 0.000000e+00
    outer loop
      vertex   7.223857e+00 -6.169756e+00 1.350000e+01
      vertex   7.685661e+00 -5.583960e+00 1.500000e+00
      vertex   7.223857e+00 -6.169756e+00 1.500000e+00
    endloop
  endfacet
  facet normal -7.343225e-01 6.788007e-01 0.000000e+00
    outer loop
      vertex   7.223857e+00 -6.169756e+00 1.350000e+01
      vertex   7.223857e+00 -6.169756e+00 1.500000e+00
      vertex   6.717514e+00 -6.717514e+00 1.350000e+01
    endloop
  endfacet
  facet normal -7.343225e-01 6.788007e-01 0.000000e+00
    outer loop
      vertex   6.717514e+00 -6.717514e+00 1.350000e+01
      vertex   7.223857e+00 -6.169756e+00 1.500000e+00
      vertex   6.717514e+00 -6.717514e+00 1.500000e+00
    endloop
  endfacet
  facet normal -6.788007e-01 7.343225e-01 0.000000e+00
    outer loop
      vertex   6.717514e+00 -6.717514e+00 1.350000e+01
      vertex   6.717514e+00 -6.717514e+00 1.500000e+00
      vertex   6.169756e+00 -7.223857e+00 1.350000e+01
    endloop
  endfacet
  facet normal -6.788007e-01 7.343225e-01 -6.667909e-17
    outer loop
      vertex   6.169756e+00 -7.223857e+00 1.350000e+01
      vertex   6.717514e+00 -6.717514e+00 1.500000e+00
      vertex   6.169756e+00 -7.223857e+00 1.500000e+00
    endloop
  endfacet
  facet normal -6.190939e-01 7.853169e-01 -9.503405e-17
    outer loop
      vertex   6.169756e+00 -7.223857e+00 1.350000e+01
      vertex   6.169756e+00 -7.223857e+00 1.500000e+00
      vertex   5.583960e+00 -7.685661e+00 1.350000e+01
    endloop
  endfacet
  facet normal -6.190939e-01 7.853169e-01 0.000000e+00
    outer loop
      vertex   5.583960e+00 -7.685661e+00 1.350000e+01
      vertex   6.169756e+00 -7.223857e+00 1.500000e+00
      vertex   5.583960e+00 -7.685661e+00 1.500000e+00
    endloop
  endfacet
  facet normal -5.555702e-01 8.314696e-01 0.000000e+00
    outer loop
      vertex   5.583960e+00 -7.685661e+00 1.350000e+01
      vertex   5.583960e+00 -7.685661e+00 1.500000e+00
      vertex   4.963736e+00 -8.100082e+00 1.350000e+01
    endloop
  endfacet
  facet normal -5.555702e-01 8.314696e-01 4.056217e-17
    outer loop
      vertex   4.963736e+00 -8.100082e+00 1.350000e+01
      vertex   5.583960e+00 -7.685661e+00 1.500000e+00
      vertex   4.963736e+00 -8.100082e+00 1.500000e+00
    endloop
  endfacet
  facet normal -4.886212e-01 8.724960e-01 7.748452e-17
    outer loop
      vertex   4.963736e+00 -8.100082e+00 1.350000e+01
      vertex   4.963736e+00 -8.100082e+00 1.500000e+00
      vertex   4.312910e+00 -8.464562e+00 1.350000e+01
    endloop
  endfacet
  facet normal -4.886212e-01 8.724960e-01 0.000000e+00
    outer loop
      vertex   4.312910e+00 -8.464562e+00 1.350000e+01
      vertex   4.963736e+00 -8.100082e+00 1.500000e+00
      vertex   4.312910e+00 -8.464562e+00 1.500000e+00
    endloop
  endfacet
  facet normal -4.186597e-01 9.081432e-01 0.000000e+00
    outer loop
      vertex   4.312910e+00 -8.464562e+00 1.350000e+01
      vertex   4.312910e+00 -8.464562e+00 1.500000e+00
      vertex   3.635493e+00 -8.776856e+00 1.350000e+01
    endloop
  endfacet
  facet normal -4.186597e-01 9.081432e-01 5.009509e-18
    outer loop
      vertex   3.635493e+00 -8.776856e+00 1.350000e+01
      vertex   4.312910e+00 -8.464562e+00 1.500000e+00
      vertex   3.635493e+00 -8.776856e+00 1.500000e+00
    endloop
  endfacet
  facet normal -3.461171e-01 9.381913e-01 -2.360008e-17
    outer loop
      vertex   3.635493e+00 -8.776856e+00 1.350000e+01
      vertex   3.635493e+00 -8.776856e+00 1.500000e+00
      vertex   2.935661e+00 -9.035037e+00 1.350000e+01
    endloop
  endfacet
  facet normal -3.461171e-01 9.381913e-01 0.000000e+00
    outer loop
      vertex   2.935661e+00 -9.035037e+00 1.350000e+01
      vertex   3.635493e+00 -8.776856e+00 1.500000e+00
      vertex   2.935661e+00 -9.035037e+00 1.500000e+00
    endloop
  endfacet
  facet normal -2.714404e-01 9.624552e-01 0.000000e+00
    outer loop
      vertex   2.935661e+00 -9.035037e+00 1.350000e+01
      vertex   2.935661e+00 -9.035037e+00 1.500000e+00
      vertex   2.217731e+00 -9.237514e+00 1.350000e+01
    endloop
  endfacet
  facet normal -2.714404e-01 9.624552e-01 -9.040783e-17
    outer loop
      vertex   2.217731e+00 -9.237514e+00 1.350000e+01
      vertex   2.935661e+00 -9.035037e+00 1.500000e+00
      vertex   2.217731e+00 -9.237514e+00 1.500000e+00
    endloop
  endfacet
  facet normal -1.175373e-01 9.930680e-01 9.527545e-04
    outer loop
      vertex   7.453614e-01 -9.470715e+00 1.500000e+00
      vertex   1.081898e+00 -9.438164e+00 9.089036e+00
      vertex   1.486127e+00 -9.383039e+00 1.500000e+00
    endloop
  endfacet
  facet normal -1.206709e-01 9.926923e-01 7.831155e-04
    outer loop
      vertex   1.486127e+00 -9.383039e+00 1.500000e+00
      vertex   1.081898e+00 -9.438164e+00 9.089036e+00
      vertex   1.202098e+00 -9.423638e+00 9.197935e+00
    endloop
  endfacet
  facet normal -1.327989e-01 9.911429e-01 3.274596e-04
    outer loop
      vertex   1.486127e+00 -9.383039e+00 1.500000e+00
      vertex   1.202098e+00 -9.423638e+00 9.197935e+00
      vertex   1.310992e+00 -9.409088e+00 9.318136e+00
    endloop
  endfacet
  facet normal -3.925980e-02 9.992286e-01 9.784832e-04
    outer loop
      vertex   5.817072e-16 -9.500000e+00 1.500000e+00
      vertex   3.273283e-01 -9.494221e+00 8.732279e+00
      vertex   7.453614e-01 -9.470715e+00 1.500000e+00
    endloop
  endfacet
  facet normal -4.290421e-02 9.990789e-01 7.673458e-04
    outer loop
      vertex   7.453614e-01 -9.470715e+00 1.500000e+00
      vertex   3.273283e-01 -9.494221e+00 8.732279e+00
      vertex   4.912238e-01 -9.487214e+00 8.772785e+00
    endloop
  endfacet
  facet normal -5.971301e-02 9.982156e-01 1.780265e-04
    outer loop
      vertex   7.453614e-01 -9.470715e+00 1.500000e+00
      vertex   4.912238e-01 -9.487214e+00 8.772785e+00
      vertex   6.512119e-01 -9.477654e+00 8.829674e+00
    endloop
  endfacet
  facet normal 3.925980e-02 9.992286e-01 9.784832e-04
    outer loop
      vertex   -7.453614e-01 -9.470715e+00 1.500000e+00
      vertex   -3.273283e-01 -9.494221e+00 8.732279e+00
      vertex   5.817072e-16 -9.500000e+00 1.500000e+00
    endloop
  endfacet
  facet normal 2.620757e-02 9.996564e-01 3.874058e-04
    outer loop
      vertex   5.817072e-16 -9.500000e+00 1.500000e+00
      vertex   -3.273283e-01 -9.494221e+00 8.732279e+00
      vertex   -1.625717e-01 -9.498531e+00 8.708052e+00
    endloop
  endfacet
  facet normal 9.033632e-03 9.999592e-01 4.946500e-16
    outer loop
      vertex   5.817072e-16 -9.500000e+00 1.500000e+00
      vertex   -1.625717e-01 -9.498531e+00 8.708052e+00
      vertex   -4.047688e-16 -9.500000e+00 8.700000e+00
    endloop
  endfacet
  facet normal 1.175373e-01 9.930680e-01 9.527545e-04
    outer loop
      vertex   -1.486127e+00 -9.383039e+00 1.500000e+00
      vertex   -1.081898e+00 -9.438164e+00 9.089036e+00
      vertex   -7.453614e-01 -9.470715e+00 1.500000e+00
    endloop
  endfacet
  facet normal 1.070361e-01 9.942550e-01 4.819855e-04
    outer loop
      vertex   -7.453614e-01 -9.470715e+00 1.500000e+00
      vertex   -1.081898e+00 -9.438164e+00 9.089036e+00
      vertex   -9.486622e-01 -9.452459e+00 8.989859e+00
    endloop
  endfacet
  facet normal 9.247601e-02 9.957149e-01 8.321507e-05
    outer loop
      vertex   -7.453614e-01 -9.470715e+00 1.500000e+00
      vertex   -9.486622e-01 -9.452459e+00 8.989859e+00
      vertex   -8.044228e-01 -9.465848e+00 8.902654e+00
    endloop
  endfacet
  facet normal 1.950903e-01 9.807851e-01 6.793655e-04
    outer loop
      vertex   -2.217731e+00 -9.237514e+00 1.500000e+00
      vertex   -1.691948e+00 -9.348151e+00 1.023743e+01
      vertex   -1.486127e+00 -9.383039e+00 1.500000e+00
    endloop
  endfacet
  facet normal 1.798813e-01 9.836883e-01 3.095068e-04
    outer loop
      vertex   -1.486127e+00 -9.383039e+00 1.500000e+00
      vertex   -1.691948e+00 -9.348151e+00 1.023743e+01
      vertex   -1.667722e+00 -9.352529e+00 1.007268e+01
    endloop
  endfacet
  facet normal 1.734782e-01 9.848377e-01 1.697795e-04
    outer loop
      vertex   -1.486127e+00 -9.383039e+00 1.500000e+00
      vertex   -1.667722e+00 -9.352529e+00 1.007268e+01
      vertex   -1.627219e+00 -9.359636e+00 9.908790e+00
    endloop
  endfacet
  facet normal 1.953540e-01 9.807326e-01 6.628282e-04
    outer loop
      vertex   -1.700000e+00 -9.346657e+00 1.040000e+01
      vertex   -1.691948e+00 -9.348151e+00 1.023743e+01
      vertex   -2.217731e+00 -9.237514e+00 1.500000e+00
    endloop
  endfacet
  facet normal 1.679357e-01 9.857979e-01 7.410988e-05
    outer loop
      vertex   -1.627219e+00 -9.359636e+00 9.908790e+00
      vertex   -1.570335e+00 -9.369314e+00 9.748810e+00
      vertex   -1.486127e+00 -9.383039e+00 1.500000e+00
    endloop
  endfacet
  facet normal 1.612690e-01 9.869105e-01 4.202152e-06
    outer loop
      vertex   -1.486127e+00 -9.383039e+00 1.500000e+00
      vertex   -1.570335e+00 -9.369314e+00 9.748810e+00
      vertex   -1.497362e+00 -9.381238e+00 9.595605e+00
    endloop
  endfacet
  facet normal 1.528427e-01 9.882505e-01 -7.789443e-06
    outer loop
      vertex   -1.486127e+00 -9.383039e+00 1.500000e+00
      vertex   -1.497362e+00 -9.381238e+00 9.595605e+00
      vertex   -1.410164e+00 -9.394725e+00 9.451371e+00
    endloop
  endfacet
  facet normal 1.434425e-01 9.896586e-01 8.408411e-05
    outer loop
      vertex   -1.410164e+00 -9.394725e+00 9.451371e+00
      vertex   -1.310992e+00 -9.409088e+00 9.318136e+00
      vertex   -1.486127e+00 -9.383039e+00 1.500000e+00
    endloop
  endfacet
  facet normal 1.327989e-01 9.911429e-01 3.274596e-04
    outer loop
      vertex   -1.486127e+00 -9.383039e+00 1.500000e+00
      vertex   -1.310992e+00 -9.409088e+00 9.318136e+00
      vertex   -1.202098e+00 -9.423638e+00 9.197935e+00
    endloop
  endfacet
  facet normal 1.206709e-01 9.926923e-01 7.831155e-04
    outer loop
      vertex   -1.486127e+00 -9.383039e+00 1.500000e+00
      vertex   -1.202098e+00 -9.423638e+00 9.197935e+00
      vertex   -1.081898e+00 -9.438164e+00 9.089036e+00
    endloop
  endfacet
  facet normal 7.680800e-02 9.970459e-01 -4.266565e-05
    outer loop
      vertex   -8.044228e-01 -9.465848e+00 8.902654e+00
      vertex   -6.512119e-01 -9.477654e+00 8.829674e+00
      vertex   -7.453614e-01 -9.470715e+00 1.500000e+00
    endloop
  endfacet
  facet normal 5.971301e-02 9.982156e-01 1.780265e-04
    outer loop
      vertex   -7.453614e-01 -9.470715e+00 1.500000e+00
      vertex   -6.512119e-01 -9.477654e+00 8.829674e+00
      vertex   -4.912238e-01 -9.487214e+00 8.772785e+00
    endloop
  endfacet
  facet normal 4.290421e-02 9.990789e-01 7.673458e-04
    outer loop
      vertex   -7.453614e-01 -9.470715e+00 1.500000e+00
      vertex   -4.912238e-01 -9.487214e+00 8.772785e+00
      vertex   -3.273283e-01 -9.494221e+00 8.732279e+00
    endloop
  endfacet
  facet normal -9.033632e-03 9.999592e-01 4.921746e-16
    outer loop
      vertex   -4.047688e-16 -9.500000e+00 8.700000e+00
      vertex   1.625717e-01 -9.498531e+00 8.708052e+00
      vertex   5.817072e-16 -9.500000e+00 1.500000e+00
    endloop
  endfacet
  facet normal -2.620757e-02 9.996564e-01 3.874058e-04
    outer loop
      vertex   5.817072e-16 -9.500000e+00 1.500000e+00
      vertex   1.625717e-01 -9.498531e+00 8.708052e+00
      vertex   3.273283e-01 -9.494221e+00 8.732279e+00
    endloop
  endfacet
  facet normal -7.680800e-02 9.970459e-01 -4.266565e-05
    outer loop
      vertex   6.512119e-01 -9.477654e+00 8.829674e+00
      vertex   8.044228e-01 -9.465848e+00 8.902654e+00
      vertex   7.453614e-01 -9.470715e+00 1.500000e+00
    endloop
  endfacet
  facet normal -9.247601e-02 9.957149e-01 8.321507e-05
    outer loop
      vertex   7.453614e-01 -9.470715e+00 1.500000e+00
      vertex   8.044228e-01 -9.465848e+00 8.902654e+00
      vertex   9.486622e-01 -9.452459e+00 8.989859e+00
    endloop
  endfacet
  facet normal -1.070361e-01 9.942550e-01 4.819855e-04
    outer loop
      vertex   7.453614e-01 -9.470715e+00 1.500000e+00
      vertex   9.486622e-01 -9.452459e+00 8.989859e+00
      vertex   1.081898e+00 -9.438164e+00 9.089036e+00
    endloop
  endfacet
  facet normal -1.434425e-01 9.896586e-01 8.408411e-05
    outer loop
      vertex   1.310992e+00 -9.409088e+00 9.318136e+00
      vertex   1.410164e+00 -9.394725e+00 9.451371e+00
      vertex   1.486127e+00 -9.383039e+00 1.500000e+00
    endloop
  endfacet
  facet normal -1.528427e-01 9.882505e-01 -7.789443e-06
    outer loop
      vertex   1.486127e+00 -9.383039e+00 1.500000e+00
      vertex   1.410164e+00 -9.394725e+00 9.451371e+00
      vertex   1.497362e+00 -9.381238e+00 9.595605e+00
    endloop
  endfacet
  facet normal -1.612690e-01 9.869105e-01 4.202152e-06
    outer loop
      vertex   1.486127e+00 -9.383039e+00 1.500000e+00
      vertex   1.497362e+00 -9.381238e+00 9.595605e+00
      vertex   1.570335e+00 -9.369314e+00 9.748810e+00
    endloop
  endfacet
  facet normal -1.679357e-01 9.857979e-01 7.410988e-05
    outer loop
      vertex   1.570335e+00 -9.369314e+00 9.748810e+00
      vertex   1.627219e+00 -9.359636e+00 9.908790e+00
      vertex   1.486127e+00 -9.383039e+00 1.500000e+00
    endloop
  endfacet
  facet normal -1.734782e-01 9.848377e-01 1.697795e-04
    outer loop
      vertex   1.486127e+00 -9.383039e+00 1.500000e+00
      vertex   1.627219e+00 -9.359636e+00 9.908790e+00
      vertex   1.667722e+00 -9.352529e+00 1.007268e+01
    endloop
  endfacet
  facet normal -1.798813e-01 9.836883e-01 3.095068e-04
    outer loop
      vertex   1.486127e+00 -9.383039e+00 1.500000e+00
      vertex   1.667722e+00 -9.352529e+00 1.007268e+01
      vertex   1.691948e+00 -9.348151e+00 1.023743e+01
    endloop
  endfacet
  facet normal -1.962041e-01 9.805628e-01 7.064891e-04
    outer loop
      vertex   1.691948e+00 -9.348151e+00 1.023743e+01
      vertex   1.700000e+00 -9.346657e+00 1.040000e+01
      vertex   1.486127e+00 -9.383039e+00 1.500000e+00
    endloop
  endfacet
  facet normal 9.954719e-01 0.000000e+00 -9.505604e-02
    outer loop
      vertex   1.832891e+01 1.500000e+00 1.230280e+01
      vertex   1.832891e+01 -1.500000e+00 1.230280e+01
      vertex   1.830000e+01 1.500000e+00 1.200000e+01
    endloop
  endfacet
  facet normal 9.954719e-01 0.000000e+00 -9.505604e-02
    outer loop
      vertex   1.830000e+01 1.500000e+00 1.200000e+01
      vertex   1.832891e+01 -1.500000e+00 1.230280e+01
      vertex   1.830000e+01 -1.500000e+00 1.200000e+01
    endloop
  endfacet
  facet normal 9.954719e-01 0.000000e+00 9.505604e-02
    outer loop
      vertex   1.830000e+01 1.500000e+00 1.200000e+01
      vertex   1.830000e+01 -1.500000e+00 1.200000e+01
      vertex   1.832891e+01 1.500000e+00 1.169720e+01
    endloop
  endfacet
  facet normal 9.954719e-01 0.000000e+00 9.505604e-02
    outer loop
      vertex   1.832891e+01 1.500000e+00 1.169720e+01
      vertex   1.830000e+01 -1.500000e+00 1.200000e+01
      vertex   1.832891e+01 -1.500000e+00 1.169720e+01
    endloop
  endfacet
  facet normal 9.594930e-01 0.000000e+00 2.817326e-01
    outer loop
      vertex   1.832891e+01 1.500000e+00 1.169720e+01
      vertex   1.832891e+01 -1.500000e+00 1.169720e+01
      vertex   1.841461e+01 1.500000e+00 1.140534e+01
    endloop
  endfacet
  facet normal 9.594930e-01 0.000000e+00 2.817326e-01
    outer loop
      vertex   1.841461e+01 1.500000e+00 1.140534e+01
      vertex   1.832891e+01 -1.500000e+00 1.169720e+01
      vertex   1.841461e+01 -1.500000e+00 1.140534e+01
    endloop
  endfacet
  facet normal 8.888354e-01 0.000000e+00 4.582265e-01
    outer loop
      vertex   1.841461e+01 1.500000e+00 1.140534e+01
      vertex   1.841461e+01 -1.500000e+00 1.140534e+01
      vertex   1.855399e+01 1.500000e+00 1.113497e+01
    endloop
  endfacet
  facet normal 8.888354e-01 0.000000e+00 4.582265e-01
    outer loop
      vertex   1.855399e+01 1.500000e+00 1.113497e+01
      vertex   1.841461e+01 -1.500000e+00 1.140534e+01
      vertex   1.855399e+01 -1.500000e+00 1.113497e+01
    endloop
  endfacet
  facet normal 7.860531e-01 0.000000e+00 6.181590e-01
    outer loop
      vertex   1.855399e+01 1.500000e+00 1.113497e+01
      vertex   1.855399e+01 -1.500000e+00 1.113497e+01
      vertex   1.874203e+01 1.500000e+00 1.089587e+01
    endloop
  endfacet
  facet normal 7.860531e-01 0.000000e+00 6.181590e-01
    outer loop
      vertex   1.874203e+01 1.500000e+00 1.089587e+01
      vertex   1.855399e+01 -1.500000e+00 1.113497e+01
      vertex   1.874203e+01 -1.500000e+00 1.089587e+01
    endloop
  endfacet
  facet normal 6.548607e-01 0.000000e+00 7.557496e-01
    outer loop
      vertex   1.874203e+01 1.500000e+00 1.089587e+01
      vertex   1.874203e+01 -1.500000e+00 1.089587e+01
      vertex   1.897191e+01 1.500000e+00 1.069668e+01
    endloop
  endfacet
  facet normal 6.548607e-01 0.000000e+00 7.557496e-01
    outer loop
      vertex   1.897191e+01 1.500000e+00 1.069668e+01
      vertex   1.874203e+01 -1.500000e+00 1.089587e+01
      vertex   1.897191e+01 -1.500000e+00 1.069668e+01
    endloop
  endfacet
  facet normal 5.000000e-01 0.000000e+00 8.660254e-01
    outer loop
      vertex   1.897191e+01 1.500000e+00 1.069668e+01
      vertex   1.897191e+01 -1.500000e+00 1.069668e+01
      vertex   1.923534e+01 1.500000e+00 1.054459e+01
    endloop
  endfacet
  facet normal 5.000000e-01 0.000000e+00 8.660254e-01
    outer loop
      vertex   1.923534e+01 1.500000e+00 1.054459e+01
      vertex   1.897191e+01 -1.500000e+00 1.069668e+01
      vertex   1.923534e+01 -1.500000e+00 1.054459e+01
    endloop
  endfacet
  facet normal 3.270680e-01 0.000000e+00 9.450008e-01
    outer loop
      vertex   1.923534e+01 1.500000e+00 1.054459e+01
      vertex   1.923534e+01 -1.500000e+00 1.054459e+01
      vertex   1.952279e+01 1.500000e+00 1.044510e+01
    endloop
  endfacet
  facet normal 3.270680e-01 3.873263e-16 9.450008e-01
    outer loop
      vertex   1.952279e+01 1.500000e+00 1.044510e+01
      vertex   1.923534e+01 -1.500000e+00 1.054459e+01
      vertex   1.952279e+01 -1.500000e+00 1.044510e+01
    endloop
  endfacet
  facet normal 1.423148e-01 1.685346e-16 9.898214e-01
    outer loop
      vertex   1.952279e+01 1.500000e+00 1.044510e+01
      vertex   1.952279e+01 -1.500000e+00 1.044510e+01
      vertex   1.982387e+01 1.500000e+00 1.040181e+01
    endloop
  endfacet
  facet normal 1.423148e-01 0.000000e+00 9.898214e-01
    outer loop
      vertex   1.982387e+01 1.500000e+00 1.040181e+01
      vertex   1.952279e+01 -1.500000e+00 1.044510e+01
      vertex   1.982387e+01 -1.500000e+00 1.040181e+01
    endloop
  endfacet
  facet normal -4.758192e-02 0.000000e+00 9.988673e-01
    outer loop
      vertex   1.982387e+01 1.500000e+00 1.040181e+01
      vertex   1.982387e+01 -1.500000e+00 1.040181e+01
      vertex   2.012770e+01 1.500000e+00 1.041629e+01
    endloop
  endfacet
  facet normal -4.758192e-02 0.000000e+00 9.988673e-01
    outer loop
      vertex   2.012770e+01 1.500000e+00 1.041629e+01
      vertex   1.982387e+01 -1.500000e+00 1.040181e+01
      vertex   2.012770e+01 -1.500000e+00 1.041629e+01
    endloop
  endfacet
  facet normal -2.357589e-01 0.000000e+00 9.718116e-01
    outer loop
      vertex   2.012770e+01 1.500000e+00 1.041629e+01
      vertex   2.012770e+01 -1.500000e+00 1.041629e+01
      vertex   2.042331e+01 1.500000e+00 1.048800e+01
    endloop
  endfacet
  facet normal -2.357589e-01 -2.791947e-16 9.718116e-01
    outer loop
      vertex   2.042331e+01 1.500000e+00 1.048800e+01
      vertex   2.012770e+01 -1.500000e+00 1.041629e+01
      vertex   2.042331e+01 -1.500000e+00 1.048800e+01
    endloop
  endfacet
  facet normal -4.154150e-01 -4.919502e-16 9.096320e-01
    outer loop
      vertex   2.042331e+01 1.500000e+00 1.048800e+01
      vertex   2.042331e+01 -1.500000e+00 1.048800e+01
      vertex   2.070000e+01 1.500000e+00 1.061436e+01
    endloop
  endfacet
  facet normal -4.154150e-01 5.386103e-16 9.096320e-01
    outer loop
      vertex   2.070000e+01 1.500000e+00 1.061436e+01
      vertex   2.042331e+01 -1.500000e+00 1.048800e+01
      vertex   2.070000e+01 -1.500000e+00 1.061436e+01
    endloop
  endfacet
  facet normal -5.800569e-01 4.823259e-16 8.145760e-01
    outer loop
      vertex   2.070000e+01 1.500000e+00 1.061436e+01
      vertex   2.070000e+01 -1.500000e+00 1.061436e+01
      vertex   2.094778e+01 1.500000e+00 1.079080e+01
    endloop
  endfacet
  facet normal -5.800569e-01 0.000000e+00 8.145760e-01
    outer loop
      vertex   2.094778e+01 1.500000e+00 1.079080e+01
      vertex   2.070000e+01 -1.500000e+00 1.061436e+01
      vertex   2.094778e+01 -1.500000e+00 1.079080e+01
    endloop
  endfacet
  facet normal -7.237340e-01 0.000000e+00 6.900790e-01
    outer loop
      vertex   2.094778e+01 1.500000e+00 1.079080e+01
      vertex   2.094778e+01 -1.500000e+00 1.079080e+01
      vertex   2.115768e+01 1.500000e+00 1.101095e+01
    endloop
  endfacet
  facet normal -7.237340e-01 0.000000e+00 6.900790e-01
    outer loop
      vertex   2.115768e+01 1.500000e+00 1.101095e+01
      vertex   2.094778e+01 -1.500000e+00 1.079080e+01
      vertex   2.115768e+01 -1.500000e+00 1.101095e+01
    endloop
  endfacet
  facet normal -8.412535e-01 0.000000e+00 5.406408e-01
    outer loop
      vertex   2.115768e+01 1.500000e+00 1.101095e+01
      vertex   2.115768e+01 -1.500000e+00 1.101095e+01
      vertex   2.132214e+01 1.500000e+00 1.126684e+01
    endloop
  endfacet
  facet normal -8.412535e-01 0.000000e+00 5.406408e-01
    outer loop
      vertex   2.132214e+01 1.500000e+00 1.126684e+01
      vertex   2.115768e+01 -1.500000e+00 1.101095e+01
      vertex   2.132214e+01 -1.500000e+00 1.126684e+01
    endloop
  endfacet
  facet normal -9.283679e-01 0.000000e+00 3.716625e-01
    outer loop
      vertex   2.132214e+01 1.500000e+00 1.126684e+01
      vertex   2.132214e+01 -1.500000e+00 1.126684e+01
      vertex   2.143519e+01 1.500000e+00 1.154923e+01
    endloop
  endfacet
  facet normal -9.283679e-01 0.000000e+00 3.716625e-01
    outer loop
      vertex   2.143519e+01 1.500000e+00 1.154923e+01
      vertex   2.132214e+01 -1.500000e+00 1.126684e+01
      vertex   2.143519e+01 -1.500000e+00 1.154923e+01
    endloop
  endfacet
  facet normal -9.819287e-01 0.000000e+00 1.892512e-01
    outer loop
      vertex   2.143519e+01 1.500000e+00 1.154923e+01
      vertex   2.143519e+01 -1.500000e+00 1.154923e+01
      vertex   2.149276e+01 1.500000e+00 1.184791e+01
    endloop
  endfacet
  facet normal -9.819287e-01 0.000000e+00 1.892512e-01
    outer loop
      vertex   2.149276e+01 1.500000e+00 1.184791e+01
      vertex   2.143519e+01 -1.500000e+00 1.154923e+01
      vertex   2.149276e+01 -1.500000e+00 1.184791e+01
    endloop
  endfacet
  facet normal -1.000000e+00 0.000000e+00 0.000000e+00
    outer loop
      vertex   2.149276e+01 1.500000e+00 1.184791e+01
      vertex   2.149276e+01 -1.500000e+00 1.184791e+01
      vertex   2.149276e+01 1.500000e+00 1.215209e+01
    endloop
  endfacet
  facet normal -1.000000e+00 -0.000000e+00 0.000000e+00
    outer loop
      vertex   2.149276e+01 1.500000e+00 1.215209e+01
      vertex   2.149276e+01 -1.500000e+00 1.184791e+01
      vertex   2.149276e+01 -1.500000e+00 1.215209e+01
    endloop
  endfacet
  facet normal -9.819287e-01 -0.000000e+00 -1.892512e-01
    outer loop
      vertex   2.149276e+01 1.500000e+00 1.215209e+01
      vertex   2.149276e+01 -1.500000e+00 1.215209e+01
      vertex   2.143519e+01 1.500000e+00 1.245077e+01
    endloop
  endfacet
  facet normal -9.819287e-01 -0.000000e+00 -1.892512e-01
    outer loop
      vertex   2.143519e+01 1.500000e+00 1.245077e+01
      vertex   2.149276e+01 -1.500000e+00 1.215209e+01
      vertex   2.143519e+01 -1.500000e+00 1.245077e+01
    endloop
  endfacet
  facet normal -9.283679e-01 -0.000000e+00 -3.716625e-01
    outer loop
      vertex   2.143519e+01 1.500000e+00 1.245077e+01
      vertex   2.143519e+01 -1.500000e+00 1.245077e+01
      vertex   2.132214e+01 1.500000e+00 1.273316e+01
    endloop
  endfacet
  facet normal -9.283679e-01 -0.000000e+00 -3.716625e-01
    outer loop
      vertex   2.132214e+01 1.500000e+00 1.273316e+01
      vertex   2.143519e+01 -1.500000e+00 1.245077e+01
      vertex   2.132214e+01 -1.500000e+00 1.273316e+01
    endloop
  endfacet
  facet normal -8.412535e-01 -0.000000e+00 -5.406408e-01
    outer loop
      vertex   2.132214e+01 1.500000e+00 1.273316e+01
      vertex   2.132214e+01 -1.500000e+00 1.273316e+01
      vertex   2.115768e+01 1.500000e+00 1.298905e+01
    endloop
  endfacet
  facet normal -8.412535e-01 -0.000000e+00 -5.406408e-01
    outer loop
      vertex   2.115768e+01 1.500000e+00 1.298905e+01
      vertex   2.132214e+01 -1.500000e+00 1.273316e+01
      vertex   2.115768e+01 -1.500000e+00 1.298905e+01
    endloop
  endfacet
  facet normal -7.237340e-01 -0.000000e+00 -6.900790e-01
    outer loop
      vertex   2.115768e+01 1.500000e+00 1.298905e+01
      vertex   2.115768e+01 -1.500000e+00 1.298905e+01
      vertex   2.094778e+01 1.500000e+00 1.320920e+01
    endloop
  endfacet
  facet normal -7.237340e-01 -0.000000e+00 -6.900790e-01
    outer loop
      vertex   2.094778e+01 1.500000e+00 1.320920e+01
      vertex   2.115768e+01 -1.500000e+00 1.298905e+01
      vertex   2.094778e+01 -1.500000e+00 1.320920e+01
    endloop
  endfacet
  facet normal -5.800569e-01 -0.000000e+00 -8.145760e-01
    outer loop
      vertex   2.094778e+01 1.500000e+00 1.320920e+01
      vertex   2.094778e+01 -1.500000e+00 1.320920e+01
      vertex   2.070000e+01 1.500000e+00 1.338564e+01
    endloop
  endfacet
  facet normal -5.800569e-01 -4.823259e-16 -8.145760e-01
    outer loop
      vertex   2.070000e+01 1.500000e+00 1.338564e+01
      vertex   2.094778e+01 -1.500000e+00 1.320920e+01
      vertex   2.070000e+01 -1.500000e+00 1.338564e+01
    endloop
  endfacet
  facet normal -4.154150e-01 -5.386103e-16 -9.096320e-01
    outer loop
      vertex   2.070000e+01 1.500000e+00 1.338564e+01
      vertex   2.070000e+01 -1.500000e+00 1.338564e+01
      vertex   2.042331e+01 1.500000e+00 1.351200e+01
    endloop
  endfacet
  facet normal -4.154150e-01 4.919502e-16 -9.096320e-01
    outer loop
      vertex   2.042331e+01 1.500000e+00 1.351200e+01
      vertex   2.070000e+01 -1.500000e+00 1.338564e+01
      vertex   2.042331e+01 -1.500000e+00 1.351200e+01
    endloop
  endfacet
  facet normal -2.357589e-01 2.791947e-16 -9.718116e-01
    outer loop
      vertex   2.042331e+01 1.500000e+00 1.351200e+01
      vertex   2.042331e+01 -1.500000e+00 1.351200e+01
      vertex   2.012770e+01 1.500000e+00 1.358371e+01
    endloop
  endfacet
  facet normal -2.357589e-01 -0.000000e+00 -9.718116e-01
    outer loop
      vertex   2.012770e+01 1.500000e+00 1.358371e+01
      vertex   2.042331e+01 -1.500000e+00 1.351200e+01
      vertex   2.012770e+01 -1.500000e+00 1.358371e+01
    endloop
  endfacet
  facet normal -4.758192e-02 -0.000000e+00 -9.988673e-01
    outer loop
      vertex   2.012770e+01 1.500000e+00 1.358371e+01
      vertex   2.012770e+01 -1.500000e+00 1.358371e+01
      vertex   1.982387e+01 1.500000e+00 1.359819e+01
    endloop
  endfacet
  facet normal -4.758192e-02 -0.000000e+00 -9.988673e-01
    outer loop
      vertex   1.982387e+01 1.500000e+00 1.359819e+01
      vertex   2.012770e+01 -1.500000e+00 1.358371e+01
      vertex   1.982387e+01 -1.500000e+00 1.359819e+01
    endloop
  endfacet
  facet normal 1.423148e-01 0.000000e+00 -9.898214e-01
    outer loop
      vertex   1.982387e+01 1.500000e+00 1.359819e+01
      vertex   1.982387e+01 -1.500000e+00 1.359819e+01
      vertex   1.952279e+01 1.500000e+00 1.355490e+01
    endloop
  endfacet
  facet normal 1.423148e-01 -1.685346e-16 -9.898214e-01
    outer loop
      vertex   1.952279e+01 1.500000e+00 1.355490e+01
      vertex   1.982387e+01 -1.500000e+00 1.359819e+01
      vertex   1.952279e+01 -1.500000e+00 1.355490e+01
    endloop
  endfacet
  facet normal 3.270680e-01 -3.873263e-16 -9.450008e-01
    outer loop
      vertex   1.952279e+01 1.500000e+00 1.355490e+01
      vertex   1.952279e+01 -1.500000e+00 1.355490e+01
      vertex   1.923534e+01 1.500000e+00 1.345541e+01
    endloop
  endfacet
  facet normal 3.270680e-01 0.000000e+00 -9.450008e-01
    outer loop
      vertex   1.923534e+01 1.500000e+00 1.345541e+01
      vertex   1.952279e+01 -1.500000e+00 1.355490e+01
      vertex   1.923534e+01 -1.500000e+00 1.345541e+01
    endloop
  endfacet
  facet normal 5.000000e-01 0.000000e+00 -8.660254e-01
    outer loop
      vertex   1.923534e+01 1.500000e+00 1.345541e+01
      vertex   1.923534e+01 -1.500000e+00 1.345541e+01
      vertex   1.897191e+01 1.500000e+00 1.330332e+01
    endloop
  endfacet
  facet normal 5.000000e-01 0.000000e+00 -8.660254e-01
    outer loop
      vertex   1.897191e+01 1.500000e+00 1.330332e+01
      vertex   1.923534e+01 -1.500000e+00 1.345541e+01
      vertex   1.897191e+01 -1.500000e+00 1.330332e+01
    endloop
  endfacet
  facet normal 6.548607e-01 0.000000e+00 -7.557496e-01
    outer loop
      vertex   1.897191e+01 1.500000e+00 1.330332e+01
      vertex   1.897191e+01 -1.500000e+00 1.330332e+01
      vertex   1.874203e+01 1.500000e+00 1.310413e+01
    endloop
  endfacet
  facet normal 6.548607e-01 0.000000e+00 -7.557496e-01
    outer loop
      vertex   1.874203e+01 1.500000e+00 1.310413e+01
      vertex   1.897191e+01 -1.500000e+00 1.330332e+01
      vertex   1.874203e+01 -1.500000e+00 1.310413e+01
    endloop
  endfacet
  facet normal 7.860531e-01 0.000000e+00 -6.181590e-01
    outer loop
      vertex   1.874203e+01 1.500000e+00 1.310413e+01
      vertex   1.874203e+01 -1.500000e+00 1.310413e+01
      vertex   1.855399e+01 1.500000e+00 1.286503e+01
    endloop
  endfacet
  facet normal 7.860531e-01 0.000000e+00 -6.181590e-01
    outer loop
      vertex   1.855399e+01 1.500000e+00 1.286503e+01
      vertex   1.874203e+01 -1.500000e+00 1.310413e+01
      vertex   1.855399e+01 -1.500000e+00 1.286503e+01
    endloop
  endfacet
  facet normal 8.888354e-01 0.000000e+00 -4.582265e-01
    outer loop
      vertex   1.855399e+01 1.500000e+00 1.286503e+01
      vertex   1.855399e+01 -1.500000e+00 1.286503e+01
      vertex   1.841461e+01 1.500000e+00 1.259466e+01
    endloop
  endfacet
  facet normal 8.888354e-01 0.000000e+00 -4.582265e-01
    outer loop
      vertex   1.841461e+01 1.500000e+00 1.259466e+01
      vertex   1.855399e+01 -1.500000e+00 1.286503e+01
      vertex   1.841461e+01 -1.500000e+00 1.259466e+01
    endloop
  endfacet
  facet normal 9.594930e-01 0.000000e+00 -2.817326e-01
    outer loop
      vertex   1.841461e+01 1.500000e+00 1.259466e+01
      vertex   1.841461e+01 -1.500000e+00 1.259466e+01
      vertex   1.832891e+01 1.500000e+00 1.230280e+01
    endloop
  endfacet
  facet normal 9.594930e-01 0.000000e+00 -2.817326e-01
    outer loop
      vertex   1.832891e+01 1.500000e+00 1.230280e+01
      vertex   1.841461e+01 -1.500000e+00 1.259466e+01
      vertex   1.832891e+01 -1.500000e+00 1.230280e+01
    endloop
  endfacet
  facet normal 5.692894e-01 4.244203e-02 -8.210409e-01
    outer loop
      vertex   1.419618e+01 1.500000e+00 5.559634e+00
      vertex   1.412903e+01 1.030707e+00 5.488818e+00
      vertex   1.378405e+01 1.500000e+00 5.273873e+00
    endloop
  endfacet
  facet normal 5.921788e-01 6.754485e-02 -8.029707e-01
    outer loop
      vertex   1.378405e+01 1.500000e+00 5.273873e+00
      vertex   1.412903e+01 1.030707e+00 5.488818e+00
      vertex   1.365735e+01 9.962974e-01 5.138063e+00
    endloop
  endfacet
  facet normal 6.238499e-01 5.331047e-02 -7.797238e-01
    outer loop
      vertex   1.378405e+01 1.500000e+00 5.273873e+00
      vertex   1.365735e+01 9.962974e-01 5.138063e+00
      vertex   1.352429e+01 1.511252e+00 5.066808e+00
    endloop
  endfacet
  facet normal 6.680745e-01 7.012637e-02 -7.407825e-01
    outer loop
      vertex   1.352429e+01 1.511252e+00 5.066808e+00
      vertex   1.365735e+01 9.962974e-01 5.138063e+00
      vertex   1.322222e+01 9.645553e-01 4.742641e+00
    endloop
  endfacet
  facet normal 6.647161e-01 7.357239e-02 -7.434646e-01
    outer loop
      vertex   1.352429e+01 1.511252e+00 5.066808e+00
      vertex   1.322222e+01 9.645553e-01 4.742641e+00
      vertex   1.327599e+01 1.543329e+00 4.847990e+00
    endloop
  endfacet
  facet normal 7.023785e-01 6.378914e-02 -7.089396e-01
    outer loop
      vertex   1.327599e+01 1.543329e+00 4.847990e+00
      vertex   1.322222e+01 9.645553e-01 4.742641e+00
      vertex   1.303879e+01 1.594021e+00 4.617546e+00
    endloop
  endfacet
  facet normal 7.367111e-01 8.127294e-02 -6.713058e-01
    outer loop
      vertex   1.303879e+01 1.594021e+00 4.617546e+00
      vertex   1.322222e+01 9.645553e-01 4.742641e+00
      vertex   1.282785e+01 9.357859e-01 4.306360e+00
    endloop
  endfacet
  facet normal 7.471715e-01 7.287103e-02 -6.606244e-01
    outer loop
      vertex   1.303879e+01 1.594021e+00 4.617546e+00
      vertex   1.282785e+01 9.357859e-01 4.306360e+00
      vertex   1.276693e+01 1.560452e+00 4.306360e+00
    endloop
  endfacet
  facet normal 7.994990e-01 7.797449e-02 -5.955849e-01
    outer loop
      vertex   1.276693e+01 1.560452e+00 4.306360e+00
      vertex   1.282785e+01 9.357859e-01 4.306360e+00
      vertex   1.247802e+01 9.102663e-01 3.833421e+00
    endloop
  endfacet
  facet normal 7.995095e-01 7.796080e-02 -5.955725e-01
    outer loop
      vertex   1.276693e+01 1.560452e+00 4.306360e+00
      vertex   1.247802e+01 9.102663e-01 3.833421e+00
      vertex   1.241882e+01 1.517444e+00 3.833421e+00
    endloop
  endfacet
  facet normal 8.537467e-01 8.324951e-02 -5.139903e-01
    outer loop
      vertex   1.241882e+01 1.517444e+00 3.833421e+00
      vertex   1.247802e+01 9.102663e-01 3.833421e+00
      vertex   1.217612e+01 8.882422e-01 3.328380e+00
    endloop
  endfacet
  facet normal 8.537564e-01 8.323475e-02 -5.139766e-01
    outer loop
      vertex   1.241882e+01 1.517444e+00 3.833421e+00
      vertex   1.217612e+01 8.882422e-01 3.328380e+00
      vertex   1.211840e+01 1.480288e+00 3.328380e+00
    endloop
  endfacet
  facet normal 8.997724e-01 8.772095e-02 -4.274514e-01
    outer loop
      vertex   1.211840e+01 1.480288e+00 3.328380e+00
      vertex   1.217612e+01 8.882422e-01 3.328380e+00
      vertex   1.192503e+01 8.699259e-01 2.796101e+00
    endloop
  endfacet
  facet normal 8.997810e-01 8.770523e-02 -4.274365e-01
    outer loop
      vertex   1.211840e+01 1.480288e+00 3.328380e+00
      vertex   1.192503e+01 8.699259e-01 2.796101e+00
      vertex   1.186856e+01 1.449330e+00 2.796101e+00
    endloop
  endfacet
  facet normal 9.371343e-01 9.134620e-02 -3.368013e-01
    outer loop
      vertex   1.186856e+01 1.449330e+00 2.796101e+00
      vertex   1.192503e+01 8.699259e-01 2.796101e+00
      vertex   1.172720e+01 8.554936e-01 2.241708e+00
    endloop
  endfacet
  facet normal 9.371416e-01 9.132966e-02 -3.367855e-01
    outer loop
      vertex   1.186856e+01 1.449330e+00 2.796101e+00
      vertex   1.172720e+01 8.554936e-01 2.241708e+00
      vertex   1.167171e+01 1.424860e+00 2.241708e+00
    endloop
  endfacet
  facet normal 9.654742e-01 9.409083e-02 -2.429125e-01
    outer loop
      vertex   1.167171e+01 1.424860e+00 2.241708e+00
      vertex   1.172720e+01 8.554936e-01 2.241708e+00
      vertex   1.158450e+01 8.450844e-01 1.670542e+00
    endloop
  endfacet
  facet normal 9.654800e-01 9.407363e-02 -2.428960e-01
    outer loop
      vertex   1.167171e+01 1.424860e+00 2.241708e+00
      vertex   1.158450e+01 8.450844e-01 1.670542e+00
      vertex   1.152974e+01 1.407102e+00 1.670542e+00
    endloop
  endfacet
  facet normal 9.845203e-01 9.592886e-02 -1.466881e-01
    outer loop
      vertex   1.152974e+01 1.407102e+00 1.670542e+00
      vertex   1.158450e+01 8.450844e-01 1.670542e+00
      vertex   1.149834e+01 8.387985e-01 1.088103e+00
    endloop
  endfacet
  facet normal 9.845246e-01 9.591115e-02 -1.466710e-01
    outer loop
      vertex   1.152974e+01 1.407102e+00 1.670542e+00
      vertex   1.149834e+01 8.387985e-01 1.088103e+00
      vertex   1.144403e+01 1.396219e+00 1.088103e+00
    endloop
  endfacet
  facet normal 9.943271e-01 9.686610e-02 -4.393794e-02
    outer loop
      vertex   1.144403e+01 1.396219e+00 1.088103e+00
      vertex   1.149834e+01 8.387985e-01 1.088103e+00
      vertex   1.143644e+01 1.207401e+00 5.000000e-01
    endloop
  endfacet
  facet normal 9.885393e-01 1.395559e-01 -5.756928e-02
    outer loop
      vertex   1.144403e+01 1.396219e+00 1.088103e+00
      vertex   1.143644e+01 1.207401e+00 5.000000e-01
      vertex   1.132374e+01 2.005740e+00 5.000000e-01
    endloop
  endfacet
  facet normal 5.112729e-01 5.625589e-02 -8.575753e-01
    outer loop
      vertex   1.412903e+01 1.030707e+00 5.488818e+00
      vertex   1.419618e+01 1.500000e+00 5.559634e+00
      vertex   1.463274e+01 1.067452e+00 5.791528e+00
    endloop
  endfacet
  facet normal 4.991264e-01 3.968391e-02 -8.656200e-01
    outer loop
      vertex   1.463274e+01 1.067452e+00 5.791528e+00
      vertex   1.419618e+01 1.500000e+00 5.559634e+00
      vertex   1.462743e+01 1.500000e+00 5.808297e+00
    endloop
  endfacet
  facet normal 4.290372e-01 4.024918e-02 -9.023897e-01
    outer loop
      vertex   1.463274e+01 1.067452e+00 5.791528e+00
      vertex   1.462743e+01 1.500000e+00 5.808297e+00
      vertex   1.506081e+01 1.500000e+00 6.014347e+00
    endloop
  endfacet
  facet normal 4.253957e-01 4.463413e-02 -9.039061e-01
    outer loop
      vertex   1.463274e+01 1.067452e+00 5.791528e+00
      vertex   1.506081e+01 1.500000e+00 6.014347e+00
      vertex   1.516361e+01 1.106178e+00 6.043277e+00
    endloop
  endfacet
  facet normal 3.555416e-01 2.416460e-02 -9.343480e-01
    outer loop
      vertex   1.516361e+01 1.106178e+00 6.043277e+00
      vertex   1.506081e+01 1.500000e+00 6.014347e+00
      vertex   1.550216e+01 1.500000e+00 6.182291e+00
    endloop
  endfacet
  facet normal 3.344495e-01 4.476833e-02 -9.413497e-01
    outer loop
      vertex   1.516361e+01 1.106178e+00 6.043277e+00
      vertex   1.550216e+01 1.500000e+00 6.182291e+00
      vertex   1.571653e+01 1.146514e+00 6.241642e+00
    endloop
  endfacet
  facet normal 2.809019e-01 9.215493e-03 -9.596923e-01
    outer loop
      vertex   1.571653e+01 1.146514e+00 6.241642e+00
      vertex   1.550216e+01 1.500000e+00 6.182291e+00
      vertex   1.597613e+01 1.500000e+00 6.321020e+00
    endloop
  endfacet
  facet normal 2.405601e-01 4.110365e-02 -9.697635e-01
    outer loop
      vertex   1.571653e+01 1.146514e+00 6.241642e+00
      vertex   1.597613e+01 1.500000e+00 6.321020e+00
      vertex   1.628618e+01 1.188070e+00 6.384712e+00
    endloop
  endfacet
  facet normal 2.009997e-01 -2.257197e-04 -9.795913e-01
    outer loop
      vertex   1.628618e+01 1.188070e+00 6.384712e+00
      vertex   1.597613e+01 1.500000e+00 6.321020e+00
      vertex   1.646771e+01 1.500000e+00 6.421887e+00
    endloop
  endfacet
  facet normal 1.446233e-01 3.369324e-02 -9.889130e-01
    outer loop
      vertex   1.628618e+01 1.188070e+00 6.384712e+00
      vertex   1.646771e+01 1.500000e+00 6.421887e+00
      vertex   1.686708e+01 1.230446e+00 6.471108e+00
    endloop
  endfacet
  facet normal 1.189211e-01 -5.113183e-03 -9.928905e-01
    outer loop
      vertex   1.686708e+01 1.230446e+00 6.471108e+00
      vertex   1.646771e+01 1.500000e+00 6.421887e+00
      vertex   1.696018e+01 1.500000e+00 6.480871e+00
    endloop
  endfacet
  facet normal 4.019357e-02 2.229712e-02 -9.989431e-01
    outer loop
      vertex   1.686708e+01 1.230446e+00 6.471108e+00
      vertex   1.696018e+01 1.500000e+00 6.480871e+00
      vertex   1.743560e+01 1.500000e+00 6.500000e+00
    endloop
  endfacet
  facet normal 4.941489e-02 2.830266e-03 -9.987743e-01
    outer loop
      vertex   1.743560e+01 1.500000e+00 6.500000e+00
      vertex   1.749284e+01 5.005460e-01 6.500000e+00
      vertex   1.686708e+01 1.230446e+00 6.471108e+00
    endloop
  endfacet
  facet normal 4.888523e-02 2.375100e-03 -9.988016e-01
    outer loop
      vertex   1.686708e+01 1.230446e+00 6.471108e+00
      vertex   1.749284e+01 5.005460e-01 6.500000e+00
      vertex   1.690692e+01 4.104709e-01 6.471108e+00
    endloop
  endfacet
  facet normal 1.465999e-01 7.122585e-03 -9.891702e-01
    outer loop
      vertex   1.686708e+01 1.230446e+00 6.471108e+00
      vertex   1.690692e+01 4.104709e-01 6.471108e+00
      vertex   1.632465e+01 3.963345e-01 6.384712e+00
    endloop
  endfacet
  facet normal 1.467728e-01 0.000000e+00 -9.891702e-01
    outer loop
      vertex   1.632465e+01 3.963345e-01 6.384712e+00
      vertex   1.690692e+01 4.104709e-01 6.471108e+00
      vertex   1.632465e+01 -3.963345e-01 6.384712e+00
    endloop
  endfacet
  facet normal 2.430476e-01 0.000000e+00 -9.700144e-01
    outer loop
      vertex   1.632465e+01 3.963345e-01 6.384712e+00
      vertex   1.632465e+01 -3.963345e-01 6.384712e+00
      vertex   1.575365e+01 -3.824716e-01 6.241642e+00
    endloop
  endfacet
  facet normal 2.427612e-01 -1.179460e-02 -9.700144e-01
    outer loop
      vertex   1.575365e+01 -3.824716e-01 6.241642e+00
      vertex   1.632465e+01 -3.963345e-01 6.384712e+00
      vertex   1.571653e+01 -1.146514e+00 6.241642e+00
    endloop
  endfacet
  facet normal 3.365808e-01 -1.635285e-02 -9.415126e-01
    outer loop
      vertex   1.575365e+01 -3.824716e-01 6.241642e+00
      vertex   1.571653e+01 -1.146514e+00 6.241642e+00
      vertex   1.516361e+01 -1.106178e+00 6.043277e+00
    endloop
  endfacet
  facet normal 3.344495e-01 -4.476833e-02 -9.413497e-01
    outer loop
      vertex   1.516361e+01 -1.106178e+00 6.043277e+00
      vertex   1.571653e+01 -1.146514e+00 6.241642e+00
      vertex   1.550216e+01 -1.500000e+00 6.182291e+00
    endloop
  endfacet
  facet normal 3.555416e-01 -2.416460e-02 -9.343480e-01
    outer loop
      vertex   1.516361e+01 -1.106178e+00 6.043277e+00
      vertex   1.550216e+01 -1.500000e+00 6.182291e+00
      vertex   1.506081e+01 -1.500000e+00 6.014347e+00
    endloop
  endfacet
  facet normal 4.924962e-02 0.000000e+00 -9.987865e-01
    outer loop
      vertex   1.749284e+01 5.005460e-01 6.500000e+00
      vertex   1.749284e+01 -5.005460e-01 6.500000e+00
      vertex   1.690692e+01 4.104709e-01 6.471108e+00
    endloop
  endfacet
  facet normal 4.924962e-02 0.000000e+00 -9.987865e-01
    outer loop
      vertex   1.690692e+01 4.104709e-01 6.471108e+00
      vertex   1.749284e+01 -5.005460e-01 6.500000e+00
      vertex   1.690692e+01 -4.104709e-01 6.471108e+00
    endloop
  endfacet
  facet normal 1.467728e-01 0.000000e+00 -9.891702e-01
    outer loop
      vertex   1.690692e+01 4.104709e-01 6.471108e+00
      vertex   1.690692e+01 -4.104709e-01 6.471108e+00
      vertex   1.632465e+01 -3.963345e-01 6.384712e+00
    endloop
  endfacet
  facet normal 1.465999e-01 -7.122585e-03 -9.891702e-01
    outer loop
      vertex   1.632465e+01 -3.963345e-01 6.384712e+00
      vertex   1.690692e+01 -4.104709e-01 6.471108e+00
      vertex   1.628618e+01 -1.188070e+00 6.384712e+00
    endloop
  endfacet
  facet normal 2.427612e-01 -1.179460e-02 -9.700144e-01
    outer loop
      vertex   1.632465e+01 -3.963345e-01 6.384712e+00
      vertex   1.628618e+01 -1.188070e+00 6.384712e+00
      vertex   1.571653e+01 -1.146514e+00 6.241642e+00
    endloop
  endfacet
  facet normal 2.405601e-01 -4.110365e-02 -9.697635e-01
    outer loop
      vertex   1.571653e+01 -1.146514e+00 6.241642e+00
      vertex   1.628618e+01 -1.188070e+00 6.384712e+00
      vertex   1.597613e+01 -1.500000e+00 6.321020e+00
    endloop
  endfacet
  facet normal 2.809019e-01 -9.215493e-03 -9.596923e-01
    outer loop
      vertex   1.571653e+01 -1.146514e+00 6.241642e+00
      vertex   1.597613e+01 -1.500000e+00 6.321020e+00
      vertex   1.550216e+01 -1.500000e+00 6.182291e+00
    endloop
  endfacet
  facet normal 4.888523e-02 -2.375100e-03 -9.988016e-01
    outer loop
      vertex   1.690692e+01 -4.104709e-01 6.471108e+00
      vertex   1.749284e+01 -5.005460e-01 6.500000e+00
      vertex   1.686708e+01 -1.230446e+00 6.471108e+00
    endloop
  endfacet
  facet normal 4.941489e-02 -2.830266e-03 -9.987743e-01
    outer loop
      vertex   1.686708e+01 -1.230446e+00 6.471108e+00
      vertex   1.749284e+01 -5.005460e-01 6.500000e+00
      vertex   1.743560e+01 -1.500000e+00 6.500000e+00
    endloop
  endfacet
  facet normal 4.019357e-02 -2.229712e-02 -9.989431e-01
    outer loop
      vertex   1.686708e+01 -1.230446e+00 6.471108e+00
      vertex   1.743560e+01 -1.500000e+00 6.500000e+00
      vertex   1.696018e+01 -1.500000e+00 6.480871e+00
    endloop
  endfacet
  facet normal 1.189211e-01 5.113183e-03 -9.928905e-01
    outer loop
      vertex   1.696018e+01 -1.500000e+00 6.480871e+00
      vertex   1.646771e+01 -1.500000e+00 6.421887e+00
      vertex   1.686708e+01 -1.230446e+00 6.471108e+00
    endloop
  endfacet
  facet normal 1.446233e-01 -3.369324e-02 -9.889130e-01
    outer loop
      vertex   1.686708e+01 -1.230446e+00 6.471108e+00
      vertex   1.646771e+01 -1.500000e+00 6.421887e+00
      vertex   1.628618e+01 -1.188070e+00 6.384712e+00
    endloop
  endfacet
  facet normal 1.465999e-01 -7.122585e-03 -9.891702e-01
    outer loop
      vertex   1.686708e+01 -1.230446e+00 6.471108e+00
      vertex   1.628618e+01 -1.188070e+00 6.384712e+00
      vertex   1.690692e+01 -4.104709e-01 6.471108e+00
    endloop
  endfacet
  facet normal 2.009997e-01 2.257197e-04 -9.795913e-01
    outer loop
      vertex   1.646771e+01 -1.500000e+00 6.421887e+00
      vertex   1.597613e+01 -1.500000e+00 6.321020e+00
      vertex   1.628618e+01 -1.188070e+00 6.384712e+00
    endloop
  endfacet
  facet normal 4.253957e-01 -4.463413e-02 -9.039061e-01
    outer loop
      vertex   1.516361e+01 -1.106178e+00 6.043277e+00
      vertex   1.506081e+01 -1.500000e+00 6.014347e+00
      vertex   1.463274e+01 -1.067452e+00 5.791528e+00
    endloop
  endfacet
  facet normal 4.290372e-01 -4.024918e-02 -9.023897e-01
    outer loop
      vertex   1.463274e+01 -1.067452e+00 5.791528e+00
      vertex   1.506081e+01 -1.500000e+00 6.014347e+00
      vertex   1.462743e+01 -1.500000e+00 5.808297e+00
    endloop
  endfacet
  facet normal 4.991264e-01 -3.968391e-02 -8.656200e-01
    outer loop
      vertex   1.463274e+01 -1.067452e+00 5.791528e+00
      vertex   1.462743e+01 -1.500000e+00 5.808297e+00
      vertex   1.419618e+01 -1.500000e+00 5.559634e+00
    endloop
  endfacet
  facet normal 5.112729e-01 -5.625589e-02 -8.575753e-01
    outer loop
      vertex   1.463274e+01 -1.067452e+00 5.791528e+00
      vertex   1.419618e+01 -1.500000e+00 5.559634e+00
      vertex   1.412903e+01 -1.030707e+00 5.488818e+00
    endloop
  endfacet
  facet normal 5.692894e-01 -4.244203e-02 -8.210409e-01
    outer loop
      vertex   1.412903e+01 -1.030707e+00 5.488818e+00
      vertex   1.419618e+01 -1.500000e+00 5.559634e+00
      vertex   1.378405e+01 -1.500000e+00 5.273873e+00
    endloop
  endfacet
  facet normal 5.921788e-01 -6.754485e-02 -8.029707e-01
    outer loop
      vertex   1.412903e+01 -1.030707e+00 5.488818e+00
      vertex   1.378405e+01 -1.500000e+00 5.273873e+00
      vertex   1.365735e+01 -9.962974e-01 5.138063e+00
    endloop
  endfacet
  facet normal 6.238499e-01 -5.331047e-02 -7.797238e-01
    outer loop
      vertex   1.365735e+01 -9.962974e-01 5.138063e+00
      vertex   1.378405e+01 -1.500000e+00 5.273873e+00
      vertex   1.352429e+01 -1.511252e+00 5.066808e+00
    endloop
  endfacet
  facet normal 6.680745e-01 -7.012637e-02 -7.407825e-01
    outer loop
      vertex   1.365735e+01 -9.962974e-01 5.138063e+00
      vertex   1.352429e+01 -1.511252e+00 5.066808e+00
      vertex   1.322222e+01 -9.645553e-01 4.742641e+00
    endloop
  endfacet
  facet normal 6.647161e-01 -7.357239e-02 -7.434646e-01
    outer loop
      vertex   1.322222e+01 -9.645553e-01 4.742641e+00
      vertex   1.352429e+01 -1.511252e+00 5.066808e+00
      vertex   1.327599e+01 -1.543329e+00 4.847990e+00
    endloop
  endfacet
  facet normal 7.023785e-01 -6.378914e-02 -7.089396e-01
    outer loop
      vertex   1.322222e+01 -9.645553e-01 4.742641e+00
      vertex   1.327599e+01 -1.543329e+00 4.847990e+00
      vertex   1.303879e+01 -1.594021e+00 4.617546e+00
    endloop
  endfacet
  facet normal 7.415786e-01 -1.173019e-01 -6.605312e-01
    outer loop
      vertex   1.280889e+01 -1.662826e+00 4.371657e+00
      vertex   1.276693e+01 -1.560452e+00 4.306360e+00
      vertex   1.303879e+01 -1.594021e+00 4.617546e+00
    endloop
  endfacet
  facet normal 7.471715e-01 -7.287103e-02 -6.606244e-01
    outer loop
      vertex   1.303879e+01 -1.594021e+00 4.617546e+00
      vertex   1.276693e+01 -1.560452e+00 4.306360e+00
      vertex   1.282785e+01 -9.357859e-01 4.306360e+00
    endloop
  endfacet
  facet normal 7.367111e-01 -8.127294e-02 -6.713058e-01
    outer loop
      vertex   1.303879e+01 -1.594021e+00 4.617546e+00
      vertex   1.282785e+01 -9.357859e-01 4.306360e+00
      vertex   1.322222e+01 -9.645553e-01 4.742641e+00
    endloop
  endfacet
  facet normal 7.401765e-01 -3.596163e-02 -6.714503e-01
    outer loop
      vertex   1.322222e+01 -9.645553e-01 4.742641e+00
      vertex   1.282785e+01 -9.357859e-01 4.306360e+00
      vertex   1.325345e+01 -3.217712e-01 4.742641e+00
    endloop
  endfacet
  facet normal 6.708762e-01 -3.259466e-02 -7.408527e-01
    outer loop
      vertex   1.322222e+01 -9.645553e-01 4.742641e+00
      vertex   1.325345e+01 -3.217712e-01 4.742641e+00
      vertex   1.368961e+01 -3.323602e-01 5.138063e+00
    endloop
  endfacet
  facet normal 6.716676e-01 0.000000e+00 -7.408527e-01
    outer loop
      vertex   1.368961e+01 -3.323602e-01 5.138063e+00
      vertex   1.325345e+01 -3.217712e-01 4.742641e+00
      vertex   1.368961e+01 3.323602e-01 5.138063e+00
    endloop
  endfacet
  facet normal 5.958125e-01 0.000000e+00 -8.031235e-01
    outer loop
      vertex   1.368961e+01 -3.323602e-01 5.138063e+00
      vertex   1.368961e+01 3.323602e-01 5.138063e+00
      vertex   1.416241e+01 3.438389e-01 5.488818e+00
    endloop
  endfacet
  facet normal 5.951106e-01 2.891357e-02 -8.031235e-01
    outer loop
      vertex   1.416241e+01 3.438389e-01 5.488818e+00
      vertex   1.368961e+01 3.323602e-01 5.138063e+00
      vertex   1.412903e+01 1.030707e+00 5.488818e+00
    endloop
  endfacet
  facet normal 5.136083e-01 2.495377e-02 -8.576618e-01
    outer loop
      vertex   1.416241e+01 3.438389e-01 5.488818e+00
      vertex   1.412903e+01 1.030707e+00 5.488818e+00
      vertex   1.463274e+01 1.067452e+00 5.791528e+00
    endloop
  endfacet
  facet normal 7.729921e-01 -8.418815e-02 -6.288049e-01
    outer loop
      vertex   1.280889e+01 -1.662826e+00 4.371657e+00
      vertex   1.258665e+01 -1.749206e+00 4.110013e+00
      vertex   1.276693e+01 -1.560452e+00 4.306360e+00
    endloop
  endfacet
  facet normal 7.917714e-01 -1.370306e-01 -5.952484e-01
    outer loop
      vertex   1.276693e+01 -1.560452e+00 4.306360e+00
      vertex   1.258665e+01 -1.749206e+00 4.110013e+00
      vertex   1.241882e+01 -1.517444e+00 3.833421e+00
    endloop
  endfacet
  facet normal 7.995080e-01 -7.797537e-02 -5.955727e-01
    outer loop
      vertex   1.276693e+01 -1.560452e+00 4.306360e+00
      vertex   1.241882e+01 -1.517444e+00 3.833421e+00
      vertex   1.282785e+01 -9.357859e-01 4.306360e+00
    endloop
  endfacet
  facet normal 7.995003e-01 -7.795990e-02 -5.955851e-01
    outer loop
      vertex   1.282785e+01 -9.357859e-01 4.306360e+00
      vertex   1.241882e+01 -1.517444e+00 3.833421e+00
      vertex   1.247802e+01 -9.102663e-01 3.833421e+00
    endloop
  endfacet
  facet normal 8.023451e-01 -3.898211e-02 -5.955861e-01
    outer loop
      vertex   1.282785e+01 -9.357859e-01 4.306360e+00
      vertex   1.247802e+01 -9.102663e-01 3.833421e+00
      vertex   1.285815e+01 -3.121738e-01 4.306360e+00
    endloop
  endfacet
  facet normal 8.023451e-01 -3.898211e-02 -5.955861e-01
    outer loop
      vertex   1.285815e+01 -3.121738e-01 4.306360e+00
      vertex   1.247802e+01 -9.102663e-01 3.833421e+00
      vertex   1.250750e+01 -3.036606e-01 3.833421e+00
    endloop
  endfacet
  facet normal 8.032915e-01 0.000000e+00 -5.955861e-01
    outer loop
      vertex   1.285815e+01 -3.121738e-01 4.306360e+00
      vertex   1.250750e+01 -3.036606e-01 3.833421e+00
      vertex   1.285815e+01 3.121738e-01 4.306360e+00
    endloop
  endfacet
  facet normal 8.032915e-01 0.000000e+00 -5.955861e-01
    outer loop
      vertex   1.285815e+01 3.121738e-01 4.306360e+00
      vertex   1.250750e+01 -3.036606e-01 3.833421e+00
      vertex   1.250750e+01 3.036606e-01 3.833421e+00
    endloop
  endfacet
  facet normal 8.023451e-01 3.898211e-02 -5.955861e-01
    outer loop
      vertex   1.285815e+01 3.121738e-01 4.306360e+00
      vertex   1.250750e+01 3.036606e-01 3.833421e+00
      vertex   1.282785e+01 9.357859e-01 4.306360e+00
    endloop
  endfacet
  facet normal 8.023451e-01 3.898211e-02 -5.955861e-01
    outer loop
      vertex   1.282785e+01 9.357859e-01 4.306360e+00
      vertex   1.250750e+01 3.036606e-01 3.833421e+00
      vertex   1.247802e+01 9.102663e-01 3.833421e+00
    endloop
  endfacet
  facet normal 8.064865e-01 -1.094177e-01 -5.810398e-01
    outer loop
      vertex   1.258665e+01 -1.749206e+00 4.110013e+00
      vertex   1.237285e+01 -1.852551e+00 3.832725e+00
      vertex   1.241882e+01 -1.517444e+00 3.833421e+00
    endloop
  endfacet
  facet normal 8.499307e-01 -1.155160e-01 -5.140758e-01
    outer loop
      vertex   1.241882e+01 -1.517444e+00 3.833421e+00
      vertex   1.237285e+01 -1.852551e+00 3.832725e+00
      vertex   1.211840e+01 -1.480288e+00 3.328380e+00
    endloop
  endfacet
  facet normal 8.537548e-01 -8.325030e-02 -5.139767e-01
    outer loop
      vertex   1.241882e+01 -1.517444e+00 3.833421e+00
      vertex   1.211840e+01 -1.480288e+00 3.328380e+00
      vertex   1.247802e+01 -9.102663e-01 3.833421e+00
    endloop
  endfacet
  facet normal 8.537482e-01 -8.323394e-02 -5.139905e-01
    outer loop
      vertex   1.247802e+01 -9.102663e-01 3.833421e+00
      vertex   1.211840e+01 -1.480288e+00 3.328380e+00
      vertex   1.217612e+01 -8.882422e-01 3.328380e+00
    endloop
  endfacet
  facet normal 8.567848e-01 -4.162707e-02 -5.139913e-01
    outer loop
      vertex   1.247802e+01 -9.102663e-01 3.833421e+00
      vertex   1.217612e+01 -8.882422e-01 3.328380e+00
      vertex   1.250750e+01 -3.036606e-01 3.833421e+00
    endloop
  endfacet
  facet normal 8.567848e-01 -4.162707e-02 -5.139913e-01
    outer loop
      vertex   1.250750e+01 -3.036606e-01 3.833421e+00
      vertex   1.217612e+01 -8.882422e-01 3.328380e+00
      vertex   1.220488e+01 -2.963135e-01 3.328380e+00
    endloop
  endfacet
  facet normal 8.577954e-01 0.000000e+00 -5.139913e-01
    outer loop
      vertex   1.250750e+01 -3.036606e-01 3.833421e+00
      vertex   1.220488e+01 -2.963135e-01 3.328380e+00
      vertex   1.250750e+01 3.036606e-01 3.833421e+00
    endloop
  endfacet
  facet normal 8.577954e-01 0.000000e+00 -5.139913e-01
    outer loop
      vertex   1.250750e+01 3.036606e-01 3.833421e+00
      vertex   1.220488e+01 -2.963135e-01 3.328380e+00
      vertex   1.220488e+01 2.963135e-01 3.328380e+00
    endloop
  endfacet
  facet normal 8.567848e-01 4.162707e-02 -5.139913e-01
    outer loop
      vertex   1.250750e+01 3.036606e-01 3.833421e+00
      vertex   1.220488e+01 2.963135e-01 3.328380e+00
      vertex   1.247802e+01 9.102663e-01 3.833421e+00
    endloop
  endfacet
  facet normal 8.567848e-01 4.162707e-02 -5.139913e-01
    outer loop
      vertex   1.247802e+01 9.102663e-01 3.833421e+00
      vertex   1.220488e+01 2.963135e-01 3.328380e+00
      vertex   1.217612e+01 8.882422e-01 3.328380e+00
    endloop
  endfacet
  facet normal 8.377854e-01 -1.417167e-01 -5.272873e-01
    outer loop
      vertex   1.237285e+01 -1.852551e+00 3.832725e+00
      vertex   1.216831e+01 -1.972253e+00 3.539904e+00
      vertex   1.211840e+01 -1.480288e+00 3.328380e+00
    endloop
  endfacet
  facet normal 8.628151e-01 -1.232585e-01 -4.902627e-01
    outer loop
      vertex   1.211840e+01 -1.480288e+00 3.328380e+00
      vertex   1.216831e+01 -1.972253e+00 3.539904e+00
      vertex   1.197395e+01 -2.107595e+00 3.231888e+00
    endloop
  endfacet
  facet normal 8.972389e-01 -1.423024e-01 -4.179861e-01
    outer loop
      vertex   1.211840e+01 -1.480288e+00 3.328380e+00
      vertex   1.197395e+01 -2.107595e+00 3.231888e+00
      vertex   1.178454e+01 -2.021860e+00 2.796101e+00
    endloop
  endfacet
  facet normal 8.889493e-01 -1.789604e-01 -4.215949e-01
    outer loop
      vertex   1.178454e+01 -2.021860e+00 2.796101e+00
      vertex   1.197395e+01 -2.107595e+00 3.231888e+00
      vertex   1.179272e+01 -2.256080e+00 2.912788e+00
    endloop
  endfacet
  facet normal 9.088919e-01 -1.600748e-01 -3.850865e-01
    outer loop
      vertex   1.178454e+01 -2.021860e+00 2.796101e+00
      vertex   1.179272e+01 -2.256080e+00 2.912788e+00
      vertex   1.162569e+01 -2.416118e+00 2.585079e+00
    endloop
  endfacet
  facet normal 9.257175e-01 -2.087578e-01 -3.153842e-01
    outer loop
      vertex   1.147308e+01 -2.586708e+00 2.250049e+00
      vertex   1.147889e+01 -2.548367e+00 2.241708e+00
      vertex   1.162569e+01 -2.416118e+00 2.585079e+00
    endloop
  endfacet
  facet normal 9.275013e-01 -1.824084e-01 -3.262952e-01
    outer loop
      vertex   1.162569e+01 -2.416118e+00 2.585079e+00
      vertex   1.147889e+01 -2.548367e+00 2.241708e+00
      vertex   1.158903e+01 -1.988317e+00 2.241708e+00
    endloop
  endfacet
  facet normal 9.219829e-01 -1.912414e-01 -3.367110e-01
    outer loop
      vertex   1.162569e+01 -2.416118e+00 2.585079e+00
      vertex   1.158903e+01 -1.988317e+00 2.241708e+00
      vertex   1.178454e+01 -2.021860e+00 2.796101e+00
    endloop
  endfacet
  facet normal 9.315970e-01 -1.367158e-01 -3.368024e-01
    outer loop
      vertex   1.178454e+01 -2.021860e+00 2.796101e+00
      vertex   1.158903e+01 -1.988317e+00 2.241708e+00
      vertex   1.186856e+01 -1.449330e+00 2.796101e+00
    endloop
  endfacet
  facet normal 8.944501e-01 -1.312643e-01 -4.274677e-01
    outer loop
      vertex   1.178454e+01 -2.021860e+00 2.796101e+00
      vertex   1.186856e+01 -1.449330e+00 2.796101e+00
      vertex   1.211840e+01 -1.480288e+00 3.328380e+00
    endloop
  endfacet
  facet normal 8.997793e-01 -8.772163e-02 -4.274366e-01
    outer loop
      vertex   1.211840e+01 -1.480288e+00 3.328380e+00
      vertex   1.186856e+01 -1.449330e+00 2.796101e+00
      vertex   1.217612e+01 -8.882422e-01 3.328380e+00
    endloop
  endfacet
  facet normal 9.403670e-01 -2.019182e-01 -2.737496e-01
    outer loop
      vertex   1.147308e+01 -2.586708e+00 2.250049e+00
      vertex   1.133511e+01 -2.766848e+00 1.908986e+00
      vertex   1.147889e+01 -2.548367e+00 2.241708e+00
    endloop
  endfacet
  facet normal 9.379781e-01 -2.474761e-01 -2.428018e-01
    outer loop
      vertex   1.147889e+01 -2.548367e+00 2.241708e+00
      vertex   1.133511e+01 -2.766848e+00 1.908986e+00
      vertex   1.133922e+01 -2.517360e+00 1.670542e+00
    endloop
  endfacet
  facet normal 9.518157e-01 -1.871902e-01 -2.429128e-01
    outer loop
      vertex   1.147889e+01 -2.548367e+00 2.241708e+00
      vertex   1.133922e+01 -2.517360e+00 1.670542e+00
      vertex   1.158903e+01 -1.988317e+00 2.241708e+00
    endloop
  endfacet
  facet normal 9.518157e-01 -1.871902e-01 -2.429128e-01
    outer loop
      vertex   1.158903e+01 -1.988317e+00 2.241708e+00
      vertex   1.133922e+01 -2.517360e+00 1.670542e+00
      vertex   1.144802e+01 -1.964124e+00 1.670542e+00
    endloop
  endfacet
  facet normal 9.597705e-01 -1.408325e-01 -2.429131e-01
    outer loop
      vertex   1.158903e+01 -1.988317e+00 2.241708e+00
      vertex   1.144802e+01 -1.964124e+00 1.670542e+00
      vertex   1.167171e+01 -1.424860e+00 2.241708e+00
    endloop
  endfacet
  facet normal 9.597690e-01 -1.408144e-01 -2.429296e-01
    outer loop
      vertex   1.167171e+01 -1.424860e+00 2.241708e+00
      vertex   1.144802e+01 -1.964124e+00 1.670542e+00
      vertex   1.152974e+01 -1.407102e+00 1.670542e+00
    endloop
  endfacet
  facet normal 9.654783e-01 -9.409123e-02 -2.428961e-01
    outer loop
      vertex   1.167171e+01 -1.424860e+00 2.241708e+00
      vertex   1.152974e+01 -1.407102e+00 1.670542e+00
      vertex   1.172720e+01 -8.554936e-01 2.241708e+00
    endloop
  endfacet
  facet normal 9.654759e-01 -9.407322e-02 -2.429126e-01
    outer loop
      vertex   1.172720e+01 -8.554936e-01 2.241708e+00
      vertex   1.152974e+01 -1.407102e+00 1.670542e+00
      vertex   1.158450e+01 -8.450844e-01 1.670542e+00
    endloop
  endfacet
  facet normal 9.689052e-01 -4.707447e-02 -2.429128e-01
    outer loop
      vertex   1.172720e+01 -8.554936e-01 2.241708e+00
      vertex   1.158450e+01 -8.450844e-01 1.670542e+00
      vertex   1.175489e+01 -2.853887e-01 2.241708e+00
    endloop
  endfacet
  facet normal 9.689052e-01 -4.707447e-02 -2.429128e-01
    outer loop
      vertex   1.175489e+01 -2.853887e-01 2.241708e+00
      vertex   1.158450e+01 -8.450844e-01 1.670542e+00
      vertex   1.161187e+01 -2.819162e-01 1.670542e+00
    endloop
  endfacet
  facet normal 9.700481e-01 0.000000e+00 -2.429128e-01
    outer loop
      vertex   1.175489e+01 -2.853887e-01 2.241708e+00
      vertex   1.161187e+01 -2.819162e-01 1.670542e+00
      vertex   1.175489e+01 2.853887e-01 2.241708e+00
    endloop
  endfacet
  facet normal 9.700481e-01 0.000000e+00 -2.429128e-01
    outer loop
      vertex   1.175489e+01 2.853887e-01 2.241708e+00
      vertex   1.161187e+01 -2.819162e-01 1.670542e+00
      vertex   1.161187e+01 2.819162e-01 1.670542e+00
    endloop
  endfacet
  facet normal 9.689052e-01 4.707447e-02 -2.429128e-01
    outer loop
      vertex   1.175489e+01 2.853887e-01 2.241708e+00
      vertex   1.161187e+01 2.819162e-01 1.670542e+00
      vertex   1.172720e+01 8.554936e-01 2.241708e+00
    endloop
  endfacet
  facet normal 9.689052e-01 4.707447e-02 -2.429128e-01
    outer loop
      vertex   1.172720e+01 8.554936e-01 2.241708e+00
      vertex   1.161187e+01 2.819162e-01 1.670542e+00
      vertex   1.158450e+01 8.450844e-01 1.670542e+00
    endloop
  endfacet
  facet normal 9.504588e-01 -2.227998e-01 -2.167678e-01
    outer loop
      vertex   1.133511e+01 -2.766848e+00 1.908986e+00
      vertex   1.121202e+01 -2.955537e+00 1.563178e+00
      vertex   1.133922e+01 -2.517360e+00 1.670542e+00
    endloop
  endfacet
  facet normal 9.590110e-01 -2.424583e-01 -1.466694e-01
    outer loop
      vertex   1.133922e+01 -2.517360e+00 1.670542e+00
      vertex   1.121202e+01 -2.955537e+00 1.563178e+00
      vertex   1.125487e+01 -2.498635e+00 1.088103e+00
    endloop
  endfacet
  facet normal 9.705908e-01 -1.908826e-01 -1.466882e-01
    outer loop
      vertex   1.133922e+01 -2.517360e+00 1.670542e+00
      vertex   1.125487e+01 -2.498635e+00 1.088103e+00
      vertex   1.144802e+01 -1.964124e+00 1.670542e+00
    endloop
  endfacet
  facet normal 9.705908e-01 -1.908826e-01 -1.466882e-01
    outer loop
      vertex   1.144802e+01 -1.964124e+00 1.670542e+00
      vertex   1.125487e+01 -2.498635e+00 1.088103e+00
      vertex   1.136287e+01 -1.949515e+00 1.088103e+00
    endloop
  endfacet
  facet normal 9.787051e-01 -1.435926e-01 -1.466883e-01
    outer loop
      vertex   1.144802e+01 -1.964124e+00 1.670542e+00
      vertex   1.136287e+01 -1.949515e+00 1.088103e+00
      vertex   1.152974e+01 -1.407102e+00 1.670542e+00
    endloop
  endfacet
  facet normal 9.787052e-01 -1.435744e-01 -1.467053e-01
    outer loop
      vertex   1.152974e+01 -1.407102e+00 1.670542e+00
      vertex   1.136287e+01 -1.949515e+00 1.088103e+00
      vertex   1.144403e+01 -1.396219e+00 1.088103e+00
    endloop
  endfacet
  facet normal 9.845228e-01 -9.592910e-02 -1.466711e-01
    outer loop
      vertex   1.152974e+01 -1.407102e+00 1.670542e+00
      vertex   1.144403e+01 -1.396219e+00 1.088103e+00
      vertex   1.158450e+01 -8.450844e-01 1.670542e+00
    endloop
  endfacet
  facet normal 9.845221e-01 -9.591091e-02 -1.466881e-01
    outer loop
      vertex   1.158450e+01 -8.450844e-01 1.670542e+00
      vertex   1.144403e+01 -1.396219e+00 1.088103e+00
      vertex   1.149834e+01 -8.387985e-01 1.088103e+00
    endloop
  endfacet
  facet normal 9.880174e-01 -4.800303e-02 -1.466882e-01
    outer loop
      vertex   1.158450e+01 -8.450844e-01 1.670542e+00
      vertex   1.149834e+01 -8.387985e-01 1.088103e+00
      vertex   1.161187e+01 -2.819162e-01 1.670542e+00
    endloop
  endfacet
  facet normal 9.880174e-01 -4.800303e-02 -1.466882e-01
    outer loop
      vertex   1.161187e+01 -2.819162e-01 1.670542e+00
      vertex   1.149834e+01 -8.387985e-01 1.088103e+00
      vertex   1.152550e+01 -2.798193e-01 1.088103e+00
    endloop
  endfacet
  facet normal 9.891828e-01 0.000000e+00 -1.466882e-01
    outer loop
      vertex   1.161187e+01 -2.819162e-01 1.670542e+00
      vertex   1.152550e+01 -2.798193e-01 1.088103e+00
      vertex   1.161187e+01 2.819162e-01 1.670542e+00
    endloop
  endfacet
  facet normal 9.891828e-01 0.000000e+00 -1.466882e-01
    outer loop
      vertex   1.161187e+01 2.819162e-01 1.670542e+00
      vertex   1.152550e+01 -2.798193e-01 1.088103e+00
      vertex   1.152550e+01 2.798193e-01 1.088103e+00
    endloop
  endfacet
  facet normal 9.880174e-01 4.800303e-02 -1.466882e-01
    outer loop
      vertex   1.161187e+01 2.819162e-01 1.670542e+00
      vertex   1.152550e+01 2.798193e-01 1.088103e+00
      vertex   1.158450e+01 8.450844e-01 1.670542e+00
    endloop
  endfacet
  facet normal 9.880174e-01 4.800303e-02 -1.466882e-01
    outer loop
      vertex   1.158450e+01 8.450844e-01 1.670542e+00
      vertex   1.152550e+01 2.798193e-01 1.088103e+00
      vertex   1.149834e+01 8.387985e-01 1.088103e+00
    endloop
  endfacet
  facet normal 9.608285e-01 -2.379181e-01 -1.421389e-01
    outer loop
      vertex   1.125487e+01 -2.498635e+00 1.088103e+00
      vertex   1.121202e+01 -2.955537e+00 1.563178e+00
      vertex   1.112036e+01 -3.041867e+00 1.088103e+00
    endloop
  endfacet
  facet normal 9.481023e-01 -2.900844e-01 -1.302040e-01
    outer loop
      vertex   1.112036e+01 -3.041867e+00 1.088103e+00
      vertex   1.121202e+01 -2.955537e+00 1.563178e+00
      vertex   1.110401e+01 -3.151773e+00 1.213913e+00
    endloop
  endfacet
  facet normal 9.599684e-01 -2.605413e-01 -1.028537e-01
    outer loop
      vertex   1.112036e+01 -3.041867e+00 1.088103e+00
      vertex   1.110401e+01 -3.151773e+00 1.213913e+00
      vertex   1.101132e+01 -3.354555e+00 8.624799e-01
    endloop
  endfacet
  facet normal 9.557575e-01 -2.871094e-01 -6.399827e-02
    outer loop
      vertex   1.112036e+01 -3.041867e+00 1.088103e+00
      vertex   1.101132e+01 -3.354555e+00 8.624799e-01
      vertex   1.115537e+01 -2.794220e+00 5.000000e-01
    endloop
  endfacet
  facet normal 9.597962e-01 -2.768213e-01 -4.648959e-02
    outer loop
      vertex   1.115537e+01 -2.794220e+00 5.000000e-01
      vertex   1.101132e+01 -3.354555e+00 8.624799e-01
      vertex   1.093417e+01 -3.562882e+00 5.101660e-01
    endloop
  endfacet
  facet normal 9.606703e-01 -2.767588e-01 -2.274028e-02
    outer loop
      vertex   1.115537e+01 -2.794220e+00 5.000000e-01
      vertex   1.093417e+01 -3.562882e+00 5.101660e-01
      vertex   1.093218e+01 -3.568966e+00 5.000000e-01
    endloop
  endfacet
  facet normal 9.697703e-01 -2.401322e-01 -4.338214e-02
    outer loop
      vertex   1.112036e+01 -3.041867e+00 1.088103e+00
      vertex   1.115537e+01 -2.794220e+00 5.000000e-01
      vertex   1.125487e+01 -2.498635e+00 1.088103e+00
    endloop
  endfacet
  facet normal 9.761685e-01 -2.084411e-01 -6.039286e-02
    outer loop
      vertex   1.125487e+01 -2.498635e+00 1.088103e+00
      vertex   1.115537e+01 -2.794220e+00 5.000000e-01
      vertex   1.132374e+01 -2.005740e+00 5.000000e-01
    endloop
  endfacet
  facet normal 9.801302e-01 -1.927587e-01 -4.678541e-02
    outer loop
      vertex   1.125487e+01 -2.498635e+00 1.088103e+00
      vertex   1.132374e+01 -2.005740e+00 5.000000e-01
      vertex   1.136287e+01 -1.949515e+00 1.088103e+00
    endloop
  endfacet
  facet normal 9.888188e-01 -1.395953e-01 -5.244614e-02
    outer loop
      vertex   1.136287e+01 -1.949515e+00 1.088103e+00
      vertex   1.132374e+01 -2.005740e+00 5.000000e-01
      vertex   1.143644e+01 -1.207401e+00 5.000000e-01
    endloop
  endfacet
  facet normal 9.876710e-01 -1.448897e-01 -5.927055e-02
    outer loop
      vertex   1.136287e+01 -1.949515e+00 1.088103e+00
      vertex   1.143644e+01 -1.207401e+00 5.000000e-01
      vertex   1.144403e+01 -1.396219e+00 1.088103e+00
    endloop
  endfacet
  facet normal 9.943271e-01 -9.686610e-02 -4.393794e-02
    outer loop
      vertex   1.144403e+01 -1.396219e+00 1.088103e+00
      vertex   1.143644e+01 -1.207401e+00 5.000000e-01
      vertex   1.149834e+01 -8.387985e-01 1.088103e+00
    endloop
  endfacet
  facet normal 9.956871e-01 -6.993574e-02 -6.096011e-02
    outer loop
      vertex   1.143644e+01 -1.207401e+00 5.000000e-01
      vertex   1.149293e+01 -4.031275e-01 5.000000e-01
      vertex   1.149834e+01 -8.387985e-01 1.088103e+00
    endloop
  endfacet
  facet normal 9.978062e-01 -4.847863e-02 -4.508400e-02
    outer loop
      vertex   1.149834e+01 -8.387985e-01 1.088103e+00
      vertex   1.149293e+01 -4.031275e-01 5.000000e-01
      vertex   1.152550e+01 -2.798193e-01 1.088103e+00
    endloop
  endfacet
  facet normal 9.984706e-01 0.000000e+00 -5.528535e-02
    outer loop
      vertex   1.149293e+01 -4.031275e-01 5.000000e-01
      vertex   1.149293e+01 4.031275e-01 5.000000e-01
      vertex   1.152550e+01 -2.798193e-01 1.088103e+00
    endloop
  endfacet
  facet normal 9.984706e-01 0.000000e+00 -5.528535e-02
    outer loop
      vertex   1.152550e+01 -2.798193e-01 1.088103e+00
      vertex   1.149293e+01 4.031275e-01 5.000000e-01
      vertex   1.152550e+01 2.798193e-01 1.088103e+00
    endloop
  endfacet
  facet normal 9.978062e-01 4.847863e-02 -4.508400e-02
    outer loop
      vertex   1.152550e+01 2.798193e-01 1.088103e+00
      vertex   1.149293e+01 4.031275e-01 5.000000e-01
      vertex   1.149834e+01 8.387985e-01 1.088103e+00
    endloop
  endfacet
  facet normal 9.956871e-01 6.993574e-02 -6.096011e-02
    outer loop
      vertex   1.149834e+01 8.387985e-01 1.088103e+00
      vertex   1.149293e+01 4.031275e-01 5.000000e-01
      vertex   1.143644e+01 1.207401e+00 5.000000e-01
    endloop
  endfacet
  facet normal 9.761685e-01 2.084411e-01 -6.039286e-02
    outer loop
      vertex   1.115537e+01 2.794220e+00 5.000000e-01
      vertex   1.125487e+01 2.498635e+00 1.088103e+00
      vertex   1.132374e+01 2.005740e+00 5.000000e-01
    endloop
  endfacet
  facet normal 9.801302e-01 1.927587e-01 -4.678541e-02
    outer loop
      vertex   1.132374e+01 2.005740e+00 5.000000e-01
      vertex   1.125487e+01 2.498635e+00 1.088103e+00
      vertex   1.136287e+01 1.949515e+00 1.088103e+00
    endloop
  endfacet
  facet normal 9.880778e-01 1.449493e-01 -5.188497e-02
    outer loop
      vertex   1.132374e+01 2.005740e+00 5.000000e-01
      vertex   1.136287e+01 1.949515e+00 1.088103e+00
      vertex   1.144403e+01 1.396219e+00 1.088103e+00
    endloop
  endfacet
  facet normal 9.787052e-01 1.435744e-01 -1.467053e-01
    outer loop
      vertex   1.144403e+01 1.396219e+00 1.088103e+00
      vertex   1.136287e+01 1.949515e+00 1.088103e+00
      vertex   1.152974e+01 1.407102e+00 1.670542e+00
    endloop
  endfacet
  facet normal 9.606703e-01 2.767588e-01 -2.274028e-02
    outer loop
      vertex   1.093218e+01 3.568966e+00 5.000000e-01
      vertex   1.093417e+01 3.562882e+00 5.101660e-01
      vertex   1.115537e+01 2.794220e+00 5.000000e-01
    endloop
  endfacet
  facet normal 9.597962e-01 2.768213e-01 -4.648959e-02
    outer loop
      vertex   1.115537e+01 2.794220e+00 5.000000e-01
      vertex   1.093417e+01 3.562882e+00 5.101660e-01
      vertex   1.101132e+01 3.354555e+00 8.624799e-01
    endloop
  endfacet
  facet normal 9.557575e-01 2.871094e-01 -6.399827e-02
    outer loop
      vertex   1.115537e+01 2.794220e+00 5.000000e-01
      vertex   1.101132e+01 3.354555e+00 8.624799e-01
      vertex   1.112036e+01 3.041867e+00 1.088103e+00
    endloop
  endfacet
  facet normal 9.599684e-01 2.605413e-01 -1.028537e-01
    outer loop
      vertex   1.112036e+01 3.041867e+00 1.088103e+00
      vertex   1.101132e+01 3.354555e+00 8.624799e-01
      vertex   1.110401e+01 3.151773e+00 1.213913e+00
    endloop
  endfacet
  facet normal 9.481023e-01 2.900844e-01 -1.302040e-01
    outer loop
      vertex   1.112036e+01 3.041867e+00 1.088103e+00
      vertex   1.110401e+01 3.151773e+00 1.213913e+00
      vertex   1.121202e+01 2.955537e+00 1.563178e+00
    endloop
  endfacet
  facet normal 9.504588e-01 2.227998e-01 -2.167678e-01
    outer loop
      vertex   1.133511e+01 2.766848e+00 1.908986e+00
      vertex   1.133922e+01 2.517360e+00 1.670542e+00
      vertex   1.121202e+01 2.955537e+00 1.563178e+00
    endloop
  endfacet
  facet normal 9.590110e-01 2.424583e-01 -1.466694e-01
    outer loop
      vertex   1.121202e+01 2.955537e+00 1.563178e+00
      vertex   1.133922e+01 2.517360e+00 1.670542e+00
      vertex   1.125487e+01 2.498635e+00 1.088103e+00
    endloop
  endfacet
  facet normal 9.608285e-01 2.379181e-01 -1.421389e-01
    outer loop
      vertex   1.121202e+01 2.955537e+00 1.563178e+00
      vertex   1.125487e+01 2.498635e+00 1.088103e+00
      vertex   1.112036e+01 3.041867e+00 1.088103e+00
    endloop
  endfacet
  facet normal 9.697703e-01 2.401322e-01 -4.338214e-02
    outer loop
      vertex   1.112036e+01 3.041867e+00 1.088103e+00
      vertex   1.125487e+01 2.498635e+00 1.088103e+00
      vertex   1.115537e+01 2.794220e+00 5.000000e-01
    endloop
  endfacet
  facet normal 9.379781e-01 2.474761e-01 -2.428018e-01
    outer loop
      vertex   1.133922e+01 2.517360e+00 1.670542e+00
      vertex   1.133511e+01 2.766848e+00 1.908986e+00
      vertex   1.147889e+01 2.548367e+00 2.241708e+00
    endloop
  endfacet
  facet normal 9.403670e-01 2.019183e-01 -2.737496e-01
    outer loop
      vertex   1.147889e+01 2.548367e+00 2.241708e+00
      vertex   1.133511e+01 2.766848e+00 1.908986e+00
      vertex   1.147308e+01 2.586708e+00 2.250049e+00
    endloop
  endfacet
  facet normal 9.257176e-01 2.087578e-01 -3.153842e-01
    outer loop
      vertex   1.147889e+01 2.548367e+00 2.241708e+00
      vertex   1.147308e+01 2.586708e+00 2.250049e+00
      vertex   1.162569e+01 2.416118e+00 2.585079e+00
    endloop
  endfacet
  facet normal 9.088919e-01 1.600748e-01 -3.850865e-01
    outer loop
      vertex   1.179272e+01 2.256080e+00 2.912788e+00
      vertex   1.178454e+01 2.021860e+00 2.796101e+00
      vertex   1.162569e+01 2.416118e+00 2.585079e+00
    endloop
  endfacet
  facet normal 9.219829e-01 1.912414e-01 -3.367110e-01
    outer loop
      vertex   1.162569e+01 2.416118e+00 2.585079e+00
      vertex   1.178454e+01 2.021860e+00 2.796101e+00
      vertex   1.158903e+01 1.988317e+00 2.241708e+00
    endloop
  endfacet
  facet normal 9.275013e-01 1.824084e-01 -3.262952e-01
    outer loop
      vertex   1.162569e+01 2.416118e+00 2.585079e+00
      vertex   1.158903e+01 1.988317e+00 2.241708e+00
      vertex   1.147889e+01 2.548367e+00 2.241708e+00
    endloop
  endfacet
  facet normal 9.518157e-01 1.871902e-01 -2.429128e-01
    outer loop
      vertex   1.147889e+01 2.548367e+00 2.241708e+00
      vertex   1.158903e+01 1.988317e+00 2.241708e+00
      vertex   1.144802e+01 1.964124e+00 1.670542e+00
    endloop
  endfacet
  facet normal 9.518157e-01 1.871902e-01 -2.429128e-01
    outer loop
      vertex   1.147889e+01 2.548367e+00 2.241708e+00
      vertex   1.144802e+01 1.964124e+00 1.670542e+00
      vertex   1.133922e+01 2.517360e+00 1.670542e+00
    endloop
  endfacet
  facet normal 9.705908e-01 1.908826e-01 -1.466882e-01
    outer loop
      vertex   1.133922e+01 2.517360e+00 1.670542e+00
      vertex   1.144802e+01 1.964124e+00 1.670542e+00
      vertex   1.136287e+01 1.949515e+00 1.088103e+00
    endloop
  endfacet
  facet normal 9.705908e-01 1.908826e-01 -1.466882e-01
    outer loop
      vertex   1.133922e+01 2.517360e+00 1.670542e+00
      vertex   1.136287e+01 1.949515e+00 1.088103e+00
      vertex   1.125487e+01 2.498635e+00 1.088103e+00
    endloop
  endfacet
  facet normal 8.889493e-01 1.789604e-01 -4.215949e-01
    outer loop
      vertex   1.179272e+01 2.256080e+00 2.912788e+00
      vertex   1.197395e+01 2.107595e+00 3.231888e+00
      vertex   1.178454e+01 2.021860e+00 2.796101e+00
    endloop
  endfacet
  facet normal 8.972389e-01 1.423024e-01 -4.179861e-01
    outer loop
      vertex   1.178454e+01 2.021860e+00 2.796101e+00
      vertex   1.197395e+01 2.107595e+00 3.231888e+00
      vertex   1.211840e+01 1.480288e+00 3.328380e+00
    endloop
  endfacet
  facet normal 8.944501e-01 1.312643e-01 -4.274677e-01
    outer loop
      vertex   1.178454e+01 2.021860e+00 2.796101e+00
      vertex   1.211840e+01 1.480288e+00 3.328380e+00
      vertex   1.186856e+01 1.449330e+00 2.796101e+00
    endloop
  endfacet
  facet normal 8.628151e-01 1.232585e-01 -4.902627e-01
    outer loop
      vertex   1.197395e+01 2.107595e+00 3.231888e+00
      vertex   1.216831e+01 1.972253e+00 3.539904e+00
      vertex   1.211840e+01 1.480288e+00 3.328380e+00
    endloop
  endfacet
  facet normal 8.471787e-01 1.349958e-01 -5.138720e-01
    outer loop
      vertex   1.211840e+01 1.480288e+00 3.328380e+00
      vertex   1.216831e+01 1.972253e+00 3.539904e+00
      vertex   1.241882e+01 1.517444e+00 3.833421e+00
    endloop
  endfacet
  facet normal 8.356854e-01 1.135136e-01 -5.373496e-01
    outer loop
      vertex   1.216831e+01 1.972253e+00 3.539904e+00
      vertex   1.237285e+01 1.852551e+00 3.832725e+00
      vertex   1.241882e+01 1.517444e+00 3.833421e+00
    endloop
  endfacet
  facet normal 8.064865e-01 1.094177e-01 -5.810398e-01
    outer loop
      vertex   1.241882e+01 1.517444e+00 3.833421e+00
      vertex   1.237285e+01 1.852551e+00 3.832725e+00
      vertex   1.258665e+01 1.749206e+00 4.110013e+00
    endloop
  endfacet
  facet normal 7.917714e-01 1.370306e-01 -5.952484e-01
    outer loop
      vertex   1.241882e+01 1.517444e+00 3.833421e+00
      vertex   1.258665e+01 1.749206e+00 4.110013e+00
      vertex   1.276693e+01 1.560452e+00 4.306360e+00
    endloop
  endfacet
  facet normal 7.729921e-01 8.418815e-02 -6.288049e-01
    outer loop
      vertex   1.276693e+01 1.560452e+00 4.306360e+00
      vertex   1.258665e+01 1.749206e+00 4.110013e+00
      vertex   1.280889e+01 1.662826e+00 4.371657e+00
    endloop
  endfacet
  facet normal 7.415786e-01 1.173019e-01 -6.605312e-01
    outer loop
      vertex   1.276693e+01 1.560452e+00 4.306360e+00
      vertex   1.280889e+01 1.662826e+00 4.371657e+00
      vertex   1.303879e+01 1.594021e+00 4.617546e+00
    endloop
  endfacet
  facet normal 1.465999e-01 7.122585e-03 -9.891702e-01
    outer loop
      vertex   1.686708e+01 1.230446e+00 6.471108e+00
      vertex   1.632465e+01 3.963345e-01 6.384712e+00
      vertex   1.628618e+01 1.188070e+00 6.384712e+00
    endloop
  endfacet
  facet normal 2.427612e-01 1.179460e-02 -9.700144e-01
    outer loop
      vertex   1.628618e+01 1.188070e+00 6.384712e+00
      vertex   1.632465e+01 3.963345e-01 6.384712e+00
      vertex   1.575365e+01 3.824716e-01 6.241642e+00
    endloop
  endfacet
  facet normal 2.427612e-01 1.179460e-02 -9.700144e-01
    outer loop
      vertex   1.628618e+01 1.188070e+00 6.384712e+00
      vertex   1.575365e+01 3.824716e-01 6.241642e+00
      vertex   1.571653e+01 1.146514e+00 6.241642e+00
    endloop
  endfacet
  facet normal 3.365808e-01 1.635285e-02 -9.415126e-01
    outer loop
      vertex   1.571653e+01 1.146514e+00 6.241642e+00
      vertex   1.575365e+01 3.824716e-01 6.241642e+00
      vertex   1.519942e+01 3.690159e-01 6.043277e+00
    endloop
  endfacet
  facet normal 3.365808e-01 1.635285e-02 -9.415126e-01
    outer loop
      vertex   1.571653e+01 1.146514e+00 6.241642e+00
      vertex   1.519942e+01 3.690159e-01 6.043277e+00
      vertex   1.516361e+01 1.106178e+00 6.043277e+00
    endloop
  endfacet
  facet normal 4.271542e-01 2.075338e-02 -9.039406e-01
    outer loop
      vertex   1.516361e+01 1.106178e+00 6.043277e+00
      vertex   1.519942e+01 3.690159e-01 6.043277e+00
      vertex   1.466730e+01 3.560969e-01 5.791528e+00
    endloop
  endfacet
  facet normal 4.271542e-01 2.075338e-02 -9.039406e-01
    outer loop
      vertex   1.516361e+01 1.106178e+00 6.043277e+00
      vertex   1.466730e+01 3.560969e-01 5.791528e+00
      vertex   1.463274e+01 1.067452e+00 5.791528e+00
    endloop
  endfacet
  facet normal 5.136083e-01 2.495377e-02 -8.576618e-01
    outer loop
      vertex   1.463274e+01 1.067452e+00 5.791528e+00
      vertex   1.466730e+01 3.560969e-01 5.791528e+00
      vertex   1.416241e+01 3.438389e-01 5.488818e+00
    endloop
  endfacet
  facet normal 5.951106e-01 2.891357e-02 -8.031235e-01
    outer loop
      vertex   1.412903e+01 1.030707e+00 5.488818e+00
      vertex   1.368961e+01 3.323602e-01 5.138063e+00
      vertex   1.365735e+01 9.962974e-01 5.138063e+00
    endloop
  endfacet
  facet normal 6.708762e-01 3.259466e-02 -7.408527e-01
    outer loop
      vertex   1.365735e+01 9.962974e-01 5.138063e+00
      vertex   1.368961e+01 3.323602e-01 5.138063e+00
      vertex   1.325345e+01 3.217712e-01 4.742641e+00
    endloop
  endfacet
  facet normal 6.708762e-01 3.259466e-02 -7.408527e-01
    outer loop
      vertex   1.365735e+01 9.962974e-01 5.138063e+00
      vertex   1.325345e+01 3.217712e-01 4.742641e+00
      vertex   1.322222e+01 9.645553e-01 4.742641e+00
    endloop
  endfacet
  facet normal 7.401765e-01 3.596163e-02 -6.714503e-01
    outer loop
      vertex   1.322222e+01 9.645553e-01 4.742641e+00
      vertex   1.325345e+01 3.217712e-01 4.742641e+00
      vertex   1.285815e+01 3.121738e-01 4.306360e+00
    endloop
  endfacet
  facet normal 7.401765e-01 3.596163e-02 -6.714503e-01
    outer loop
      vertex   1.322222e+01 9.645553e-01 4.742641e+00
      vertex   1.285815e+01 3.121738e-01 4.306360e+00
      vertex   1.282785e+01 9.357859e-01 4.306360e+00
    endloop
  endfacet
  facet normal 9.404662e-01 4.569275e-02 -3.368019e-01
    outer loop
      vertex   1.175489e+01 2.853887e-01 2.241708e+00
      vertex   1.172720e+01 8.554936e-01 2.241708e+00
      vertex   1.192503e+01 8.699259e-01 2.796101e+00
    endloop
  endfacet
  facet normal 9.029729e-01 4.387113e-02 -4.274522e-01
    outer loop
      vertex   1.192503e+01 8.699259e-01 2.796101e+00
      vertex   1.217612e+01 8.882422e-01 3.328380e+00
      vertex   1.195320e+01 2.902032e-01 2.796101e+00
    endloop
  endfacet
  facet normal 9.029729e-01 4.387113e-02 -4.274522e-01
    outer loop
      vertex   1.195320e+01 2.902032e-01 2.796101e+00
      vertex   1.217612e+01 8.882422e-01 3.328380e+00
      vertex   1.220488e+01 2.963135e-01 3.328380e+00
    endloop
  endfacet
  facet normal 9.040380e-01 0.000000e+00 -4.274522e-01
    outer loop
      vertex   1.195320e+01 2.902032e-01 2.796101e+00
      vertex   1.220488e+01 2.963135e-01 3.328380e+00
      vertex   1.195320e+01 -2.902032e-01 2.796101e+00
    endloop
  endfacet
  facet normal 9.040380e-01 0.000000e+00 -4.274522e-01
    outer loop
      vertex   1.195320e+01 -2.902032e-01 2.796101e+00
      vertex   1.220488e+01 2.963135e-01 3.328380e+00
      vertex   1.220488e+01 -2.963135e-01 3.328380e+00
    endloop
  endfacet
  facet normal 9.029729e-01 -4.387113e-02 -4.274522e-01
    outer loop
      vertex   1.195320e+01 -2.902032e-01 2.796101e+00
      vertex   1.220488e+01 -2.963135e-01 3.328380e+00
      vertex   1.192503e+01 -8.699259e-01 2.796101e+00
    endloop
  endfacet
  facet normal 9.029729e-01 -4.387113e-02 -4.274522e-01
    outer loop
      vertex   1.192503e+01 -8.699259e-01 2.796101e+00
      vertex   1.220488e+01 -2.963135e-01 3.328380e+00
      vertex   1.217612e+01 -8.882422e-01 3.328380e+00
    endloop
  endfacet
  facet normal 8.997739e-01 -8.770454e-02 -4.274515e-01
    outer loop
      vertex   1.192503e+01 -8.699259e-01 2.796101e+00
      vertex   1.217612e+01 -8.882422e-01 3.328380e+00
      vertex   1.186856e+01 -1.449330e+00 2.796101e+00
    endloop
  endfacet
  facet normal 9.787051e-01 1.435926e-01 -1.466883e-01
    outer loop
      vertex   1.136287e+01 1.949515e+00 1.088103e+00
      vertex   1.144802e+01 1.964124e+00 1.670542e+00
      vertex   1.152974e+01 1.407102e+00 1.670542e+00
    endloop
  endfacet
  facet normal 9.597690e-01 1.408144e-01 -2.429296e-01
    outer loop
      vertex   1.152974e+01 1.407102e+00 1.670542e+00
      vertex   1.144802e+01 1.964124e+00 1.670542e+00
      vertex   1.167171e+01 1.424860e+00 2.241708e+00
    endloop
  endfacet
  facet normal 9.597705e-01 1.408325e-01 -2.429131e-01
    outer loop
      vertex   1.144802e+01 1.964124e+00 1.670542e+00
      vertex   1.158903e+01 1.988317e+00 2.241708e+00
      vertex   1.167171e+01 1.424860e+00 2.241708e+00
    endloop
  endfacet
  facet normal 9.315939e-01 1.366979e-01 -3.368182e-01
    outer loop
      vertex   1.167171e+01 1.424860e+00 2.241708e+00
      vertex   1.158903e+01 1.988317e+00 2.241708e+00
      vertex   1.186856e+01 1.449330e+00 2.796101e+00
    endloop
  endfacet
  facet normal 9.315970e-01 1.367158e-01 -3.368024e-01
    outer loop
      vertex   1.158903e+01 1.988317e+00 2.241708e+00
      vertex   1.178454e+01 2.021860e+00 2.796101e+00
      vertex   1.186856e+01 1.449330e+00 2.796101e+00
    endloop
  endfacet
  facet normal 2.430476e-01 0.000000e+00 -9.700144e-01
    outer loop
      vertex   1.632465e+01 3.963345e-01 6.384712e+00
      vertex   1.575365e+01 -3.824716e-01 6.241642e+00
      vertex   1.575365e+01 3.824716e-01 6.241642e+00
    endloop
  endfacet
  facet normal 3.369779e-01 0.000000e+00 -9.415126e-01
    outer loop
      vertex   1.575365e+01 3.824716e-01 6.241642e+00
      vertex   1.575365e+01 -3.824716e-01 6.241642e+00
      vertex   1.519942e+01 -3.690159e-01 6.043277e+00
    endloop
  endfacet
  facet normal 3.369779e-01 0.000000e+00 -9.415126e-01
    outer loop
      vertex   1.575365e+01 3.824716e-01 6.241642e+00
      vertex   1.519942e+01 -3.690159e-01 6.043277e+00
      vertex   1.519942e+01 3.690159e-01 6.043277e+00
    endloop
  endfacet
  facet normal 4.276580e-01 0.000000e+00 -9.039406e-01
    outer loop
      vertex   1.519942e+01 3.690159e-01 6.043277e+00
      vertex   1.519942e+01 -3.690159e-01 6.043277e+00
      vertex   1.466730e+01 -3.560969e-01 5.791528e+00
    endloop
  endfacet
  facet normal 4.276580e-01 0.000000e+00 -9.039406e-01
    outer loop
      vertex   1.519942e+01 3.690159e-01 6.043277e+00
      vertex   1.466730e+01 -3.560969e-01 5.791528e+00
      vertex   1.466730e+01 3.560969e-01 5.791528e+00
    endloop
  endfacet
  facet normal 5.142142e-01 0.000000e+00 -8.576618e-01
    outer loop
      vertex   1.466730e+01 3.560969e-01 5.791528e+00
      vertex   1.466730e+01 -3.560969e-01 5.791528e+00
      vertex   1.416241e+01 -3.438389e-01 5.488818e+00
    endloop
  endfacet
  facet normal 5.142142e-01 0.000000e+00 -8.576618e-01
    outer loop
      vertex   1.466730e+01 3.560969e-01 5.791528e+00
      vertex   1.416241e+01 -3.438389e-01 5.488818e+00
      vertex   1.416241e+01 3.438389e-01 5.488818e+00
    endloop
  endfacet
  facet normal 5.958125e-01 0.000000e+00 -8.031235e-01
    outer loop
      vertex   1.416241e+01 3.438389e-01 5.488818e+00
      vertex   1.416241e+01 -3.438389e-01 5.488818e+00
      vertex   1.368961e+01 -3.323602e-01 5.138063e+00
    endloop
  endfacet
  facet normal 7.410496e-01 0.000000e+00 -6.714503e-01
    outer loop
      vertex   1.285815e+01 -3.121738e-01 4.306360e+00
      vertex   1.285815e+01 3.121738e-01 4.306360e+00
      vertex   1.325345e+01 3.217712e-01 4.742641e+00
    endloop
  endfacet
  facet normal 7.410496e-01 0.000000e+00 -6.714503e-01
    outer loop
      vertex   1.285815e+01 -3.121738e-01 4.306360e+00
      vertex   1.325345e+01 3.217712e-01 4.742641e+00
      vertex   1.325345e+01 -3.217712e-01 4.742641e+00
    endloop
  endfacet
  facet normal 6.716676e-01 0.000000e+00 -7.408527e-01
    outer loop
      vertex   1.325345e+01 -3.217712e-01 4.742641e+00
      vertex   1.325345e+01 3.217712e-01 4.742641e+00
      vertex   1.368961e+01 3.323602e-01 5.138063e+00
    endloop
  endfacet
  facet normal 9.415755e-01 0.000000e+00 -3.368019e-01
    outer loop
      vertex   1.175489e+01 -2.853887e-01 2.241708e+00
      vertex   1.175489e+01 2.853887e-01 2.241708e+00
      vertex   1.195320e+01 2.902032e-01 2.796101e+00
    endloop
  endfacet
  facet normal 9.404662e-01 4.569275e-02 -3.368019e-01
    outer loop
      vertex   1.195320e+01 2.902032e-01 2.796101e+00
      vertex   1.175489e+01 2.853887e-01 2.241708e+00
      vertex   1.192503e+01 8.699259e-01 2.796101e+00
    endloop
  endfacet
  facet normal 9.415755e-01 0.000000e+00 -3.368019e-01
    outer loop
      vertex   1.175489e+01 -2.853887e-01 2.241708e+00
      vertex   1.195320e+01 2.902032e-01 2.796101e+00
      vertex   1.195320e+01 -2.902032e-01 2.796101e+00
    endloop
  endfacet
  facet normal 3.365808e-01 -1.635285e-02 -9.415126e-01
    outer loop
      vertex   1.519942e+01 -3.690159e-01 6.043277e+00
      vertex   1.575365e+01 -3.824716e-01 6.241642e+00
      vertex   1.516361e+01 -1.106178e+00 6.043277e+00
    endloop
  endfacet
  facet normal 4.271542e-01 -2.075338e-02 -9.039406e-01
    outer loop
      vertex   1.466730e+01 -3.560969e-01 5.791528e+00
      vertex   1.519942e+01 -3.690159e-01 6.043277e+00
      vertex   1.463274e+01 -1.067452e+00 5.791528e+00
    endloop
  endfacet
  facet normal 4.271542e-01 -2.075338e-02 -9.039406e-01
    outer loop
      vertex   1.463274e+01 -1.067452e+00 5.791528e+00
      vertex   1.519942e+01 -3.690159e-01 6.043277e+00
      vertex   1.516361e+01 -1.106178e+00 6.043277e+00
    endloop
  endfacet
  facet normal 5.136083e-01 -2.495377e-02 -8.576618e-01
    outer loop
      vertex   1.416241e+01 -3.438389e-01 5.488818e+00
      vertex   1.466730e+01 -3.560969e-01 5.791528e+00
      vertex   1.412903e+01 -1.030707e+00 5.488818e+00
    endloop
  endfacet
  facet normal 5.136083e-01 -2.495377e-02 -8.576618e-01
    outer loop
      vertex   1.412903e+01 -1.030707e+00 5.488818e+00
      vertex   1.466730e+01 -3.560969e-01 5.791528e+00
      vertex   1.463274e+01 -1.067452e+00 5.791528e+00
    endloop
  endfacet
  facet normal 5.951106e-01 -2.891357e-02 -8.031235e-01
    outer loop
      vertex   1.368961e+01 -3.323602e-01 5.138063e+00
      vertex   1.416241e+01 -3.438389e-01 5.488818e+00
      vertex   1.365735e+01 -9.962974e-01 5.138063e+00
    endloop
  endfacet
  facet normal 5.951106e-01 -2.891357e-02 -8.031235e-01
    outer loop
      vertex   1.365735e+01 -9.962974e-01 5.138063e+00
      vertex   1.416241e+01 -3.438389e-01 5.488818e+00
      vertex   1.412903e+01 -1.030707e+00 5.488818e+00
    endloop
  endfacet
  facet normal 6.708762e-01 -3.259466e-02 -7.408527e-01
    outer loop
      vertex   1.365735e+01 -9.962974e-01 5.138063e+00
      vertex   1.322222e+01 -9.645553e-01 4.742641e+00
      vertex   1.368961e+01 -3.323602e-01 5.138063e+00
    endloop
  endfacet
  facet normal 7.401765e-01 -3.596163e-02 -6.714503e-01
    outer loop
      vertex   1.285815e+01 -3.121738e-01 4.306360e+00
      vertex   1.325345e+01 -3.217712e-01 4.742641e+00
      vertex   1.282785e+01 -9.357859e-01 4.306360e+00
    endloop
  endfacet
  facet normal 9.404662e-01 -4.569275e-02 -3.368019e-01
    outer loop
      vertex   1.175489e+01 -2.853887e-01 2.241708e+00
      vertex   1.195320e+01 -2.902032e-01 2.796101e+00
      vertex   1.172720e+01 -8.554936e-01 2.241708e+00
    endloop
  endfacet
  facet normal 9.404662e-01 -4.569275e-02 -3.368019e-01
    outer loop
      vertex   1.172720e+01 -8.554936e-01 2.241708e+00
      vertex   1.195320e+01 -2.902032e-01 2.796101e+00
      vertex   1.192503e+01 -8.699259e-01 2.796101e+00
    endloop
  endfacet
  facet normal 9.371359e-01 -9.132911e-02 -3.368015e-01
    outer loop
      vertex   1.172720e+01 -8.554936e-01 2.241708e+00
      vertex   1.192503e+01 -8.699259e-01 2.796101e+00
      vertex   1.167171e+01 -1.424860e+00 2.241708e+00
    endloop
  endfacet
  facet normal 9.371399e-01 -9.134675e-02 -3.367856e-01
    outer loop
      vertex   1.167171e+01 -1.424860e+00 2.241708e+00
      vertex   1.192503e+01 -8.699259e-01 2.796101e+00
      vertex   1.186856e+01 -1.449330e+00 2.796101e+00
    endloop
  endfacet
  facet normal 9.315939e-01 -1.366979e-01 -3.368182e-01
    outer loop
      vertex   1.167171e+01 -1.424860e+00 2.241708e+00
      vertex   1.186856e+01 -1.449330e+00 2.796101e+00
      vertex   1.158903e+01 -1.988317e+00 2.241708e+00
    endloop
  endfacet
  facet normal 0.000000e+00 0.000000e+00 -1.000000e+00
    outer loop
      vertex   1.743560e+01 -1.500000e+00 6.500000e+00
      vertex   1.749284e+01 -5.005460e-01 6.500000e+00
      vertex   1.900000e+01 -1.500000e+00 6.500000e+00
    endloop
  endfacet
  facet normal 0.000000e+00 0.000000e+00 -1.000000e+00
    outer loop
      vertex   1.900000e+01 -1.500000e+00 6.500000e+00
      vertex   1.749284e+01 -5.005460e-01 6.500000e+00
      vertex   1.749284e+01 5.005460e-01 6.500000e+00
    endloop
  endfacet
  facet normal 0.000000e+00 0.000000e+00 -1.000000e+00
    outer loop
      vertex   1.900000e+01 -1.500000e+00 6.500000e+00
      vertex   1.749284e+01 5.005460e-01 6.500000e+00
      vertex   1.900000e+01 1.500000e+00 6.500000e+00
    endloop
  endfacet
  facet normal -0.000000e+00 0.000000e+00 -1.000000e+00
    outer loop
      vertex   1.900000e+01 1.500000e+00 6.500000e+00
      vertex   1.749284e+01 5.005460e-01 6.500000e+00
      vertex   1.743560e+01 1.500000e+00 6.500000e+00
    endloop
  endfacet
  facet normal 9.987955e-01 0.000000e+00 -4.906767e-02
    outer loop
      vertex   2.450000e+01 1.500000e+00 1.200000e+01
      vertex   2.450000e+01 -1.500000e+00 1.200000e+01
      vertex   2.447352e+01 1.500000e+00 1.146091e+01
    endloop
  endfacet
  facet normal 9.987955e-01 1.153758e-15 -4.906767e-02
    outer loop
      vertex   2.447352e+01 1.500000e+00 1.146091e+01
      vertex   2.450000e+01 -1.500000e+00 1.200000e+01
      vertex   2.447352e+01 -1.500000e+00 1.146091e+01
    endloop
  endfacet
  facet normal 9.891765e-01 1.084538e-15 -1.467305e-01
    outer loop
      vertex   2.447352e+01 1.500000e+00 1.146091e+01
      vertex   2.447352e+01 -1.500000e+00 1.146091e+01
      vertex   2.439432e+01 1.500000e+00 1.092700e+01
    endloop
  endfacet
  facet normal 9.891765e-01 -8.688189e-17 -1.467305e-01
    outer loop
      vertex   2.439432e+01 1.500000e+00 1.092700e+01
      vertex   2.447352e+01 -1.500000e+00 1.146091e+01
      vertex   2.439432e+01 -1.500000e+00 1.092700e+01
    endloop
  endfacet
  facet normal 9.700313e-01 -1.438732e-16 -2.429802e-01
    outer loop
      vertex   2.439432e+01 1.500000e+00 1.092700e+01
      vertex   2.439432e+01 -1.500000e+00 1.092700e+01
      vertex   2.426317e+01 1.500000e+00 1.040343e+01
    endloop
  endfacet
  facet normal 9.700313e-01 0.000000e+00 -2.429802e-01
    outer loop
      vertex   2.426317e+01 1.500000e+00 1.040343e+01
      vertex   2.439432e+01 -1.500000e+00 1.092700e+01
      vertex   2.426317e+01 -1.500000e+00 1.040343e+01
    endloop
  endfacet
  facet normal 9.415441e-01 0.000000e+00 -3.368899e-01
    outer loop
      vertex   2.426317e+01 1.500000e+00 1.040343e+01
      vertex   2.426317e+01 -1.500000e+00 1.040343e+01
      vertex   2.408134e+01 1.500000e+00 9.895241e+00
    endloop
  endfacet
  facet normal 9.415441e-01 1.994789e-16 -3.368899e-01
    outer loop
      vertex   2.408134e+01 1.500000e+00 9.895241e+00
      vertex   2.426317e+01 -1.500000e+00 1.040343e+01
      vertex   2.408134e+01 -1.500000e+00 9.895241e+00
    endloop
  endfacet
  facet normal 9.039893e-01 2.531635e-16 -4.275551e-01
    outer loop
      vertex   2.408134e+01 1.500000e+00 9.895241e+00
      vertex   2.408134e+01 -1.500000e+00 9.895241e+00
      vertex   2.385057e+01 1.500000e+00 9.407318e+00
    endloop
  endfacet
  facet normal 9.039893e-01 -2.531635e-16 -4.275551e-01
    outer loop
      vertex   2.385057e+01 1.500000e+00 9.407318e+00
      vertex   2.408134e+01 -1.500000e+00 9.895241e+00
      vertex   2.385057e+01 -1.500000e+00 9.407318e+00
    endloop
  endfacet
  facet normal 8.577286e-01 -3.044100e-16 -5.141027e-01
    outer loop
      vertex   2.385057e+01 1.500000e+00 9.407318e+00
      vertex   2.385057e+01 -1.500000e+00 9.407318e+00
      vertex   2.357308e+01 1.500000e+00 8.944364e+00
    endloop
  endfacet
  facet normal 8.577286e-01 0.000000e+00 -5.141027e-01
    outer loop
      vertex   2.357308e+01 1.500000e+00 8.944364e+00
      vertex   2.385057e+01 -1.500000e+00 9.407318e+00
      vertex   2.357308e+01 -1.500000e+00 8.944364e+00
    endloop
  endfacet
  facet normal 8.032075e-01 0.000000e+00 -5.956993e-01
    outer loop
      vertex   2.357308e+01 1.500000e+00 8.944364e+00
      vertex   2.357308e+01 -1.500000e+00 8.944364e+00
      vertex   2.325156e+01 1.500000e+00 8.510837e+00
    endloop
  endfacet
  facet normal 8.032075e-01 9.511888e-16 -5.956993e-01
    outer loop
      vertex   2.325156e+01 1.500000e+00 8.510837e+00
      vertex   2.357308e+01 -1.500000e+00 8.944364e+00
      vertex   2.325156e+01 -1.500000e+00 8.510837e+00
    endloop
  endfacet
  facet normal 7.409511e-01 8.774624e-16 -6.715590e-01
    outer loop
      vertex   2.325156e+01 1.500000e+00 8.510837e+00
      vertex   2.325156e+01 -1.500000e+00 8.510837e+00
      vertex   2.288909e+01 1.500000e+00 8.110913e+00
    endloop
  endfacet
  facet normal 7.409511e-01 0.000000e+00 -6.715590e-01
    outer loop
      vertex   2.288909e+01 1.500000e+00 8.110913e+00
      vertex   2.325156e+01 -1.500000e+00 8.510837e+00
      vertex   2.288909e+01 -1.500000e+00 8.110913e+00
    endloop
  endfacet
  facet normal 6.715590e-01 0.000000e+00 -7.409511e-01
    outer loop
      vertex   2.288909e+01 1.500000e+00 8.110913e+00
      vertex   2.288909e+01 -1.500000e+00 8.110913e+00
      vertex   2.248916e+01 1.500000e+00 7.748443e+00
    endloop
  endfacet
  facet normal 6.715590e-01 0.000000e+00 -7.409511e-01
    outer loop
      vertex   2.248916e+01 1.500000e+00 7.748443e+00
      vertex   2.288909e+01 -1.500000e+00 8.110913e+00
      vertex   2.248916e+01 -1.500000e+00 7.748443e+00
    endloop
  endfacet
  facet normal 5.956993e-01 0.000000e+00 -8.032075e-01
    outer loop
      vertex   2.248916e+01 1.500000e+00 7.748443e+00
      vertex   2.248916e+01 -1.500000e+00 7.748443e+00
      vertex   2.205564e+01 1.500000e+00 7.426917e+00
    endloop
  endfacet
  facet normal 5.956993e-01 0.000000e+00 -8.032075e-01
    outer loop
      vertex   2.205564e+01 1.500000e+00 7.426917e+00
      vertex   2.248916e+01 -1.500000e+00 7.748443e+00
      vertex   2.205564e+01 -1.500000e+00 7.426917e+00
    endloop
  endfacet
  facet normal 5.141027e-01 0.000000e+00 -8.577286e-01
    outer loop
      vertex   2.205564e+01 1.500000e+00 7.426917e+00
      vertex   2.205564e+01 -1.500000e+00 7.426917e+00
      vertex   2.159268e+01 1.500000e+00 7.149433e+00
    endloop
  endfacet
  facet normal 5.141027e-01 -2.539387e-16 -8.577286e-01
    outer loop
      vertex   2.159268e+01 1.500000e+00 7.149433e+00
      vertex   2.205564e+01 -1.500000e+00 7.426917e+00
      vertex   2.159268e+01 -1.500000e+00 7.149433e+00
    endloop
  endfacet
  facet normal 4.275551e-01 -2.676346e-16 -9.039893e-01
    outer loop
      vertex   2.159268e+01 1.500000e+00 7.149433e+00
      vertex   2.159268e+01 -1.500000e+00 7.149433e+00
      vertex   2.110476e+01 1.500000e+00 6.918663e+00
    endloop
  endfacet
  facet normal 4.275551e-01 -2.965768e-16 -9.039893e-01
    outer loop
      vertex   2.110476e+01 1.500000e+00 6.918663e+00
      vertex   2.159268e+01 -1.500000e+00 7.149433e+00
      vertex   2.110476e+01 -1.500000e+00 6.918663e+00
    endloop
  endfacet
  facet normal 3.368899e-01 -4.373014e-16 -9.415441e-01
    outer loop
      vertex   2.110476e+01 1.500000e+00 6.918663e+00
      vertex   2.110476e+01 -1.500000e+00 6.918663e+00
      vertex   2.059657e+01 1.500000e+00 6.736828e+00
    endloop
  endfacet
  facet normal 3.368899e-01 2.787530e-16 -9.415441e-01
    outer loop
      vertex   2.059657e+01 1.500000e+00 6.736828e+00
      vertex   2.110476e+01 -1.500000e+00 6.918663e+00
      vertex   2.059657e+01 -1.500000e+00 6.736828e+00
    endloop
  endfacet
  facet normal 2.429802e-01 2.871869e-16 -9.700313e-01
    outer loop
      vertex   2.059657e+01 1.500000e+00 6.736828e+00
      vertex   2.059657e+01 -1.500000e+00 6.736828e+00
      vertex   2.007300e+01 1.500000e+00 6.605681e+00
    endloop
  endfacet
  facet normal 2.429802e-01 5.743739e-16 -9.700313e-01
    outer loop
      vertex   2.007300e+01 1.500000e+00 6.605681e+00
      vertex   2.059657e+01 -1.500000e+00 6.736828e+00
      vertex   2.007300e+01 -1.500000e+00 6.605681e+00
    endloop
  endfacet
  facet normal 1.467305e-01 5.857102e-16 -9.891765e-01
    outer loop
      vertex   2.007300e+01 1.500000e+00 6.605681e+00
      vertex   2.007300e+01 -1.500000e+00 6.605681e+00
      vertex   1.953909e+01 1.500000e+00 6.526484e+00
    endloop
  endfacet
  facet normal 1.467305e-01 -1.190913e-16 -9.891765e-01
    outer loop
      vertex   1.953909e+01 1.500000e+00 6.526484e+00
      vertex   2.007300e+01 -1.500000e+00 6.605681e+00
      vertex   1.953909e+01 -1.500000e+00 6.526484e+00
    endloop
  endfacet
  facet normal 4.906767e-02 -2.375951e-16 -9.987955e-01
    outer loop
      vertex   1.953909e+01 1.500000e+00 6.526484e+00
      vertex   1.953909e+01 -1.500000e+00 6.526484e+00
      vertex   1.900000e+01 1.500000e+00 6.500000e+00
    endloop
  endfacet
  facet normal 4.906767e-02 0.000000e+00 -9.987955e-01
    outer loop
      vertex   1.900000e+01 1.500000e+00 6.500000e+00
      vertex   1.953909e+01 -1.500000e+00 6.526484e+00
      vertex   1.900000e+01 -1.500000e+00 6.500000e+00
    endloop
  endfacet
  facet normal 9.974521e-01 -0.000000e+00 7.133918e-02
    outer loop
      vertex   2.450000e+01 -1.500000e+00 1.400000e+01
      vertex   2.450000e+01 1.500000e+00 1.400000e+01
      vertex   2.447455e+01 -1.500000e+00 1.435579e+01
    endloop
  endfacet
  facet normal 9.974521e-01 -4.224128e-17 7.133918e-02
    outer loop
      vertex   2.447455e+01 -1.500000e+00 1.435579e+01
      vertex   2.450000e+01 1.500000e+00 1.400000e+01
      vertex   2.447455e+01 1.500000e+00 1.435579e+01
    endloop
  endfacet
  facet normal 9.771469e-01 -1.258639e-16 2.125653e-01
    outer loop
      vertex   2.447455e+01 -1.500000e+00 1.435579e+01
      vertex   2.447455e+01 1.500000e+00 1.435579e+01
      vertex   2.439873e+01 -1.500000e+00 1.470433e+01
    endloop
  endfacet
  facet normal 9.771469e-01 -0.000000e+00 2.125653e-01
    outer loop
      vertex   2.439873e+01 -1.500000e+00 1.470433e+01
      vertex   2.447455e+01 1.500000e+00 1.435579e+01
      vertex   2.439873e+01 1.500000e+00 1.470433e+01
    endloop
  endfacet
  facet normal 9.369497e-01 -0.000000e+00 3.494642e-01
    outer loop
      vertex   2.439873e+01 -1.500000e+00 1.470433e+01
      vertex   2.439873e+01 1.500000e+00 1.470433e+01
      vertex   2.427408e+01 -1.500000e+00 1.503854e+01
    endloop
  endfacet
  facet normal 9.369497e-01 -0.000000e+00 3.494642e-01
    outer loop
      vertex   2.427408e+01 -1.500000e+00 1.503854e+01
      vertex   2.439873e+01 1.500000e+00 1.470433e+01
      vertex   2.427408e+01 1.500000e+00 1.503854e+01
    endloop
  endfacet
  facet normal 8.776790e-01 -0.000000e+00 4.792490e-01
    outer loop
      vertex   2.427408e+01 -1.500000e+00 1.503854e+01
      vertex   2.427408e+01 1.500000e+00 1.503854e+01
      vertex   2.410313e+01 -1.500000e+00 1.535160e+01
    endloop
  endfacet
  facet normal 8.776790e-01 -0.000000e+00 4.792490e-01
    outer loop
      vertex   2.410313e+01 -1.500000e+00 1.535160e+01
      vertex   2.427408e+01 1.500000e+00 1.503854e+01
      vertex   2.410313e+01 1.500000e+00 1.535160e+01
    endloop
  endfacet
  facet normal 8.005412e-01 -0.000000e+00 5.992777e-01
    outer loop
      vertex   2.410313e+01 -1.500000e+00 1.535160e+01
      vertex   2.410313e+01 1.500000e+00 1.535160e+01
      vertex   2.388937e+01 -1.500000e+00 1.563715e+01
    endloop
  endfacet
  facet normal 8.005412e-01 -0.000000e+00 5.992777e-01
    outer loop
      vertex   2.388937e+01 -1.500000e+00 1.563715e+01
      vertex   2.410313e+01 1.500000e+00 1.535160e+01
      vertex   2.388937e+01 1.500000e+00 1.563715e+01
    endloop
  endfacet
  facet normal 7.071068e-01 -0.000000e+00 7.071068e-01
    outer loop
      vertex   2.388937e+01 -1.500000e+00 1.563715e+01
      vertex   2.388937e+01 1.500000e+00 1.563715e+01
      vertex   2.363715e+01 -1.500000e+00 1.588937e+01
    endloop
  endfacet
  facet normal 7.071068e-01 -0.000000e+00 7.071068e-01
    outer loop
      vertex   2.363715e+01 -1.500000e+00 1.588937e+01
      vertex   2.388937e+01 1.500000e+00 1.563715e+01
      vertex   2.363715e+01 1.500000e+00 1.588937e+01
    endloop
  endfacet
  facet normal 5.992777e-01 -0.000000e+00 8.005412e-01
    outer loop
      vertex   2.363715e+01 -1.500000e+00 1.588937e+01
      vertex   2.363715e+01 1.500000e+00 1.588937e+01
      vertex   2.335160e+01 -1.500000e+00 1.610313e+01
    endloop
  endfacet
  facet normal 5.992777e-01 -0.000000e+00 8.005412e-01
    outer loop
      vertex   2.335160e+01 -1.500000e+00 1.610313e+01
      vertex   2.363715e+01 1.500000e+00 1.588937e+01
      vertex   2.335160e+01 1.500000e+00 1.610313e+01
    endloop
  endfacet
  facet normal 4.792490e-01 -0.000000e+00 8.776790e-01
    outer loop
      vertex   2.335160e+01 -1.500000e+00 1.610313e+01
      vertex   2.335160e+01 1.500000e+00 1.610313e+01
      vertex   2.303854e+01 -1.500000e+00 1.627408e+01
    endloop
  endfacet
  facet normal 4.792490e-01 -0.000000e+00 8.776790e-01
    outer loop
      vertex   2.303854e+01 -1.500000e+00 1.627408e+01
      vertex   2.335160e+01 1.500000e+00 1.610313e+01
      vertex   2.303854e+01 1.500000e+00 1.627408e+01
    endloop
  endfacet
  facet normal 3.494642e-01 -0.000000e+00 9.369497e-01
    outer loop
      vertex   2.303854e+01 -1.500000e+00 1.627408e+01
      vertex   2.303854e+01 1.500000e+00 1.627408e+01
      vertex   2.270433e+01 -1.500000e+00 1.639873e+01
    endloop
  endfacet
  facet normal 3.494642e-01 -0.000000e+00 9.369497e-01
    outer loop
      vertex   2.270433e+01 -1.500000e+00 1.639873e+01
      vertex   2.303854e+01 1.500000e+00 1.627408e+01
      vertex   2.270433e+01 1.500000e+00 1.639873e+01
    endloop
  endfacet
  facet normal 2.125653e-01 -0.000000e+00 9.771469e-01
    outer loop
      vertex   2.270433e+01 -1.500000e+00 1.639873e+01
      vertex   2.270433e+01 1.500000e+00 1.639873e+01
      vertex   2.235579e+01 -1.500000e+00 1.647455e+01
    endloop
  endfacet
  facet normal 2.125653e-01 -1.157174e-15 9.771469e-01
    outer loop
      vertex   2.235579e+01 -1.500000e+00 1.647455e+01
      vertex   2.270433e+01 1.500000e+00 1.639873e+01
      vertex   2.235579e+01 1.500000e+00 1.647455e+01
    endloop
  endfacet
  facet normal 7.133918e-02 -1.181221e-15 9.974521e-01
    outer loop
      vertex   2.235579e+01 -1.500000e+00 1.647455e+01
      vertex   2.235579e+01 1.500000e+00 1.647455e+01
      vertex   2.200000e+01 -1.500000e+00 1.650000e+01
    endloop
  endfacet
  facet normal 7.133918e-02 -0.000000e+00 9.974521e-01
    outer loop
      vertex   2.200000e+01 -1.500000e+00 1.650000e+01
      vertex   2.235579e+01 1.500000e+00 1.647455e+01
      vertex   2.200000e+01 1.500000e+00 1.650000e+01
    endloop
  endfacet
  facet normal 0.000000e+00 0.000000e+00 1.000000e+00
    outer loop
      vertex   2.200000e+01 1.500000e+00 1.650000e+01
      vertex   1.773794e+01 5.005310e-01 1.650000e+01
      vertex   2.200000e+01 -1.500000e+00 1.650000e+01
    endloop
  endfacet
  facet normal 0.000000e+00 0.000000e+00 1.000000e+00
    outer loop
      vertex   2.200000e+01 -1.500000e+00 1.650000e+01
      vertex   1.773794e+01 5.005310e-01 1.650000e+01
      vertex   1.773794e+01 -5.005310e-01 1.650000e+01
    endloop
  endfacet
  facet normal 0.000000e+00 0.000000e+00 1.000000e+00
    outer loop
      vertex   2.200000e+01 -1.500000e+00 1.650000e+01
      vertex   1.773794e+01 -5.005310e-01 1.650000e+01
      vertex   1.768149e+01 -1.500000e+00 1.650000e+01
    endloop
  endfacet
  facet normal 0.000000e+00 0.000000e+00 1.000000e+00
    outer loop
      vertex   2.200000e+01 1.500000e+00 1.650000e+01
      vertex   1.768149e+01 1.500000e+00 1.650000e+01
      vertex   1.773794e+01 5.005310e-01 1.650000e+01
    endloop
  endfacet
  facet normal 0.000000e+00 1.000000e+00 -0.000000e+00
    outer loop
      vertex   1.378405e+01 1.500000e+00 5.273873e+00
      vertex   1.378405e+01 1.500000e+00 1.577554e+01
      vertex   1.419618e+01 1.500000e+00 5.559634e+00
    endloop
  endfacet
  facet normal 0.000000e+00 1.000000e+00 -0.000000e+00
    outer loop
      vertex   1.419618e+01 1.500000e+00 5.559634e+00
      vertex   1.378405e+01 1.500000e+00 1.577554e+01
      vertex   1.462743e+01 1.500000e+00 5.808297e+00
    endloop
  endfacet
  facet normal 0.000000e+00 1.000000e+00 -0.000000e+00
    outer loop
      vertex   1.462743e+01 1.500000e+00 5.808297e+00
      vertex   1.378405e+01 1.500000e+00 1.577554e+01
      vertex   1.506081e+01 1.500000e+00 6.014347e+00
    endloop
  endfacet
  facet normal 0.000000e+00 1.000000e+00 -0.000000e+00
    outer loop
      vertex   1.506081e+01 1.500000e+00 6.014347e+00
      vertex   1.378405e+01 1.500000e+00 1.577554e+01
      vertex   1.550216e+01 1.500000e+00 6.182291e+00
    endloop
  endfacet
  facet normal 0.000000e+00 1.000000e+00 -0.000000e+00
    outer loop
      vertex   1.550216e+01 1.500000e+00 6.182291e+00
      vertex   1.378405e+01 1.500000e+00 1.577554e+01
      vertex   1.832891e+01 1.500000e+00 1.169720e+01
    endloop
  endfacet
  facet normal 0.000000e+00 1.000000e+00 0.000000e+00
    outer loop
      vertex   1.550216e+01 1.500000e+00 6.182291e+00
      vertex   1.832891e+01 1.500000e+00 1.169720e+01
      vertex   1.841461e+01 1.500000e+00 1.140534e+01
    endloop
  endfacet
  facet normal 0.000000e+00 1.000000e+00 0.000000e+00
    outer loop
      vertex   1.424207e+01 1.500000e+00 1.593978e+01
      vertex   1.832891e+01 1.500000e+00 1.230280e+01
      vertex   1.378405e+01 1.500000e+00 1.577554e+01
    endloop
  endfacet
  facet normal 0.000000e+00 1.000000e+00 0.000000e+00
    outer loop
      vertex   1.378405e+01 1.500000e+00 1.577554e+01
      vertex   1.832891e+01 1.500000e+00 1.230280e+01
      vertex   1.830000e+01 1.500000e+00 1.200000e+01
    endloop
  endfacet
  facet normal 0.000000e+00 1.000000e+00 0.000000e+00
    outer loop
      vertex   1.378405e+01 1.500000e+00 1.577554e+01
      vertex   1.830000e+01 1.500000e+00 1.200000e+01
      vertex   1.832891e+01 1.500000e+00 1.169720e+01
    endloop
  endfacet
  facet normal -0.000000e+00 1.000000e+00 0.000000e+00
    outer loop
      vertex   1.424207e+01 1.500000e+00 1.593978e+01
      vertex   1.471912e+01 1.500000e+00 1.608695e+01
      vertex   1.832891e+01 1.500000e+00 1.230280e+01
    endloop
  endfacet
  facet normal 0.000000e+00 1.000000e+00 0.000000e+00
    outer loop
      vertex   1.832891e+01 1.500000e+00 1.230280e+01
      vertex   1.471912e+01 1.500000e+00 1.608695e+01
      vertex   1.520999e+01 1.500000e+00 1.621428e+01
    endloop
  endfacet
  facet normal 0.000000e+00 1.000000e+00 -0.000000e+00
    outer loop
      vertex   1.832891e+01 1.500000e+00 1.230280e+01
      vertex   1.520999e+01 1.500000e+00 1.621428e+01
      vertex   1.841461e+01 1.500000e+00 1.259466e+01
    endloop
  endfacet
  facet normal 1.124854e-15 1.000000e+00 9.958870e-16
    outer loop
      vertex   1.841461e+01 1.500000e+00 1.259466e+01
      vertex   1.520999e+01 1.500000e+00 1.621428e+01
      vertex   1.570946e+01 1.500000e+00 1.631901e+01
    endloop
  endfacet
  facet normal -1.212853e-15 1.000000e+00 -7.020861e-16
    outer loop
      vertex   1.841461e+01 1.500000e+00 1.259466e+01
      vertex   1.570946e+01 1.500000e+00 1.631901e+01
      vertex   1.621218e+01 1.500000e+00 1.639935e+01
    endloop
  endfacet
  facet normal 0.000000e+00 1.000000e+00 -0.000000e+00
    outer loop
      vertex   1.841461e+01 1.500000e+00 1.259466e+01
      vertex   1.621218e+01 1.500000e+00 1.639935e+01
      vertex   1.855399e+01 1.500000e+00 1.286503e+01
    endloop
  endfacet
  facet normal 0.000000e+00 1.000000e+00 0.000000e+00
    outer loop
      vertex   1.855399e+01 1.500000e+00 1.286503e+01
      vertex   1.621218e+01 1.500000e+00 1.639935e+01
      vertex   1.671234e+01 1.500000e+00 1.645578e+01
    endloop
  endfacet
  facet normal 0.000000e+00 1.000000e+00 -0.000000e+00
    outer loop
      vertex   1.855399e+01 1.500000e+00 1.286503e+01
      vertex   1.671234e+01 1.500000e+00 1.645578e+01
      vertex   1.874203e+01 1.500000e+00 1.310413e+01
    endloop
  endfacet
  facet normal 0.000000e+00 1.000000e+00 0.000000e+00
    outer loop
      vertex   1.874203e+01 1.500000e+00 1.310413e+01
      vertex   1.671234e+01 1.500000e+00 1.645578e+01
      vertex   1.720407e+01 1.500000e+00 1.648908e+01
    endloop
  endfacet
  facet normal 0.000000e+00 1.000000e+00 0.000000e+00
    outer loop
      vertex   1.874203e+01 1.500000e+00 1.310413e+01
      vertex   1.720407e+01 1.500000e+00 1.648908e+01
      vertex   1.768149e+01 1.500000e+00 1.650000e+01
    endloop
  endfacet
  facet normal 0.000000e+00 1.000000e+00 0.000000e+00
    outer loop
      vertex   2.200000e+01 1.500000e+00 1.650000e+01
      vertex   1.982387e+01 1.500000e+00 1.359819e+01
      vertex   1.768149e+01 1.500000e+00 1.650000e+01
    endloop
  endfacet
  facet normal 0.000000e+00 1.000000e+00 0.000000e+00
    outer loop
      vertex   1.768149e+01 1.500000e+00 1.650000e+01
      vertex   1.982387e+01 1.500000e+00 1.359819e+01
      vertex   1.952279e+01 1.500000e+00 1.355490e+01
    endloop
  endfacet
  facet normal 0.000000e+00 1.000000e+00 0.000000e+00
    outer loop
      vertex   1.768149e+01 1.500000e+00 1.650000e+01
      vertex   1.952279e+01 1.500000e+00 1.355490e+01
      vertex   1.923534e+01 1.500000e+00 1.345541e+01
    endloop
  endfacet
  facet normal 0.000000e+00 1.000000e+00 0.000000e+00
    outer loop
      vertex   2.235579e+01 1.500000e+00 1.647455e+01
      vertex   2.094778e+01 1.500000e+00 1.320920e+01
      vertex   2.200000e+01 1.500000e+00 1.650000e+01
    endloop
  endfacet
  facet normal 0.000000e+00 1.000000e+00 0.000000e+00
    outer loop
      vertex   2.200000e+01 1.500000e+00 1.650000e+01
      vertex   2.094778e+01 1.500000e+00 1.320920e+01
      vertex   2.070000e+01 1.500000e+00 1.338564e+01
    endloop
  endfacet
  facet normal 0.000000e+00 1.000000e+00 0.000000e+00
    outer loop
      vertex   2.200000e+01 1.500000e+00 1.650000e+01
      vertex   2.070000e+01 1.500000e+00 1.338564e+01
      vertex   2.042331e+01 1.500000e+00 1.351200e+01
    endloop
  endfacet
  facet normal 0.000000e+00 1.000000e+00 0.000000e+00
    outer loop
      vertex   2.235579e+01 1.500000e+00 1.647455e+01
      vertex   2.270433e+01 1.500000e+00 1.639873e+01
      vertex   2.094778e+01 1.500000e+00 1.320920e+01
    endloop
  endfacet
  facet normal 0.000000e+00 1.000000e+00 0.000000e+00
    outer loop
      vertex   2.094778e+01 1.500000e+00 1.320920e+01
      vertex   2.270433e+01 1.500000e+00 1.639873e+01
      vertex   2.303854e+01 1.500000e+00 1.627408e+01
    endloop
  endfacet
  facet normal 0.000000e+00 1.000000e+00 0.000000e+00
    outer loop
      vertex   2.094778e+01 1.500000e+00 1.320920e+01
      vertex   2.303854e+01 1.500000e+00 1.627408e+01
      vertex   2.335160e+01 1.500000e+00 1.610313e+01
    endloop
  endfacet
  facet normal -0.000000e+00 1.000000e+00 0.000000e+00
    outer loop
      vertex   2.094778e+01 1.500000e+00 1.320920e+01
      vertex   2.335160e+01 1.500000e+00 1.610313e+01
      vertex   2.115768e+01 1.500000e+00 1.298905e+01
    endloop
  endfacet
  facet normal 0.000000e+00 1.000000e+00 0.000000e+00
    outer loop
      vertex   2.115768e+01 1.500000e+00 1.298905e+01
      vertex   2.335160e+01 1.500000e+00 1.610313e+01
      vertex   2.363715e+01 1.500000e+00 1.588937e+01
    endloop
  endfacet
  facet normal 0.000000e+00 1.000000e+00 0.000000e+00
    outer loop
      vertex   2.115768e+01 1.500000e+00 1.298905e+01
      vertex   2.363715e+01 1.500000e+00 1.588937e+01
      vertex   2.388937e+01 1.500000e+00 1.563715e+01
    endloop
  endfacet
  facet normal 0.000000e+00 1.000000e+00 0.000000e+00
    outer loop
      vertex   2.388937e+01 1.500000e+00 1.563715e+01
      vertex   2.410313e+01 1.500000e+00 1.535160e+01
      vertex   2.115768e+01 1.500000e+00 1.298905e+01
    endloop
  endfacet
  facet normal 0.000000e+00 1.000000e+00 0.000000e+00
    outer loop
      vertex   2.115768e+01 1.500000e+00 1.298905e+01
      vertex   2.410313e+01 1.500000e+00 1.535160e+01
      vertex   2.427408e+01 1.500000e+00 1.503854e+01
    endloop
  endfacet
  facet normal 0.000000e+00 1.000000e+00 0.000000e+00
    outer loop
      vertex   2.115768e+01 1.500000e+00 1.298905e+01
      vertex   2.427408e+01 1.500000e+00 1.503854e+01
      vertex   2.439873e+01 1.500000e+00 1.470433e+01
    endloop
  endfacet
  facet normal 0.000000e+00 1.000000e+00 0.000000e+00
    outer loop
      vertex   2.439873e+01 1.500000e+00 1.470433e+01
      vertex   2.447455e+01 1.500000e+00 1.435579e+01
      vertex   2.115768e+01 1.500000e+00 1.298905e+01
    endloop
  endfacet
  facet normal 0.000000e+00 1.000000e+00 0.000000e+00
    outer loop
      vertex   2.115768e+01 1.500000e+00 1.298905e+01
      vertex   2.447455e+01 1.500000e+00 1.435579e+01
      vertex   2.450000e+01 1.500000e+00 1.400000e+01
    endloop
  endfacet
  facet normal -0.000000e+00 1.000000e+00 0.000000e+00
    outer loop
      vertex   2.115768e+01 1.500000e+00 1.298905e+01
      vertex   2.450000e+01 1.500000e+00 1.400000e+01
      vertex   2.132214e+01 1.500000e+00 1.273316e+01
    endloop
  endfacet
  facet normal -0.000000e+00 1.000000e+00 0.000000e+00
    outer loop
      vertex   2.132214e+01 1.500000e+00 1.273316e+01
      vertex   2.450000e+01 1.500000e+00 1.400000e+01
      vertex   2.143519e+01 1.500000e+00 1.245077e+01
    endloop
  endfacet
  facet normal -0.000000e+00 1.000000e+00 0.000000e+00
    outer loop
      vertex   2.143519e+01 1.500000e+00 1.245077e+01
      vertex   2.450000e+01 1.500000e+00 1.400000e+01
      vertex   2.450000e+01 1.500000e+00 1.200000e+01
    endloop
  endfacet
  facet normal 0.000000e+00 1.000000e+00 0.000000e+00
    outer loop
      vertex   2.143519e+01 1.500000e+00 1.245077e+01
      vertex   2.450000e+01 1.500000e+00 1.200000e+01
      vertex   2.149276e+01 1.500000e+00 1.215209e+01
    endloop
  endfacet
  facet normal 0.000000e+00 1.000000e+00 0.000000e+00
    outer loop
      vertex   2.149276e+01 1.500000e+00 1.215209e+01
      vertex   2.450000e+01 1.500000e+00 1.200000e+01
      vertex   2.149276e+01 1.500000e+00 1.184791e+01
    endloop
  endfacet
  facet normal -0.000000e+00 1.000000e+00 0.000000e+00
    outer loop
      vertex   2.149276e+01 1.500000e+00 1.184791e+01
      vertex   2.450000e+01 1.500000e+00 1.200000e+01
      vertex   2.447352e+01 1.500000e+00 1.146091e+01
    endloop
  endfacet
  facet normal 0.000000e+00 1.000000e+00 0.000000e+00
    outer loop
      vertex   2.149276e+01 1.500000e+00 1.184791e+01
      vertex   2.447352e+01 1.500000e+00 1.146091e+01
      vertex   2.439432e+01 1.500000e+00 1.092700e+01
    endloop
  endfacet
  facet normal 0.000000e+00 1.000000e+00 0.000000e+00
    outer loop
      vertex   2.149276e+01 1.500000e+00 1.184791e+01
      vertex   2.439432e+01 1.500000e+00 1.092700e+01
      vertex   2.143519e+01 1.500000e+00 1.154923e+01
    endloop
  endfacet
  facet normal 0.000000e+00 1.000000e+00 0.000000e+00
    outer loop
      vertex   2.143519e+01 1.500000e+00 1.154923e+01
      vertex   2.439432e+01 1.500000e+00 1.092700e+01
      vertex   2.426317e+01 1.500000e+00 1.040343e+01
    endloop
  endfacet
  facet normal 0.000000e+00 1.000000e+00 0.000000e+00
    outer loop
      vertex   2.143519e+01 1.500000e+00 1.154923e+01
      vertex   2.426317e+01 1.500000e+00 1.040343e+01
      vertex   2.132214e+01 1.500000e+00 1.126684e+01
    endloop
  endfacet
  facet normal 0.000000e+00 1.000000e+00 0.000000e+00
    outer loop
      vertex   2.132214e+01 1.500000e+00 1.126684e+01
      vertex   2.426317e+01 1.500000e+00 1.040343e+01
      vertex   2.408134e+01 1.500000e+00 9.895241e+00
    endloop
  endfacet
  facet normal 0.000000e+00 1.000000e+00 0.000000e+00
    outer loop
      vertex   2.132214e+01 1.500000e+00 1.126684e+01
      vertex   2.408134e+01 1.500000e+00 9.895241e+00
      vertex   2.385057e+01 1.500000e+00 9.407318e+00
    endloop
  endfacet
  facet normal 0.000000e+00 1.000000e+00 0.000000e+00
    outer loop
      vertex   2.132214e+01 1.500000e+00 1.126684e+01
      vertex   2.385057e+01 1.500000e+00 9.407318e+00
      vertex   2.115768e+01 1.500000e+00 1.101095e+01
    endloop
  endfacet
  facet normal 0.000000e+00 1.000000e+00 0.000000e+00
    outer loop
      vertex   2.115768e+01 1.500000e+00 1.101095e+01
      vertex   2.385057e+01 1.500000e+00 9.407318e+00
      vertex   2.357308e+01 1.500000e+00 8.944364e+00
    endloop
  endfacet
  facet normal 0.000000e+00 1.000000e+00 0.000000e+00
    outer loop
      vertex   2.115768e+01 1.500000e+00 1.101095e+01
      vertex   2.357308e+01 1.500000e+00 8.944364e+00
      vertex   2.094778e+01 1.500000e+00 1.079080e+01
    endloop
  endfacet
  facet normal 0.000000e+00 1.000000e+00 0.000000e+00
    outer loop
      vertex   2.094778e+01 1.500000e+00 1.079080e+01
      vertex   2.357308e+01 1.500000e+00 8.944364e+00
      vertex   2.070000e+01 1.500000e+00 1.061436e+01
    endloop
  endfacet
  facet normal 0.000000e+00 1.000000e+00 0.000000e+00
    outer loop
      vertex   2.070000e+01 1.500000e+00 1.061436e+01
      vertex   2.357308e+01 1.500000e+00 8.944364e+00
      vertex   2.042331e+01 1.500000e+00 1.048800e+01
    endloop
  endfacet
  facet normal 0.000000e+00 1.000000e+00 0.000000e+00
    outer loop
      vertex   2.042331e+01 1.500000e+00 1.048800e+01
      vertex   2.357308e+01 1.500000e+00 8.944364e+00
      vertex   2.012770e+01 1.500000e+00 1.041629e+01
    endloop
  endfacet
  facet normal 0.000000e+00 1.000000e+00 0.000000e+00
    outer loop
      vertex   2.012770e+01 1.500000e+00 1.041629e+01
      vertex   2.357308e+01 1.500000e+00 8.944364e+00
      vertex   2.325156e+01 1.500000e+00 8.510837e+00
    endloop
  endfacet
  facet normal 0.000000e+00 1.000000e+00 0.000000e+00
    outer loop
      vertex   2.012770e+01 1.500000e+00 1.041629e+01
      vertex   2.325156e+01 1.500000e+00 8.510837e+00
      vertex   2.288909e+01 1.500000e+00 8.110913e+00
    endloop
  endfacet
  facet normal 0.000000e+00 1.000000e+00 0.000000e+00
    outer loop
      vertex   2.288909e+01 1.500000e+00 8.110913e+00
      vertex   2.248916e+01 1.500000e+00 7.748443e+00
      vertex   2.012770e+01 1.500000e+00 1.041629e+01
    endloop
  endfacet
  facet normal 0.000000e+00 1.000000e+00 0.000000e+00
    outer loop
      vertex   2.012770e+01 1.500000e+00 1.041629e+01
      vertex   2.248916e+01 1.500000e+00 7.748443e+00
      vertex   2.205564e+01 1.500000e+00 7.426917e+00
    endloop
  endfacet
  facet normal 0.000000e+00 1.000000e+00 0.000000e+00
    outer loop
      vertex   2.012770e+01 1.500000e+00 1.041629e+01
      vertex   2.205564e+01 1.500000e+00 7.426917e+00
      vertex   2.159268e+01 1.500000e+00 7.149433e+00
    endloop
  endfacet
  facet normal 0.000000e+00 1.000000e+00 0.000000e+00
    outer loop
      vertex   2.159268e+01 1.500000e+00 7.149433e+00
      vertex   2.110476e+01 1.500000e+00 6.918663e+00
      vertex   2.012770e+01 1.500000e+00 1.041629e+01
    endloop
  endfacet
  facet normal 0.000000e+00 1.000000e+00 0.000000e+00
    outer loop
      vertex   2.012770e+01 1.500000e+00 1.041629e+01
      vertex   2.110476e+01 1.500000e+00 6.918663e+00
      vertex   2.059657e+01 1.500000e+00 6.736828e+00
    endloop
  endfacet
  facet normal 0.000000e+00 1.000000e+00 0.000000e+00
    outer loop
      vertex   2.012770e+01 1.500000e+00 1.041629e+01
      vertex   2.059657e+01 1.500000e+00 6.736828e+00
      vertex   1.982387e+01 1.500000e+00 1.040181e+01
    endloop
  endfacet
  facet normal 0.000000e+00 1.000000e+00 0.000000e+00
    outer loop
      vertex   1.982387e+01 1.500000e+00 1.040181e+01
      vertex   2.059657e+01 1.500000e+00 6.736828e+00
      vertex   2.007300e+01 1.500000e+00 6.605681e+00
    endloop
  endfacet
  facet normal 0.000000e+00 1.000000e+00 0.000000e+00
    outer loop
      vertex   1.982387e+01 1.500000e+00 1.040181e+01
      vertex   2.007300e+01 1.500000e+00 6.605681e+00
      vertex   1.953909e+01 1.500000e+00 6.526484e+00
    endloop
  endfacet
  facet normal 0.000000e+00 1.000000e+00 0.000000e+00
    outer loop
      vertex   1.982387e+01 1.500000e+00 1.040181e+01
      vertex   1.953909e+01 1.500000e+00 6.526484e+00
      vertex   1.952279e+01 1.500000e+00 1.044510e+01
    endloop
  endfacet
  facet normal 0.000000e+00 1.000000e+00 0.000000e+00
    outer loop
      vertex   1.952279e+01 1.500000e+00 1.044510e+01
      vertex   1.953909e+01 1.500000e+00 6.526484e+00
      vertex   1.900000e+01 1.500000e+00 6.500000e+00
    endloop
  endfacet
  facet normal 0.000000e+00 1.000000e+00 0.000000e+00
    outer loop
      vertex   1.952279e+01 1.500000e+00 1.044510e+01
      vertex   1.900000e+01 1.500000e+00 6.500000e+00
      vertex   1.923534e+01 1.500000e+00 1.054459e+01
    endloop
  endfacet
  facet normal 0.000000e+00 1.000000e+00 0.000000e+00
    outer loop
      vertex   1.923534e+01 1.500000e+00 1.054459e+01
      vertex   1.900000e+01 1.500000e+00 6.500000e+00
      vertex   1.743560e+01 1.500000e+00 6.500000e+00
    endloop
  endfacet
  facet normal 0.000000e+00 1.000000e+00 0.000000e+00
    outer loop
      vertex   1.923534e+01 1.500000e+00 1.054459e+01
      vertex   1.743560e+01 1.500000e+00 6.500000e+00
      vertex   1.897191e+01 1.500000e+00 1.069668e+01
    endloop
  endfacet
  facet normal 0.000000e+00 1.000000e+00 0.000000e+00
    outer loop
      vertex   1.897191e+01 1.500000e+00 1.069668e+01
      vertex   1.743560e+01 1.500000e+00 6.500000e+00
      vertex   1.874203e+01 1.500000e+00 1.089587e+01
    endloop
  endfacet
  facet normal 0.000000e+00 1.000000e+00 0.000000e+00
    outer loop
      vertex   1.874203e+01 1.500000e+00 1.089587e+01
      vertex   1.743560e+01 1.500000e+00 6.500000e+00
      vertex   1.696018e+01 1.500000e+00 6.480871e+00
    endloop
  endfacet
  facet normal 0.000000e+00 1.000000e+00 0.000000e+00
    outer loop
      vertex   1.874203e+01 1.500000e+00 1.089587e+01
      vertex   1.696018e+01 1.500000e+00 6.480871e+00
      vertex   1.855399e+01 1.500000e+00 1.113497e+01
    endloop
  endfacet
  facet normal 0.000000e+00 1.000000e+00 0.000000e+00
    outer loop
      vertex   1.855399e+01 1.500000e+00 1.113497e+01
      vertex   1.696018e+01 1.500000e+00 6.480871e+00
      vertex   1.646771e+01 1.500000e+00 6.421887e+00
    endloop
  endfacet
  facet normal 0.000000e+00 1.000000e+00 0.000000e+00
    outer loop
      vertex   1.855399e+01 1.500000e+00 1.113497e+01
      vertex   1.646771e+01 1.500000e+00 6.421887e+00
      vertex   1.841461e+01 1.500000e+00 1.140534e+01
    endloop
  endfacet
  facet normal 0.000000e+00 1.000000e+00 0.000000e+00
    outer loop
      vertex   1.841461e+01 1.500000e+00 1.140534e+01
      vertex   1.646771e+01 1.500000e+00 6.421887e+00
      vertex   1.597613e+01 1.500000e+00 6.321020e+00
    endloop
  endfacet
  facet normal 0.000000e+00 1.000000e+00 0.000000e+00
    outer loop
      vertex   1.841461e+01 1.500000e+00 1.140534e+01
      vertex   1.597613e+01 1.500000e+00 6.321020e+00
      vertex   1.550216e+01 1.500000e+00 6.182291e+00
    endloop
  endfacet
  facet normal 0.000000e+00 1.000000e+00 -0.000000e+00
    outer loop
      vertex   2.042331e+01 1.500000e+00 1.351200e+01
      vertex   2.012770e+01 1.500000e+00 1.358371e+01
      vertex   2.200000e+01 1.500000e+00 1.650000e+01
    endloop
  endfacet
  facet normal 0.000000e+00 1.000000e+00 0.000000e+00
    outer loop
      vertex   2.200000e+01 1.500000e+00 1.650000e+01
      vertex   2.012770e+01 1.500000e+00 1.358371e+01
      vertex   1.982387e+01 1.500000e+00 1.359819e+01
    endloop
  endfacet
  facet normal 0.000000e+00 1.000000e+00 0.000000e+00
    outer loop
      vertex   1.923534e+01 1.500000e+00 1.345541e+01
      vertex   1.897191e+01 1.500000e+00 1.330332e+01
      vertex   1.768149e+01 1.500000e+00 1.650000e+01
    endloop
  endfacet
  facet normal 0.000000e+00 1.000000e+00 0.000000e+00
    outer loop
      vertex   1.768149e+01 1.500000e+00 1.650000e+01
      vertex   1.897191e+01 1.500000e+00 1.330332e+01
      vertex   1.874203e+01 1.500000e+00 1.310413e+01
    endloop
  endfacet
  facet normal -3.374814e-01 2.087440e-02 9.411007e-01
    outer loop
      vertex   1.424207e+01 -1.500000e+00 1.593978e+01
      vertex   1.405840e+01 -1.270934e+00 1.586884e+01
      vertex   1.378405e+01 -1.500000e+00 1.577554e+01
    endloop
  endfacet
  facet normal -3.657860e-01 5.979440e-02 9.287762e-01
    outer loop
      vertex   1.378405e+01 -1.500000e+00 1.577554e+01
      vertex   1.405840e+01 -1.270934e+00 1.586884e+01
      vertex   1.337342e+01 -1.209009e+00 1.559508e+01
    endloop
  endfacet
  facet normal -3.699420e-01 5.315856e-02 9.275328e-01
    outer loop
      vertex   1.378405e+01 -1.500000e+00 1.577554e+01
      vertex   1.337342e+01 -1.209009e+00 1.559508e+01
      vertex   1.354567e+01 -1.509482e+00 1.568100e+01
    endloop
  endfacet
  facet normal -3.905678e-01 3.910709e-02 9.197431e-01
    outer loop
      vertex   1.354567e+01 -1.509482e+00 1.568100e+01
      vertex   1.337342e+01 -1.209009e+00 1.559508e+01
      vertex   1.331009e+01 -1.537677e+00 1.558216e+01
    endloop
  endfacet
  facet normal -4.112838e-01 4.346332e-02 9.104705e-01
    outer loop
      vertex   1.331009e+01 -1.537677e+00 1.558216e+01
      vertex   1.337342e+01 -1.209009e+00 1.559508e+01
      vertex   1.307848e+01 -1.584151e+00 1.547976e+01
    endloop
  endfacet
  facet normal -4.290935e-01 6.030118e-02 9.012450e-01
    outer loop
      vertex   1.307848e+01 -1.584151e+00 1.547976e+01
      vertex   1.337342e+01 -1.209009e+00 1.559508e+01
      vertex   1.270882e+01 -1.148927e+00 1.527464e+01
    endloop
  endfacet
  facet normal -4.326100e-01 5.663373e-02 8.998006e-01
    outer loop
      vertex   1.307848e+01 -1.584151e+00 1.547976e+01
      vertex   1.270882e+01 -1.148927e+00 1.527464e+01
      vertex   1.285202e+01 -1.648456e+00 1.537493e+01
    endloop
  endfacet
  facet normal -4.484144e-01 5.061586e-02 8.923915e-01
    outer loop
      vertex   1.285202e+01 -1.648456e+00 1.537493e+01
      vertex   1.270882e+01 -1.148927e+00 1.527464e+01
      vertex   1.263170e+01 -1.730146e+00 1.526885e+01
    endloop
  endfacet
  facet normal -4.913239e-01 5.654099e-02 8.691398e-01
    outer loop
      vertex   1.263170e+01 -1.730146e+00 1.526885e+01
      vertex   1.270882e+01 -1.148927e+00 1.527464e+01
      vertex   1.200600e+01 -1.636252e+00 1.490904e+01
    endloop
  endfacet
  facet normal -4.830983e-01 1.095947e-01 8.686801e-01
    outer loop
      vertex   1.263170e+01 -1.730146e+00 1.526885e+01
      vertex   1.200600e+01 -1.636252e+00 1.490904e+01
      vertex   1.241880e+01 -1.828654e+00 1.516288e+01
    endloop
  endfacet
  facet normal -4.916155e-01 8.822269e-02 8.663319e-01
    outer loop
      vertex   1.241880e+01 -1.828654e+00 1.516288e+01
      vertex   1.200600e+01 -1.636252e+00 1.490904e+01
      vertex   1.221547e+01 -1.942745e+00 1.505912e+01
    endloop
  endfacet
  facet normal -5.000128e-01 8.049409e-02 8.622691e-01
    outer loop
      vertex   1.221547e+01 -1.942745e+00 1.505912e+01
      vertex   1.200600e+01 -1.636252e+00 1.490904e+01
      vertex   1.202264e+01 -2.071543e+00 1.495932e+01
    endloop
  endfacet
  facet normal -5.426302e-01 7.589206e-02 8.365363e-01
    outer loop
      vertex   1.202264e+01 -2.071543e+00 1.495932e+01
      vertex   1.200600e+01 -1.636252e+00 1.490904e+01
      vertex   1.132374e+01 -2.005740e+00 1.450000e+01
    endloop
  endfacet
  facet normal -5.357695e-01 1.314936e-01 8.340626e-01
    outer loop
      vertex   1.202264e+01 -2.071543e+00 1.495932e+01
      vertex   1.132374e+01 -2.005740e+00 1.450000e+01
      vertex   1.184103e+01 -2.214254e+00 1.486516e+01
    endloop
  endfacet
  facet normal -5.413158e-01 1.155871e-01 8.328366e-01
    outer loop
      vertex   1.184103e+01 -2.214254e+00 1.486516e+01
      vertex   1.132374e+01 -2.005740e+00 1.450000e+01
      vertex   1.115537e+01 -2.794220e+00 1.450000e+01
    endloop
  endfacet
  facet normal -5.966687e-01 2.193825e-01 7.719183e-01
    outer loop
      vertex   1.184103e+01 -2.214254e+00 1.486516e+01
      vertex   1.115537e+01 -2.794220e+00 1.450000e+01
      vertex   1.167136e+01 -2.370087e+00 1.477830e+01
    endloop
  endfacet
  facet normal -5.580805e-01 1.425623e-01 8.174486e-01
    outer loop
      vertex   1.167136e+01 -2.370087e+00 1.477830e+01
      vertex   1.115537e+01 -2.794220e+00 1.450000e+01
      vertex   1.151404e+01 -2.538596e+00 1.470029e+01
    endloop
  endfacet
  facet normal -5.563480e-01 1.386853e-01 8.192944e-01
    outer loop
      vertex   1.151404e+01 -2.538596e+00 1.470029e+01
      vertex   1.115537e+01 -2.794220e+00 1.450000e+01
      vertex   1.136874e+01 -2.720544e+00 1.463242e+01
    endloop
  endfacet
  facet normal -5.571664e-01 1.435690e-01 8.178958e-01
    outer loop
      vertex   1.136874e+01 -2.720544e+00 1.463242e+01
      vertex   1.115537e+01 -2.794220e+00 1.450000e+01
      vertex   1.123648e+01 -2.915688e+00 1.457657e+01
    endloop
  endfacet
  facet normal -5.523281e-01 1.483302e-01 8.203242e-01
    outer loop
      vertex   1.123648e+01 -2.915688e+00 1.457657e+01
      vertex   1.115537e+01 -2.794220e+00 1.450000e+01
      vertex   1.111840e+01 -3.123652e+00 1.453467e+01
    endloop
  endfacet
  facet normal -5.279032e-01 1.472846e-01 8.364361e-01
    outer loop
      vertex   1.111840e+01 -3.123652e+00 1.453467e+01
      vertex   1.115537e+01 -2.794220e+00 1.450000e+01
      vertex   1.101612e+01 -3.342956e+00 1.450874e+01
    endloop
  endfacet
  facet normal -4.178129e-01 1.203674e-01 9.005243e-01
    outer loop
      vertex   1.101612e+01 -3.342956e+00 1.450874e+01
      vertex   1.115537e+01 -2.794220e+00 1.450000e+01
      vertex   1.093218e+01 -3.568966e+00 1.450000e+01
    endloop
  endfacet
  facet normal -3.013240e-01 5.325203e-02 9.520337e-01
    outer loop
      vertex   1.405840e+01 -1.270934e+00 1.586884e+01
      vertex   1.424207e+01 -1.500000e+00 1.593978e+01
      vertex   1.476052e+01 -1.334408e+00 1.609462e+01
    endloop
  endfacet
  facet normal -2.946524e-01 2.944951e-02 9.551506e-01
    outer loop
      vertex   1.476052e+01 -1.334408e+00 1.609462e+01
      vertex   1.424207e+01 -1.500000e+00 1.593978e+01
      vertex   1.471912e+01 -1.500000e+00 1.608695e+01
    endloop
  endfacet
  facet normal -2.510389e-01 1.795987e-02 9.678104e-01
    outer loop
      vertex   1.476052e+01 -1.334408e+00 1.609462e+01
      vertex   1.471912e+01 -1.500000e+00 1.608695e+01
      vertex   1.520999e+01 -1.500000e+00 1.621428e+01
    endloop
  endfacet
  facet normal -2.052056e-01 -1.155292e-02 9.786507e-01
    outer loop
      vertex   1.570946e+01 -1.500000e+00 1.631901e+01
      vertex   1.547645e+01 -1.399131e+00 1.627134e+01
      vertex   1.520999e+01 -1.500000e+00 1.621428e+01
    endloop
  endfacet
  facet normal -2.211190e-01 3.272055e-02 9.746978e-01
    outer loop
      vertex   1.520999e+01 -1.500000e+00 1.621428e+01
      vertex   1.547645e+01 -1.399131e+00 1.627134e+01
      vertex   1.480566e+01 -6.678826e-01 1.609462e+01
    endloop
  endfacet
  facet normal -2.513659e-01 1.702309e-02 9.677424e-01
    outer loop
      vertex   1.520999e+01 -1.500000e+00 1.621428e+01
      vertex   1.480566e+01 -6.678826e-01 1.609462e+01
      vertex   1.476052e+01 -1.334408e+00 1.609462e+01
    endloop
  endfacet
  facet normal -3.043703e-01 2.061266e-02 9.523308e-01
    outer loop
      vertex   1.476052e+01 -1.334408e+00 1.609462e+01
      vertex   1.480566e+01 -6.678826e-01 1.609462e+01
      vertex   1.410139e+01 -6.361131e-01 1.586884e+01
    endloop
  endfacet
  facet normal -3.043703e-01 2.061266e-02 9.523308e-01
    outer loop
      vertex   1.476052e+01 -1.334408e+00 1.609462e+01
      vertex   1.410139e+01 -6.361131e-01 1.586884e+01
      vertex   1.405840e+01 -1.270934e+00 1.586884e+01
    endloop
  endfacet
  facet normal -3.690508e-01 2.499299e-02 9.290731e-01
    outer loop
      vertex   1.405840e+01 -1.270934e+00 1.586884e+01
      vertex   1.410139e+01 -6.361131e-01 1.586884e+01
      vertex   1.341431e+01 -6.051191e-01 1.559508e+01
    endloop
  endfacet
  facet normal -3.690508e-01 2.499299e-02 9.290731e-01
    outer loop
      vertex   1.405840e+01 -1.270934e+00 1.586884e+01
      vertex   1.341431e+01 -6.051191e-01 1.559508e+01
      vertex   1.337342e+01 -1.209009e+00 1.559508e+01
    endloop
  endfacet
  facet normal -4.319793e-01 2.925465e-02 9.014089e-01
    outer loop
      vertex   1.337342e+01 -1.209009e+00 1.559508e+01
      vertex   1.341431e+01 -6.051191e-01 1.559508e+01
      vertex   1.274769e+01 -5.750476e-01 1.527464e+01
    endloop
  endfacet
  facet normal -4.319793e-01 2.925465e-02 9.014089e-01
    outer loop
      vertex   1.337342e+01 -1.209009e+00 1.559508e+01
      vertex   1.274769e+01 -5.750476e-01 1.527464e+01
      vertex   1.270882e+01 -1.148927e+00 1.527464e+01
    endloop
  endfacet
  facet normal -4.928570e-01 3.337743e-02 8.694699e-01
    outer loop
      vertex   1.270882e+01 -1.148927e+00 1.527464e+01
      vertex   1.274769e+01 -5.750476e-01 1.527464e+01
      vertex   1.210467e+01 -5.460412e-01 1.490904e+01
    endloop
  endfacet
  facet normal -4.928570e-01 3.337743e-02 8.694699e-01
    outer loop
      vertex   1.270882e+01 -1.148927e+00 1.527464e+01
      vertex   1.210467e+01 -5.460412e-01 1.490904e+01
      vertex   1.206777e+01 -1.090973e+00 1.490904e+01
    endloop
  endfacet
  facet normal -5.481861e-01 3.712444e-02 8.355321e-01
    outer loop
      vertex   1.206777e+01 -1.090973e+00 1.490904e+01
      vertex   1.210467e+01 -5.460412e-01 1.490904e+01
      vertex   1.143644e+01 -1.207401e+00 1.450000e+01
    endloop
  endfacet
  facet normal -5.521789e-01 7.795320e-02 8.300733e-01
    outer loop
      vertex   1.206777e+01 -1.090973e+00 1.490904e+01
      vertex   1.143644e+01 -1.207401e+00 1.450000e+01
      vertex   1.132374e+01 -2.005740e+00 1.450000e+01
    endloop
  endfacet
  facet normal -1.578142e-01 -8.939325e-03 9.874284e-01
    outer loop
      vertex   1.621218e+01 -1.500000e+00 1.639935e+01
      vertex   1.620280e+01 -1.464796e+00 1.639817e+01
      vertex   1.570946e+01 -1.500000e+00 1.631901e+01
    endloop
  endfacet
  facet normal -1.591832e-01 1.078026e-02 9.871902e-01
    outer loop
      vertex   1.570946e+01 -1.500000e+00 1.631901e+01
      vertex   1.620280e+01 -1.464796e+00 1.639817e+01
      vertex   1.625235e+01 -7.331426e-01 1.639817e+01
    endloop
  endfacet
  facet normal -1.706383e-01 1.910044e-02 9.851486e-01
    outer loop
      vertex   1.570946e+01 -1.500000e+00 1.631901e+01
      vertex   1.625235e+01 -7.331426e-01 1.639817e+01
      vertex   1.552378e+01 -7.002769e-01 1.627134e+01
    endloop
  endfacet
  facet normal -1.713355e-01 3.862504e-03 9.852052e-01
    outer loop
      vertex   1.552378e+01 -7.002769e-01 1.627134e+01
      vertex   1.625235e+01 -7.331426e-01 1.639817e+01
      vertex   1.553957e+01 1.116119e-15 1.627134e+01
    endloop
  endfacet
  facet normal -2.387295e-01 5.381802e-03 9.710712e-01
    outer loop
      vertex   1.552378e+01 -7.002769e-01 1.627134e+01
      vertex   1.553957e+01 1.116119e-15 1.627134e+01
      vertex   1.482071e+01 1.064488e-15 1.609462e+01
    endloop
  endfacet
  facet normal -2.387295e-01 -5.381802e-03 9.710712e-01
    outer loop
      vertex   1.482071e+01 1.064488e-15 1.609462e+01
      vertex   1.553957e+01 1.116119e-15 1.627134e+01
      vertex   1.480566e+01 6.678826e-01 1.609462e+01
    endloop
  endfacet
  facet normal -3.049899e-01 -6.875545e-03 9.523308e-01
    outer loop
      vertex   1.482071e+01 1.064488e-15 1.609462e+01
      vertex   1.480566e+01 6.678826e-01 1.609462e+01
      vertex   1.410139e+01 6.361131e-01 1.586884e+01
    endloop
  endfacet
  facet normal -3.043703e-01 -2.061266e-02 9.523308e-01
    outer loop
      vertex   1.410139e+01 6.361131e-01 1.586884e+01
      vertex   1.480566e+01 6.678826e-01 1.609462e+01
      vertex   1.405840e+01 1.270934e+00 1.586884e+01
    endloop
  endfacet
  facet normal -3.690508e-01 -2.499299e-02 9.290731e-01
    outer loop
      vertex   1.410139e+01 6.361131e-01 1.586884e+01
      vertex   1.405840e+01 1.270934e+00 1.586884e+01
      vertex   1.337342e+01 1.209009e+00 1.559508e+01
    endloop
  endfacet
  facet normal -3.657860e-01 -5.979440e-02 9.287762e-01
    outer loop
      vertex   1.337342e+01 1.209009e+00 1.559508e+01
      vertex   1.405840e+01 1.270934e+00 1.586884e+01
      vertex   1.378405e+01 1.500000e+00 1.577554e+01
    endloop
  endfacet
  facet normal -3.697205e-01 -5.351321e-02 9.276007e-01
    outer loop
      vertex   1.337342e+01 1.209009e+00 1.559508e+01
      vertex   1.378405e+01 1.500000e+00 1.577554e+01
      vertex   1.354941e+01 1.509188e+00 1.568254e+01
    endloop
  endfacet
  facet normal -1.121144e-01 3.454988e-03 9.936893e-01
    outer loop
      vertex   1.621218e+01 -1.500000e+00 1.639935e+01
      vertex   1.671234e+01 -1.500000e+00 1.645578e+01
      vertex   1.620280e+01 -1.464796e+00 1.639817e+01
    endloop
  endfacet
  facet normal -1.118309e-01 7.573447e-03 9.936984e-01
    outer loop
      vertex   1.620280e+01 -1.464796e+00 1.639817e+01
      vertex   1.671234e+01 -1.500000e+00 1.645578e+01
      vertex   1.625235e+01 -7.331426e-01 1.639817e+01
    endloop
  endfacet
  facet normal -1.026356e-01 1.315931e-02 9.946320e-01
    outer loop
      vertex   1.625235e+01 -7.331426e-01 1.639817e+01
      vertex   1.671234e+01 -1.500000e+00 1.645578e+01
      vertex   1.698791e+01 -7.663237e-01 1.647451e+01
    endloop
  endfacet
  facet normal -6.754738e-02 -9.826543e-05 9.977161e-01
    outer loop
      vertex   1.698791e+01 -7.663237e-01 1.647451e+01
      vertex   1.671234e+01 -1.500000e+00 1.645578e+01
      vertex   1.720407e+01 -1.500000e+00 1.648908e+01
    endloop
  endfacet
  facet normal -3.711092e-02 8.900133e-03 9.992715e-01
    outer loop
      vertex   1.698791e+01 -7.663237e-01 1.647451e+01
      vertex   1.720407e+01 -1.500000e+00 1.648908e+01
      vertex   1.773794e+01 -5.005310e-01 1.650000e+01
    endloop
  endfacet
  facet normal -2.287730e-02 1.292137e-03 9.997374e-01
    outer loop
      vertex   1.773794e+01 -5.005310e-01 1.650000e+01
      vertex   1.720407e+01 -1.500000e+00 1.648908e+01
      vertex   1.768149e+01 -1.500000e+00 1.650000e+01
    endloop
  endfacet
  facet normal -3.423526e-02 7.717830e-04 9.994135e-01
    outer loop
      vertex   1.698791e+01 -7.663237e-01 1.647451e+01
      vertex   1.773794e+01 -5.005310e-01 1.650000e+01
      vertex   1.700518e+01 1.221386e-15 1.647451e+01
    endloop
  endfacet
  facet normal -3.476183e-02 0.000000e+00 9.993956e-01
    outer loop
      vertex   1.700518e+01 1.221386e-15 1.647451e+01
      vertex   1.773794e+01 -5.005310e-01 1.650000e+01
      vertex   1.773794e+01 5.005310e-01 1.650000e+01
    endloop
  endfacet
  facet normal -3.423526e-02 -7.717830e-04 9.994135e-01
    outer loop
      vertex   1.700518e+01 1.221386e-15 1.647451e+01
      vertex   1.773794e+01 5.005310e-01 1.650000e+01
      vertex   1.698791e+01 7.663237e-01 1.647451e+01
    endloop
  endfacet
  facet normal -3.711092e-02 -8.900133e-03 9.992715e-01
    outer loop
      vertex   1.698791e+01 7.663237e-01 1.647451e+01
      vertex   1.773794e+01 5.005310e-01 1.650000e+01
      vertex   1.720407e+01 1.500000e+00 1.648908e+01
    endloop
  endfacet
  facet normal -6.754738e-02 9.826543e-05 9.977161e-01
    outer loop
      vertex   1.698791e+01 7.663237e-01 1.647451e+01
      vertex   1.720407e+01 1.500000e+00 1.648908e+01
      vertex   1.671234e+01 1.500000e+00 1.645578e+01
    endloop
  endfacet
  facet normal -2.287730e-02 -1.292137e-03 9.997374e-01
    outer loop
      vertex   1.773794e+01 5.005310e-01 1.650000e+01
      vertex   1.768149e+01 1.500000e+00 1.650000e+01
      vertex   1.720407e+01 1.500000e+00 1.648908e+01
    endloop
  endfacet
  facet normal -1.121144e-01 -3.454988e-03 9.936893e-01
    outer loop
      vertex   1.621218e+01 1.500000e+00 1.639935e+01
      vertex   1.620280e+01 1.464796e+00 1.639817e+01
      vertex   1.671234e+01 1.500000e+00 1.645578e+01
    endloop
  endfacet
  facet normal -1.118309e-01 -7.573447e-03 9.936984e-01
    outer loop
      vertex   1.671234e+01 1.500000e+00 1.645578e+01
      vertex   1.620280e+01 1.464796e+00 1.639817e+01
      vertex   1.625235e+01 7.331426e-01 1.639817e+01
    endloop
  endfacet
  facet normal -1.026356e-01 -1.315931e-02 9.946320e-01
    outer loop
      vertex   1.671234e+01 1.500000e+00 1.645578e+01
      vertex   1.625235e+01 7.331426e-01 1.639817e+01
      vertex   1.698791e+01 7.663237e-01 1.647451e+01
    endloop
  endfacet
  facet normal -1.031278e-01 -2.324864e-03 9.946654e-01
    outer loop
      vertex   1.698791e+01 7.663237e-01 1.647451e+01
      vertex   1.625235e+01 7.331426e-01 1.639817e+01
      vertex   1.700518e+01 1.221386e-15 1.647451e+01
    endloop
  endfacet
  facet normal -1.578142e-01 8.939325e-03 9.874284e-01
    outer loop
      vertex   1.621218e+01 1.500000e+00 1.639935e+01
      vertex   1.570946e+01 1.500000e+00 1.631901e+01
      vertex   1.620280e+01 1.464796e+00 1.639817e+01
    endloop
  endfacet
  facet normal -1.591832e-01 -1.078026e-02 9.871902e-01
    outer loop
      vertex   1.620280e+01 1.464796e+00 1.639817e+01
      vertex   1.570946e+01 1.500000e+00 1.631901e+01
      vertex   1.625235e+01 7.331426e-01 1.639817e+01
    endloop
  endfacet
  facet normal -2.052056e-01 1.155292e-02 9.786507e-01
    outer loop
      vertex   1.520999e+01 1.500000e+00 1.621428e+01
      vertex   1.547645e+01 1.399131e+00 1.627134e+01
      vertex   1.570946e+01 1.500000e+00 1.631901e+01
    endloop
  endfacet
  facet normal -1.949159e-01 -1.320016e-02 9.807311e-01
    outer loop
      vertex   1.570946e+01 1.500000e+00 1.631901e+01
      vertex   1.547645e+01 1.399131e+00 1.627134e+01
      vertex   1.552378e+01 7.002769e-01 1.627134e+01
    endloop
  endfacet
  facet normal -1.706383e-01 -1.910044e-02 9.851486e-01
    outer loop
      vertex   1.570946e+01 1.500000e+00 1.631901e+01
      vertex   1.552378e+01 7.002769e-01 1.627134e+01
      vertex   1.625235e+01 7.331426e-01 1.639817e+01
    endloop
  endfacet
  facet normal -1.713355e-01 -3.862504e-03 9.852052e-01
    outer loop
      vertex   1.625235e+01 7.331426e-01 1.639817e+01
      vertex   1.552378e+01 7.002769e-01 1.627134e+01
      vertex   1.626887e+01 1.168501e-15 1.639817e+01
    endloop
  endfacet
  facet normal -1.031278e-01 -2.324864e-03 9.946654e-01
    outer loop
      vertex   1.625235e+01 7.331426e-01 1.639817e+01
      vertex   1.626887e+01 1.168501e-15 1.639817e+01
      vertex   1.700518e+01 1.221386e-15 1.647451e+01
    endloop
  endfacet
  facet normal -1.031278e-01 2.324864e-03 9.946654e-01
    outer loop
      vertex   1.700518e+01 1.221386e-15 1.647451e+01
      vertex   1.626887e+01 1.168501e-15 1.639817e+01
      vertex   1.698791e+01 -7.663237e-01 1.647451e+01
    endloop
  endfacet
  facet normal -2.510389e-01 -1.795987e-02 9.678104e-01
    outer loop
      vertex   1.471912e+01 1.500000e+00 1.608695e+01
      vertex   1.476052e+01 1.334408e+00 1.609462e+01
      vertex   1.520999e+01 1.500000e+00 1.621428e+01
    endloop
  endfacet
  facet normal -2.475133e-01 -2.801301e-02 9.684794e-01
    outer loop
      vertex   1.520999e+01 1.500000e+00 1.621428e+01
      vertex   1.476052e+01 1.334408e+00 1.609462e+01
      vertex   1.552378e+01 7.002769e-01 1.627134e+01
    endloop
  endfacet
  facet normal -2.146393e-01 -1.453588e-02 9.765852e-01
    outer loop
      vertex   1.520999e+01 1.500000e+00 1.621428e+01
      vertex   1.552378e+01 7.002769e-01 1.627134e+01
      vertex   1.547645e+01 1.399131e+00 1.627134e+01
    endloop
  endfacet
  facet normal -2.946524e-01 -2.944951e-02 9.551506e-01
    outer loop
      vertex   1.471912e+01 1.500000e+00 1.608695e+01
      vertex   1.424207e+01 1.500000e+00 1.593978e+01
      vertex   1.476052e+01 1.334408e+00 1.609462e+01
    endloop
  endfacet
  facet normal -3.013240e-01 -5.325203e-02 9.520337e-01
    outer loop
      vertex   1.476052e+01 1.334408e+00 1.609462e+01
      vertex   1.424207e+01 1.500000e+00 1.593978e+01
      vertex   1.405840e+01 1.270934e+00 1.586884e+01
    endloop
  endfacet
  facet normal -3.043703e-01 -2.061266e-02 9.523308e-01
    outer loop
      vertex   1.476052e+01 1.334408e+00 1.609462e+01
      vertex   1.405840e+01 1.270934e+00 1.586884e+01
      vertex   1.480566e+01 6.678826e-01 1.609462e+01
    endloop
  endfacet
  facet normal -3.374814e-01 -2.087440e-02 9.411007e-01
    outer loop
      vertex   1.424207e+01 1.500000e+00 1.593978e+01
      vertex   1.378405e+01 1.500000e+00 1.577554e+01
      vertex   1.405840e+01 1.270934e+00 1.586884e+01
    endloop
  endfacet
  facet normal -3.901833e-01 -3.927244e-02 9.198993e-01
    outer loop
      vertex   1.354941e+01 1.509188e+00 1.568254e+01
      vertex   1.331783e+01 1.536447e+00 1.558548e+01
      vertex   1.337342e+01 1.209009e+00 1.559508e+01
    endloop
  endfacet
  facet normal -4.103458e-01 -4.295852e-02 9.109176e-01
    outer loop
      vertex   1.337342e+01 1.209009e+00 1.559508e+01
      vertex   1.331783e+01 1.536447e+00 1.558548e+01
      vertex   1.309059e+01 1.581244e+00 1.548523e+01
    endloop
  endfacet
  facet normal -4.291162e-01 -6.007339e-02 9.012494e-01
    outer loop
      vertex   1.337342e+01 1.209009e+00 1.559508e+01
      vertex   1.309059e+01 1.581244e+00 1.548523e+01
      vertex   1.270882e+01 1.148927e+00 1.527464e+01
    endloop
  endfacet
  facet normal -4.314717e-01 -5.752616e-02 9.002904e-01
    outer loop
      vertex   1.270882e+01 1.148927e+00 1.527464e+01
      vertex   1.309059e+01 1.581244e+00 1.548523e+01
      vertex   1.286865e+01 1.643069e+00 1.538281e+01
    endloop
  endfacet
  facet normal -4.471566e-01 -5.085890e-02 8.930086e-01
    outer loop
      vertex   1.270882e+01 1.148927e+00 1.527464e+01
      vertex   1.286865e+01 1.643069e+00 1.538281e+01
      vertex   1.265291e+01 1.721418e+00 1.527925e+01
    endloop
  endfacet
  facet normal -4.631307e-01 -5.235261e-02 8.847424e-01
    outer loop
      vertex   1.265291e+01 1.721418e+00 1.527925e+01
      vertex   1.244389e+01 1.815975e+00 1.517543e+01
      vertex   1.270882e+01 1.148927e+00 1.527464e+01
    endloop
  endfacet
  facet normal -4.976521e-01 -6.905600e-02 8.646234e-01
    outer loop
      vertex   1.270882e+01 1.148927e+00 1.527464e+01
      vertex   1.244389e+01 1.815975e+00 1.517543e+01
      vertex   1.200600e+01 1.636206e+00 1.490904e+01
    endloop
  endfacet
  facet normal -4.908473e-01 -5.560525e-02 8.694694e-01
    outer loop
      vertex   1.270882e+01 1.148927e+00 1.527464e+01
      vertex   1.200600e+01 1.636206e+00 1.490904e+01
      vertex   1.206777e+01 1.090973e+00 1.490904e+01
    endloop
  endfacet
  facet normal -5.507673e-01 -6.239325e-02 8.323235e-01
    outer loop
      vertex   1.206777e+01 1.090973e+00 1.490904e+01
      vertex   1.200600e+01 1.636206e+00 1.490904e+01
      vertex   1.143644e+01 1.207401e+00 1.450000e+01
    endloop
  endfacet
  facet normal -5.483373e-01 -3.851448e-02 8.353699e-01
    outer loop
      vertex   1.206777e+01 1.090973e+00 1.490904e+01
      vertex   1.143644e+01 1.207401e+00 1.450000e+01
      vertex   1.149293e+01 4.031275e-01 1.450000e+01
    endloop
  endfacet
  facet normal -4.905091e-01 -8.969227e-02 8.668080e-01
    outer loop
      vertex   1.244389e+01 1.815975e+00 1.517543e+01
      vertex   1.224233e+01 1.926454e+00 1.507280e+01
      vertex   1.200600e+01 1.636206e+00 1.490904e+01
    endloop
  endfacet
  facet normal -4.986267e-01 -8.095041e-02 8.630286e-01
    outer loop
      vertex   1.200600e+01 1.636206e+00 1.490904e+01
      vertex   1.224233e+01 1.926454e+00 1.507280e+01
      vertex   1.204918e+01 2.052494e+00 1.497303e+01
    endloop
  endfacet
  facet normal -5.061859e-01 -7.950887e-02 8.587515e-01
    outer loop
      vertex   1.200600e+01 1.636206e+00 1.490904e+01
      vertex   1.204918e+01 2.052494e+00 1.497303e+01
      vertex   1.186541e+01 2.193737e+00 1.487779e+01
    endloop
  endfacet
  facet normal -5.480633e-01 -9.160171e-02 8.314059e-01
    outer loop
      vertex   1.200600e+01 1.636206e+00 1.490904e+01
      vertex   1.186541e+01 2.193737e+00 1.487779e+01
      vertex   1.132374e+01 2.005740e+00 1.450000e+01
    endloop
  endfacet
  facet normal -5.386150e-01 -1.230654e-01 8.335160e-01
    outer loop
      vertex   1.132374e+01 2.005740e+00 1.450000e+01
      vertex   1.186541e+01 2.193737e+00 1.487779e+01
      vertex   1.169196e+01 2.349843e+00 1.478875e+01
    endloop
  endfacet
  facet normal -5.408807e-01 -1.198073e-01 8.325228e-01
    outer loop
      vertex   1.132374e+01 2.005740e+00 1.450000e+01
      vertex   1.169196e+01 2.349843e+00 1.478875e+01
      vertex   1.152968e+01 2.520634e+00 1.470790e+01
    endloop
  endfacet
  facet normal -5.402195e-01 -1.202211e-01 8.328924e-01
    outer loop
      vertex   1.152968e+01 2.520634e+00 1.470790e+01
      vertex   1.137974e+01 2.705731e+00 1.463736e+01
      vertex   1.132374e+01 2.005740e+00 1.450000e+01
    endloop
  endfacet
  facet normal -5.518930e-01 -1.178456e-01 8.255462e-01
    outer loop
      vertex   1.132374e+01 2.005740e+00 1.450000e+01
      vertex   1.137974e+01 2.705731e+00 1.463736e+01
      vertex   1.115537e+01 2.794220e+00 1.450000e+01
    endloop
  endfacet
  facet normal -5.571944e-01 -1.430516e-01 8.179674e-01
    outer loop
      vertex   1.115537e+01 2.794220e+00 1.450000e+01
      vertex   1.137974e+01 2.705731e+00 1.463736e+01
      vertex   1.124337e+01 2.904690e+00 1.457926e+01
    endloop
  endfacet
  facet normal -5.526664e-01 -1.482024e-01 8.201195e-01
    outer loop
      vertex   1.115537e+01 2.794220e+00 1.450000e+01
      vertex   1.124337e+01 2.904690e+00 1.457926e+01
      vertex   1.112182e+01 3.117062e+00 1.453573e+01
    endloop
  endfacet
  facet normal -5.283667e-01 -1.474468e-01 8.361149e-01
    outer loop
      vertex   1.112182e+01 3.117062e+00 1.453573e+01
      vertex   1.101755e+01 3.339442e+00 1.450906e+01
      vertex   1.115537e+01 2.794220e+00 1.450000e+01
    endloop
  endfacet
  facet normal -4.224705e-01 -1.217092e-01 8.981679e-01
    outer loop
      vertex   1.115537e+01 2.794220e+00 1.450000e+01
      vertex   1.101755e+01 3.339442e+00 1.450906e+01
      vertex   1.093218e+01 3.568966e+00 1.450000e+01
    endloop
  endfacet
  facet normal -5.428933e-01 -7.664231e-02 8.362971e-01
    outer loop
      vertex   1.132374e+01 2.005740e+00 1.450000e+01
      vertex   1.143644e+01 1.207401e+00 1.450000e+01
      vertex   1.200600e+01 1.636206e+00 1.490904e+01
    endloop
  endfacet
  facet normal -5.481908e-01 0.000000e+00 8.363533e-01
    outer loop
      vertex   1.149293e+01 -4.031275e-01 1.450000e+01
      vertex   1.211698e+01 8.702944e-16 1.490904e+01
      vertex   1.149293e+01 4.031275e-01 1.450000e+01
    endloop
  endfacet
  facet normal -5.537766e-01 -1.248407e-02 8.325717e-01
    outer loop
      vertex   1.149293e+01 4.031275e-01 1.450000e+01
      vertex   1.211698e+01 8.702944e-16 1.490904e+01
      vertex   1.210467e+01 5.460412e-01 1.490904e+01
    endloop
  endfacet
  facet normal -5.494306e-01 -3.720872e-02 8.347105e-01
    outer loop
      vertex   1.149293e+01 4.031275e-01 1.450000e+01
      vertex   1.210467e+01 5.460412e-01 1.490904e+01
      vertex   1.206777e+01 1.090973e+00 1.490904e+01
    endloop
  endfacet
  facet normal -4.928570e-01 -3.337743e-02 8.694699e-01
    outer loop
      vertex   1.206777e+01 1.090973e+00 1.490904e+01
      vertex   1.210467e+01 5.460412e-01 1.490904e+01
      vertex   1.274769e+01 5.750476e-01 1.527464e+01
    endloop
  endfacet
  facet normal -4.928570e-01 -3.337743e-02 8.694699e-01
    outer loop
      vertex   1.206777e+01 1.090973e+00 1.490904e+01
      vertex   1.274769e+01 5.750476e-01 1.527464e+01
      vertex   1.270882e+01 1.148927e+00 1.527464e+01
    endloop
  endfacet
  facet normal -4.319793e-01 -2.925465e-02 9.014089e-01
    outer loop
      vertex   1.270882e+01 1.148927e+00 1.527464e+01
      vertex   1.274769e+01 5.750476e-01 1.527464e+01
      vertex   1.341431e+01 6.051191e-01 1.559508e+01
    endloop
  endfacet
  facet normal -4.319793e-01 -2.925465e-02 9.014089e-01
    outer loop
      vertex   1.270882e+01 1.148927e+00 1.527464e+01
      vertex   1.341431e+01 6.051191e-01 1.559508e+01
      vertex   1.337342e+01 1.209009e+00 1.559508e+01
    endloop
  endfacet
  facet normal -3.690508e-01 -2.499299e-02 9.290731e-01
    outer loop
      vertex   1.337342e+01 1.209009e+00 1.559508e+01
      vertex   1.341431e+01 6.051191e-01 1.559508e+01
      vertex   1.410139e+01 6.361131e-01 1.586884e+01
    endloop
  endfacet
  facet normal -5.537766e-01 1.248407e-02 8.325717e-01
    outer loop
      vertex   1.211698e+01 8.702944e-16 1.490904e+01
      vertex   1.149293e+01 -4.031275e-01 1.450000e+01
      vertex   1.210467e+01 -5.460412e-01 1.490904e+01
    endloop
  endfacet
  facet normal -5.491804e-01 3.857370e-02 8.348132e-01
    outer loop
      vertex   1.210467e+01 -5.460412e-01 1.490904e+01
      vertex   1.149293e+01 -4.031275e-01 1.450000e+01
      vertex   1.143644e+01 -1.207401e+00 1.450000e+01
    endloop
  endfacet
  facet normal -4.908472e-01 5.560620e-02 8.694694e-01
    outer loop
      vertex   1.270882e+01 -1.148927e+00 1.527464e+01
      vertex   1.206777e+01 -1.090973e+00 1.490904e+01
      vertex   1.200600e+01 -1.636252e+00 1.490904e+01
    endloop
  endfacet
  facet normal -5.372888e-01 6.086739e-02 8.411991e-01
    outer loop
      vertex   1.200600e+01 -1.636252e+00 1.490904e+01
      vertex   1.206777e+01 -1.090973e+00 1.490904e+01
      vertex   1.132374e+01 -2.005740e+00 1.450000e+01
    endloop
  endfacet
  facet normal -2.382445e-01 1.613447e-02 9.710712e-01
    outer loop
      vertex   1.480566e+01 -6.678826e-01 1.609462e+01
      vertex   1.547645e+01 -1.399131e+00 1.627134e+01
      vertex   1.552378e+01 -7.002769e-01 1.627134e+01
    endloop
  endfacet
  facet normal -1.949159e-01 1.320016e-02 9.807311e-01
    outer loop
      vertex   1.552378e+01 -7.002769e-01 1.627134e+01
      vertex   1.547645e+01 -1.399131e+00 1.627134e+01
      vertex   1.570946e+01 -1.500000e+00 1.631901e+01
    endloop
  endfacet
  facet normal -1.713355e-01 3.862504e-03 9.852052e-01
    outer loop
      vertex   1.553957e+01 1.116119e-15 1.627134e+01
      vertex   1.625235e+01 -7.331426e-01 1.639817e+01
      vertex   1.626887e+01 1.168501e-15 1.639817e+01
    endloop
  endfacet
  facet normal -1.031278e-01 2.324864e-03 9.946654e-01
    outer loop
      vertex   1.626887e+01 1.168501e-15 1.639817e+01
      vertex   1.625235e+01 -7.331426e-01 1.639817e+01
      vertex   1.698791e+01 -7.663237e-01 1.647451e+01
    endloop
  endfacet
  facet normal -2.387295e-01 5.381802e-03 9.710712e-01
    outer loop
      vertex   1.552378e+01 -7.002769e-01 1.627134e+01
      vertex   1.482071e+01 1.064488e-15 1.609462e+01
      vertex   1.480566e+01 -6.678826e-01 1.609462e+01
    endloop
  endfacet
  facet normal -3.049899e-01 6.875545e-03 9.523308e-01
    outer loop
      vertex   1.480566e+01 -6.678826e-01 1.609462e+01
      vertex   1.482071e+01 1.064488e-15 1.609462e+01
      vertex   1.411573e+01 1.013853e-15 1.586884e+01
    endloop
  endfacet
  facet normal -3.049899e-01 6.875545e-03 9.523308e-01
    outer loop
      vertex   1.480566e+01 -6.678826e-01 1.609462e+01
      vertex   1.411573e+01 1.013853e-15 1.586884e+01
      vertex   1.410139e+01 -6.361131e-01 1.586884e+01
    endloop
  endfacet
  facet normal -3.698022e-01 8.336641e-03 9.290731e-01
    outer loop
      vertex   1.410139e+01 -6.361131e-01 1.586884e+01
      vertex   1.411573e+01 1.013853e-15 1.586884e+01
      vertex   1.342796e+01 9.644542e-16 1.559508e+01
    endloop
  endfacet
  facet normal -3.698022e-01 8.336641e-03 9.290731e-01
    outer loop
      vertex   1.410139e+01 -6.361131e-01 1.586884e+01
      vertex   1.342796e+01 9.644542e-16 1.559508e+01
      vertex   1.341431e+01 -6.051191e-01 1.559508e+01
    endloop
  endfacet
  facet normal -4.328588e-01 9.758158e-03 9.014089e-01
    outer loop
      vertex   1.341431e+01 -6.051191e-01 1.559508e+01
      vertex   1.342796e+01 9.644542e-16 1.559508e+01
      vertex   1.276065e+01 9.165255e-16 1.527464e+01
    endloop
  endfacet
  facet normal -4.328588e-01 9.758158e-03 9.014089e-01
    outer loop
      vertex   1.341431e+01 -6.051191e-01 1.559508e+01
      vertex   1.276065e+01 9.165255e-16 1.527464e+01
      vertex   1.274769e+01 -5.750476e-01 1.527464e+01
    endloop
  endfacet
  facet normal -4.938605e-01 1.113335e-02 8.694699e-01
    outer loop
      vertex   1.274769e+01 -5.750476e-01 1.527464e+01
      vertex   1.276065e+01 9.165255e-16 1.527464e+01
      vertex   1.211698e+01 8.702944e-16 1.490904e+01
    endloop
  endfacet
  facet normal -4.938605e-01 1.113335e-02 8.694699e-01
    outer loop
      vertex   1.274769e+01 -5.750476e-01 1.527464e+01
      vertex   1.211698e+01 8.702944e-16 1.490904e+01
      vertex   1.210467e+01 -5.460412e-01 1.490904e+01
    endloop
  endfacet
  facet normal -2.387295e-01 -5.381802e-03 9.710712e-01
    outer loop
      vertex   1.480566e+01 6.678826e-01 1.609462e+01
      vertex   1.553957e+01 1.116119e-15 1.627134e+01
      vertex   1.552378e+01 7.002769e-01 1.627134e+01
    endloop
  endfacet
  facet normal -1.713355e-01 -3.862504e-03 9.852052e-01
    outer loop
      vertex   1.552378e+01 7.002769e-01 1.627134e+01
      vertex   1.553957e+01 1.116119e-15 1.627134e+01
      vertex   1.626887e+01 1.168501e-15 1.639817e+01
    endloop
  endfacet
  facet normal -3.049899e-01 -6.875545e-03 9.523308e-01
    outer loop
      vertex   1.482071e+01 1.064488e-15 1.609462e+01
      vertex   1.410139e+01 6.361131e-01 1.586884e+01
      vertex   1.411573e+01 1.013853e-15 1.586884e+01
    endloop
  endfacet
  facet normal -3.698022e-01 -8.336641e-03 9.290731e-01
    outer loop
      vertex   1.411573e+01 1.013853e-15 1.586884e+01
      vertex   1.410139e+01 6.361131e-01 1.586884e+01
      vertex   1.341431e+01 6.051191e-01 1.559508e+01
    endloop
  endfacet
  facet normal -3.698022e-01 -8.336641e-03 9.290731e-01
    outer loop
      vertex   1.411573e+01 1.013853e-15 1.586884e+01
      vertex   1.341431e+01 6.051191e-01 1.559508e+01
      vertex   1.342796e+01 9.644542e-16 1.559508e+01
    endloop
  endfacet
  facet normal -4.328588e-01 -9.758158e-03 9.014089e-01
    outer loop
      vertex   1.342796e+01 9.644542e-16 1.559508e+01
      vertex   1.341431e+01 6.051191e-01 1.559508e+01
      vertex   1.274769e+01 5.750476e-01 1.527464e+01
    endloop
  endfacet
  facet normal -4.328588e-01 -9.758158e-03 9.014089e-01
    outer loop
      vertex   1.342796e+01 9.644542e-16 1.559508e+01
      vertex   1.274769e+01 5.750476e-01 1.527464e+01
      vertex   1.276065e+01 9.165255e-16 1.527464e+01
    endloop
  endfacet
  facet normal -4.938605e-01 -1.113335e-02 8.694699e-01
    outer loop
      vertex   1.276065e+01 9.165255e-16 1.527464e+01
      vertex   1.274769e+01 5.750476e-01 1.527464e+01
      vertex   1.210467e+01 5.460412e-01 1.490904e+01
    endloop
  endfacet
  facet normal -4.938605e-01 -1.113335e-02 8.694699e-01
    outer loop
      vertex   1.276065e+01 9.165255e-16 1.527464e+01
      vertex   1.210467e+01 5.460412e-01 1.490904e+01
      vertex   1.211698e+01 8.702944e-16 1.490904e+01
    endloop
  endfacet
  facet normal -2.382445e-01 -1.613447e-02 9.710712e-01
    outer loop
      vertex   1.476052e+01 1.334408e+00 1.609462e+01
      vertex   1.480566e+01 6.678826e-01 1.609462e+01
      vertex   1.552378e+01 7.002769e-01 1.627134e+01
    endloop
  endfacet
  facet normal 1.000000e+00 0.000000e+00 0.000000e+00
    outer loop
      vertex   2.450000e+01 -1.500000e+00 1.200000e+01
      vertex   2.450000e+01 1.500000e+00 1.200000e+01
      vertex   2.450000e+01 -1.500000e+00 1.400000e+01
    endloop
  endfacet
  facet normal 1.000000e+00 -0.000000e+00 0.000000e+00
    outer loop
      vertex   2.450000e+01 -1.500000e+00 1.400000e+01
      vertex   2.450000e+01 1.500000e+00 1.200000e+01
      vertex   2.450000e+01 1.500000e+00 1.400000e+01
    endloop
  endfacet
  facet normal 9.990212e-01 4.423335e-02 0.000000e+00
    outer loop
      vertex   -7.470651e+00 -6.628508e-01 1.500000e+00
      vertex   -7.470651e+00 -6.628508e-01 0.000000e+00
      vertex   -7.500000e+00 -9.184851e-16 1.500000e+00
    endloop
  endfacet
  facet normal 9.990212e-01 4.423335e-02 0.000000e+00
    outer loop
      vertex   -7.500000e+00 -9.184851e-16 1.500000e+00
      vertex   -7.470651e+00 -6.628508e-01 0.000000e+00
      vertex   -7.500000e+00 -9.184851e-16 0.000000e+00
    endloop
  endfacet
  facet normal 9.990212e-01 -4.423335e-02 0.000000e+00
    outer loop
      vertex   -7.500000e+00 -9.184851e-16 1.500000e+00
      vertex   -7.500000e+00 -9.184851e-16 0.000000e+00
      vertex   -7.470651e+00 6.628508e-01 1.500000e+00
    endloop
  endfacet
  facet normal 9.990212e-01 -4.423335e-02 0.000000e+00
    outer loop
      vertex   -7.470651e+00 6.628508e-01 1.500000e+00
      vertex   -7.500000e+00 -9.184851e-16 0.000000e+00
      vertex   -7.470651e+00 6.628508e-01 0.000000e+00
    endloop
  endfacet
  facet normal 9.912025e-01 -1.323539e-01 0.000000e+00
    outer loop
      vertex   -7.470651e+00 6.628508e-01 1.500000e+00
      vertex   -7.470651e+00 6.628508e-01 0.000000e+00
      vertex   -7.382834e+00 1.320514e+00 1.500000e+00
    endloop
  endfacet
  facet normal 9.912025e-01 -1.323539e-01 0.000000e+00
    outer loop
      vertex   -7.382834e+00 1.320514e+00 1.500000e+00
      vertex   -7.470651e+00 6.628508e-01 0.000000e+00
      vertex   -7.382834e+00 1.320514e+00 0.000000e+00
    endloop
  endfacet
  facet normal 9.756263e-01 -2.194385e-01 0.000000e+00
    outer loop
      vertex   -7.382834e+00 1.320514e+00 1.500000e+00
      vertex   -7.382834e+00 1.320514e+00 0.000000e+00
      vertex   -7.237237e+00 1.967842e+00 1.500000e+00
    endloop
  endfacet
  facet normal 9.756263e-01 -2.194385e-01 0.000000e+00
    outer loop
      vertex   -7.237237e+00 1.967842e+00 1.500000e+00
      vertex   -7.382834e+00 1.320514e+00 0.000000e+00
      vertex   -7.237237e+00 1.967842e+00 0.000000e+00
    endloop
  endfacet
  facet normal 9.524145e-01 -3.048058e-01 0.000000e+00
    outer loop
      vertex   -7.237237e+00 1.967842e+00 1.500000e+00
      vertex   -7.237237e+00 1.967842e+00 0.000000e+00
      vertex   -7.034998e+00 2.599769e+00 1.500000e+00
    endloop
  endfacet
  facet normal 9.524145e-01 -3.048058e-01 0.000000e+00
    outer loop
      vertex   -7.034998e+00 2.599769e+00 1.500000e+00
      vertex   -7.237237e+00 1.967842e+00 0.000000e+00
      vertex   -7.034998e+00 2.599769e+00 0.000000e+00
    endloop
  endfacet
  facet normal 9.217488e-01 -3.877875e-01 0.000000e+00
    outer loop
      vertex   -7.034998e+00 2.599769e+00 1.500000e+00
      vertex   -7.034998e+00 2.599769e+00 0.000000e+00
      vertex   -6.777701e+00 3.211350e+00 1.500000e+00
    endloop
  endfacet
  facet normal 9.217488e-01 -3.877875e-01 0.000000e+00
    outer loop
      vertex   -6.777701e+00 3.211350e+00 1.500000e+00
      vertex   -7.034998e+00 2.599769e+00 0.000000e+00
      vertex   -6.777701e+00 3.211350e+00 0.000000e+00
    endloop
  endfacet
  facet normal 8.838691e-01 -4.677343e-01 0.000000e+00
    outer loop
      vertex   -6.777701e+00 3.211350e+00 1.500000e+00
      vertex   -6.777701e+00 3.211350e+00 0.000000e+00
      vertex   -6.467359e+00 3.797797e+00 1.500000e+00
    endloop
  endfacet
  facet normal 8.838691e-01 -4.677343e-01 0.000000e+00
    outer loop
      vertex   -6.467359e+00 3.797797e+00 1.500000e+00
      vertex   -6.777701e+00 3.211350e+00 0.000000e+00
      vertex   -6.467359e+00 3.797797e+00 0.000000e+00
    endloop
  endfacet
  facet normal 8.390720e-01 -5.440204e-01 0.000000e+00
    outer loop
      vertex   -6.467359e+00 3.797797e+00 1.500000e+00
      vertex   -6.467359e+00 3.797797e+00 0.000000e+00
      vertex   -6.106402e+00 4.354522e+00 1.500000e+00
    endloop
  endfacet
  facet normal 8.390720e-01 -5.440204e-01 0.000000e+00
    outer loop
      vertex   -6.106402e+00 4.354522e+00 1.500000e+00
      vertex   -6.467359e+00 3.797797e+00 0.000000e+00
      vertex   -6.106402e+00 4.354522e+00 0.000000e+00
    endloop
  endfacet
  facet normal 7.877080e-01 -6.160488e-01 0.000000e+00
    outer loop
      vertex   -6.106402e+00 4.354522e+00 1.500000e+00
      vertex   -6.106402e+00 4.354522e+00 0.000000e+00
      vertex   -5.697653e+00 4.877166e+00 1.500000e+00
    endloop
  endfacet
  facet normal 7.877080e-01 -6.160488e-01 0.000000e+00
    outer loop
      vertex   -5.697653e+00 4.877166e+00 1.500000e+00
      vertex   -6.106402e+00 4.354522e+00 0.000000e+00
      vertex   -5.697653e+00 4.877166e+00 0.000000e+00
    endloop
  endfacet
  facet normal 7.301791e-01 -6.832558e-01 0.000000e+00
    outer loop
      vertex   -5.697653e+00 4.877166e+00 1.500000e+00
      vertex   -5.697653e+00 4.877166e+00 0.000000e+00
      vertex   -5.244313e+00 5.361640e+00 1.500000e+00
    endloop
  endfacet
  facet normal 7.301791e-01 -6.832558e-01 0.000000e+00
    outer loop
      vertex   -5.244313e+00 5.361640e+00 1.500000e+00
      vertex   -5.697653e+00 4.877166e+00 0.000000e+00
      vertex   -5.244313e+00 5.361640e+00 0.000000e+00
    endloop
  endfacet
  facet normal 6.669355e-01 -7.451154e-01 0.000000e+00
    outer loop
      vertex   -5.244313e+00 5.361640e+00 1.500000e+00
      vertex   -5.244313e+00 5.361640e+00 0.000000e+00
      vertex   -4.749929e+00 5.804152e+00 1.500000e+00
    endloop
  endfacet
  facet normal 6.669355e-01 -7.451154e-01 0.000000e+00
    outer loop
      vertex   -4.749929e+00 5.804152e+00 1.500000e+00
      vertex   -5.244313e+00 5.361640e+00 0.000000e+00
      vertex   -4.749929e+00 5.804152e+00 0.000000e+00
    endloop
  endfacet
  facet normal 5.984723e-01 -8.011435e-01 0.000000e+00
    outer loop
      vertex   -4.749929e+00 5.804152e+00 1.500000e+00
      vertex   -4.749929e+00 5.804152e+00 0.000000e+00
      vertex   -4.218370e+00 6.201238e+00 1.500000e+00
    endloop
  endfacet
  facet normal 5.984723e-01 -8.011435e-01 0.000000e+00
    outer loop
      vertex   -4.218370e+00 6.201238e+00 1.500000e+00
      vertex   -4.749929e+00 5.804152e+00 0.000000e+00
      vertex   -4.218370e+00 6.201238e+00 0.000000e+00
    endloop
  endfacet
  facet normal 5.253252e-01 -8.509015e-01 0.000000e+00
    outer loop
      vertex   -4.218370e+00 6.201238e+00 1.500000e+00
      vertex   -4.218370e+00 6.201238e+00 0.000000e+00
      vertex   -3.653796e+00 6.549792e+00 1.500000e+00
    endloop
  endfacet
  facet normal 5.253252e-01 -8.509015e-01 0.000000e+00
    outer loop
      vertex   -3.653796e+00 6.549792e+00 1.500000e+00
      vertex   -4.218370e+00 6.201238e+00 0.000000e+00
      vertex   -3.653796e+00 6.549792e+00 0.000000e+00
    endloop
  endfacet
  facet normal 4.480668e-01 -8.940001e-01 0.000000e+00
    outer loop
      vertex   -3.653796e+00 6.549792e+00 1.500000e+00
      vertex   -3.653796e+00 6.549792e+00 0.000000e+00
      vertex   -3.060627e+00 6.847084e+00 1.500000e+00
    endloop
  endfacet
  facet normal 4.480668e-01 -8.940001e-01 0.000000e+00
    outer loop
      vertex   -3.060627e+00 6.847084e+00 1.500000e+00
      vertex   -3.653796e+00 6.549792e+00 0.000000e+00
      vertex   -3.060627e+00 6.847084e+00 0.000000e+00
    endloop
  endfacet
  facet normal 3.673016e-01 -9.301019e-01 0.000000e+00
    outer loop
      vertex   -3.060627e+00 6.847084e+00 1.500000e+00
      vertex   -3.060627e+00 6.847084e+00 0.000000e+00
      vertex   -2.443504e+00 7.090789e+00 1.500000e+00
    endloop
  endfacet
  facet normal 3.673016e-01 -9.301019e-01 0.000000e+00
    outer loop
      vertex   -2.443504e+00 7.090789e+00 1.500000e+00
      vertex   -3.060627e+00 6.847084e+00 0.000000e+00
      vertex   -2.443504e+00 7.090789e+00 0.000000e+00
    endloop
  endfacet
  facet normal 2.836618e-01 -9.589244e-01 0.000000e+00
    outer loop
      vertex   -2.443504e+00 7.090789e+00 1.500000e+00
      vertex   -2.443504e+00 7.090789e+00 0.000000e+00
      vertex   -1.807258e+00 7.278999e+00 1.500000e+00
    endloop
  endfacet
  facet normal 2.836618e-01 -9.589244e-01 0.000000e+00
    outer loop
      vertex   -1.807258e+00 7.278999e+00 1.500000e+00
      vertex   -2.443504e+00 7.090789e+00 0.000000e+00
      vertex   -1.807258e+00 7.278999e+00 0.000000e+00
    endloop
  endfacet
  facet normal 1.978019e-01 -9.802420e-01 0.000000e+00
    outer loop
      vertex   -1.807258e+00 7.278999e+00 1.500000e+00
      vertex   -1.807258e+00 7.278999e+00 0.000000e+00
      vertex   -1.156867e+00 7.410240e+00 1.500000e+00
    endloop
  endfacet
  facet normal 1.978019e-01 -9.802420e-01 0.000000e+00
    outer loop
      vertex   -1.156867e+00 7.410240e+00 1.500000e+00
      vertex   -1.807258e+00 7.278999e+00 0.000000e+00
      vertex   -1.156867e+00 7.410240e+00 0.000000e+00
    endloop
  endfacet
  facet normal 1.103940e-01 -9.938879e-01 0.000000e+00
    outer loop
      vertex   -1.156867e+00 7.410240e+00 1.500000e+00
      vertex   -1.156867e+00 7.410240e+00 0.000000e+00
      vertex   -4.974222e-01 7.483487e+00 1.500000e+00
    endloop
  endfacet
  facet normal 1.103940e-01 -9.938879e-01 0.000000e+00
    outer loop
      vertex   -4.974222e-01 7.483487e+00 1.500000e+00
      vertex   -1.156867e+00 7.410240e+00 0.000000e+00
      vertex   -4.974222e-01 7.483487e+00 0.000000e+00
    endloop
  endfacet
  facet normal 2.212209e-02 -9.997553e-01 0.000000e+00
    outer loop
      vertex   -4.974222e-01 7.483487e+00 1.500000e+00
      vertex   -4.974222e-01 7.483487e+00 0.000000e+00
      vertex   1.659157e-01 7.498165e+00 1.500000e+00
    endloop
  endfacet
  facet normal 2.212209e-02 -9.997553e-01 0.000000e+00
    outer loop
      vertex   1.659157e-01 7.498165e+00 1.500000e+00
      vertex   -4.974222e-01 7.483487e+00 0.000000e+00
      vertex   1.659157e-01 7.498165e+00 0.000000e+00
    endloop
  endfacet
  facet normal -6.632296e-02 -9.977982e-01 -0.000000e+00
    outer loop
      vertex   1.659157e-01 7.498165e+00 1.500000e+00
      vertex   1.659157e-01 7.498165e+00 0.000000e+00
      vertex   8.279550e-01 7.454159e+00 1.500000e+00
    endloop
  endfacet
  facet normal -6.632296e-02 -9.977982e-01 -0.000000e+00
    outer loop
      vertex   8.279550e-01 7.454159e+00 1.500000e+00
      vertex   1.659157e-01 7.498165e+00 0.000000e+00
      vertex   8.279550e-01 7.454159e+00 0.000000e+00
    endloop
  endfacet
  facet normal -1.542489e-01 -9.880320e-01 -0.000000e+00
    outer loop
      vertex   8.279550e-01 7.454159e+00 1.500000e+00
      vertex   8.279550e-01 7.454159e+00 0.000000e+00
      vertex   1.483514e+00 7.351815e+00 1.500000e+00
    endloop
  endfacet
  facet normal -1.542489e-01 -9.880320e-01 -0.000000e+00
    outer loop
      vertex   1.483514e+00 7.351815e+00 1.500000e+00
      vertex   8.279550e-01 7.454159e+00 0.000000e+00
      vertex   1.483514e+00 7.351815e+00 0.000000e+00
    endloop
  endfacet
  facet normal -2.409677e-01 -9.705331e-01 -0.000000e+00
    outer loop
      vertex   1.483514e+00 7.351815e+00 1.500000e+00
      vertex   1.483514e+00 7.351815e+00 0.000000e+00
      vertex   2.127463e+00 7.191933e+00 1.500000e+00
    endloop
  endfacet
  facet normal -2.409677e-01 -9.705331e-01 -0.000000e+00
    outer loop
      vertex   2.127463e+00 7.191933e+00 1.500000e+00
      vertex   1.483514e+00 7.351815e+00 0.000000e+00
      vertex   2.127463e+00 7.191933e+00 0.000000e+00
    endloop
  endfacet
  facet normal -3.258006e-01 -9.454385e-01 -0.000000e+00
    outer loop
      vertex   2.127463e+00 7.191933e+00 1.500000e+00
      vertex   2.127463e+00 7.191933e+00 0.000000e+00
      vertex   2.754762e+00 6.975764e+00 1.500000e+00
    endloop
  endfacet
  facet normal -3.258006e-01 -9.454385e-01 -0.000000e+00
    outer loop
      vertex   2.754762e+00 6.975764e+00 1.500000e+00
      vertex   2.127463e+00 7.191933e+00 0.000000e+00
      vertex   2.754762e+00 6.975764e+00 0.000000e+00
    endloop
  endfacet
  facet normal -4.080836e-01 -9.129446e-01 -0.000000e+00
    outer loop
      vertex   2.754762e+00 6.975764e+00 1.500000e+00
      vertex   2.754762e+00 6.975764e+00 0.000000e+00
      vertex   3.360501e+00 6.705001e+00 1.500000e+00
    endloop
  endfacet
  facet normal -4.080836e-01 -9.129446e-01 -0.000000e+00
    outer loop
      vertex   3.360501e+00 6.705001e+00 1.500000e+00
      vertex   2.754762e+00 6.975764e+00 0.000000e+00
      vertex   3.360501e+00 6.705001e+00 0.000000e+00
    endloop
  endfacet
  facet normal -4.871728e-01 -8.733056e-01 -0.000000e+00
    outer loop
      vertex   3.360501e+00 6.705001e+00 1.500000e+00
      vertex   3.360501e+00 6.705001e+00 0.000000e+00
      vertex   3.939939e+00 6.381761e+00 1.500000e+00
    endloop
  endfacet
  facet normal -4.871728e-01 -8.733056e-01 -0.000000e+00
    outer loop
      vertex   3.939939e+00 6.381761e+00 1.500000e+00
      vertex   3.360501e+00 6.705001e+00 0.000000e+00
      vertex   3.939939e+00 6.381761e+00 0.000000e+00
    endloop
  endfacet
  facet normal -5.624493e-01 -8.268318e-01 -0.000000e+00
    outer loop
      vertex   3.939939e+00 6.381761e+00 1.500000e+00
      vertex   3.939939e+00 6.381761e+00 0.000000e+00
      vertex   4.488542e+00 6.008576e+00 1.500000e+00
    endloop
  endfacet
  facet normal -5.624493e-01 -8.268318e-01 -0.000000e+00
    outer loop
      vertex   4.488542e+00 6.008576e+00 1.500000e+00
      vertex   3.939939e+00 6.381761e+00 0.000000e+00
      vertex   4.488542e+00 6.008576e+00 0.000000e+00
    endloop
  endfacet
  facet normal -6.333238e-01 -7.738869e-01 -0.000000e+00
    outer loop
      vertex   4.488542e+00 6.008576e+00 1.500000e+00
      vertex   4.488542e+00 6.008576e+00 0.000000e+00
      vertex   5.002016e+00 5.588366e+00 1.500000e+00
    endloop
  endfacet
  facet normal -6.333238e-01 -7.738869e-01 -0.000000e+00
    outer loop
      vertex   5.002016e+00 5.588366e+00 1.500000e+00
      vertex   4.488542e+00 6.008576e+00 0.000000e+00
      vertex   5.002016e+00 5.588366e+00 0.000000e+00
    endloop
  endfacet
  facet normal -6.992417e-01 -7.148853e-01 -0.000000e+00
    outer loop
      vertex   5.002016e+00 5.588366e+00 1.500000e+00
      vertex   5.002016e+00 5.588366e+00 0.000000e+00
      vertex   5.476343e+00 5.124419e+00 1.500000e+00
    endloop
  endfacet
  facet normal -6.992417e-01 -7.148853e-01 -0.000000e+00
    outer loop
      vertex   5.476343e+00 5.124419e+00 1.500000e+00
      vertex   5.002016e+00 5.588366e+00 0.000000e+00
      vertex   5.476343e+00 5.124419e+00 0.000000e+00
    endloop
  endfacet
  facet normal -7.596871e-01 -6.502888e-01 -0.000000e+00
    outer loop
      vertex   5.476343e+00 5.124419e+00 1.500000e+00
      vertex   5.476343e+00 5.124419e+00 0.000000e+00
      vertex   5.907810e+00 4.620366e+00 1.500000e+00
    endloop
  endfacet
  facet normal -7.596871e-01 -6.502888e-01 -0.000000e+00
    outer loop
      vertex   5.907810e+00 4.620366e+00 1.500000e+00
      vertex   5.476343e+00 5.124419e+00 0.000000e+00
      vertex   5.907810e+00 4.620366e+00 0.000000e+00
    endloop
  endfacet
  facet normal -8.141869e-01 -5.806029e-01 -0.000000e+00
    outer loop
      vertex   5.907810e+00 4.620366e+00 1.500000e+00
      vertex   5.907810e+00 4.620366e+00 0.000000e+00
      vertex   6.293040e+00 4.080153e+00 1.500000e+00
    endloop
  endfacet
  facet normal -8.141869e-01 -5.806029e-01 -0.000000e+00
    outer loop
      vertex   6.293040e+00 4.080153e+00 1.500000e+00
      vertex   5.907810e+00 4.620366e+00 0.000000e+00
      vertex   6.293040e+00 4.080153e+00 0.000000e+00
    endloop
  endfacet
  facet normal -8.623146e-01 -5.063730e-01 -0.000000e+00
    outer loop
      vertex   6.293040e+00 4.080153e+00 1.500000e+00
      vertex   6.293040e+00 4.080153e+00 0.000000e+00
      vertex   6.629018e+00 3.508007e+00 1.500000e+00
    endloop
  endfacet
  facet normal -8.623146e-01 -5.063730e-01 -0.000000e+00
    outer loop
      vertex   6.629018e+00 3.508007e+00 1.500000e+00
      vertex   6.293040e+00 4.080153e+00 0.000000e+00
      vertex   6.629018e+00 3.508007e+00 0.000000e+00
    endloop
  endfacet
  facet normal -9.036935e-01 -4.281800e-01 -0.000000e+00
    outer loop
      vertex   6.629018e+00 3.508007e+00 1.500000e+00
      vertex   6.629018e+00 3.508007e+00 0.000000e+00
      vertex   6.913116e+00 2.908406e+00 1.500000e+00
    endloop
  endfacet
  facet normal -9.036935e-01 -4.281800e-01 -0.000000e+00
    outer loop
      vertex   6.913116e+00 2.908406e+00 1.500000e+00
      vertex   6.629018e+00 3.508007e+00 0.000000e+00
      vertex   6.913116e+00 2.908406e+00 0.000000e+00
    endloop
  endfacet
  facet normal -9.379998e-01 -3.466359e-01 -0.000000e+00
    outer loop
      vertex   6.913116e+00 2.908406e+00 1.500000e+00
      vertex   6.913116e+00 2.908406e+00 0.000000e+00
      vertex   7.143109e+00 2.286043e+00 1.500000e+00
    endloop
  endfacet
  facet normal -9.379998e-01 -3.466359e-01 -0.000000e+00
    outer loop
      vertex   7.143109e+00 2.286043e+00 1.500000e+00
      vertex   6.913116e+00 2.908406e+00 0.000000e+00
      vertex   7.143109e+00 2.286043e+00 0.000000e+00
    endloop
  endfacet
  facet normal -9.649649e-01 -2.623790e-01 -0.000000e+00
    outer loop
      vertex   7.143109e+00 2.286043e+00 1.500000e+00
      vertex   7.143109e+00 2.286043e+00 0.000000e+00
      vertex   7.317197e+00 1.645789e+00 1.500000e+00
    endloop
  endfacet
  facet normal -9.649649e-01 -2.623790e-01 -0.000000e+00
    outer loop
      vertex   7.317197e+00 1.645789e+00 1.500000e+00
      vertex   7.143109e+00 2.286043e+00 0.000000e+00
      vertex   7.317197e+00 1.645789e+00 0.000000e+00
    endloop
  endfacet
  facet normal -9.843779e-01 -1.760685e-01 -0.000000e+00
    outer loop
      vertex   7.317197e+00 1.645789e+00 1.500000e+00
      vertex   7.317197e+00 1.645789e+00 0.000000e+00
      vertex   7.434019e+00 9.926539e-01 1.500000e+00
    endloop
  endfacet
  facet normal -9.843779e-01 -1.760685e-01 -0.000000e+00
    outer loop
      vertex   7.434019e+00 9.926539e-01 1.500000e+00
      vertex   7.317197e+00 1.645789e+00 0.000000e+00
      vertex   7.434019e+00 9.926539e-01 0.000000e+00
    endloop
  endfacet
  facet normal -9.960868e-01 -8.838010e-02 -0.000000e+00
    outer loop
      vertex   7.434019e+00 9.926539e-01 1.500000e+00
      vertex   7.434019e+00 9.926539e-01 0.000000e+00
      vertex   7.492659e+00 3.317501e-01 1.500000e+00
    endloop
  endfacet
  facet normal -9.960868e-01 -8.838010e-02 -0.000000e+00
    outer loop
      vertex   7.492659e+00 3.317501e-01 1.500000e+00
      vertex   7.434019e+00 9.926539e-01 0.000000e+00
      vertex   7.492659e+00 3.317501e-01 0.000000e+00
    endloop
  endfacet
  facet normal -1.000000e+00 -0.000000e+00 -0.000000e+00
    outer loop
      vertex   7.492659e+00 3.317501e-01 1.500000e+00
      vertex   7.492659e+00 3.317501e-01 0.000000e+00
      vertex   7.492659e+00 -3.317501e-01 1.500000e+00
    endloop
  endfacet
  facet normal -1.000000e+00 0.000000e+00 0.000000e+00
    outer loop
      vertex   7.492659e+00 -3.317501e-01 1.500000e+00
      vertex   7.492659e+00 3.317501e-01 0.000000e+00
      vertex   7.492659e+00 -3.317501e-01 0.000000e+00
    endloop
  endfacet
  facet normal -9.960868e-01 8.838010e-02 0.000000e+00
    outer loop
      vertex   7.492659e+00 -3.317501e-01 1.500000e+00
      vertex   7.492659e+00 -3.317501e-01 0.000000e+00
      vertex   7.434019e+00 -9.926539e-01 1.500000e+00
    endloop
  endfacet
  facet normal -9.960868e-01 8.838010e-02 0.000000e+00
    outer loop
      vertex   7.434019e+00 -9.926539e-01 1.500000e+00
      vertex   7.492659e+00 -3.317501e-01 0.000000e+00
      vertex   7.434019e+00 -9.926539e-01 0.000000e+00
    endloop
  endfacet
  facet normal -9.843779e-01 1.760685e-01 0.000000e+00
    outer loop
      vertex   7.434019e+00 -9.926539e-01 1.500000e+00
      vertex   7.434019e+00 -9.926539e-01 0.000000e+00
      vertex   7.317197e+00 -1.645789e+00 1.500000e+00
    endloop
  endfacet
  facet normal -9.843779e-01 1.760685e-01 0.000000e+00
    outer loop
      vertex   7.317197e+00 -1.645789e+00 1.500000e+00
      vertex   7.434019e+00 -9.926539e-01 0.000000e+00
      vertex   7.317197e+00 -1.645789e+00 0.000000e+00
    endloop
  endfacet
  facet normal -9.649649e-01 2.623790e-01 0.000000e+00
    outer loop
      vertex   7.317197e+00 -1.645789e+00 1.500000e+00
      vertex   7.317197e+00 -1.645789e+00 0.000000e+00
      vertex   7.143109e+00 -2.286043e+00 1.500000e+00
    endloop
  endfacet
  facet normal -9.649649e-01 2.623790e-01 0.000000e+00
    outer loop
      vertex   7.143109e+00 -2.286043e+00 1.500000e+00
      vertex   7.317197e+00 -1.645789e+00 0.000000e+00
      vertex   7.143109e+00 -2.286043e+00 0.000000e+00
    endloop
  endfacet
  facet normal -9.379998e-01 3.466359e-01 0.000000e+00
    outer loop
      vertex   7.143109e+00 -2.286043e+00 1.500000e+00
      vertex   7.143109e+00 -2.286043e+00 0.000000e+00
      vertex   6.913116e+00 -2.908406e+00 1.500000e+00
    endloop
  endfacet
  facet normal -9.379998e-01 3.466359e-01 0.000000e+00
    outer loop
      vertex   6.913116e+00 -2.908406e+00 1.500000e+00
      vertex   7.143109e+00 -2.286043e+00 0.000000e+00
      vertex   6.913116e+00 -2.908406e+00 0.000000e+00
    endloop
  endfacet
  facet normal -9.036935e-01 4.281800e-01 0.000000e+00
    outer loop
      vertex   6.913116e+00 -2.908406e+00 1.500000e+00
      vertex   6.913116e+00 -2.908406e+00 0.000000e+00
      vertex   6.629018e+00 -3.508007e+00 1.500000e+00
    endloop
  endfacet
  facet normal -9.036935e-01 4.281800e-01 0.000000e+00
    outer loop
      vertex   6.629018e+00 -3.508007e+00 1.500000e+00
      vertex   6.913116e+00 -2.908406e+00 0.000000e+00
      vertex   6.629018e+00 -3.508007e+00 0.000000e+00
    endloop
  endfacet
  facet normal -8.623146e-01 5.063730e-01 0.000000e+00
    outer loop
      vertex   6.629018e+00 -3.508007e+00 1.500000e+00
      vertex   6.629018e+00 -3.508007e+00 0.000000e+00
      vertex   6.293040e+00 -4.080153e+00 1.500000e+00
    endloop
  endfacet
  facet normal -8.623146e-01 5.063730e-01 0.000000e+00
    outer loop
      vertex   6.293040e+00 -4.080153e+00 1.500000e+00
      vertex   6.629018e+00 -3.508007e+00 0.000000e+00
      vertex   6.293040e+00 -4.080153e+00 0.000000e+00
    endloop
  endfacet
  facet normal -8.141869e-01 5.806029e-01 0.000000e+00
    outer loop
      vertex   6.293040e+00 -4.080153e+00 1.500000e+00
      vertex   6.293040e+00 -4.080153e+00 0.000000e+00
      vertex   5.907810e+00 -4.620366e+00 1.500000e+00
    endloop
  endfacet
  facet normal -8.141869e-01 5.806029e-01 0.000000e+00
    outer loop
      vertex   5.907810e+00 -4.620366e+00 1.500000e+00
      vertex   6.293040e+00 -4.080153e+00 0.000000e+00
      vertex   5.907810e+00 -4.620366e+00 0.000000e+00
    endloop
  endfacet
  facet normal -7.596871e-01 6.502888e-01 0.000000e+00
    outer loop
      vertex   5.907810e+00 -4.620366e+00 1.500000e+00
      vertex   5.907810e+00 -4.620366e+00 0.000000e+00
      vertex   5.476343e+00 -5.124419e+00 1.500000e+00
    endloop
  endfacet
  facet normal -7.596871e-01 6.502888e-01 0.000000e+00
    outer loop
      vertex   5.476343e+00 -5.124419e+00 1.500000e+00
      vertex   5.907810e+00 -4.620366e+00 0.000000e+00
      vertex   5.476343e+00 -5.124419e+00 0.000000e+00
    endloop
  endfacet
  facet normal -6.992417e-01 7.148853e-01 0.000000e+00
    outer loop
      vertex   5.476343e+00 -5.124419e+00 1.500000e+00
      vertex   5.476343e+00 -5.124419e+00 0.000000e+00
      vertex   5.002016e+00 -5.588366e+00 1.500000e+00
    endloop
  endfacet
  facet normal -6.992417e-01 7.148853e-01 0.000000e+00
    outer loop
      vertex   5.002016e+00 -5.588366e+00 1.500000e+00
      vertex   5.476343e+00 -5.124419e+00 0.000000e+00
      vertex   5.002016e+00 -5.588366e+00 0.000000e+00
    endloop
  endfacet
  facet normal -6.333238e-01 7.738869e-01 0.000000e+00
    outer loop
      vertex   5.002016e+00 -5.588366e+00 1.500000e+00
      vertex   5.002016e+00 -5.588366e+00 0.000000e+00
      vertex   4.488542e+00 -6.008576e+00 1.500000e+00
    endloop
  endfacet
  facet normal -6.333238e-01 7.738869e-01 0.000000e+00
    outer loop
      vertex   4.488542e+00 -6.008576e+00 1.500000e+00
      vertex   5.002016e+00 -5.588366e+00 0.000000e+00
      vertex   4.488542e+00 -6.008576e+00 0.000000e+00
    endloop
  endfacet
  facet normal -5.624493e-01 8.268318e-01 0.000000e+00
    outer loop
      vertex   4.488542e+00 -6.008576e+00 1.500000e+00
      vertex   4.488542e+00 -6.008576e+00 0.000000e+00
      vertex   3.939939e+00 -6.381761e+00 1.500000e+00
    endloop
  endfacet
  facet normal -5.624493e-01 8.268318e-01 0.000000e+00
    outer loop
      vertex   3.939939e+00 -6.381761e+00 1.500000e+00
      vertex   4.488542e+00 -6.008576e+00 0.000000e+00
      vertex   3.939939e+00 -6.381761e+00 0.000000e+00
    endloop
  endfacet
  facet normal -4.871728e-01 8.733056e-01 0.000000e+00
    outer loop
      vertex   3.939939e+00 -6.381761e+00 1.500000e+00
      vertex   3.939939e+00 -6.381761e+00 0.000000e+00
      vertex   3.360501e+00 -6.705001e+00 1.500000e+00
    endloop
  endfacet
  facet normal -4.871728e-01 8.733056e-01 0.000000e+00
    outer loop
      vertex   3.360501e+00 -6.705001e+00 1.500000e+00
      vertex   3.939939e+00 -6.381761e+00 0.000000e+00
      vertex   3.360501e+00 -6.705001e+00 0.000000e+00
    endloop
  endfacet
  facet normal -4.080836e-01 9.129446e-01 0.000000e+00
    outer loop
      vertex   3.360501e+00 -6.705001e+00 1.500000e+00
      vertex   3.360501e+00 -6.705001e+00 0.000000e+00
      vertex   2.754762e+00 -6.975764e+00 1.500000e+00
    endloop
  endfacet
  facet normal -4.080836e-01 9.129446e-01 0.000000e+00
    outer loop
      vertex   2.754762e+00 -6.975764e+00 1.500000e+00
      vertex   3.360501e+00 -6.705001e+00 0.000000e+00
      vertex   2.754762e+00 -6.975764e+00 0.000000e+00
    endloop
  endfacet
  facet normal -3.258006e-01 9.454385e-01 0.000000e+00
    outer loop
      vertex   2.754762e+00 -6.975764e+00 1.500000e+00
      vertex   2.754762e+00 -6.975764e+00 0.000000e+00
      vertex   2.127463e+00 -7.191933e+00 1.500000e+00
    endloop
  endfacet
  facet normal -3.258006e-01 9.454385e-01 0.000000e+00
    outer loop
      vertex   2.127463e+00 -7.191933e+00 1.500000e+00
      vertex   2.754762e+00 -6.975764e+00 0.000000e+00
      vertex   2.127463e+00 -7.191933e+00 0.000000e+00
    endloop
  endfacet
  facet normal -2.409677e-01 9.705331e-01 0.000000e+00
    outer loop
      vertex   2.127463e+00 -7.191933e+00 1.500000e+00
      vertex   2.127463e+00 -7.191933e+00 0.000000e+00
      vertex   1.483514e+00 -7.351815e+00 1.500000e+00
    endloop
  endfacet
  facet normal -2.409677e-01 9.705331e-01 0.000000e+00
    outer loop
      vertex   1.483514e+00 -7.351815e+00 1.500000e+00
      vertex   2.127463e+00 -7.191933e+00 0.000000e+00
      vertex   1.483514e+00 -7.351815e+00 0.000000e+00
    endloop
  endfacet
  facet normal -1.542489e-01 9.880320e-01 0.000000e+00
    outer loop
      vertex   1.483514e+00 -7.351815e+00 1.500000e+00
      vertex   1.483514e+00 -7.351815e+00 0.000000e+00
      vertex   8.279550e-01 -7.454159e+00 1.500000e+00
    endloop
  endfacet
  facet normal -1.542489e-01 9.880320e-01 0.000000e+00
    outer loop
      vertex   8.279550e-01 -7.454159e+00 1.500000e+00
      vertex   1.483514e+00 -7.351815e+00 0.000000e+00
      vertex   8.279550e-01 -7.454159e+00 0.000000e+00
    endloop
  endfacet
  facet normal -6.632296e-02 9.977982e-01 0.000000e+00
    outer loop
      vertex   8.279550e-01 -7.454159e+00 1.500000e+00
      vertex   8.279550e-01 -7.454159e+00 0.000000e+00
      vertex   1.659157e-01 -7.498165e+00 1.500000e+00
    endloop
  endfacet
  facet normal -6.632296e-02 9.977982e-01 0.000000e+00
    outer loop
      vertex   1.659157e-01 -7.498165e+00 1.500000e+00
      vertex   8.279550e-01 -7.454159e+00 0.000000e+00
      vertex   1.659157e-01 -7.498165e+00 0.000000e+00
    endloop
  endfacet
  facet normal 2.212209e-02 9.997553e-01 0.000000e+00
    outer loop
      vertex   1.659157e-01 -7.498165e+00 1.500000e+00
      vertex   1.659157e-01 -7.498165e+00 0.000000e+00
      vertex   -4.974222e-01 -7.483487e+00 1.500000e+00
    endloop
  endfacet
  facet normal 2.212209e-02 9.997553e-01 0.000000e+00
    outer loop
      vertex   -4.974222e-01 -7.483487e+00 1.500000e+00
      vertex   1.659157e-01 -7.498165e+00 0.000000e+00
      vertex   -4.974222e-01 -7.483487e+00 0.000000e+00
    endloop
  endfacet
  facet normal 1.103940e-01 9.938879e-01 0.000000e+00
    outer loop
      vertex   -4.974222e-01 -7.483487e+00 1.500000e+00
      vertex   -4.974222e-01 -7.483487e+00 0.000000e+00
      vertex   -1.156867e+00 -7.410240e+00 1.500000e+00
    endloop
  endfacet
  facet normal 1.103940e-01 9.938879e-01 0.000000e+00
    outer loop
      vertex   -1.156867e+00 -7.410240e+00 1.500000e+00
      vertex   -4.974222e-01 -7.483487e+00 0.000000e+00
      vertex   -1.156867e+00 -7.410240e+00 0.000000e+00
    endloop
  endfacet
  facet normal 1.978019e-01 9.802420e-01 0.000000e+00
    outer loop
      vertex   -1.156867e+00 -7.410240e+00 1.500000e+00
      vertex   -1.156867e+00 -7.410240e+00 0.000000e+00
      vertex   -1.807258e+00 -7.278999e+00 1.500000e+00
    endloop
  endfacet
  facet normal 1.978019e-01 9.802420e-01 0.000000e+00
    outer loop
      vertex   -1.807258e+00 -7.278999e+00 1.500000e+00
      vertex   -1.156867e+00 -7.410240e+00 0.000000e+00
      vertex   -1.807258e+00 -7.278999e+00 0.000000e+00
    endloop
  endfacet
  facet normal 2.836618e-01 9.589244e-01 0.000000e+00
    outer loop
      vertex   -1.807258e+00 -7.278999e+00 1.500000e+00
      vertex   -1.807258e+00 -7.278999e+00 0.000000e+00
      vertex   -2.443504e+00 -7.090789e+00 1.500000e+00
    endloop
  endfacet
  facet normal 2.836618e-01 9.589244e-01 0.000000e+00
    outer loop
      vertex   -2.443504e+00 -7.090789e+00 1.500000e+00
      vertex   -1.807258e+00 -7.278999e+00 0.000000e+00
      vertex   -2.443504e+00 -7.090789e+00 0.000000e+00
    endloop
  endfacet
  facet normal 3.673016e-01 9.301019e-01 0.000000e+00
    outer loop
      vertex   -2.443504e+00 -7.090789e+00 1.500000e+00
      vertex   -2.443504e+00 -7.090789e+00 0.000000e+00
      vertex   -3.060627e+00 -6.847084e+00 1.500000e+00
    endloop
  endfacet
  facet normal 3.673016e-01 9.301019e-01 0.000000e+00
    outer loop
      vertex   -3.060627e+00 -6.847084e+00 1.500000e+00
      vertex   -2.443504e+00 -7.090789e+00 0.000000e+00
      vertex   -3.060627e+00 -6.847084e+00 0.000000e+00
    endloop
  endfacet
  facet normal 4.480668e-01 8.940001e-01 0.000000e+00
    outer loop
      vertex   -3.060627e+00 -6.847084e+00 1.500000e+00
      vertex   -3.060627e+00 -6.847084e+00 0.000000e+00
      vertex   -3.653796e+00 -6.549792e+00 1.500000e+00
    endloop
  endfacet
  facet normal 4.480668e-01 8.940001e-01 0.000000e+00
    outer loop
      vertex   -3.653796e+00 -6.549792e+00 1.500000e+00
      vertex   -3.060627e+00 -6.847084e+00 0.000000e+00
      vertex   -3.653796e+00 -6.549792e+00 0.000000e+00
    endloop
  endfacet
  facet normal 5.253252e-01 8.509015e-01 0.000000e+00
    outer loop
      vertex   -3.653796e+00 -6.549792e+00 1.500000e+00
      vertex   -3.653796e+00 -6.549792e+00 0.000000e+00
      vertex   -4.218370e+00 -6.201238e+00 1.500000e+00
    endloop
  endfacet
  facet normal 5.253252e-01 8.509015e-01 0.000000e+00
    outer loop
      vertex   -4.218370e+00 -6.201238e+00 1.500000e+00
      vertex   -3.653796e+00 -6.549792e+00 0.000000e+00
      vertex   -4.218370e+00 -6.201238e+00 0.000000e+00
    endloop
  endfacet
  facet normal 5.984723e-01 8.011435e-01 0.000000e+00
    outer loop
      vertex   -4.218370e+00 -6.201238e+00 1.500000e+00
      vertex   -4.218370e+00 -6.201238e+00 0.000000e+00
      vertex   -4.749929e+00 -5.804152e+00 1.500000e+00
    endloop
  endfacet
  facet normal 5.984723e-01 8.011435e-01 0.000000e+00
    outer loop
      vertex   -4.749929e+00 -5.804152e+00 1.500000e+00
      vertex   -4.218370e+00 -6.201238e+00 0.000000e+00
      vertex   -4.749929e+00 -5.804152e+00 0.000000e+00
    endloop
  endfacet
  facet normal 6.669355e-01 7.451154e-01 0.000000e+00
    outer loop
      vertex   -4.749929e+00 -5.804152e+00 1.500000e+00
      vertex   -4.749929e+00 -5.804152e+00 0.000000e+00
      vertex   -5.244313e+00 -5.361640e+00 1.500000e+00
    endloop
  endfacet
  facet normal 6.669355e-01 7.451154e-01 0.000000e+00
    outer loop
      vertex   -5.244313e+00 -5.361640e+00 1.500000e+00
      vertex   -4.749929e+00 -5.804152e+00 0.000000e+00
      vertex   -5.244313e+00 -5.361640e+00 0.000000e+00
    endloop
  endfacet
  facet normal 7.301791e-01 6.832558e-01 0.000000e+00
    outer loop
      vertex   -5.244313e+00 -5.361640e+00 1.500000e+00
      vertex   -5.244313e+00 -5.361640e+00 0.000000e+00
      vertex   -5.697653e+00 -4.877166e+00 1.500000e+00
    endloop
  endfacet
  facet normal 7.301791e-01 6.832558e-01 0.000000e+00
    outer loop
      vertex   -5.697653e+00 -4.877166e+00 1.500000e+00
      vertex   -5.244313e+00 -5.361640e+00 0.000000e+00
      vertex   -5.697653e+00 -4.877166e+00 0.000000e+00
    endloop
  endfacet
  facet normal 7.877080e-01 6.160488e-01 0.000000e+00
    outer loop
      vertex   -5.697653e+00 -4.877166e+00 1.500000e+00
      vertex   -5.697653e+00 -4.877166e+00 0.000000e+00
      vertex   -6.106402e+00 -4.354522e+00 1.500000e+00
    endloop
  endfacet
  facet normal 7.877080e-01 6.160488e-01 0.000000e+00
    outer loop
      vertex   -6.106402e+00 -4.354522e+00 1.500000e+00
      vertex   -5.697653e+00 -4.877166e+00 0.000000e+00
      vertex   -6.106402e+00 -4.354522e+00 0.000000e+00
    endloop
  endfacet
  facet normal 8.390720e-01 5.440204e-01 0.000000e+00
    outer loop
      vertex   -6.106402e+00 -4.354522e+00 1.500000e+00
      vertex   -6.106402e+00 -4.354522e+00 0.000000e+00
      vertex   -6.467359e+00 -3.797797e+00 1.500000e+00
    endloop
  endfacet
  facet normal 8.390720e-01 5.440204e-01 0.000000e+00
    outer loop
      vertex   -6.467359e+00 -3.797797e+00 1.500000e+00
      vertex   -6.106402e+00 -4.354522e+00 0.000000e+00
      vertex   -6.467359e+00 -3.797797e+00 0.000000e+00
    endloop
  endfacet
  facet normal 8.838691e-01 4.677343e-01 0.000000e+00
    outer loop
      vertex   -6.467359e+00 -3.797797e+00 1.500000e+00
      vertex   -6.467359e+00 -3.797797e+00 0.000000e+00
      vertex   -6.777701e+00 -3.211350e+00 1.500000e+00
    endloop
  endfacet
  facet normal 8.838691e-01 4.677343e-01 0.000000e+00
    outer loop
      vertex   -6.777701e+00 -3.211350e+00 1.500000e+00
      vertex   -6.467359e+00 -3.797797e+00 0.000000e+00
      vertex   -6.777701e+00 -3.211350e+00 0.000000e+00
    endloop
  endfacet
  facet normal 9.217488e-01 3.877875e-01 0.000000e+00
    outer loop
      vertex   -6.777701e+00 -3.211350e+00 1.500000e+00
      vertex   -6.777701e+00 -3.211350e+00 0.000000e+00
      vertex   -7.034998e+00 -2.599769e+00 1.500000e+00
    endloop
  endfacet
  facet normal 9.217488e-01 3.877875e-01 0.000000e+00
    outer loop
      vertex   -7.034998e+00 -2.599769e+00 1.500000e+00
      vertex   -6.777701e+00 -3.211350e+00 0.000000e+00
      vertex   -7.034998e+00 -2.599769e+00 0.000000e+00
    endloop
  endfacet
  facet normal 9.524145e-01 3.048058e-01 0.000000e+00
    outer loop
      vertex   -7.034998e+00 -2.599769e+00 1.500000e+00
      vertex   -7.034998e+00 -2.599769e+00 0.000000e+00
      vertex   -7.237237e+00 -1.967842e+00 1.500000e+00
    endloop
  endfacet
  facet normal 9.524145e-01 3.048058e-01 0.000000e+00
    outer loop
      vertex   -7.237237e+00 -1.967842e+00 1.500000e+00
      vertex   -7.034998e+00 -2.599769e+00 0.000000e+00
      vertex   -7.237237e+00 -1.967842e+00 0.000000e+00
    endloop
  endfacet
  facet normal 9.756263e-01 2.194385e-01 0.000000e+00
    outer loop
      vertex   -7.237237e+00 -1.967842e+00 1.500000e+00
      vertex   -7.237237e+00 -1.967842e+00 0.000000e+00
      vertex   -7.382834e+00 -1.320514e+00 1.500000e+00
    endloop
  endfacet
  facet normal 9.756263e-01 2.194385e-01 0.000000e+00
    outer loop
      vertex   -7.382834e+00 -1.320514e+00 1.500000e+00
      vertex   -7.237237e+00 -1.967842e+00 0.000000e+00
      vertex   -7.382834e+00 -1.320514e+00 0.000000e+00
    endloop
  endfacet
  facet normal 9.912025e-01 1.323539e-01 0.000000e+00
    outer loop
      vertex   -7.382834e+00 -1.320514e+00 1.500000e+00
      vertex   -7.382834e+00 -1.320514e+00 0.000000e+00
      vertex   -7.470651e+00 -6.628508e-01 1.500000e+00
    endloop
  endfacet
  facet normal 9.912025e-01 1.323539e-01 0.000000e+00
    outer loop
      vertex   -7.470651e+00 -6.628508e-01 1.500000e+00
      vertex   -7.382834e+00 -1.320514e+00 0.000000e+00
      vertex   -7.470651e+00 -6.628508e-01 0.000000e+00
    endloop
  endfacet
  facet normal 0.000000e+00 0.000000e+00 1.000000e+00
    outer loop
      vertex   -9.470715e+00 7.453614e-01 1.500000e+00
      vertex   -9.500000e+00 -1.163414e-15 1.500000e+00
      vertex   -7.500000e+00 -9.184851e-16 1.500000e+00
    endloop
  endfacet
  facet normal 0.000000e+00 0.000000e+00 1.000000e+00
    outer loop
      vertex   -7.500000e+00 -9.184851e-16 1.500000e+00
      vertex   -9.500000e+00 -1.163414e-15 1.500000e+00
      vertex   -9.470715e+00 -7.453614e-01 1.500000e+00
    endloop
  endfacet
  facet normal 0.000000e+00 0.000000e+00 1.000000e+00
    outer loop
      vertex   -7.500000e+00 -9.184851e-16 1.500000e+00
      vertex   -9.470715e+00 -7.453614e-01 1.500000e+00
      vertex   -7.470651e+00 -6.628508e-01 1.500000e+00
    endloop
  endfacet
  facet normal 0.000000e+00 0.000000e+00 1.000000e+00
    outer loop
      vertex   -7.470651e+00 -6.628508e-01 1.500000e+00
      vertex   -9.470715e+00 -7.453614e-01 1.500000e+00
      vertex   -9.383039e+00 -1.486127e+00 1.500000e+00
    endloop
  endfacet
  facet normal 0.000000e+00 0.000000e+00 1.000000e+00
    outer loop
      vertex   -7.470651e+00 -6.628508e-01 1.500000e+00
      vertex   -9.383039e+00 -1.486127e+00 1.500000e+00
      vertex   -7.382834e+00 -1.320514e+00 1.500000e+00
    endloop
  endfacet
  facet normal 0.000000e+00 0.000000e+00 1.000000e+00
    outer loop
      vertex   -7.382834e+00 -1.320514e+00 1.500000e+00
      vertex   -9.383039e+00 -1.486127e+00 1.500000e+00
      vertex   -9.237514e+00 -2.217731e+00 1.500000e+00
    endloop
  endfacet
  facet normal 0.000000e+00 0.000000e+00 1.000000e+00
    outer loop
      vertex   -7.382834e+00 -1.320514e+00 1.500000e+00
      vertex   -9.237514e+00 -2.217731e+00 1.500000e+00
      vertex   -7.237237e+00 -1.967842e+00 1.500000e+00
    endloop
  endfacet
  facet normal 0.000000e+00 0.000000e+00 1.000000e+00
    outer loop
      vertex   -7.237237e+00 -1.967842e+00 1.500000e+00
      vertex   -9.237514e+00 -2.217731e+00 1.500000e+00
      vertex   -9.035037e+00 -2.935661e+00 1.500000e+00
    endloop
  endfacet
  facet normal 0.000000e+00 0.000000e+00 1.000000e+00
    outer loop
      vertex   -7.237237e+00 -1.967842e+00 1.500000e+00
      vertex   -9.035037e+00 -2.935661e+00 1.500000e+00
      vertex   -7.034998e+00 -2.599769e+00 1.500000e+00
    endloop
  endfacet
  facet normal 0.000000e+00 0.000000e+00 1.000000e+00
    outer loop
      vertex   -7.034998e+00 -2.599769e+00 1.500000e+00
      vertex   -9.035037e+00 -2.935661e+00 1.500000e+00
      vertex   -8.776856e+00 -3.635493e+00 1.500000e+00
    endloop
  endfacet
  facet normal 0.000000e+00 0.000000e+00 1.000000e+00
    outer loop
      vertex   -7.034998e+00 -2.599769e+00 1.500000e+00
      vertex   -8.776856e+00 -3.635493e+00 1.500000e+00
      vertex   -6.777701e+00 -3.211350e+00 1.500000e+00
    endloop
  endfacet
  facet normal 0.000000e+00 0.000000e+00 1.000000e+00
    outer loop
      vertex   -6.777701e+00 -3.211350e+00 1.500000e+00
      vertex   -8.776856e+00 -3.635493e+00 1.500000e+00
      vertex   -8.464562e+00 -4.312910e+00 1.500000e+00
    endloop
  endfacet
  facet normal 0.000000e+00 0.000000e+00 1.000000e+00
    outer loop
      vertex   -6.777701e+00 -3.211350e+00 1.500000e+00
      vertex   -8.464562e+00 -4.312910e+00 1.500000e+00
      vertex   -6.467359e+00 -3.797797e+00 1.500000e+00
    endloop
  endfacet
  facet normal 0.000000e+00 0.000000e+00 1.000000e+00
    outer loop
      vertex   -6.467359e+00 -3.797797e+00 1.500000e+00
      vertex   -8.464562e+00 -4.312910e+00 1.500000e+00
      vertex   -8.100082e+00 -4.963736e+00 1.500000e+00
    endloop
  endfacet
  facet normal 0.000000e+00 0.000000e+00 1.000000e+00
    outer loop
      vertex   -6.467359e+00 -3.797797e+00 1.500000e+00
      vertex   -8.100082e+00 -4.963736e+00 1.500000e+00
      vertex   -6.106402e+00 -4.354522e+00 1.500000e+00
    endloop
  endfacet
  facet normal 0.000000e+00 0.000000e+00 1.000000e+00
    outer loop
      vertex   -6.106402e+00 -4.354522e+00 1.500000e+00
      vertex   -8.100082e+00 -4.963736e+00 1.500000e+00
      vertex   -7.685661e+00 -5.583960e+00 1.500000e+00
    endloop
  endfacet
  facet normal 0.000000e+00 0.000000e+00 1.000000e+00
    outer loop
      vertex   -6.106402e+00 -4.354522e+00 1.500000e+00
      vertex   -7.685661e+00 -5.583960e+00 1.500000e+00
      vertex   -5.697653e+00 -4.877166e+00 1.500000e+00
    endloop
  endfacet
  facet normal 0.000000e+00 0.000000e+00 1.000000e+00
    outer loop
      vertex   -5.697653e+00 -4.877166e+00 1.500000e+00
      vertex   -7.685661e+00 -5.583960e+00 1.500000e+00
      vertex   -7.223857e+00 -6.169756e+00 1.500000e+00
    endloop
  endfacet
  facet normal 0.000000e+00 0.000000e+00 1.000000e+00
    outer loop
      vertex   -5.697653e+00 -4.877166e+00 1.500000e+00
      vertex   -7.223857e+00 -6.169756e+00 1.500000e+00
      vertex   -6.717514e+00 -6.717514e+00 1.500000e+00
    endloop
  endfacet
  facet normal 0.000000e+00 0.000000e+00 1.000000e+00
    outer loop
      vertex   -5.697653e+00 -4.877166e+00 1.500000e+00
      vertex   -6.717514e+00 -6.717514e+00 1.500000e+00
      vertex   -5.244313e+00 -5.361640e+00 1.500000e+00
    endloop
  endfacet
  facet normal 0.000000e+00 0.000000e+00 1.000000e+00
    outer loop
      vertex   -5.244313e+00 -5.361640e+00 1.500000e+00
      vertex   -6.717514e+00 -6.717514e+00 1.500000e+00
      vertex   -6.169756e+00 -7.223857e+00 1.500000e+00
    endloop
  endfacet
  facet normal 0.000000e+00 0.000000e+00 1.000000e+00
    outer loop
      vertex   -5.244313e+00 -5.361640e+00 1.500000e+00
      vertex   -6.169756e+00 -7.223857e+00 1.500000e+00
      vertex   -4.749929e+00 -5.804152e+00 1.500000e+00
    endloop
  endfacet
  facet normal 0.000000e+00 0.000000e+00 1.000000e+00
    outer loop
      vertex   -4.749929e+00 -5.804152e+00 1.500000e+00
      vertex   -6.169756e+00 -7.223857e+00 1.500000e+00
      vertex   -5.583960e+00 -7.685661e+00 1.500000e+00
    endloop
  endfacet
  facet normal 0.000000e+00 0.000000e+00 1.000000e+00
    outer loop
      vertex   -4.749929e+00 -5.804152e+00 1.500000e+00
      vertex   -5.583960e+00 -7.685661e+00 1.500000e+00
      vertex   -4.218370e+00 -6.201238e+00 1.500000e+00
    endloop
  endfacet
  facet normal 0.000000e+00 0.000000e+00 1.000000e+00
    outer loop
      vertex   -4.218370e+00 -6.201238e+00 1.500000e+00
      vertex   -5.583960e+00 -7.685661e+00 1.500000e+00
      vertex   -4.963736e+00 -8.100082e+00 1.500000e+00
    endloop
  endfacet
  facet normal 0.000000e+00 0.000000e+00 1.000000e+00
    outer loop
      vertex   -4.218370e+00 -6.201238e+00 1.500000e+00
      vertex   -4.963736e+00 -8.100082e+00 1.500000e+00
      vertex   -3.653796e+00 -6.549792e+00 1.500000e+00
    endloop
  endfacet
  facet normal 0.000000e+00 0.000000e+00 1.000000e+00
    outer loop
      vertex   -3.653796e+00 -6.549792e+00 1.500000e+00
      vertex   -4.963736e+00 -8.100082e+00 1.500000e+00
      vertex   -4.312910e+00 -8.464562e+00 1.500000e+00
    endloop
  endfacet
  facet normal 0.000000e+00 0.000000e+00 1.000000e+00
    outer loop
      vertex   -3.653796e+00 -6.549792e+00 1.500000e+00
      vertex   -4.312910e+00 -8.464562e+00 1.500000e+00
      vertex   -3.060627e+00 -6.847084e+00 1.500000e+00
    endloop
  endfacet
  facet normal 0.000000e+00 0.000000e+00 1.000000e+00
    outer loop
      vertex   -3.060627e+00 -6.847084e+00 1.500000e+00
      vertex   -4.312910e+00 -8.464562e+00 1.500000e+00
      vertex   -3.635493e+00 -8.776856e+00 1.500000e+00
    endloop
  endfacet
  facet normal 0.000000e+00 0.000000e+00 1.000000e+00
    outer loop
      vertex   -3.060627e+00 -6.847084e+00 1.500000e+00
      vertex   -3.635493e+00 -8.776856e+00 1.500000e+00
      vertex   -2.443504e+00 -7.090789e+00 1.500000e+00
    endloop
  endfacet
  facet normal 0.000000e+00 0.000000e+00 1.000000e+00
    outer loop
      vertex   -2.443504e+00 -7.090789e+00 1.500000e+00
      vertex   -3.635493e+00 -8.776856e+00 1.500000e+00
      vertex   -2.935661e+00 -9.035037e+00 1.500000e+00
    endloop
  endfacet
  facet normal 0.000000e+00 0.000000e+00 1.000000e+00
    outer loop
      vertex   -2.443504e+00 -7.090789e+00 1.500000e+00
      vertex   -2.935661e+00 -9.035037e+00 1.500000e+00
      vertex   -1.807258e+00 -7.278999e+00 1.500000e+00
    endloop
  endfacet
  facet normal 0.000000e+00 0.000000e+00 1.000000e+00
    outer loop
      vertex   -1.807258e+00 -7.278999e+00 1.500000e+00
      vertex   -2.935661e+00 -9.035037e+00 1.500000e+00
      vertex   -2.217731e+00 -9.237514e+00 1.500000e+00
    endloop
  endfacet
  facet normal 0.000000e+00 0.000000e+00 1.000000e+00
    outer loop
      vertex   -1.807258e+00 -7.278999e+00 1.500000e+00
      vertex   -2.217731e+00 -9.237514e+00 1.500000e+00
      vertex   -1.156867e+00 -7.410240e+00 1.500000e+00
    endloop
  endfacet
  facet normal 0.000000e+00 0.000000e+00 1.000000e+00
    outer loop
      vertex   -1.156867e+00 -7.410240e+00 1.500000e+00
      vertex   -2.217731e+00 -9.237514e+00 1.500000e+00
      vertex   -1.486127e+00 -9.383039e+00 1.500000e+00
    endloop
  endfacet
  facet normal 0.000000e+00 0.000000e+00 1.000000e+00
    outer loop
      vertex   -1.156867e+00 -7.410240e+00 1.500000e+00
      vertex   -1.486127e+00 -9.383039e+00 1.500000e+00
      vertex   -7.453614e-01 -9.470715e+00 1.500000e+00
    endloop
  endfacet
  facet normal 0.000000e+00 0.000000e+00 1.000000e+00
    outer loop
      vertex   -1.156867e+00 -7.410240e+00 1.500000e+00
      vertex   -7.453614e-01 -9.470715e+00 1.500000e+00
      vertex   -4.974222e-01 -7.483487e+00 1.500000e+00
    endloop
  endfacet
  facet normal 0.000000e+00 0.000000e+00 1.000000e+00
    outer loop
      vertex   -4.974222e-01 -7.483487e+00 1.500000e+00
      vertex   -7.453614e-01 -9.470715e+00 1.500000e+00
      vertex   5.817072e-16 -9.500000e+00 1.500000e+00
    endloop
  endfacet
  facet normal 0.000000e+00 0.000000e+00 1.000000e+00
    outer loop
      vertex   -4.974222e-01 -7.483487e+00 1.500000e+00
      vertex   5.817072e-16 -9.500000e+00 1.500000e+00
      vertex   1.659157e-01 -7.498165e+00 1.500000e+00
    endloop
  endfacet
  facet normal 0.000000e+00 0.000000e+00 1.000000e+00
    outer loop
      vertex   1.659157e-01 -7.498165e+00 1.500000e+00
      vertex   5.817072e-16 -9.500000e+00 1.500000e+00
      vertex   7.453614e-01 -9.470715e+00 1.500000e+00
    endloop
  endfacet
  facet normal -0.000000e+00 0.000000e+00 1.000000e+00
    outer loop
      vertex   1.659157e-01 -7.498165e+00 1.500000e+00
      vertex   7.453614e-01 -9.470715e+00 1.500000e+00
      vertex   8.279550e-01 -7.454159e+00 1.500000e+00
    endloop
  endfacet
  facet normal 0.000000e+00 0.000000e+00 1.000000e+00
    outer loop
      vertex   8.279550e-01 -7.454159e+00 1.500000e+00
      vertex   7.453614e-01 -9.470715e+00 1.500000e+00
      vertex   1.486127e+00 -9.383039e+00 1.500000e+00
    endloop
  endfacet
  facet normal -0.000000e+00 0.000000e+00 1.000000e+00
    outer loop
      vertex   8.279550e-01 -7.454159e+00 1.500000e+00
      vertex   1.486127e+00 -9.383039e+00 1.500000e+00
      vertex   1.483514e+00 -7.351815e+00 1.500000e+00
    endloop
  endfacet
  facet normal 0.000000e+00 0.000000e+00 1.000000e+00
    outer loop
      vertex   1.483514e+00 -7.351815e+00 1.500000e+00
      vertex   1.486127e+00 -9.383039e+00 1.500000e+00
      vertex   2.217731e+00 -9.237514e+00 1.500000e+00
    endloop
  endfacet
  facet normal -0.000000e+00 0.000000e+00 1.000000e+00
    outer loop
      vertex   1.483514e+00 -7.351815e+00 1.500000e+00
      vertex   2.217731e+00 -9.237514e+00 1.500000e+00
      vertex   2.127463e+00 -7.191933e+00 1.500000e+00
    endloop
  endfacet
  facet normal 0.000000e+00 0.000000e+00 1.000000e+00
    outer loop
      vertex   2.127463e+00 -7.191933e+00 1.500000e+00
      vertex   2.217731e+00 -9.237514e+00 1.500000e+00
      vertex   2.935661e+00 -9.035037e+00 1.500000e+00
    endloop
  endfacet
  facet normal -0.000000e+00 0.000000e+00 1.000000e+00
    outer loop
      vertex   2.127463e+00 -7.191933e+00 1.500000e+00
      vertex   2.935661e+00 -9.035037e+00 1.500000e+00
      vertex   2.754762e+00 -6.975764e+00 1.500000e+00
    endloop
  endfacet
  facet normal 0.000000e+00 0.000000e+00 1.000000e+00
    outer loop
      vertex   2.754762e+00 -6.975764e+00 1.500000e+00
      vertex   2.935661e+00 -9.035037e+00 1.500000e+00
      vertex   3.635493e+00 -8.776856e+00 1.500000e+00
    endloop
  endfacet
  facet normal -0.000000e+00 0.000000e+00 1.000000e+00
    outer loop
      vertex   2.754762e+00 -6.975764e+00 1.500000e+00
      vertex   3.635493e+00 -8.776856e+00 1.500000e+00
      vertex   3.360501e+00 -6.705001e+00 1.500000e+00
    endloop
  endfacet
  facet normal 0.000000e+00 0.000000e+00 1.000000e+00
    outer loop
      vertex   3.360501e+00 -6.705001e+00 1.500000e+00
      vertex   3.635493e+00 -8.776856e+00 1.500000e+00
      vertex   4.312910e+00 -8.464562e+00 1.500000e+00
    endloop
  endfacet
  facet normal -0.000000e+00 0.000000e+00 1.000000e+00
    outer loop
      vertex   3.360501e+00 -6.705001e+00 1.500000e+00
      vertex   4.312910e+00 -8.464562e+00 1.500000e+00
      vertex   3.939939e+00 -6.381761e+00 1.500000e+00
    endloop
  endfacet
  facet normal 0.000000e+00 0.000000e+00 1.000000e+00
    outer loop
      vertex   3.939939e+00 -6.381761e+00 1.500000e+00
      vertex   4.312910e+00 -8.464562e+00 1.500000e+00
      vertex   4.963736e+00 -8.100082e+00 1.500000e+00
    endloop
  endfacet
  facet normal 0.000000e+00 0.000000e+00 1.000000e+00
    outer loop
      vertex   3.939939e+00 -6.381761e+00 1.500000e+00
      vertex   4.963736e+00 -8.100082e+00 1.500000e+00
      vertex   5.583960e+00 -7.685661e+00 1.500000e+00
    endloop
  endfacet
  facet normal -0.000000e+00 0.000000e+00 1.000000e+00
    outer loop
      vertex   3.939939e+00 -6.381761e+00 1.500000e+00
      vertex   5.583960e+00 -7.685661e+00 1.500000e+00
      vertex   4.488542e+00 -6.008576e+00 1.500000e+00
    endloop
  endfacet
  facet normal 0.000000e+00 0.000000e+00 1.000000e+00
    outer loop
      vertex   4.488542e+00 -6.008576e+00 1.500000e+00
      vertex   5.583960e+00 -7.685661e+00 1.500000e+00
      vertex   6.169756e+00 -7.223857e+00 1.500000e+00
    endloop
  endfacet
  facet normal -0.000000e+00 0.000000e+00 1.000000e+00
    outer loop
      vertex   4.488542e+00 -6.008576e+00 1.500000e+00
      vertex   6.169756e+00 -7.223857e+00 1.500000e+00
      vertex   5.002016e+00 -5.588366e+00 1.500000e+00
    endloop
  endfacet
  facet normal 0.000000e+00 0.000000e+00 1.000000e+00
    outer loop
      vertex   5.002016e+00 -5.588366e+00 1.500000e+00
      vertex   6.169756e+00 -7.223857e+00 1.500000e+00
      vertex   6.717514e+00 -6.717514e+00 1.500000e+00
    endloop
  endfacet
  facet normal -0.000000e+00 0.000000e+00 1.000000e+00
    outer loop
      vertex   5.002016e+00 -5.588366e+00 1.500000e+00
      vertex   6.717514e+00 -6.717514e+00 1.500000e+00
      vertex   5.476343e+00 -5.124419e+00 1.500000e+00
    endloop
  endfacet
  facet normal 0.000000e+00 0.000000e+00 1.000000e+00
    outer loop
      vertex   5.476343e+00 -5.124419e+00 1.500000e+00
      vertex   6.717514e+00 -6.717514e+00 1.500000e+00
      vertex   7.223857e+00 -6.169756e+00 1.500000e+00
    endloop
  endfacet
  facet normal -0.000000e+00 0.000000e+00 1.000000e+00
    outer loop
      vertex   5.476343e+00 -5.124419e+00 1.500000e+00
      vertex   7.223857e+00 -6.169756e+00 1.500000e+00
      vertex   5.907810e+00 -4.620366e+00 1.500000e+00
    endloop
  endfacet
  facet normal 0.000000e+00 0.000000e+00 1.000000e+00
    outer loop
      vertex   5.907810e+00 -4.620366e+00 1.500000e+00
      vertex   7.223857e+00 -6.169756e+00 1.500000e+00
      vertex   7.685661e+00 -5.583960e+00 1.500000e+00
    endloop
  endfacet
  facet normal -0.000000e+00 0.000000e+00 1.000000e+00
    outer loop
      vertex   5.907810e+00 -4.620366e+00 1.500000e+00
      vertex   7.685661e+00 -5.583960e+00 1.500000e+00
      vertex   6.293040e+00 -4.080153e+00 1.500000e+00
    endloop
  endfacet
  facet normal 0.000000e+00 0.000000e+00 1.000000e+00
    outer loop
      vertex   6.293040e+00 -4.080153e+00 1.500000e+00
      vertex   7.685661e+00 -5.583960e+00 1.500000e+00
      vertex   8.100082e+00 -4.963736e+00 1.500000e+00
    endloop
  endfacet
  facet normal -0.000000e+00 0.000000e+00 1.000000e+00
    outer loop
      vertex   6.293040e+00 -4.080153e+00 1.500000e+00
      vertex   8.100082e+00 -4.963736e+00 1.500000e+00
      vertex   6.629018e+00 -3.508007e+00 1.500000e+00
    endloop
  endfacet
  facet normal 0.000000e+00 0.000000e+00 1.000000e+00
    outer loop
      vertex   6.629018e+00 -3.508007e+00 1.500000e+00
      vertex   8.100082e+00 -4.963736e+00 1.500000e+00
      vertex   8.464562e+00 -4.312910e+00 1.500000e+00
    endloop
  endfacet
  facet normal -0.000000e+00 0.000000e+00 1.000000e+00
    outer loop
      vertex   6.629018e+00 -3.508007e+00 1.500000e+00
      vertex   8.464562e+00 -4.312910e+00 1.500000e+00
      vertex   6.913116e+00 -2.908406e+00 1.500000e+00
    endloop
  endfacet
  facet normal 0.000000e+00 0.000000e+00 1.000000e+00
    outer loop
      vertex   6.913116e+00 -2.908406e+00 1.500000e+00
      vertex   8.464562e+00 -4.312910e+00 1.500000e+00
      vertex   8.776856e+00 -3.635493e+00 1.500000e+00
    endloop
  endfacet
  facet normal -0.000000e+00 0.000000e+00 1.000000e+00
    outer loop
      vertex   6.913116e+00 -2.908406e+00 1.500000e+00
      vertex   8.776856e+00 -3.635493e+00 1.500000e+00
      vertex   7.143109e+00 -2.286043e+00 1.500000e+00
    endloop
  endfacet
  facet normal 0.000000e+00 0.000000e+00 1.000000e+00
    outer loop
      vertex   7.143109e+00 -2.286043e+00 1.500000e+00
      vertex   8.776856e+00 -3.635493e+00 1.500000e+00
      vertex   9.035037e+00 -2.935661e+00 1.500000e+00
    endloop
  endfacet
  facet normal -0.000000e+00 0.000000e+00 1.000000e+00
    outer loop
      vertex   7.143109e+00 -2.286043e+00 1.500000e+00
      vertex   9.035037e+00 -2.935661e+00 1.500000e+00
      vertex   9.237514e+00 -2.217731e+00 1.500000e+00
    endloop
  endfacet
  facet normal 0.000000e+00 0.000000e+00 1.000000e+00
    outer loop
      vertex   7.143109e+00 -2.286043e+00 1.500000e+00
      vertex   9.237514e+00 -2.217731e+00 1.500000e+00
      vertex   7.317197e+00 -1.645789e+00 1.500000e+00
    endloop
  endfacet
  facet normal -0.000000e+00 0.000000e+00 1.000000e+00
    outer loop
      vertex   7.317197e+00 -1.645789e+00 1.500000e+00
      vertex   9.237514e+00 -2.217731e+00 1.500000e+00
      vertex   9.383039e+00 -1.486127e+00 1.500000e+00
    endloop
  endfacet
  facet normal 0.000000e+00 0.000000e+00 1.000000e+00
    outer loop
      vertex   7.317197e+00 -1.645789e+00 1.500000e+00
      vertex   9.383039e+00 -1.486127e+00 1.500000e+00
      vertex   7.434019e+00 -9.926539e-01 1.500000e+00
    endloop
  endfacet
  facet normal -0.000000e+00 0.000000e+00 1.000000e+00
    outer loop
      vertex   7.434019e+00 -9.926539e-01 1.500000e+00
      vertex   9.383039e+00 -1.486127e+00 1.500000e+00
      vertex   9.470715e+00 -7.453614e-01 1.500000e+00
    endloop
  endfacet
  facet normal 0.000000e+00 0.000000e+00 1.000000e+00
    outer loop
      vertex   7.434019e+00 -9.926539e-01 1.500000e+00
      vertex   9.470715e+00 -7.453614e-01 1.500000e+00
      vertex   7.492659e+00 -3.317501e-01 1.500000e+00
    endloop
  endfacet
  facet normal -0.000000e+00 0.000000e+00 1.000000e+00
    outer loop
      vertex   7.492659e+00 -3.317501e-01 1.500000e+00
      vertex   9.470715e+00 -7.453614e-01 1.500000e+00
      vertex   9.500000e+00 0.000000e+00 1.500000e+00
    endloop
  endfacet
  facet normal 0.000000e+00 0.000000e+00 1.000000e+00
    outer loop
      vertex   7.492659e+00 -3.317501e-01 1.500000e+00
      vertex   9.500000e+00 0.000000e+00 1.500000e+00
      vertex   7.492659e+00 3.317501e-01 1.500000e+00
    endloop
  endfacet
  facet normal -0.000000e+00 0.000000e+00 1.000000e+00
    outer loop
      vertex   7.492659e+00 3.317501e-01 1.500000e+00
      vertex   9.500000e+00 0.000000e+00 1.500000e+00
      vertex   9.470715e+00 7.453614e-01 1.500000e+00
    endloop
  endfacet
  facet normal 0.000000e+00 -0.000000e+00 1.000000e+00
    outer loop
      vertex   7.492659e+00 3.317501e-01 1.500000e+00
      vertex   9.470715e+00 7.453614e-01 1.500000e+00
      vertex   7.434019e+00 9.926539e-01 1.500000e+00
    endloop
  endfacet
  facet normal -0.000000e+00 0.000000e+00 1.000000e+00
    outer loop
      vertex   7.434019e+00 9.926539e-01 1.500000e+00
      vertex   9.470715e+00 7.453614e-01 1.500000e+00
      vertex   9.383039e+00 1.486127e+00 1.500000e+00
    endloop
  endfacet
  facet normal 0.000000e+00 -0.000000e+00 1.000000e+00
    outer loop
      vertex   7.434019e+00 9.926539e-01 1.500000e+00
      vertex   9.383039e+00 1.486127e+00 1.500000e+00
      vertex   7.317197e+00 1.645789e+00 1.500000e+00
    endloop
  endfacet
  facet normal -0.000000e+00 0.000000e+00 1.000000e+00
    outer loop
      vertex   7.317197e+00 1.645789e+00 1.500000e+00
      vertex   9.383039e+00 1.486127e+00 1.500000e+00
      vertex   9.237514e+00 2.217731e+00 1.500000e+00
    endloop
  endfacet
  facet normal 0.000000e+00 -0.000000e+00 1.000000e+00
    outer loop
      vertex   7.317197e+00 1.645789e+00 1.500000e+00
      vertex   9.237514e+00 2.217731e+00 1.500000e+00
      vertex   7.143109e+00 2.286043e+00 1.500000e+00
    endloop
  endfacet
  facet normal -0.000000e+00 0.000000e+00 1.000000e+00
    outer loop
      vertex   7.143109e+00 2.286043e+00 1.500000e+00
      vertex   9.237514e+00 2.217731e+00 1.500000e+00
      vertex   9.035037e+00 2.935661e+00 1.500000e+00
    endloop
  endfacet
  facet normal 0.000000e+00 0.000000e+00 1.000000e+00
    outer loop
      vertex   7.143109e+00 2.286043e+00 1.500000e+00
      vertex   9.035037e+00 2.935661e+00 1.500000e+00
      vertex   8.776856e+00 3.635493e+00 1.500000e+00
    endloop
  endfacet
  facet normal 0.000000e+00 -0.000000e+00 1.000000e+00
    outer loop
      vertex   7.143109e+00 2.286043e+00 1.500000e+00
      vertex   8.776856e+00 3.635493e+00 1.500000e+00
      vertex   6.913116e+00 2.908406e+00 1.500000e+00
    endloop
  endfacet
  facet normal 0.000000e+00 0.000000e+00 1.000000e+00
    outer loop
      vertex   6.913116e+00 2.908406e+00 1.500000e+00
      vertex   8.776856e+00 3.635493e+00 1.500000e+00
      vertex   8.464562e+00 4.312910e+00 1.500000e+00
    endloop
  endfacet
  facet normal 0.000000e+00 -0.000000e+00 1.000000e+00
    outer loop
      vertex   6.913116e+00 2.908406e+00 1.500000e+00
      vertex   8.464562e+00 4.312910e+00 1.500000e+00
      vertex   6.629018e+00 3.508007e+00 1.500000e+00
    endloop
  endfacet
  facet normal 0.000000e+00 0.000000e+00 1.000000e+00
    outer loop
      vertex   6.629018e+00 3.508007e+00 1.500000e+00
      vertex   8.464562e+00 4.312910e+00 1.500000e+00
      vertex   8.100082e+00 4.963736e+00 1.500000e+00
    endloop
  endfacet
  facet normal 0.000000e+00 -0.000000e+00 1.000000e+00
    outer loop
      vertex   6.629018e+00 3.508007e+00 1.500000e+00
      vertex   8.100082e+00 4.963736e+00 1.500000e+00
      vertex   6.293040e+00 4.080153e+00 1.500000e+00
    endloop
  endfacet
  facet normal 0.000000e+00 0.000000e+00 1.000000e+00
    outer loop
      vertex   6.293040e+00 4.080153e+00 1.500000e+00
      vertex   8.100082e+00 4.963736e+00 1.500000e+00
      vertex   7.685661e+00 5.583960e+00 1.500000e+00
    endloop
  endfacet
  facet normal 0.000000e+00 -0.000000e+00 1.000000e+00
    outer loop
      vertex   6.293040e+00 4.080153e+00 1.500000e+00
      vertex   7.685661e+00 5.583960e+00 1.500000e+00
      vertex   5.907810e+00 4.620366e+00 1.500000e+00
    endloop
  endfacet
  facet normal 0.000000e+00 0.000000e+00 1.000000e+00
    outer loop
      vertex   5.907810e+00 4.620366e+00 1.500000e+00
      vertex   7.685661e+00 5.583960e+00 1.500000e+00
      vertex   7.223857e+00 6.169756e+00 1.500000e+00
    endloop
  endfacet
  facet normal 0.000000e+00 -0.000000e+00 1.000000e+00
    outer loop
      vertex   5.907810e+00 4.620366e+00 1.500000e+00
      vertex   7.223857e+00 6.169756e+00 1.500000e+00
      vertex   5.476343e+00 5.124419e+00 1.500000e+00
    endloop
  endfacet
  facet normal 0.000000e+00 0.000000e+00 1.000000e+00
    outer loop
      vertex   5.476343e+00 5.124419e+00 1.500000e+00
      vertex   7.223857e+00 6.169756e+00 1.500000e+00
      vertex   6.717514e+00 6.717514e+00 1.500000e+00
    endloop
  endfacet
  facet normal 0.000000e+00 -0.000000e+00 1.000000e+00
    outer loop
      vertex   5.476343e+00 5.124419e+00 1.500000e+00
      vertex   6.717514e+00 6.717514e+00 1.500000e+00
      vertex   5.002016e+00 5.588366e+00 1.500000e+00
    endloop
  endfacet
  facet normal 0.000000e+00 0.000000e+00 1.000000e+00
    outer loop
      vertex   5.002016e+00 5.588366e+00 1.500000e+00
      vertex   6.717514e+00 6.717514e+00 1.500000e+00
      vertex   6.169756e+00 7.223857e+00 1.500000e+00
    endloop
  endfacet
  facet normal 0.000000e+00 -0.000000e+00 1.000000e+00
    outer loop
      vertex   5.002016e+00 5.588366e+00 1.500000e+00
      vertex   6.169756e+00 7.223857e+00 1.500000e+00
      vertex   4.488542e+00 6.008576e+00 1.500000e+00
    endloop
  endfacet
  facet normal 0.000000e+00 0.000000e+00 1.000000e+00
    outer loop
      vertex   4.488542e+00 6.008576e+00 1.500000e+00
      vertex   6.169756e+00 7.223857e+00 1.500000e+00
      vertex   5.583960e+00 7.685661e+00 1.500000e+00
    endloop
  endfacet
  facet normal 0.000000e+00 -0.000000e+00 1.000000e+00
    outer loop
      vertex   4.488542e+00 6.008576e+00 1.500000e+00
      vertex   5.583960e+00 7.685661e+00 1.500000e+00
      vertex   3.939939e+00 6.381761e+00 1.500000e+00
    endloop
  endfacet
  facet normal 0.000000e+00 0.000000e+00 1.000000e+00
    outer loop
      vertex   3.939939e+00 6.381761e+00 1.500000e+00
      vertex   5.583960e+00 7.685661e+00 1.500000e+00
      vertex   4.963736e+00 8.100082e+00 1.500000e+00
    endloop
  endfacet
  facet normal 0.000000e+00 0.000000e+00 1.000000e+00
    outer loop
      vertex   3.939939e+00 6.381761e+00 1.500000e+00
      vertex   4.963736e+00 8.100082e+00 1.500000e+00
      vertex   4.312910e+00 8.464562e+00 1.500000e+00
    endloop
  endfacet
  facet normal 0.000000e+00 -0.000000e+00 1.000000e+00
    outer loop
      vertex   3.939939e+00 6.381761e+00 1.500000e+00
      vertex   4.312910e+00 8.464562e+00 1.500000e+00
      vertex   3.360501e+00 6.705001e+00 1.500000e+00
    endloop
  endfacet
  facet normal 0.000000e+00 0.000000e+00 1.000000e+00
    outer loop
      vertex   3.360501e+00 6.705001e+00 1.500000e+00
      vertex   4.312910e+00 8.464562e+00 1.500000e+00
      vertex   3.635493e+00 8.776856e+00 1.500000e+00
    endloop
  endfacet
  facet normal 0.000000e+00 -0.000000e+00 1.000000e+00
    outer loop
      vertex   3.360501e+00 6.705001e+00 1.500000e+00
      vertex   3.635493e+00 8.776856e+00 1.500000e+00
      vertex   2.754762e+00 6.975764e+00 1.500000e+00
    endloop
  endfacet
  facet normal 0.000000e+00 0.000000e+00 1.000000e+00
    outer loop
      vertex   2.754762e+00 6.975764e+00 1.500000e+00
      vertex   3.635493e+00 8.776856e+00 1.500000e+00
      vertex   2.935661e+00 9.035037e+00 1.500000e+00
    endloop
  endfacet
  facet normal 0.000000e+00 -0.000000e+00 1.000000e+00
    outer loop
      vertex   2.754762e+00 6.975764e+00 1.500000e+00
      vertex   2.935661e+00 9.035037e+00 1.500000e+00
      vertex   2.127463e+00 7.191933e+00 1.500000e+00
    endloop
  endfacet
  facet normal 0.000000e+00 0.000000e+00 1.000000e+00
    outer loop
      vertex   2.127463e+00 7.191933e+00 1.500000e+00
      vertex   2.935661e+00 9.035037e+00 1.500000e+00
      vertex   2.217731e+00 9.237514e+00 1.500000e+00
    endloop
  endfacet
  facet normal 0.000000e+00 -0.000000e+00 1.000000e+00
    outer loop
      vertex   2.127463e+00 7.191933e+00 1.500000e+00
      vertex   2.217731e+00 9.237514e+00 1.500000e+00
      vertex   1.483514e+00 7.351815e+00 1.500000e+00
    endloop
  endfacet
  facet normal 0.000000e+00 0.000000e+00 1.000000e+00
    outer loop
      vertex   1.483514e+00 7.351815e+00 1.500000e+00
      vertex   2.217731e+00 9.237514e+00 1.500000e+00
      vertex   1.486127e+00 9.383039e+00 1.500000e+00
    endloop
  endfacet
  facet normal 0.000000e+00 -0.000000e+00 1.000000e+00
    outer loop
      vertex   1.483514e+00 7.351815e+00 1.500000e+00
      vertex   1.486127e+00 9.383039e+00 1.500000e+00
      vertex   8.279550e-01 7.454159e+00 1.500000e+00
    endloop
  endfacet
  facet normal 0.000000e+00 -0.000000e+00 1.000000e+00
    outer loop
      vertex   8.279550e-01 7.454159e+00 1.500000e+00
      vertex   1.486127e+00 9.383039e+00 1.500000e+00
      vertex   7.453614e-01 9.470715e+00 1.500000e+00
    endloop
  endfacet
  facet normal 0.000000e+00 0.000000e+00 1.000000e+00
    outer loop
      vertex   8.279550e-01 7.454159e+00 1.500000e+00
      vertex   7.453614e-01 9.470715e+00 1.500000e+00
      vertex   1.659157e-01 7.498165e+00 1.500000e+00
    endloop
  endfacet
  facet normal 0.000000e+00 -0.000000e+00 1.000000e+00
    outer loop
      vertex   1.659157e-01 7.498165e+00 1.500000e+00
      vertex   7.453614e-01 9.470715e+00 1.500000e+00
      vertex   5.817072e-16 9.500000e+00 1.500000e+00
    endloop
  endfacet
  facet normal 0.000000e+00 0.000000e+00 1.000000e+00
    outer loop
      vertex   1.659157e-01 7.498165e+00 1.500000e+00
      vertex   5.817072e-16 9.500000e+00 1.500000e+00
      vertex   -4.974222e-01 7.483487e+00 1.500000e+00
    endloop
  endfacet
  facet normal 0.000000e+00 -0.000000e+00 1.000000e+00
    outer loop
      vertex   -4.974222e-01 7.483487e+00 1.500000e+00
      vertex   5.817072e-16 9.500000e+00 1.500000e+00
      vertex   -7.453614e-01 9.470715e+00 1.500000e+00
    endloop
  endfacet
  facet normal 0.000000e+00 0.000000e+00 1.000000e+00
    outer loop
      vertex   -4.974222e-01 7.483487e+00 1.500000e+00
      vertex   -7.453614e-01 9.470715e+00 1.500000e+00
      vertex   -1.156867e+00 7.410240e+00 1.500000e+00
    endloop
  endfacet
  facet normal 0.000000e+00 -0.000000e+00 1.000000e+00
    outer loop
      vertex   -1.156867e+00 7.410240e+00 1.500000e+00
      vertex   -7.453614e-01 9.470715e+00 1.500000e+00
      vertex   -1.486127e+00 9.383039e+00 1.500000e+00
    endloop
  endfacet
  facet normal 0.000000e+00 0.000000e+00 1.000000e+00
    outer loop
      vertex   -1.156867e+00 7.410240e+00 1.500000e+00
      vertex   -1.486127e+00 9.383039e+00 1.500000e+00
      vertex   -2.217731e+00 9.237514e+00 1.500000e+00
    endloop
  endfacet
  facet normal 0.000000e+00 0.000000e+00 1.000000e+00
    outer loop
      vertex   -1.156867e+00 7.410240e+00 1.500000e+00
      vertex   -2.217731e+00 9.237514e+00 1.500000e+00
      vertex   -1.807258e+00 7.278999e+00 1.500000e+00
    endloop
  endfacet
  facet normal 0.000000e+00 0.000000e+00 1.000000e+00
    outer loop
      vertex   -1.807258e+00 7.278999e+00 1.500000e+00
      vertex   -2.217731e+00 9.237514e+00 1.500000e+00
      vertex   -2.935661e+00 9.035037e+00 1.500000e+00
    endloop
  endfacet
  facet normal 0.000000e+00 0.000000e+00 1.000000e+00
    outer loop
      vertex   -1.807258e+00 7.278999e+00 1.500000e+00
      vertex   -2.935661e+00 9.035037e+00 1.500000e+00
      vertex   -2.443504e+00 7.090789e+00 1.500000e+00
    endloop
  endfacet
  facet normal 0.000000e+00 0.000000e+00 1.000000e+00
    outer loop
      vertex   -2.443504e+00 7.090789e+00 1.500000e+00
      vertex   -2.935661e+00 9.035037e+00 1.500000e+00
      vertex   -3.635493e+00 8.776856e+00 1.500000e+00
    endloop
  endfacet
  facet normal 0.000000e+00 0.000000e+00 1.000000e+00
    outer loop
      vertex   -2.443504e+00 7.090789e+00 1.500000e+00
      vertex   -3.635493e+00 8.776856e+00 1.500000e+00
      vertex   -3.060627e+00 6.847084e+00 1.500000e+00
    endloop
  endfacet
  facet normal 0.000000e+00 0.000000e+00 1.000000e+00
    outer loop
      vertex   -3.060627e+00 6.847084e+00 1.500000e+00
      vertex   -3.635493e+00 8.776856e+00 1.500000e+00
      vertex   -4.312910e+00 8.464562e+00 1.500000e+00
    endloop
  endfacet
  facet normal 0.000000e+00 0.000000e+00 1.000000e+00
    outer loop
      vertex   -3.060627e+00 6.847084e+00 1.500000e+00
      vertex   -4.312910e+00 8.464562e+00 1.500000e+00
      vertex   -3.653796e+00 6.549792e+00 1.500000e+00
    endloop
  endfacet
  facet normal 0.000000e+00 0.000000e+00 1.000000e+00
    outer loop
      vertex   -3.653796e+00 6.549792e+00 1.500000e+00
      vertex   -4.312910e+00 8.464562e+00 1.500000e+00
      vertex   -4.963736e+00 8.100082e+00 1.500000e+00
    endloop
  endfacet
  facet normal 0.000000e+00 0.000000e+00 1.000000e+00
    outer loop
      vertex   -3.653796e+00 6.549792e+00 1.500000e+00
      vertex   -4.963736e+00 8.100082e+00 1.500000e+00
      vertex   -4.218370e+00 6.201238e+00 1.500000e+00
    endloop
  endfacet
  facet normal 0.000000e+00 0.000000e+00 1.000000e+00
    outer loop
      vertex   -4.218370e+00 6.201238e+00 1.500000e+00
      vertex   -4.963736e+00 8.100082e+00 1.500000e+00
      vertex   -5.583960e+00 7.685661e+00 1.500000e+00
    endloop
  endfacet
  facet normal 0.000000e+00 0.000000e+00 1.000000e+00
    outer loop
      vertex   -4.218370e+00 6.201238e+00 1.500000e+00
      vertex   -5.583960e+00 7.685661e+00 1.500000e+00
      vertex   -4.749929e+00 5.804152e+00 1.500000e+00
    endloop
  endfacet
  facet normal 0.000000e+00 0.000000e+00 1.000000e+00
    outer loop
      vertex   -4.749929e+00 5.804152e+00 1.500000e+00
      vertex   -5.583960e+00 7.685661e+00 1.500000e+00
      vertex   -6.169756e+00 7.223857e+00 1.500000e+00
    endloop
  endfacet
  facet normal 0.000000e+00 0.000000e+00 1.000000e+00
    outer loop
      vertex   -4.749929e+00 5.804152e+00 1.500000e+00
      vertex   -6.169756e+00 7.223857e+00 1.500000e+00
      vertex   -5.244313e+00 5.361640e+00 1.500000e+00
    endloop
  endfacet
  facet normal 0.000000e+00 0.000000e+00 1.000000e+00
    outer loop
      vertex   -5.244313e+00 5.361640e+00 1.500000e+00
      vertex   -6.169756e+00 7.223857e+00 1.500000e+00
      vertex   -6.717514e+00 6.717514e+00 1.500000e+00
    endloop
  endfacet
  facet normal 0.000000e+00 0.000000e+00 1.000000e+00
    outer loop
      vertex   -5.244313e+00 5.361640e+00 1.500000e+00
      vertex   -6.717514e+00 6.717514e+00 1.500000e+00
      vertex   -5.697653e+00 4.877166e+00 1.500000e+00
    endloop
  endfacet
  facet normal 0.000000e+00 0.000000e+00 1.000000e+00
    outer loop
      vertex   -5.697653e+00 4.877166e+00 1.500000e+00
      vertex   -6.717514e+00 6.717514e+00 1.500000e+00
      vertex   -7.223857e+00 6.169756e+00 1.500000e+00
    endloop
  endfacet
  facet normal 0.000000e+00 0.000000e+00 1.000000e+00
    outer loop
      vertex   -5.697653e+00 4.877166e+00 1.500000e+00
      vertex   -7.223857e+00 6.169756e+00 1.500000e+00
      vertex   -7.685661e+00 5.583960e+00 1.500000e+00
    endloop
  endfacet
  facet normal 0.000000e+00 0.000000e+00 1.000000e+00
    outer loop
      vertex   -5.697653e+00 4.877166e+00 1.500000e+00
      vertex   -7.685661e+00 5.583960e+00 1.500000e+00
      vertex   -6.106402e+00 4.354522e+00 1.500000e+00
    endloop
  endfacet
  facet normal 0.000000e+00 0.000000e+00 1.000000e+00
    outer loop
      vertex   -6.106402e+00 4.354522e+00 1.500000e+00
      vertex   -7.685661e+00 5.583960e+00 1.500000e+00
      vertex   -8.100082e+00 4.963736e+00 1.500000e+00
    endloop
  endfacet
  facet normal 0.000000e+00 0.000000e+00 1.000000e+00
    outer loop
      vertex   -6.106402e+00 4.354522e+00 1.500000e+00
      vertex   -8.100082e+00 4.963736e+00 1.500000e+00
      vertex   -6.467359e+00 3.797797e+00 1.500000e+00
    endloop
  endfacet
  facet normal 0.000000e+00 0.000000e+00 1.000000e+00
    outer loop
      vertex   -6.467359e+00 3.797797e+00 1.500000e+00
      vertex   -8.100082e+00 4.963736e+00 1.500000e+00
      vertex   -8.464562e+00 4.312910e+00 1.500000e+00
    endloop
  endfacet
  facet normal 0.000000e+00 0.000000e+00 1.000000e+00
    outer loop
      vertex   -6.467359e+00 3.797797e+00 1.500000e+00
      vertex   -8.464562e+00 4.312910e+00 1.500000e+00
      vertex   -6.777701e+00 3.211350e+00 1.500000e+00
    endloop
  endfacet
  facet normal 0.000000e+00 0.000000e+00 1.000000e+00
    outer loop
      vertex   -6.777701e+00 3.211350e+00 1.500000e+00
      vertex   -8.464562e+00 4.312910e+00 1.500000e+00
      vertex   -8.776856e+00 3.635493e+00 1.500000e+00
    endloop
  endfacet
  facet normal 0.000000e+00 0.000000e+00 1.000000e+00
    outer loop
      vertex   -6.777701e+00 3.211350e+00 1.500000e+00
      vertex   -8.776856e+00 3.635493e+00 1.500000e+00
      vertex   -7.034998e+00 2.599769e+00 1.500000e+00
    endloop
  endfacet
  facet normal 0.000000e+00 0.000000e+00 1.000000e+00
    outer loop
      vertex   -7.034998e+00 2.599769e+00 1.500000e+00
      vertex   -8.776856e+00 3.635493e+00 1.500000e+00
      vertex   -9.035037e+00 2.935661e+00 1.500000e+00
    endloop
  endfacet
  facet normal 0.000000e+00 0.000000e+00 1.000000e+00
    outer loop
      vertex   -7.034998e+00 2.599769e+00 1.500000e+00
      vertex   -9.035037e+00 2.935661e+00 1.500000e+00
      vertex   -7.237237e+00 1.967842e+00 1.500000e+00
    endloop
  endfacet
  facet normal 0.000000e+00 0.000000e+00 1.000000e+00
    outer loop
      vertex   -7.237237e+00 1.967842e+00 1.500000e+00
      vertex   -9.035037e+00 2.935661e+00 1.500000e+00
      vertex   -9.237514e+00 2.217731e+00 1.500000e+00
    endloop
  endfacet
  facet normal 0.000000e+00 0.000000e+00 1.000000e+00
    outer loop
      vertex   -7.237237e+00 1.967842e+00 1.500000e+00
      vertex   -9.237514e+00 2.217731e+00 1.500000e+00
      vertex   -7.382834e+00 1.320514e+00 1.500000e+00
    endloop
  endfacet
  facet normal 0.000000e+00 0.000000e+00 1.000000e+00
    outer loop
      vertex   -7.382834e+00 1.320514e+00 1.500000e+00
      vertex   -9.237514e+00 2.217731e+00 1.500000e+00
      vertex   -9.383039e+00 1.486127e+00 1.500000e+00
    endloop
  endfacet
  facet normal 0.000000e+00 0.000000e+00 1.000000e+00
    outer loop
      vertex   -7.382834e+00 1.320514e+00 1.500000e+00
      vertex   -9.383039e+00 1.486127e+00 1.500000e+00
      vertex   -7.470651e+00 6.628508e-01 1.500000e+00
    endloop
  endfacet
  facet normal 0.000000e+00 0.000000e+00 1.000000e+00
    outer loop
      vertex   -7.470651e+00 6.628508e-01 1.500000e+00
      vertex   -9.383039e+00 1.486127e+00 1.500000e+00
      vertex   -9.470715e+00 7.453614e-01 1.500000e+00
    endloop
  endfacet
  facet normal 0.000000e+00 0.000000e+00 1.000000e+00
    outer loop
      vertex   -7.470651e+00 6.628508e-01 1.500000e+00
      vertex   -9.470715e+00 7.453614e-01 1.500000e+00
      vertex   -7.500000e+00 -9.184851e-16 1.500000e+00
    endloop
  endfacet
  facet normal 0.000000e+00 0.000000e+00 -1.000000e+00
    outer loop
      vertex   -5.019717e+00 -1.175000e+01 0.000000e+00
      vertex   1.659157e-01 -7.498165e+00 0.000000e+00
      vertex   5.019717e+00 -1.175000e+01 0.000000e+00
    endloop
  endfacet
  facet normal 0.000000e+00 0.000000e+00 -1.000000e+00
    outer loop
      vertex   5.019717e+00 -1.175000e+01 0.000000e+00
      vertex   1.659157e-01 -7.498165e+00 0.000000e+00
      vertex   8.279550e-01 -7.454159e+00 0.000000e+00
    endloop
  endfacet
  facet normal 0.000000e+00 0.000000e+00 -1.000000e+00
    outer loop
      vertex   5.019717e+00 -1.175000e+01 0.000000e+00
      vertex   8.279550e-01 -7.454159e+00 0.000000e+00
      vertex   5.085442e+00 -1.138251e+01 0.000000e+00
    endloop
  endfacet
  facet normal 0.000000e+00 0.000000e+00 -1.000000e+00
    outer loop
      vertex   5.085442e+00 -1.138251e+01 0.000000e+00
      vertex   8.279550e-01 -7.454159e+00 0.000000e+00
      vertex   1.483514e+00 -7.351815e+00 0.000000e+00
    endloop
  endfacet
  facet normal 0.000000e+00 0.000000e+00 -1.000000e+00
    outer loop
      vertex   5.085442e+00 -1.138251e+01 0.000000e+00
      vertex   1.483514e+00 -7.351815e+00 0.000000e+00
      vertex   5.196300e+00 -1.102602e+01 0.000000e+00
    endloop
  endfacet
  facet normal 0.000000e+00 0.000000e+00 -1.000000e+00
    outer loop
      vertex   5.196300e+00 -1.102602e+01 0.000000e+00
      vertex   1.483514e+00 -7.351815e+00 0.000000e+00
      vertex   2.127463e+00 -7.191933e+00 0.000000e+00
    endloop
  endfacet
  facet normal 0.000000e+00 0.000000e+00 -1.000000e+00
    outer loop
      vertex   5.196300e+00 -1.102602e+01 0.000000e+00
      vertex   2.127463e+00 -7.191933e+00 0.000000e+00
      vertex   5.350576e+00 -1.068607e+01 0.000000e+00
    endloop
  endfacet
  facet normal 0.000000e+00 0.000000e+00 -1.000000e+00
    outer loop
      vertex   5.350576e+00 -1.068607e+01 0.000000e+00
      vertex   2.127463e+00 -7.191933e+00 0.000000e+00
      vertex   2.754762e+00 -6.975764e+00 0.000000e+00
    endloop
  endfacet
  facet normal 0.000000e+00 0.000000e+00 -1.000000e+00
    outer loop
      vertex   5.350576e+00 -1.068607e+01 0.000000e+00
      vertex   2.754762e+00 -6.975764e+00 0.000000e+00
      vertex   5.545879e+00 -1.036790e+01 0.000000e+00
    endloop
  endfacet
  facet normal 0.000000e+00 0.000000e+00 -1.000000e+00
    outer loop
      vertex   5.545879e+00 -1.036790e+01 0.000000e+00
      vertex   2.754762e+00 -6.975764e+00 0.000000e+00
      vertex   3.360501e+00 -6.705001e+00 0.000000e+00
    endloop
  endfacet
  facet normal 0.000000e+00 0.000000e+00 -1.000000e+00
    outer loop
      vertex   5.545879e+00 -1.036790e+01 0.000000e+00
      vertex   3.360501e+00 -6.705001e+00 0.000000e+00
      vertex   5.779186e+00 -1.007646e+01 0.000000e+00
    endloop
  endfacet
  facet normal 0.000000e+00 0.000000e+00 -1.000000e+00
    outer loop
      vertex   5.779186e+00 -1.007646e+01 0.000000e+00
      vertex   3.360501e+00 -6.705001e+00 0.000000e+00
      vertex   6.046884e+00 -9.816253e+00 0.000000e+00
    endloop
  endfacet
  facet normal 0.000000e+00 0.000000e+00 -1.000000e+00
    outer loop
      vertex   6.046884e+00 -9.816253e+00 0.000000e+00
      vertex   3.360501e+00 -6.705001e+00 0.000000e+00
      vertex   3.939939e+00 -6.381761e+00 0.000000e+00
    endloop
  endfacet
  facet normal 0.000000e+00 0.000000e+00 -1.000000e+00
    outer loop
      vertex   6.046884e+00 -9.816253e+00 0.000000e+00
      vertex   3.939939e+00 -6.381761e+00 0.000000e+00
      vertex   6.344828e+00 -9.591307e+00 0.000000e+00
    endloop
  endfacet
  facet normal 0.000000e+00 0.000000e+00 -1.000000e+00
    outer loop
      vertex   6.344828e+00 -9.591307e+00 0.000000e+00
      vertex   3.939939e+00 -6.381761e+00 0.000000e+00
      vertex   4.488542e+00 -6.008576e+00 0.000000e+00
    endloop
  endfacet
  facet normal 0.000000e+00 0.000000e+00 -1.000000e+00
    outer loop
      vertex   6.344828e+00 -9.591307e+00 0.000000e+00
      vertex   4.488542e+00 -6.008576e+00 0.000000e+00
      vertex   7.004281e+00 -9.120858e+00 0.000000e+00
    endloop
  endfacet
  facet normal 0.000000e+00 0.000000e+00 -1.000000e+00
    outer loop
      vertex   7.004281e+00 -9.120858e+00 0.000000e+00
      vertex   4.488542e+00 -6.008576e+00 0.000000e+00
      vertex   5.002016e+00 -5.588366e+00 0.000000e+00
    endloop
  endfacet
  facet normal 0.000000e+00 0.000000e+00 -1.000000e+00
    outer loop
      vertex   7.004281e+00 -9.120858e+00 0.000000e+00
      vertex   5.002016e+00 -5.588366e+00 0.000000e+00
      vertex   7.628980e+00 -8.605154e+00 0.000000e+00
    endloop
  endfacet
  facet normal 0.000000e+00 0.000000e+00 -1.000000e+00
    outer loop
      vertex   7.628980e+00 -8.605154e+00 0.000000e+00
      vertex   5.002016e+00 -5.588366e+00 0.000000e+00
      vertex   8.215825e+00 -8.046752e+00 0.000000e+00
    endloop
  endfacet
  facet normal 0.000000e+00 0.000000e+00 -1.000000e+00
    outer loop
      vertex   8.215825e+00 -8.046752e+00 0.000000e+00
      vertex   5.002016e+00 -5.588366e+00 0.000000e+00
      vertex   5.476343e+00 -5.124419e+00 0.000000e+00
    endloop
  endfacet
  facet normal 0.000000e+00 0.000000e+00 -1.000000e+00
    outer loop
      vertex   8.215825e+00 -8.046752e+00 0.000000e+00
      vertex   5.476343e+00 -5.124419e+00 0.000000e+00
      vertex   8.761905e+00 -7.448423e+00 0.000000e+00
    endloop
  endfacet
  facet normal 0.000000e+00 0.000000e+00 -1.000000e+00
    outer loop
      vertex   8.761905e+00 -7.448423e+00 0.000000e+00
      vertex   5.476343e+00 -5.124419e+00 0.000000e+00
      vertex   5.907810e+00 -4.620366e+00 0.000000e+00
    endloop
  endfacet
  facet normal 0.000000e+00 0.000000e+00 -1.000000e+00
    outer loop
      vertex   8.761905e+00 -7.448423e+00 0.000000e+00
      vertex   5.907810e+00 -4.620366e+00 0.000000e+00
      vertex   9.264511e+00 -6.813138e+00 0.000000e+00
    endloop
  endfacet
  facet normal 0.000000e+00 0.000000e+00 -1.000000e+00
    outer loop
      vertex   9.264511e+00 -6.813138e+00 0.000000e+00
      vertex   5.907810e+00 -4.620366e+00 0.000000e+00
      vertex   6.293040e+00 -4.080153e+00 0.000000e+00
    endloop
  endfacet
  facet normal 0.000000e+00 0.000000e+00 -1.000000e+00
    outer loop
      vertex   9.264511e+00 -6.813138e+00 0.000000e+00
      vertex   6.293040e+00 -4.080153e+00 0.000000e+00
      vertex   9.721147e+00 -6.144046e+00 0.000000e+00
    endloop
  endfacet
  facet normal 0.000000e+00 0.000000e+00 -1.000000e+00
    outer loop
      vertex   9.721147e+00 -6.144046e+00 0.000000e+00
      vertex   6.293040e+00 -4.080153e+00 0.000000e+00
      vertex   6.629018e+00 -3.508007e+00 0.000000e+00
    endloop
  endfacet
  facet normal 0.000000e+00 0.000000e+00 -1.000000e+00
    outer loop
      vertex   9.721147e+00 -6.144046e+00 0.000000e+00
      vertex   6.629018e+00 -3.508007e+00 0.000000e+00
      vertex   1.012955e+01 -5.444469e+00 0.000000e+00
    endloop
  endfacet
  facet normal 0.000000e+00 0.000000e+00 -1.000000e+00
    outer loop
      vertex   1.012955e+01 -5.444469e+00 0.000000e+00
      vertex   6.629018e+00 -3.508007e+00 0.000000e+00
      vertex   1.048769e+01 -4.717877e+00 0.000000e+00
    endloop
  endfacet
  facet normal 0.000000e+00 0.000000e+00 -1.000000e+00
    outer loop
      vertex   1.048769e+01 -4.717877e+00 0.000000e+00
      vertex   6.629018e+00 -3.508007e+00 0.000000e+00
      vertex   6.913116e+00 -2.908406e+00 0.000000e+00
    endloop
  endfacet
  facet normal 0.000000e+00 0.000000e+00 -1.000000e+00
    outer loop
      vertex   1.048769e+01 -4.717877e+00 0.000000e+00
      vertex   6.913116e+00 -2.908406e+00 0.000000e+00
      vertex   1.079379e+01 -3.967876e+00 0.000000e+00
    endloop
  endfacet
  facet normal 0.000000e+00 0.000000e+00 -1.000000e+00
    outer loop
      vertex   1.079379e+01 -3.967876e+00 0.000000e+00
      vertex   6.913116e+00 -2.908406e+00 0.000000e+00
      vertex   7.143109e+00 -2.286043e+00 0.000000e+00
    endloop
  endfacet
  facet normal 0.000000e+00 0.000000e+00 -1.000000e+00
    outer loop
      vertex   1.079379e+01 -3.967876e+00 0.000000e+00
      vertex   7.143109e+00 -2.286043e+00 0.000000e+00
      vertex   1.104634e+01 -3.198188e+00 0.000000e+00
    endloop
  endfacet
  facet normal 0.000000e+00 0.000000e+00 -1.000000e+00
    outer loop
      vertex   1.104634e+01 -3.198188e+00 0.000000e+00
      vertex   7.143109e+00 -2.286043e+00 0.000000e+00
      vertex   7.317197e+00 -1.645789e+00 0.000000e+00
    endloop
  endfacet
  facet normal 0.000000e+00 0.000000e+00 -1.000000e+00
    outer loop
      vertex   1.104634e+01 -3.198188e+00 0.000000e+00
      vertex   7.317197e+00 -1.645789e+00 0.000000e+00
      vertex   1.124407e+01 -2.412630e+00 0.000000e+00
    endloop
  endfacet
  facet normal 0.000000e+00 0.000000e+00 -1.000000e+00
    outer loop
      vertex   1.124407e+01 -2.412630e+00 0.000000e+00
      vertex   7.317197e+00 -1.645789e+00 0.000000e+00
      vertex   7.434019e+00 -9.926539e-01 0.000000e+00
    endloop
  endfacet
  facet normal 0.000000e+00 0.000000e+00 -1.000000e+00
    outer loop
      vertex   1.124407e+01 -2.412630e+00 0.000000e+00
      vertex   7.434019e+00 -9.926539e-01 0.000000e+00
      vertex   1.138602e+01 -1.615102e+00 0.000000e+00
    endloop
  endfacet
  facet normal 0.000000e+00 0.000000e+00 -1.000000e+00
    outer loop
      vertex   1.138602e+01 -1.615102e+00 0.000000e+00
      vertex   7.434019e+00 -9.926539e-01 0.000000e+00
      vertex   1.147147e+01 -8.095593e-01 0.000000e+00
    endloop
  endfacet
  facet normal -0.000000e+00 0.000000e+00 -1.000000e+00
    outer loop
      vertex   1.147147e+01 -8.095593e-01 0.000000e+00
      vertex   7.434019e+00 -9.926539e-01 0.000000e+00
      vertex   7.492659e+00 -3.317501e-01 0.000000e+00
    endloop
  endfacet
  facet normal 0.000000e+00 0.000000e+00 -1.000000e+00
    outer loop
      vertex   1.147147e+01 -8.095593e-01 0.000000e+00
      vertex   7.492659e+00 -3.317501e-01 0.000000e+00
      vertex   1.150000e+01 0.000000e+00 0.000000e+00
    endloop
  endfacet
  facet normal -0.000000e+00 0.000000e+00 -1.000000e+00
    outer loop
      vertex   1.150000e+01 0.000000e+00 0.000000e+00
      vertex   7.492659e+00 -3.317501e-01 0.000000e+00
      vertex   7.492659e+00 3.317501e-01 0.000000e+00
    endloop
  endfacet
  facet normal 0.000000e+00 0.000000e+00 -1.000000e+00
    outer loop
      vertex   1.150000e+01 0.000000e+00 0.000000e+00
      vertex   7.492659e+00 3.317501e-01 0.000000e+00
      vertex   1.147147e+01 8.095593e-01 0.000000e+00
    endloop
  endfacet
  facet normal -0.000000e+00 0.000000e+00 -1.000000e+00
    outer loop
      vertex   1.147147e+01 8.095593e-01 0.000000e+00
      vertex   7.492659e+00 3.317501e-01 0.000000e+00
      vertex   7.434019e+00 9.926539e-01 0.000000e+00
    endloop
  endfacet
  facet normal 0.000000e+00 0.000000e+00 -1.000000e+00
    outer loop
      vertex   1.147147e+01 8.095593e-01 0.000000e+00
      vertex   7.434019e+00 9.926539e-01 0.000000e+00
      vertex   1.138602e+01 1.615102e+00 0.000000e+00
    endloop
  endfacet
  facet normal -0.000000e+00 0.000000e+00 -1.000000e+00
    outer loop
      vertex   1.138602e+01 1.615102e+00 0.000000e+00
      vertex   7.434019e+00 9.926539e-01 0.000000e+00
      vertex   1.124407e+01 2.412630e+00 0.000000e+00
    endloop
  endfacet
  facet normal 0.000000e+00 0.000000e+00 -1.000000e+00
    outer loop
      vertex   1.124407e+01 2.412630e+00 0.000000e+00
      vertex   7.434019e+00 9.926539e-01 0.000000e+00
      vertex   7.317197e+00 1.645789e+00 0.000000e+00
    endloop
  endfacet
  facet normal -0.000000e+00 0.000000e+00 -1.000000e+00
    outer loop
      vertex   1.124407e+01 2.412630e+00 0.000000e+00
      vertex   7.317197e+00 1.645789e+00 0.000000e+00
      vertex   1.104634e+01 3.198188e+00 0.000000e+00
    endloop
  endfacet
  facet normal 0.000000e+00 0.000000e+00 -1.000000e+00
    outer loop
      vertex   1.104634e+01 3.198188e+00 0.000000e+00
      vertex   7.317197e+00 1.645789e+00 0.000000e+00
      vertex   7.143109e+00 2.286043e+00 0.000000e+00
    endloop
  endfacet
  facet normal -0.000000e+00 0.000000e+00 -1.000000e+00
    outer loop
      vertex   1.104634e+01 3.198188e+00 0.000000e+00
      vertex   7.143109e+00 2.286043e+00 0.000000e+00
      vertex   1.079379e+01 3.967876e+00 0.000000e+00
    endloop
  endfacet
  facet normal 0.000000e+00 0.000000e+00 -1.000000e+00
    outer loop
      vertex   1.079379e+01 3.967876e+00 0.000000e+00
      vertex   7.143109e+00 2.286043e+00 0.000000e+00
      vertex   6.913116e+00 2.908406e+00 0.000000e+00
    endloop
  endfacet
  facet normal -0.000000e+00 0.000000e+00 -1.000000e+00
    outer loop
      vertex   1.079379e+01 3.967876e+00 0.000000e+00
      vertex   6.913116e+00 2.908406e+00 0.000000e+00
      vertex   1.048769e+01 4.717877e+00 0.000000e+00
    endloop
  endfacet
  facet normal 0.000000e+00 0.000000e+00 -1.000000e+00
    outer loop
      vertex   1.048769e+01 4.717877e+00 0.000000e+00
      vertex   6.913116e+00 2.908406e+00 0.000000e+00
      vertex   6.629018e+00 3.508007e+00 0.000000e+00
    endloop
  endfacet
  facet normal -0.000000e+00 0.000000e+00 -1.000000e+00
    outer loop
      vertex   1.048769e+01 4.717877e+00 0.000000e+00
      vertex   6.629018e+00 3.508007e+00 0.000000e+00
      vertex   1.012955e+01 5.444469e+00 0.000000e+00
    endloop
  endfacet
  facet normal -0.000000e+00 0.000000e+00 -1.000000e+00
    outer loop
      vertex   1.012955e+01 5.444469e+00 0.000000e+00
      vertex   6.629018e+00 3.508007e+00 0.000000e+00
      vertex   9.721147e+00 6.144046e+00 0.000000e+00
    endloop
  endfacet
  facet normal 0.000000e+00 0.000000e+00 -1.000000e+00
    outer loop
      vertex   9.721147e+00 6.144046e+00 0.000000e+00
      vertex   6.629018e+00 3.508007e+00 0.000000e+00
      vertex   6.293040e+00 4.080153e+00 0.000000e+00
    endloop
  endfacet
  facet normal -0.000000e+00 0.000000e+00 -1.000000e+00
    outer loop
      vertex   9.721147e+00 6.144046e+00 0.000000e+00
      vertex   6.293040e+00 4.080153e+00 0.000000e+00
      vertex   9.264511e+00 6.813138e+00 0.000000e+00
    endloop
  endfacet
  facet normal 0.000000e+00 0.000000e+00 -1.000000e+00
    outer loop
      vertex   9.264511e+00 6.813138e+00 0.000000e+00
      vertex   6.293040e+00 4.080153e+00 0.000000e+00
      vertex   5.907810e+00 4.620366e+00 0.000000e+00
    endloop
  endfacet
  facet normal -0.000000e+00 0.000000e+00 -1.000000e+00
    outer loop
      vertex   9.264511e+00 6.813138e+00 0.000000e+00
      vertex   5.907810e+00 4.620366e+00 0.000000e+00
      vertex   8.761905e+00 7.448423e+00 0.000000e+00
    endloop
  endfacet
  facet normal 0.000000e+00 0.000000e+00 -1.000000e+00
    outer loop
      vertex   8.761905e+00 7.448423e+00 0.000000e+00
      vertex   5.907810e+00 4.620366e+00 0.000000e+00
      vertex   5.476343e+00 5.124419e+00 0.000000e+00
    endloop
  endfacet
  facet normal -0.000000e+00 0.000000e+00 -1.000000e+00
    outer loop
      vertex   8.761905e+00 7.448423e+00 0.000000e+00
      vertex   5.476343e+00 5.124419e+00 0.000000e+00
      vertex   8.215825e+00 8.046752e+00 0.000000e+00
    endloop
  endfacet
  facet normal 0.000000e+00 0.000000e+00 -1.000000e+00
    outer loop
      vertex   8.215825e+00 8.046752e+00 0.000000e+00
      vertex   5.476343e+00 5.124419e+00 0.000000e+00
      vertex   5.002016e+00 5.588366e+00 0.000000e+00
    endloop
  endfacet
  facet normal -0.000000e+00 0.000000e+00 -1.000000e+00
    outer loop
      vertex   8.215825e+00 8.046752e+00 0.000000e+00
      vertex   5.002016e+00 5.588366e+00 0.000000e+00
      vertex   7.628980e+00 8.605154e+00 0.000000e+00
    endloop
  endfacet
  facet normal -0.000000e+00 0.000000e+00 -1.000000e+00
    outer loop
      vertex   7.628980e+00 8.605154e+00 0.000000e+00
      vertex   5.002016e+00 5.588366e+00 0.000000e+00
      vertex   7.004281e+00 9.120858e+00 0.000000e+00
    endloop
  endfacet
  facet normal 0.000000e+00 0.000000e+00 -1.000000e+00
    outer loop
      vertex   7.004281e+00 9.120858e+00 0.000000e+00
      vertex   5.002016e+00 5.588366e+00 0.000000e+00
      vertex   4.488542e+00 6.008576e+00 0.000000e+00
    endloop
  endfacet
  facet normal -0.000000e+00 0.000000e+00 -1.000000e+00
    outer loop
      vertex   7.004281e+00 9.120858e+00 0.000000e+00
      vertex   4.488542e+00 6.008576e+00 0.000000e+00
      vertex   6.344828e+00 9.591307e+00 0.000000e+00
    endloop
  endfacet
  facet normal 0.000000e+00 0.000000e+00 -1.000000e+00
    outer loop
      vertex   6.344828e+00 9.591307e+00 0.000000e+00
      vertex   4.488542e+00 6.008576e+00 0.000000e+00
      vertex   3.939939e+00 6.381761e+00 0.000000e+00
    endloop
  endfacet
  facet normal -0.000000e+00 0.000000e+00 -1.000000e+00
    outer loop
      vertex   6.344828e+00 9.591307e+00 0.000000e+00
      vertex   3.939939e+00 6.381761e+00 0.000000e+00
      vertex   6.046884e+00 9.816253e+00 0.000000e+00
    endloop
  endfacet
  facet normal 0.000000e+00 0.000000e+00 -1.000000e+00
    outer loop
      vertex   6.046884e+00 9.816253e+00 0.000000e+00
      vertex   3.939939e+00 6.381761e+00 0.000000e+00
      vertex   3.360501e+00 6.705001e+00 0.000000e+00
    endloop
  endfacet
  facet normal -0.000000e+00 0.000000e+00 -1.000000e+00
    outer loop
      vertex   6.046884e+00 9.816253e+00 0.000000e+00
      vertex   3.360501e+00 6.705001e+00 0.000000e+00
      vertex   5.779186e+00 1.007646e+01 0.000000e+00
    endloop
  endfacet
  facet normal -0.000000e+00 0.000000e+00 -1.000000e+00
    outer loop
      vertex   5.779186e+00 1.007646e+01 0.000000e+00
      vertex   3.360501e+00 6.705001e+00 0.000000e+00
      vertex   5.545879e+00 1.036790e+01 0.000000e+00
    endloop
  endfacet
  facet normal 0.000000e+00 0.000000e+00 -1.000000e+00
    outer loop
      vertex   5.545879e+00 1.036790e+01 0.000000e+00
      vertex   3.360501e+00 6.705001e+00 0.000000e+00
      vertex   2.754762e+00 6.975764e+00 0.000000e+00
    endloop
  endfacet
  facet normal -0.000000e+00 0.000000e+00 -1.000000e+00
    outer loop
      vertex   5.545879e+00 1.036790e+01 0.000000e+00
      vertex   2.754762e+00 6.975764e+00 0.000000e+00
      vertex   5.350576e+00 1.068607e+01 0.000000e+00
    endloop
  endfacet
  facet normal 0.000000e+00 0.000000e+00 -1.000000e+00
    outer loop
      vertex   5.350576e+00 1.068607e+01 0.000000e+00
      vertex   2.754762e+00 6.975764e+00 0.000000e+00
      vertex   2.127463e+00 7.191933e+00 0.000000e+00
    endloop
  endfacet
  facet normal -0.000000e+00 0.000000e+00 -1.000000e+00
    outer loop
      vertex   5.350576e+00 1.068607e+01 0.000000e+00
      vertex   2.127463e+00 7.191933e+00 0.000000e+00
      vertex   5.196300e+00 1.102602e+01 0.000000e+00
    endloop
  endfacet
  facet normal 0.000000e+00 0.000000e+00 -1.000000e+00
    outer loop
      vertex   5.196300e+00 1.102602e+01 0.000000e+00
      vertex   2.127463e+00 7.191933e+00 0.000000e+00
      vertex   1.483514e+00 7.351815e+00 0.000000e+00
    endloop
  endfacet
  facet normal -0.000000e+00 0.000000e+00 -1.000000e+00
    outer loop
      vertex   5.196300e+00 1.102602e+01 0.000000e+00
      vertex   1.483514e+00 7.351815e+00 0.000000e+00
      vertex   5.085442e+00 1.138251e+01 0.000000e+00
    endloop
  endfacet
  facet normal 0.000000e+00 0.000000e+00 -1.000000e+00
    outer loop
      vertex   5.085442e+00 1.138251e+01 0.000000e+00
      vertex   1.483514e+00 7.351815e+00 0.000000e+00
      vertex   8.279550e-01 7.454159e+00 0.000000e+00
    endloop
  endfacet
  facet normal -0.000000e+00 0.000000e+00 -1.000000e+00
    outer loop
      vertex   5.085442e+00 1.138251e+01 0.000000e+00
      vertex   8.279550e-01 7.454159e+00 0.000000e+00
      vertex   5.019717e+00 1.175000e+01 0.000000e+00
    endloop
  endfacet
  facet normal 0.000000e+00 0.000000e+00 -1.000000e+00
    outer loop
      vertex   5.019717e+00 1.175000e+01 0.000000e+00
      vertex   8.279550e-01 7.454159e+00 0.000000e+00
      vertex   1.659157e-01 7.498165e+00 0.000000e+00
    endloop
  endfacet
  facet normal -0.000000e+00 0.000000e+00 -1.000000e+00
    outer loop
      vertex   5.019717e+00 1.175000e+01 0.000000e+00
      vertex   1.659157e-01 7.498165e+00 0.000000e+00
      vertex   -5.019717e+00 1.175000e+01 0.000000e+00
    endloop
  endfacet
  facet normal 0.000000e+00 0.000000e+00 -1.000000e+00
    outer loop
      vertex   -5.019717e+00 1.175000e+01 0.000000e+00
      vertex   1.659157e-01 7.498165e+00 0.000000e+00
      vertex   -4.974222e-01 7.483487e+00 0.000000e+00
    endloop
  endfacet
  facet normal 0.000000e+00 0.000000e+00 -1.000000e+00
    outer loop
      vertex   -5.019717e+00 1.175000e+01 0.000000e+00
      vertex   -4.974222e-01 7.483487e+00 0.000000e+00
      vertex   -1.156867e+00 7.410240e+00 0.000000e+00
    endloop
  endfacet
  facet normal 0.000000e+00 0.000000e+00 -1.000000e+00
    outer loop
      vertex   -5.085442e+00 -1.138251e+01 0.000000e+00
      vertex   -1.156867e+00 -7.410240e+00 0.000000e+00
      vertex   -5.019717e+00 -1.175000e+01 0.000000e+00
    endloop
  endfacet
  facet normal 0.000000e+00 0.000000e+00 -1.000000e+00
    outer loop
      vertex   -5.019717e+00 -1.175000e+01 0.000000e+00
      vertex   -1.156867e+00 -7.410240e+00 0.000000e+00
      vertex   -4.974222e-01 -7.483487e+00 0.000000e+00
    endloop
  endfacet
  facet normal 0.000000e+00 0.000000e+00 -1.000000e+00
    outer loop
      vertex   -5.019717e+00 -1.175000e+01 0.000000e+00
      vertex   -4.974222e-01 -7.483487e+00 0.000000e+00
      vertex   1.659157e-01 -7.498165e+00 0.000000e+00
    endloop
  endfacet
  facet normal -0.000000e+00 0.000000e+00 -1.000000e+00
    outer loop
      vertex   -1.156867e+00 -7.410240e+00 0.000000e+00
      vertex   -5.085442e+00 -1.138251e+01 0.000000e+00
      vertex   -1.807258e+00 -7.278999e+00 0.000000e+00
    endloop
  endfacet
  facet normal 0.000000e+00 0.000000e+00 -1.000000e+00
    outer loop
      vertex   -1.807258e+00 -7.278999e+00 0.000000e+00
      vertex   -5.085442e+00 -1.138251e+01 0.000000e+00
      vertex   -5.196300e+00 -1.102602e+01 0.000000e+00
    endloop
  endfacet
  facet normal -0.000000e+00 0.000000e+00 -1.000000e+00
    outer loop
      vertex   -1.807258e+00 -7.278999e+00 0.000000e+00
      vertex   -5.196300e+00 -1.102602e+01 0.000000e+00
      vertex   -2.443504e+00 -7.090789e+00 0.000000e+00
    endloop
  endfacet
  facet normal 0.000000e+00 0.000000e+00 -1.000000e+00
    outer loop
      vertex   -2.443504e+00 -7.090789e+00 0.000000e+00
      vertex   -5.196300e+00 -1.102602e+01 0.000000e+00
      vertex   -5.350576e+00 -1.068607e+01 0.000000e+00
    endloop
  endfacet
  facet normal 0.000000e+00 0.000000e+00 -1.000000e+00
    outer loop
      vertex   -2.443504e+00 -7.090789e+00 0.000000e+00
      vertex   -5.350576e+00 -1.068607e+01 0.000000e+00
      vertex   -5.545879e+00 -1.036790e+01 0.000000e+00
    endloop
  endfacet
  facet normal -0.000000e+00 0.000000e+00 -1.000000e+00
    outer loop
      vertex   -2.443504e+00 -7.090789e+00 0.000000e+00
      vertex   -5.545879e+00 -1.036790e+01 0.000000e+00
      vertex   -3.060627e+00 -6.847084e+00 0.000000e+00
    endloop
  endfacet
  facet normal 0.000000e+00 0.000000e+00 -1.000000e+00
    outer loop
      vertex   -3.060627e+00 -6.847084e+00 0.000000e+00
      vertex   -5.545879e+00 -1.036790e+01 0.000000e+00
      vertex   -5.779186e+00 -1.007646e+01 0.000000e+00
    endloop
  endfacet
  facet normal -0.000000e+00 0.000000e+00 -1.000000e+00
    outer loop
      vertex   -3.060627e+00 -6.847084e+00 0.000000e+00
      vertex   -5.779186e+00 -1.007646e+01 0.000000e+00
      vertex   -3.653796e+00 -6.549792e+00 0.000000e+00
    endloop
  endfacet
  facet normal 0.000000e+00 0.000000e+00 -1.000000e+00
    outer loop
      vertex   -3.653796e+00 -6.549792e+00 0.000000e+00
      vertex   -5.779186e+00 -1.007646e+01 0.000000e+00
      vertex   -6.046884e+00 -9.816253e+00 0.000000e+00
    endloop
  endfacet
  facet normal -0.000000e+00 0.000000e+00 -1.000000e+00
    outer loop
      vertex   -3.653796e+00 -6.549792e+00 0.000000e+00
      vertex   -6.046884e+00 -9.816253e+00 0.000000e+00
      vertex   -4.218370e+00 -6.201238e+00 0.000000e+00
    endloop
  endfacet
  facet normal 0.000000e+00 0.000000e+00 -1.000000e+00
    outer loop
      vertex   -4.218370e+00 -6.201238e+00 0.000000e+00
      vertex   -6.046884e+00 -9.816253e+00 0.000000e+00
      vertex   -6.344828e+00 -9.591307e+00 0.000000e+00
    endloop
  endfacet
  facet normal 0.000000e+00 0.000000e+00 -1.000000e+00
    outer loop
      vertex   -4.218370e+00 -6.201238e+00 0.000000e+00
      vertex   -6.344828e+00 -9.591307e+00 0.000000e+00
      vertex   -7.004281e+00 -9.120858e+00 0.000000e+00
    endloop
  endfacet
  facet normal -0.000000e+00 0.000000e+00 -1.000000e+00
    outer loop
      vertex   -4.218370e+00 -6.201238e+00 0.000000e+00
      vertex   -7.004281e+00 -9.120858e+00 0.000000e+00
      vertex   -4.749929e+00 -5.804152e+00 0.000000e+00
    endloop
  endfacet
  facet normal 0.000000e+00 0.000000e+00 -1.000000e+00
    outer loop
      vertex   -4.749929e+00 -5.804152e+00 0.000000e+00
      vertex   -7.004281e+00 -9.120858e+00 0.000000e+00
      vertex   -7.628980e+00 -8.605154e+00 0.000000e+00
    endloop
  endfacet
  facet normal -0.000000e+00 0.000000e+00 -1.000000e+00
    outer loop
      vertex   -4.749929e+00 -5.804152e+00 0.000000e+00
      vertex   -7.628980e+00 -8.605154e+00 0.000000e+00
      vertex   -5.244313e+00 -5.361640e+00 0.000000e+00
    endloop
  endfacet
  facet normal 0.000000e+00 0.000000e+00 -1.000000e+00
    outer loop
      vertex   -5.244313e+00 -5.361640e+00 0.000000e+00
      vertex   -7.628980e+00 -8.605154e+00 0.000000e+00
      vertex   -8.215825e+00 -8.046752e+00 0.000000e+00
    endloop
  endfacet
  facet normal -0.000000e+00 0.000000e+00 -1.000000e+00
    outer loop
      vertex   -5.244313e+00 -5.361640e+00 0.000000e+00
      vertex   -8.215825e+00 -8.046752e+00 0.000000e+00
      vertex   -5.697653e+00 -4.877166e+00 0.000000e+00
    endloop
  endfacet
  facet normal 0.000000e+00 0.000000e+00 -1.000000e+00
    outer loop
      vertex   -5.697653e+00 -4.877166e+00 0.000000e+00
      vertex   -8.215825e+00 -8.046752e+00 0.000000e+00
      vertex   -8.761905e+00 -7.448423e+00 0.000000e+00
    endloop
  endfacet
  facet normal -0.000000e+00 0.000000e+00 -1.000000e+00
    outer loop
      vertex   -5.697653e+00 -4.877166e+00 0.000000e+00
      vertex   -8.761905e+00 -7.448423e+00 0.000000e+00
      vertex   -6.106402e+00 -4.354522e+00 0.000000e+00
    endloop
  endfacet
  facet normal 0.000000e+00 0.000000e+00 -1.000000e+00
    outer loop
      vertex   -6.106402e+00 -4.354522e+00 0.000000e+00
      vertex   -8.761905e+00 -7.448423e+00 0.000000e+00
      vertex   -9.264511e+00 -6.813138e+00 0.000000e+00
    endloop
  endfacet
  facet normal 0.000000e+00 0.000000e+00 -1.000000e+00
    outer loop
      vertex   -6.106402e+00 -4.354522e+00 0.000000e+00
      vertex   -9.264511e+00 -6.813138e+00 0.000000e+00
      vertex   -9.721147e+00 -6.144046e+00 0.000000e+00
    endloop
  endfacet
  facet normal -0.000000e+00 0.000000e+00 -1.000000e+00
    outer loop
      vertex   -6.106402e+00 -4.354522e+00 0.000000e+00
      vertex   -9.721147e+00 -6.144046e+00 0.000000e+00
      vertex   -6.467359e+00 -3.797797e+00 0.000000e+00
    endloop
  endfacet
  facet normal 0.000000e+00 0.000000e+00 -1.000000e+00
    outer loop
      vertex   -6.467359e+00 -3.797797e+00 0.000000e+00
      vertex   -9.721147e+00 -6.144046e+00 0.000000e+00
      vertex   -1.012955e+01 -5.444469e+00 0.000000e+00
    endloop
  endfacet
  facet normal -0.000000e+00 0.000000e+00 -1.000000e+00
    outer loop
      vertex   -6.467359e+00 -3.797797e+00 0.000000e+00
      vertex   -1.012955e+01 -5.444469e+00 0.000000e+00
      vertex   -6.777701e+00 -3.211350e+00 0.000000e+00
    endloop
  endfacet
  facet normal 0.000000e+00 0.000000e+00 -1.000000e+00
    outer loop
      vertex   -6.777701e+00 -3.211350e+00 0.000000e+00
      vertex   -1.012955e+01 -5.444469e+00 0.000000e+00
      vertex   -1.048769e+01 -4.717877e+00 0.000000e+00
    endloop
  endfacet
  facet normal -0.000000e+00 0.000000e+00 -1.000000e+00
    outer loop
      vertex   -6.777701e+00 -3.211350e+00 0.000000e+00
      vertex   -1.048769e+01 -4.717877e+00 0.000000e+00
      vertex   -7.034998e+00 -2.599769e+00 0.000000e+00
    endloop
  endfacet
  facet normal 0.000000e+00 0.000000e+00 -1.000000e+00
    outer loop
      vertex   -7.034998e+00 -2.599769e+00 0.000000e+00
      vertex   -1.048769e+01 -4.717877e+00 0.000000e+00
      vertex   -1.079379e+01 -3.967876e+00 0.000000e+00
    endloop
  endfacet
  facet normal 0.000000e+00 0.000000e+00 -1.000000e+00
    outer loop
      vertex   -7.034998e+00 -2.599769e+00 0.000000e+00
      vertex   -1.079379e+01 -3.967876e+00 0.000000e+00
      vertex   -1.104634e+01 -3.198188e+00 0.000000e+00
    endloop
  endfacet
  facet normal -0.000000e+00 0.000000e+00 -1.000000e+00
    outer loop
      vertex   -7.034998e+00 -2.599769e+00 0.000000e+00
      vertex   -1.104634e+01 -3.198188e+00 0.000000e+00
      vertex   -7.237237e+00 -1.967842e+00 0.000000e+00
    endloop
  endfacet
  facet normal 0.000000e+00 0.000000e+00 -1.000000e+00
    outer loop
      vertex   -7.237237e+00 -1.967842e+00 0.000000e+00
      vertex   -1.104634e+01 -3.198188e+00 0.000000e+00
      vertex   -1.124407e+01 -2.412630e+00 0.000000e+00
    endloop
  endfacet
  facet normal -0.000000e+00 0.000000e+00 -1.000000e+00
    outer loop
      vertex   -7.237237e+00 -1.967842e+00 0.000000e+00
      vertex   -1.124407e+01 -2.412630e+00 0.000000e+00
      vertex   -7.382834e+00 -1.320514e+00 0.000000e+00
    endloop
  endfacet
  facet normal 0.000000e+00 0.000000e+00 -1.000000e+00
    outer loop
      vertex   -7.382834e+00 -1.320514e+00 0.000000e+00
      vertex   -1.124407e+01 -2.412630e+00 0.000000e+00
      vertex   -1.138602e+01 -1.615102e+00 0.000000e+00
    endloop
  endfacet
  facet normal -0.000000e+00 0.000000e+00 -1.000000e+00
    outer loop
      vertex   -7.382834e+00 -1.320514e+00 0.000000e+00
      vertex   -1.138602e+01 -1.615102e+00 0.000000e+00
      vertex   -7.470651e+00 -6.628508e-01 0.000000e+00
    endloop
  endfacet
  facet normal 0.000000e+00 0.000000e+00 -1.000000e+00
    outer loop
      vertex   -7.470651e+00 -6.628508e-01 0.000000e+00
      vertex   -1.138602e+01 -1.615102e+00 0.000000e+00
      vertex   -1.147147e+01 -8.095593e-01 0.000000e+00
    endloop
  endfacet
  facet normal -0.000000e+00 0.000000e+00 -1.000000e+00
    outer loop
      vertex   -7.470651e+00 -6.628508e-01 0.000000e+00
      vertex   -1.147147e+01 -8.095593e-01 0.000000e+00
      vertex   -7.500000e+00 -9.184851e-16 0.000000e+00
    endloop
  endfacet
  facet normal -0.000000e+00 0.000000e+00 -1.000000e+00
    outer loop
      vertex   -7.500000e+00 -9.184851e-16 0.000000e+00
      vertex   -1.147147e+01 -8.095593e-01 0.000000e+00
      vertex   -1.150000e+01 1.408344e-15 0.000000e+00
    endloop
  endfacet
  facet normal 0.000000e+00 0.000000e+00 -1.000000e+00
    outer loop
      vertex   -7.500000e+00 -9.184851e-16 0.000000e+00
      vertex   -1.150000e+01 1.408344e-15 0.000000e+00
      vertex   -1.147147e+01 8.095593e-01 0.000000e+00
    endloop
  endfacet
  facet normal 0.000000e+00 0.000000e+00 -1.000000e+00
    outer loop
      vertex   -7.500000e+00 -9.184851e-16 0.000000e+00
      vertex   -1.147147e+01 8.095593e-01 0.000000e+00
      vertex   -7.470651e+00 6.628508e-01 0.000000e+00
    endloop
  endfacet
  facet normal 0.000000e+00 0.000000e+00 -1.000000e+00
    outer loop
      vertex   -7.470651e+00 6.628508e-01 0.000000e+00
      vertex   -1.147147e+01 8.095593e-01 0.000000e+00
      vertex   -1.138602e+01 1.615102e+00 0.000000e+00
    endloop
  endfacet
  facet normal 0.000000e+00 0.000000e+00 -1.000000e+00
    outer loop
      vertex   -7.470651e+00 6.628508e-01 0.000000e+00
      vertex   -1.138602e+01 1.615102e+00 0.000000e+00
      vertex   -7.382834e+00 1.320514e+00 0.000000e+00
    endloop
  endfacet
  facet normal 0.000000e+00 0.000000e+00 -1.000000e+00
    outer loop
      vertex   -7.382834e+00 1.320514e+00 0.000000e+00
      vertex   -1.138602e+01 1.615102e+00 0.000000e+00
      vertex   -1.124407e+01 2.412630e+00 0.000000e+00
    endloop
  endfacet
  facet normal 0.000000e+00 0.000000e+00 -1.000000e+00
    outer loop
      vertex   -7.382834e+00 1.320514e+00 0.000000e+00
      vertex   -1.124407e+01 2.412630e+00 0.000000e+00
      vertex   -7.237237e+00 1.967842e+00 0.000000e+00
    endloop
  endfacet
  facet normal 0.000000e+00 0.000000e+00 -1.000000e+00
    outer loop
      vertex   -7.237237e+00 1.967842e+00 0.000000e+00
      vertex   -1.124407e+01 2.412630e+00 0.000000e+00
      vertex   -1.104634e+01 3.198188e+00 0.000000e+00
    endloop
  endfacet
  facet normal 0.000000e+00 0.000000e+00 -1.000000e+00
    outer loop
      vertex   -7.237237e+00 1.967842e+00 0.000000e+00
      vertex   -1.104634e+01 3.198188e+00 0.000000e+00
      vertex   -7.034998e+00 2.599769e+00 0.000000e+00
    endloop
  endfacet
  facet normal 0.000000e+00 0.000000e+00 -1.000000e+00
    outer loop
      vertex   -7.034998e+00 2.599769e+00 0.000000e+00
      vertex   -1.104634e+01 3.198188e+00 0.000000e+00
      vertex   -1.079379e+01 3.967876e+00 0.000000e+00
    endloop
  endfacet
  facet normal 0.000000e+00 0.000000e+00 -1.000000e+00
    outer loop
      vertex   -7.034998e+00 2.599769e+00 0.000000e+00
      vertex   -1.079379e+01 3.967876e+00 0.000000e+00
      vertex   -1.048769e+01 4.717877e+00 0.000000e+00
    endloop
  endfacet
  facet normal 0.000000e+00 0.000000e+00 -1.000000e+00
    outer loop
      vertex   -7.034998e+00 2.599769e+00 0.000000e+00
      vertex   -1.048769e+01 4.717877e+00 0.000000e+00
      vertex   -6.777701e+00 3.211350e+00 0.000000e+00
    endloop
  endfacet
  facet normal 0.000000e+00 0.000000e+00 -1.000000e+00
    outer loop
      vertex   -6.777701e+00 3.211350e+00 0.000000e+00
      vertex   -1.048769e+01 4.717877e+00 0.000000e+00
      vertex   -1.012955e+01 5.444469e+00 0.000000e+00
    endloop
  endfacet
  facet normal 0.000000e+00 0.000000e+00 -1.000000e+00
    outer loop
      vertex   -6.777701e+00 3.211350e+00 0.000000e+00
      vertex   -1.012955e+01 5.444469e+00 0.000000e+00
      vertex   -6.467359e+00 3.797797e+00 0.000000e+00
    endloop
  endfacet
  facet normal 0.000000e+00 0.000000e+00 -1.000000e+00
    outer loop
      vertex   -6.467359e+00 3.797797e+00 0.000000e+00
      vertex   -1.012955e+01 5.444469e+00 0.000000e+00
      vertex   -9.721147e+00 6.144046e+00 0.000000e+00
    endloop
  endfacet
  facet normal 0.000000e+00 0.000000e+00 -1.000000e+00
    outer loop
      vertex   -6.467359e+00 3.797797e+00 0.000000e+00
      vertex   -9.721147e+00 6.144046e+00 0.000000e+00
      vertex   -6.106402e+00 4.354522e+00 0.000000e+00
    endloop
  endfacet
  facet normal 0.000000e+00 0.000000e+00 -1.000000e+00
    outer loop
      vertex   -6.106402e+00 4.354522e+00 0.000000e+00
      vertex   -9.721147e+00 6.144046e+00 0.000000e+00
      vertex   -9.264511e+00 6.813138e+00 0.000000e+00
    endloop
  endfacet
  facet normal 0.000000e+00 0.000000e+00 -1.000000e+00
    outer loop
      vertex   -6.106402e+00 4.354522e+00 0.000000e+00
      vertex   -9.264511e+00 6.813138e+00 0.000000e+00
      vertex   -8.761905e+00 7.448423e+00 0.000000e+00
    endloop
  endfacet
  facet normal 0.000000e+00 0.000000e+00 -1.000000e+00
    outer loop
      vertex   -6.106402e+00 4.354522e+00 0.000000e+00
      vertex   -8.761905e+00 7.448423e+00 0.000000e+00
      vertex   -5.697653e+00 4.877166e+00 0.000000e+00
    endloop
  endfacet
  facet normal 0.000000e+00 0.000000e+00 -1.000000e+00
    outer loop
      vertex   -5.697653e+00 4.877166e+00 0.000000e+00
      vertex   -8.761905e+00 7.448423e+00 0.000000e+00
      vertex   -8.215825e+00 8.046752e+00 0.000000e+00
    endloop
  endfacet
  facet normal 0.000000e+00 0.000000e+00 -1.000000e+00
    outer loop
      vertex   -5.697653e+00 4.877166e+00 0.000000e+00
      vertex   -8.215825e+00 8.046752e+00 0.000000e+00
      vertex   -5.244313e+00 5.361640e+00 0.000000e+00
    endloop
  endfacet
  facet normal 0.000000e+00 0.000000e+00 -1.000000e+00
    outer loop
      vertex   -5.244313e+00 5.361640e+00 0.000000e+00
      vertex   -8.215825e+00 8.046752e+00 0.000000e+00
      vertex   -7.628980e+00 8.605154e+00 0.000000e+00
    endloop
  endfacet
  facet normal 0.000000e+00 0.000000e+00 -1.000000e+00
    outer loop
      vertex   -5.244313e+00 5.361640e+00 0.000000e+00
      vertex   -7.628980e+00 8.605154e+00 0.000000e+00
      vertex   -4.749929e+00 5.804152e+00 0.000000e+00
    endloop
  endfacet
  facet normal 0.000000e+00 0.000000e+00 -1.000000e+00
    outer loop
      vertex   -4.749929e+00 5.804152e+00 0.000000e+00
      vertex   -7.628980e+00 8.605154e+00 0.000000e+00
      vertex   -7.004281e+00 9.120858e+00 0.000000e+00
    endloop
  endfacet
  facet normal 0.000000e+00 0.000000e+00 -1.000000e+00
    outer loop
      vertex   -4.749929e+00 5.804152e+00 0.000000e+00
      vertex   -7.004281e+00 9.120858e+00 0.000000e+00
      vertex   -4.218370e+00 6.201238e+00 0.000000e+00
    endloop
  endfacet
  facet normal 0.000000e+00 0.000000e+00 -1.000000e+00
    outer loop
      vertex   -4.218370e+00 6.201238e+00 0.000000e+00
      vertex   -7.004281e+00 9.120858e+00 0.000000e+00
      vertex   -6.344828e+00 9.591307e+00 0.000000e+00
    endloop
  endfacet
  facet normal 0.000000e+00 0.000000e+00 -1.000000e+00
    outer loop
      vertex   -4.218370e+00 6.201238e+00 0.000000e+00
      vertex   -6.344828e+00 9.591307e+00 0.000000e+00
      vertex   -6.046884e+00 9.816253e+00 0.000000e+00
    endloop
  endfacet
  facet normal 0.000000e+00 0.000000e+00 -1.000000e+00
    outer loop
      vertex   -4.218370e+00 6.201238e+00 0.000000e+00
      vertex   -6.046884e+00 9.816253e+00 0.000000e+00
      vertex   -3.653796e+00 6.549792e+00 0.000000e+00
    endloop
  endfacet
  facet normal 0.000000e+00 0.000000e+00 -1.000000e+00
    outer loop
      vertex   -3.653796e+00 6.549792e+00 0.000000e+00
      vertex   -6.046884e+00 9.816253e+00 0.000000e+00
      vertex   -5.779186e+00 1.007646e+01 0.000000e+00
    endloop
  endfacet
  facet normal 0.000000e+00 0.000000e+00 -1.000000e+00
    outer loop
      vertex   -3.653796e+00 6.549792e+00 0.000000e+00
      vertex   -5.779186e+00 1.007646e+01 0.000000e+00
      vertex   -3.060627e+00 6.847084e+00 0.000000e+00
    endloop
  endfacet
  facet normal 0.000000e+00 0.000000e+00 -1.000000e+00
    outer loop
      vertex   -3.060627e+00 6.847084e+00 0.000000e+00
      vertex   -5.779186e+00 1.007646e+01 0.000000e+00
      vertex   -5.545879e+00 1.036790e+01 0.000000e+00
    endloop
  endfacet
  facet normal 0.000000e+00 0.000000e+00 -1.000000e+00
    outer loop
      vertex   -3.060627e+00 6.847084e+00 0.000000e+00
      vertex   -5.545879e+00 1.036790e+01 0.000000e+00
      vertex   -2.443504e+00 7.090789e+00 0.000000e+00
    endloop
  endfacet
  facet normal 0.000000e+00 0.000000e+00 -1.000000e+00
    outer loop
      vertex   -2.443504e+00 7.090789e+00 0.000000e+00
      vertex   -5.545879e+00 1.036790e+01 0.000000e+00
      vertex   -5.350576e+00 1.068607e+01 0.000000e+00
    endloop
  endfacet
  facet normal 0.000000e+00 0.000000e+00 -1.000000e+00
    outer loop
      vertex   -2.443504e+00 7.090789e+00 0.000000e+00
      vertex   -5.350576e+00 1.068607e+01 0.000000e+00
      vertex   -5.196300e+00 1.102602e+01 0.000000e+00
    endloop
  endfacet
  facet normal 0.000000e+00 0.000000e+00 -1.000000e+00
    outer loop
      vertex   -2.443504e+00 7.090789e+00 0.000000e+00
      vertex   -5.196300e+00 1.102602e+01 0.000000e+00
      vertex   -1.807258e+00 7.278999e+00 0.000000e+00
    endloop
  endfacet
  facet normal 0.000000e+00 0.000000e+00 -1.000000e+00
    outer loop
      vertex   -1.807258e+00 7.278999e+00 0.000000e+00
      vertex   -5.196300e+00 1.102602e+01 0.000000e+00
      vertex   -5.085442e+00 1.138251e+01 0.000000e+00
    endloop
  endfacet
  facet normal 0.000000e+00 0.000000e+00 -1.000000e+00
    outer loop
      vertex   -1.807258e+00 7.278999e+00 0.000000e+00
      vertex   -5.085442e+00 1.138251e+01 0.000000e+00
      vertex   -1.156867e+00 7.410240e+00 0.000000e+00
    endloop
  endfacet
  facet normal 0.000000e+00 0.000000e+00 -1.000000e+00
    outer loop
      vertex   -1.156867e+00 7.410240e+00 0.000000e+00
      vertex   -5.085442e+00 1.138251e+01 0.000000e+00
      vertex   -5.019717e+00 1.175000e+01 0.000000e+00
    endloop
  endfacet
endsolid
