solid ASCII
  facet normal 1.065814e-14 -1.000000e+00 7.401489e-16
    outer loop
      vertex   6.161980e+01 -1.458254e+01 4.341180e+01
      vertex   6.361980e+01 -1.458254e+01 4.341180e+01
      vertex   6.161980e+01 -1.458254e+01 4.581180e+01
    endloop
  endfacet
  facet normal -8.881784e-16 -1.000000e+00 -8.881787e-15
    outer loop
      vertex   6.161980e+01 -1.458254e+01 4.581180e+01
      vertex   6.361980e+01 -1.458254e+01 4.341180e+01
      vertex   6.361980e+01 -1.458254e+01 4.581180e+01
    endloop
  endfacet
  facet normal -1.065814e-14 1.000000e+00 1.036208e-14
    outer loop
      vertex   6.361980e+01 -1.876465e+01 4.341180e+01
      vertex   6.161980e+01 -1.876465e+01 4.341180e+01
      vertex   6.361980e+01 -1.876465e+01 4.581180e+01
    endloop
  endfacet
  facet normal 3.552714e-15 1.000000e+00 -1.480298e-15
    outer loop
      vertex   6.361980e+01 -1.876465e+01 4.581180e+01
      vertex   6.161980e+01 -1.876465e+01 4.341180e+01
      vertex   6.161980e+01 -1.876465e+01 4.581180e+01
    endloop
  endfacet
  facet normal 3.552714e-15 -7.409607e-15 1.000000e+00
    outer loop
      vertex   6.361980e+01 -1.458254e+01 4.581180e+01
      vertex   6.361980e+01 -1.362360e+01 4.581180e+01
      vertex   6.161980e+01 -1.458254e+01 4.581180e+01
    endloop
  endfacet
  facet normal 3.552714e-15 -7.409607e-15 1.000000e+00
    outer loop
      vertex   6.161980e+01 -1.458254e+01 4.581180e+01
      vertex   6.361980e+01 -1.362360e+01 4.581180e+01
      vertex   6.161980e+01 -1.362360e+01 4.581180e+01
    endloop
  endfacet
  facet normal 2.131628e-14 1.462339e-15 1.000000e+00
    outer loop
      vertex   6.161980e+01 -1.876465e+01 4.581180e+01
      vertex   6.161980e+01 -2.362360e+01 4.581180e+01
      vertex   6.361980e+01 -1.876465e+01 4.581180e+01
    endloop
  endfacet
  facet normal 3.552714e-15 8.774033e-15 1.000000e+00
    outer loop
      vertex   6.361980e+01 -1.876465e+01 4.581180e+01
      vertex   6.161980e+01 -2.362360e+01 4.581180e+01
      vertex   6.361980e+01 -2.362360e+01 4.581180e+01
    endloop
  endfacet
  facet normal -3.552714e-15 0.000000e+00 -1.000000e+00
    outer loop
      vertex   6.161980e+01 -1.458254e+01 4.341180e+01
      vertex   6.161980e+01 -1.257360e+01 4.341180e+01
      vertex   6.361980e+01 -1.458254e+01 4.341180e+01
    endloop
  endfacet
  facet normal -3.552714e-15 7.539335e-29 -1.000000e+00
    outer loop
      vertex   6.361980e+01 -1.458254e+01 4.341180e+01
      vertex   6.161980e+01 -1.257360e+01 4.341180e+01
      vertex   6.361980e+01 -1.257360e+01 4.341180e+01
    endloop
  endfacet
  facet normal 5.767836e-15 9.961947e-01 -8.715574e-02
    outer loop
      vertex   6.161980e+01 -8.093212e+00 5.659098e+00
      vertex   6.361980e+01 -8.093212e+00 5.659098e+00
      vertex   6.161980e+01 -8.123596e+00 5.311802e+00
    endloop
  endfacet
  facet normal 4.844333e-15 9.961947e-01 -8.715574e-02
    outer loop
      vertex   6.161980e+01 -8.123596e+00 5.311802e+00
      vertex   6.361980e+01 -8.093212e+00 5.659098e+00
      vertex   6.361980e+01 -8.123596e+00 5.311802e+00
    endloop
  endfacet
  facet normal 5.773251e-15 9.961947e-01 8.715574e-02
    outer loop
      vertex   6.161980e+01 -8.123596e+00 5.311802e+00
      vertex   6.361980e+01 -8.123596e+00 5.311802e+00
      vertex   6.161980e+01 -8.093212e+00 4.964505e+00
    endloop
  endfacet
  facet normal 6.658050e-15 9.961947e-01 8.715574e-02
    outer loop
      vertex   6.161980e+01 -8.093212e+00 4.964505e+00
      vertex   6.361980e+01 -8.123596e+00 5.311802e+00
      vertex   6.361980e+01 -8.093212e+00 4.964505e+00
    endloop
  endfacet
  facet normal 7.384666e-15 9.659258e-01 2.588190e-01
    outer loop
      vertex   6.161980e+01 -8.093212e+00 4.964505e+00
      vertex   6.361980e+01 -8.093212e+00 4.964505e+00
      vertex   6.161980e+01 -8.002981e+00 4.627762e+00
    endloop
  endfacet
  facet normal 6.526752e-15 9.659258e-01 2.588190e-01
    outer loop
      vertex   6.161980e+01 -8.002981e+00 4.627762e+00
      vertex   6.361980e+01 -8.093212e+00 4.964505e+00
      vertex   6.361980e+01 -8.002981e+00 4.627762e+00
    endloop
  endfacet
  facet normal 7.081941e-15 9.063078e-01 4.226183e-01
    outer loop
      vertex   6.161980e+01 -8.002981e+00 4.627762e+00
      vertex   6.361980e+01 -8.002981e+00 4.627762e+00
      vertex   6.161980e+01 -7.855647e+00 4.311802e+00
    endloop
  endfacet
  facet normal 7.269621e-15 9.063078e-01 4.226183e-01
    outer loop
      vertex   6.161980e+01 -7.855647e+00 4.311802e+00
      vertex   6.361980e+01 -8.002981e+00 4.627762e+00
      vertex   6.361980e+01 -7.855647e+00 4.311802e+00
    endloop
  endfacet
  facet normal 7.676667e-15 8.191520e-01 5.735764e-01
    outer loop
      vertex   6.161980e+01 -7.855647e+00 4.311802e+00
      vertex   6.361980e+01 -7.855647e+00 4.311802e+00
      vertex   6.161980e+01 -7.655685e+00 4.026227e+00
    endloop
  endfacet
  facet normal 7.167229e-15 8.191520e-01 5.735764e-01
    outer loop
      vertex   6.161980e+01 -7.655685e+00 4.026227e+00
      vertex   6.361980e+01 -7.855647e+00 4.311802e+00
      vertex   6.361980e+01 -7.655685e+00 4.026227e+00
    endloop
  endfacet
  facet normal 7.222425e-15 7.071068e-01 7.071068e-01
    outer loop
      vertex   6.161980e+01 -7.655685e+00 4.026227e+00
      vertex   6.361980e+01 -7.655685e+00 4.026227e+00
      vertex   6.161980e+01 -7.409171e+00 3.779713e+00
    endloop
  endfacet
  facet normal 7.222425e-15 7.071068e-01 7.071068e-01
    outer loop
      vertex   6.161980e+01 -7.409171e+00 3.779713e+00
      vertex   6.361980e+01 -7.655685e+00 4.026227e+00
      vertex   6.361980e+01 -7.409171e+00 3.779713e+00
    endloop
  endfacet
  facet normal 7.058172e-15 5.735764e-01 8.191520e-01
    outer loop
      vertex   6.161980e+01 -7.409171e+00 3.779713e+00
      vertex   6.361980e+01 -7.409171e+00 3.779713e+00
      vertex   6.161980e+01 -7.123596e+00 3.579751e+00
    endloop
  endfacet
  facet normal 7.240060e-15 5.735764e-01 8.191520e-01
    outer loop
      vertex   6.161980e+01 -7.123596e+00 3.579751e+00
      vertex   6.361980e+01 -7.409171e+00 3.779713e+00
      vertex   6.361980e+01 -7.123596e+00 3.579751e+00
    endloop
  endfacet
  facet normal 6.880700e-15 4.226183e-01 9.063078e-01
    outer loop
      vertex   6.161980e+01 -7.123596e+00 3.579751e+00
      vertex   6.361980e+01 -7.123596e+00 3.579751e+00
      vertex   6.161980e+01 -6.807636e+00 3.432417e+00
    endloop
  endfacet
  facet normal 6.693020e-15 4.226183e-01 9.063078e-01
    outer loop
      vertex   6.161980e+01 -6.807636e+00 3.432417e+00
      vertex   6.361980e+01 -7.123596e+00 3.579751e+00
      vertex   6.361980e+01 -6.807636e+00 3.432417e+00
    endloop
  endfacet
  facet normal 6.197334e-15 2.588190e-01 9.659258e-01
    outer loop
      vertex   6.161980e+01 -6.807636e+00 3.432417e+00
      vertex   6.361980e+01 -6.807636e+00 3.432417e+00
      vertex   6.161980e+01 -6.470892e+00 3.342186e+00
    endloop
  endfacet
  facet normal 6.641691e-15 2.588190e-01 9.659258e-01
    outer loop
      vertex   6.161980e+01 -6.470892e+00 3.342186e+00
      vertex   6.361980e+01 -6.807636e+00 3.432417e+00
      vertex   6.361980e+01 -6.470892e+00 3.342186e+00
    endloop
  endfacet
  facet normal 5.811956e-15 8.715574e-02 9.961947e-01
    outer loop
      vertex   6.161980e+01 -6.470892e+00 3.342186e+00
      vertex   6.361980e+01 -6.470892e+00 3.342186e+00
      vertex   6.161980e+01 -6.123596e+00 3.311802e+00
    endloop
  endfacet
  facet normal 5.590756e-15 8.715574e-02 9.961947e-01
    outer loop
      vertex   6.161980e+01 -6.123596e+00 3.311802e+00
      vertex   6.361980e+01 -6.470892e+00 3.342186e+00
      vertex   6.361980e+01 -6.123596e+00 3.311802e+00
    endloop
  endfacet
  facet normal 4.584428e-15 -8.715574e-02 9.961947e-01
    outer loop
      vertex   6.161980e+01 -6.123596e+00 3.311802e+00
      vertex   6.361980e+01 -6.123596e+00 3.311802e+00
      vertex   6.161980e+01 -5.776300e+00 3.342186e+00
    endloop
  endfacet
  facet normal 4.844333e-15 -8.715574e-02 9.961947e-01
    outer loop
      vertex   6.161980e+01 -5.776300e+00 3.342186e+00
      vertex   6.361980e+01 -6.123596e+00 3.311802e+00
      vertex   6.361980e+01 -5.776300e+00 3.342186e+00
    endloop
  endfacet
  facet normal 3.768222e-15 -2.588190e-01 9.659258e-01
    outer loop
      vertex   6.161980e+01 -5.776300e+00 3.342186e+00
      vertex   6.361980e+01 -5.776300e+00 3.342186e+00
      vertex   6.161980e+01 -5.439556e+00 3.432417e+00
    endloop
  endfacet
  facet normal 3.454203e-15 -2.588190e-01 9.659258e-01
    outer loop
      vertex   6.161980e+01 -5.439556e+00 3.432417e+00
      vertex   6.361980e+01 -5.776300e+00 3.342186e+00
      vertex   6.361980e+01 -5.439556e+00 3.432417e+00
    endloop
  endfacet
  facet normal 2.362814e-15 -4.226183e-01 9.063078e-01
    outer loop
      vertex   6.161980e+01 -5.439556e+00 3.432417e+00
      vertex   6.361980e+01 -5.439556e+00 3.432417e+00
      vertex   6.161980e+01 -5.123596e+00 3.579751e+00
    endloop
  endfacet
  facet normal 1.987454e-15 -4.226183e-01 9.063078e-01
    outer loop
      vertex   6.161980e+01 -5.123596e+00 3.579751e+00
      vertex   6.361980e+01 -5.439556e+00 3.432417e+00
      vertex   6.361980e+01 -5.123596e+00 3.579751e+00
    endloop
  endfacet
  facet normal 6.901940e-16 -5.735764e-01 8.191520e-01
    outer loop
      vertex   6.161980e+01 -5.123596e+00 3.579751e+00
      vertex   6.361980e+01 -5.123596e+00 3.579751e+00
      vertex   6.161980e+01 -4.838021e+00 3.779713e+00
    endloop
  endfacet
  facet normal 6.901940e-16 -5.735764e-01 8.191520e-01
    outer loop
      vertex   6.161980e+01 -4.838021e+00 3.779713e+00
      vertex   6.361980e+01 -5.123596e+00 3.579751e+00
      vertex   6.361980e+01 -4.838021e+00 3.779713e+00
    endloop
  endfacet
  facet normal -6.280370e-16 -7.071068e-01 7.071068e-01
    outer loop
      vertex   6.161980e+01 -4.838021e+00 3.779713e+00
      vertex   6.361980e+01 -4.838021e+00 3.779713e+00
      vertex   6.161980e+01 -4.591507e+00 4.026227e+00
    endloop
  endfacet
  facet normal -6.280370e-16 -7.071068e-01 7.071068e-01
    outer loop
      vertex   6.161980e+01 -4.591507e+00 4.026227e+00
      vertex   6.361980e+01 -4.838021e+00 3.779713e+00
      vertex   6.361980e+01 -4.591507e+00 4.026227e+00
    endloop
  endfacet
  facet normal -1.927185e-15 -8.191520e-01 5.735764e-01
    outer loop
      vertex   6.161980e+01 -4.591507e+00 4.026227e+00
      vertex   6.361980e+01 -4.591507e+00 4.026227e+00
      vertex   6.161980e+01 -4.391545e+00 4.311802e+00
    endloop
  endfacet
  facet normal -1.672466e-15 -8.191520e-01 5.735764e-01
    outer loop
      vertex   6.161980e+01 -4.391545e+00 4.311802e+00
      vertex   6.361980e+01 -4.591507e+00 4.026227e+00
      vertex   6.361980e+01 -4.391545e+00 4.311802e+00
    endloop
  endfacet
  facet normal -2.980097e-15 -9.063078e-01 4.226183e-01
    outer loop
      vertex   6.161980e+01 -4.391545e+00 4.311802e+00
      vertex   6.361980e+01 -4.391545e+00 4.311802e+00
      vertex   6.161980e+01 -4.244211e+00 4.627762e+00
    endloop
  endfacet
  facet normal -3.167777e-15 -9.063078e-01 4.226183e-01
    outer loop
      vertex   6.161980e+01 -4.244211e+00 4.627762e+00
      vertex   6.361980e+01 -4.391545e+00 4.311802e+00
      vertex   6.361980e+01 -4.244211e+00 4.627762e+00
    endloop
  endfacet
  facet normal -4.312118e-15 -9.659258e-01 2.588190e-01
    outer loop
      vertex   6.161980e+01 -4.244211e+00 4.627762e+00
      vertex   6.361980e+01 -4.244211e+00 4.627762e+00
      vertex   6.161980e+01 -4.153981e+00 4.964505e+00
    endloop
  endfacet
  facet normal -3.883161e-15 -9.659258e-01 2.588190e-01
    outer loop
      vertex   6.161980e+01 -4.153981e+00 4.964505e+00
      vertex   6.361980e+01 -4.244211e+00 4.627762e+00
      vertex   6.361980e+01 -4.153981e+00 4.964505e+00
    endloop
  endfacet
  facet normal -4.883038e-15 -9.961947e-01 8.715574e-02
    outer loop
      vertex   6.161980e+01 -4.153981e+00 4.964505e+00
      vertex   6.361980e+01 -4.153981e+00 4.964505e+00
      vertex   6.161980e+01 -4.123596e+00 5.311802e+00
    endloop
  endfacet
  facet normal -5.286732e-15 -9.961947e-01 8.715574e-02
    outer loop
      vertex   6.161980e+01 -4.123596e+00 5.311802e+00
      vertex   6.361980e+01 -4.153981e+00 4.964505e+00
      vertex   6.361980e+01 -4.123596e+00 5.311802e+00
    endloop
  endfacet
  facet normal -6.215650e-15 -9.961947e-01 -8.715574e-02
    outer loop
      vertex   6.161980e+01 -4.123596e+00 5.311802e+00
      vertex   6.361980e+01 -4.123596e+00 5.311802e+00
      vertex   6.161980e+01 -4.153981e+00 5.659098e+00
    endloop
  endfacet
  facet normal -6.138240e-15 -9.961947e-01 -8.715574e-02
    outer loop
      vertex   6.161980e+01 -4.153981e+00 5.659098e+00
      vertex   6.361980e+01 -4.123596e+00 5.311802e+00
      vertex   6.361980e+01 -4.153981e+00 5.659098e+00
    endloop
  endfacet
  facet normal -6.725832e-15 -9.659258e-01 -2.588190e-01
    outer loop
      vertex   6.161980e+01 -4.153981e+00 5.659098e+00
      vertex   6.361980e+01 -4.153981e+00 5.659098e+00
      vertex   6.161980e+01 -4.244211e+00 5.995842e+00
    endloop
  endfacet
  facet normal -6.840770e-15 -9.659258e-01 -2.588190e-01
    outer loop
      vertex   6.161980e+01 -4.244211e+00 5.995842e+00
      vertex   6.361980e+01 -4.153981e+00 5.659098e+00
      vertex   6.361980e+01 -4.244211e+00 5.995842e+00
    endloop
  endfacet
  facet normal -7.296742e-15 -9.063078e-01 -4.226183e-01
    outer loop
      vertex   6.161980e+01 -4.244211e+00 5.995842e+00
      vertex   6.361980e+01 -4.244211e+00 5.995842e+00
      vertex   6.161980e+01 -4.391545e+00 6.311802e+00
    endloop
  endfacet
  facet normal -7.672102e-15 -9.063078e-01 -4.226183e-01
    outer loop
      vertex   6.161980e+01 -4.391545e+00 6.311802e+00
      vertex   6.361980e+01 -4.244211e+00 5.995842e+00
      vertex   6.361980e+01 -4.391545e+00 6.311802e+00
    endloop
  endfacet
  facet normal -8.040444e-15 -8.191520e-01 -5.735764e-01
    outer loop
      vertex   6.161980e+01 -4.391545e+00 6.311802e+00
      vertex   6.361980e+01 -4.391545e+00 6.311802e+00
      vertex   6.161980e+01 -4.591507e+00 6.597377e+00
    endloop
  endfacet
  facet normal -7.276287e-15 -8.191520e-01 -5.735764e-01
    outer loop
      vertex   6.161980e+01 -4.591507e+00 6.597377e+00
      vertex   6.361980e+01 -4.391545e+00 6.311802e+00
      vertex   6.361980e+01 -4.591507e+00 6.597377e+00
    endloop
  endfacet
  facet normal -7.222425e-15 -7.071068e-01 -7.071068e-01
    outer loop
      vertex   6.161980e+01 -4.591507e+00 6.597377e+00
      vertex   6.361980e+01 -4.591507e+00 6.597377e+00
      vertex   6.161980e+01 -4.838021e+00 6.843891e+00
    endloop
  endfacet
  facet normal -8.164481e-15 -7.071068e-01 -7.071068e-01
    outer loop
      vertex   6.161980e+01 -4.838021e+00 6.843891e+00
      vertex   6.361980e+01 -4.591507e+00 6.597377e+00
      vertex   6.361980e+01 -4.838021e+00 6.843891e+00
    endloop
  endfacet
  facet normal -8.040444e-15 -5.735764e-01 -8.191520e-01
    outer loop
      vertex   6.161980e+01 -4.838021e+00 6.843891e+00
      vertex   6.361980e+01 -4.838021e+00 6.843891e+00
      vertex   6.161980e+01 -5.123596e+00 7.043853e+00
    endloop
  endfacet
  facet normal -6.949114e-15 -5.735764e-01 -8.191520e-01
    outer loop
      vertex   6.161980e+01 -5.123596e+00 7.043853e+00
      vertex   6.361980e+01 -4.838021e+00 6.843891e+00
      vertex   6.361980e+01 -5.123596e+00 7.043853e+00
    endloop
  endfacet
  facet normal -6.464658e-15 -4.226183e-01 -9.063078e-01
    outer loop
      vertex   6.161980e+01 -5.123596e+00 7.043853e+00
      vertex   6.361980e+01 -5.123596e+00 7.043853e+00
      vertex   6.161980e+01 -5.439556e+00 7.191187e+00
    endloop
  endfacet
  facet normal -6.652338e-15 -4.226183e-01 -9.063078e-01
    outer loop
      vertex   6.161980e+01 -5.439556e+00 7.191187e+00
      vertex   6.361980e+01 -5.123596e+00 7.043853e+00
      vertex   6.361980e+01 -5.439556e+00 7.191187e+00
    endloop
  endfacet
  facet normal -5.898715e-15 -2.588190e-01 -9.659258e-01
    outer loop
      vertex   6.161980e+01 -5.439556e+00 7.191187e+00
      vertex   6.361980e+01 -5.439556e+00 7.191187e+00
      vertex   6.161980e+01 -5.776300e+00 7.281417e+00
    endloop
  endfacet
  facet normal -6.097795e-15 -2.588190e-01 -9.659258e-01
    outer loop
      vertex   6.161980e+01 -5.776300e+00 7.281417e+00
      vertex   6.361980e+01 -5.439556e+00 7.191187e+00
      vertex   6.361980e+01 -5.776300e+00 7.281417e+00
    endloop
  endfacet
  facet normal -5.330852e-15 -8.715574e-02 -9.961947e-01
    outer loop
      vertex   6.161980e+01 -5.776300e+00 7.281417e+00
      vertex   6.361980e+01 -5.776300e+00 7.281417e+00
      vertex   6.161980e+01 -6.123596e+00 7.311802e+00
    endloop
  endfacet
  facet normal -4.927157e-15 -8.715574e-02 -9.961947e-01
    outer loop
      vertex   6.161980e+01 -6.123596e+00 7.311802e+00
      vertex   6.361980e+01 -5.776300e+00 7.281417e+00
      vertex   6.361980e+01 -6.123596e+00 7.311802e+00
    endloop
  endfacet
  facet normal -3.920829e-15 8.715574e-02 -9.961947e-01
    outer loop
      vertex   6.161980e+01 -6.123596e+00 7.311802e+00
      vertex   6.361980e+01 -6.123596e+00 7.311802e+00
      vertex   6.161980e+01 -6.470892e+00 7.281417e+00
    endloop
  endfacet
  facet normal -4.363228e-15 8.715574e-02 -9.961947e-01
    outer loop
      vertex   6.161980e+01 -6.470892e+00 7.281417e+00
      vertex   6.361980e+01 -6.123596e+00 7.311802e+00
      vertex   6.361980e+01 -6.470892e+00 7.281417e+00
    endloop
  endfacet
  facet normal -3.224326e-15 2.588190e-01 -9.659258e-01
    outer loop
      vertex   6.161980e+01 -6.470892e+00 7.281417e+00
      vertex   6.361980e+01 -6.470892e+00 7.281417e+00
      vertex   6.161980e+01 -6.807636e+00 7.191187e+00
    endloop
  endfacet
  facet normal -3.653283e-15 2.588190e-01 -9.659258e-01
    outer loop
      vertex   6.161980e+01 -6.807636e+00 7.191187e+00
      vertex   6.361980e+01 -6.470892e+00 7.281417e+00
      vertex   6.361980e+01 -6.807636e+00 7.191187e+00
    endloop
  endfacet
  facet normal -2.389935e-15 4.226183e-01 -9.063078e-01
    outer loop
      vertex   6.161980e+01 -6.807636e+00 7.191187e+00
      vertex   6.361980e+01 -6.807636e+00 7.191187e+00
      vertex   6.161980e+01 -7.123596e+00 7.043853e+00
    endloop
  endfacet
  facet normal -1.772653e-15 4.226183e-01 -9.063078e-01
    outer loop
      vertex   6.161980e+01 -7.123596e+00 7.043853e+00
      vertex   6.361980e+01 -6.807636e+00 7.191187e+00
      vertex   6.361980e+01 -7.123596e+00 7.043853e+00
    endloop
  endfacet
  facet normal -5.811366e-16 5.735764e-01 -8.191520e-01
    outer loop
      vertex   6.161980e+01 -7.123596e+00 7.043853e+00
      vertex   6.361980e+01 -7.123596e+00 7.043853e+00
      vertex   6.161980e+01 -7.409171e+00 6.843891e+00
    endloop
  endfacet
  facet normal -1.308690e-15 5.735764e-01 -8.191520e-01
    outer loop
      vertex   6.161980e+01 -7.409171e+00 6.843891e+00
      vertex   6.361980e+01 -7.123596e+00 7.043853e+00
      vertex   6.361980e+01 -7.409171e+00 6.843891e+00
    endloop
  endfacet
  facet normal -1.357675e-29 7.071068e-01 -7.071068e-01
    outer loop
      vertex   6.161980e+01 -7.409171e+00 6.843891e+00
      vertex   6.361980e+01 -7.409171e+00 6.843891e+00
      vertex   6.161980e+01 -7.655685e+00 6.597377e+00
    endloop
  endfacet
  facet normal 3.140185e-16 7.071068e-01 -7.071068e-01
    outer loop
      vertex   6.161980e+01 -7.655685e+00 6.597377e+00
      vertex   6.361980e+01 -7.409171e+00 6.843891e+00
      vertex   6.361980e+01 -7.655685e+00 6.597377e+00
    endloop
  endfacet
  facet normal 1.563409e-15 8.191520e-01 -5.735764e-01
    outer loop
      vertex   6.161980e+01 -7.655685e+00 6.597377e+00
      vertex   6.361980e+01 -7.655685e+00 6.597377e+00
      vertex   6.161980e+01 -7.855647e+00 6.311802e+00
    endloop
  endfacet
  facet normal 2.036243e-15 8.191520e-01 -5.735764e-01
    outer loop
      vertex   6.161980e+01 -7.855647e+00 6.311802e+00
      vertex   6.361980e+01 -7.655685e+00 6.597377e+00
      vertex   6.361980e+01 -7.855647e+00 6.311802e+00
    endloop
  endfacet
  facet normal 3.382579e-15 9.063078e-01 -4.226183e-01
    outer loop
      vertex   6.161980e+01 -7.855647e+00 6.311802e+00
      vertex   6.361980e+01 -7.855647e+00 6.311802e+00
      vertex   6.161980e+01 -8.002981e+00 5.995842e+00
    endloop
  endfacet
  facet normal 2.389935e-15 9.063078e-01 -4.226183e-01
    outer loop
      vertex   6.161980e+01 -8.002981e+00 5.995842e+00
      vertex   6.361980e+01 -7.855647e+00 6.311802e+00
      vertex   6.361980e+01 -8.002981e+00 5.995842e+00
    endloop
  endfacet
  facet normal 3.653283e-15 9.659258e-01 -2.588190e-01
    outer loop
      vertex   6.161980e+01 -8.002981e+00 5.995842e+00
      vertex   6.361980e+01 -8.002981e+00 5.995842e+00
      vertex   6.161980e+01 -8.093212e+00 5.659098e+00
    endloop
  endfacet
  facet normal 4.741075e-15 9.659258e-01 -2.588190e-01
    outer loop
      vertex   6.161980e+01 -8.093212e+00 5.659098e+00
      vertex   6.361980e+01 -8.002981e+00 5.995842e+00
      vertex   6.361980e+01 -8.093212e+00 5.659098e+00
    endloop
  endfacet
  facet normal 4.993637e-15 9.961947e-01 -8.715574e-02
    outer loop
      vertex   6.161980e+01 -1.393212e+00 5.659098e+00
      vertex   6.361980e+01 -1.393212e+00 5.659098e+00
      vertex   6.161980e+01 -1.423596e+00 5.311802e+00
    endloop
  endfacet
  facet normal 4.993637e-15 9.961947e-01 -8.715574e-02
    outer loop
      vertex   6.161980e+01 -1.423596e+00 5.311802e+00
      vertex   6.361980e+01 -1.393212e+00 5.659098e+00
      vertex   6.361980e+01 -1.423596e+00 5.311802e+00
    endloop
  endfacet
  facet normal 5.845146e-15 9.961947e-01 8.715574e-02
    outer loop
      vertex   6.161980e+01 -1.423596e+00 5.311802e+00
      vertex   6.361980e+01 -1.423596e+00 5.311802e+00
      vertex   6.161980e+01 -1.393212e+00 4.964505e+00
    endloop
  endfacet
  facet normal 5.883851e-15 9.961947e-01 8.715574e-02
    outer loop
      vertex   6.161980e+01 -1.393212e+00 4.964505e+00
      vertex   6.361980e+01 -1.423596e+00 5.311802e+00
      vertex   6.361980e+01 -1.393212e+00 4.964505e+00
    endloop
  endfacet
  facet normal 6.633991e-15 9.659258e-01 2.588190e-01
    outer loop
      vertex   6.161980e+01 -1.393212e+00 4.964505e+00
      vertex   6.361980e+01 -1.393212e+00 4.964505e+00
      vertex   6.161980e+01 -1.302981e+00 4.627762e+00
    endloop
  endfacet
  facet normal 6.641691e-15 9.659258e-01 2.588190e-01
    outer loop
      vertex   6.161980e+01 -1.302981e+00 4.627762e+00
      vertex   6.361980e+01 -1.393212e+00 4.964505e+00
      vertex   6.361980e+01 -1.302981e+00 4.627762e+00
    endloop
  endfacet
  facet normal 7.269621e-15 9.063078e-01 4.226183e-01
    outer loop
      vertex   6.161980e+01 -1.302981e+00 4.627762e+00
      vertex   6.361980e+01 -1.302981e+00 4.627762e+00
      vertex   6.161980e+01 -1.155647e+00 4.311802e+00
    endloop
  endfacet
  facet normal 6.981320e-15 9.063078e-01 4.226183e-01
    outer loop
      vertex   6.161980e+01 -1.155647e+00 4.311802e+00
      vertex   6.361980e+01 -1.302981e+00 4.627762e+00
      vertex   6.361980e+01 -1.155647e+00 4.311802e+00
    endloop
  endfacet
  facet normal 7.331004e-15 8.191520e-01 5.735764e-01
    outer loop
      vertex   6.161980e+01 -1.155647e+00 4.311802e+00
      vertex   6.361980e+01 -1.155647e+00 4.311802e+00
      vertex   6.161980e+01 -9.556850e-01 4.026227e+00
    endloop
  endfacet
  facet normal 7.212701e-15 8.191520e-01 5.735764e-01
    outer loop
      vertex   6.161980e+01 -9.556850e-01 4.026227e+00
      vertex   6.361980e+01 -1.155647e+00 4.311802e+00
      vertex   6.361980e+01 -9.556850e-01 4.026227e+00
    endloop
  endfacet
  facet normal 7.261678e-15 7.071068e-01 7.071068e-01
    outer loop
      vertex   6.161980e+01 -9.556850e-01 4.026227e+00
      vertex   6.361980e+01 -9.556850e-01 4.026227e+00
      vertex   6.161980e+01 -7.091713e-01 3.779713e+00
    endloop
  endfacet
  facet normal 7.261678e-15 7.071068e-01 7.071068e-01
    outer loop
      vertex   6.161980e+01 -7.091713e-01 3.779713e+00
      vertex   6.361980e+01 -9.556850e-01 4.026227e+00
      vertex   6.361980e+01 -7.091713e-01 3.779713e+00
    endloop
  endfacet
  facet normal 7.090012e-15 5.735764e-01 8.191520e-01
    outer loop
      vertex   6.161980e+01 -7.091713e-01 3.779713e+00
      vertex   6.361980e+01 -7.091713e-01 3.779713e+00
      vertex   6.161980e+01 -4.235961e-01 3.579751e+00
    endloop
  endfacet
  facet normal 7.287820e-15 5.735764e-01 8.191520e-01
    outer loop
      vertex   6.161980e+01 -4.235961e-01 3.579751e+00
      vertex   6.361980e+01 -7.091713e-01 3.779713e+00
      vertex   6.361980e+01 -4.235961e-01 3.579751e+00
    endloop
  endfacet
  facet normal 6.915890e-15 4.226183e-01 9.063078e-01
    outer loop
      vertex   6.161980e+01 -4.235961e-01 3.579751e+00
      vertex   6.361980e+01 -4.235961e-01 3.579751e+00
      vertex   6.161980e+01 -1.076364e-01 3.432417e+00
    endloop
  endfacet
  facet normal 6.710615e-15 4.226183e-01 9.063078e-01
    outer loop
      vertex   6.161980e+01 -1.076364e-01 3.432417e+00
      vertex   6.361980e+01 -4.235961e-01 3.579751e+00
      vertex   6.361980e+01 -1.076364e-01 3.432417e+00
    endloop
  endfacet
  facet normal 6.208110e-15 2.588190e-01 9.659258e-01
    outer loop
      vertex   6.161980e+01 -1.076364e-01 3.432417e+00
      vertex   6.361980e+01 -1.076364e-01 3.432417e+00
      vertex   6.161980e+01 2.291075e-01 3.342186e+00
    endloop
  endfacet
  facet normal 6.498017e-15 2.588190e-01 9.659258e-01
    outer loop
      vertex   6.161980e+01 2.291075e-01 3.342186e+00
      vertex   6.361980e+01 -1.076364e-01 3.432417e+00
      vertex   6.361980e+01 2.291075e-01 3.342186e+00
    endloop
  endfacet
  facet normal 5.763575e-15 8.715574e-02 9.961947e-01
    outer loop
      vertex   6.161980e+01 2.291075e-01 3.342186e+00
      vertex   6.361980e+01 2.291075e-01 3.342186e+00
      vertex   6.161980e+01 5.764039e-01 3.311802e+00
    endloop
  endfacet
  facet normal 5.335690e-15 8.715574e-02 9.961947e-01
    outer loop
      vertex   6.161980e+01 5.764039e-01 3.311802e+00
      vertex   6.361980e+01 2.291075e-01 3.342186e+00
      vertex   6.361980e+01 5.764039e-01 3.311802e+00
    endloop
  endfacet
  facet normal 4.397095e-15 -8.715574e-02 9.961947e-01
    outer loop
      vertex   6.161980e+01 5.764039e-01 3.311802e+00
      vertex   6.361980e+01 5.764039e-01 3.311802e+00
      vertex   6.161980e+01 9.237002e-01 3.342186e+00
    endloop
  endfacet
  facet normal 4.820142e-15 -8.715574e-02 9.961947e-01
    outer loop
      vertex   6.161980e+01 9.237002e-01 3.342186e+00
      vertex   6.361980e+01 5.764039e-01 3.311802e+00
      vertex   6.361980e+01 9.237002e-01 3.342186e+00
    endloop
  endfacet
  facet normal 3.696385e-15 -2.588190e-01 9.659258e-01
    outer loop
      vertex   6.161980e+01 9.237002e-01 3.342186e+00
      vertex   6.361980e+01 9.237002e-01 3.342186e+00
      vertex   6.161980e+01 1.260444e+00 3.432417e+00
    endloop
  endfacet
  facet normal 3.668682e-15 -2.588190e-01 9.659258e-01
    outer loop
      vertex   6.161980e+01 1.260444e+00 3.432417e+00
      vertex   6.361980e+01 9.237002e-01 3.342186e+00
      vertex   6.361980e+01 1.260444e+00 3.432417e+00
    endloop
  endfacet
  facet normal 2.564055e-15 -4.226183e-01 9.063078e-01
    outer loop
      vertex   6.161980e+01 1.260444e+00 3.432417e+00
      vertex   6.361980e+01 1.260444e+00 3.432417e+00
      vertex   6.161980e+01 1.576404e+00 3.579751e+00
    endloop
  endfacet
  facet normal 2.362814e-15 -4.226183e-01 9.063078e-01
    outer loop
      vertex   6.161980e+01 1.576404e+00 3.579751e+00
      vertex   6.361980e+01 1.260444e+00 3.432417e+00
      vertex   6.361980e+01 1.576404e+00 3.579751e+00
    endloop
  endfacet
  facet normal 1.199632e-15 -5.735764e-01 8.191520e-01
    outer loop
      vertex   6.161980e+01 1.576404e+00 3.579751e+00
      vertex   6.361980e+01 1.576404e+00 3.579751e+00
      vertex   6.161980e+01 1.861979e+00 3.779713e+00
    endloop
  endfacet
  facet normal 9.449131e-16 -5.735764e-01 8.191520e-01
    outer loop
      vertex   6.161980e+01 1.861979e+00 3.779713e+00
      vertex   6.361980e+01 1.576404e+00 3.579751e+00
      vertex   6.361980e+01 1.861979e+00 3.779713e+00
    endloop
  endfacet
  facet normal -3.140185e-16 -7.071068e-01 7.071068e-01
    outer loop
      vertex   6.161980e+01 1.861979e+00 3.779713e+00
      vertex   6.361980e+01 1.861979e+00 3.779713e+00
      vertex   6.161980e+01 2.108493e+00 4.026227e+00
    endloop
  endfacet
  facet normal -3.140185e-16 -7.071068e-01 7.071068e-01
    outer loop
      vertex   6.161980e+01 2.108493e+00 4.026227e+00
      vertex   6.361980e+01 1.861979e+00 3.779713e+00
      vertex   6.361980e+01 2.108493e+00 4.026227e+00
    endloop
  endfacet
  facet normal -1.563409e-15 -8.191520e-01 5.735764e-01
    outer loop
      vertex   6.161980e+01 2.108493e+00 4.026227e+00
      vertex   6.361980e+01 2.108493e+00 4.026227e+00
      vertex   6.161980e+01 2.308455e+00 4.311802e+00
    endloop
  endfacet
  facet normal -1.563409e-15 -8.191520e-01 5.735764e-01
    outer loop
      vertex   6.161980e+01 2.308455e+00 4.311802e+00
      vertex   6.361980e+01 2.108493e+00 4.026227e+00
      vertex   6.361980e+01 2.308455e+00 4.311802e+00
    endloop
  endfacet
  facet normal -2.765296e-15 -9.063078e-01 4.226183e-01
    outer loop
      vertex   6.161980e+01 2.308455e+00 4.311802e+00
      vertex   6.361980e+01 2.308455e+00 4.311802e+00
      vertex   6.161980e+01 2.455789e+00 4.627762e+00
    endloop
  endfacet
  facet normal -2.765296e-15 -9.063078e-01 4.226183e-01
    outer loop
      vertex   6.161980e+01 2.455789e+00 4.627762e+00
      vertex   6.361980e+01 2.308455e+00 4.311802e+00
      vertex   6.361980e+01 2.455789e+00 4.627762e+00
    endloop
  endfacet
  facet normal -3.883161e-15 -9.659258e-01 2.588190e-01
    outer loop
      vertex   6.161980e+01 2.455789e+00 4.627762e+00
      vertex   6.361980e+01 2.455789e+00 4.627762e+00
      vertex   6.161980e+01 2.546019e+00 4.964505e+00
    endloop
  endfacet
  facet normal -3.998099e-15 -9.659258e-01 2.588190e-01
    outer loop
      vertex   6.161980e+01 2.546019e+00 4.964505e+00
      vertex   6.361980e+01 2.455789e+00 4.627762e+00
      vertex   6.361980e+01 2.546019e+00 4.964505e+00
    endloop
  endfacet
  facet normal -4.921743e-15 -9.961947e-01 8.715574e-02
    outer loop
      vertex   6.161980e+01 2.546019e+00 4.964505e+00
      vertex   6.361980e+01 2.546019e+00 4.964505e+00
      vertex   6.161980e+01 2.576404e+00 5.311802e+00
    endloop
  endfacet
  facet normal -5.104237e-15 -9.961947e-01 8.715574e-02
    outer loop
      vertex   6.161980e+01 2.576404e+00 5.311802e+00
      vertex   6.361980e+01 2.546019e+00 4.964505e+00
      vertex   6.361980e+01 2.576404e+00 5.311802e+00
    endloop
  endfacet
  facet normal -5.955746e-15 -9.961947e-01 -8.715574e-02
    outer loop
      vertex   6.161980e+01 2.576404e+00 5.311802e+00
      vertex   6.361980e+01 2.576404e+00 5.311802e+00
      vertex   6.161980e+01 2.546019e+00 5.659098e+00
    endloop
  endfacet
  facet normal -5.917041e-15 -9.961947e-01 -8.715574e-02
    outer loop
      vertex   6.161980e+01 2.546019e+00 5.659098e+00
      vertex   6.361980e+01 2.576404e+00 5.311802e+00
      vertex   6.361980e+01 2.546019e+00 5.659098e+00
    endloop
  endfacet
  facet normal -6.511353e-15 -9.659258e-01 -2.588190e-01
    outer loop
      vertex   6.161980e+01 2.546019e+00 5.659098e+00
      vertex   6.361980e+01 2.546019e+00 5.659098e+00
      vertex   6.161980e+01 2.455789e+00 5.995842e+00
    endloop
  endfacet
  facet normal -6.411813e-15 -9.659258e-01 -2.588190e-01
    outer loop
      vertex   6.161980e+01 2.455789e+00 5.995842e+00
      vertex   6.361980e+01 2.546019e+00 5.659098e+00
      vertex   6.361980e+01 2.455789e+00 5.995842e+00
    endloop
  endfacet
  facet normal -6.894260e-15 -9.063078e-01 -4.226183e-01
    outer loop
      vertex   6.161980e+01 2.455789e+00 5.995842e+00
      vertex   6.361980e+01 2.455789e+00 5.995842e+00
      vertex   6.161980e+01 2.308455e+00 6.311802e+00
    endloop
  endfacet
  facet normal -7.081941e-15 -9.063078e-01 -4.226183e-01
    outer loop
      vertex   6.161980e+01 2.308455e+00 6.311802e+00
      vertex   6.361980e+01 2.455789e+00 5.995842e+00
      vertex   6.361980e+01 2.308455e+00 6.311802e+00
    endloop
  endfacet
  facet normal -7.421948e-15 -8.191520e-01 -5.735764e-01
    outer loop
      vertex   6.161980e+01 2.308455e+00 6.311802e+00
      vertex   6.361980e+01 2.308455e+00 6.311802e+00
      vertex   6.161980e+01 2.108493e+00 6.597377e+00
    endloop
  endfacet
  facet normal -6.912510e-15 -8.191520e-01 -5.735764e-01
    outer loop
      vertex   6.161980e+01 2.108493e+00 6.597377e+00
      vertex   6.361980e+01 2.308455e+00 6.311802e+00
      vertex   6.361980e+01 2.108493e+00 6.597377e+00
    endloop
  endfacet
  facet normal -6.908407e-15 -7.071068e-01 -7.071068e-01
    outer loop
      vertex   6.161980e+01 2.108493e+00 6.597377e+00
      vertex   6.361980e+01 2.108493e+00 6.597377e+00
      vertex   6.161980e+01 1.861979e+00 6.843891e+00
    endloop
  endfacet
  facet normal -7.850462e-15 -7.071068e-01 -7.071068e-01
    outer loop
      vertex   6.161980e+01 1.861979e+00 6.843891e+00
      vertex   6.361980e+01 2.108493e+00 6.597377e+00
      vertex   6.361980e+01 1.861979e+00 6.843891e+00
    endloop
  endfacet
  facet normal -7.785725e-15 -5.735764e-01 -8.191520e-01
    outer loop
      vertex   6.161980e+01 1.861979e+00 6.843891e+00
      vertex   6.361980e+01 1.861979e+00 6.843891e+00
      vertex   6.161980e+01 1.576404e+00 7.043853e+00
    endloop
  endfacet
  facet normal -7.076474e-15 -5.735764e-01 -8.191520e-01
    outer loop
      vertex   6.161980e+01 1.576404e+00 7.043853e+00
      vertex   6.361980e+01 1.861979e+00 6.843891e+00
      vertex   6.361980e+01 1.576404e+00 7.043853e+00
    endloop
  endfacet
  facet normal -6.558498e-15 -4.226183e-01 -9.063078e-01
    outer loop
      vertex   6.161980e+01 1.576404e+00 7.043853e+00
      vertex   6.361980e+01 1.576404e+00 7.043853e+00
      vertex   6.161980e+01 1.260444e+00 7.191187e+00
    endloop
  endfacet
  facet normal -6.960979e-15 -4.226183e-01 -9.063078e-01
    outer loop
      vertex   6.161980e+01 1.260444e+00 7.191187e+00
      vertex   6.361980e+01 1.576404e+00 7.043853e+00
      vertex   6.361980e+01 1.260444e+00 7.191187e+00
    endloop
  endfacet
  facet normal -6.270203e-15 -2.588190e-01 -9.659258e-01
    outer loop
      vertex   6.161980e+01 1.260444e+00 7.191187e+00
      vertex   6.361980e+01 1.260444e+00 7.191187e+00
      vertex   6.161980e+01 9.237002e-01 7.281417e+00
    endloop
  endfacet
  facet normal -6.069060e-15 -2.588190e-01 -9.659258e-01
    outer loop
      vertex   6.161980e+01 9.237002e-01 7.281417e+00
      vertex   6.361980e+01 1.260444e+00 7.191187e+00
      vertex   6.361980e+01 9.237002e-01 7.281417e+00
    endloop
  endfacet
  facet normal -5.321175e-15 -8.715574e-02 -9.961947e-01
    outer loop
      vertex   6.161980e+01 9.237002e-01 7.281417e+00
      vertex   6.361980e+01 9.237002e-01 7.281417e+00
      vertex   6.161980e+01 5.764039e-01 7.311802e+00
    endloop
  endfacet
  facet normal -5.335690e-15 -8.715574e-02 -9.961947e-01
    outer loop
      vertex   6.161980e+01 5.764039e-01 7.311802e+00
      vertex   6.361980e+01 9.237002e-01 7.281417e+00
      vertex   6.361980e+01 5.764039e-01 7.311802e+00
    endloop
  endfacet
  facet normal -4.397095e-15 8.715574e-02 -9.961947e-01
    outer loop
      vertex   6.161980e+01 5.764039e-01 7.311802e+00
      vertex   6.361980e+01 5.764039e-01 7.311802e+00
      vertex   6.161980e+01 2.291075e-01 7.281417e+00
    endloop
  endfacet
  facet normal -4.377743e-15 8.715574e-02 -9.961947e-01
    outer loop
      vertex   6.161980e+01 2.291075e-01 7.281417e+00
      vertex   6.361980e+01 5.764039e-01 7.311802e+00
      vertex   6.361980e+01 2.291075e-01 7.281417e+00
    endloop
  endfacet
  facet normal -3.267428e-15 2.588190e-01 -9.659258e-01
    outer loop
      vertex   6.161980e+01 2.291075e-01 7.281417e+00
      vertex   6.361980e+01 2.291075e-01 7.281417e+00
      vertex   6.161980e+01 -1.076364e-01 7.191187e+00
    endloop
  endfacet
  facet normal -3.191999e-15 2.588190e-01 -9.659258e-01
    outer loop
      vertex   6.161980e+01 -1.076364e-01 7.191187e+00
      vertex   6.361980e+01 2.291075e-01 7.281417e+00
      vertex   6.361980e+01 -1.076364e-01 7.191187e+00
    endloop
  endfacet
  facet normal -1.934669e-15 4.226183e-01 -9.063078e-01
    outer loop
      vertex   6.161980e+01 -1.076364e-01 7.191187e+00
      vertex   6.361980e+01 -1.076364e-01 7.191187e+00
      vertex   6.161980e+01 -4.235961e-01 7.043853e+00
    endloop
  endfacet
  facet normal -2.139944e-15 4.226183e-01 -9.063078e-01
    outer loop
      vertex   6.161980e+01 -4.235961e-01 7.043853e+00
      vertex   6.361980e+01 -1.076364e-01 7.191187e+00
      vertex   6.361980e+01 -4.235961e-01 7.043853e+00
    endloop
  endfacet
  facet normal -8.971533e-16 5.735764e-01 -8.191520e-01
    outer loop
      vertex   6.161980e+01 -4.235961e-01 7.043853e+00
      vertex   6.361980e+01 -4.235961e-01 7.043853e+00
      vertex   6.161980e+01 -7.091713e-01 6.843891e+00
    endloop
  endfacet
  facet normal -9.130733e-16 5.735764e-01 -8.191520e-01
    outer loop
      vertex   6.161980e+01 -7.091713e-01 6.843891e+00
      vertex   6.361980e+01 -4.235961e-01 7.043853e+00
      vertex   6.361980e+01 -7.091713e-01 6.843891e+00
    endloop
  endfacet
  facet normal 3.532708e-16 7.071068e-01 -7.071068e-01
    outer loop
      vertex   6.161980e+01 -7.091713e-01 6.843891e+00
      vertex   6.361980e+01 -7.091713e-01 6.843891e+00
      vertex   6.161980e+01 -9.556850e-01 6.597377e+00
    endloop
  endfacet
  facet normal 6.672893e-16 7.071068e-01 -7.071068e-01
    outer loop
      vertex   6.161980e+01 -9.556850e-01 6.597377e+00
      vertex   6.361980e+01 -7.091713e-01 6.843891e+00
      vertex   6.361980e+01 -9.556850e-01 6.597377e+00
    endloop
  endfacet
  facet normal 1.863600e-15 8.191520e-01 -5.735764e-01
    outer loop
      vertex   6.161980e+01 -9.556850e-01 6.597377e+00
      vertex   6.361980e+01 -9.556850e-01 6.597377e+00
      vertex   6.161980e+01 -1.155647e+00 6.311802e+00
    endloop
  endfacet
  facet normal 1.326803e-15 8.191520e-01 -5.735764e-01
    outer loop
      vertex   6.161980e+01 -1.155647e+00 6.311802e+00
      vertex   6.361980e+01 -9.556850e-01 6.597377e+00
      vertex   6.361980e+01 -1.155647e+00 6.311802e+00
    endloop
  endfacet
  facet normal 2.691797e-15 9.063078e-01 -4.226183e-01
    outer loop
      vertex   6.161980e+01 -1.155647e+00 6.311802e+00
      vertex   6.361980e+01 -1.155647e+00 6.311802e+00
      vertex   6.161980e+01 -1.302981e+00 5.995842e+00
    endloop
  endfacet
  facet normal 2.778856e-15 9.063078e-01 -4.226183e-01
    outer loop
      vertex   6.161980e+01 -1.302981e+00 5.995842e+00
      vertex   6.361980e+01 -1.155647e+00 6.311802e+00
      vertex   6.361980e+01 -1.302981e+00 5.995842e+00
    endloop
  endfacet
  facet normal 3.982701e-15 9.659258e-01 -2.588190e-01
    outer loop
      vertex   6.161980e+01 -1.302981e+00 5.995842e+00
      vertex   6.361980e+01 -1.302981e+00 5.995842e+00
      vertex   6.161980e+01 -1.393212e+00 5.659098e+00
    endloop
  endfacet
  facet normal 3.990400e-15 9.659258e-01 -2.588190e-01
    outer loop
      vertex   6.161980e+01 -1.393212e+00 5.659098e+00
      vertex   6.361980e+01 -1.302981e+00 5.995842e+00
      vertex   6.361980e+01 -1.393212e+00 5.659098e+00
    endloop
  endfacet
  facet normal 4.440892e-15 5.329071e-16 1.000000e+00
    outer loop
      vertex   6.161980e+01 1.588782e+01 1.331180e+01
      vertex   6.161980e+01 5.887825e+00 1.331180e+01
      vertex   6.361980e+01 1.588782e+01 1.331180e+01
    endloop
  endfacet
  facet normal 5.329071e-15 3.552714e-16 1.000000e+00
    outer loop
      vertex   6.361980e+01 1.588782e+01 1.331180e+01
      vertex   6.161980e+01 5.887825e+00 1.331180e+01
      vertex   6.361980e+01 5.887825e+00 1.331180e+01
    endloop
  endfacet
  facet normal 1.000000e+00 -1.061067e-14 5.921191e-15
    outer loop
      vertex   6.361980e+01 -1.876465e+01 4.341180e+01
      vertex   6.361980e+01 -1.876465e+01 4.581180e+01
      vertex   6.361980e+01 -2.077360e+01 4.341180e+01
    endloop
  endfacet
  facet normal 1.000000e+00 -1.462339e-15 -1.736528e-15
    outer loop
      vertex   6.361980e+01 -2.077360e+01 4.341180e+01
      vertex   6.361980e+01 -1.876465e+01 4.581180e+01
      vertex   6.361980e+01 -2.362360e+01 4.581180e+01
    endloop
  endfacet
  facet normal 1.000000e+00 -3.590110e-15 -4.263256e-15
    outer loop
      vertex   6.361980e+01 -2.077360e+01 4.341180e+01
      vertex   6.361980e+01 -2.362360e+01 4.581180e+01
      vertex   6.361980e+01 -2.077360e+01 3.841180e+01
    endloop
  endfacet
  facet normal 1.000000e+00 1.028180e-14 1.079305e-15
    outer loop
      vertex   6.361980e+01 -2.077360e+01 3.841180e+01
      vertex   6.361980e+01 -2.362360e+01 4.581180e+01
      vertex   6.361980e+01 -2.362360e+01 6.311802e+00
    endloop
  endfacet
  facet normal 1.000000e+00 -3.873614e-15 2.336095e-15
    outer loop
      vertex   6.361980e+01 -2.077360e+01 3.841180e+01
      vertex   6.361980e+01 -2.362360e+01 6.311802e+00
      vertex   6.361980e+01 -1.445202e+01 6.311802e+00
    endloop
  endfacet
  facet normal 1.000000e+00 2.473714e-14 3.331415e-14
    outer loop
      vertex   6.361980e+01 -1.362360e+01 5.483375e+00
      vertex   6.361980e+01 -7.655685e+00 6.597377e+00
      vertex   6.361980e+01 -1.445202e+01 6.311802e+00
    endloop
  endfacet
  facet normal 1.000000e+00 2.728339e-14 -2.728339e-14
    outer loop
      vertex   6.361980e+01 -1.445202e+01 6.311802e+00
      vertex   6.361980e+01 -7.655685e+00 6.597377e+00
      vertex   6.361980e+01 -7.409171e+00 6.843891e+00
    endloop
  endfacet
  facet normal 1.000000e+00 2.638665e-14 -1.541396e-14
    outer loop
      vertex   6.361980e+01 -1.445202e+01 6.311802e+00
      vertex   6.361980e+01 -7.409171e+00 6.843891e+00
      vertex   6.361980e+01 -4.893219e+00 1.483866e+01
    endloop
  endfacet
  facet normal 1.000000e+00 1.601345e-14 -1.214951e-14
    outer loop
      vertex   6.361980e+01 -4.893219e+00 1.483866e+01
      vertex   6.361980e+01 -7.409171e+00 6.843891e+00
      vertex   6.361980e+01 -4.802587e+00 1.437328e+01
    endloop
  endfacet
  facet normal 1.000000e+00 6.105445e-15 -8.719479e-15
    outer loop
      vertex   6.361980e+01 -4.802587e+00 1.437328e+01
      vertex   6.361980e+01 -7.409171e+00 6.843891e+00
      vertex   6.361980e+01 -7.123596e+00 7.043853e+00
    endloop
  endfacet
  facet normal 1.000000e+00 -2.267185e-14 3.934259e-16
    outer loop
      vertex   6.361980e+01 -4.802587e+00 1.437328e+01
      vertex   6.361980e+01 -7.123596e+00 7.043853e+00
      vertex   6.361980e+01 -6.807636e+00 7.191187e+00
    endloop
  endfacet
  facet normal 1.000000e+00 3.558755e-14 1.252814e-15
    outer loop
      vertex   6.361980e+01 -1.362360e+01 -1.881983e-01
      vertex   6.361980e+01 -8.002981e+00 4.627762e+00
      vertex   6.361980e+01 -1.362360e+01 5.483375e+00
    endloop
  endfacet
  facet normal 1.000000e+00 3.690204e-14 9.887872e-15
    outer loop
      vertex   6.361980e+01 -1.362360e+01 5.483375e+00
      vertex   6.361980e+01 -8.002981e+00 4.627762e+00
      vertex   6.361980e+01 -8.093212e+00 4.964505e+00
    endloop
  endfacet
  facet normal 1.000000e+00 3.240127e-14 -3.808378e-14
    outer loop
      vertex   6.361980e+01 -1.362360e+01 5.483375e+00
      vertex   6.361980e+01 -8.093212e+00 4.964505e+00
      vertex   6.361980e+01 -8.123596e+00 5.311802e+00
    endloop
  endfacet
  facet normal 1.000000e+00 -3.274390e-15 6.564512e-14
    outer loop
      vertex   6.361980e+01 8.076404e+00 -1.881983e-01
      vertex   6.361980e+01 -5.776300e+00 3.342186e+00
      vertex   6.361980e+01 -1.362360e+01 -1.881983e-01
    endloop
  endfacet
  facet normal 1.000000e+00 -6.339216e-15 7.245757e-14
    outer loop
      vertex   6.361980e+01 -1.362360e+01 -1.881983e-01
      vertex   6.361980e+01 -5.776300e+00 3.342186e+00
      vertex   6.361980e+01 -6.123596e+00 3.311802e+00
    endloop
  endfacet
  facet normal 1.000000e+00 4.337577e-15 4.957873e-14
    outer loop
      vertex   6.361980e+01 -1.362360e+01 -1.881983e-01
      vertex   6.361980e+01 -6.123596e+00 3.311802e+00
      vertex   6.361980e+01 -6.470892e+00 3.342186e+00
    endloop
  endfacet
  facet normal 1.000000e+00 -3.811589e-14 1.252814e-15
    outer loop
      vertex   6.361980e+01 8.076404e+00 5.483375e+00
      vertex   6.361980e+01 2.455789e+00 4.627762e+00
      vertex   6.361980e+01 8.076404e+00 -1.881983e-01
    endloop
  endfacet
  facet normal 1.000000e+00 -4.176933e-14 -3.011040e-15
    outer loop
      vertex   6.361980e+01 8.076404e+00 -1.881983e-01
      vertex   6.361980e+01 2.455789e+00 4.627762e+00
      vertex   6.361980e+01 2.308455e+00 4.311802e+00
    endloop
  endfacet
  facet normal 1.000000e+00 -2.549351e-14 1.785075e-14
    outer loop
      vertex   6.361980e+01 8.076404e+00 -1.881983e-01
      vertex   6.361980e+01 2.308455e+00 4.311802e+00
      vertex   6.361980e+01 2.108493e+00 4.026227e+00
    endloop
  endfacet
  facet normal 1.000000e+00 -2.088978e-14 1.231277e-14
    outer loop
      vertex   6.361980e+01 8.904831e+00 6.311802e+00
      vertex   6.361980e+01 5.887825e+00 1.331180e+01
      vertex   6.361980e+01 8.076404e+00 5.483375e+00
    endloop
  endfacet
  facet normal 1.000000e+00 -3.721877e-14 7.747702e-15
    outer loop
      vertex   6.361980e+01 8.076404e+00 5.483375e+00
      vertex   6.361980e+01 5.887825e+00 1.331180e+01
      vertex   6.361980e+01 2.455789e+00 5.995842e+00
    endloop
  endfacet
  facet normal 1.000000e+00 -3.887492e-14 -1.041650e-14
    outer loop
      vertex   6.361980e+01 8.076404e+00 5.483375e+00
      vertex   6.361980e+01 2.455789e+00 5.995842e+00
      vertex   6.361980e+01 2.546019e+00 5.659098e+00
    endloop
  endfacet
  facet normal 1.000000e+00 -5.684342e-15 1.886633e-14
    outer loop
      vertex   6.361980e+01 5.887825e+00 1.331180e+01
      vertex   6.361980e+01 8.904831e+00 6.311802e+00
      vertex   6.361980e+01 1.588782e+01 1.331180e+01
    endloop
  endfacet
  facet normal 1.000000e+00 -3.098892e-15 1.628716e-14
    outer loop
      vertex   6.361980e+01 1.588782e+01 1.331180e+01
      vertex   6.361980e+01 8.904831e+00 6.311802e+00
      vertex   6.361980e+01 1.807640e+01 6.311802e+00
    endloop
  endfacet
  facet normal 1.000000e+00 -5.174002e-14 1.079305e-15
    outer loop
      vertex   6.361980e+01 1.588782e+01 1.331180e+01
      vertex   6.361980e+01 1.807640e+01 6.311802e+00
      vertex   6.361980e+01 1.807640e+01 4.581180e+01
    endloop
  endfacet
  facet normal 1.000000e+00 3.236121e-14 -4.584147e-15
    outer loop
      vertex   6.361980e+01 1.588782e+01 1.331180e+01
      vertex   6.361980e+01 1.807640e+01 4.581180e+01
      vertex   6.361980e+01 1.588782e+01 4.431180e+01
    endloop
  endfacet
  facet normal 1.000000e+00 -3.552714e-15 4.781616e-14
    outer loop
      vertex   6.361980e+01 1.588782e+01 4.431180e+01
      vertex   6.361980e+01 1.807640e+01 4.581180e+01
      vertex   6.361980e+01 8.076404e+00 4.581180e+01
    endloop
  endfacet
  facet normal 1.000000e+00 -5.684342e-15 3.671546e-14
    outer loop
      vertex   6.361980e+01 1.588782e+01 4.431180e+01
      vertex   6.361980e+01 8.076404e+00 4.581180e+01
      vertex   6.361980e+01 5.887825e+00 4.431180e+01
    endloop
  endfacet
  facet normal 1.000000e+00 1.947956e-14 -3.766299e-29
    outer loop
      vertex   6.361980e+01 5.887825e+00 4.431180e+01
      vertex   6.361980e+01 8.076404e+00 4.581180e+01
      vertex   6.361980e+01 8.076404e+00 4.673055e+01
    endloop
  endfacet
  facet normal 1.000000e+00 4.024958e-15 1.398396e-14
    outer loop
      vertex   6.361980e+01 5.887825e+00 4.431180e+01
      vertex   6.361980e+01 8.076404e+00 4.673055e+01
      vertex   6.361980e+01 2.915388e-01 5.151180e+01
    endloop
  endfacet
  facet normal 1.000000e+00 5.334642e-14 -4.738114e-29
    outer loop
      vertex   6.361980e+01 2.915388e-01 5.651180e+01
      vertex   6.361980e+01 -1.173596e+00 5.401180e+01
      vertex   6.361980e+01 2.915388e-01 5.151180e+01
    endloop
  endfacet
  facet normal 1.000000e+00 4.567101e-14 -4.498202e-15
    outer loop
      vertex   6.361980e+01 2.915388e-01 5.151180e+01
      vertex   6.361980e+01 -1.173596e+00 5.401180e+01
      vertex   6.361980e+01 -1.204340e+00 5.369966e+01
    endloop
  endfacet
  facet normal 1.000000e+00 3.619247e-14 -1.097886e-14
    outer loop
      vertex   6.361980e+01 2.915388e-01 5.151180e+01
      vertex   6.361980e+01 -1.204340e+00 5.369966e+01
      vertex   6.361980e+01 -1.295389e+00 5.339951e+01
    endloop
  endfacet
  facet normal 1.000000e+00 -3.477218e-15 9.868649e-14
    outer loop
      vertex   6.361980e+01 -5.838731e+00 5.651180e+01
      vertex   6.361980e+01 -2.773596e+00 5.561180e+01
      vertex   6.361980e+01 2.915388e-01 5.651180e+01
    endloop
  endfacet
  facet normal 1.000000e+00 6.404964e-15 6.503069e-14
    outer loop
      vertex   6.361980e+01 2.915388e-01 5.651180e+01
      vertex   6.361980e+01 -2.773596e+00 5.561180e+01
      vertex   6.361980e+01 -2.461452e+00 5.558106e+01
    endloop
  endfacet
  facet normal 1.000000e+00 1.342664e-14 4.426170e-14
    outer loop
      vertex   6.361980e+01 2.915388e-01 5.651180e+01
      vertex   6.361980e+01 -2.461452e+00 5.558106e+01
      vertex   6.361980e+01 -2.161303e+00 5.549001e+01
    endloop
  endfacet
  facet normal 1.000000e+00 -5.819609e-14 5.168851e-29
    outer loop
      vertex   6.361980e+01 -5.838731e+00 5.151180e+01
      vertex   6.361980e+01 -4.373596e+00 5.401180e+01
      vertex   6.361980e+01 -5.838731e+00 5.651180e+01
    endloop
  endfacet
  facet normal 1.000000e+00 -4.982292e-14 4.907130e-15
    outer loop
      vertex   6.361980e+01 -5.838731e+00 5.651180e+01
      vertex   6.361980e+01 -4.373596e+00 5.401180e+01
      vertex   6.361980e+01 -4.342853e+00 5.432395e+01
    endloop
  endfacet
  facet normal 1.000000e+00 -3.948269e-14 1.197694e-14
    outer loop
      vertex   6.361980e+01 -5.838731e+00 5.651180e+01
      vertex   6.361980e+01 -4.342853e+00 5.432395e+01
      vertex   6.361980e+01 -4.251803e+00 5.462410e+01
    endloop
  endfacet
  facet normal 1.000000e+00 -7.460905e-15 6.203480e-15
    outer loop
      vertex   6.361980e+01 -1.362360e+01 4.673055e+01
      vertex   6.361980e+01 -1.257360e+01 4.341180e+01
      vertex   6.361980e+01 -5.838731e+00 5.151180e+01
    endloop
  endfacet
  facet normal 1.000000e+00 6.836538e-15 -5.684342e-15
    outer loop
      vertex   6.361980e+01 -5.838731e+00 5.151180e+01
      vertex   6.361980e+01 -1.257360e+01 4.341180e+01
      vertex   6.361980e+01 -1.257360e+01 3.841180e+01
    endloop
  endfacet
  facet normal 1.000000e+00 -3.201329e-14 1.428882e-14
    outer loop
      vertex   6.361980e+01 -5.838731e+00 5.151180e+01
      vertex   6.361980e+01 -1.257360e+01 3.841180e+01
      vertex   6.361980e+01 -2.773596e+00 5.241180e+01
    endloop
  endfacet
  facet normal 1.000000e+00 1.532837e-14 -1.885035e-14
    outer loop
      vertex   6.361980e+01 -2.773596e+00 5.241180e+01
      vertex   6.361980e+01 -1.257360e+01 3.841180e+01
      vertex   6.361980e+01 2.915388e-01 5.151180e+01
    endloop
  endfacet
  facet normal 1.000000e+00 5.240425e-15 -5.320693e-14
    outer loop
      vertex   6.361980e+01 -2.773596e+00 5.241180e+01
      vertex   6.361980e+01 2.915388e-01 5.151180e+01
      vertex   6.361980e+01 -2.461452e+00 5.244255e+01
    endloop
  endfacet
  facet normal 1.000000e+00 1.098543e-14 -3.621412e-14
    outer loop
      vertex   6.361980e+01 -2.461452e+00 5.244255e+01
      vertex   6.361980e+01 2.915388e-01 5.151180e+01
      vertex   6.361980e+01 -2.161303e+00 5.253359e+01
    endloop
  endfacet
  facet normal 1.000000e+00 3.401348e-15 -5.441992e-14
    outer loop
      vertex   6.361980e+01 -2.161303e+00 5.253359e+01
      vertex   6.361980e+01 2.915388e-01 5.151180e+01
      vertex   6.361980e+01 -1.884684e+00 5.268145e+01
    endloop
  endfacet
  facet normal 1.000000e+00 1.972939e-14 -2.404033e-14
    outer loop
      vertex   6.361980e+01 -1.884684e+00 5.268145e+01
      vertex   6.361980e+01 2.915388e-01 5.151180e+01
      vertex   6.361980e+01 -1.642225e+00 5.288043e+01
    endloop
  endfacet
  facet normal 1.000000e+00 1.012296e-14 -3.761345e-14
    outer loop
      vertex   6.361980e+01 -1.642225e+00 5.288043e+01
      vertex   6.361980e+01 2.915388e-01 5.151180e+01
      vertex   6.361980e+01 -1.443245e+00 5.312289e+01
    endloop
  endfacet
  facet normal 1.000000e+00 3.010858e-14 -1.609337e-14
    outer loop
      vertex   6.361980e+01 -1.443245e+00 5.312289e+01
      vertex   6.361980e+01 2.915388e-01 5.151180e+01
      vertex   6.361980e+01 -1.295389e+00 5.339951e+01
    endloop
  endfacet
  facet normal 1.000000e+00 -5.151274e-14 -7.733846e-15
    outer loop
      vertex   6.361980e+01 -1.362360e+01 4.673055e+01
      vertex   6.361980e+01 -1.362360e+01 4.581180e+01
      vertex   6.361980e+01 -1.257360e+01 4.341180e+01
    endloop
  endfacet
  facet normal 1.000000e+00 -2.122134e-14 5.518640e-15
    outer loop
      vertex   6.361980e+01 -1.257360e+01 4.341180e+01
      vertex   6.361980e+01 -1.362360e+01 4.581180e+01
      vertex   6.361980e+01 -1.458254e+01 4.341180e+01
    endloop
  endfacet
  facet normal 1.000000e+00 2.193685e-29 -2.960596e-15
    outer loop
      vertex   6.361980e+01 -1.458254e+01 4.341180e+01
      vertex   6.361980e+01 -1.362360e+01 4.581180e+01
      vertex   6.361980e+01 -1.458254e+01 4.581180e+01
    endloop
  endfacet
  facet normal 1.000000e+00 -6.065609e-15 1.904417e-15
    outer loop
      vertex   6.361980e+01 -2.077360e+01 3.841180e+01
      vertex   6.361980e+01 -1.445202e+01 6.311802e+00
      vertex   6.361980e+01 -1.257360e+01 3.841180e+01
    endloop
  endfacet
  facet normal 1.000000e+00 1.005552e-14 9.610416e-16
    outer loop
      vertex   6.361980e+01 -1.257360e+01 3.841180e+01
      vertex   6.361980e+01 -1.445202e+01 6.311802e+00
      vertex   6.361980e+01 -4.802587e+00 1.625032e+01
    endloop
  endfacet
  facet normal 1.000000e+00 -1.937384e-14 -9.358476e-15
    outer loop
      vertex   6.361980e+01 -1.257360e+01 3.841180e+01
      vertex   6.361980e+01 -4.802587e+00 1.625032e+01
      vertex   6.361980e+01 -4.653188e+00 1.670029e+01
    endloop
  endfacet
  facet normal 1.000000e+00 3.477085e-14 3.787647e-14
    outer loop
      vertex   6.361980e+01 -8.123596e+00 5.311802e+00
      vertex   6.361980e+01 -8.093212e+00 5.659098e+00
      vertex   6.361980e+01 -1.362360e+01 5.483375e+00
    endloop
  endfacet
  facet normal 1.000000e+00 3.628326e-14 -9.722069e-15
    outer loop
      vertex   6.361980e+01 -1.362360e+01 5.483375e+00
      vertex   6.361980e+01 -8.093212e+00 5.659098e+00
      vertex   6.361980e+01 -8.002981e+00 5.995842e+00
    endloop
  endfacet
  facet normal 1.000000e+00 4.125152e-14 -6.421269e-14
    outer loop
      vertex   6.361980e+01 -1.362360e+01 5.483375e+00
      vertex   6.361980e+01 -8.002981e+00 5.995842e+00
      vertex   6.361980e+01 -7.855647e+00 6.311802e+00
    endloop
  endfacet
  facet normal 1.000000e+00 3.561015e-14 -2.493449e-14
    outer loop
      vertex   6.361980e+01 -7.855647e+00 6.311802e+00
      vertex   6.361980e+01 -7.655685e+00 6.597377e+00
      vertex   6.361980e+01 -1.362360e+01 5.483375e+00
    endloop
  endfacet
  facet normal 1.000000e+00 -3.554830e-14 3.988186e-15
    outer loop
      vertex   6.361980e+01 -4.802587e+00 1.437328e+01
      vertex   6.361980e+01 -6.807636e+00 7.191187e+00
      vertex   6.361980e+01 -4.653188e+00 1.392331e+01
    endloop
  endfacet
  facet normal 1.000000e+00 2.165328e-15 -8.081113e-15
    outer loop
      vertex   6.361980e+01 -4.653188e+00 1.392331e+01
      vertex   6.361980e+01 -6.807636e+00 7.191187e+00
      vertex   6.361980e+01 -6.470892e+00 7.281417e+00
    endloop
  endfacet
  facet normal 1.000000e+00 -9.915328e-15 -4.774970e-15
    outer loop
      vertex   6.361980e+01 -4.653188e+00 1.392331e+01
      vertex   6.361980e+01 -6.470892e+00 7.281417e+00
      vertex   6.361980e+01 -4.447475e+00 1.349615e+01
    endloop
  endfacet
  facet normal 1.000000e+00 7.207228e-16 -8.237899e-15
    outer loop
      vertex   6.361980e+01 -4.447475e+00 1.349615e+01
      vertex   6.361980e+01 -6.470892e+00 7.281417e+00
      vertex   6.361980e+01 -6.123596e+00 7.311802e+00
    endloop
  endfacet
  facet normal 1.000000e+00 -8.723387e-15 -5.678296e-15
    outer loop
      vertex   6.361980e+01 -4.447475e+00 1.349615e+01
      vertex   6.361980e+01 -6.123596e+00 7.311802e+00
      vertex   6.361980e+01 -4.188827e+00 1.309879e+01
    endloop
  endfacet
  facet normal 1.000000e+00 -7.305775e-16 -8.350539e-15
    outer loop
      vertex   6.361980e+01 -4.188827e+00 1.309879e+01
      vertex   6.361980e+01 -6.123596e+00 7.311802e+00
      vertex   6.361980e+01 -5.776300e+00 7.281417e+00
    endloop
  endfacet
  facet normal 1.000000e+00 -7.605340e-15 -6.474521e-15
    outer loop
      vertex   6.361980e+01 -4.188827e+00 1.309879e+01
      vertex   6.361980e+01 -5.776300e+00 7.281417e+00
      vertex   6.361980e+01 -3.881489e+00 1.273778e+01
    endloop
  endfacet
  facet normal 1.000000e+00 -2.234590e-15 -8.339603e-15
    outer loop
      vertex   6.361980e+01 -3.881489e+00 1.273778e+01
      vertex   6.361980e+01 -5.776300e+00 7.281417e+00
      vertex   6.361980e+01 -5.439556e+00 7.191187e+00
    endloop
  endfacet
  facet normal 1.000000e+00 9.641094e-15 -1.167555e-14
    outer loop
      vertex   6.361980e+01 -3.881489e+00 1.273778e+01
      vertex   6.361980e+01 -5.439556e+00 7.191187e+00
      vertex   6.361980e+01 -3.530508e+00 1.241903e+01
    endloop
  endfacet
  facet normal 1.000000e+00 -2.246562e-14 4.884766e-17
    outer loop
      vertex   6.361980e+01 -3.530508e+00 1.241903e+01
      vertex   6.361980e+01 -5.439556e+00 7.191187e+00
      vertex   6.361980e+01 -5.123596e+00 7.043853e+00
    endloop
  endfacet
  facet normal 1.000000e+00 -1.896261e-14 -9.893704e-16
    outer loop
      vertex   6.361980e+01 -3.530508e+00 1.241903e+01
      vertex   6.361980e+01 -5.123596e+00 7.043853e+00
      vertex   6.361980e+01 -3.141649e+00 1.214777e+01
    endloop
  endfacet
  facet normal 1.000000e+00 -4.598435e-15 -6.567246e-15
    outer loop
      vertex   6.361980e+01 -3.141649e+00 1.214777e+01
      vertex   6.361980e+01 -5.123596e+00 7.043853e+00
      vertex   6.361980e+01 -4.838021e+00 6.843891e+00
    endloop
  endfacet
  facet normal 1.000000e+00 -3.593766e-15 -6.888576e-15
    outer loop
      vertex   6.361980e+01 -3.141649e+00 1.214777e+01
      vertex   6.361980e+01 -4.838021e+00 6.843891e+00
      vertex   6.361980e+01 -2.721294e+00 1.192847e+01
    endloop
  endfacet
  facet normal 1.000000e+00 -5.920112e-15 -5.920112e-15
    outer loop
      vertex   6.361980e+01 -2.721294e+00 1.192847e+01
      vertex   6.361980e+01 -4.838021e+00 6.843891e+00
      vertex   6.361980e+01 -4.591507e+00 6.597377e+00
    endloop
  endfacet
  facet normal 1.000000e+00 -2.606456e-15 -7.082582e-15
    outer loop
      vertex   6.361980e+01 -2.721294e+00 1.192847e+01
      vertex   6.361980e+01 -4.591507e+00 6.597377e+00
      vertex   6.361980e+01 -2.276348e+00 1.176473e+01
    endloop
  endfacet
  facet normal 1.000000e+00 -7.185208e-15 -5.031137e-15
    outer loop
      vertex   6.361980e+01 -2.276348e+00 1.176473e+01
      vertex   6.361980e+01 -4.591507e+00 6.597377e+00
      vertex   6.361980e+01 -4.391545e+00 6.311802e+00
    endloop
  endfacet
  facet normal 1.000000e+00 -6.587439e-15 -5.263013e-15
    outer loop
      vertex   6.361980e+01 -2.276348e+00 1.176473e+01
      vertex   6.361980e+01 -4.391545e+00 6.311802e+00
      vertex   6.361980e+01 -1.155647e+00 6.311802e+00
    endloop
  endfacet
  facet normal 1.000000e+00 -6.587439e-15 -1.941662e-14
    outer loop
      vertex   6.361980e+01 -1.155647e+00 6.311802e+00
      vertex   6.361980e+01 -4.391545e+00 6.311802e+00
      vertex   6.361980e+01 -1.302981e+00 5.995842e+00
    endloop
  endfacet
  facet normal 1.000000e+00 -7.247405e-15 -2.586792e-14
    outer loop
      vertex   6.361980e+01 -1.302981e+00 5.995842e+00
      vertex   6.361980e+01 -4.391545e+00 6.311802e+00
      vertex   6.361980e+01 -4.244211e+00 5.995842e+00
    endloop
  endfacet
  facet normal 1.000000e+00 -7.247405e-15 1.941936e-15
    outer loop
      vertex   6.361980e+01 -1.302981e+00 5.995842e+00
      vertex   6.361980e+01 -4.244211e+00 5.995842e+00
      vertex   6.361980e+01 -1.393212e+00 5.659098e+00
    endloop
  endfacet
  facet normal 1.000000e+00 -7.721139e-15 -2.068873e-15
    outer loop
      vertex   6.361980e+01 -1.393212e+00 5.659098e+00
      vertex   6.361980e+01 -4.244211e+00 5.995842e+00
      vertex   6.361980e+01 -4.153981e+00 5.659098e+00
    endloop
  endfacet
  facet normal 1.000000e+00 -7.721139e-15 2.113477e-14
    outer loop
      vertex   6.361980e+01 -1.393212e+00 5.659098e+00
      vertex   6.361980e+01 -4.153981e+00 5.659098e+00
      vertex   6.361980e+01 -1.423596e+00 5.311802e+00
    endloop
  endfacet
  facet normal 1.000000e+00 -1.052656e-14 -9.209546e-16
    outer loop
      vertex   6.361980e+01 -1.423596e+00 5.311802e+00
      vertex   6.361980e+01 -4.153981e+00 5.659098e+00
      vertex   6.361980e+01 -4.123596e+00 5.311802e+00
    endloop
  endfacet
  facet normal 1.000000e+00 -1.052656e-14 -2.138022e-14
    outer loop
      vertex   6.361980e+01 -1.423596e+00 5.311802e+00
      vertex   6.361980e+01 -4.123596e+00 5.311802e+00
      vertex   6.361980e+01 -1.393212e+00 4.964505e+00
    endloop
  endfacet
  facet normal 1.000000e+00 -7.721139e-15 6.755122e-16
    outer loop
      vertex   6.361980e+01 -1.393212e+00 4.964505e+00
      vertex   6.361980e+01 -4.123596e+00 5.311802e+00
      vertex   6.361980e+01 -4.153981e+00 4.964505e+00
    endloop
  endfacet
  facet normal 1.000000e+00 -7.721139e-15 -2.068873e-15
    outer loop
      vertex   6.361980e+01 -1.393212e+00 4.964505e+00
      vertex   6.361980e+01 -4.153981e+00 4.964505e+00
      vertex   6.361980e+01 -1.302981e+00 4.627762e+00
    endloop
  endfacet
  facet normal 1.000000e+00 -7.247405e-15 1.941936e-15
    outer loop
      vertex   6.361980e+01 -1.302981e+00 4.627762e+00
      vertex   6.361980e+01 -4.153981e+00 4.964505e+00
      vertex   6.361980e+01 -4.244211e+00 4.627762e+00
    endloop
  endfacet
  facet normal 1.000000e+00 -7.247405e-15 -4.835631e-14
    outer loop
      vertex   6.361980e+01 -1.302981e+00 4.627762e+00
      vertex   6.361980e+01 -4.244211e+00 4.627762e+00
      vertex   6.361980e+01 -1.155647e+00 4.311802e+00
    endloop
  endfacet
  facet normal 1.000000e+00 -4.391626e-15 -2.044055e-14
    outer loop
      vertex   6.361980e+01 -1.155647e+00 4.311802e+00
      vertex   6.361980e+01 -4.244211e+00 4.627762e+00
      vertex   6.361980e+01 -4.391545e+00 4.311802e+00
    endloop
  endfacet
  facet normal 1.000000e+00 -4.391626e-15 -3.075049e-15
    outer loop
      vertex   6.361980e+01 -1.155647e+00 4.311802e+00
      vertex   6.361980e+01 -4.391545e+00 4.311802e+00
      vertex   6.361980e+01 -9.556850e-01 4.026227e+00
    endloop
  endfacet
  facet normal 1.000000e+00 -3.908567e-15 2.736808e-15
    outer loop
      vertex   6.361980e+01 -9.556850e-01 4.026227e+00
      vertex   6.361980e+01 -4.391545e+00 4.311802e+00
      vertex   6.361980e+01 -4.591507e+00 4.026227e+00
    endloop
  endfacet
  facet normal 1.000000e+00 -3.908567e-15 -3.908567e-15
    outer loop
      vertex   6.361980e+01 -9.556850e-01 4.026227e+00
      vertex   6.361980e+01 -4.591507e+00 4.026227e+00
      vertex   6.361980e+01 -7.091713e-01 3.779713e+00
    endloop
  endfacet
  facet normal 1.000000e+00 -3.441844e-15 3.441844e-15
    outer loop
      vertex   6.361980e+01 -7.091713e-01 3.779713e+00
      vertex   6.361980e+01 -4.591507e+00 4.026227e+00
      vertex   6.361980e+01 -4.838021e+00 3.779713e+00
    endloop
  endfacet
  facet normal 1.000000e+00 -3.441844e-15 -4.915462e-15
    outer loop
      vertex   6.361980e+01 -7.091713e-01 3.779713e+00
      vertex   6.361980e+01 -4.838021e+00 3.779713e+00
      vertex   6.361980e+01 -4.235961e-01 3.579751e+00
    endloop
  endfacet
  facet normal 1.000000e+00 -3.023586e-15 4.318128e-15
    outer loop
      vertex   6.361980e+01 -4.235961e-01 3.579751e+00
      vertex   6.361980e+01 -4.838021e+00 3.779713e+00
      vertex   6.361980e+01 -5.123596e+00 3.579751e+00
    endloop
  endfacet
  facet normal 1.000000e+00 -3.023586e-15 8.996894e-14
    outer loop
      vertex   6.361980e+01 -4.235961e-01 3.579751e+00
      vertex   6.361980e+01 -5.123596e+00 3.579751e+00
      vertex   6.361980e+01 -1.076364e-01 3.432417e+00
    endloop
  endfacet
  facet normal 1.000000e+00 -7.995726e-15 -7.930616e-14
    outer loop
      vertex   6.361980e+01 -1.076364e-01 3.432417e+00
      vertex   6.361980e+01 -5.123596e+00 3.579751e+00
      vertex   6.361980e+01 -5.439556e+00 3.432417e+00
    endloop
  endfacet
  facet normal 1.000000e+00 -7.995726e-15 -2.984045e-14
    outer loop
      vertex   6.361980e+01 -1.076364e-01 3.432417e+00
      vertex   6.361980e+01 -5.439556e+00 3.432417e+00
      vertex   6.361980e+01 2.291075e-01 3.342186e+00
    endloop
  endfacet
  facet normal 1.000000e+00 -7.099030e-15 2.649394e-14
    outer loop
      vertex   6.361980e+01 2.291075e-01 3.342186e+00
      vertex   6.361980e+01 -5.439556e+00 3.432417e+00
      vertex   6.361980e+01 -5.776300e+00 3.342186e+00
    endloop
  endfacet
  facet normal 1.000000e+00 -7.099030e-15 5.063780e-14
    outer loop
      vertex   6.361980e+01 2.291075e-01 3.342186e+00
      vertex   6.361980e+01 -5.776300e+00 3.342186e+00
      vertex   6.361980e+01 8.076404e+00 -1.881983e-01
    endloop
  endfacet
  facet normal 1.000000e+00 1.013649e-14 3.782990e-14
    outer loop
      vertex   6.361980e+01 -6.470892e+00 3.342186e+00
      vertex   6.361980e+01 -6.807636e+00 3.432417e+00
      vertex   6.361980e+01 -1.362360e+01 -1.881983e-01
    endloop
  endfacet
  facet normal 1.000000e+00 2.156851e-15 5.285190e-14
    outer loop
      vertex   6.361980e+01 -1.362360e+01 -1.881983e-01
      vertex   6.361980e+01 -6.807636e+00 3.432417e+00
      vertex   6.361980e+01 -7.123596e+00 3.579751e+00
    endloop
  endfacet
  facet normal 1.000000e+00 1.794120e-14 2.562269e-14
    outer loop
      vertex   6.361980e+01 -1.362360e+01 -1.881983e-01
      vertex   6.361980e+01 -7.123596e+00 3.579751e+00
      vertex   6.361980e+01 -7.409171e+00 3.779713e+00
    endloop
  endfacet
  facet normal 1.000000e+00 2.093457e-14 2.093457e-14
    outer loop
      vertex   6.361980e+01 -7.409171e+00 3.779713e+00
      vertex   6.361980e+01 -7.655685e+00 4.026227e+00
      vertex   6.361980e+01 -1.362360e+01 -1.881983e-01
    endloop
  endfacet
  facet normal 1.000000e+00 2.390017e-14 1.673508e-14
    outer loop
      vertex   6.361980e+01 -1.362360e+01 -1.881983e-01
      vertex   6.361980e+01 -7.655685e+00 4.026227e+00
      vertex   6.361980e+01 -7.855647e+00 4.311802e+00
    endloop
  endfacet
  facet normal 1.000000e+00 3.996279e-14 -3.853444e-15
    outer loop
      vertex   6.361980e+01 -1.362360e+01 -1.881983e-01
      vertex   6.361980e+01 -7.855647e+00 4.311802e+00
      vertex   6.361980e+01 -8.002981e+00 4.627762e+00
    endloop
  endfacet
  facet normal 1.000000e+00 4.316013e-15 -3.022105e-15
    outer loop
      vertex   6.361980e+01 -1.155647e+00 6.311802e+00
      vertex   6.361980e+01 -9.556850e-01 6.597377e+00
      vertex   6.361980e+01 -2.276348e+00 1.176473e+01
    endloop
  endfacet
  facet normal 1.000000e+00 -3.364835e-14 -1.272497e-14
    outer loop
      vertex   6.361980e+01 -2.276348e+00 1.176473e+01
      vertex   6.361980e+01 -9.556850e-01 6.597377e+00
      vertex   6.361980e+01 -1.814116e+00 1.165923e+01
    endloop
  endfacet
  facet normal 1.000000e+00 6.000919e-15 -6.000919e-15
    outer loop
      vertex   6.361980e+01 -1.814116e+00 1.165923e+01
      vertex   6.361980e+01 -9.556850e-01 6.597377e+00
      vertex   6.361980e+01 -7.091713e-01 6.843891e+00
    endloop
  endfacet
  facet normal 1.000000e+00 -7.278499e-16 -7.544926e-15
    outer loop
      vertex   6.361980e+01 -1.814116e+00 1.165923e+01
      vertex   6.361980e+01 -7.091713e-01 6.843891e+00
      vertex   6.361980e+01 -1.342187e+00 1.161370e+01
    endloop
  endfacet
  facet normal 1.000000e+00 4.771937e-15 -6.815033e-15
    outer loop
      vertex   6.361980e+01 -1.342187e+00 1.161370e+01
      vertex   6.361980e+01 -7.091713e-01 6.843891e+00
      vertex   6.361980e+01 -4.235961e-01 7.043853e+00
    endloop
  endfacet
  facet normal 1.000000e+00 2.477082e-16 -7.724453e-15
    outer loop
      vertex   6.361980e+01 -1.342187e+00 1.161370e+01
      vertex   6.361980e+01 -4.235961e-01 7.043853e+00
      vertex   6.361980e+01 -8.683109e-01 1.162890e+01
    endloop
  endfacet
  facet normal 1.000000e+00 -1.805847e-14 -9.500014e-15
    outer loop
      vertex   6.361980e+01 -8.683109e-01 1.162890e+01
      vertex   6.361980e+01 -4.235961e-01 7.043853e+00
      vertex   6.361980e+01 -1.076364e-01 7.191187e+00
    endloop
  endfacet
  facet normal 1.000000e+00 -1.376428e-14 -8.763941e-15
    outer loop
      vertex   6.361980e+01 -8.683109e-01 1.162890e+01
      vertex   6.361980e+01 -1.076364e-01 7.191187e+00
      vertex   6.361980e+01 -4.002687e-01 1.170457e+01
    endloop
  endfacet
  facet normal 1.000000e+00 2.073149e-15 -7.737096e-15
    outer loop
      vertex   6.361980e+01 -4.002687e-01 1.170457e+01
      vertex   6.361980e+01 -1.076364e-01 7.191187e+00
      vertex   6.361980e+01 2.291075e-01 7.281417e+00
    endloop
  endfacet
  facet normal 1.000000e+00 2.287286e-15 -7.706626e-15
    outer loop
      vertex   6.361980e+01 -4.002687e-01 1.170457e+01
      vertex   6.361980e+01 2.291075e-01 7.281417e+00
      vertex   6.361980e+01 5.425457e-02 1.183947e+01
    endloop
  endfacet
  facet normal 1.000000e+00 6.796380e-16 -7.768298e-15
    outer loop
      vertex   6.361980e+01 5.425457e-02 1.183947e+01
      vertex   6.361980e+01 2.291075e-01 7.281417e+00
      vertex   6.361980e+01 5.764039e-01 7.311802e+00
    endloop
  endfacet
  facet normal 1.000000e+00 3.304780e-15 -7.465556e-15
    outer loop
      vertex   6.361980e+01 5.425457e-02 1.183947e+01
      vertex   6.361980e+01 5.764039e-01 7.311802e+00
      vertex   6.361980e+01 4.877955e-01 1.203138e+01
    endloop
  endfacet
  facet normal 1.000000e+00 -6.596633e-16 -7.539987e-15
    outer loop
      vertex   6.361980e+01 4.877955e-01 1.203138e+01
      vertex   6.361980e+01 5.764039e-01 7.311802e+00
      vertex   6.361980e+01 9.237002e-01 7.281417e+00
    endloop
  endfacet
  facet normal 1.000000e+00 4.295141e-15 -7.085284e-15
    outer loop
      vertex   6.361980e+01 4.877955e-01 1.203138e+01
      vertex   6.361980e+01 9.237002e-01 7.281417e+00
      vertex   6.361980e+01 8.932355e-01 1.227716e+01
    endloop
  endfacet
  facet normal 1.000000e+00 -1.908633e-15 -7.123115e-15
    outer loop
      vertex   6.361980e+01 8.932355e-01 1.227716e+01
      vertex   6.361980e+01 9.237002e-01 7.281417e+00
      vertex   6.361980e+01 1.260444e+00 7.191187e+00
    endloop
  endfacet
  facet normal 1.000000e+00 -2.664269e-14 -8.908920e-15
    outer loop
      vertex   6.361980e+01 8.932355e-01 1.227716e+01
      vertex   6.361980e+01 1.260444e+00 7.191187e+00
      vertex   6.361980e+01 1.576404e+00 7.043853e+00
    endloop
  endfacet
  facet normal 1.000000e+00 -4.816088e-14 -1.171795e-14
    outer loop
      vertex   6.361980e+01 8.932355e-01 1.227716e+01
      vertex   6.361980e+01 1.576404e+00 7.043853e+00
      vertex   6.361980e+01 1.263917e+00 1.257277e+01
    endloop
  endfacet
  facet normal 1.000000e+00 -6.558599e-15 -9.366651e-15
    outer loop
      vertex   6.361980e+01 1.263917e+00 1.257277e+01
      vertex   6.361980e+01 1.576404e+00 7.043853e+00
      vertex   6.361980e+01 1.861979e+00 6.843891e+00
    endloop
  endfacet
  facet normal 1.000000e+00 8.092511e-15 -7.837160e-15
    outer loop
      vertex   6.361980e+01 1.263917e+00 1.257277e+01
      vertex   6.361980e+01 1.861979e+00 6.843891e+00
      vertex   6.361980e+01 1.593754e+00 1.291336e+01
    endloop
  endfacet
  facet normal 1.000000e+00 -8.573682e-15 -8.573682e-15
    outer loop
      vertex   6.361980e+01 1.593754e+00 1.291336e+01
      vertex   6.361980e+01 1.861979e+00 6.843891e+00
      vertex   6.361980e+01 2.108493e+00 6.597377e+00
    endloop
  endfacet
  facet normal 1.000000e+00 -2.559346e-15 -8.083526e-15
    outer loop
      vertex   6.361980e+01 1.593754e+00 1.291336e+01
      vertex   6.361980e+01 2.108493e+00 6.597377e+00
      vertex   6.361980e+01 5.887825e+00 1.331180e+01
    endloop
  endfacet
  facet normal 1.000000e+00 -7.540406e-15 -5.279849e-15
    outer loop
      vertex   6.361980e+01 5.887825e+00 1.331180e+01
      vertex   6.361980e+01 2.108493e+00 6.597377e+00
      vertex   6.361980e+01 2.308455e+00 6.311802e+00
    endloop
  endfacet
  facet normal 1.000000e+00 1.365816e-14 -1.611949e-14
    outer loop
      vertex   6.361980e+01 5.887825e+00 1.331180e+01
      vertex   6.361980e+01 2.308455e+00 6.311802e+00
      vertex   6.361980e+01 2.455789e+00 5.995842e+00
    endloop
  endfacet
  facet normal 1.000000e+00 -3.865139e-14 -3.381558e-15
    outer loop
      vertex   6.361980e+01 2.546019e+00 5.659098e+00
      vertex   6.361980e+01 2.576404e+00 5.311802e+00
      vertex   6.361980e+01 8.076404e+00 5.483375e+00
    endloop
  endfacet
  facet normal 1.000000e+00 -3.886294e-14 3.400067e-15
    outer loop
      vertex   6.361980e+01 8.076404e+00 5.483375e+00
      vertex   6.361980e+01 2.576404e+00 5.311802e+00
      vertex   6.361980e+01 2.546019e+00 4.964505e+00
    endloop
  endfacet
  facet normal 1.000000e+00 -3.953790e-14 1.059415e-14
    outer loop
      vertex   6.361980e+01 8.076404e+00 5.483375e+00
      vertex   6.361980e+01 2.546019e+00 4.964505e+00
      vertex   6.361980e+01 2.455789e+00 4.627762e+00
    endloop
  endfacet
  facet normal 1.000000e+00 -2.233021e-14 2.233021e-14
    outer loop
      vertex   6.361980e+01 2.108493e+00 4.026227e+00
      vertex   6.361980e+01 1.861979e+00 3.779713e+00
      vertex   6.361980e+01 8.076404e+00 -1.881983e-01
    endloop
  endfacet
  facet normal 1.000000e+00 -1.913728e-14 2.733087e-14
    outer loop
      vertex   6.361980e+01 8.076404e+00 -1.881983e-01
      vertex   6.361980e+01 1.861979e+00 3.779713e+00
      vertex   6.361980e+01 1.576404e+00 3.579751e+00
    endloop
  endfacet
  facet normal 1.000000e+00 -2.805746e-14 1.194289e-14
    outer loop
      vertex   6.361980e+01 8.076404e+00 -1.881983e-01
      vertex   6.361980e+01 1.576404e+00 3.579751e+00
      vertex   6.361980e+01 1.260444e+00 3.432417e+00
    endloop
  endfacet
  facet normal 1.000000e+00 -1.153463e-14 4.304781e-14
    outer loop
      vertex   6.361980e+01 1.260444e+00 3.432417e+00
      vertex   6.361980e+01 9.237002e-01 3.342186e+00
      vertex   6.361980e+01 8.076404e+00 -1.881983e-01
    endloop
  endfacet
  facet normal 1.000000e+00 -4.935863e-15 5.641718e-14
    outer loop
      vertex   6.361980e+01 8.076404e+00 -1.881983e-01
      vertex   6.361980e+01 9.237002e-01 3.342186e+00
      vertex   6.361980e+01 5.764039e-01 3.311802e+00
    endloop
  endfacet
  facet normal 1.000000e+00 7.213591e-15 8.245172e-14
    outer loop
      vertex   6.361980e+01 8.076404e+00 -1.881983e-01
      vertex   6.361980e+01 5.764039e-01 3.311802e+00
      vertex   6.361980e+01 2.291075e-01 3.342186e+00
    endloop
  endfacet
  facet normal 1.000000e+00 -3.284572e-14 1.755640e-14
    outer loop
      vertex   6.361980e+01 -4.251803e+00 5.462410e+01
      vertex   6.361980e+01 -4.103948e+00 5.490071e+01
      vertex   6.361980e+01 -5.838731e+00 5.651180e+01
    endloop
  endfacet
  facet normal 1.000000e+00 -4.333680e-14 6.259844e-15
    outer loop
      vertex   6.361980e+01 -5.838731e+00 5.651180e+01
      vertex   6.361980e+01 -4.103948e+00 5.490071e+01
      vertex   6.361980e+01 -3.904967e+00 5.514317e+01
    endloop
  endfacet
  facet normal 1.000000e+00 -2.564820e-14 3.125243e-14
    outer loop
      vertex   6.361980e+01 -5.838731e+00 5.651180e+01
      vertex   6.361980e+01 -3.904967e+00 5.514317e+01
      vertex   6.361980e+01 -3.662509e+00 5.534215e+01
    endloop
  endfacet
  facet normal 1.000000e+00 -3.404293e-14 1.563339e-14
    outer loop
      vertex   6.361980e+01 -3.662509e+00 5.534215e+01
      vertex   6.361980e+01 -3.385890e+00 5.549001e+01
      vertex   6.361980e+01 -5.838731e+00 5.651180e+01
    endloop
  endfacet
  facet normal 1.000000e+00 -1.708845e-14 5.633307e-14
    outer loop
      vertex   6.361980e+01 -5.838731e+00 5.651180e+01
      vertex   6.361980e+01 -3.385890e+00 5.549001e+01
      vertex   6.361980e+01 -3.085741e+00 5.558106e+01
    endloop
  endfacet
  facet normal 1.000000e+00 -8.151772e-15 8.276633e-14
    outer loop
      vertex   6.361980e+01 -5.838731e+00 5.651180e+01
      vertex   6.361980e+01 -3.085741e+00 5.558106e+01
      vertex   6.361980e+01 -2.773596e+00 5.561180e+01
    endloop
  endfacet
  facet normal 1.000000e+00 6.657372e-15 6.051151e-14
    outer loop
      vertex   6.361980e+01 -2.161303e+00 5.549001e+01
      vertex   6.361980e+01 -1.884684e+00 5.534215e+01
      vertex   6.361980e+01 2.915388e-01 5.651180e+01
    endloop
  endfacet
  facet normal 1.000000e+00 2.367526e-14 2.884839e-14
    outer loop
      vertex   6.361980e+01 2.915388e-01 5.651180e+01
      vertex   6.361980e+01 -1.884684e+00 5.534215e+01
      vertex   6.361980e+01 -1.642225e+00 5.514317e+01
    endloop
  endfacet
  facet normal 1.000000e+00 4.101246e-14 4.352310e-15
    outer loop
      vertex   6.361980e+01 2.915388e-01 5.651180e+01
      vertex   6.361980e+01 -1.642225e+00 5.514317e+01
      vertex   6.361980e+01 -1.443245e+00 5.490071e+01
    endloop
  endfacet
  facet normal 1.000000e+00 3.010858e-14 1.609337e-14
    outer loop
      vertex   6.361980e+01 -1.443245e+00 5.490071e+01
      vertex   6.361980e+01 -1.295389e+00 5.462410e+01
      vertex   6.361980e+01 2.915388e-01 5.651180e+01
    endloop
  endfacet
  facet normal 1.000000e+00 3.619247e-14 1.097886e-14
    outer loop
      vertex   6.361980e+01 2.915388e-01 5.651180e+01
      vertex   6.361980e+01 -1.295389e+00 5.462410e+01
      vertex   6.361980e+01 -1.204340e+00 5.432395e+01
    endloop
  endfacet
  facet normal 1.000000e+00 4.567101e-14 4.498202e-15
    outer loop
      vertex   6.361980e+01 2.915388e-01 5.651180e+01
      vertex   6.361980e+01 -1.204340e+00 5.432395e+01
      vertex   6.361980e+01 -1.173596e+00 5.401180e+01
    endloop
  endfacet
  facet normal 1.000000e+00 -6.987233e-15 -7.094257e-14
    outer loop
      vertex   6.361980e+01 -2.773596e+00 5.241180e+01
      vertex   6.361980e+01 -3.085741e+00 5.244255e+01
      vertex   6.361980e+01 -5.838731e+00 5.151180e+01
    endloop
  endfacet
  facet normal 1.000000e+00 -1.464724e-14 -4.828549e-14
    outer loop
      vertex   6.361980e+01 -5.838731e+00 5.151180e+01
      vertex   6.361980e+01 -3.085741e+00 5.244255e+01
      vertex   6.361980e+01 -3.385890e+00 5.253359e+01
    endloop
  endfacet
  facet normal 1.000000e+00 -4.203766e-14 1.746596e-14
    outer loop
      vertex   6.361980e+01 -5.838731e+00 5.151180e+01
      vertex   6.361980e+01 -3.385890e+00 5.253359e+01
      vertex   6.361980e+01 -3.662509e+00 5.268145e+01
    endloop
  endfacet
  facet normal 1.000000e+00 -1.972939e-14 -2.404033e-14
    outer loop
      vertex   6.361980e+01 -3.662509e+00 5.268145e+01
      vertex   6.361980e+01 -3.904967e+00 5.288043e+01
      vertex   6.361980e+01 -5.838731e+00 5.151180e+01
    endloop
  endfacet
  facet normal 1.000000e+00 2.997457e-15 -5.615155e-14
    outer loop
      vertex   6.361980e+01 -5.838731e+00 5.151180e+01
      vertex   6.361980e+01 -3.904967e+00 5.288043e+01
      vertex   6.361980e+01 -4.103948e+00 5.312289e+01
    endloop
  endfacet
  facet normal 1.000000e+00 -3.284572e-14 -1.755640e-14
    outer loop
      vertex   6.361980e+01 -5.838731e+00 5.151180e+01
      vertex   6.361980e+01 -4.103948e+00 5.312289e+01
      vertex   6.361980e+01 -4.251803e+00 5.339951e+01
    endloop
  endfacet
  facet normal 1.000000e+00 -3.948269e-14 -1.197694e-14
    outer loop
      vertex   6.361980e+01 -4.251803e+00 5.339951e+01
      vertex   6.361980e+01 -4.342853e+00 5.369966e+01
      vertex   6.361980e+01 -5.838731e+00 5.151180e+01
    endloop
  endfacet
  facet normal 1.000000e+00 -4.982292e-14 -4.907130e-15
    outer loop
      vertex   6.361980e+01 -5.838731e+00 5.151180e+01
      vertex   6.361980e+01 -4.342853e+00 5.369966e+01
      vertex   6.361980e+01 -4.373596e+00 5.401180e+01
    endloop
  endfacet
  facet normal 1.000000e+00 1.195224e-14 7.673592e-16
    outer loop
      vertex   6.361980e+01 -4.893219e+00 1.483866e+01
      vertex   6.361980e+01 -4.923596e+00 1.531180e+01
      vertex   6.361980e+01 -1.445202e+01 6.311802e+00
    endloop
  endfacet
  facet normal 1.000000e+00 1.349543e-14 -8.664351e-16
    outer loop
      vertex   6.361980e+01 -1.445202e+01 6.311802e+00
      vertex   6.361980e+01 -4.923596e+00 1.531180e+01
      vertex   6.361980e+01 -4.893219e+00 1.578495e+01
    endloop
  endfacet
  facet normal 1.000000e+00 5.315938e-14 -4.088904e-14
    outer loop
      vertex   6.361980e+01 -1.445202e+01 6.311802e+00
      vertex   6.361980e+01 -4.893219e+00 1.578495e+01
      vertex   6.361980e+01 -4.802587e+00 1.625032e+01
    endloop
  endfacet
  facet normal 1.000000e+00 2.706664e-15 -1.303461e-15
    outer loop
      vertex   6.361980e+01 -4.653188e+00 1.670029e+01
      vertex   6.361980e+01 -4.447475e+00 1.712746e+01
      vertex   6.361980e+01 -1.257360e+01 3.841180e+01
    endloop
  endfacet
  facet normal 1.000000e+00 2.262803e-15 -1.472922e-15
    outer loop
      vertex   6.361980e+01 -1.257360e+01 3.841180e+01
      vertex   6.361980e+01 -4.447475e+00 1.712746e+01
      vertex   6.361980e+01 -4.188827e+00 1.752481e+01
    endloop
  endfacet
  facet normal 1.000000e+00 1.900854e-15 -1.618221e-15
    outer loop
      vertex   6.361980e+01 -1.257360e+01 3.841180e+01
      vertex   6.361980e+01 -4.188827e+00 1.752481e+01
      vertex   6.361980e+01 -3.881489e+00 1.788583e+01
    endloop
  endfacet
  facet normal 1.000000e+00 -1.303198e-14 -7.941808e-15
    outer loop
      vertex   6.361980e+01 -3.881489e+00 1.788583e+01
      vertex   6.361980e+01 -3.530508e+00 1.820458e+01
      vertex   6.361980e+01 -1.257360e+01 3.841180e+01
    endloop
  endfacet
  facet normal 1.000000e+00 -2.672922e-14 -1.407156e-14
    outer loop
      vertex   6.361980e+01 -1.257360e+01 3.841180e+01
      vertex   6.361980e+01 -3.530508e+00 1.820458e+01
      vertex   6.361980e+01 -3.141649e+00 1.847583e+01
    endloop
  endfacet
  facet normal 1.000000e+00 5.965248e-16 -1.143426e-15
    outer loop
      vertex   6.361980e+01 -1.257360e+01 3.841180e+01
      vertex   6.361980e+01 -3.141649e+00 1.847583e+01
      vertex   6.361980e+01 -2.721294e+00 1.869513e+01
    endloop
  endfacet
  facet normal 1.000000e+00 4.480879e-16 -1.217600e-15
    outer loop
      vertex   6.361980e+01 -2.721294e+00 1.869513e+01
      vertex   6.361980e+01 -2.276348e+00 1.885887e+01
      vertex   6.361980e+01 -1.257360e+01 3.841180e+01
    endloop
  endfacet
  facet normal 1.000000e+00 -1.342635e-14 -8.524357e-15
    outer loop
      vertex   6.361980e+01 -1.257360e+01 3.841180e+01
      vertex   6.361980e+01 -2.276348e+00 1.885887e+01
      vertex   6.361980e+01 -1.814116e+00 1.896437e+01
    endloop
  endfacet
  facet normal 1.000000e+00 1.003816e-16 -1.040561e-15
    outer loop
      vertex   6.361980e+01 -1.257360e+01 3.841180e+01
      vertex   6.361980e+01 -1.814116e+00 1.896437e+01
      vertex   6.361980e+01 -1.342187e+00 1.900990e+01
    endloop
  endfacet
  facet normal 1.000000e+00 -5.549962e-15 -4.311442e-15
    outer loop
      vertex   6.361980e+01 -1.257360e+01 3.841180e+01
      vertex   6.361980e+01 -1.342187e+00 1.900990e+01
      vertex   6.361980e+01 5.887825e+00 4.431180e+01
    endloop
  endfacet
  facet normal 1.000000e+00 -1.873991e-16 -5.843793e-15
    outer loop
      vertex   6.361980e+01 5.887825e+00 4.431180e+01
      vertex   6.361980e+01 -1.342187e+00 1.900990e+01
      vertex   6.361980e+01 -8.683109e-01 1.899470e+01
    endloop
  endfacet
  facet normal 1.000000e+00 -1.546673e-14 -1.766341e-15
    outer loop
      vertex   6.361980e+01 5.887825e+00 4.431180e+01
      vertex   6.361980e+01 -8.683109e-01 1.899470e+01
      vertex   6.361980e+01 -4.002687e-01 1.891903e+01
    endloop
  endfacet
  facet normal 1.000000e+00 -1.547269e-15 -5.213263e-15
    outer loop
      vertex   6.361980e+01 -4.002687e-01 1.891903e+01
      vertex   6.361980e+01 5.425457e-02 1.878413e+01
      vertex   6.361980e+01 5.887825e+00 4.431180e+01
    endloop
  endfacet
  facet normal 1.000000e+00 -2.237894e-15 -5.055442e-15
    outer loop
      vertex   6.361980e+01 5.887825e+00 4.431180e+01
      vertex   6.361980e+01 5.425457e-02 1.878413e+01
      vertex   6.361980e+01 4.877955e-01 1.859222e+01
    endloop
  endfacet
  facet normal 1.000000e+00 -2.971293e-15 -4.901459e-15
    outer loop
      vertex   6.361980e+01 5.887825e+00 4.431180e+01
      vertex   6.361980e+01 4.877955e-01 1.859222e+01
      vertex   6.361980e+01 8.932355e-01 1.834644e+01
    endloop
  endfacet
  facet normal 1.000000e+00 -3.784100e-15 -4.745111e-15
    outer loop
      vertex   6.361980e+01 8.932355e-01 1.834644e+01
      vertex   6.361980e+01 1.263917e+00 1.805083e+01
      vertex   6.361980e+01 5.887825e+00 4.431180e+01
    endloop
  endfacet
  facet normal 1.000000e+00 -4.728088e-15 -4.578898e-15
    outer loop
      vertex   6.361980e+01 5.887825e+00 4.431180e+01
      vertex   6.361980e+01 1.263917e+00 1.805083e+01
      vertex   6.361980e+01 1.593754e+00 1.771025e+01
    endloop
  endfacet
  facet normal 1.000000e+00 -5.885063e-15 -4.392137e-15
    outer loop
      vertex   6.361980e+01 5.887825e+00 4.431180e+01
      vertex   6.361980e+01 1.593754e+00 1.771025e+01
      vertex   6.361980e+01 1.877330e+00 1.733028e+01
    endloop
  endfacet
  facet normal 1.000000e+00 -4.593273e-15 -4.584147e-15
    outer loop
      vertex   6.361980e+01 5.887825e+00 4.431180e+01
      vertex   6.361980e+01 1.877330e+00 1.733028e+01
      vertex   6.361980e+01 5.887825e+00 1.331180e+01
    endloop
  endfacet
  facet normal 1.000000e+00 0.000000e+00 0.000000e+00
    outer loop
      vertex   6.361980e+01 5.887825e+00 1.331180e+01
      vertex   6.361980e+01 1.877330e+00 1.733028e+01
      vertex   6.361980e+01 2.109989e+00 1.691717e+01
    endloop
  endfacet
  facet normal 1.000000e+00 0.000000e+00 0.000000e+00
    outer loop
      vertex   6.361980e+01 5.887825e+00 1.331180e+01
      vertex   6.361980e+01 2.109989e+00 1.691717e+01
      vertex   6.361980e+01 2.287910e+00 1.647770e+01
    endloop
  endfacet
  facet normal 1.000000e+00 0.000000e+00 0.000000e+00
    outer loop
      vertex   6.361980e+01 2.287910e+00 1.647770e+01
      vertex   6.361980e+01 2.408173e+00 1.601909e+01
      vertex   6.361980e+01 5.887825e+00 1.331180e+01
    endloop
  endfacet
  facet normal 1.000000e+00 0.000000e+00 0.000000e+00
    outer loop
      vertex   6.361980e+01 5.887825e+00 1.331180e+01
      vertex   6.361980e+01 2.408173e+00 1.601909e+01
      vertex   6.361980e+01 2.468802e+00 1.554886e+01
    endloop
  endfacet
  facet normal 1.000000e+00 0.000000e+00 0.000000e+00
    outer loop
      vertex   6.361980e+01 5.887825e+00 1.331180e+01
      vertex   6.361980e+01 2.468802e+00 1.554886e+01
      vertex   6.361980e+01 2.468802e+00 1.507474e+01
    endloop
  endfacet
  facet normal 1.000000e+00 0.000000e+00 0.000000e+00
    outer loop
      vertex   6.361980e+01 2.468802e+00 1.507474e+01
      vertex   6.361980e+01 2.408173e+00 1.460451e+01
      vertex   6.361980e+01 5.887825e+00 1.331180e+01
    endloop
  endfacet
  facet normal 1.000000e+00 -1.048979e-14 -2.823582e-14
    outer loop
      vertex   6.361980e+01 5.887825e+00 1.331180e+01
      vertex   6.361980e+01 2.408173e+00 1.460451e+01
      vertex   6.361980e+01 2.287910e+00 1.414590e+01
    endloop
  endfacet
  facet normal 1.000000e+00 -3.609011e-15 1.461126e-15
    outer loop
      vertex   6.361980e+01 5.887825e+00 1.331180e+01
      vertex   6.361980e+01 2.287910e+00 1.414590e+01
      vertex   6.361980e+01 2.109989e+00 1.370643e+01
    endloop
  endfacet
  facet normal 1.000000e+00 -3.552636e-15 2.000807e-15
    outer loop
      vertex   6.361980e+01 2.109989e+00 1.370643e+01
      vertex   6.361980e+01 1.877330e+00 1.329332e+01
      vertex   6.361980e+01 5.887825e+00 1.331180e+01
    endloop
  endfacet
  facet normal 1.000000e+00 -3.555644e-15 2.653646e-15
    outer loop
      vertex   6.361980e+01 5.887825e+00 1.331180e+01
      vertex   6.361980e+01 1.877330e+00 1.329332e+01
      vertex   6.361980e+01 1.593754e+00 1.291336e+01
    endloop
  endfacet
  facet normal 1.000000e+00 -8.328329e-15 4.382221e-15
    outer loop
      vertex   6.361980e+01 5.887825e+00 4.431180e+01
      vertex   6.361980e+01 2.915388e-01 5.151180e+01
      vertex   6.361980e+01 -1.257360e+01 3.841180e+01
    endloop
  endfacet
  facet normal -3.552714e-15 3.769668e-29 -1.000000e+00
    outer loop
      vertex   6.361980e+01 -1.876465e+01 4.341180e+01
      vertex   6.361980e+01 -2.077360e+01 4.341180e+01
      vertex   6.161980e+01 -1.876465e+01 4.341180e+01
    endloop
  endfacet
  facet normal -3.552714e-15 3.769668e-29 -1.000000e+00
    outer loop
      vertex   6.161980e+01 -1.876465e+01 4.341180e+01
      vertex   6.361980e+01 -2.077360e+01 4.341180e+01
      vertex   6.161980e+01 -2.077360e+01 4.341180e+01
    endloop
  endfacet
  facet normal -1.000000e+00 -3.477085e-14 -3.787647e-14
    outer loop
      vertex   6.161980e+01 -8.093212e+00 5.659098e+00
      vertex   6.161980e+01 -8.123596e+00 5.311802e+00
      vertex   6.161980e+01 -1.362360e+01 5.483375e+00
    endloop
  endfacet
  facet normal -1.000000e+00 -3.240127e-14 3.808378e-14
    outer loop
      vertex   6.161980e+01 -1.362360e+01 5.483375e+00
      vertex   6.161980e+01 -8.123596e+00 5.311802e+00
      vertex   6.161980e+01 -8.093212e+00 4.964505e+00
    endloop
  endfacet
  facet normal -1.000000e+00 -3.690204e-14 -9.887872e-15
    outer loop
      vertex   6.161980e+01 -1.362360e+01 5.483375e+00
      vertex   6.161980e+01 -8.093212e+00 4.964505e+00
      vertex   6.161980e+01 -8.002981e+00 4.627762e+00
    endloop
  endfacet
  facet normal -1.000000e+00 -3.558755e-14 -1.252814e-15
    outer loop
      vertex   6.161980e+01 -1.362360e+01 5.483375e+00
      vertex   6.161980e+01 -8.002981e+00 4.627762e+00
      vertex   6.161980e+01 -1.362360e+01 -1.881983e-01
    endloop
  endfacet
  facet normal -1.000000e+00 -3.996279e-14 3.853444e-15
    outer loop
      vertex   6.161980e+01 -1.362360e+01 -1.881983e-01
      vertex   6.161980e+01 -8.002981e+00 4.627762e+00
      vertex   6.161980e+01 -7.855647e+00 4.311802e+00
    endloop
  endfacet
  facet normal -1.000000e+00 -2.390017e-14 -1.673508e-14
    outer loop
      vertex   6.161980e+01 -1.362360e+01 -1.881983e-01
      vertex   6.161980e+01 -7.855647e+00 4.311802e+00
      vertex   6.161980e+01 -7.655685e+00 4.026227e+00
    endloop
  endfacet
  facet normal -1.000000e+00 -2.093457e-14 -2.093457e-14
    outer loop
      vertex   6.161980e+01 -7.655685e+00 4.026227e+00
      vertex   6.161980e+01 -7.409171e+00 3.779713e+00
      vertex   6.161980e+01 -1.362360e+01 -1.881983e-01
    endloop
  endfacet
  facet normal -1.000000e+00 -1.794120e-14 -2.562269e-14
    outer loop
      vertex   6.161980e+01 -1.362360e+01 -1.881983e-01
      vertex   6.161980e+01 -7.409171e+00 3.779713e+00
      vertex   6.161980e+01 -7.123596e+00 3.579751e+00
    endloop
  endfacet
  facet normal -1.000000e+00 -2.156851e-15 -5.285190e-14
    outer loop
      vertex   6.161980e+01 -1.362360e+01 -1.881983e-01
      vertex   6.161980e+01 -7.123596e+00 3.579751e+00
      vertex   6.161980e+01 -6.807636e+00 3.432417e+00
    endloop
  endfacet
  facet normal -1.000000e+00 -1.013649e-14 -3.782990e-14
    outer loop
      vertex   6.161980e+01 -6.807636e+00 3.432417e+00
      vertex   6.161980e+01 -6.470892e+00 3.342186e+00
      vertex   6.161980e+01 -1.362360e+01 -1.881983e-01
    endloop
  endfacet
  facet normal -1.000000e+00 -4.337577e-15 -4.957873e-14
    outer loop
      vertex   6.161980e+01 -1.362360e+01 -1.881983e-01
      vertex   6.161980e+01 -6.470892e+00 3.342186e+00
      vertex   6.161980e+01 -6.123596e+00 3.311802e+00
    endloop
  endfacet
  facet normal -1.000000e+00 6.339216e-15 -7.245757e-14
    outer loop
      vertex   6.161980e+01 -1.362360e+01 -1.881983e-01
      vertex   6.161980e+01 -6.123596e+00 3.311802e+00
      vertex   6.161980e+01 -5.776300e+00 3.342186e+00
    endloop
  endfacet
  facet normal -1.000000e+00 6.663105e-15 -2.486704e-14
    outer loop
      vertex   6.161980e+01 -5.439556e+00 3.432417e+00
      vertex   6.161980e+01 -1.076364e-01 3.432417e+00
      vertex   6.161980e+01 -5.776300e+00 3.342186e+00
    endloop
  endfacet
  facet normal -1.000000e+00 5.915858e-15 2.207828e-14
    outer loop
      vertex   6.161980e+01 -5.776300e+00 3.342186e+00
      vertex   6.161980e+01 -1.076364e-01 3.432417e+00
      vertex   6.161980e+01 2.291075e-01 3.342186e+00
    endloop
  endfacet
  facet normal -1.000000e+00 5.915858e-15 -7.151654e-14
    outer loop
      vertex   6.161980e+01 -5.776300e+00 3.342186e+00
      vertex   6.161980e+01 2.291075e-01 3.342186e+00
      vertex   6.161980e+01 -1.362360e+01 -1.881983e-01
    endloop
  endfacet
  facet normal -1.000000e+00 3.274390e-15 -6.115181e-14
    outer loop
      vertex   6.161980e+01 -1.362360e+01 -1.881983e-01
      vertex   6.161980e+01 2.291075e-01 3.342186e+00
      vertex   6.161980e+01 8.076404e+00 -1.881983e-01
    endloop
  endfacet
  facet normal -1.000000e+00 -7.432185e-15 -8.495026e-14
    outer loop
      vertex   6.161980e+01 8.076404e+00 -1.881983e-01
      vertex   6.161980e+01 2.291075e-01 3.342186e+00
      vertex   6.161980e+01 5.764039e-01 3.311802e+00
    endloop
  endfacet
  facet normal -1.000000e+00 5.085435e-15 -5.812679e-14
    outer loop
      vertex   6.161980e+01 8.076404e+00 -1.881983e-01
      vertex   6.161980e+01 5.764039e-01 3.311802e+00
      vertex   6.161980e+01 9.237002e-01 3.342186e+00
    endloop
  endfacet
  facet normal -1.000000e+00 6.663105e-15 -3.393745e-14
    outer loop
      vertex   6.161980e+01 -1.076364e-01 3.432417e+00
      vertex   6.161980e+01 -5.439556e+00 3.432417e+00
      vertex   6.161980e+01 -4.235961e-01 3.579751e+00
    endloop
  endfacet
  facet normal -1.000000e+00 3.023586e-15 8.996894e-14
    outer loop
      vertex   6.161980e+01 -4.235961e-01 3.579751e+00
      vertex   6.161980e+01 -5.439556e+00 3.432417e+00
      vertex   6.161980e+01 -5.123596e+00 3.579751e+00
    endloop
  endfacet
  facet normal -1.000000e+00 3.023586e-15 4.318128e-15
    outer loop
      vertex   6.161980e+01 -4.235961e-01 3.579751e+00
      vertex   6.161980e+01 -5.123596e+00 3.579751e+00
      vertex   6.161980e+01 -7.091713e-01 3.779713e+00
    endloop
  endfacet
  facet normal -1.000000e+00 3.441844e-15 -4.915462e-15
    outer loop
      vertex   6.161980e+01 -7.091713e-01 3.779713e+00
      vertex   6.161980e+01 -5.123596e+00 3.579751e+00
      vertex   6.161980e+01 -4.838021e+00 3.779713e+00
    endloop
  endfacet
  facet normal -1.000000e+00 3.441844e-15 3.441844e-15
    outer loop
      vertex   6.161980e+01 -7.091713e-01 3.779713e+00
      vertex   6.161980e+01 -4.838021e+00 3.779713e+00
      vertex   6.161980e+01 -9.556850e-01 4.026227e+00
    endloop
  endfacet
  facet normal -1.000000e+00 3.908567e-15 -3.908567e-15
    outer loop
      vertex   6.161980e+01 -9.556850e-01 4.026227e+00
      vertex   6.161980e+01 -4.838021e+00 3.779713e+00
      vertex   6.161980e+01 -4.591507e+00 4.026227e+00
    endloop
  endfacet
  facet normal -1.000000e+00 3.908567e-15 2.736808e-15
    outer loop
      vertex   6.161980e+01 -9.556850e-01 4.026227e+00
      vertex   6.161980e+01 -4.591507e+00 4.026227e+00
      vertex   6.161980e+01 -1.155647e+00 4.311802e+00
    endloop
  endfacet
  facet normal -1.000000e+00 4.391626e-15 -3.075049e-15
    outer loop
      vertex   6.161980e+01 -1.155647e+00 4.311802e+00
      vertex   6.161980e+01 -4.591507e+00 4.026227e+00
      vertex   6.161980e+01 -4.391545e+00 4.311802e+00
    endloop
  endfacet
  facet normal -1.000000e+00 4.391626e-15 2.453625e-14
    outer loop
      vertex   6.161980e+01 -1.155647e+00 4.311802e+00
      vertex   6.161980e+01 -4.391545e+00 4.311802e+00
      vertex   6.161980e+01 -1.302981e+00 4.627762e+00
    endloop
  endfacet
  facet normal -1.000000e+00 4.831603e-15 2.023538e-14
    outer loop
      vertex   6.161980e+01 -1.302981e+00 4.627762e+00
      vertex   6.161980e+01 -4.391545e+00 4.311802e+00
      vertex   6.161980e+01 -4.244211e+00 4.627762e+00
    endloop
  endfacet
  facet normal -1.000000e+00 4.831603e-15 1.294624e-15
    outer loop
      vertex   6.161980e+01 -1.302981e+00 4.627762e+00
      vertex   6.161980e+01 -4.244211e+00 4.627762e+00
      vertex   6.161980e+01 -1.393212e+00 4.964505e+00
    endloop
  endfacet
  facet normal -1.000000e+00 5.147426e-15 -1.379249e-15
    outer loop
      vertex   6.161980e+01 -1.393212e+00 4.964505e+00
      vertex   6.161980e+01 -4.244211e+00 4.627762e+00
      vertex   6.161980e+01 -4.153981e+00 4.964505e+00
    endloop
  endfacet
  facet normal -1.000000e+00 5.147426e-15 2.090960e-14
    outer loop
      vertex   6.161980e+01 -1.393212e+00 4.964505e+00
      vertex   6.161980e+01 -4.153981e+00 4.964505e+00
      vertex   6.161980e+01 -1.423596e+00 5.311802e+00
    endloop
  endfacet
  facet normal -1.000000e+00 7.894919e-15 -6.907159e-16
    outer loop
      vertex   6.161980e+01 -1.423596e+00 5.311802e+00
      vertex   6.161980e+01 -4.153981e+00 4.964505e+00
      vertex   6.161980e+01 -4.123596e+00 5.311802e+00
    endloop
  endfacet
  facet normal -1.000000e+00 7.894919e-15 -2.114998e-14
    outer loop
      vertex   6.161980e+01 -1.423596e+00 5.311802e+00
      vertex   6.161980e+01 -4.123596e+00 5.311802e+00
      vertex   6.161980e+01 -1.393212e+00 5.659098e+00
    endloop
  endfacet
  facet normal -1.000000e+00 5.147426e-15 4.503414e-16
    outer loop
      vertex   6.161980e+01 -1.393212e+00 5.659098e+00
      vertex   6.161980e+01 -4.123596e+00 5.311802e+00
      vertex   6.161980e+01 -4.153981e+00 5.659098e+00
    endloop
  endfacet
  facet normal -1.000000e+00 5.147426e-15 -1.379249e-15
    outer loop
      vertex   6.161980e+01 -1.393212e+00 5.659098e+00
      vertex   6.161980e+01 -4.153981e+00 5.659098e+00
      vertex   6.161980e+01 -1.302981e+00 5.995842e+00
    endloop
  endfacet
  facet normal -1.000000e+00 4.831603e-15 1.294624e-15
    outer loop
      vertex   6.161980e+01 -1.302981e+00 5.995842e+00
      vertex   6.161980e+01 -4.153981e+00 5.659098e+00
      vertex   6.161980e+01 -4.244211e+00 5.995842e+00
    endloop
  endfacet
  facet normal -1.000000e+00 4.831603e-15 2.023538e-14
    outer loop
      vertex   6.161980e+01 -1.302981e+00 5.995842e+00
      vertex   6.161980e+01 -4.244211e+00 5.995842e+00
      vertex   6.161980e+01 -1.155647e+00 6.311802e+00
    endloop
  endfacet
  facet normal -1.000000e+00 4.391626e-15 2.453625e-14
    outer loop
      vertex   6.161980e+01 -1.155647e+00 6.311802e+00
      vertex   6.161980e+01 -4.244211e+00 5.995842e+00
      vertex   6.161980e+01 -4.391545e+00 6.311802e+00
    endloop
  endfacet
  facet normal -1.000000e+00 4.391626e-15 6.114771e-15
    outer loop
      vertex   6.161980e+01 -1.155647e+00 6.311802e+00
      vertex   6.161980e+01 -4.391545e+00 6.311802e+00
      vertex   6.161980e+01 -2.276348e+00 1.176473e+01
    endloop
  endfacet
  facet normal -1.000000e+00 7.185208e-15 5.031137e-15
    outer loop
      vertex   6.161980e+01 -2.276348e+00 1.176473e+01
      vertex   6.161980e+01 -4.391545e+00 6.311802e+00
      vertex   6.161980e+01 -4.591507e+00 6.597377e+00
    endloop
  endfacet
  facet normal -1.000000e+00 2.606456e-15 7.082582e-15
    outer loop
      vertex   6.161980e+01 -2.276348e+00 1.176473e+01
      vertex   6.161980e+01 -4.591507e+00 6.597377e+00
      vertex   6.161980e+01 -2.721294e+00 1.192847e+01
    endloop
  endfacet
  facet normal -1.000000e+00 5.920112e-15 5.920112e-15
    outer loop
      vertex   6.161980e+01 -2.721294e+00 1.192847e+01
      vertex   6.161980e+01 -4.591507e+00 6.597377e+00
      vertex   6.161980e+01 -4.838021e+00 6.843891e+00
    endloop
  endfacet
  facet normal -1.000000e+00 3.593766e-15 6.888576e-15
    outer loop
      vertex   6.161980e+01 -2.721294e+00 1.192847e+01
      vertex   6.161980e+01 -4.838021e+00 6.843891e+00
      vertex   6.161980e+01 -3.141649e+00 1.214777e+01
    endloop
  endfacet
  facet normal -1.000000e+00 4.598435e-15 6.567246e-15
    outer loop
      vertex   6.161980e+01 -3.141649e+00 1.214777e+01
      vertex   6.161980e+01 -4.838021e+00 6.843891e+00
      vertex   6.161980e+01 -5.123596e+00 7.043853e+00
    endloop
  endfacet
  facet normal -1.000000e+00 1.896261e-14 9.893704e-16
    outer loop
      vertex   6.161980e+01 -3.141649e+00 1.214777e+01
      vertex   6.161980e+01 -5.123596e+00 7.043853e+00
      vertex   6.161980e+01 -3.530508e+00 1.241903e+01
    endloop
  endfacet
  facet normal -1.000000e+00 2.246562e-14 -4.884766e-17
    outer loop
      vertex   6.161980e+01 -3.530508e+00 1.241903e+01
      vertex   6.161980e+01 -5.123596e+00 7.043853e+00
      vertex   6.161980e+01 -5.439556e+00 7.191187e+00
    endloop
  endfacet
  facet normal -1.000000e+00 -9.641094e-15 1.167555e-14
    outer loop
      vertex   6.161980e+01 -3.530508e+00 1.241903e+01
      vertex   6.161980e+01 -5.439556e+00 7.191187e+00
      vertex   6.161980e+01 -3.881489e+00 1.273778e+01
    endloop
  endfacet
  facet normal -1.000000e+00 2.234590e-15 8.339603e-15
    outer loop
      vertex   6.161980e+01 -3.881489e+00 1.273778e+01
      vertex   6.161980e+01 -5.439556e+00 7.191187e+00
      vertex   6.161980e+01 -5.776300e+00 7.281417e+00
    endloop
  endfacet
  facet normal -1.000000e+00 7.605340e-15 6.474521e-15
    outer loop
      vertex   6.161980e+01 -3.881489e+00 1.273778e+01
      vertex   6.161980e+01 -5.776300e+00 7.281417e+00
      vertex   6.161980e+01 -4.188827e+00 1.309879e+01
    endloop
  endfacet
  facet normal -1.000000e+00 7.305775e-16 8.350539e-15
    outer loop
      vertex   6.161980e+01 -4.188827e+00 1.309879e+01
      vertex   6.161980e+01 -5.776300e+00 7.281417e+00
      vertex   6.161980e+01 -6.123596e+00 7.311802e+00
    endloop
  endfacet
  facet normal -1.000000e+00 8.723387e-15 5.678296e-15
    outer loop
      vertex   6.161980e+01 -4.188827e+00 1.309879e+01
      vertex   6.161980e+01 -6.123596e+00 7.311802e+00
      vertex   6.161980e+01 -4.447475e+00 1.349615e+01
    endloop
  endfacet
  facet normal -1.000000e+00 -7.207228e-16 8.237899e-15
    outer loop
      vertex   6.161980e+01 -4.447475e+00 1.349615e+01
      vertex   6.161980e+01 -6.123596e+00 7.311802e+00
      vertex   6.161980e+01 -6.470892e+00 7.281417e+00
    endloop
  endfacet
  facet normal -1.000000e+00 9.915328e-15 4.774970e-15
    outer loop
      vertex   6.161980e+01 -4.447475e+00 1.349615e+01
      vertex   6.161980e+01 -6.470892e+00 7.281417e+00
      vertex   6.161980e+01 -4.653188e+00 1.392331e+01
    endloop
  endfacet
  facet normal -1.000000e+00 -2.165328e-15 8.081113e-15
    outer loop
      vertex   6.161980e+01 -4.653188e+00 1.392331e+01
      vertex   6.161980e+01 -6.470892e+00 7.281417e+00
      vertex   6.161980e+01 -6.807636e+00 7.191187e+00
    endloop
  endfacet
  facet normal -1.000000e+00 3.554830e-14 -3.988186e-15
    outer loop
      vertex   6.161980e+01 -4.653188e+00 1.392331e+01
      vertex   6.161980e+01 -6.807636e+00 7.191187e+00
      vertex   6.161980e+01 -4.802587e+00 1.437328e+01
    endloop
  endfacet
  facet normal -1.000000e+00 2.267185e-14 -3.934259e-16
    outer loop
      vertex   6.161980e+01 -4.802587e+00 1.437328e+01
      vertex   6.161980e+01 -6.807636e+00 7.191187e+00
      vertex   6.161980e+01 -7.123596e+00 7.043853e+00
    endloop
  endfacet
  facet normal -1.000000e+00 -6.105445e-15 8.719479e-15
    outer loop
      vertex   6.161980e+01 -4.802587e+00 1.437328e+01
      vertex   6.161980e+01 -7.123596e+00 7.043853e+00
      vertex   6.161980e+01 -7.409171e+00 6.843891e+00
    endloop
  endfacet
  facet normal -1.000000e+00 -2.619205e-14 2.619205e-14
    outer loop
      vertex   6.161980e+01 -7.655685e+00 6.597377e+00
      vertex   6.161980e+01 -1.445202e+01 6.311802e+00
      vertex   6.161980e+01 -7.409171e+00 6.843891e+00
    endloop
  endfacet
  facet normal -1.000000e+00 -2.535320e-14 1.508873e-14
    outer loop
      vertex   6.161980e+01 -7.409171e+00 6.843891e+00
      vertex   6.161980e+01 -1.445202e+01 6.311802e+00
      vertex   6.161980e+01 -4.893219e+00 1.483866e+01
    endloop
  endfacet
  facet normal -1.000000e+00 -1.601345e-14 1.214951e-14
    outer loop
      vertex   6.161980e+01 -7.409171e+00 6.843891e+00
      vertex   6.161980e+01 -4.893219e+00 1.483866e+01
      vertex   6.161980e+01 -4.802587e+00 1.437328e+01
    endloop
  endfacet
  facet normal -1.000000e+00 -2.338796e-14 -4.054198e-14
    outer loop
      vertex   6.161980e+01 -1.445202e+01 6.311802e+00
      vertex   6.161980e+01 -7.655685e+00 6.597377e+00
      vertex   6.161980e+01 -1.362360e+01 5.483375e+00
    endloop
  endfacet
  facet normal -1.000000e+00 -3.561015e-14 2.493449e-14
    outer loop
      vertex   6.161980e+01 -1.362360e+01 5.483375e+00
      vertex   6.161980e+01 -7.655685e+00 6.597377e+00
      vertex   6.161980e+01 -7.855647e+00 6.311802e+00
    endloop
  endfacet
  facet normal -1.000000e+00 -4.125152e-14 6.421269e-14
    outer loop
      vertex   6.161980e+01 -1.362360e+01 5.483375e+00
      vertex   6.161980e+01 -7.855647e+00 6.311802e+00
      vertex   6.161980e+01 -8.002981e+00 5.995842e+00
    endloop
  endfacet
  facet normal -1.000000e+00 -3.628326e-14 9.722069e-15
    outer loop
      vertex   6.161980e+01 -8.002981e+00 5.995842e+00
      vertex   6.161980e+01 -8.093212e+00 5.659098e+00
      vertex   6.161980e+01 -1.362360e+01 5.483375e+00
    endloop
  endfacet
  facet normal -1.000000e+00 1.188416e-14 -4.435229e-14
    outer loop
      vertex   6.161980e+01 9.237002e-01 3.342186e+00
      vertex   6.161980e+01 1.260444e+00 3.432417e+00
      vertex   6.161980e+01 8.076404e+00 -1.881983e-01
    endloop
  endfacet
  facet normal -1.000000e+00 2.854479e-14 -1.298797e-14
    outer loop
      vertex   6.161980e+01 8.076404e+00 -1.881983e-01
      vertex   6.161980e+01 1.260444e+00 3.432417e+00
      vertex   6.161980e+01 1.576404e+00 3.579751e+00
    endloop
  endfacet
  facet normal -1.000000e+00 1.973532e-14 -2.818496e-14
    outer loop
      vertex   6.161980e+01 8.076404e+00 -1.881983e-01
      vertex   6.161980e+01 1.576404e+00 3.579751e+00
      vertex   6.161980e+01 1.861979e+00 3.779713e+00
    endloop
  endfacet
  facet normal -1.000000e+00 2.302803e-14 -2.302803e-14
    outer loop
      vertex   6.161980e+01 1.861979e+00 3.779713e+00
      vertex   6.161980e+01 2.108493e+00 4.026227e+00
      vertex   6.161980e+01 8.076404e+00 -1.881983e-01
    endloop
  endfacet
  facet normal -1.000000e+00 2.629019e-14 -1.840859e-14
    outer loop
      vertex   6.161980e+01 8.076404e+00 -1.881983e-01
      vertex   6.161980e+01 2.108493e+00 4.026227e+00
      vertex   6.161980e+01 2.308455e+00 4.311802e+00
    endloop
  endfacet
  facet normal -1.000000e+00 5.553727e-14 1.907934e-14
    outer loop
      vertex   6.161980e+01 8.076404e+00 -1.881983e-01
      vertex   6.161980e+01 2.308455e+00 4.311802e+00
      vertex   6.161980e+01 2.455789e+00 4.627762e+00
    endloop
  endfacet
  facet normal -1.000000e+00 3.811589e-14 -1.252814e-15
    outer loop
      vertex   6.161980e+01 8.076404e+00 -1.881983e-01
      vertex   6.161980e+01 2.455789e+00 4.627762e+00
      vertex   6.161980e+01 8.076404e+00 5.483375e+00
    endloop
  endfacet
  facet normal -1.000000e+00 3.953790e-14 -1.059415e-14
    outer loop
      vertex   6.161980e+01 8.076404e+00 5.483375e+00
      vertex   6.161980e+01 2.455789e+00 4.627762e+00
      vertex   6.161980e+01 2.546019e+00 4.964505e+00
    endloop
  endfacet
  facet normal -1.000000e+00 3.886294e-14 -3.400067e-15
    outer loop
      vertex   6.161980e+01 8.076404e+00 5.483375e+00
      vertex   6.161980e+01 2.546019e+00 4.964505e+00
      vertex   6.161980e+01 2.576404e+00 5.311802e+00
    endloop
  endfacet
  facet normal -1.000000e+00 3.865139e-14 3.381558e-15
    outer loop
      vertex   6.161980e+01 2.576404e+00 5.311802e+00
      vertex   6.161980e+01 2.546019e+00 5.659098e+00
      vertex   6.161980e+01 8.076404e+00 5.483375e+00
    endloop
  endfacet
  facet normal -1.000000e+00 3.887492e-14 1.041650e-14
    outer loop
      vertex   6.161980e+01 8.076404e+00 5.483375e+00
      vertex   6.161980e+01 2.546019e+00 5.659098e+00
      vertex   6.161980e+01 2.455789e+00 5.995842e+00
    endloop
  endfacet
  facet normal -1.000000e+00 3.704893e-14 -9.610473e-15
    outer loop
      vertex   6.161980e+01 8.076404e+00 5.483375e+00
      vertex   6.161980e+01 2.455789e+00 5.995842e+00
      vertex   6.161980e+01 5.887825e+00 1.331180e+01
    endloop
  endfacet
  facet normal -1.000000e+00 -1.573470e-14 1.515119e-14
    outer loop
      vertex   6.161980e+01 5.887825e+00 1.331180e+01
      vertex   6.161980e+01 2.455789e+00 5.995842e+00
      vertex   6.161980e+01 2.308455e+00 6.311802e+00
    endloop
  endfacet
  facet normal -1.000000e+00 5.864760e-15 4.106549e-15
    outer loop
      vertex   6.161980e+01 5.887825e+00 1.331180e+01
      vertex   6.161980e+01 2.308455e+00 6.311802e+00
      vertex   6.161980e+01 2.108493e+00 6.597377e+00
    endloop
  endfacet
  facet normal -1.000000e+00 1.020663e-15 6.833135e-15
    outer loop
      vertex   6.161980e+01 5.887825e+00 1.331180e+01
      vertex   6.161980e+01 2.108493e+00 6.597377e+00
      vertex   6.161980e+01 1.593754e+00 1.291336e+01
    endloop
  endfacet
  facet normal -1.000000e+00 7.348870e-15 7.348870e-15
    outer loop
      vertex   6.161980e+01 1.593754e+00 1.291336e+01
      vertex   6.161980e+01 2.108493e+00 6.597377e+00
      vertex   6.161980e+01 1.861979e+00 6.843891e+00
    endloop
  endfacet
  facet normal -1.000000e+00 -6.936438e-15 6.717566e-15
    outer loop
      vertex   6.161980e+01 1.593754e+00 1.291336e+01
      vertex   6.161980e+01 1.861979e+00 6.843891e+00
      vertex   6.161980e+01 1.263917e+00 1.257277e+01
    endloop
  endfacet
  facet normal -1.000000e+00 5.621657e-15 8.028558e-15
    outer loop
      vertex   6.161980e+01 1.263917e+00 1.257277e+01
      vertex   6.161980e+01 1.861979e+00 6.843891e+00
      vertex   6.161980e+01 1.576404e+00 7.043853e+00
    endloop
  endfacet
  facet normal -1.000000e+00 3.079970e-14 9.451585e-15
    outer loop
      vertex   6.161980e+01 1.263917e+00 1.257277e+01
      vertex   6.161980e+01 1.576404e+00 7.043853e+00
      vertex   6.161980e+01 8.932355e-01 1.227716e+01
    endloop
  endfacet
  facet normal -1.000000e+00 2.664269e-14 8.908920e-15
    outer loop
      vertex   6.161980e+01 8.932355e-01 1.227716e+01
      vertex   6.161980e+01 1.576404e+00 7.043853e+00
      vertex   6.161980e+01 1.260444e+00 7.191187e+00
    endloop
  endfacet
  facet normal -1.000000e+00 1.908633e-15 7.123115e-15
    outer loop
      vertex   6.161980e+01 8.932355e-01 1.227716e+01
      vertex   6.161980e+01 1.260444e+00 7.191187e+00
      vertex   6.161980e+01 9.237002e-01 7.281417e+00
    endloop
  endfacet
  facet normal -1.000000e+00 -4.295141e-15 7.085284e-15
    outer loop
      vertex   6.161980e+01 8.932355e-01 1.227716e+01
      vertex   6.161980e+01 9.237002e-01 7.281417e+00
      vertex   6.161980e+01 4.877955e-01 1.203138e+01
    endloop
  endfacet
  facet normal -1.000000e+00 6.596633e-16 7.539987e-15
    outer loop
      vertex   6.161980e+01 4.877955e-01 1.203138e+01
      vertex   6.161980e+01 9.237002e-01 7.281417e+00
      vertex   6.161980e+01 5.764039e-01 7.311802e+00
    endloop
  endfacet
  facet normal -1.000000e+00 -3.304780e-15 7.465556e-15
    outer loop
      vertex   6.161980e+01 4.877955e-01 1.203138e+01
      vertex   6.161980e+01 5.764039e-01 7.311802e+00
      vertex   6.161980e+01 5.425457e-02 1.183947e+01
    endloop
  endfacet
  facet normal -1.000000e+00 -6.796380e-16 7.768298e-15
    outer loop
      vertex   6.161980e+01 5.425457e-02 1.183947e+01
      vertex   6.161980e+01 5.764039e-01 7.311802e+00
      vertex   6.161980e+01 2.291075e-01 7.281417e+00
    endloop
  endfacet
  facet normal -1.000000e+00 -2.287286e-15 7.706626e-15
    outer loop
      vertex   6.161980e+01 5.425457e-02 1.183947e+01
      vertex   6.161980e+01 2.291075e-01 7.281417e+00
      vertex   6.161980e+01 -4.002687e-01 1.170457e+01
    endloop
  endfacet
  facet normal -1.000000e+00 -2.073149e-15 7.737096e-15
    outer loop
      vertex   6.161980e+01 -4.002687e-01 1.170457e+01
      vertex   6.161980e+01 2.291075e-01 7.281417e+00
      vertex   6.161980e+01 -1.076364e-01 7.191187e+00
    endloop
  endfacet
  facet normal -1.000000e+00 1.376428e-14 8.763941e-15
    outer loop
      vertex   6.161980e+01 -4.002687e-01 1.170457e+01
      vertex   6.161980e+01 -1.076364e-01 7.191187e+00
      vertex   6.161980e+01 -8.683109e-01 1.162890e+01
    endloop
  endfacet
  facet normal -1.000000e+00 3.888240e-14 1.306947e-14
    outer loop
      vertex   6.161980e+01 -8.683109e-01 1.162890e+01
      vertex   6.161980e+01 -1.076364e-01 7.191187e+00
      vertex   6.161980e+01 -4.235961e-01 7.043853e+00
    endloop
  endfacet
  facet normal -1.000000e+00 -2.972498e-16 9.269344e-15
    outer loop
      vertex   6.161980e+01 -8.683109e-01 1.162890e+01
      vertex   6.161980e+01 -4.235961e-01 7.043853e+00
      vertex   6.161980e+01 -1.342187e+00 1.161370e+01
    endloop
  endfacet
  facet normal -1.000000e+00 -5.726325e-15 8.178039e-15
    outer loop
      vertex   6.161980e+01 -1.342187e+00 1.161370e+01
      vertex   6.161980e+01 -4.235961e-01 7.043853e+00
      vertex   6.161980e+01 -7.091713e-01 6.843891e+00
    endloop
  endfacet
  facet normal -1.000000e+00 8.734199e-16 9.053911e-15
    outer loop
      vertex   6.161980e+01 -1.342187e+00 1.161370e+01
      vertex   6.161980e+01 -7.091713e-01 6.843891e+00
      vertex   6.161980e+01 -1.814116e+00 1.165923e+01
    endloop
  endfacet
  facet normal -1.000000e+00 -7.201103e-15 7.201103e-15
    outer loop
      vertex   6.161980e+01 -1.814116e+00 1.165923e+01
      vertex   6.161980e+01 -7.091713e-01 6.843891e+00
      vertex   6.161980e+01 -9.556850e-01 6.597377e+00
    endloop
  endfacet
  facet normal -1.000000e+00 3.398164e-14 1.418521e-14
    outer loop
      vertex   6.161980e+01 -1.814116e+00 1.165923e+01
      vertex   6.161980e+01 -9.556850e-01 6.597377e+00
      vertex   6.161980e+01 -2.276348e+00 1.176473e+01
    endloop
  endfacet
  facet normal -1.000000e+00 -5.754684e-15 4.029473e-15
    outer loop
      vertex   6.161980e+01 -2.276348e+00 1.176473e+01
      vertex   6.161980e+01 -9.556850e-01 6.597377e+00
      vertex   6.161980e+01 -1.155647e+00 6.311802e+00
    endloop
  endfacet
  facet normal -1.000000e+00 -3.251830e-14 4.813354e-15
    outer loop
      vertex   6.161980e+01 1.588782e+01 4.431180e+01
      vertex   6.161980e+01 1.807640e+01 4.581180e+01
      vertex   6.161980e+01 1.588782e+01 1.331180e+01
    endloop
  endfacet
  facet normal -1.000000e+00 5.765786e-14 -1.259190e-15
    outer loop
      vertex   6.161980e+01 1.588782e+01 1.331180e+01
      vertex   6.161980e+01 1.807640e+01 4.581180e+01
      vertex   6.161980e+01 1.807640e+01 6.311802e+00
    endloop
  endfacet
  facet normal -1.000000e+00 3.098892e-15 -1.831728e-14
    outer loop
      vertex   6.161980e+01 1.588782e+01 1.331180e+01
      vertex   6.161980e+01 1.807640e+01 6.311802e+00
      vertex   6.161980e+01 8.904831e+00 6.311802e+00
    endloop
  endfacet
  facet normal -1.000000e+00 2.842171e-15 -4.677944e-14
    outer loop
      vertex   6.161980e+01 1.807640e+01 4.581180e+01
      vertex   6.161980e+01 1.588782e+01 4.431180e+01
      vertex   6.161980e+01 8.076404e+00 4.581180e+01
    endloop
  endfacet
  facet normal -1.000000e+00 4.973799e-15 -3.567874e-14
    outer loop
      vertex   6.161980e+01 8.076404e+00 4.581180e+01
      vertex   6.161980e+01 1.588782e+01 4.431180e+01
      vertex   6.161980e+01 5.887825e+00 4.431180e+01
    endloop
  endfacet
  facet normal -1.000000e+00 -1.947956e-14 7.532597e-29
    outer loop
      vertex   6.161980e+01 8.076404e+00 4.581180e+01
      vertex   6.161980e+01 5.887825e+00 4.431180e+01
      vertex   6.161980e+01 8.076404e+00 4.673055e+01
    endloop
  endfacet
  facet normal -1.000000e+00 -3.438273e-15 -1.451482e-14
    outer loop
      vertex   6.161980e+01 8.076404e+00 4.673055e+01
      vertex   6.161980e+01 5.887825e+00 4.431180e+01
      vertex   6.161980e+01 2.915388e-01 5.151180e+01
    endloop
  endfacet
  facet normal -1.000000e+00 8.580962e-15 -5.172724e-15
    outer loop
      vertex   6.161980e+01 2.915388e-01 5.151180e+01
      vertex   6.161980e+01 5.887825e+00 4.431180e+01
      vertex   6.161980e+01 -1.257360e+01 3.841180e+01
    endloop
  endfacet
  facet normal -1.000000e+00 -1.545199e-14 1.842935e-14
    outer loop
      vertex   6.161980e+01 2.915388e-01 5.151180e+01
      vertex   6.161980e+01 -1.257360e+01 3.841180e+01
      vertex   6.161980e+01 -2.773596e+00 5.241180e+01
    endloop
  endfacet
  facet normal -1.000000e+00 2.928299e-14 -1.288514e-14
    outer loop
      vertex   6.161980e+01 -2.773596e+00 5.241180e+01
      vertex   6.161980e+01 -1.257360e+01 3.841180e+01
      vertex   6.161980e+01 -5.838731e+00 5.151180e+01
    endloop
  endfacet
  facet normal -1.000000e+00 6.404964e-15 6.503069e-14
    outer loop
      vertex   6.161980e+01 -2.773596e+00 5.241180e+01
      vertex   6.161980e+01 -5.838731e+00 5.151180e+01
      vertex   6.161980e+01 -3.085741e+00 5.244255e+01
    endloop
  endfacet
  facet normal -1.000000e+00 1.342664e-14 4.426170e-14
    outer loop
      vertex   6.161980e+01 -3.085741e+00 5.244255e+01
      vertex   6.161980e+01 -5.838731e+00 5.151180e+01
      vertex   6.161980e+01 -3.385890e+00 5.253359e+01
    endloop
  endfacet
  facet normal -1.000000e+00 2.915889e-14 6.496002e-15
    outer loop
      vertex   6.161980e+01 -3.385890e+00 5.253359e+01
      vertex   6.161980e+01 -5.838731e+00 5.151180e+01
      vertex   6.161980e+01 -3.662509e+00 5.268145e+01
    endloop
  endfacet
  facet normal -1.000000e+00 1.972939e-14 2.404033e-14
    outer loop
      vertex   6.161980e+01 -3.662509e+00 5.268145e+01
      vertex   6.161980e+01 -5.838731e+00 5.151180e+01
      vertex   6.161980e+01 -3.904967e+00 5.288043e+01
    endloop
  endfacet
  facet normal -1.000000e+00 1.012296e-14 3.761345e-14
    outer loop
      vertex   6.161980e+01 -3.904967e+00 5.288043e+01
      vertex   6.161980e+01 -5.838731e+00 5.151180e+01
      vertex   6.161980e+01 -4.103948e+00 5.312289e+01
    endloop
  endfacet
  facet normal -1.000000e+00 3.010858e-14 1.609337e-14
    outer loop
      vertex   6.161980e+01 -4.103948e+00 5.312289e+01
      vertex   6.161980e+01 -5.838731e+00 5.151180e+01
      vertex   6.161980e+01 -4.251803e+00 5.339951e+01
    endloop
  endfacet
  facet normal -1.000000e+00 3.619247e-14 1.097886e-14
    outer loop
      vertex   6.161980e+01 -4.251803e+00 5.339951e+01
      vertex   6.161980e+01 -5.838731e+00 5.151180e+01
      vertex   6.161980e+01 -4.342853e+00 5.369966e+01
    endloop
  endfacet
  facet normal -1.000000e+00 4.567101e-14 4.498202e-15
    outer loop
      vertex   6.161980e+01 -4.342853e+00 5.369966e+01
      vertex   6.161980e+01 -5.838731e+00 5.151180e+01
      vertex   6.161980e+01 -4.373596e+00 5.401180e+01
    endloop
  endfacet
  facet normal -1.000000e+00 5.334642e-14 -5.513441e-29
    outer loop
      vertex   6.161980e+01 -4.373596e+00 5.401180e+01
      vertex   6.161980e+01 -5.838731e+00 5.151180e+01
      vertex   6.161980e+01 -5.838731e+00 5.651180e+01
    endloop
  endfacet
  facet normal -1.000000e+00 4.567101e-14 -4.498202e-15
    outer loop
      vertex   6.161980e+01 -4.373596e+00 5.401180e+01
      vertex   6.161980e+01 -5.838731e+00 5.651180e+01
      vertex   6.161980e+01 -4.342853e+00 5.432395e+01
    endloop
  endfacet
  facet normal -1.000000e+00 3.619247e-14 -1.097886e-14
    outer loop
      vertex   6.161980e+01 -4.342853e+00 5.432395e+01
      vertex   6.161980e+01 -5.838731e+00 5.651180e+01
      vertex   6.161980e+01 -4.251803e+00 5.462410e+01
    endloop
  endfacet
  facet normal -1.000000e+00 3.010858e-14 -1.609337e-14
    outer loop
      vertex   6.161980e+01 -4.251803e+00 5.462410e+01
      vertex   6.161980e+01 -5.838731e+00 5.651180e+01
      vertex   6.161980e+01 -4.103948e+00 5.490071e+01
    endloop
  endfacet
  facet normal -1.000000e+00 4.101246e-14 -4.352310e-15
    outer loop
      vertex   6.161980e+01 -4.103948e+00 5.490071e+01
      vertex   6.161980e+01 -5.838731e+00 5.651180e+01
      vertex   6.161980e+01 -3.904967e+00 5.514317e+01
    endloop
  endfacet
  facet normal -1.000000e+00 2.367526e-14 -2.884839e-14
    outer loop
      vertex   6.161980e+01 -3.904967e+00 5.514317e+01
      vertex   6.161980e+01 -5.838731e+00 5.651180e+01
      vertex   6.161980e+01 -3.662509e+00 5.534215e+01
    endloop
  endfacet
  facet normal -1.000000e+00 4.529368e-14 1.137436e-14
    outer loop
      vertex   6.161980e+01 -3.662509e+00 5.534215e+01
      vertex   6.161980e+01 -5.838731e+00 5.651180e+01
      vertex   6.161980e+01 -3.385890e+00 5.549001e+01
    endloop
  endfacet
  facet normal -1.000000e+00 1.708845e-14 -5.633307e-14
    outer loop
      vertex   6.161980e+01 -3.385890e+00 5.549001e+01
      vertex   6.161980e+01 -5.838731e+00 5.651180e+01
      vertex   6.161980e+01 -3.085741e+00 5.558106e+01
    endloop
  endfacet
  facet normal -1.000000e+00 8.151772e-15 -8.276633e-14
    outer loop
      vertex   6.161980e+01 -3.085741e+00 5.558106e+01
      vertex   6.161980e+01 -5.838731e+00 5.651180e+01
      vertex   6.161980e+01 -2.773596e+00 5.561180e+01
    endloop
  endfacet
  facet normal -1.000000e+00 2.318145e-15 -1.026340e-13
    outer loop
      vertex   6.161980e+01 -2.773596e+00 5.561180e+01
      vertex   6.161980e+01 -5.838731e+00 5.651180e+01
      vertex   6.161980e+01 2.915388e-01 5.651180e+01
    endloop
  endfacet
  facet normal -1.000000e+00 -6.987233e-15 -7.094257e-14
    outer loop
      vertex   6.161980e+01 -2.773596e+00 5.561180e+01
      vertex   6.161980e+01 2.915388e-01 5.651180e+01
      vertex   6.161980e+01 -2.461452e+00 5.558106e+01
    endloop
  endfacet
  facet normal -1.000000e+00 -1.464724e-14 -4.828549e-14
    outer loop
      vertex   6.161980e+01 -2.461452e+00 5.558106e+01
      vertex   6.161980e+01 2.915388e-01 5.651180e+01
      vertex   6.161980e+01 -2.161303e+00 5.549001e+01
    endloop
  endfacet
  facet normal -1.000000e+00 -8.285384e-15 -6.355731e-14
    outer loop
      vertex   6.161980e+01 -2.161303e+00 5.549001e+01
      vertex   6.161980e+01 2.915388e-01 5.651180e+01
      vertex   6.161980e+01 -1.884684e+00 5.534215e+01
    endloop
  endfacet
  facet normal -1.000000e+00 -2.564820e-14 -3.125243e-14
    outer loop
      vertex   6.161980e+01 -1.884684e+00 5.534215e+01
      vertex   6.161980e+01 2.915388e-01 5.651180e+01
      vertex   6.161980e+01 -1.642225e+00 5.514317e+01
    endloop
  endfacet
  facet normal -1.000000e+00 -4.333680e-14 -6.259844e-15
    outer loop
      vertex   6.161980e+01 -1.642225e+00 5.514317e+01
      vertex   6.161980e+01 2.915388e-01 5.651180e+01
      vertex   6.161980e+01 -1.443245e+00 5.490071e+01
    endloop
  endfacet
  facet normal -1.000000e+00 -3.284572e-14 -1.755640e-14
    outer loop
      vertex   6.161980e+01 -1.443245e+00 5.490071e+01
      vertex   6.161980e+01 2.915388e-01 5.651180e+01
      vertex   6.161980e+01 -1.295389e+00 5.462410e+01
    endloop
  endfacet
  facet normal -1.000000e+00 -3.948269e-14 -1.197694e-14
    outer loop
      vertex   6.161980e+01 -1.295389e+00 5.462410e+01
      vertex   6.161980e+01 2.915388e-01 5.651180e+01
      vertex   6.161980e+01 -1.204340e+00 5.432395e+01
    endloop
  endfacet
  facet normal -1.000000e+00 -4.982292e-14 -4.907130e-15
    outer loop
      vertex   6.161980e+01 -1.204340e+00 5.432395e+01
      vertex   6.161980e+01 2.915388e-01 5.651180e+01
      vertex   6.161980e+01 -1.173596e+00 5.401180e+01
    endloop
  endfacet
  facet normal -1.000000e+00 -5.819609e-14 5.513441e-29
    outer loop
      vertex   6.161980e+01 -1.173596e+00 5.401180e+01
      vertex   6.161980e+01 2.915388e-01 5.651180e+01
      vertex   6.161980e+01 2.915388e-01 5.151180e+01
    endloop
  endfacet
  facet normal -1.000000e+00 -4.982292e-14 4.907130e-15
    outer loop
      vertex   6.161980e+01 -1.173596e+00 5.401180e+01
      vertex   6.161980e+01 2.915388e-01 5.151180e+01
      vertex   6.161980e+01 -1.204340e+00 5.369966e+01
    endloop
  endfacet
  facet normal -1.000000e+00 -3.948269e-14 1.197694e-14
    outer loop
      vertex   6.161980e+01 -1.204340e+00 5.369966e+01
      vertex   6.161980e+01 2.915388e-01 5.151180e+01
      vertex   6.161980e+01 -1.295389e+00 5.339951e+01
    endloop
  endfacet
  facet normal -1.000000e+00 -3.284572e-14 1.755640e-14
    outer loop
      vertex   6.161980e+01 -1.295389e+00 5.339951e+01
      vertex   6.161980e+01 2.915388e-01 5.151180e+01
      vertex   6.161980e+01 -1.443245e+00 5.312289e+01
    endloop
  endfacet
  facet normal -1.000000e+00 2.997457e-15 5.615155e-14
    outer loop
      vertex   6.161980e+01 -1.443245e+00 5.312289e+01
      vertex   6.161980e+01 2.915388e-01 5.151180e+01
      vertex   6.161980e+01 -1.642225e+00 5.288043e+01
    endloop
  endfacet
  facet normal -1.000000e+00 -1.972939e-14 2.404033e-14
    outer loop
      vertex   6.161980e+01 -1.642225e+00 5.288043e+01
      vertex   6.161980e+01 2.915388e-01 5.151180e+01
      vertex   6.161980e+01 -1.884684e+00 5.268145e+01
    endloop
  endfacet
  facet normal -1.000000e+00 -3.401348e-15 5.441992e-14
    outer loop
      vertex   6.161980e+01 -1.884684e+00 5.268145e+01
      vertex   6.161980e+01 2.915388e-01 5.151180e+01
      vertex   6.161980e+01 -2.161303e+00 5.253359e+01
    endloop
  endfacet
  facet normal -1.000000e+00 -1.098543e-14 3.621412e-14
    outer loop
      vertex   6.161980e+01 -2.161303e+00 5.253359e+01
      vertex   6.161980e+01 2.915388e-01 5.151180e+01
      vertex   6.161980e+01 -2.461452e+00 5.244255e+01
    endloop
  endfacet
  facet normal -1.000000e+00 -5.240425e-15 5.320693e-14
    outer loop
      vertex   6.161980e+01 -2.461452e+00 5.244255e+01
      vertex   6.161980e+01 2.915388e-01 5.151180e+01
      vertex   6.161980e+01 -2.773596e+00 5.241180e+01
    endloop
  endfacet
  facet normal -1.000000e+00 1.509184e-15 5.042561e-15
    outer loop
      vertex   6.161980e+01 5.887825e+00 1.331180e+01
      vertex   6.161980e+01 1.877330e+00 1.733028e+01
      vertex   6.161980e+01 5.887825e+00 4.431180e+01
    endloop
  endfacet
  facet normal -1.000000e+00 5.885063e-15 4.392137e-15
    outer loop
      vertex   6.161980e+01 5.887825e+00 4.431180e+01
      vertex   6.161980e+01 1.877330e+00 1.733028e+01
      vertex   6.161980e+01 1.593754e+00 1.771025e+01
    endloop
  endfacet
  facet normal -1.000000e+00 4.728088e-15 4.578898e-15
    outer loop
      vertex   6.161980e+01 5.887825e+00 4.431180e+01
      vertex   6.161980e+01 1.593754e+00 1.771025e+01
      vertex   6.161980e+01 1.263917e+00 1.805083e+01
    endloop
  endfacet
  facet normal -1.000000e+00 2.230845e-14 -1.373144e-14
    outer loop
      vertex   6.161980e+01 8.076404e+00 5.483375e+00
      vertex   6.161980e+01 5.887825e+00 1.331180e+01
      vertex   6.161980e+01 8.904831e+00 6.311802e+00
    endloop
  endfacet
  facet normal -1.000000e+00 5.684342e-15 -2.089645e-14
    outer loop
      vertex   6.161980e+01 8.904831e+00 6.311802e+00
      vertex   6.161980e+01 5.887825e+00 1.331180e+01
      vertex   6.161980e+01 1.588782e+01 1.331180e+01
    endloop
  endfacet
  facet normal -1.000000e+00 1.061067e-14 -1.570695e-29
    outer loop
      vertex   6.161980e+01 -1.876465e+01 4.341180e+01
      vertex   6.161980e+01 -2.077360e+01 4.341180e+01
      vertex   6.161980e+01 -1.876465e+01 4.581180e+01
    endloop
  endfacet
  facet normal -1.000000e+00 5.849355e-15 3.985515e-15
    outer loop
      vertex   6.161980e+01 -1.876465e+01 4.581180e+01
      vertex   6.161980e+01 -2.077360e+01 4.341180e+01
      vertex   6.161980e+01 -2.362360e+01 4.581180e+01
    endloop
  endfacet
  facet normal -1.000000e+00 4.886539e-15 2.842171e-15
    outer loop
      vertex   6.161980e+01 -2.362360e+01 4.581180e+01
      vertex   6.161980e+01 -2.077360e+01 4.341180e+01
      vertex   6.161980e+01 -2.077360e+01 3.841180e+01
    endloop
  endfacet
  facet normal -1.000000e+00 -5.762608e-15 -1.259190e-15
    outer loop
      vertex   6.161980e+01 -2.362360e+01 4.581180e+01
      vertex   6.161980e+01 -2.077360e+01 3.841180e+01
      vertex   6.161980e+01 -2.362360e+01 6.311802e+00
    endloop
  endfacet
  facet normal -1.000000e+00 3.098892e-15 -2.045958e-15
    outer loop
      vertex   6.161980e+01 -2.362360e+01 6.311802e+00
      vertex   6.161980e+01 -2.077360e+01 3.841180e+01
      vertex   6.161980e+01 -1.445202e+01 6.311802e+00
    endloop
  endfacet
  facet normal -1.000000e+00 5.199093e-15 -1.632358e-15
    outer loop
      vertex   6.161980e+01 -1.445202e+01 6.311802e+00
      vertex   6.161980e+01 -2.077360e+01 3.841180e+01
      vertex   6.161980e+01 -1.257360e+01 3.841180e+01
    endloop
  endfacet
  facet normal -1.000000e+00 -9.514540e-15 -7.713457e-16
    outer loop
      vertex   6.161980e+01 -1.445202e+01 6.311802e+00
      vertex   6.161980e+01 -1.257360e+01 3.841180e+01
      vertex   6.161980e+01 -4.802587e+00 1.625032e+01
    endloop
  endfacet
  facet normal -1.000000e+00 1.937384e-14 9.358476e-15
    outer loop
      vertex   6.161980e+01 -4.802587e+00 1.625032e+01
      vertex   6.161980e+01 -1.257360e+01 3.841180e+01
      vertex   6.161980e+01 -4.653188e+00 1.670029e+01
    endloop
  endfacet
  facet normal -1.000000e+00 -2.706664e-15 1.303461e-15
    outer loop
      vertex   6.161980e+01 -4.653188e+00 1.670029e+01
      vertex   6.161980e+01 -1.257360e+01 3.841180e+01
      vertex   6.161980e+01 -4.447475e+00 1.712746e+01
    endloop
  endfacet
  facet normal -1.000000e+00 -2.262803e-15 1.472922e-15
    outer loop
      vertex   6.161980e+01 -4.447475e+00 1.712746e+01
      vertex   6.161980e+01 -1.257360e+01 3.841180e+01
      vertex   6.161980e+01 -4.188827e+00 1.752481e+01
    endloop
  endfacet
  facet normal -1.000000e+00 -1.900854e-15 1.618221e-15
    outer loop
      vertex   6.161980e+01 -4.188827e+00 1.752481e+01
      vertex   6.161980e+01 -1.257360e+01 3.841180e+01
      vertex   6.161980e+01 -3.881489e+00 1.788583e+01
    endloop
  endfacet
  facet normal -1.000000e+00 1.303198e-14 7.941808e-15
    outer loop
      vertex   6.161980e+01 -3.881489e+00 1.788583e+01
      vertex   6.161980e+01 -1.257360e+01 3.841180e+01
      vertex   6.161980e+01 -3.530508e+00 1.820458e+01
    endloop
  endfacet
  facet normal -1.000000e+00 1.280383e-14 7.839706e-15
    outer loop
      vertex   6.161980e+01 -3.530508e+00 1.820458e+01
      vertex   6.161980e+01 -1.257360e+01 3.841180e+01
      vertex   6.161980e+01 -3.141649e+00 1.847583e+01
    endloop
  endfacet
  facet normal -1.000000e+00 -7.456561e-16 1.429283e-15
    outer loop
      vertex   6.161980e+01 -3.141649e+00 1.847583e+01
      vertex   6.161980e+01 -1.257360e+01 3.841180e+01
      vertex   6.161980e+01 -2.721294e+00 1.869513e+01
    endloop
  endfacet
  facet normal -1.000000e+00 -5.601098e-16 1.521999e-15
    outer loop
      vertex   6.161980e+01 -2.721294e+00 1.869513e+01
      vertex   6.161980e+01 -1.257360e+01 3.841180e+01
      vertex   6.161980e+01 -2.276348e+00 1.885887e+01
    endloop
  endfacet
  facet normal -1.000000e+00 1.335231e-14 8.848759e-15
    outer loop
      vertex   6.161980e+01 -2.276348e+00 1.885887e+01
      vertex   6.161980e+01 -1.257360e+01 3.841180e+01
      vertex   6.161980e+01 -1.814116e+00 1.896437e+01
    endloop
  endfacet
  facet normal -1.000000e+00 -1.338422e-16 1.387414e-15
    outer loop
      vertex   6.161980e+01 -1.814116e+00 1.896437e+01
      vertex   6.161980e+01 -1.257360e+01 3.841180e+01
      vertex   6.161980e+01 -1.342187e+00 1.900990e+01
    endloop
  endfacet
  facet normal -1.000000e+00 5.451195e-15 4.620491e-15
    outer loop
      vertex   6.161980e+01 -1.342187e+00 1.900990e+01
      vertex   6.161980e+01 -1.257360e+01 3.841180e+01
      vertex   6.161980e+01 5.887825e+00 4.431180e+01
    endloop
  endfacet
  facet normal -1.000000e+00 1.963228e-16 6.122069e-15
    outer loop
      vertex   6.161980e+01 -1.342187e+00 1.900990e+01
      vertex   6.161980e+01 5.887825e+00 4.431180e+01
      vertex   6.161980e+01 -8.683109e-01 1.899470e+01
    endloop
  endfacet
  facet normal -1.000000e+00 3.006351e-14 -1.848307e-15
    outer loop
      vertex   6.161980e+01 -8.683109e-01 1.899470e+01
      vertex   6.161980e+01 5.887825e+00 4.431180e+01
      vertex   6.161980e+01 -4.002687e-01 1.891903e+01
    endloop
  endfacet
  facet normal -1.000000e+00 1.547269e-15 5.213263e-15
    outer loop
      vertex   6.161980e+01 -4.002687e-01 1.891903e+01
      vertex   6.161980e+01 5.887825e+00 4.431180e+01
      vertex   6.161980e+01 5.425457e-02 1.878413e+01
    endloop
  endfacet
  facet normal -1.000000e+00 2.237894e-15 5.055442e-15
    outer loop
      vertex   6.161980e+01 5.425457e-02 1.878413e+01
      vertex   6.161980e+01 5.887825e+00 4.431180e+01
      vertex   6.161980e+01 4.877955e-01 1.859222e+01
    endloop
  endfacet
  facet normal -1.000000e+00 2.971293e-15 4.901459e-15
    outer loop
      vertex   6.161980e+01 4.877955e-01 1.859222e+01
      vertex   6.161980e+01 5.887825e+00 4.431180e+01
      vertex   6.161980e+01 8.932355e-01 1.834644e+01
    endloop
  endfacet
  facet normal -1.000000e+00 3.784100e-15 4.745111e-15
    outer loop
      vertex   6.161980e+01 8.932355e-01 1.834644e+01
      vertex   6.161980e+01 5.887825e+00 4.431180e+01
      vertex   6.161980e+01 1.263917e+00 1.805083e+01
    endloop
  endfacet
  facet normal -1.000000e+00 -4.072382e-15 4.263256e-15
    outer loop
      vertex   6.161980e+01 -1.257360e+01 3.841180e+01
      vertex   6.161980e+01 -1.257360e+01 4.341180e+01
      vertex   6.161980e+01 -5.838731e+00 5.151180e+01
    endloop
  endfacet
  facet normal -1.000000e+00 6.359902e-15 -4.410822e-15
    outer loop
      vertex   6.161980e+01 -5.838731e+00 5.151180e+01
      vertex   6.161980e+01 -1.257360e+01 4.341180e+01
      vertex   6.161980e+01 -1.362360e+01 4.673055e+01
    endloop
  endfacet
  facet normal -1.000000e+00 4.474566e-14 7.733846e-15
    outer loop
      vertex   6.161980e+01 -1.362360e+01 4.673055e+01
      vertex   6.161980e+01 -1.257360e+01 4.341180e+01
      vertex   6.161980e+01 -1.362360e+01 4.581180e+01
    endloop
  endfacet
  facet normal -1.000000e+00 0.000000e+00 -1.184238e-14
    outer loop
      vertex   6.161980e+01 -1.362360e+01 4.581180e+01
      vertex   6.161980e+01 -1.257360e+01 4.341180e+01
      vertex   6.161980e+01 -1.458254e+01 4.341180e+01
    endloop
  endfacet
  facet normal -1.000000e+00 -2.963843e-14 2.193685e-29
    outer loop
      vertex   6.161980e+01 -1.362360e+01 4.581180e+01
      vertex   6.161980e+01 -1.458254e+01 4.341180e+01
      vertex   6.161980e+01 -1.458254e+01 4.581180e+01
    endloop
  endfacet
  facet normal -1.000000e+00 -1.270158e-14 8.154683e-16
    outer loop
      vertex   6.161980e+01 -4.893219e+00 1.578495e+01
      vertex   6.161980e+01 -4.923596e+00 1.531180e+01
      vertex   6.161980e+01 -1.445202e+01 6.311802e+00
    endloop
  endfacet
  facet normal -1.000000e+00 -1.124917e-14 -7.222204e-16
    outer loop
      vertex   6.161980e+01 -1.445202e+01 6.311802e+00
      vertex   6.161980e+01 -4.923596e+00 1.531180e+01
      vertex   6.161980e+01 -4.893219e+00 1.483866e+01
    endloop
  endfacet
  facet normal -1.000000e+00 1.777822e-15 -1.326823e-15
    outer loop
      vertex   6.161980e+01 1.593754e+00 1.291336e+01
      vertex   6.161980e+01 1.877330e+00 1.329332e+01
      vertex   6.161980e+01 5.887825e+00 1.331180e+01
    endloop
  endfacet
  facet normal -1.000000e+00 1.776318e-15 -1.000404e-15
    outer loop
      vertex   6.161980e+01 5.887825e+00 1.331180e+01
      vertex   6.161980e+01 1.877330e+00 1.329332e+01
      vertex   6.161980e+01 2.109989e+00 1.370643e+01
    endloop
  endfacet
  facet normal -1.000000e+00 1.804505e-15 -7.305632e-16
    outer loop
      vertex   6.161980e+01 5.887825e+00 1.331180e+01
      vertex   6.161980e+01 2.109989e+00 1.370643e+01
      vertex   6.161980e+01 2.287910e+00 1.414590e+01
    endloop
  endfacet
  facet normal -1.000000e+00 1.201324e-14 4.332960e-14
    outer loop
      vertex   6.161980e+01 2.287910e+00 1.414590e+01
      vertex   6.161980e+01 2.408173e+00 1.460451e+01
      vertex   6.161980e+01 5.887825e+00 1.331180e+01
    endloop
  endfacet
  facet normal -1.000000e+00 -3.897305e-15 5.025018e-16
    outer loop
      vertex   6.161980e+01 5.887825e+00 1.331180e+01
      vertex   6.161980e+01 2.408173e+00 1.460451e+01
      vertex   6.161980e+01 2.468802e+00 1.507474e+01
    endloop
  endfacet
  facet normal -1.000000e+00 -4.156408e-15 0.000000e+00
    outer loop
      vertex   6.161980e+01 5.887825e+00 1.331180e+01
      vertex   6.161980e+01 2.468802e+00 1.507474e+01
      vertex   6.161980e+01 2.468802e+00 1.554886e+01
    endloop
  endfacet
  facet normal -1.000000e+00 -4.539359e-15 -5.852856e-16
    outer loop
      vertex   6.161980e+01 2.468802e+00 1.554886e+01
      vertex   6.161980e+01 2.408173e+00 1.601909e+01
      vertex   6.161980e+01 5.887825e+00 1.331180e+01
    endloop
  endfacet
  facet normal -1.000000e+00 -5.130795e-15 -1.345453e-15
    outer loop
      vertex   6.161980e+01 5.887825e+00 1.331180e+01
      vertex   6.161980e+01 2.408173e+00 1.601909e+01
      vertex   6.161980e+01 2.287910e+00 1.647770e+01
    endloop
  endfacet
  facet normal -1.000000e+00 -6.130168e-15 -2.481830e-15
    outer loop
      vertex   6.161980e+01 5.887825e+00 1.331180e+01
      vertex   6.161980e+01 2.287910e+00 1.647770e+01
      vertex   6.161980e+01 2.109989e+00 1.691717e+01
    endloop
  endfacet
  facet normal -1.000000e+00 -8.132899e-15 -4.580363e-15
    outer loop
      vertex   6.161980e+01 2.109989e+00 1.691717e+01
      vertex   6.161980e+01 1.877330e+00 1.733028e+01
      vertex   6.161980e+01 5.887825e+00 1.331180e+01
    endloop
  endfacet
  facet normal -1.000000e+00 -5.223827e-14 4.070966e-14
    outer loop
      vertex   6.161980e+01 -4.802587e+00 1.625032e+01
      vertex   6.161980e+01 -4.893219e+00 1.578495e+01
      vertex   6.161980e+01 -1.445202e+01 6.311802e+00
    endloop
  endfacet
  facet normal 7.105427e-15 1.000000e+00 -1.421085e-15
    outer loop
      vertex   6.161980e+01 -2.077360e+01 3.841180e+01
      vertex   6.161980e+01 -2.077360e+01 4.341180e+01
      vertex   6.361980e+01 -2.077360e+01 3.841180e+01
    endloop
  endfacet
  facet normal 7.105427e-15 1.000000e+00 -1.421085e-15
    outer loop
      vertex   6.361980e+01 -2.077360e+01 3.841180e+01
      vertex   6.161980e+01 -2.077360e+01 4.341180e+01
      vertex   6.361980e+01 -2.077360e+01 4.341180e+01
    endloop
  endfacet
  facet normal 3.552714e-15 8.665155e-16 1.000000e+00
    outer loop
      vertex   6.161980e+01 -1.257360e+01 3.841180e+01
      vertex   6.161980e+01 -2.077360e+01 3.841180e+01
      vertex   6.361980e+01 -1.257360e+01 3.841180e+01
    endloop
  endfacet
  facet normal 3.552714e-15 8.665155e-16 1.000000e+00
    outer loop
      vertex   6.361980e+01 -1.257360e+01 3.841180e+01
      vertex   6.161980e+01 -2.077360e+01 3.841180e+01
      vertex   6.361980e+01 -2.077360e+01 3.841180e+01
    endloop
  endfacet
  facet normal -7.105427e-15 -1.000000e+00 1.421085e-15
    outer loop
      vertex   6.161980e+01 -1.257360e+01 4.341180e+01
      vertex   6.161980e+01 -1.257360e+01 3.841180e+01
      vertex   6.361980e+01 -1.257360e+01 4.341180e+01
    endloop
  endfacet
  facet normal -6.217249e-15 -1.000000e+00 1.065814e-15
    outer loop
      vertex   6.361980e+01 -1.257360e+01 4.341180e+01
      vertex   6.161980e+01 -1.257360e+01 3.841180e+01
      vertex   6.361980e+01 -1.257360e+01 3.841180e+01
    endloop
  endfacet
  facet normal -7.105427e-15 -1.421085e-15 -1.000000e+00
    outer loop
      vertex   6.161980e+01 5.887825e+00 4.431180e+01
      vertex   6.161980e+01 1.588782e+01 4.431180e+01
      vertex   6.361980e+01 5.887825e+00 4.431180e+01
    endloop
  endfacet
  facet normal -3.552714e-15 -7.105427e-16 -1.000000e+00
    outer loop
      vertex   6.361980e+01 5.887825e+00 4.431180e+01
      vertex   6.161980e+01 1.588782e+01 4.431180e+01
      vertex   6.361980e+01 1.588782e+01 4.431180e+01
    endloop
  endfacet
  facet normal 4.884981e-15 1.000000e+00 -5.730183e-16
    outer loop
      vertex   6.161980e+01 5.887825e+00 1.331180e+01
      vertex   6.161980e+01 5.887825e+00 4.431180e+01
      vertex   6.361980e+01 5.887825e+00 1.331180e+01
    endloop
  endfacet
  facet normal 5.773160e-15 1.000000e+00 -5.157165e-16
    outer loop
      vertex   6.361980e+01 5.887825e+00 1.331180e+01
      vertex   6.161980e+01 5.887825e+00 4.431180e+01
      vertex   6.361980e+01 5.887825e+00 4.431180e+01
    endloop
  endfacet
  facet normal -6.217249e-15 -1.000000e+00 5.730183e-16
    outer loop
      vertex   6.161980e+01 1.588782e+01 4.431180e+01
      vertex   6.161980e+01 1.588782e+01 1.331180e+01
      vertex   6.361980e+01 1.588782e+01 4.431180e+01
    endloop
  endfacet
  facet normal -5.329071e-15 -1.000000e+00 5.157165e-16
    outer loop
      vertex   6.361980e+01 1.588782e+01 4.431180e+01
      vertex   6.161980e+01 1.588782e+01 1.331180e+01
      vertex   6.361980e+01 1.588782e+01 1.331180e+01
    endloop
  endfacet
  facet normal 5.863040e-15 9.979454e-01 -6.407022e-02
    outer loop
      vertex   6.161980e+01 -4.893219e+00 1.578495e+01
      vertex   6.361980e+01 -4.893219e+00 1.578495e+01
      vertex   6.161980e+01 -4.923596e+00 1.531180e+01
    endloop
  endfacet
  facet normal 6.363123e-15 9.979454e-01 -6.407022e-02
    outer loop
      vertex   6.161980e+01 -4.923596e+00 1.531180e+01
      vertex   6.361980e+01 -4.893219e+00 1.578495e+01
      vertex   6.361980e+01 -4.923596e+00 1.531180e+01
    endloop
  endfacet
  facet normal 6.932181e-15 9.979454e-01 6.407022e-02
    outer loop
      vertex   6.161980e+01 -4.923596e+00 1.531180e+01
      vertex   6.361980e+01 -4.923596e+00 1.531180e+01
      vertex   6.161980e+01 -4.893219e+00 1.483866e+01
    endloop
  endfacet
  facet normal 6.545910e-15 9.979454e-01 6.407022e-02
    outer loop
      vertex   6.161980e+01 -4.893219e+00 1.483866e+01
      vertex   6.361980e+01 -4.923596e+00 1.531180e+01
      vertex   6.361980e+01 -4.893219e+00 1.483866e+01
    endloop
  endfacet
  facet normal 7.121295e-15 9.815592e-01 1.911586e-01
    outer loop
      vertex   6.161980e+01 -4.893219e+00 1.483866e+01
      vertex   6.361980e+01 -4.893219e+00 1.483866e+01
      vertex   6.161980e+01 -4.802587e+00 1.437328e+01
    endloop
  endfacet
  facet normal 6.855179e-15 9.815592e-01 1.911586e-01
    outer loop
      vertex   6.161980e+01 -4.802587e+00 1.437328e+01
      vertex   6.361980e+01 -4.893219e+00 1.483866e+01
      vertex   6.361980e+01 -4.802587e+00 1.437328e+01
    endloop
  endfacet
  facet normal 7.438157e-15 9.490557e-01 3.151082e-01
    outer loop
      vertex   6.161980e+01 -4.802587e+00 1.437328e+01
      vertex   6.361980e+01 -4.802587e+00 1.437328e+01
      vertex   6.161980e+01 -4.653188e+00 1.392331e+01
    endloop
  endfacet
  facet normal 6.598540e-15 9.490557e-01 3.151082e-01
    outer loop
      vertex   6.161980e+01 -4.653188e+00 1.392331e+01
      vertex   6.361980e+01 -4.802587e+00 1.437328e+01
      vertex   6.361980e+01 -4.653188e+00 1.392331e+01
    endloop
  endfacet
  facet normal 6.742902e-15 9.009689e-01 4.338837e-01
    outer loop
      vertex   6.161980e+01 -4.653188e+00 1.392331e+01
      vertex   6.361980e+01 -4.653188e+00 1.392331e+01
      vertex   6.161980e+01 -4.447475e+00 1.349615e+01
    endloop
  endfacet
  facet normal 7.513634e-15 9.009689e-01 4.338837e-01
    outer loop
      vertex   6.161980e+01 -4.447475e+00 1.349615e+01
      vertex   6.361980e+01 -4.653188e+00 1.392331e+01
      vertex   6.361980e+01 -4.447475e+00 1.349615e+01
    endloop
  endfacet
  facet normal 7.745610e-15 8.380881e-01 5.455349e-01
    outer loop
      vertex   6.161980e+01 -4.447475e+00 1.349615e+01
      vertex   6.361980e+01 -4.447475e+00 1.349615e+01
      vertex   6.161980e+01 -4.188827e+00 1.309879e+01
    endloop
  endfacet
  facet normal 7.633264e-15 8.380881e-01 5.455349e-01
    outer loop
      vertex   6.161980e+01 -4.188827e+00 1.309879e+01
      vertex   6.361980e+01 -4.447475e+00 1.349615e+01
      vertex   6.361980e+01 -4.188827e+00 1.309879e+01
    endloop
  endfacet
  facet normal 7.612811e-15 7.614460e-01 6.482284e-01
    outer loop
      vertex   6.161980e+01 -4.188827e+00 1.309879e+01
      vertex   6.361980e+01 -4.188827e+00 1.309879e+01
      vertex   6.161980e+01 -3.881489e+00 1.273778e+01
    endloop
  endfacet
  facet normal 6.936512e-15 7.614460e-01 6.482284e-01
    outer loop
      vertex   6.161980e+01 -3.881489e+00 1.273778e+01
      vertex   6.361980e+01 -4.188827e+00 1.309879e+01
      vertex   6.361980e+01 -3.881489e+00 1.273778e+01
    endloop
  endfacet
  facet normal 6.870234e-15 6.723009e-01 7.402780e-01
    outer loop
      vertex   6.161980e+01 -3.881489e+00 1.273778e+01
      vertex   6.361980e+01 -3.881489e+00 1.273778e+01
      vertex   6.161980e+01 -3.530508e+00 1.241903e+01
    endloop
  endfacet
  facet normal 7.616637e-15 6.723009e-01 7.402780e-01
    outer loop
      vertex   6.161980e+01 -3.530508e+00 1.241903e+01
      vertex   6.361980e+01 -3.881489e+00 1.273778e+01
      vertex   6.361980e+01 -3.530508e+00 1.241903e+01
    endloop
  endfacet
  facet normal 7.326324e-15 5.721167e-01 8.201723e-01
    outer loop
      vertex   6.161980e+01 -3.530508e+00 1.241903e+01
      vertex   6.361980e+01 -3.530508e+00 1.241903e+01
      vertex   6.161980e+01 -3.141649e+00 1.214777e+01
    endloop
  endfacet
  facet normal 6.818182e-15 5.721167e-01 8.201723e-01
    outer loop
      vertex   6.161980e+01 -3.141649e+00 1.214777e+01
      vertex   6.361980e+01 -3.530508e+00 1.241903e+01
      vertex   6.361980e+01 -3.141649e+00 1.214777e+01
    endloop
  endfacet
  facet normal 6.504895e-15 4.625383e-01 8.865993e-01
    outer loop
      vertex   6.161980e+01 -3.141649e+00 1.214777e+01
      vertex   6.361980e+01 -3.141649e+00 1.214777e+01
      vertex   6.161980e+01 -2.721294e+00 1.192847e+01
    endloop
  endfacet
  facet normal 6.881537e-15 4.625383e-01 8.865993e-01
    outer loop
      vertex   6.161980e+01 -2.721294e+00 1.192847e+01
      vertex   6.361980e+01 -3.141649e+00 1.214777e+01
      vertex   6.361980e+01 -2.721294e+00 1.192847e+01
    endloop
  endfacet
  facet normal 6.611580e-15 3.453651e-01 9.384684e-01
    outer loop
      vertex   6.161980e+01 -2.721294e+00 1.192847e+01
      vertex   6.361980e+01 -2.721294e+00 1.192847e+01
      vertex   6.161980e+01 -2.276348e+00 1.176473e+01
    endloop
  endfacet
  facet normal 6.084798e-15 3.453651e-01 9.384684e-01
    outer loop
      vertex   6.161980e+01 -2.276348e+00 1.176473e+01
      vertex   6.361980e+01 -2.721294e+00 1.192847e+01
      vertex   6.361980e+01 -2.276348e+00 1.176473e+01
    endloop
  endfacet
  facet normal 5.564789e-15 2.225209e-01 9.749279e-01
    outer loop
      vertex   6.161980e+01 -2.276348e+00 1.176473e+01
      vertex   6.361980e+01 -2.276348e+00 1.176473e+01
      vertex   6.161980e+01 -1.814116e+00 1.165923e+01
    endloop
  endfacet
  facet normal 7.197790e-15 2.225209e-01 9.749279e-01
    outer loop
      vertex   6.161980e+01 -1.814116e+00 1.165923e+01
      vertex   6.361980e+01 -2.276348e+00 1.176473e+01
      vertex   6.361980e+01 -1.814116e+00 1.165923e+01
    endloop
  endfacet
  facet normal 6.678912e-15 9.602303e-02 9.953791e-01
    outer loop
      vertex   6.161980e+01 -1.814116e+00 1.165923e+01
      vertex   6.361980e+01 -1.814116e+00 1.165923e+01
      vertex   6.161980e+01 -1.342187e+00 1.161370e+01
    endloop
  endfacet
  facet normal 4.111975e-15 9.602303e-02 9.953791e-01
    outer loop
      vertex   6.161980e+01 -1.342187e+00 1.161370e+01
      vertex   6.361980e+01 -1.814116e+00 1.165923e+01
      vertex   6.361980e+01 -1.342187e+00 1.161370e+01
    endloop
  endfacet
  facet normal 3.358733e-15 -3.205158e-02 9.994862e-01
    outer loop
      vertex   6.161980e+01 -1.342187e+00 1.161370e+01
      vertex   6.361980e+01 -1.342187e+00 1.161370e+01
      vertex   6.161980e+01 -8.683109e-01 1.162890e+01
    endloop
  endfacet
  facet normal 4.276701e-15 -3.205158e-02 9.994862e-01
    outer loop
      vertex   6.161980e+01 -8.683109e-01 1.162890e+01
      vertex   6.361980e+01 -1.342187e+00 1.161370e+01
      vertex   6.361980e+01 -8.683109e-01 1.162890e+01
    endloop
  endfacet
  facet normal 3.577747e-15 -1.595999e-01 9.871818e-01
    outer loop
      vertex   6.161980e+01 -8.683109e-01 1.162890e+01
      vertex   6.361980e+01 -8.683109e-01 1.162890e+01
      vertex   6.161980e+01 -4.002687e-01 1.170457e+01
    endloop
  endfacet
  facet normal 3.378406e-15 -1.595999e-01 9.871818e-01
    outer loop
      vertex   6.161980e+01 -4.002687e-01 1.170457e+01
      vertex   6.361980e+01 -8.683109e-01 1.162890e+01
      vertex   6.361980e+01 -4.002687e-01 1.170457e+01
    endloop
  endfacet
  facet normal 2.464670e-15 -2.845276e-01 9.586679e-01
    outer loop
      vertex   6.161980e+01 -4.002687e-01 1.170457e+01
      vertex   6.361980e+01 -4.002687e-01 1.170457e+01
      vertex   6.161980e+01 5.425457e-02 1.183947e+01
    endloop
  endfacet
  facet normal 2.697638e-15 -2.845276e-01 9.586679e-01
    outer loop
      vertex   6.161980e+01 5.425457e-02 1.183947e+01
      vertex   6.361980e+01 -4.002687e-01 1.170457e+01
      vertex   6.361980e+01 5.425457e-02 1.183947e+01
    endloop
  endfacet
  facet normal 1.841896e-15 -4.047833e-01 9.144126e-01
    outer loop
      vertex   6.161980e+01 5.425457e-02 1.183947e+01
      vertex   6.361980e+01 5.425457e-02 1.183947e+01
      vertex   6.161980e+01 4.877955e-01 1.203138e+01
    endloop
  endfacet
  facet normal 1.510464e-15 -4.047833e-01 9.144126e-01
    outer loop
      vertex   6.161980e+01 4.877955e-01 1.203138e+01
      vertex   6.361980e+01 5.425457e-02 1.183947e+01
      vertex   6.361980e+01 4.877955e-01 1.203138e+01
    endloop
  endfacet
  facet normal 5.314562e-16 -5.183926e-01 8.551428e-01
    outer loop
      vertex   6.161980e+01 4.877955e-01 1.203138e+01
      vertex   6.361980e+01 4.877955e-01 1.203138e+01
      vertex   6.161980e+01 8.932355e-01 1.227716e+01
    endloop
  endfacet
  facet normal 8.911633e-16 -5.183926e-01 8.551428e-01
    outer loop
      vertex   6.161980e+01 8.932355e-01 1.227716e+01
      vertex   6.361980e+01 4.877955e-01 1.203138e+01
      vertex   6.361980e+01 8.932355e-01 1.227716e+01
    endloop
  endfacet
  facet normal -2.364505e-17 -6.234898e-01 7.818315e-01
    outer loop
      vertex   6.161980e+01 8.932355e-01 1.227716e+01
      vertex   6.361980e+01 8.932355e-01 1.227716e+01
      vertex   6.161980e+01 1.263917e+00 1.257277e+01
    endloop
  endfacet
  facet normal -6.834403e-16 -6.234898e-01 7.818315e-01
    outer loop
      vertex   6.161980e+01 1.263917e+00 1.257277e+01
      vertex   6.361980e+01 8.932355e-01 1.227716e+01
      vertex   6.361980e+01 1.263917e+00 1.257277e+01
    endloop
  endfacet
  facet normal -1.516079e-15 -7.183494e-01 6.956826e-01
    outer loop
      vertex   6.161980e+01 1.263917e+00 1.257277e+01
      vertex   6.361980e+01 1.263917e+00 1.257277e+01
      vertex   6.161980e+01 1.593754e+00 1.291336e+01
    endloop
  endfacet
  facet normal -1.595832e-15 -7.183494e-01 6.956826e-01
    outer loop
      vertex   6.161980e+01 1.593754e+00 1.291336e+01
      vertex   6.361980e+01 1.263917e+00 1.257277e+01
      vertex   6.361980e+01 1.593754e+00 1.291336e+01
    endloop
  endfacet
  facet normal -2.412799e-15 -8.014136e-01 5.981105e-01
    outer loop
      vertex   6.161980e+01 1.593754e+00 1.291336e+01
      vertex   6.361980e+01 1.593754e+00 1.291336e+01
      vertex   6.161980e+01 1.877330e+00 1.329332e+01
    endloop
  endfacet
  facet normal -2.590748e-15 -8.014136e-01 5.981105e-01
    outer loop
      vertex   6.161980e+01 1.877330e+00 1.329332e+01
      vertex   6.361980e+01 1.593754e+00 1.291336e+01
      vertex   6.361980e+01 1.877330e+00 1.329332e+01
    endloop
  endfacet
  facet normal -3.383619e-15 -8.713187e-01 4.907176e-01
    outer loop
      vertex   6.161980e+01 1.877330e+00 1.329332e+01
      vertex   6.361980e+01 1.877330e+00 1.329332e+01
      vertex   6.161980e+01 2.109989e+00 1.370643e+01
    endloop
  endfacet
  facet normal -3.237982e-15 -8.713187e-01 4.907176e-01
    outer loop
      vertex   6.161980e+01 2.109989e+00 1.370643e+01
      vertex   6.361980e+01 1.877330e+00 1.329332e+01
      vertex   6.361980e+01 2.109989e+00 1.370643e+01
    endloop
  endfacet
  facet normal -4.096352e-15 -9.269168e-01 3.752670e-01
    outer loop
      vertex   6.161980e+01 2.109989e+00 1.370643e+01
      vertex   6.361980e+01 2.109989e+00 1.370643e+01
      vertex   6.161980e+01 2.287910e+00 1.414590e+01
    endloop
  endfacet
  facet normal -4.018022e-15 -9.269168e-01 3.752670e-01
    outer loop
      vertex   6.161980e+01 2.287910e+00 1.414590e+01
      vertex   6.361980e+01 2.109989e+00 1.370643e+01
      vertex   6.361980e+01 2.287910e+00 1.414590e+01
    endloop
  endfacet
  facet normal -4.683186e-15 -9.672949e-01 2.536546e-01
    outer loop
      vertex   6.161980e+01 2.287910e+00 1.414590e+01
      vertex   6.361980e+01 2.287910e+00 1.414590e+01
      vertex   6.161980e+01 2.408173e+00 1.460451e+01
    endloop
  endfacet
  facet normal -5.112751e-15 -9.672949e-01 2.536546e-01
    outer loop
      vertex   6.161980e+01 2.408173e+00 1.460451e+01
      vertex   6.361980e+01 2.287910e+00 1.414590e+01
      vertex   6.361980e+01 2.408173e+00 1.460451e+01
    endloop
  endfacet
  facet normal -5.711894e-15 -9.917900e-01 1.278772e-01
    outer loop
      vertex   6.161980e+01 2.408173e+00 1.460451e+01
      vertex   6.361980e+01 2.408173e+00 1.460451e+01
      vertex   6.161980e+01 2.468802e+00 1.507474e+01
    endloop
  endfacet
  facet normal -5.711894e-15 -9.917900e-01 1.278772e-01
    outer loop
      vertex   6.161980e+01 2.468802e+00 1.507474e+01
      vertex   6.361980e+01 2.408173e+00 1.460451e+01
      vertex   6.361980e+01 2.468802e+00 1.507474e+01
    endloop
  endfacet
  facet normal -6.217249e-15 -1.000000e+00 0.000000e+00
    outer loop
      vertex   6.161980e+01 2.468802e+00 1.507474e+01
      vertex   6.361980e+01 2.468802e+00 1.507474e+01
      vertex   6.161980e+01 2.468802e+00 1.554886e+01
    endloop
  endfacet
  facet normal -6.217249e-15 -1.000000e+00 0.000000e+00
    outer loop
      vertex   6.161980e+01 2.468802e+00 1.554886e+01
      vertex   6.361980e+01 2.468802e+00 1.507474e+01
      vertex   6.361980e+01 2.468802e+00 1.554886e+01
    endloop
  endfacet
  facet normal -6.620516e-15 -9.917900e-01 -1.278772e-01
    outer loop
      vertex   6.161980e+01 2.468802e+00 1.554886e+01
      vertex   6.361980e+01 2.468802e+00 1.554886e+01
      vertex   6.161980e+01 2.408173e+00 1.601909e+01
    endloop
  endfacet
  facet normal -6.620516e-15 -9.917900e-01 -1.278772e-01
    outer loop
      vertex   6.161980e+01 2.408173e+00 1.601909e+01
      vertex   6.361980e+01 2.468802e+00 1.554886e+01
      vertex   6.361980e+01 2.408173e+00 1.601909e+01
    endloop
  endfacet
  facet normal -6.915075e-15 -9.672949e-01 -2.536546e-01
    outer loop
      vertex   6.161980e+01 2.408173e+00 1.601909e+01
      vertex   6.361980e+01 2.408173e+00 1.601909e+01
      vertex   6.161980e+01 2.287910e+00 1.647770e+01
    endloop
  endfacet
  facet normal -7.344640e-15 -9.672949e-01 -2.536546e-01
    outer loop
      vertex   6.161980e+01 2.287910e+00 1.647770e+01
      vertex   6.361980e+01 2.408173e+00 1.601909e+01
      vertex   6.361980e+01 2.287910e+00 1.647770e+01
    endloop
  endfacet
  facet normal -7.507722e-15 -9.269168e-01 -3.752670e-01
    outer loop
      vertex   6.161980e+01 2.287910e+00 1.647770e+01
      vertex   6.361980e+01 2.287910e+00 1.647770e+01
      vertex   6.161980e+01 2.109989e+00 1.691717e+01
    endloop
  endfacet
  facet normal -7.096088e-15 -9.269168e-01 -3.752670e-01
    outer loop
      vertex   6.161980e+01 2.109989e+00 1.691717e+01
      vertex   6.361980e+01 2.287910e+00 1.647770e+01
      vertex   6.361980e+01 2.109989e+00 1.691717e+01
    endloop
  endfacet
  facet normal -7.160584e-15 -8.713187e-01 -4.907176e-01
    outer loop
      vertex   6.161980e+01 2.109989e+00 1.691717e+01
      vertex   6.361980e+01 2.109989e+00 1.691717e+01
      vertex   6.161980e+01 1.877330e+00 1.733028e+01
    endloop
  endfacet
  facet normal -7.450792e-15 -8.713187e-01 -4.907176e-01
    outer loop
      vertex   6.161980e+01 1.877330e+00 1.733028e+01
      vertex   6.361980e+01 2.109989e+00 1.691717e+01
      vertex   6.361980e+01 1.877330e+00 1.733028e+01
    endloop
  endfacet
  facet normal -7.374428e-15 -8.014136e-01 -5.981105e-01
    outer loop
      vertex   6.161980e+01 1.877330e+00 1.733028e+01
      vertex   6.361980e+01 1.877330e+00 1.733028e+01
      vertex   6.161980e+01 1.593754e+00 1.771025e+01
    endloop
  endfacet
  facet normal -7.552377e-15 -8.014136e-01 -5.981105e-01
    outer loop
      vertex   6.161980e+01 1.593754e+00 1.771025e+01
      vertex   6.361980e+01 1.877330e+00 1.733028e+01
      vertex   6.361980e+01 1.593754e+00 1.771025e+01
    endloop
  endfacet
  facet normal -7.336482e-15 -7.183494e-01 -6.956826e-01
    outer loop
      vertex   6.161980e+01 1.593754e+00 1.771025e+01
      vertex   6.361980e+01 1.593754e+00 1.771025e+01
      vertex   6.161980e+01 1.263917e+00 1.805083e+01
    endloop
  endfacet
  facet normal -7.575740e-15 -7.183494e-01 -6.956826e-01
    outer loop
      vertex   6.161980e+01 1.263917e+00 1.805083e+01
      vertex   6.361980e+01 1.593754e+00 1.771025e+01
      vertex   6.361980e+01 1.263917e+00 1.805083e+01
    endloop
  endfacet
  facet normal -7.207785e-15 -6.234898e-01 -7.818315e-01
    outer loop
      vertex   6.161980e+01 1.263917e+00 1.805083e+01
      vertex   6.361980e+01 1.263917e+00 1.805083e+01
      vertex   6.161980e+01 8.932355e-01 1.834644e+01
    endloop
  endfacet
  facet normal -8.527375e-15 -6.234898e-01 -7.818315e-01
    outer loop
      vertex   6.161980e+01 8.932355e-01 1.834644e+01
      vertex   6.361980e+01 1.263917e+00 1.805083e+01
      vertex   6.361980e+01 8.932355e-01 1.834644e+01
    endloop
  endfacet
  facet normal -8.182964e-15 -5.183926e-01 -8.551428e-01
    outer loop
      vertex   6.161980e+01 8.932355e-01 1.834644e+01
      vertex   6.361980e+01 8.932355e-01 1.834644e+01
      vertex   6.161980e+01 4.877955e-01 1.859222e+01
    endloop
  endfacet
  facet normal -6.304218e-15 -5.183926e-01 -8.551428e-01
    outer loop
      vertex   6.161980e+01 4.877955e-01 1.859222e+01
      vertex   6.361980e+01 8.932355e-01 1.834644e+01
      vertex   6.361980e+01 4.877955e-01 1.859222e+01
    endloop
  endfacet
  facet normal -5.798990e-15 -4.047833e-01 -9.144126e-01
    outer loop
      vertex   6.161980e+01 4.877955e-01 1.859222e+01
      vertex   6.361980e+01 4.877955e-01 1.859222e+01
      vertex   6.161980e+01 5.425457e-02 1.878413e+01
    endloop
  endfacet
  facet normal -6.141657e-15 -4.047833e-01 -9.144126e-01
    outer loop
      vertex   6.161980e+01 5.425457e-02 1.878413e+01
      vertex   6.361980e+01 4.877955e-01 1.859222e+01
      vertex   6.361980e+01 5.425457e-02 1.878413e+01
    endloop
  endfacet
  facet normal -5.439408e-15 -2.845276e-01 -9.586679e-01
    outer loop
      vertex   6.161980e+01 5.425457e-02 1.878413e+01
      vertex   6.361980e+01 5.425457e-02 1.878413e+01
      vertex   6.161980e+01 -4.002687e-01 1.891903e+01
    endloop
  endfacet
  facet normal -5.198543e-15 -2.845276e-01 -9.586679e-01
    outer loop
      vertex   6.161980e+01 -4.002687e-01 1.891903e+01
      vertex   6.361980e+01 5.425457e-02 1.878413e+01
      vertex   6.361980e+01 -4.002687e-01 1.891903e+01
    endloop
  endfacet
  facet normal -4.512736e-15 -1.595999e-01 -9.871818e-01
    outer loop
      vertex   6.161980e+01 -4.002687e-01 1.891903e+01
      vertex   6.361980e+01 -4.002687e-01 1.891903e+01
      vertex   6.161980e+01 -8.683109e-01 1.899470e+01
    endloop
  endfacet
  facet normal -6.465663e-15 -1.595999e-01 -9.871818e-01
    outer loop
      vertex   6.161980e+01 -8.683109e-01 1.899470e+01
      vertex   6.361980e+01 -4.002687e-01 1.891903e+01
      vertex   6.361980e+01 -8.683109e-01 1.899470e+01
    endloop
  endfacet
  facet normal -5.568306e-15 -3.205158e-02 -9.994862e-01
    outer loop
      vertex   6.161980e+01 -8.683109e-01 1.899470e+01
      vertex   6.361980e+01 -8.683109e-01 1.899470e+01
      vertex   6.161980e+01 -1.342187e+00 1.900990e+01
    endloop
  endfacet
  facet normal -3.771512e-15 -3.205158e-02 -9.994862e-01
    outer loop
      vertex   6.161980e+01 -1.342187e+00 1.900990e+01
      vertex   6.361980e+01 -8.683109e-01 1.899470e+01
      vertex   6.361980e+01 -1.342187e+00 1.900990e+01
    endloop
  endfacet
  facet normal -2.875334e-15 9.602303e-02 -9.953791e-01
    outer loop
      vertex   6.161980e+01 -1.342187e+00 1.900990e+01
      vertex   6.361980e+01 -1.342187e+00 1.900990e+01
      vertex   6.161980e+01 -1.814116e+00 1.896437e+01
    endloop
  endfacet
  facet normal -4.590179e-15 9.602303e-02 -9.953791e-01
    outer loop
      vertex   6.161980e+01 -1.814116e+00 1.896437e+01
      vertex   6.361980e+01 -1.342187e+00 1.900990e+01
      vertex   6.361980e+01 -1.814116e+00 1.896437e+01
    endloop
  endfacet
  facet normal -3.540239e-15 2.225209e-01 -9.749279e-01
    outer loop
      vertex   6.161980e+01 -1.814116e+00 1.896437e+01
      vertex   6.361980e+01 -1.814116e+00 1.896437e+01
      vertex   6.161980e+01 -2.276348e+00 1.885887e+01
    endloop
  endfacet
  facet normal -1.882533e-15 2.225209e-01 -9.749279e-01
    outer loop
      vertex   6.161980e+01 -2.276348e+00 1.885887e+01
      vertex   6.361980e+01 -1.814116e+00 1.896437e+01
      vertex   6.361980e+01 -2.276348e+00 1.885887e+01
    endloop
  endfacet
  facet normal -8.801433e-16 3.453651e-01 -9.384684e-01
    outer loop
      vertex   6.161980e+01 -2.276348e+00 1.885887e+01
      vertex   6.361980e+01 -2.276348e+00 1.885887e+01
      vertex   6.161980e+01 -2.721294e+00 1.869513e+01
    endloop
  endfacet
  facet normal -2.240452e-15 3.453651e-01 -9.384684e-01
    outer loop
      vertex   6.161980e+01 -2.721294e+00 1.869513e+01
      vertex   6.361980e+01 -2.276348e+00 1.885887e+01
      vertex   6.361980e+01 -2.721294e+00 1.869513e+01
    endloop
  endfacet
  facet normal -1.027401e-15 4.625383e-01 -8.865993e-01
    outer loop
      vertex   6.161980e+01 -2.721294e+00 1.869513e+01
      vertex   6.361980e+01 -2.721294e+00 1.869513e+01
      vertex   6.161980e+01 -3.141649e+00 1.847583e+01
    endloop
  endfacet
  facet normal 2.394029e-16 4.625383e-01 -8.865993e-01
    outer loop
      vertex   6.161980e+01 -3.141649e+00 1.847583e+01
      vertex   6.361980e+01 -2.721294e+00 1.869513e+01
      vertex   6.361980e+01 -3.141649e+00 1.847583e+01
    endloop
  endfacet
  facet normal 1.278332e-15 5.721167e-01 -8.201723e-01
    outer loop
      vertex   6.161980e+01 -3.141649e+00 1.847583e+01
      vertex   6.361980e+01 -3.141649e+00 1.847583e+01
      vertex   6.161980e+01 -3.530508e+00 1.820458e+01
    endloop
  endfacet
  facet normal 7.701899e-16 5.721167e-01 -8.201723e-01
    outer loop
      vertex   6.161980e+01 -3.530508e+00 1.820458e+01
      vertex   6.361980e+01 -3.141649e+00 1.847583e+01
      vertex   6.361980e+01 -3.530508e+00 1.820458e+01
    endloop
  endfacet
  facet normal 1.699147e-15 6.723009e-01 -7.402780e-01
    outer loop
      vertex   6.161980e+01 -3.530508e+00 1.820458e+01
      vertex   6.361980e+01 -3.530508e+00 1.820458e+01
      vertex   6.161980e+01 -3.881489e+00 1.788583e+01
    endloop
  endfacet
  facet normal 2.296270e-15 6.723009e-01 -7.402780e-01
    outer loop
      vertex   6.161980e+01 -3.881489e+00 1.788583e+01
      vertex   6.361980e+01 -3.530508e+00 1.820458e+01
      vertex   6.361980e+01 -3.881489e+00 1.788583e+01
    endloop
  endfacet
  facet normal 3.276504e-15 7.614460e-01 -6.482284e-01
    outer loop
      vertex   6.161980e+01 -3.881489e+00 1.788583e+01
      vertex   6.361980e+01 -3.881489e+00 1.788583e+01
      vertex   6.161980e+01 -4.188827e+00 1.752481e+01
    endloop
  endfacet
  facet normal 2.431129e-15 7.614460e-01 -6.482284e-01
    outer loop
      vertex   6.161980e+01 -4.188827e+00 1.752481e+01
      vertex   6.361980e+01 -3.881489e+00 1.788583e+01
      vertex   6.361980e+01 -4.188827e+00 1.752481e+01
    endloop
  endfacet
  facet normal 3.272473e-15 8.380881e-01 -5.455349e-01
    outer loop
      vertex   6.161980e+01 -4.188827e+00 1.752481e+01
      vertex   6.361980e+01 -4.188827e+00 1.752481e+01
      vertex   6.161980e+01 -4.447475e+00 1.712746e+01
    endloop
  endfacet
  facet normal 2.675594e-15 8.380881e-01 -5.455349e-01
    outer loop
      vertex   6.161980e+01 -4.447475e+00 1.712746e+01
      vertex   6.361980e+01 -4.188827e+00 1.752481e+01
      vertex   6.361980e+01 -4.447475e+00 1.712746e+01
    endloop
  endfacet
  facet normal 3.689461e-15 9.009689e-01 -4.338837e-01
    outer loop
      vertex   6.161980e+01 -4.447475e+00 1.712746e+01
      vertex   6.361980e+01 -4.447475e+00 1.712746e+01
      vertex   6.161980e+01 -4.653188e+00 1.670029e+01
    endloop
  endfacet
  facet normal 4.460194e-15 9.009689e-01 -4.338837e-01
    outer loop
      vertex   6.161980e+01 -4.653188e+00 1.670029e+01
      vertex   6.361980e+01 -4.447475e+00 1.712746e+01
      vertex   6.361980e+01 -4.653188e+00 1.670029e+01
    endloop
  endfacet
  facet normal 5.202492e-15 9.490557e-01 -3.151082e-01
    outer loop
      vertex   6.161980e+01 -4.653188e+00 1.670029e+01
      vertex   6.361980e+01 -4.653188e+00 1.670029e+01
      vertex   6.161980e+01 -4.802587e+00 1.625032e+01
    endloop
  endfacet
  facet normal 5.064213e-15 9.490557e-01 -3.151082e-01
    outer loop
      vertex   6.161980e+01 -4.802587e+00 1.625032e+01
      vertex   6.361980e+01 -4.653188e+00 1.670029e+01
      vertex   6.361980e+01 -4.802587e+00 1.625032e+01
    endloop
  endfacet
  facet normal 5.955699e-15 9.815592e-01 -1.911586e-01
    outer loop
      vertex   6.161980e+01 -4.802587e+00 1.625032e+01
      vertex   6.361980e+01 -4.802587e+00 1.625032e+01
      vertex   6.161980e+01 -4.893219e+00 1.578495e+01
    endloop
  endfacet
  facet normal 5.083900e-15 9.815592e-01 -1.911586e-01
    outer loop
      vertex   6.161980e+01 -4.893219e+00 1.578495e+01
      vertex   6.361980e+01 -4.802587e+00 1.625032e+01
      vertex   6.361980e+01 -4.893219e+00 1.578495e+01
    endloop
  endfacet
  facet normal 6.093587e-15 9.951847e-01 9.801714e-02
    outer loop
      vertex   6.361980e+01 -4.342853e+00 5.369966e+01
      vertex   6.161980e+01 -4.342853e+00 5.369966e+01
      vertex   6.361980e+01 -4.373596e+00 5.401180e+01
    endloop
  endfacet
  facet normal 5.651636e-15 9.951847e-01 9.801714e-02
    outer loop
      vertex   6.361980e+01 -4.373596e+00 5.401180e+01
      vertex   6.161980e+01 -4.342853e+00 5.369966e+01
      vertex   6.161980e+01 -4.373596e+00 5.401180e+01
    endloop
  endfacet
  facet normal 4.955183e-15 9.951847e-01 -9.801714e-02
    outer loop
      vertex   6.361980e+01 -4.373596e+00 5.401180e+01
      vertex   6.161980e+01 -4.373596e+00 5.401180e+01
      vertex   6.361980e+01 -4.342853e+00 5.432395e+01
    endloop
  endfacet
  facet normal 5.048907e-15 9.951847e-01 -9.801714e-02
    outer loop
      vertex   6.361980e+01 -4.342853e+00 5.432395e+01
      vertex   6.161980e+01 -4.373596e+00 5.401180e+01
      vertex   6.161980e+01 -4.342853e+00 5.432395e+01
    endloop
  endfacet
  facet normal 3.461973e-15 9.569403e-01 -2.902847e-01
    outer loop
      vertex   6.361980e+01 -4.342853e+00 5.432395e+01
      vertex   6.161980e+01 -4.342853e+00 5.432395e+01
      vertex   6.361980e+01 -4.251803e+00 5.462410e+01
    endloop
  endfacet
  facet normal 4.068304e-15 9.569403e-01 -2.902847e-01
    outer loop
      vertex   6.361980e+01 -4.251803e+00 5.462410e+01
      vertex   6.161980e+01 -4.342853e+00 5.432395e+01
      vertex   6.161980e+01 -4.251803e+00 5.462410e+01
    endloop
  endfacet
  facet normal 3.025083e-15 8.819213e-01 -4.713967e-01
    outer loop
      vertex   6.361980e+01 -4.251803e+00 5.462410e+01
      vertex   6.161980e+01 -4.251803e+00 5.462410e+01
      vertex   6.361980e+01 -4.103948e+00 5.490071e+01
    endloop
  endfacet
  facet normal 1.350345e-15 8.819213e-01 -4.713967e-01
    outer loop
      vertex   6.361980e+01 -4.103948e+00 5.490071e+01
      vertex   6.161980e+01 -4.251803e+00 5.462410e+01
      vertex   6.161980e+01 -4.103948e+00 5.490071e+01
    endloop
  endfacet
  facet normal -3.882082e-16 7.730105e-01 -6.343933e-01
    outer loop
      vertex   6.361980e+01 -4.103948e+00 5.490071e+01
      vertex   6.161980e+01 -4.103948e+00 5.490071e+01
      vertex   6.361980e+01 -3.904967e+00 5.514317e+01
    endloop
  endfacet
  facet normal 1.865610e-15 7.730105e-01 -6.343933e-01
    outer loop
      vertex   6.361980e+01 -3.904967e+00 5.514317e+01
      vertex   6.161980e+01 -4.103948e+00 5.490071e+01
      vertex   6.161980e+01 -3.904967e+00 5.514317e+01
    endloop
  endfacet
  facet normal 6.344417e-16 6.343933e-01 -7.730105e-01
    outer loop
      vertex   6.361980e+01 -3.904967e+00 5.514317e+01
      vertex   6.161980e+01 -3.904967e+00 5.514317e+01
      vertex   6.361980e+01 -3.662509e+00 5.534215e+01
    endloop
  endfacet
  facet normal 4.935781e-16 6.343933e-01 -7.730105e-01
    outer loop
      vertex   6.361980e+01 -3.662509e+00 5.534215e+01
      vertex   6.161980e+01 -3.904967e+00 5.514317e+01
      vertex   6.161980e+01 -3.662509e+00 5.534215e+01
    endloop
  endfacet
  facet normal -7.257784e-16 4.713967e-01 -8.819213e-01
    outer loop
      vertex   6.361980e+01 -3.662509e+00 5.534215e+01
      vertex   6.161980e+01 -3.662509e+00 5.534215e+01
      vertex   6.361980e+01 -3.385890e+00 5.549001e+01
    endloop
  endfacet
  facet normal -6.211073e-16 4.713967e-01 -8.819213e-01
    outer loop
      vertex   6.361980e+01 -3.385890e+00 5.549001e+01
      vertex   6.161980e+01 -3.662509e+00 5.534215e+01
      vertex   6.161980e+01 -3.385890e+00 5.549001e+01
    endloop
  endfacet
  facet normal -1.852788e-15 2.902847e-01 -9.569403e-01
    outer loop
      vertex   6.361980e+01 -3.385890e+00 5.549001e+01
      vertex   6.161980e+01 -3.385890e+00 5.549001e+01
      vertex   6.361980e+01 -3.085741e+00 5.558106e+01
    endloop
  endfacet
  facet normal -1.917244e-15 2.902847e-01 -9.569403e-01
    outer loop
      vertex   6.361980e+01 -3.085741e+00 5.558106e+01
      vertex   6.161980e+01 -3.385890e+00 5.549001e+01
      vertex   6.161980e+01 -3.085741e+00 5.558106e+01
    endloop
  endfacet
  facet normal -3.035030e-15 9.801714e-02 -9.951847e-01
    outer loop
      vertex   6.361980e+01 -3.085741e+00 5.558106e+01
      vertex   6.161980e+01 -3.085741e+00 5.558106e+01
      vertex   6.361980e+01 -2.773596e+00 5.561180e+01
    endloop
  endfacet
  facet normal -3.035030e-15 9.801714e-02 -9.951847e-01
    outer loop
      vertex   6.361980e+01 -2.773596e+00 5.561180e+01
      vertex   6.161980e+01 -3.085741e+00 5.558106e+01
      vertex   6.161980e+01 -2.773596e+00 5.561180e+01
    endloop
  endfacet
  facet normal -4.036182e-15 -9.801714e-02 -9.951847e-01
    outer loop
      vertex   6.361980e+01 -2.773596e+00 5.561180e+01
      vertex   6.161980e+01 -2.773596e+00 5.561180e+01
      vertex   6.361980e+01 -2.461452e+00 5.558106e+01
    endloop
  endfacet
  facet normal -4.036182e-15 -9.801714e-02 -9.951847e-01
    outer loop
      vertex   6.361980e+01 -2.461452e+00 5.558106e+01
      vertex   6.161980e+01 -2.773596e+00 5.561180e+01
      vertex   6.161980e+01 -2.461452e+00 5.558106e+01
    endloop
  endfacet
  facet normal -4.882226e-15 -2.902847e-01 -9.569403e-01
    outer loop
      vertex   6.361980e+01 -2.461452e+00 5.558106e+01
      vertex   6.161980e+01 -2.461452e+00 5.558106e+01
      vertex   6.361980e+01 -2.161303e+00 5.549001e+01
    endloop
  endfacet
  facet normal -4.946683e-15 -2.902847e-01 -9.569403e-01
    outer loop
      vertex   6.361980e+01 -2.161303e+00 5.549001e+01
      vertex   6.161980e+01 -2.461452e+00 5.558106e+01
      vertex   6.161980e+01 -2.161303e+00 5.549001e+01
    endloop
  endfacet
  facet normal -5.645320e-15 -4.713967e-01 -8.819213e-01
    outer loop
      vertex   6.361980e+01 -2.161303e+00 5.549001e+01
      vertex   6.161980e+01 -2.161303e+00 5.549001e+01
      vertex   6.361980e+01 -1.884684e+00 5.534215e+01
    endloop
  endfacet
  facet normal -5.592985e-15 -4.713967e-01 -8.819213e-01
    outer loop
      vertex   6.361980e+01 -1.884684e+00 5.534215e+01
      vertex   6.161980e+01 -2.161303e+00 5.549001e+01
      vertex   6.161980e+01 -1.884684e+00 5.534215e+01
    endloop
  endfacet
  facet normal -6.056580e-15 -6.343933e-01 -7.730105e-01
    outer loop
      vertex   6.361980e+01 -1.884684e+00 5.534215e+01
      vertex   6.161980e+01 -1.884684e+00 5.534215e+01
      vertex   6.361980e+01 -1.642225e+00 5.514317e+01
    endloop
  endfacet
  facet normal -6.056580e-15 -6.343933e-01 -7.730105e-01
    outer loop
      vertex   6.361980e+01 -1.642225e+00 5.514317e+01
      vertex   6.161980e+01 -1.884684e+00 5.534215e+01
      vertex   6.161980e+01 -1.642225e+00 5.514317e+01
    endloop
  endfacet
  facet normal -6.287424e-15 -7.730105e-01 -6.343933e-01
    outer loop
      vertex   6.361980e+01 -1.642225e+00 5.514317e+01
      vertex   6.161980e+01 -1.642225e+00 5.514317e+01
      vertex   6.361980e+01 -1.443245e+00 5.490071e+01
    endloop
  endfacet
  facet normal -8.541241e-15 -7.730105e-01 -6.343933e-01
    outer loop
      vertex   6.361980e+01 -1.443245e+00 5.490071e+01
      vertex   6.161980e+01 -1.642225e+00 5.514317e+01
      vertex   6.161980e+01 -1.443245e+00 5.490071e+01
    endloop
  endfacet
  facet normal -7.951383e-15 -8.819213e-01 -4.713967e-01
    outer loop
      vertex   6.361980e+01 -1.443245e+00 5.490071e+01
      vertex   6.161980e+01 -1.443245e+00 5.490071e+01
      vertex   6.361980e+01 -1.295389e+00 5.462410e+01
    endloop
  endfacet
  facet normal -6.276645e-15 -8.819213e-01 -4.713967e-01
    outer loop
      vertex   6.361980e+01 -1.295389e+00 5.462410e+01
      vertex   6.161980e+01 -1.443245e+00 5.490071e+01
      vertex   6.161980e+01 -1.295389e+00 5.462410e+01
    endloop
  endfacet
  facet normal -6.024659e-15 -9.569403e-01 -2.902847e-01
    outer loop
      vertex   6.361980e+01 -1.295389e+00 5.462410e+01
      vertex   6.161980e+01 -1.295389e+00 5.462410e+01
      vertex   6.361980e+01 -1.204340e+00 5.432395e+01
    endloop
  endfacet
  facet normal -7.055957e-15 -9.569403e-01 -2.902847e-01
    outer loop
      vertex   6.361980e+01 -1.204340e+00 5.432395e+01
      vertex   6.161980e+01 -1.295389e+00 5.462410e+01
      vertex   6.161980e+01 -1.204340e+00 5.432395e+01
    endloop
  endfacet
  facet normal -5.889376e-15 -9.951847e-01 -9.801714e-02
    outer loop
      vertex   6.361980e+01 -1.204340e+00 5.432395e+01
      vertex   6.161980e+01 -1.204340e+00 5.432395e+01
      vertex   6.361980e+01 -1.173596e+00 5.401180e+01
    endloop
  endfacet
  facet normal -5.541149e-15 -9.951847e-01 -9.801714e-02
    outer loop
      vertex   6.361980e+01 -1.173596e+00 5.401180e+01
      vertex   6.161980e+01 -1.204340e+00 5.432395e+01
      vertex   6.161980e+01 -1.173596e+00 5.401180e+01
    endloop
  endfacet
  facet normal -4.844695e-15 -9.951847e-01 9.801714e-02
    outer loop
      vertex   6.361980e+01 -1.173596e+00 5.401180e+01
      vertex   6.161980e+01 -1.173596e+00 5.401180e+01
      vertex   6.361980e+01 -1.204340e+00 5.369966e+01
    endloop
  endfacet
  facet normal -4.844695e-15 -9.951847e-01 9.801714e-02
    outer loop
      vertex   6.361980e+01 -1.204340e+00 5.369966e+01
      vertex   6.161980e+01 -1.173596e+00 5.401180e+01
      vertex   6.161980e+01 -1.204340e+00 5.369966e+01
    endloop
  endfacet
  facet normal -3.962062e-15 -9.569403e-01 2.902847e-01
    outer loop
      vertex   6.361980e+01 -1.204340e+00 5.369966e+01
      vertex   6.161980e+01 -1.204340e+00 5.369966e+01
      vertex   6.361980e+01 -1.295389e+00 5.339951e+01
    endloop
  endfacet
  facet normal -3.962062e-15 -9.569403e-01 2.902847e-01
    outer loop
      vertex   6.361980e+01 -1.295389e+00 5.339951e+01
      vertex   6.161980e+01 -1.204340e+00 5.369966e+01
      vertex   6.161980e+01 -1.295389e+00 5.339951e+01
    endloop
  endfacet
  facet normal -2.927170e-15 -8.819213e-01 4.713967e-01
    outer loop
      vertex   6.361980e+01 -1.295389e+00 5.339951e+01
      vertex   6.161980e+01 -1.295389e+00 5.339951e+01
      vertex   6.361980e+01 -1.443245e+00 5.312289e+01
    endloop
  endfacet
  facet normal -2.927170e-15 -8.819213e-01 4.713967e-01
    outer loop
      vertex   6.361980e+01 -1.443245e+00 5.312289e+01
      vertex   6.161980e+01 -1.295389e+00 5.339951e+01
      vertex   6.161980e+01 -1.443245e+00 5.312289e+01
    endloop
  endfacet
  facet normal -1.779788e-15 -7.730105e-01 6.343933e-01
    outer loop
      vertex   6.361980e+01 -1.443245e+00 5.312289e+01
      vertex   6.161980e+01 -1.443245e+00 5.312289e+01
      vertex   6.361980e+01 -1.642225e+00 5.288043e+01
    endloop
  endfacet
  facet normal -1.779788e-15 -7.730105e-01 6.343933e-01
    outer loop
      vertex   6.361980e+01 -1.642225e+00 5.288043e+01
      vertex   6.161980e+01 -1.443245e+00 5.312289e+01
      vertex   6.161980e+01 -1.642225e+00 5.288043e+01
    endloop
  endfacet
  facet normal -5.640099e-16 -6.343933e-01 7.730105e-01
    outer loop
      vertex   6.361980e+01 -1.642225e+00 5.288043e+01
      vertex   6.161980e+01 -1.642225e+00 5.288043e+01
      vertex   6.361980e+01 -1.884684e+00 5.268145e+01
    endloop
  endfacet
  facet normal 2.182275e-15 -6.343933e-01 7.730105e-01
    outer loop
      vertex   6.361980e+01 -1.884684e+00 5.268145e+01
      vertex   6.161980e+01 -1.642225e+00 5.288043e+01
      vertex   6.161980e+01 -1.884684e+00 5.268145e+01
    endloop
  endfacet
  facet normal 3.806657e-15 -4.713967e-01 8.819213e-01
    outer loop
      vertex   6.361980e+01 -1.884684e+00 5.268145e+01
      vertex   6.161980e+01 -1.884684e+00 5.268145e+01
      vertex   6.361980e+01 -2.161303e+00 5.253359e+01
    endloop
  endfacet
  facet normal 6.211073e-16 -4.713967e-01 8.819213e-01
    outer loop
      vertex   6.361980e+01 -2.161303e+00 5.253359e+01
      vertex   6.161980e+01 -1.884684e+00 5.268145e+01
      vertex   6.161980e+01 -2.161303e+00 5.253359e+01
    endloop
  endfacet
  facet normal 1.852788e-15 -2.902847e-01 9.569403e-01
    outer loop
      vertex   6.361980e+01 -2.161303e+00 5.253359e+01
      vertex   6.161980e+01 -2.161303e+00 5.253359e+01
      vertex   6.361980e+01 -2.461452e+00 5.244255e+01
    endloop
  endfacet
  facet normal 1.852788e-15 -2.902847e-01 9.569403e-01
    outer loop
      vertex   6.361980e+01 -2.461452e+00 5.244255e+01
      vertex   6.161980e+01 -2.161303e+00 5.253359e+01
      vertex   6.161980e+01 -2.461452e+00 5.244255e+01
    endloop
  endfacet
  facet normal 3.013266e-15 -9.801714e-02 9.951847e-01
    outer loop
      vertex   6.361980e+01 -2.461452e+00 5.244255e+01
      vertex   6.161980e+01 -2.461452e+00 5.244255e+01
      vertex   6.361980e+01 -2.773596e+00 5.241180e+01
    endloop
  endfacet
  facet normal 3.035030e-15 -9.801714e-02 9.951847e-01
    outer loop
      vertex   6.361980e+01 -2.773596e+00 5.241180e+01
      vertex   6.161980e+01 -2.461452e+00 5.244255e+01
      vertex   6.161980e+01 -2.773596e+00 5.241180e+01
    endloop
  endfacet
  facet normal 4.036182e-15 9.801714e-02 9.951847e-01
    outer loop
      vertex   6.361980e+01 -2.773596e+00 5.241180e+01
      vertex   6.161980e+01 -2.773596e+00 5.241180e+01
      vertex   6.361980e+01 -3.085741e+00 5.244255e+01
    endloop
  endfacet
  facet normal 4.057947e-15 9.801714e-02 9.951847e-01
    outer loop
      vertex   6.361980e+01 -3.085741e+00 5.244255e+01
      vertex   6.161980e+01 -2.773596e+00 5.241180e+01
      vertex   6.161980e+01 -3.085741e+00 5.244255e+01
    endloop
  endfacet
  facet normal 4.946683e-15 2.902847e-01 9.569403e-01
    outer loop
      vertex   6.361980e+01 -3.085741e+00 5.244255e+01
      vertex   6.161980e+01 -3.085741e+00 5.244255e+01
      vertex   6.361980e+01 -3.385890e+00 5.253359e+01
    endloop
  endfacet
  facet normal 4.946683e-15 2.902847e-01 9.569403e-01
    outer loop
      vertex   6.361980e+01 -3.385890e+00 5.253359e+01
      vertex   6.161980e+01 -3.085741e+00 5.244255e+01
      vertex   6.161980e+01 -3.385890e+00 5.253359e+01
    endloop
  endfacet
  facet normal 5.645320e-15 4.713967e-01 8.819213e-01
    outer loop
      vertex   6.361980e+01 -3.385890e+00 5.253359e+01
      vertex   6.161980e+01 -3.385890e+00 5.253359e+01
      vertex   6.361980e+01 -3.662509e+00 5.268145e+01
    endloop
  endfacet
  facet normal 8.673863e-15 4.713967e-01 8.819213e-01
    outer loop
      vertex   6.361980e+01 -3.662509e+00 5.268145e+01
      vertex   6.161980e+01 -3.385890e+00 5.253359e+01
      vertex   6.161980e+01 -3.662509e+00 5.268145e+01
    endloop
  endfacet
  facet normal 8.732433e-15 6.343933e-01 7.730105e-01
    outer loop
      vertex   6.361980e+01 -3.662509e+00 5.268145e+01
      vertex   6.161980e+01 -3.662509e+00 5.268145e+01
      vertex   6.361980e+01 -3.904967e+00 5.288043e+01
    endloop
  endfacet
  facet normal 6.127011e-15 6.343933e-01 7.730105e-01
    outer loop
      vertex   6.361980e+01 -3.904967e+00 5.288043e+01
      vertex   6.161980e+01 -3.662509e+00 5.268145e+01
      vertex   6.161980e+01 -3.904967e+00 5.288043e+01
    endloop
  endfacet
  facet normal 6.373245e-15 7.730105e-01 6.343933e-01
    outer loop
      vertex   6.361980e+01 -3.904967e+00 5.288043e+01
      vertex   6.161980e+01 -3.904967e+00 5.288043e+01
      vertex   6.361980e+01 -4.103948e+00 5.312289e+01
    endloop
  endfacet
  facet normal 6.373245e-15 7.730105e-01 6.343933e-01
    outer loop
      vertex   6.361980e+01 -4.103948e+00 5.312289e+01
      vertex   6.161980e+01 -3.904967e+00 5.288043e+01
      vertex   6.161980e+01 -4.103948e+00 5.312289e+01
    endloop
  endfacet
  facet normal 6.374558e-15 8.819213e-01 4.713967e-01
    outer loop
      vertex   6.361980e+01 -4.103948e+00 5.312289e+01
      vertex   6.161980e+01 -4.103948e+00 5.312289e+01
      vertex   6.361980e+01 -4.251803e+00 5.339951e+01
    endloop
  endfacet
  facet normal 6.374558e-15 8.819213e-01 4.713967e-01
    outer loop
      vertex   6.361980e+01 -4.251803e+00 5.339951e+01
      vertex   6.161980e+01 -4.103948e+00 5.312289e+01
      vertex   6.161980e+01 -4.251803e+00 5.339951e+01
    endloop
  endfacet
  facet normal 6.130901e-15 9.569403e-01 2.902847e-01
    outer loop
      vertex   6.361980e+01 -4.251803e+00 5.339951e+01
      vertex   6.161980e+01 -4.251803e+00 5.339951e+01
      vertex   6.361980e+01 -4.342853e+00 5.369966e+01
    endloop
  endfacet
  facet normal 6.555868e-15 9.569403e-01 2.902847e-01
    outer loop
      vertex   6.361980e+01 -4.342853e+00 5.369966e+01
      vertex   6.161980e+01 -4.251803e+00 5.339951e+01
      vertex   6.161980e+01 -4.342853e+00 5.369966e+01
    endloop
  endfacet
  facet normal -5.329071e-15 -1.000000e+00 7.733846e-15
    outer loop
      vertex   6.161980e+01 -1.362360e+01 4.673055e+01
      vertex   6.161980e+01 -1.362360e+01 4.581180e+01
      vertex   6.361980e+01 -1.362360e+01 4.673055e+01
    endloop
  endfacet
  facet normal -5.329071e-15 -1.000000e+00 7.733846e-15
    outer loop
      vertex   6.361980e+01 -1.362360e+01 4.673055e+01
      vertex   6.161980e+01 -1.362360e+01 4.581180e+01
      vertex   6.361980e+01 -1.362360e+01 4.581180e+01
    endloop
  endfacet
  facet normal 2.383727e-16 -5.233485e-01 8.521187e-01
    outer loop
      vertex   6.161980e+01 -5.838731e+00 5.151180e+01
      vertex   6.161980e+01 -1.362360e+01 4.673055e+01
      vertex   6.361980e+01 -5.838731e+00 5.151180e+01
    endloop
  endfacet
  facet normal 0.000000e+00 -5.233485e-01 8.521187e-01
    outer loop
      vertex   6.361980e+01 -5.838731e+00 5.151180e+01
      vertex   6.161980e+01 -1.362360e+01 4.673055e+01
      vertex   6.361980e+01 -1.362360e+01 4.673055e+01
    endloop
  endfacet
  facet normal -5.773160e-15 -1.000000e+00 1.065814e-15
    outer loop
      vertex   6.161980e+01 -5.838731e+00 5.651180e+01
      vertex   6.161980e+01 -5.838731e+00 5.151180e+01
      vertex   6.361980e+01 -5.838731e+00 5.651180e+01
    endloop
  endfacet
  facet normal -5.329071e-15 -1.000000e+00 8.881784e-16
    outer loop
      vertex   6.361980e+01 -5.838731e+00 5.651180e+01
      vertex   6.161980e+01 -5.838731e+00 5.151180e+01
      vertex   6.361980e+01 -5.838731e+00 5.151180e+01
    endloop
  endfacet
  facet normal 3.552714e-15 -8.235706e-30 1.000000e+00
    outer loop
      vertex   6.161980e+01 2.915388e-01 5.651180e+01
      vertex   6.161980e+01 -5.838731e+00 5.651180e+01
      vertex   6.361980e+01 2.915388e-01 5.651180e+01
    endloop
  endfacet
  facet normal 3.552714e-15 -1.235356e-29 1.000000e+00
    outer loop
      vertex   6.361980e+01 2.915388e-01 5.651180e+01
      vertex   6.161980e+01 -5.838731e+00 5.651180e+01
      vertex   6.361980e+01 -5.838731e+00 5.651180e+01
    endloop
  endfacet
  facet normal 5.162537e-15 1.000000e+00 -9.325873e-16
    outer loop
      vertex   6.161980e+01 2.915388e-01 5.151180e+01
      vertex   6.161980e+01 2.915388e-01 5.651180e+01
      vertex   6.361980e+01 2.915388e-01 5.151180e+01
    endloop
  endfacet
  facet normal 5.273559e-15 1.000000e+00 -8.881784e-16
    outer loop
      vertex   6.361980e+01 2.915388e-01 5.151180e+01
      vertex   6.161980e+01 2.915388e-01 5.651180e+01
      vertex   6.361980e+01 2.915388e-01 5.651180e+01
    endloop
  endfacet
  facet normal 5.816295e-15 5.233485e-01 8.521187e-01
    outer loop
      vertex   6.161980e+01 8.076404e+00 4.673055e+01
      vertex   6.161980e+01 2.915388e-01 5.151180e+01
      vertex   6.361980e+01 8.076404e+00 4.673055e+01
    endloop
  endfacet
  facet normal 5.833114e-15 5.233485e-01 8.521187e-01
    outer loop
      vertex   6.361980e+01 8.076404e+00 4.673055e+01
      vertex   6.161980e+01 2.915388e-01 5.151180e+01
      vertex   6.361980e+01 2.915388e-01 5.151180e+01
    endloop
  endfacet
  facet normal 4.440892e-15 1.000000e+00 -3.866923e-15
    outer loop
      vertex   6.161980e+01 8.076404e+00 4.581180e+01
      vertex   6.161980e+01 8.076404e+00 4.673055e+01
      vertex   6.361980e+01 8.076404e+00 4.581180e+01
    endloop
  endfacet
  facet normal 5.329071e-15 1.000000e+00 -1.933462e-15
    outer loop
      vertex   6.361980e+01 8.076404e+00 4.581180e+01
      vertex   6.161980e+01 8.076404e+00 4.673055e+01
      vertex   6.361980e+01 8.076404e+00 4.673055e+01
    endloop
  endfacet
  facet normal 3.552714e-15 1.421085e-15 1.000000e+00
    outer loop
      vertex   6.161980e+01 1.807640e+01 4.581180e+01
      vertex   6.161980e+01 8.076404e+00 4.581180e+01
      vertex   6.361980e+01 1.807640e+01 4.581180e+01
    endloop
  endfacet
  facet normal 7.105427e-15 7.105427e-16 1.000000e+00
    outer loop
      vertex   6.361980e+01 1.807640e+01 4.581180e+01
      vertex   6.161980e+01 8.076404e+00 4.581180e+01
      vertex   6.361980e+01 8.076404e+00 4.581180e+01
    endloop
  endfacet
  facet normal 7.105427e-15 1.000000e+00 1.798842e-16
    outer loop
      vertex   6.161980e+01 1.807640e+01 6.311802e+00
      vertex   6.161980e+01 1.807640e+01 4.581180e+01
      vertex   6.361980e+01 1.807640e+01 6.311802e+00
    endloop
  endfacet
  facet normal 5.329071e-15 1.000000e+00 8.994212e-17
    outer loop
      vertex   6.361980e+01 1.807640e+01 6.311802e+00
      vertex   6.161980e+01 1.807640e+01 4.581180e+01
      vertex   6.361980e+01 1.807640e+01 4.581180e+01
    endloop
  endfacet
  facet normal -4.440892e-15 1.376184e-29 -1.000000e+00
    outer loop
      vertex   6.161980e+01 8.904831e+00 6.311802e+00
      vertex   6.161980e+01 1.807640e+01 6.311802e+00
      vertex   6.361980e+01 8.904831e+00 6.311802e+00
    endloop
  endfacet
  facet normal -4.440892e-15 1.376184e-29 -1.000000e+00
    outer loop
      vertex   6.361980e+01 8.904831e+00 6.311802e+00
      vertex   6.161980e+01 1.807640e+01 6.311802e+00
      vertex   6.361980e+01 1.807640e+01 6.311802e+00
    endloop
  endfacet
  facet normal 2.198129e-15 7.071068e-01 -7.071068e-01
    outer loop
      vertex   6.161980e+01 8.076404e+00 5.483375e+00
      vertex   6.161980e+01 8.904831e+00 6.311802e+00
      vertex   6.361980e+01 8.076404e+00 5.483375e+00
    endloop
  endfacet
  facet normal 6.159625e-16 7.071068e-01 -7.071068e-01
    outer loop
      vertex   6.361980e+01 8.076404e+00 5.483375e+00
      vertex   6.161980e+01 8.904831e+00 6.311802e+00
      vertex   6.361980e+01 8.904831e+00 6.311802e+00
    endloop
  endfacet
  facet normal 5.329071e-15 1.000000e+00 3.132036e-16
    outer loop
      vertex   6.161980e+01 8.076404e+00 -1.881983e-01
      vertex   6.161980e+01 8.076404e+00 5.483375e+00
      vertex   6.361980e+01 8.076404e+00 -1.881983e-01
    endloop
  endfacet
  facet normal 5.329071e-15 1.000000e+00 3.132036e-16
    outer loop
      vertex   6.361980e+01 8.076404e+00 -1.881983e-01
      vertex   6.161980e+01 8.076404e+00 5.483375e+00
      vertex   6.361980e+01 8.076404e+00 5.483375e+00
    endloop
  endfacet
  facet normal -4.288236e-15 -3.952292e-16 -1.000000e+00
    outer loop
      vertex   6.161980e+01 -1.362360e+01 -1.881983e-01
      vertex   6.161980e+01 8.076404e+00 -1.881983e-01
      vertex   6.361980e+01 -1.362360e+01 -1.881983e-01
    endloop
  endfacet
  facet normal -4.440892e-15 -4.092988e-16 -1.000000e+00
    outer loop
      vertex   6.361980e+01 -1.362360e+01 -1.881983e-01
      vertex   6.161980e+01 8.076404e+00 -1.881983e-01
      vertex   6.361980e+01 8.076404e+00 -1.881983e-01
    endloop
  endfacet
  facet normal -5.329071e-15 -1.000000e+00 -6.676336e-30
    outer loop
      vertex   6.161980e+01 -1.362360e+01 5.483375e+00
      vertex   6.161980e+01 -1.362360e+01 -1.881983e-01
      vertex   6.361980e+01 -1.362360e+01 5.483375e+00
    endloop
  endfacet
  facet normal -5.329071e-15 -1.000000e+00 -6.676336e-30
    outer loop
      vertex   6.361980e+01 -1.362360e+01 5.483375e+00
      vertex   6.161980e+01 -1.362360e+01 -1.881983e-01
      vertex   6.361980e+01 -1.362360e+01 -1.881983e-01
    endloop
  endfacet
  facet normal -5.652333e-15 -7.071068e-01 -7.071068e-01
    outer loop
      vertex   6.161980e+01 -1.445202e+01 6.311802e+00
      vertex   6.161980e+01 -1.362360e+01 5.483375e+00
      vertex   6.361980e+01 -1.445202e+01 6.311802e+00
    endloop
  endfacet
  facet normal -5.306754e-15 -7.071068e-01 -7.071068e-01
    outer loop
      vertex   6.361980e+01 -1.445202e+01 6.311802e+00
      vertex   6.161980e+01 -1.362360e+01 5.483375e+00
      vertex   6.361980e+01 -1.362360e+01 5.483375e+00
    endloop
  endfacet
  facet normal -3.552714e-15 -1.743126e-15 -1.000000e+00
    outer loop
      vertex   6.161980e+01 -2.362360e+01 6.311802e+00
      vertex   6.161980e+01 -1.445202e+01 6.311802e+00
      vertex   6.361980e+01 -2.362360e+01 6.311802e+00
    endloop
  endfacet
  facet normal -4.440892e-15 -1.936807e-15 -1.000000e+00
    outer loop
      vertex   6.361980e+01 -2.362360e+01 6.311802e+00
      vertex   6.161980e+01 -1.445202e+01 6.311802e+00
      vertex   6.361980e+01 -1.445202e+01 6.311802e+00
    endloop
  endfacet
  facet normal -3.552714e-15 -1.000000e+00 -2.698264e-16
    outer loop
      vertex   6.161980e+01 -2.362360e+01 4.581180e+01
      vertex   6.161980e+01 -2.362360e+01 6.311802e+00
      vertex   6.361980e+01 -2.362360e+01 4.581180e+01
    endloop
  endfacet
  facet normal -5.329071e-15 -1.000000e+00 -1.798842e-16
    outer loop
      vertex   6.361980e+01 -2.362360e+01 4.581180e+01
      vertex   6.161980e+01 -2.362360e+01 6.311802e+00
      vertex   6.361980e+01 -2.362360e+01 6.311802e+00
    endloop
  endfacet
endsolid
