solid ASCII
  facet normal -9.914449e-01 1.305262e-01 -3.305010e-15
    outer loop
      vertex   1.463601e+00 -2.088864e+01 2.472266e+02
      vertex   1.463601e+00 -2.088864e+01 2.547266e+02
      vertex   1.514767e+00 -2.050000e+01 2.472266e+02
    endloop
  endfacet
  facet normal -9.914449e-01 1.305262e-01 -3.275658e-15
    outer loop
      vertex   1.514767e+00 -2.050000e+01 2.472266e+02
      vertex   1.463601e+00 -2.088864e+01 2.547266e+02
      vertex   1.514767e+00 -2.050000e+01 2.547266e+02
    endloop
  endfacet
  facet normal -9.914449e-01 -1.305262e-01 -1.420769e-15
    outer loop
      vertex   1.514767e+00 -2.050000e+01 2.472266e+02
      vertex   1.514767e+00 -2.050000e+01 2.547266e+02
      vertex   1.463601e+00 -2.011136e+01 2.472266e+02
    endloop
  endfacet
  facet normal -9.914449e-01 -1.305262e-01 -1.450121e-15
    outer loop
      vertex   1.463601e+00 -2.011136e+01 2.472266e+02
      vertex   1.514767e+00 -2.050000e+01 2.547266e+02
      vertex   1.463601e+00 -2.011136e+01 2.547266e+02
    endloop
  endfacet
  facet normal -9.238795e-01 -3.826834e-01 5.035907e-16
    outer loop
      vertex   1.463601e+00 -2.011136e+01 2.472266e+02
      vertex   1.463601e+00 -2.011136e+01 2.547266e+02
      vertex   1.313590e+00 -1.974920e+01 2.472266e+02
    endloop
  endfacet
  facet normal -9.238795e-01 -3.826834e-01 5.309430e-16
    outer loop
      vertex   1.313590e+00 -1.974920e+01 2.472266e+02
      vertex   1.463601e+00 -2.011136e+01 2.547266e+02
      vertex   1.313590e+00 -1.974920e+01 2.547266e+02
    endloop
  endfacet
  facet normal -7.933533e-01 -6.087614e-01 2.446472e-15
    outer loop
      vertex   1.313590e+00 -1.974920e+01 2.472266e+02
      vertex   1.313590e+00 -1.974920e+01 2.547266e+02
      vertex   1.074957e+00 -1.943821e+01 2.472266e+02
    endloop
  endfacet
  facet normal -7.933533e-01 -6.087614e-01 2.469960e-15
    outer loop
      vertex   1.074957e+00 -1.943821e+01 2.472266e+02
      vertex   1.313590e+00 -1.974920e+01 2.547266e+02
      vertex   1.074957e+00 -1.943821e+01 2.547266e+02
    endloop
  endfacet
  facet normal -6.087614e-01 -7.933533e-01 4.213301e-15
    outer loop
      vertex   1.074957e+00 -1.943821e+01 2.472266e+02
      vertex   1.074957e+00 -1.943821e+01 2.547266e+02
      vertex   7.639651e-01 -1.919957e+01 2.472266e+02
    endloop
  endfacet
  facet normal -6.087614e-01 -7.933533e-01 4.141209e-15
    outer loop
      vertex   7.639651e-01 -1.919957e+01 2.472266e+02
      vertex   1.074957e+00 -1.943821e+01 2.547266e+02
      vertex   7.639651e-01 -1.919957e+01 2.547266e+02
    endloop
  endfacet
  facet normal -3.826834e-01 -9.238795e-01 5.624193e-15
    outer loop
      vertex   7.639651e-01 -1.919957e+01 2.472266e+02
      vertex   7.639651e-01 -1.919957e+01 2.547266e+02
      vertex   4.018070e-01 -1.904956e+01 2.472266e+02
    endloop
  endfacet
  facet normal -3.826834e-01 -9.238795e-01 5.200718e-15
    outer loop
      vertex   4.018070e-01 -1.904956e+01 2.472266e+02
      vertex   7.639651e-01 -1.919957e+01 2.547266e+02
      vertex   4.018070e-01 -1.904956e+01 2.547266e+02
    endloop
  endfacet
  facet normal -1.305262e-01 -9.914449e-01 6.259086e-15
    outer loop
      vertex   4.018070e-01 -1.904956e+01 2.472266e+02
      vertex   4.018070e-01 -1.904956e+01 2.547266e+02
      vertex   1.316349e-02 -1.899840e+01 2.472266e+02
    endloop
  endfacet
  facet normal -1.305262e-01 -9.914449e-01 6.733952e-15
    outer loop
      vertex   1.316349e-02 -1.899840e+01 2.472266e+02
      vertex   4.018070e-01 -1.904956e+01 2.547266e+02
      vertex   1.316349e-02 -1.899840e+01 2.547266e+02
    endloop
  endfacet
  facet normal 1.305262e-01 -9.914449e-01 7.355327e-15
    outer loop
      vertex   1.316349e-02 -1.899840e+01 2.472266e+02
      vertex   1.316349e-02 -1.899840e+01 2.547266e+02
      vertex   -3.754800e-01 -1.904956e+01 2.472266e+02
    endloop
  endfacet
  facet normal 1.305262e-01 -9.914449e-01 6.890908e-15
    outer loop
      vertex   -3.754800e-01 -1.904956e+01 2.472266e+02
      vertex   1.316349e-02 -1.899840e+01 2.547266e+02
      vertex   -3.754800e-01 -1.904956e+01 2.547266e+02
    endloop
  endfacet
  facet normal 3.826834e-01 -9.238795e-01 7.053125e-15
    outer loop
      vertex   -3.754800e-01 -1.904956e+01 2.472266e+02
      vertex   -3.754800e-01 -1.904956e+01 2.547266e+02
      vertex   -7.376381e-01 -1.919957e+01 2.472266e+02
    endloop
  endfacet
  facet normal 3.826834e-01 -9.238795e-01 7.493595e-15
    outer loop
      vertex   -7.376381e-01 -1.919957e+01 2.472266e+02
      vertex   -3.754800e-01 -1.904956e+01 2.547266e+02
      vertex   -7.376381e-01 -1.919957e+01 2.547266e+02
    endloop
  endfacet
  facet normal 6.087614e-01 -7.933533e-01 7.114997e-15
    outer loop
      vertex   -7.376381e-01 -1.919957e+01 2.472266e+02
      vertex   -7.376381e-01 -1.919957e+01 2.547266e+02
      vertex   -1.048630e+00 -1.943821e+01 2.472266e+02
    endloop
  endfacet
  facet normal 6.087614e-01 -7.933533e-01 7.114997e-15
    outer loop
      vertex   -1.048630e+00 -1.943821e+01 2.472266e+02
      vertex   -7.376381e-01 -1.919957e+01 2.547266e+02
      vertex   -1.048630e+00 -1.943821e+01 2.547266e+02
    endloop
  endfacet
  facet normal 7.933533e-01 -6.087614e-01 6.251524e-15
    outer loop
      vertex   -1.048630e+00 -1.943821e+01 2.472266e+02
      vertex   -1.048630e+00 -1.943821e+01 2.547266e+02
      vertex   -1.287263e+00 -1.974920e+01 2.472266e+02
    endloop
  endfacet
  facet normal 7.933533e-01 -6.087614e-01 6.228036e-15
    outer loop
      vertex   -1.287263e+00 -1.974920e+01 2.472266e+02
      vertex   -1.048630e+00 -1.943821e+01 2.547266e+02
      vertex   -1.287263e+00 -1.974920e+01 2.547266e+02
    endloop
  endfacet
  facet normal 9.238795e-01 -3.826834e-01 4.934668e-15
    outer loop
      vertex   -1.287263e+00 -1.974920e+01 2.472266e+02
      vertex   -1.287263e+00 -1.974920e+01 2.547266e+02
      vertex   -1.437274e+00 -2.011136e+01 2.472266e+02
    endloop
  endfacet
  facet normal 9.238795e-01 -3.826834e-01 5.016725e-15
    outer loop
      vertex   -1.437274e+00 -2.011136e+01 2.472266e+02
      vertex   -1.287263e+00 -1.974920e+01 2.547266e+02
      vertex   -1.437274e+00 -2.011136e+01 2.547266e+02
    endloop
  endfacet
  facet normal 9.914449e-01 -1.305262e-01 3.393068e-15
    outer loop
      vertex   -1.437274e+00 -2.011136e+01 2.472266e+02
      vertex   -1.437274e+00 -2.011136e+01 2.547266e+02
      vertex   -1.488440e+00 -2.050000e+01 2.472266e+02
    endloop
  endfacet
  facet normal 9.914449e-01 -1.305262e-01 3.275658e-15
    outer loop
      vertex   -1.488440e+00 -2.050000e+01 2.472266e+02
      vertex   -1.437274e+00 -2.011136e+01 2.547266e+02
      vertex   -1.488440e+00 -2.050000e+01 2.547266e+02
    endloop
  endfacet
  facet normal 9.914449e-01 1.305262e-01 1.420769e-15
    outer loop
      vertex   -1.488440e+00 -2.050000e+01 2.472266e+02
      vertex   -1.488440e+00 -2.050000e+01 2.547266e+02
      vertex   -1.437274e+00 -2.088864e+01 2.472266e+02
    endloop
  endfacet
  facet normal 9.914449e-01 1.305262e-01 1.420769e-15
    outer loop
      vertex   -1.437274e+00 -2.088864e+01 2.472266e+02
      vertex   -1.488440e+00 -2.050000e+01 2.547266e+02
      vertex   -1.437274e+00 -2.088864e+01 2.547266e+02
    endloop
  endfacet
  facet normal 9.238795e-01 3.826834e-01 -5.309430e-16
    outer loop
      vertex   -1.437274e+00 -2.088864e+01 2.472266e+02
      vertex   -1.437274e+00 -2.088864e+01 2.547266e+02
      vertex   -1.287263e+00 -2.125080e+01 2.472266e+02
    endloop
  endfacet
  facet normal 9.238795e-01 3.826834e-01 -5.856477e-16
    outer loop
      vertex   -1.287263e+00 -2.125080e+01 2.472266e+02
      vertex   -1.437274e+00 -2.088864e+01 2.547266e+02
      vertex   -1.287263e+00 -2.125080e+01 2.547266e+02
    endloop
  endfacet
  facet normal 7.933533e-01 6.087614e-01 -2.493448e-15
    outer loop
      vertex   -1.287263e+00 -2.125080e+01 2.472266e+02
      vertex   -1.287263e+00 -2.125080e+01 2.547266e+02
      vertex   -1.048630e+00 -2.156179e+01 2.472266e+02
    endloop
  endfacet
  facet normal 7.933533e-01 6.087614e-01 -2.399496e-15
    outer loop
      vertex   -1.048630e+00 -2.156179e+01 2.472266e+02
      vertex   -1.287263e+00 -2.125080e+01 2.547266e+02
      vertex   -1.048630e+00 -2.156179e+01 2.547266e+02
    endloop
  endfacet
  facet normal 6.087614e-01 7.933533e-01 -4.159232e-15
    outer loop
      vertex   -1.048630e+00 -2.156179e+01 2.472266e+02
      vertex   -1.048630e+00 -2.156179e+01 2.547266e+02
      vertex   -7.376381e-01 -2.180043e+01 2.472266e+02
    endloop
  endfacet
  facet normal 6.087614e-01 7.933533e-01 -4.177255e-15
    outer loop
      vertex   -7.376381e-01 -2.180043e+01 2.472266e+02
      vertex   -1.048630e+00 -2.156179e+01 2.547266e+02
      vertex   -7.376381e-01 -2.180043e+01 2.547266e+02
    endloop
  endfacet
  facet normal 3.826834e-01 9.238795e-01 -5.646853e-15
    outer loop
      vertex   -7.376381e-01 -2.180043e+01 2.472266e+02
      vertex   -7.376381e-01 -2.180043e+01 2.547266e+02
      vertex   -3.754800e-01 -2.195044e+01 2.472266e+02
    endloop
  endfacet
  facet normal 3.826834e-01 9.238795e-01 -6.129809e-15
    outer loop
      vertex   -3.754800e-01 -2.195044e+01 2.472266e+02
      vertex   -7.376381e-01 -2.180043e+01 2.547266e+02
      vertex   -3.754800e-01 -2.195044e+01 2.547266e+02
    endloop
  endfacet
  facet normal 1.305262e-01 9.914449e-01 -7.216727e-15
    outer loop
      vertex   -3.754800e-01 -2.195044e+01 2.472266e+02
      vertex   -3.754800e-01 -2.195044e+01 2.547266e+02
      vertex   1.316349e-02 -2.200160e+01 2.472266e+02
    endloop
  endfacet
  facet normal 1.305262e-01 9.914449e-01 -6.733952e-15
    outer loop
      vertex   1.316349e-02 -2.200160e+01 2.472266e+02
      vertex   -3.754800e-01 -2.195044e+01 2.547266e+02
      vertex   1.316349e-02 -2.200160e+01 2.547266e+02
    endloop
  endfacet
  facet normal -1.305262e-01 9.914449e-01 -7.355327e-15
    outer loop
      vertex   1.316349e-02 -2.200160e+01 2.472266e+02
      vertex   1.316349e-02 -2.200160e+01 2.547266e+02
      vertex   4.018070e-01 -2.195044e+01 2.472266e+02
    endloop
  endfacet
  facet normal -1.305262e-01 9.914449e-01 -7.831159e-15
    outer loop
      vertex   4.018070e-01 -2.195044e+01 2.472266e+02
      vertex   1.316349e-02 -2.200160e+01 2.547266e+02
      vertex   4.018070e-01 -2.195044e+01 2.547266e+02
    endloop
  endfacet
  facet normal -3.826834e-01 9.238795e-01 -7.931232e-15
    outer loop
      vertex   4.018070e-01 -2.195044e+01 2.472266e+02
      vertex   4.018070e-01 -2.195044e+01 2.547266e+02
      vertex   7.639651e-01 -2.180043e+01 2.472266e+02
    endloop
  endfacet
  facet normal -3.826834e-01 9.238795e-01 -7.038963e-15
    outer loop
      vertex   7.639651e-01 -2.180043e+01 2.472266e+02
      vertex   4.018070e-01 -2.195044e+01 2.547266e+02
      vertex   7.639651e-01 -2.180043e+01 2.547266e+02
    endloop
  endfacet
  facet normal -6.087614e-01 7.933533e-01 -6.712155e-15
    outer loop
      vertex   7.639651e-01 -2.180043e+01 2.472266e+02
      vertex   7.639651e-01 -2.180043e+01 2.547266e+02
      vertex   1.074957e+00 -2.156179e+01 2.472266e+02
    endloop
  endfacet
  facet normal -6.087614e-01 7.933533e-01 -7.060928e-15
    outer loop
      vertex   1.074957e+00 -2.156179e+01 2.472266e+02
      vertex   7.639651e-01 -2.180043e+01 2.547266e+02
      vertex   1.074957e+00 -2.156179e+01 2.547266e+02
    endloop
  endfacet
  facet normal -7.933533e-01 6.087614e-01 -6.181060e-15
    outer loop
      vertex   1.074957e+00 -2.156179e+01 2.472266e+02
      vertex   1.074957e+00 -2.156179e+01 2.547266e+02
      vertex   1.313590e+00 -2.125080e+01 2.472266e+02
    endloop
  endfacet
  facet normal -7.933533e-01 6.087614e-01 -6.251524e-15
    outer loop
      vertex   1.313590e+00 -2.125080e+01 2.472266e+02
      vertex   1.074957e+00 -2.156179e+01 2.547266e+02
      vertex   1.313590e+00 -2.125080e+01 2.547266e+02
    endloop
  endfacet
  facet normal -9.238795e-01 3.826834e-01 -4.962020e-15
    outer loop
      vertex   1.313590e+00 -2.125080e+01 2.472266e+02
      vertex   1.313590e+00 -2.125080e+01 2.547266e+02
      vertex   1.463601e+00 -2.088864e+01 2.472266e+02
    endloop
  endfacet
  facet normal -9.238795e-01 3.826834e-01 -4.934668e-15
    outer loop
      vertex   1.463601e+00 -2.088864e+01 2.472266e+02
      vertex   1.313590e+00 -2.125080e+01 2.547266e+02
      vertex   1.463601e+00 -2.088864e+01 2.547266e+02
    endloop
  endfacet
  facet normal -9.914449e-01 -1.305262e-01 -1.391416e-15
    outer loop
      vertex   1.463601e+00 -2.011136e+01 2.697266e+02
      vertex   1.463601e+00 -2.011136e+01 2.622266e+02
      vertex   1.514767e+00 -2.050000e+01 2.697266e+02
    endloop
  endfacet
  facet normal -9.914449e-01 -1.305262e-01 -1.420769e-15
    outer loop
      vertex   1.514767e+00 -2.050000e+01 2.697266e+02
      vertex   1.463601e+00 -2.011136e+01 2.622266e+02
      vertex   1.514767e+00 -2.050000e+01 2.622266e+02
    endloop
  endfacet
  facet normal -9.914449e-01 1.305262e-01 -3.275658e-15
    outer loop
      vertex   1.514767e+00 -2.050000e+01 2.697266e+02
      vertex   1.514767e+00 -2.050000e+01 2.622266e+02
      vertex   1.463601e+00 -2.088864e+01 2.697266e+02
    endloop
  endfacet
  facet normal -9.914449e-01 1.305262e-01 -3.155123e-15
    outer loop
      vertex   1.463601e+00 -2.088864e+01 2.697266e+02
      vertex   1.514767e+00 -2.050000e+01 2.622266e+02
      vertex   1.463601e+00 -2.088864e+01 2.622266e+02
    endloop
  endfacet
  facet normal -9.238795e-01 3.826834e-01 -4.671336e-15
    outer loop
      vertex   1.463601e+00 -2.088864e+01 2.697266e+02
      vertex   1.463601e+00 -2.088864e+01 2.622266e+02
      vertex   1.313590e+00 -2.125080e+01 2.697266e+02
    endloop
  endfacet
  facet normal -9.238795e-01 3.826834e-01 -4.852611e-15
    outer loop
      vertex   1.313590e+00 -2.125080e+01 2.697266e+02
      vertex   1.463601e+00 -2.088864e+01 2.622266e+02
      vertex   1.313590e+00 -2.125080e+01 2.622266e+02
    endloop
  endfacet
  facet normal -7.933533e-01 6.087614e-01 -6.157572e-15
    outer loop
      vertex   1.313590e+00 -2.125080e+01 2.697266e+02
      vertex   1.313590e+00 -2.125080e+01 2.622266e+02
      vertex   1.074957e+00 -2.156179e+01 2.697266e+02
    endloop
  endfacet
  facet normal -7.933533e-01 6.087614e-01 -6.033621e-15
    outer loop
      vertex   1.074957e+00 -2.156179e+01 2.697266e+02
      vertex   1.313590e+00 -2.125080e+01 2.622266e+02
      vertex   1.074957e+00 -2.156179e+01 2.622266e+02
    endloop
  endfacet
  facet normal -6.087614e-01 7.933533e-01 -6.793258e-15
    outer loop
      vertex   1.074957e+00 -2.156179e+01 2.697266e+02
      vertex   1.074957e+00 -2.156179e+01 2.622266e+02
      vertex   7.639651e-01 -2.180043e+01 2.697266e+02
    endloop
  endfacet
  facet normal -6.087614e-01 7.933533e-01 -6.712155e-15
    outer loop
      vertex   7.639651e-01 -2.180043e+01 2.697266e+02
      vertex   1.074957e+00 -2.156179e+01 2.622266e+02
      vertex   7.639651e-01 -2.180043e+01 2.622266e+02
    endloop
  endfacet
  facet normal -3.826834e-01 9.238795e-01 -7.038963e-15
    outer loop
      vertex   7.639651e-01 -2.180043e+01 2.697266e+02
      vertex   7.639651e-01 -2.180043e+01 2.622266e+02
      vertex   4.018070e-01 -2.195044e+01 2.697266e+02
    endloop
  endfacet
  facet normal -3.826834e-01 9.238795e-01 -7.451108e-15
    outer loop
      vertex   4.018070e-01 -2.195044e+01 2.697266e+02
      vertex   7.639651e-01 -2.180043e+01 2.622266e+02
      vertex   4.018070e-01 -2.195044e+01 2.622266e+02
    endloop
  endfacet
  facet normal -1.305262e-01 9.914449e-01 -7.347025e-15
    outer loop
      vertex   4.018070e-01 -2.195044e+01 2.697266e+02
      vertex   4.018070e-01 -2.195044e+01 2.622266e+02
      vertex   1.316349e-02 -2.200160e+01 2.697266e+02
    endloop
  endfacet
  facet normal -1.305262e-01 9.914449e-01 -7.355327e-15
    outer loop
      vertex   1.316349e-02 -2.200160e+01 2.697266e+02
      vertex   4.018070e-01 -2.195044e+01 2.622266e+02
      vertex   1.316349e-02 -2.200160e+01 2.622266e+02
    endloop
  endfacet
  facet normal 1.305262e-01 9.914449e-01 -6.733952e-15
    outer loop
      vertex   1.316349e-02 -2.200160e+01 2.697266e+02
      vertex   1.316349e-02 -2.200160e+01 2.622266e+02
      vertex   -3.754800e-01 -2.195044e+01 2.697266e+02
    endloop
  endfacet
  facet normal 1.305262e-01 9.914449e-01 -6.733559e-15
    outer loop
      vertex   -3.754800e-01 -2.195044e+01 2.697266e+02
      vertex   1.316349e-02 -2.200160e+01 2.622266e+02
      vertex   -3.754800e-01 -2.195044e+01 2.622266e+02
    endloop
  endfacet
  facet normal 3.826834e-01 9.238795e-01 -5.652518e-15
    outer loop
      vertex   -3.754800e-01 -2.195044e+01 2.697266e+02
      vertex   -3.754800e-01 -2.195044e+01 2.622266e+02
      vertex   -7.376381e-01 -2.180043e+01 2.697266e+02
    endloop
  endfacet
  facet normal 3.826834e-01 9.238795e-01 -5.254534e-15
    outer loop
      vertex   -7.376381e-01 -2.180043e+01 2.697266e+02
      vertex   -3.754800e-01 -2.195044e+01 2.622266e+02
      vertex   -7.376381e-01 -2.180043e+01 2.622266e+02
    endloop
  endfacet
  facet normal 6.087614e-01 7.933533e-01 -3.873539e-15
    outer loop
      vertex   -7.376381e-01 -2.180043e+01 2.697266e+02
      vertex   -7.376381e-01 -2.180043e+01 2.622266e+02
      vertex   -1.048630e+00 -2.156179e+01 2.697266e+02
    endloop
  endfacet
  facet normal 6.087614e-01 7.933533e-01 -3.855516e-15
    outer loop
      vertex   -1.048630e+00 -2.156179e+01 2.697266e+02
      vertex   -7.376381e-01 -2.180043e+01 2.622266e+02
      vertex   -1.048630e+00 -2.156179e+01 2.622266e+02
    endloop
  endfacet
  facet normal 7.933533e-01 6.087614e-01 -2.205081e-15
    outer loop
      vertex   -1.048630e+00 -2.156179e+01 2.697266e+02
      vertex   -1.048630e+00 -2.156179e+01 2.622266e+02
      vertex   -1.287263e+00 -2.125080e+01 2.697266e+02
    endloop
  endfacet
  facet normal 7.933533e-01 6.087614e-01 -2.446472e-15
    outer loop
      vertex   -1.287263e+00 -2.125080e+01 2.697266e+02
      vertex   -1.048630e+00 -2.156179e+01 2.622266e+02
      vertex   -1.287263e+00 -2.125080e+01 2.622266e+02
    endloop
  endfacet
  facet normal 9.238795e-01 3.826834e-01 -5.309430e-16
    outer loop
      vertex   -1.287263e+00 -2.125080e+01 2.697266e+02
      vertex   -1.287263e+00 -2.125080e+01 2.622266e+02
      vertex   -1.437274e+00 -2.088864e+01 2.697266e+02
    endloop
  endfacet
  facet normal 9.238795e-01 3.826834e-01 -3.223154e-16
    outer loop
      vertex   -1.437274e+00 -2.088864e+01 2.697266e+02
      vertex   -1.287263e+00 -2.125080e+01 2.622266e+02
      vertex   -1.437274e+00 -2.088864e+01 2.622266e+02
    endloop
  endfacet
  facet normal 9.914449e-01 1.305262e-01 1.511951e-15
    outer loop
      vertex   -1.437274e+00 -2.088864e+01 2.697266e+02
      vertex   -1.437274e+00 -2.088864e+01 2.622266e+02
      vertex   -1.488440e+00 -2.050000e+01 2.697266e+02
    endloop
  endfacet
  facet normal 9.914449e-01 1.305262e-01 1.420769e-15
    outer loop
      vertex   -1.488440e+00 -2.050000e+01 2.697266e+02
      vertex   -1.437274e+00 -2.088864e+01 2.622266e+02
      vertex   -1.488440e+00 -2.050000e+01 2.622266e+02
    endloop
  endfacet
  facet normal 9.914449e-01 -1.305262e-01 3.275658e-15
    outer loop
      vertex   -1.488440e+00 -2.050000e+01 2.697266e+02
      vertex   -1.488440e+00 -2.050000e+01 2.622266e+02
      vertex   -1.437274e+00 -2.011136e+01 2.697266e+02
    endloop
  endfacet
  facet normal 9.914449e-01 -1.305262e-01 3.216952e-15
    outer loop
      vertex   -1.437274e+00 -2.011136e+01 2.697266e+02
      vertex   -1.488440e+00 -2.050000e+01 2.622266e+02
      vertex   -1.437274e+00 -2.011136e+01 2.622266e+02
    endloop
  endfacet
  facet normal 9.238795e-01 -3.826834e-01 4.852611e-15
    outer loop
      vertex   -1.437274e+00 -2.011136e+01 2.697266e+02
      vertex   -1.437274e+00 -2.011136e+01 2.622266e+02
      vertex   -1.287263e+00 -1.974920e+01 2.697266e+02
    endloop
  endfacet
  facet normal 9.238795e-01 -3.826834e-01 4.907316e-15
    outer loop
      vertex   -1.287263e+00 -1.974920e+01 2.697266e+02
      vertex   -1.437274e+00 -2.011136e+01 2.622266e+02
      vertex   -1.287263e+00 -1.974920e+01 2.622266e+02
    endloop
  endfacet
  facet normal 7.933533e-01 -6.087614e-01 6.204548e-15
    outer loop
      vertex   -1.287263e+00 -1.974920e+01 2.697266e+02
      vertex   -1.287263e+00 -1.974920e+01 2.622266e+02
      vertex   -1.048630e+00 -1.943821e+01 2.697266e+02
    endloop
  endfacet
  facet normal 7.933533e-01 -6.087614e-01 6.251524e-15
    outer loop
      vertex   -1.048630e+00 -1.943821e+01 2.697266e+02
      vertex   -1.287263e+00 -1.974920e+01 2.622266e+02
      vertex   -1.048630e+00 -1.943821e+01 2.622266e+02
    endloop
  endfacet
  facet normal 6.087614e-01 -7.933533e-01 7.114997e-15
    outer loop
      vertex   -1.048630e+00 -1.943821e+01 2.697266e+02
      vertex   -1.048630e+00 -1.943821e+01 2.622266e+02
      vertex   -7.376381e-01 -1.919957e+01 2.697266e+02
    endloop
  endfacet
  facet normal 6.087614e-01 -7.933533e-01 7.114997e-15
    outer loop
      vertex   -7.376381e-01 -1.919957e+01 2.697266e+02
      vertex   -1.048630e+00 -1.943821e+01 2.622266e+02
      vertex   -7.376381e-01 -1.919957e+01 2.622266e+02
    endloop
  endfacet
  facet normal 3.826834e-01 -9.238795e-01 7.493595e-15
    outer loop
      vertex   -7.376381e-01 -1.919957e+01 2.697266e+02
      vertex   -7.376381e-01 -1.919957e+01 2.622266e+02
      vertex   -3.754800e-01 -1.904956e+01 2.697266e+02
    endloop
  endfacet
  facet normal 3.826834e-01 -9.238795e-01 7.050293e-15
    outer loop
      vertex   -3.754800e-01 -1.904956e+01 2.697266e+02
      vertex   -7.376381e-01 -1.919957e+01 2.622266e+02
      vertex   -3.754800e-01 -1.904956e+01 2.622266e+02
    endloop
  endfacet
  facet normal 1.305262e-01 -9.914449e-01 6.889941e-15
    outer loop
      vertex   -3.754800e-01 -1.904956e+01 2.697266e+02
      vertex   -3.754800e-01 -1.904956e+01 2.622266e+02
      vertex   1.316349e-02 -1.899840e+01 2.697266e+02
    endloop
  endfacet
  facet normal 1.305262e-01 -9.914449e-01 7.355327e-15
    outer loop
      vertex   1.316349e-02 -1.899840e+01 2.697266e+02
      vertex   -3.754800e-01 -1.904956e+01 2.622266e+02
      vertex   1.316349e-02 -1.899840e+01 2.622266e+02
    endloop
  endfacet
  facet normal -1.305262e-01 -9.914449e-01 6.733952e-15
    outer loop
      vertex   1.316349e-02 -1.899840e+01 2.697266e+02
      vertex   1.316349e-02 -1.899840e+01 2.622266e+02
      vertex   4.018070e-01 -1.904956e+01 2.697266e+02
    endloop
  endfacet
  facet normal -1.305262e-01 -9.914449e-01 6.264883e-15
    outer loop
      vertex   4.018070e-01 -1.904956e+01 2.697266e+02
      vertex   1.316349e-02 -1.899840e+01 2.622266e+02
      vertex   4.018070e-01 -1.904956e+01 2.622266e+02
    endloop
  endfacet
  facet normal -3.826834e-01 -9.238795e-01 5.217713e-15
    outer loop
      vertex   4.018070e-01 -1.904956e+01 2.697266e+02
      vertex   4.018070e-01 -1.904956e+01 2.622266e+02
      vertex   7.639651e-01 -1.919957e+01 2.697266e+02
    endloop
  endfacet
  facet normal -3.826834e-01 -9.238795e-01 5.646853e-15
    outer loop
      vertex   7.639651e-01 -1.919957e+01 2.697266e+02
      vertex   4.018070e-01 -1.904956e+01 2.622266e+02
      vertex   7.639651e-01 -1.919957e+01 2.622266e+02
    endloop
  endfacet
  facet normal -6.087614e-01 -7.933533e-01 4.177255e-15
    outer loop
      vertex   7.639651e-01 -1.919957e+01 2.697266e+02
      vertex   7.639651e-01 -1.919957e+01 2.622266e+02
      vertex   1.074957e+00 -1.943821e+01 2.697266e+02
    endloop
  endfacet
  facet normal -6.087614e-01 -7.933533e-01 4.195278e-15
    outer loop
      vertex   1.074957e+00 -1.943821e+01 2.697266e+02
      vertex   7.639651e-01 -1.919957e+01 2.622266e+02
      vertex   1.074957e+00 -1.943821e+01 2.622266e+02
    endloop
  endfacet
  facet normal -7.933533e-01 -6.087614e-01 2.446472e-15
    outer loop
      vertex   1.074957e+00 -1.943821e+01 2.697266e+02
      vertex   1.074957e+00 -1.943821e+01 2.622266e+02
      vertex   1.313590e+00 -1.974920e+01 2.697266e+02
    endloop
  endfacet
  facet normal -7.933533e-01 -6.087614e-01 2.446472e-15
    outer loop
      vertex   1.313590e+00 -1.974920e+01 2.697266e+02
      vertex   1.074957e+00 -1.943821e+01 2.622266e+02
      vertex   1.313590e+00 -1.974920e+01 2.622266e+02
    endloop
  endfacet
  facet normal -9.238795e-01 -3.826834e-01 5.309430e-16
    outer loop
      vertex   1.313590e+00 -1.974920e+01 2.697266e+02
      vertex   1.313590e+00 -1.974920e+01 2.622266e+02
      vertex   1.463601e+00 -2.011136e+01 2.697266e+02
    endloop
  endfacet
  facet normal -9.238795e-01 -3.826834e-01 5.582954e-16
    outer loop
      vertex   1.463601e+00 -2.011136e+01 2.697266e+02
      vertex   1.313590e+00 -1.974920e+01 2.622266e+02
      vertex   1.463601e+00 -2.011136e+01 2.622266e+02
    endloop
  endfacet
  facet normal -9.914449e-01 -1.305262e-01 -1.511951e-15
    outer loop
      vertex   1.514767e+00 -2.050000e+01 2.547266e+02
      vertex   1.514767e+00 -2.050000e+01 2.622266e+02
      vertex   1.463601e+00 -2.011136e+01 2.547266e+02
    endloop
  endfacet
  facet normal -9.914449e-01 -1.305262e-01 -1.541304e-15
    outer loop
      vertex   1.463601e+00 -2.011136e+01 2.547266e+02
      vertex   1.514767e+00 -2.050000e+01 2.622266e+02
      vertex   1.463601e+00 -2.011136e+01 2.622266e+02
    endloop
  endfacet
  facet normal -9.238795e-01 -3.826834e-01 2.949631e-16
    outer loop
      vertex   1.463601e+00 -2.011136e+01 2.547266e+02
      vertex   1.463601e+00 -2.011136e+01 2.622266e+02
      vertex   1.313590e+00 -1.974920e+01 2.547266e+02
    endloop
  endfacet
  facet normal -9.238795e-01 -3.826834e-01 2.676108e-16
    outer loop
      vertex   1.313590e+00 -1.974920e+01 2.547266e+02
      vertex   1.463601e+00 -2.011136e+01 2.622266e+02
      vertex   1.313590e+00 -1.974920e+01 2.622266e+02
    endloop
  endfacet
  facet normal -7.933533e-01 -6.087614e-01 2.087641e-15
    outer loop
      vertex   1.313590e+00 -1.974920e+01 2.547266e+02
      vertex   1.313590e+00 -1.974920e+01 2.622266e+02
      vertex   1.074957e+00 -1.943821e+01 2.547266e+02
    endloop
  endfacet
  facet normal -7.933533e-01 -6.087614e-01 2.111129e-15
    outer loop
      vertex   1.074957e+00 -1.943821e+01 2.547266e+02
      vertex   1.313590e+00 -1.974920e+01 2.622266e+02
      vertex   1.074957e+00 -1.943821e+01 2.622266e+02
    endloop
  endfacet
  facet normal -6.087614e-01 -7.933533e-01 3.783424e-15
    outer loop
      vertex   1.074957e+00 -1.943821e+01 2.547266e+02
      vertex   1.074957e+00 -1.943821e+01 2.622266e+02
      vertex   7.639651e-01 -1.919957e+01 2.547266e+02
    endloop
  endfacet
  facet normal -6.087614e-01 -7.933533e-01 3.765401e-15
    outer loop
      vertex   7.639651e-01 -1.919957e+01 2.547266e+02
      vertex   1.074957e+00 -1.943821e+01 2.622266e+02
      vertex   7.639651e-01 -1.919957e+01 2.622266e+02
    endloop
  endfacet
  facet normal -3.826834e-01 -9.238795e-01 5.186556e-15
    outer loop
      vertex   7.639651e-01 -1.919957e+01 2.547266e+02
      vertex   7.639651e-01 -1.919957e+01 2.622266e+02
      vertex   4.018070e-01 -1.904956e+01 2.547266e+02
    endloop
  endfacet
  facet normal -3.826834e-01 -9.238795e-01 5.635523e-15
    outer loop
      vertex   4.018070e-01 -1.904956e+01 2.547266e+02
      vertex   7.639651e-01 -1.919957e+01 2.622266e+02
      vertex   4.018070e-01 -1.904956e+01 2.622266e+02
    endloop
  endfacet
  facet normal -1.305262e-01 -9.914449e-01 6.727763e-15
    outer loop
      vertex   4.018070e-01 -1.904956e+01 2.547266e+02
      vertex   4.018070e-01 -1.904956e+01 2.622266e+02
      vertex   1.316349e-02 -1.899840e+01 2.547266e+02
    endloop
  endfacet
  facet normal -1.305262e-01 -9.914449e-01 6.264339e-15
    outer loop
      vertex   1.316349e-02 -1.899840e+01 2.547266e+02
      vertex   4.018070e-01 -1.904956e+01 2.622266e+02
      vertex   1.316349e-02 -1.899840e+01 2.622266e+02
    endloop
  endfacet
  facet normal 1.305262e-01 -9.914449e-01 6.885654e-15
    outer loop
      vertex   1.316349e-02 -1.899840e+01 2.547266e+02
      vertex   1.316349e-02 -1.899840e+01 2.622266e+02
      vertex   -3.754800e-01 -1.904956e+01 2.547266e+02
    endloop
  endfacet
  facet normal 1.305262e-01 -9.914449e-01 7.363448e-15
    outer loop
      vertex   -3.754800e-01 -1.904956e+01 2.547266e+02
      vertex   1.316349e-02 -1.899840e+01 2.622266e+02
      vertex   -3.754800e-01 -1.904956e+01 2.622266e+02
    endloop
  endfacet
  facet normal 3.826834e-01 -9.238795e-01 7.499260e-15
    outer loop
      vertex   -3.754800e-01 -1.904956e+01 2.547266e+02
      vertex   -3.754800e-01 -1.904956e+01 2.622266e+02
      vertex   -7.376381e-01 -1.919957e+01 2.547266e+02
    endloop
  endfacet
  facet normal 3.826834e-01 -9.238795e-01 7.033298e-15
    outer loop
      vertex   -7.376381e-01 -1.919957e+01 2.547266e+02
      vertex   -3.754800e-01 -1.904956e+01 2.622266e+02
      vertex   -7.376381e-01 -1.919957e+01 2.622266e+02
    endloop
  endfacet
  facet normal 6.087614e-01 -7.933533e-01 6.703144e-15
    outer loop
      vertex   -7.376381e-01 -1.919957e+01 2.547266e+02
      vertex   -7.376381e-01 -1.919957e+01 2.622266e+02
      vertex   -1.048630e+00 -1.943821e+01 2.547266e+02
    endloop
  endfacet
  facet normal 6.087614e-01 -7.933533e-01 6.685121e-15
    outer loop
      vertex   -1.048630e+00 -1.943821e+01 2.547266e+02
      vertex   -7.376381e-01 -1.919957e+01 2.622266e+02
      vertex   -1.048630e+00 -1.943821e+01 2.622266e+02
    endloop
  endfacet
  facet normal 7.933533e-01 -6.087614e-01 5.892693e-15
    outer loop
      vertex   -1.048630e+00 -1.943821e+01 2.547266e+02
      vertex   -1.048630e+00 -1.943821e+01 2.622266e+02
      vertex   -1.287263e+00 -1.974920e+01 2.547266e+02
    endloop
  endfacet
  facet normal 7.933533e-01 -6.087614e-01 5.963157e-15
    outer loop
      vertex   -1.287263e+00 -1.974920e+01 2.547266e+02
      vertex   -1.048630e+00 -1.943821e+01 2.622266e+02
      vertex   -1.287263e+00 -1.974920e+01 2.622266e+02
    endloop
  endfacet
  facet normal 9.238795e-01 -3.826834e-01 4.780745e-15
    outer loop
      vertex   -1.287263e+00 -1.974920e+01 2.547266e+02
      vertex   -1.287263e+00 -1.974920e+01 2.622266e+02
      vertex   -1.437274e+00 -2.011136e+01 2.547266e+02
    endloop
  endfacet
  facet normal 9.238795e-01 -3.826834e-01 4.726040e-15
    outer loop
      vertex   -1.437274e+00 -2.011136e+01 2.547266e+02
      vertex   -1.287263e+00 -1.974920e+01 2.622266e+02
      vertex   -1.437274e+00 -2.011136e+01 2.622266e+02
    endloop
  endfacet
  facet normal 9.914449e-01 -1.305262e-01 3.213828e-15
    outer loop
      vertex   -1.437274e+00 -2.011136e+01 2.547266e+02
      vertex   -1.437274e+00 -2.011136e+01 2.622266e+02
      vertex   -1.488440e+00 -2.050000e+01 2.547266e+02
    endloop
  endfacet
  facet normal 9.914449e-01 -1.305262e-01 3.243181e-15
    outer loop
      vertex   -1.488440e+00 -2.050000e+01 2.547266e+02
      vertex   -1.437274e+00 -2.011136e+01 2.622266e+02
      vertex   -1.488440e+00 -2.050000e+01 2.622266e+02
    endloop
  endfacet
  facet normal 9.914449e-01 1.305262e-01 1.511951e-15
    outer loop
      vertex   -1.488440e+00 -2.050000e+01 2.547266e+02
      vertex   -1.488440e+00 -2.050000e+01 2.622266e+02
      vertex   -1.437274e+00 -2.088864e+01 2.547266e+02
    endloop
  endfacet
  facet normal 9.914449e-01 1.305262e-01 1.515075e-15
    outer loop
      vertex   -1.437274e+00 -2.088864e+01 2.547266e+02
      vertex   -1.488440e+00 -2.050000e+01 2.622266e+02
      vertex   -1.437274e+00 -2.088864e+01 2.622266e+02
    endloop
  endfacet
  facet normal 9.238795e-01 3.826834e-01 -1.957448e-16
    outer loop
      vertex   -1.437274e+00 -2.088864e+01 2.547266e+02
      vertex   -1.437274e+00 -2.088864e+01 2.622266e+02
      vertex   -1.287263e+00 -2.125080e+01 2.547266e+02
    endloop
  endfacet
  facet normal 9.238795e-01 3.826834e-01 -2.949631e-16
    outer loop
      vertex   -1.287263e+00 -2.125080e+01 2.547266e+02
      vertex   -1.437274e+00 -2.088864e+01 2.622266e+02
      vertex   -1.287263e+00 -2.125080e+01 2.622266e+02
    endloop
  endfacet
  facet normal 7.933533e-01 6.087614e-01 -2.111129e-15
    outer loop
      vertex   -1.287263e+00 -2.125080e+01 2.547266e+02
      vertex   -1.287263e+00 -2.125080e+01 2.622266e+02
      vertex   -1.048630e+00 -2.156179e+01 2.547266e+02
    endloop
  endfacet
  facet normal 7.933533e-01 6.087614e-01 -2.158105e-15
    outer loop
      vertex   -1.048630e+00 -2.156179e+01 2.547266e+02
      vertex   -1.287263e+00 -2.125080e+01 2.622266e+02
      vertex   -1.048630e+00 -2.156179e+01 2.622266e+02
    endloop
  endfacet
  facet normal 6.087614e-01 7.933533e-01 -3.819470e-15
    outer loop
      vertex   -1.048630e+00 -2.156179e+01 2.547266e+02
      vertex   -1.048630e+00 -2.156179e+01 2.622266e+02
      vertex   -7.376381e-01 -2.180043e+01 2.547266e+02
    endloop
  endfacet
  facet normal 6.087614e-01 7.933533e-01 -3.819470e-15
    outer loop
      vertex   -7.376381e-01 -2.180043e+01 2.547266e+02
      vertex   -1.048630e+00 -2.156179e+01 2.622266e+02
      vertex   -7.376381e-01 -2.180043e+01 2.622266e+02
    endloop
  endfacet
  facet normal 3.826834e-01 9.238795e-01 -5.220545e-15
    outer loop
      vertex   -7.376381e-01 -2.180043e+01 2.547266e+02
      vertex   -7.376381e-01 -2.180043e+01 2.622266e+02
      vertex   -3.754800e-01 -2.195044e+01 2.547266e+02
    endloop
  endfacet
  facet normal 3.826834e-01 9.238795e-01 -4.791405e-15
    outer loop
      vertex   -3.754800e-01 -2.195044e+01 2.547266e+02
      vertex   -7.376381e-01 -2.180043e+01 2.622266e+02
      vertex   -3.754800e-01 -2.195044e+01 2.622266e+02
    endloop
  endfacet
  facet normal 1.305262e-01 9.914449e-01 -5.799104e-15
    outer loop
      vertex   -3.754800e-01 -2.195044e+01 2.547266e+02
      vertex   -3.754800e-01 -2.195044e+01 2.622266e+02
      vertex   1.316349e-02 -2.200160e+01 2.547266e+02
    endloop
  endfacet
  facet normal 1.305262e-01 9.914449e-01 -6.264339e-15
    outer loop
      vertex   1.316349e-02 -2.200160e+01 2.547266e+02
      vertex   -3.754800e-01 -2.195044e+01 2.622266e+02
      vertex   1.316349e-02 -2.200160e+01 2.622266e+02
    endloop
  endfacet
  facet normal -1.305262e-01 9.914449e-01 -6.885654e-15
    outer loop
      vertex   1.316349e-02 -2.200160e+01 2.547266e+02
      vertex   1.316349e-02 -2.200160e+01 2.622266e+02
      vertex   4.018070e-01 -2.195044e+01 2.547266e+02
    endloop
  endfacet
  facet normal -1.305262e-01 9.914449e-01 -6.404841e-15
    outer loop
      vertex   4.018070e-01 -2.195044e+01 2.547266e+02
      vertex   1.316349e-02 -2.200160e+01 2.622266e+02
      vertex   4.018070e-01 -2.195044e+01 2.622266e+02
    endloop
  endfacet
  facet normal -3.826834e-01 9.238795e-01 -6.567337e-15
    outer loop
      vertex   4.018070e-01 -2.195044e+01 2.547266e+02
      vertex   4.018070e-01 -2.195044e+01 2.622266e+02
      vertex   7.639651e-01 -2.180043e+01 2.547266e+02
    endloop
  endfacet
  facet normal -3.826834e-01 9.238795e-01 -7.846259e-15
    outer loop
      vertex   7.639651e-01 -2.180043e+01 2.547266e+02
      vertex   4.018070e-01 -2.195044e+01 2.622266e+02
      vertex   7.639651e-01 -2.180043e+01 2.622266e+02
    endloop
  endfacet
  facet normal -6.087614e-01 7.933533e-01 -7.355633e-15
    outer loop
      vertex   7.639651e-01 -2.180043e+01 2.547266e+02
      vertex   7.639651e-01 -2.180043e+01 2.622266e+02
      vertex   1.074957e+00 -2.156179e+01 2.547266e+02
    endloop
  endfacet
  facet normal -6.087614e-01 7.933533e-01 -6.649075e-15
    outer loop
      vertex   1.074957e+00 -2.156179e+01 2.547266e+02
      vertex   7.639651e-01 -2.180043e+01 2.622266e+02
      vertex   1.074957e+00 -2.156179e+01 2.622266e+02
    endloop
  endfacet
  facet normal -7.933533e-01 6.087614e-01 -5.845717e-15
    outer loop
      vertex   1.074957e+00 -2.156179e+01 2.547266e+02
      vertex   1.074957e+00 -2.156179e+01 2.622266e+02
      vertex   1.313590e+00 -2.125080e+01 2.547266e+02
    endloop
  endfacet
  facet normal -7.933533e-01 6.087614e-01 -5.916181e-15
    outer loop
      vertex   1.313590e+00 -2.125080e+01 2.547266e+02
      vertex   1.074957e+00 -2.156179e+01 2.622266e+02
      vertex   1.313590e+00 -2.125080e+01 2.622266e+02
    endloop
  endfacet
  facet normal -9.238795e-01 3.826834e-01 -4.726040e-15
    outer loop
      vertex   1.313590e+00 -2.125080e+01 2.547266e+02
      vertex   1.313590e+00 -2.125080e+01 2.622266e+02
      vertex   1.463601e+00 -2.088864e+01 2.547266e+02
    endloop
  endfacet
  facet normal -9.238795e-01 3.826834e-01 -4.753393e-15
    outer loop
      vertex   1.463601e+00 -2.088864e+01 2.547266e+02
      vertex   1.313590e+00 -2.125080e+01 2.622266e+02
      vertex   1.463601e+00 -2.088864e+01 2.622266e+02
    endloop
  endfacet
  facet normal -9.914449e-01 1.305262e-01 -3.243181e-15
    outer loop
      vertex   1.463601e+00 -2.088864e+01 2.547266e+02
      vertex   1.463601e+00 -2.088864e+01 2.622266e+02
      vertex   1.514767e+00 -2.050000e+01 2.547266e+02
    endloop
  endfacet
  facet normal -9.914449e-01 1.305262e-01 -3.243181e-15
    outer loop
      vertex   1.514767e+00 -2.050000e+01 2.547266e+02
      vertex   1.463601e+00 -2.088864e+01 2.622266e+02
      vertex   1.514767e+00 -2.050000e+01 2.622266e+02
    endloop
  endfacet
  facet normal 2.214167e-05 -4.579827e-01 -8.889611e-01
    outer loop
      vertex   2.050000e+01 -4.949178e+01 2.540701e+02
      vertex   2.050000e+01 -4.931020e+01 2.539766e+02
      vertex   2.525000e+01 -4.949174e+01 2.540702e+02
    endloop
  endfacet
  facet normal 2.140033e-15 -4.584404e-01 -8.887252e-01
    outer loop
      vertex   2.525000e+01 -4.949174e+01 2.540702e+02
      vertex   2.050000e+01 -4.931020e+01 2.539766e+02
      vertex   3.000000e+01 -4.931020e+01 2.539766e+02
    endloop
  endfacet
  facet normal -1.962368e-05 -4.580348e-01 -8.889343e-01
    outer loop
      vertex   2.525000e+01 -4.949174e+01 2.540702e+02
      vertex   3.000000e+01 -4.931020e+01 2.539766e+02
      vertex   3.000000e+01 -4.949178e+01 2.540702e+02
    endloop
  endfacet
  facet normal -1.959340e-05 -3.007760e-01 -9.536948e-01
    outer loop
      vertex   2.525000e+01 -4.949174e+01 2.540702e+02
      vertex   3.000000e+01 -4.949178e+01 2.540702e+02
      vertex   2.525000e+01 -4.977637e+01 2.541600e+02
    endloop
  endfacet
  facet normal -4.165398e-04 -2.947447e-01 -9.555759e-01
    outer loop
      vertex   2.525000e+01 -4.977637e+01 2.541600e+02
      vertex   3.000000e+01 -4.949178e+01 2.540702e+02
      vertex   3.000000e+01 -4.979630e+01 2.541641e+02
    endloop
  endfacet
  facet normal 3.856140e-04 -1.114169e-01 -9.937737e-01
    outer loop
      vertex   2.525000e+01 -4.977637e+01 2.541600e+02
      vertex   3.000000e+01 -4.979630e+01 2.541641e+02
      vertex   2.525000e+01 -5.006490e+01 2.541924e+02
    endloop
  endfacet
  facet normal 2.442647e-05 -1.051018e-01 -9.944615e-01
    outer loop
      vertex   2.525000e+01 -5.006490e+01 2.541924e+02
      vertex   3.000000e+01 -4.979630e+01 2.541641e+02
      vertex   3.000000e+01 -5.006489e+01 2.541925e+02
    endloop
  endfacet
  facet normal 2.447524e-05 4.967551e-02 -9.987654e-01
    outer loop
      vertex   2.525000e+01 -5.006490e+01 2.541924e+02
      vertex   3.000000e+01 -5.006489e+01 2.541925e+02
      vertex   3.000000e+01 -5.025267e+01 2.541831e+02
    endloop
  endfacet
  facet normal 1.422349e-03 8.491941e-02 -9.963868e-01
    outer loop
      vertex   2.525000e+01 -5.006490e+01 2.541924e+02
      vertex   3.000000e+01 -5.025267e+01 2.541831e+02
      vertex   2.525000e+01 -5.035418e+01 2.541677e+02
    endloop
  endfacet
  facet normal -3.325041e-04 1.654887e-01 -9.862116e-01
    outer loop
      vertex   2.525000e+01 -5.035418e+01 2.541677e+02
      vertex   3.000000e+01 -5.025267e+01 2.541831e+02
      vertex   3.000000e+01 -5.040513e+01 2.541575e+02
    endloop
  endfacet
  facet normal 8.982686e-04 2.752784e-01 -9.613641e-01
    outer loop
      vertex   2.525000e+01 -5.035418e+01 2.541677e+02
      vertex   3.000000e+01 -5.040513e+01 2.541575e+02
      vertex   2.525000e+01 -5.064110e+01 2.540855e+02
    endloop
  endfacet
  facet normal -2.727935e-05 2.923662e-01 -9.563064e-01
    outer loop
      vertex   2.525000e+01 -5.064110e+01 2.540855e+02
      vertex   3.000000e+01 -5.040513e+01 2.541575e+02
      vertex   3.000000e+01 -5.064105e+01 2.540854e+02
    endloop
  endfacet
  facet normal -2.746681e-05 4.460200e-01 -8.950230e-01
    outer loop
      vertex   2.525000e+01 -5.064110e+01 2.540855e+02
      vertex   3.000000e+01 -5.064105e+01 2.540854e+02
      vertex   3.000000e+01 -5.085944e+01 2.539766e+02
    endloop
  endfacet
  facet normal 4.002100e-15 4.464985e-01 -8.947844e-01
    outer loop
      vertex   3.000000e+01 -5.085944e+01 2.539766e+02
      vertex   2.050000e+01 -5.085944e+01 2.539766e+02
      vertex   2.525000e+01 -5.064110e+01 2.540855e+02
    endloop
  endfacet
  facet normal 6.187624e-06 4.463907e-01 -8.948381e-01
    outer loop
      vertex   2.525000e+01 -5.064110e+01 2.540855e+02
      vertex   2.050000e+01 -5.085944e+01 2.539766e+02
      vertex   2.050000e+01 -5.064109e+01 2.540855e+02
    endloop
  endfacet
  facet normal 6.175011e-06 3.130671e-01 -9.497310e-01
    outer loop
      vertex   2.525000e+01 -5.064110e+01 2.540855e+02
      vertex   2.050000e+01 -5.064109e+01 2.540855e+02
      vertex   2.050000e+01 -5.046852e+01 2.541424e+02
    endloop
  endfacet
  facet normal -1.506071e-03 2.752782e-01 -9.613634e-01
    outer loop
      vertex   2.525000e+01 -5.064110e+01 2.540855e+02
      vertex   2.050000e+01 -5.046852e+01 2.541424e+02
      vertex   2.525000e+01 -5.035418e+01 2.541677e+02
    endloop
  endfacet
  facet normal 2.856086e-04 2.047068e-01 -9.788233e-01
    outer loop
      vertex   2.525000e+01 -5.035418e+01 2.541677e+02
      vertex   2.050000e+01 -5.046852e+01 2.541424e+02
      vertex   2.050000e+01 -5.031840e+01 2.541738e+02
    endloop
  endfacet
  facet normal -6.394081e-04 8.491948e-02 -9.963876e-01
    outer loop
      vertex   2.525000e+01 -5.035418e+01 2.541677e+02
      vertex   2.050000e+01 -5.031840e+01 2.541738e+02
      vertex   2.525000e+01 -5.006490e+01 2.541924e+02
    endloop
  endfacet
  facet normal -5.115882e-06 7.310286e-02 -9.973244e-01
    outer loop
      vertex   2.525000e+01 -5.006490e+01 2.541924e+02
      vertex   2.050000e+01 -5.031840e+01 2.541738e+02
      vertex   2.050000e+01 -5.006490e+01 2.541924e+02
    endloop
  endfacet
  facet normal -5.124759e-06 -7.478121e-02 -9.972000e-01
    outer loop
      vertex   2.525000e+01 -5.006490e+01 2.541924e+02
      vertex   2.050000e+01 -5.006490e+01 2.541924e+02
      vertex   2.050000e+01 -4.988355e+01 2.541788e+02
    endloop
  endfacet
  facet normal -1.413597e-03 -1.114168e-01 -9.937728e-01
    outer loop
      vertex   2.525000e+01 -5.006490e+01 2.541924e+02
      vertex   2.050000e+01 -4.988355e+01 2.541788e+02
      vertex   2.525000e+01 -4.977637e+01 2.541600e+02
    endloop
  endfacet
  facet normal 3.057531e-04 -1.856600e-01 -9.826140e-01
    outer loop
      vertex   2.525000e+01 -4.977637e+01 2.541600e+02
      vertex   2.050000e+01 -4.988355e+01 2.541788e+02
      vertex   2.050000e+01 -4.973494e+01 2.541507e+02
    endloop
  endfacet
  facet normal -7.550388e-04 -3.007760e-01 -9.536945e-01
    outer loop
      vertex   2.525000e+01 -4.977637e+01 2.541600e+02
      vertex   2.050000e+01 -4.973494e+01 2.541507e+02
      vertex   2.525000e+01 -4.949174e+01 2.540702e+02
    endloop
  endfacet
  facet normal 2.199246e-05 -3.144861e-01 -9.492621e-01
    outer loop
      vertex   2.525000e+01 -4.949174e+01 2.540702e+02
      vertex   2.050000e+01 -4.973494e+01 2.541507e+02
      vertex   2.050000e+01 -4.949178e+01 2.540701e+02
    endloop
  endfacet
  facet normal 1.000000e+00 6.581621e-09 -1.320719e-08
    outer loop
      vertex   3.000000e+01 -5.085944e+01 2.539766e+02
      vertex   3.000000e+01 -5.064105e+01 2.540854e+02
      vertex   3.000000e+01 -7.350000e+01 2.539766e+02
    endloop
  endfacet
  facet normal 1.000000e+00 6.452535e-09 1.390621e-08
    outer loop
      vertex   3.000000e+01 -7.350000e+01 2.539766e+02
      vertex   3.000000e+01 -5.064105e+01 2.540854e+02
      vertex   3.000000e+01 -5.800000e+01 2.575000e+02
    endloop
  endfacet
  facet normal 1.000000e+00 0.000000e+00 4.229183e-08
    outer loop
      vertex   3.000000e+01 -7.350000e+01 2.539766e+02
      vertex   3.000000e+01 -5.800000e+01 2.575000e+02
      vertex   3.000000e+01 -6.800000e+01 2.575000e+02
    endloop
  endfacet
  facet normal 1.000000e+00 0.000000e+00 0.000000e+00
    outer loop
      vertex   3.000000e+01 -6.800000e+01 2.575000e+02
      vertex   3.000000e+01 -5.800000e+01 2.575000e+02
      vertex   3.000000e+01 -6.761177e+01 2.575511e+02
    endloop
  endfacet
  facet normal 1.000000e+00 -0.000000e+00 0.000000e+00
    outer loop
      vertex   3.000000e+01 -6.761177e+01 2.575511e+02
      vertex   3.000000e+01 -5.800000e+01 2.575000e+02
      vertex   3.000000e+01 -5.838823e+01 2.575511e+02
    endloop
  endfacet
  facet normal 1.000000e+00 0.000000e+00 0.000000e+00
    outer loop
      vertex   3.000000e+01 -6.761177e+01 2.575511e+02
      vertex   3.000000e+01 -5.838823e+01 2.575511e+02
      vertex   3.000000e+01 -6.725000e+01 2.577010e+02
    endloop
  endfacet
  facet normal 1.000000e+00 -0.000000e+00 0.000000e+00
    outer loop
      vertex   3.000000e+01 -6.725000e+01 2.577010e+02
      vertex   3.000000e+01 -5.838823e+01 2.575511e+02
      vertex   3.000000e+01 -5.875000e+01 2.577010e+02
    endloop
  endfacet
  facet normal 1.000000e+00 0.000000e+00 0.000000e+00
    outer loop
      vertex   3.000000e+01 -6.725000e+01 2.577010e+02
      vertex   3.000000e+01 -5.875000e+01 2.577010e+02
      vertex   3.000000e+01 -6.693934e+01 2.579393e+02
    endloop
  endfacet
  facet normal 1.000000e+00 -0.000000e+00 0.000000e+00
    outer loop
      vertex   3.000000e+01 -6.693934e+01 2.579393e+02
      vertex   3.000000e+01 -5.875000e+01 2.577010e+02
      vertex   3.000000e+01 -5.906066e+01 2.579393e+02
    endloop
  endfacet
  facet normal 1.000000e+00 0.000000e+00 0.000000e+00
    outer loop
      vertex   3.000000e+01 -6.693934e+01 2.579393e+02
      vertex   3.000000e+01 -5.906066e+01 2.579393e+02
      vertex   3.000000e+01 -6.670096e+01 2.582500e+02
    endloop
  endfacet
  facet normal 1.000000e+00 -0.000000e+00 0.000000e+00
    outer loop
      vertex   3.000000e+01 -6.670096e+01 2.582500e+02
      vertex   3.000000e+01 -5.906066e+01 2.579393e+02
      vertex   3.000000e+01 -5.929904e+01 2.582500e+02
    endloop
  endfacet
  facet normal 1.000000e+00 0.000000e+00 0.000000e+00
    outer loop
      vertex   3.000000e+01 -6.670096e+01 2.582500e+02
      vertex   3.000000e+01 -5.929904e+01 2.582500e+02
      vertex   3.000000e+01 -6.655111e+01 2.586118e+02
    endloop
  endfacet
  facet normal 1.000000e+00 -0.000000e+00 0.000000e+00
    outer loop
      vertex   3.000000e+01 -6.655111e+01 2.586118e+02
      vertex   3.000000e+01 -5.929904e+01 2.582500e+02
      vertex   3.000000e+01 -5.944889e+01 2.586118e+02
    endloop
  endfacet
  facet normal 1.000000e+00 0.000000e+00 0.000000e+00
    outer loop
      vertex   3.000000e+01 -6.655111e+01 2.586118e+02
      vertex   3.000000e+01 -5.944889e+01 2.586118e+02
      vertex   3.000000e+01 -6.650000e+01 2.590000e+02
    endloop
  endfacet
  facet normal 1.000000e+00 -0.000000e+00 0.000000e+00
    outer loop
      vertex   3.000000e+01 -6.650000e+01 2.590000e+02
      vertex   3.000000e+01 -5.944889e+01 2.586118e+02
      vertex   3.000000e+01 -5.950000e+01 2.590000e+02
    endloop
  endfacet
  facet normal 1.000000e+00 0.000000e+00 -0.000000e+00
    outer loop
      vertex   3.000000e+01 -6.650000e+01 2.590000e+02
      vertex   3.000000e+01 -5.950000e+01 2.590000e+02
      vertex   3.000000e+01 -6.655111e+01 2.593882e+02
    endloop
  endfacet
  facet normal 1.000000e+00 -0.000000e+00 0.000000e+00
    outer loop
      vertex   3.000000e+01 -6.655111e+01 2.593882e+02
      vertex   3.000000e+01 -5.950000e+01 2.590000e+02
      vertex   3.000000e+01 -5.944889e+01 2.593882e+02
    endloop
  endfacet
  facet normal 1.000000e+00 0.000000e+00 -0.000000e+00
    outer loop
      vertex   3.000000e+01 -6.655111e+01 2.593882e+02
      vertex   3.000000e+01 -5.944889e+01 2.593882e+02
      vertex   3.000000e+01 -6.670096e+01 2.597500e+02
    endloop
  endfacet
  facet normal 1.000000e+00 -0.000000e+00 0.000000e+00
    outer loop
      vertex   3.000000e+01 -6.670096e+01 2.597500e+02
      vertex   3.000000e+01 -5.944889e+01 2.593882e+02
      vertex   3.000000e+01 -5.929904e+01 2.597500e+02
    endloop
  endfacet
  facet normal 1.000000e+00 0.000000e+00 -0.000000e+00
    outer loop
      vertex   3.000000e+01 -6.670096e+01 2.597500e+02
      vertex   3.000000e+01 -5.929904e+01 2.597500e+02
      vertex   3.000000e+01 -6.693934e+01 2.600607e+02
    endloop
  endfacet
  facet normal 1.000000e+00 -0.000000e+00 0.000000e+00
    outer loop
      vertex   3.000000e+01 -6.693934e+01 2.600607e+02
      vertex   3.000000e+01 -5.929904e+01 2.597500e+02
      vertex   3.000000e+01 -5.906066e+01 2.600607e+02
    endloop
  endfacet
  facet normal 1.000000e+00 0.000000e+00 -0.000000e+00
    outer loop
      vertex   3.000000e+01 -6.693934e+01 2.600607e+02
      vertex   3.000000e+01 -5.906066e+01 2.600607e+02
      vertex   3.000000e+01 -6.725000e+01 2.602990e+02
    endloop
  endfacet
  facet normal 1.000000e+00 -0.000000e+00 0.000000e+00
    outer loop
      vertex   3.000000e+01 -6.725000e+01 2.602990e+02
      vertex   3.000000e+01 -5.906066e+01 2.600607e+02
      vertex   3.000000e+01 -5.875000e+01 2.602990e+02
    endloop
  endfacet
  facet normal 1.000000e+00 0.000000e+00 -0.000000e+00
    outer loop
      vertex   3.000000e+01 -6.725000e+01 2.602990e+02
      vertex   3.000000e+01 -5.875000e+01 2.602990e+02
      vertex   3.000000e+01 -6.761177e+01 2.604489e+02
    endloop
  endfacet
  facet normal 1.000000e+00 -0.000000e+00 0.000000e+00
    outer loop
      vertex   3.000000e+01 -6.761177e+01 2.604489e+02
      vertex   3.000000e+01 -5.875000e+01 2.602990e+02
      vertex   3.000000e+01 -5.838823e+01 2.604489e+02
    endloop
  endfacet
  facet normal 1.000000e+00 0.000000e+00 -0.000000e+00
    outer loop
      vertex   3.000000e+01 -6.761177e+01 2.604489e+02
      vertex   3.000000e+01 -5.838823e+01 2.604489e+02
      vertex   3.000000e+01 -6.800000e+01 2.605000e+02
    endloop
  endfacet
  facet normal 1.000000e+00 -0.000000e+00 0.000000e+00
    outer loop
      vertex   3.000000e+01 -6.800000e+01 2.605000e+02
      vertex   3.000000e+01 -5.838823e+01 2.604489e+02
      vertex   3.000000e+01 -5.800000e+01 2.605000e+02
    endloop
  endfacet
  facet normal 1.000000e+00 0.000000e+00 -4.286147e-08
    outer loop
      vertex   3.000000e+01 -6.800000e+01 2.605000e+02
      vertex   3.000000e+01 -5.800000e+01 2.605000e+02
      vertex   3.000000e+01 -7.350000e+01 2.639766e+02
    endloop
  endfacet
  facet normal 1.000000e+00 3.796791e-09 -2.593387e-08
    outer loop
      vertex   3.000000e+01 -7.350000e+01 2.639766e+02
      vertex   3.000000e+01 -5.800000e+01 2.605000e+02
      vertex   3.000000e+01 -4.244605e+01 2.627771e+02
    endloop
  endfacet
  facet normal 1.000000e+00 4.480245e-09 -8.239034e-09
    outer loop
      vertex   3.000000e+01 -7.350000e+01 2.639766e+02
      vertex   3.000000e+01 -4.244605e+01 2.627771e+02
      vertex   3.000000e+01 -4.184081e+01 2.631063e+02
    endloop
  endfacet
  facet normal 1.000000e+00 2.761752e-14 5.743913e-14
    outer loop
      vertex   3.000000e+01 -5.064105e+01 2.540854e+02
      vertex   3.000000e+01 -5.040513e+01 2.541575e+02
      vertex   3.000000e+01 -5.800000e+01 2.575000e+02
    endloop
  endfacet
  facet normal 1.000000e+00 -1.622451e-14 -4.218050e-14
    outer loop
      vertex   3.000000e+01 -5.800000e+01 2.575000e+02
      vertex   3.000000e+01 -5.040513e+01 2.541575e+02
      vertex   3.000000e+01 -5.025267e+01 2.541831e+02
    endloop
  endfacet
  facet normal 1.000000e+00 -7.404457e-15 -2.157923e-14
    outer loop
      vertex   3.000000e+01 -5.800000e+01 2.575000e+02
      vertex   3.000000e+01 -5.025267e+01 2.541831e+02
      vertex   3.000000e+01 -4.347170e+01 2.561369e+02
    endloop
  endfacet
  facet normal 1.000000e+00 -4.289218e-14 1.015875e-13
    outer loop
      vertex   3.000000e+01 -4.347170e+01 2.561369e+02
      vertex   3.000000e+01 -5.025267e+01 2.541831e+02
      vertex   3.000000e+01 -5.006489e+01 2.541925e+02
    endloop
  endfacet
  facet normal 1.000000e+00 -1.007322e-14 -9.694506e-15
    outer loop
      vertex   3.000000e+01 -4.347170e+01 2.561369e+02
      vertex   3.000000e+01 -5.006489e+01 2.541925e+02
      vertex   3.000000e+01 -4.299397e+01 2.556405e+02
    endloop
  endfacet
  facet normal 1.000000e+00 -1.225118e-14 9.406391e-16
    outer loop
      vertex   3.000000e+01 -4.299397e+01 2.556405e+02
      vertex   3.000000e+01 -5.006489e+01 2.541925e+02
      vertex   3.000000e+01 -4.244605e+01 2.552229e+02
    endloop
  endfacet
  facet normal 1.000000e+00 -5.318347e-15 -5.032160e-14
    outer loop
      vertex   3.000000e+01 -4.244605e+01 2.552229e+02
      vertex   3.000000e+01 -5.006489e+01 2.541925e+02
      vertex   3.000000e+01 -4.979630e+01 2.541641e+02
    endloop
  endfacet
  facet normal 1.000000e+00 -9.935193e-15 -1.827052e-14
    outer loop
      vertex   3.000000e+01 -4.244605e+01 2.552229e+02
      vertex   3.000000e+01 -4.979630e+01 2.541641e+02
      vertex   3.000000e+01 -4.184081e+01 2.548937e+02
    endloop
  endfacet
  facet normal 1.000000e+00 -1.697142e-14 5.844608e-14
    outer loop
      vertex   3.000000e+01 -4.184081e+01 2.548937e+02
      vertex   3.000000e+01 -4.979630e+01 2.541641e+02
      vertex   3.000000e+01 -4.949178e+01 2.540702e+02
    endloop
  endfacet
  facet normal 1.000000e+00 -8.217194e-15 -2.287913e-14
    outer loop
      vertex   3.000000e+01 -4.184081e+01 2.548937e+02
      vertex   3.000000e+01 -4.949178e+01 2.540702e+02
      vertex   3.000000e+01 -4.119242e+01 2.546609e+02
    endloop
  endfacet
  facet normal 1.000000e+00 -6.275998e-15 -5.015246e-14
    outer loop
      vertex   3.000000e+01 -4.119242e+01 2.546609e+02
      vertex   3.000000e+01 -4.949178e+01 2.540702e+02
      vertex   3.000000e+01 -4.931020e+01 2.539766e+02
    endloop
  endfacet
  facet normal 1.000000e+00 -8.912762e-15 -1.887155e-14
    outer loop
      vertex   3.000000e+01 -4.119242e+01 2.546609e+02
      vertex   3.000000e+01 -4.931020e+01 2.539766e+02
      vertex   3.000000e+01 -4.051608e+01 2.545297e+02
    endloop
  endfacet
  facet normal 1.000000e+00 -3.824424e-15 -9.977401e-14
    outer loop
      vertex   3.000000e+01 -4.051608e+01 2.545297e+02
      vertex   3.000000e+01 -4.931020e+01 2.539766e+02
      vertex   3.000000e+01 -3.982764e+01 2.545033e+02
    endloop
  endfacet
  facet normal 1.000000e+00 -1.483320e-28 -1.686258e-13
    outer loop
      vertex   3.000000e+01 -3.982764e+01 2.545033e+02
      vertex   3.000000e+01 -4.931020e+01 2.539766e+02
      vertex   3.000000e+01 -1.700000e+01 2.539766e+02
    endloop
  endfacet
  facet normal 1.000000e+00 3.242697e-15 -2.808865e-14
    outer loop
      vertex   3.000000e+01 -3.982764e+01 2.545033e+02
      vertex   3.000000e+01 -1.700000e+01 2.539766e+02
      vertex   3.000000e+01 -3.914324e+01 2.545823e+02
    endloop
  endfacet
  facet normal 1.000000e+00 3.163778e-15 -3.097364e-14
    outer loop
      vertex   3.000000e+01 -3.914324e+01 2.545823e+02
      vertex   3.000000e+01 -1.700000e+01 2.539766e+02
      vertex   3.000000e+01 -3.847892e+01 2.547649e+02
    endloop
  endfacet
  facet normal 1.000000e+00 3.975092e-15 -8.867182e-15
    outer loop
      vertex   3.000000e+01 -3.847892e+01 2.547649e+02
      vertex   3.000000e+01 -1.700000e+01 2.539766e+02
      vertex   3.000000e+01 -3.785026e+01 2.550467e+02
    endloop
  endfacet
  facet normal 1.000000e+00 4.104866e-15 -6.338646e-15
    outer loop
      vertex   3.000000e+01 -3.785026e+01 2.550467e+02
      vertex   3.000000e+01 -1.700000e+01 2.539766e+02
      vertex   3.000000e+01 -3.727199e+01 2.554212e+02
    endloop
  endfacet
  facet normal 1.000000e+00 3.196337e-15 -1.908802e-14
    outer loop
      vertex   3.000000e+01 -3.727199e+01 2.554212e+02
      vertex   3.000000e+01 -1.700000e+01 2.539766e+02
      vertex   3.000000e+01 -3.675765e+01 2.558796e+02
    endloop
  endfacet
  facet normal 1.000000e+00 4.664317e-15 -3.846634e-15
    outer loop
      vertex   3.000000e+01 -3.675765e+01 2.558796e+02
      vertex   3.000000e+01 -1.700000e+01 2.539766e+02
      vertex   3.000000e+01 -3.631932e+01 2.564111e+02
    endloop
  endfacet
  facet normal 1.000000e+00 4.790184e-15 -2.847790e-15
    outer loop
      vertex   3.000000e+01 -3.631932e+01 2.564111e+02
      vertex   3.000000e+01 -1.700000e+01 2.539766e+02
      vertex   3.000000e+01 -3.596726e+01 2.570033e+02
    endloop
  endfacet
  facet normal 1.000000e+00 4.927697e-15 -1.986040e-15
    outer loop
      vertex   3.000000e+01 -3.596726e+01 2.570033e+02
      vertex   3.000000e+01 -1.700000e+01 2.539766e+02
      vertex   3.000000e+01 -3.570972e+01 2.576423e+02
    endloop
  endfacet
  facet normal 1.000000e+00 5.083731e-15 -1.189639e-15
    outer loop
      vertex   3.000000e+01 -3.570972e+01 2.576423e+02
      vertex   3.000000e+01 -1.700000e+01 2.539766e+02
      vertex   3.000000e+01 -3.555274e+01 2.583131e+02
    endloop
  endfacet
  facet normal 1.000000e+00 5.267273e-15 -4.043924e-16
    outer loop
      vertex   3.000000e+01 -3.555274e+01 2.583131e+02
      vertex   3.000000e+01 -1.700000e+01 2.539766e+02
      vertex   3.000000e+01 -3.550000e+01 2.590000e+02
    endloop
  endfacet
  facet normal 1.000000e+00 5.377080e-15 -8.732903e-30
    outer loop
      vertex   3.000000e+01 -3.550000e+01 2.590000e+02
      vertex   3.000000e+01 -1.700000e+01 2.539766e+02
      vertex   3.000000e+01 -1.700000e+01 2.639766e+02
    endloop
  endfacet
  facet normal 1.000000e+00 5.268276e-15 4.044694e-16
    outer loop
      vertex   3.000000e+01 -3.550000e+01 2.590000e+02
      vertex   3.000000e+01 -1.700000e+01 2.639766e+02
      vertex   3.000000e+01 -3.555274e+01 2.596869e+02
    endloop
  endfacet
  facet normal 1.000000e+00 5.086579e-15 1.190305e-15
    outer loop
      vertex   3.000000e+01 -3.555274e+01 2.596869e+02
      vertex   3.000000e+01 -1.700000e+01 2.639766e+02
      vertex   3.000000e+01 -3.570972e+01 2.603577e+02
    endloop
  endfacet
  facet normal 1.000000e+00 4.932308e-15 1.987899e-15
    outer loop
      vertex   3.000000e+01 -3.570972e+01 2.603577e+02
      vertex   3.000000e+01 -1.700000e+01 2.639766e+02
      vertex   3.000000e+01 -3.596726e+01 2.609967e+02
    endloop
  endfacet
  facet normal 1.000000e+00 4.796615e-15 2.851613e-15
    outer loop
      vertex   3.000000e+01 -3.596726e+01 2.609967e+02
      vertex   3.000000e+01 -1.700000e+01 2.639766e+02
      vertex   3.000000e+01 -3.631932e+01 2.615889e+02
    endloop
  endfacet
  facet normal 1.000000e+00 4.672779e-15 3.853612e-15
    outer loop
      vertex   3.000000e+01 -3.631932e+01 2.615889e+02
      vertex   3.000000e+01 -1.700000e+01 2.639766e+02
      vertex   3.000000e+01 -3.675765e+01 2.621205e+02
    endloop
  endfacet
  facet normal 1.000000e+00 3.237262e-15 1.913394e-14
    outer loop
      vertex   3.000000e+01 -3.675765e+01 2.621205e+02
      vertex   3.000000e+01 -1.700000e+01 2.639766e+02
      vertex   3.000000e+01 -3.727199e+01 2.625788e+02
    endloop
  endfacet
  facet normal 1.000000e+00 4.118098e-15 6.359080e-15
    outer loop
      vertex   3.000000e+01 -3.727199e+01 2.625788e+02
      vertex   3.000000e+01 -1.700000e+01 2.639766e+02
      vertex   3.000000e+01 -3.785026e+01 2.629533e+02
    endloop
  endfacet
  facet normal 1.000000e+00 3.993042e-15 8.907221e-15
    outer loop
      vertex   3.000000e+01 -3.785026e+01 2.629533e+02
      vertex   3.000000e+01 -1.700000e+01 2.639766e+02
      vertex   3.000000e+01 -3.847892e+01 2.632351e+02
    endloop
  endfacet
  facet normal 1.000000e+00 3.223769e-15 3.119194e-14
    outer loop
      vertex   3.000000e+01 -3.847892e+01 2.632351e+02
      vertex   3.000000e+01 -1.700000e+01 2.639766e+02
      vertex   3.000000e+01 -3.914324e+01 2.634177e+02
    endloop
  endfacet
  facet normal 1.000000e+00 3.291440e-15 2.851086e-14
    outer loop
      vertex   3.000000e+01 -3.914324e+01 2.634177e+02
      vertex   3.000000e+01 -1.700000e+01 2.639766e+02
      vertex   3.000000e+01 -3.982764e+01 2.634967e+02
    endloop
  endfacet
  facet normal 1.000000e+00 2.637374e-09 -1.254560e-07
    outer loop
      vertex   3.000000e+01 -3.982764e+01 2.634967e+02
      vertex   3.000000e+01 -1.700000e+01 2.639766e+02
      vertex   3.000000e+01 -7.350000e+01 2.639766e+02
    endloop
  endfacet
  facet normal 1.000000e+00 3.225915e-09 -8.415974e-08
    outer loop
      vertex   3.000000e+01 -3.982764e+01 2.634967e+02
      vertex   3.000000e+01 -7.350000e+01 2.639766e+02
      vertex   3.000000e+01 -4.051608e+01 2.634703e+02
    endloop
  endfacet
  facet normal 1.000000e+00 4.186372e-09 -2.158610e-08
    outer loop
      vertex   3.000000e+01 -4.051608e+01 2.634703e+02
      vertex   3.000000e+01 -7.350000e+01 2.639766e+02
      vertex   3.000000e+01 -4.119242e+01 2.633391e+02
    endloop
  endfacet
  facet normal 1.000000e+00 4.372093e-09 -1.217321e-08
    outer loop
      vertex   3.000000e+01 -4.119242e+01 2.633391e+02
      vertex   3.000000e+01 -7.350000e+01 2.639766e+02
      vertex   3.000000e+01 -4.184081e+01 2.631063e+02
    endloop
  endfacet
  facet normal 1.000000e+00 3.725290e-08 -5.293956e-23
    outer loop
      vertex   3.000000e+01 -7.350000e+01 2.539766e+02
      vertex   3.000000e+01 -6.950000e+01 2.590000e+02
      vertex   3.000000e+01 -7.350000e+01 2.639766e+02
    endloop
  endfacet
  facet normal 1.000000e+00 3.200985e-08 -4.214177e-09
    outer loop
      vertex   3.000000e+01 -7.350000e+01 2.639766e+02
      vertex   3.000000e+01 -6.950000e+01 2.590000e+02
      vertex   3.000000e+01 -6.944889e+01 2.593882e+02
    endloop
  endfacet
  facet normal 1.000000e+00 2.503694e-08 -1.037064e-08
    outer loop
      vertex   3.000000e+01 -7.350000e+01 2.639766e+02
      vertex   3.000000e+01 -6.944889e+01 2.593882e+02
      vertex   3.000000e+01 -6.929904e+01 2.597500e+02
    endloop
  endfacet
  facet normal 1.000000e+00 -3.868262e-15 -2.938236e-14
    outer loop
      vertex   3.000000e+01 -5.761177e+01 2.604489e+02
      vertex   3.000000e+01 -4.386806e+01 2.612996e+02
      vertex   3.000000e+01 -5.800000e+01 2.605000e+02
    endloop
  endfacet
  facet normal 1.000000e+00 -5.759945e-15 4.051455e-15
    outer loop
      vertex   3.000000e+01 -5.800000e+01 2.605000e+02
      vertex   3.000000e+01 -4.386806e+01 2.612996e+02
      vertex   3.000000e+01 -4.347170e+01 2.618631e+02
    endloop
  endfacet
  facet normal 1.000000e+00 -5.913817e-15 5.691478e-15
    outer loop
      vertex   3.000000e+01 -5.800000e+01 2.605000e+02
      vertex   3.000000e+01 -4.347170e+01 2.618631e+02
      vertex   3.000000e+01 -4.299397e+01 2.623595e+02
    endloop
  endfacet
  facet normal 1.000000e+00 -5.866743e-15 2.904810e-15
    outer loop
      vertex   3.000000e+01 -4.386806e+01 2.612996e+02
      vertex   3.000000e+01 -5.761177e+01 2.604489e+02
      vertex   3.000000e+01 -4.417376e+01 2.606822e+02
    endloop
  endfacet
  facet normal 1.000000e+00 -5.582350e-15 -1.347699e-14
    outer loop
      vertex   3.000000e+01 -4.417376e+01 2.606822e+02
      vertex   3.000000e+01 -5.761177e+01 2.604489e+02
      vertex   3.000000e+01 -5.725000e+01 2.602990e+02
    endloop
  endfacet
  facet normal 1.000000e+00 -5.757385e-15 -7.503170e-15
    outer loop
      vertex   3.000000e+01 -4.417376e+01 2.606822e+02
      vertex   3.000000e+01 -5.725000e+01 2.602990e+02
      vertex   3.000000e+01 -5.693934e+01 2.600607e+02
    endloop
  endfacet
  facet normal 1.000000e+00 -6.218506e-15 1.967966e-15
    outer loop
      vertex   3.000000e+01 -4.417376e+01 2.606822e+02
      vertex   3.000000e+01 -5.693934e+01 2.600607e+02
      vertex   3.000000e+01 -4.438163e+01 2.600253e+02
    endloop
  endfacet
  facet normal 1.000000e+00 -6.237502e-15 -4.786204e-15
    outer loop
      vertex   3.000000e+01 -4.438163e+01 2.600253e+02
      vertex   3.000000e+01 -5.693934e+01 2.600607e+02
      vertex   3.000000e+01 -5.670096e+01 2.597500e+02
    endloop
  endfacet
  facet normal 1.000000e+00 -6.366454e-15 9.833591e-16
    outer loop
      vertex   3.000000e+01 -4.438163e+01 2.600253e+02
      vertex   3.000000e+01 -5.670096e+01 2.597500e+02
      vertex   3.000000e+01 -4.448680e+01 2.593445e+02
    endloop
  endfacet
  facet normal 1.000000e+00 -6.488333e-15 -2.687556e-15
    outer loop
      vertex   3.000000e+01 -4.448680e+01 2.593445e+02
      vertex   3.000000e+01 -5.670096e+01 2.597500e+02
      vertex   3.000000e+01 -5.655111e+01 2.593882e+02
    endloop
  endfacet
  facet normal 1.000000e+00 -6.481681e-15 -8.533294e-16
    outer loop
      vertex   3.000000e+01 -4.448680e+01 2.593445e+02
      vertex   3.000000e+01 -5.655111e+01 2.593882e+02
      vertex   3.000000e+01 -5.650000e+01 2.590000e+02
    endloop
  endfacet
  facet normal 1.000000e+00 -6.506149e-15 -6.710127e-29
    outer loop
      vertex   3.000000e+01 -4.448680e+01 2.593445e+02
      vertex   3.000000e+01 -5.650000e+01 2.590000e+02
      vertex   3.000000e+01 -4.448680e+01 2.586555e+02
    endloop
  endfacet
  facet normal 1.000000e+00 -6.481681e-15 8.533294e-16
    outer loop
      vertex   3.000000e+01 -4.448680e+01 2.586555e+02
      vertex   3.000000e+01 -5.650000e+01 2.590000e+02
      vertex   3.000000e+01 -5.655111e+01 2.586118e+02
    endloop
  endfacet
  facet normal 1.000000e+00 -6.488333e-15 2.687556e-15
    outer loop
      vertex   3.000000e+01 -4.448680e+01 2.586555e+02
      vertex   3.000000e+01 -5.655111e+01 2.586118e+02
      vertex   3.000000e+01 -5.670096e+01 2.582500e+02
    endloop
  endfacet
  facet normal 1.000000e+00 -6.366454e-15 -9.833591e-16
    outer loop
      vertex   3.000000e+01 -4.448680e+01 2.586555e+02
      vertex   3.000000e+01 -5.670096e+01 2.582500e+02
      vertex   3.000000e+01 -4.438163e+01 2.579747e+02
    endloop
  endfacet
  facet normal 1.000000e+00 -6.237502e-15 4.786204e-15
    outer loop
      vertex   3.000000e+01 -4.438163e+01 2.579747e+02
      vertex   3.000000e+01 -5.670096e+01 2.582500e+02
      vertex   3.000000e+01 -5.693934e+01 2.579393e+02
    endloop
  endfacet
  facet normal 1.000000e+00 -6.218506e-15 -1.967966e-15
    outer loop
      vertex   3.000000e+01 -4.438163e+01 2.579747e+02
      vertex   3.000000e+01 -5.693934e+01 2.579393e+02
      vertex   3.000000e+01 -4.417376e+01 2.573178e+02
    endloop
  endfacet
  facet normal 1.000000e+00 -5.757385e-15 7.503170e-15
    outer loop
      vertex   3.000000e+01 -4.417376e+01 2.573178e+02
      vertex   3.000000e+01 -5.693934e+01 2.579393e+02
      vertex   3.000000e+01 -5.725000e+01 2.577010e+02
    endloop
  endfacet
  facet normal 1.000000e+00 -5.582350e-15 1.347699e-14
    outer loop
      vertex   3.000000e+01 -4.417376e+01 2.573178e+02
      vertex   3.000000e+01 -5.725000e+01 2.577010e+02
      vertex   3.000000e+01 -5.761177e+01 2.575511e+02
    endloop
  endfacet
  facet normal 1.000000e+00 -5.866743e-15 -2.904810e-15
    outer loop
      vertex   3.000000e+01 -4.417376e+01 2.573178e+02
      vertex   3.000000e+01 -5.761177e+01 2.575511e+02
      vertex   3.000000e+01 -4.386806e+01 2.567004e+02
    endloop
  endfacet
  facet normal 1.000000e+00 -3.868262e-15 2.938236e-14
    outer loop
      vertex   3.000000e+01 -4.386806e+01 2.567004e+02
      vertex   3.000000e+01 -5.761177e+01 2.575511e+02
      vertex   3.000000e+01 -5.800000e+01 2.575000e+02
    endloop
  endfacet
  facet normal 1.000000e+00 -5.759945e-15 -4.051455e-15
    outer loop
      vertex   3.000000e+01 -4.386806e+01 2.567004e+02
      vertex   3.000000e+01 -5.800000e+01 2.575000e+02
      vertex   3.000000e+01 -4.347170e+01 2.561369e+02
    endloop
  endfacet
  facet normal 1.000000e+00 2.001731e-08 -1.535983e-08
    outer loop
      vertex   3.000000e+01 -6.929904e+01 2.597500e+02
      vertex   3.000000e+01 -6.906066e+01 2.600607e+02
      vertex   3.000000e+01 -7.350000e+01 2.639766e+02
    endloop
  endfacet
  facet normal 1.000000e+00 1.561529e-08 -2.035024e-08
    outer loop
      vertex   3.000000e+01 -7.350000e+01 2.639766e+02
      vertex   3.000000e+01 -6.906066e+01 2.600607e+02
      vertex   3.000000e+01 -6.875000e+01 2.602990e+02
    endloop
  endfacet
  facet normal 1.000000e+00 1.093391e-08 -2.639680e-08
    outer loop
      vertex   3.000000e+01 -7.350000e+01 2.639766e+02
      vertex   3.000000e+01 -6.875000e+01 2.602990e+02
      vertex   3.000000e+01 -6.838823e+01 2.604489e+02
    endloop
  endfacet
  facet normal 1.000000e+00 4.670142e-09 -3.547325e-08
    outer loop
      vertex   3.000000e+01 -6.838823e+01 2.604489e+02
      vertex   3.000000e+01 -6.800000e+01 2.605000e+02
      vertex   3.000000e+01 -7.350000e+01 2.639766e+02
    endloop
  endfacet
  facet normal 1.000000e+00 4.618656e-09 3.508218e-08
    outer loop
      vertex   3.000000e+01 -6.800000e+01 2.575000e+02
      vertex   3.000000e+01 -6.838823e+01 2.575511e+02
      vertex   3.000000e+01 -7.350000e+01 2.539766e+02
    endloop
  endfacet
  facet normal 1.000000e+00 1.084396e-08 2.617964e-08
    outer loop
      vertex   3.000000e+01 -7.350000e+01 2.539766e+02
      vertex   3.000000e+01 -6.838823e+01 2.575511e+02
      vertex   3.000000e+01 -6.875000e+01 2.577010e+02
    endloop
  endfacet
  facet normal 1.000000e+00 1.551606e-08 2.022093e-08
    outer loop
      vertex   3.000000e+01 -7.350000e+01 2.539766e+02
      vertex   3.000000e+01 -6.875000e+01 2.577010e+02
      vertex   3.000000e+01 -6.906066e+01 2.579393e+02
    endloop
  endfacet
  facet normal 1.000000e+00 1.992116e-08 1.528604e-08
    outer loop
      vertex   3.000000e+01 -6.906066e+01 2.579393e+02
      vertex   3.000000e+01 -6.929904e+01 2.582500e+02
      vertex   3.000000e+01 -7.350000e+01 2.539766e+02
    endloop
  endfacet
  facet normal 1.000000e+00 2.495561e-08 1.033695e-08
    outer loop
      vertex   3.000000e+01 -7.350000e+01 2.539766e+02
      vertex   3.000000e+01 -6.929904e+01 2.582500e+02
      vertex   3.000000e+01 -6.944889e+01 2.586118e+02
    endloop
  endfacet
  facet normal 1.000000e+00 3.196752e-08 4.208603e-09
    outer loop
      vertex   3.000000e+01 -7.350000e+01 2.539766e+02
      vertex   3.000000e+01 -6.944889e+01 2.586118e+02
      vertex   3.000000e+01 -6.950000e+01 2.590000e+02
    endloop
  endfacet
  facet normal 1.000000e+00 -3.702255e-15 -1.215577e-14
    outer loop
      vertex   3.000000e+01 -4.299397e+01 2.623595e+02
      vertex   3.000000e+01 -4.244605e+01 2.627771e+02
      vertex   3.000000e+01 -5.800000e+01 2.605000e+02
    endloop
  endfacet
  facet normal -2.991759e-15 -2.291131e-15 -1.000000e+00
    outer loop
      vertex   2.050000e+01 -4.931020e+01 2.539766e+02
      vertex   2.050000e+01 -2.450000e+01 2.539766e+02
      vertex   3.000000e+01 -4.931020e+01 2.539766e+02
    endloop
  endfacet
  facet normal 6.944616e-16 -8.796514e-16 -1.000000e+00
    outer loop
      vertex   3.000000e+01 -4.931020e+01 2.539766e+02
      vertex   2.050000e+01 -2.450000e+01 2.539766e+02
      vertex   3.000000e+01 -1.700000e+01 2.539766e+02
    endloop
  endfacet
  facet normal -1.495879e-15 1.894781e-15 -1.000000e+00
    outer loop
      vertex   3.000000e+01 -1.700000e+01 2.539766e+02
      vertex   2.050000e+01 -2.450000e+01 2.539766e+02
      vertex   1.100000e+01 -1.700000e+01 2.539766e+02
    endloop
  endfacet
  facet normal -5.983518e-15 -3.789561e-15 -1.000000e+00
    outer loop
      vertex   1.100000e+01 -1.700000e+01 2.539766e+02
      vertex   2.050000e+01 -2.450000e+01 2.539766e+02
      vertex   1.100000e+01 -2.450000e+01 2.539766e+02
    endloop
  endfacet
  facet normal -2.991759e-15 -1.255345e-15 -1.000000e+00
    outer loop
      vertex   2.050000e+01 -5.085944e+01 2.539766e+02
      vertex   3.000000e+01 -5.085944e+01 2.539766e+02
      vertex   2.050000e+01 -7.350000e+01 2.539766e+02
    endloop
  endfacet
  facet normal 0.000000e+00 -2.510689e-15 -1.000000e+00
    outer loop
      vertex   2.050000e+01 -7.350000e+01 2.539766e+02
      vertex   3.000000e+01 -5.085944e+01 2.539766e+02
      vertex   3.000000e+01 -7.350000e+01 2.539766e+02
    endloop
  endfacet
  facet normal -9.914449e-01 -2.410008e-15 -1.305262e-01
    outer loop
      vertex   -7.051111e+00 -2.650000e+01 2.676148e+02
      vertex   -7.051111e+00 -2.175000e+01 2.676148e+02
      vertex   -7.000000e+00 -2.650000e+01 2.672266e+02
    endloop
  endfacet
  facet normal -9.914449e-01 -2.410008e-15 -1.305262e-01
    outer loop
      vertex   -7.000000e+00 -2.650000e+01 2.672266e+02
      vertex   -7.051111e+00 -2.175000e+01 2.676148e+02
      vertex   -7.000000e+00 -2.175000e+01 2.672266e+02
    endloop
  endfacet
  facet normal -9.914449e-01 -2.410008e-15 1.305262e-01
    outer loop
      vertex   -7.000000e+00 -2.650000e+01 2.672266e+02
      vertex   -7.000000e+00 -2.175000e+01 2.672266e+02
      vertex   -7.051111e+00 -2.650000e+01 2.668384e+02
    endloop
  endfacet
  facet normal -9.914449e-01 -2.224623e-15 1.305262e-01
    outer loop
      vertex   -7.051111e+00 -2.650000e+01 2.668384e+02
      vertex   -7.000000e+00 -2.175000e+01 2.672266e+02
      vertex   -7.051111e+00 -2.175000e+01 2.668384e+02
    endloop
  endfacet
  facet normal -9.238795e-01 -2.073019e-15 3.826834e-01
    outer loop
      vertex   -7.051111e+00 -2.650000e+01 2.668384e+02
      vertex   -7.051111e+00 -2.175000e+01 2.668384e+02
      vertex   -7.200962e+00 -2.650000e+01 2.664766e+02
    endloop
  endfacet
  facet normal -9.238795e-01 -1.727516e-15 3.826834e-01
    outer loop
      vertex   -7.200962e+00 -2.650000e+01 2.664766e+02
      vertex   -7.051111e+00 -2.175000e+01 2.668384e+02
      vertex   -7.200962e+00 -2.175000e+01 2.664766e+02
    endloop
  endfacet
  facet normal -7.933533e-01 -1.483451e-15 6.087614e-01
    outer loop
      vertex   -7.200962e+00 -2.650000e+01 2.664766e+02
      vertex   -7.200962e+00 -2.175000e+01 2.664766e+02
      vertex   -7.439340e+00 -2.650000e+01 2.661659e+02
    endloop
  endfacet
  facet normal -7.933533e-01 -3.115248e-15 6.087614e-01
    outer loop
      vertex   -7.439340e+00 -2.650000e+01 2.661659e+02
      vertex   -7.200962e+00 -2.175000e+01 2.664766e+02
      vertex   -7.439340e+00 -2.175000e+01 2.661659e+02
    endloop
  endfacet
  facet normal -6.087614e-01 -2.390413e-15 7.933533e-01
    outer loop
      vertex   -7.439340e+00 -2.650000e+01 2.661659e+02
      vertex   -7.439340e+00 -2.175000e+01 2.661659e+02
      vertex   -7.750000e+00 -2.650000e+01 2.659276e+02
    endloop
  endfacet
  facet normal -6.087614e-01 -1.138292e-15 7.933533e-01
    outer loop
      vertex   -7.750000e+00 -2.650000e+01 2.659276e+02
      vertex   -7.439340e+00 -2.175000e+01 2.661659e+02
      vertex   -7.750000e+00 -2.175000e+01 2.659276e+02
    endloop
  endfacet
  facet normal -3.826834e-01 -7.155603e-16 9.238795e-01
    outer loop
      vertex   -7.750000e+00 -2.650000e+01 2.659276e+02
      vertex   -7.750000e+00 -2.175000e+01 2.659276e+02
      vertex   -8.111772e+00 -2.650000e+01 2.657777e+02
    endloop
  endfacet
  facet normal -3.826834e-01 -5.724483e-16 9.238795e-01
    outer loop
      vertex   -8.111772e+00 -2.650000e+01 2.657777e+02
      vertex   -7.750000e+00 -2.175000e+01 2.659276e+02
      vertex   -8.111772e+00 -2.175000e+01 2.657777e+02
    endloop
  endfacet
  facet normal -1.305262e-01 -1.952514e-16 9.914449e-01
    outer loop
      vertex   -8.111772e+00 -2.650000e+01 2.657777e+02
      vertex   -8.111772e+00 -2.175000e+01 2.657777e+02
      vertex   -8.500000e+00 -2.650000e+01 2.657266e+02
    endloop
  endfacet
  facet normal -1.305262e-01 -2.928772e-16 9.914449e-01
    outer loop
      vertex   -8.500000e+00 -2.650000e+01 2.657266e+02
      vertex   -8.111772e+00 -2.175000e+01 2.657777e+02
      vertex   -8.500000e+00 -2.175000e+01 2.657266e+02
    endloop
  endfacet
  facet normal 1.305262e-01 2.928772e-16 9.914449e-01
    outer loop
      vertex   -8.500000e+00 -2.650000e+01 2.657266e+02
      vertex   -8.500000e+00 -2.175000e+01 2.657266e+02
      vertex   -8.888229e+00 -2.650000e+01 2.657777e+02
    endloop
  endfacet
  facet normal 1.305262e-01 4.393158e-16 9.914449e-01
    outer loop
      vertex   -8.888229e+00 -2.650000e+01 2.657777e+02
      vertex   -8.500000e+00 -2.175000e+01 2.657266e+02
      vertex   -8.888229e+00 -2.175000e+01 2.657777e+02
    endloop
  endfacet
  facet normal 3.826834e-01 1.288009e-15 9.238795e-01
    outer loop
      vertex   -8.888229e+00 -2.650000e+01 2.657777e+02
      vertex   -8.888229e+00 -2.175000e+01 2.657777e+02
      vertex   -9.250000e+00 -2.650000e+01 2.659276e+02
    endloop
  endfacet
  facet normal 3.826834e-01 1.144897e-15 9.238795e-01
    outer loop
      vertex   -9.250000e+00 -2.650000e+01 2.659276e+02
      vertex   -8.888229e+00 -2.175000e+01 2.657777e+02
      vertex   -9.250000e+00 -2.175000e+01 2.659276e+02
    endloop
  endfacet
  facet normal 6.087614e-01 1.821267e-15 7.933533e-01
    outer loop
      vertex   -9.250000e+00 -2.650000e+01 2.659276e+02
      vertex   -9.250000e+00 -2.175000e+01 2.659276e+02
      vertex   -9.560660e+00 -2.650000e+01 2.661659e+02
    endloop
  endfacet
  facet normal 6.087614e-01 4.553169e-16 7.933533e-01
    outer loop
      vertex   -9.560660e+00 -2.650000e+01 2.661659e+02
      vertex   -9.250000e+00 -2.175000e+01 2.659276e+02
      vertex   -9.560660e+00 -2.175000e+01 2.661659e+02
    endloop
  endfacet
  facet normal 7.933533e-01 5.933805e-16 6.087614e-01
    outer loop
      vertex   -9.560660e+00 -2.650000e+01 2.661659e+02
      vertex   -9.560660e+00 -2.175000e+01 2.661659e+02
      vertex   -9.799038e+00 -2.650000e+01 2.664766e+02
    endloop
  endfacet
  facet normal 7.933533e-01 2.373522e-15 6.087614e-01
    outer loop
      vertex   -9.799038e+00 -2.650000e+01 2.664766e+02
      vertex   -9.560660e+00 -2.175000e+01 2.661659e+02
      vertex   -9.799038e+00 -2.175000e+01 2.664766e+02
    endloop
  endfacet
  facet normal 9.238795e-01 2.764025e-15 3.826834e-01
    outer loop
      vertex   -9.799038e+00 -2.650000e+01 2.664766e+02
      vertex   -9.799038e+00 -2.175000e+01 2.664766e+02
      vertex   -9.948889e+00 -2.650000e+01 2.668384e+02
    endloop
  endfacet
  facet normal 9.238795e-01 1.727516e-15 3.826834e-01
    outer loop
      vertex   -9.948889e+00 -2.650000e+01 2.668384e+02
      vertex   -9.799038e+00 -2.175000e+01 2.664766e+02
      vertex   -9.948889e+00 -2.175000e+01 2.668384e+02
    endloop
  endfacet
  facet normal 9.914449e-01 1.853852e-15 1.305262e-01
    outer loop
      vertex   -9.948889e+00 -2.650000e+01 2.668384e+02
      vertex   -9.948889e+00 -2.175000e+01 2.668384e+02
      vertex   -1.000000e+01 -2.650000e+01 2.672266e+02
    endloop
  endfacet
  facet normal 9.914449e-01 2.224623e-15 1.305262e-01
    outer loop
      vertex   -1.000000e+01 -2.650000e+01 2.672266e+02
      vertex   -9.948889e+00 -2.175000e+01 2.668384e+02
      vertex   -1.000000e+01 -2.175000e+01 2.672266e+02
    endloop
  endfacet
  facet normal 9.914449e-01 2.224623e-15 -1.305262e-01
    outer loop
      vertex   -1.000000e+01 -2.650000e+01 2.672266e+02
      vertex   -1.000000e+01 -2.175000e+01 2.672266e+02
      vertex   -9.948889e+00 -2.650000e+01 2.676148e+02
    endloop
  endfacet
  facet normal 9.914449e-01 2.224623e-15 -1.305262e-01
    outer loop
      vertex   -9.948889e+00 -2.650000e+01 2.676148e+02
      vertex   -1.000000e+01 -2.175000e+01 2.672266e+02
      vertex   -9.948889e+00 -2.175000e+01 2.676148e+02
    endloop
  endfacet
  facet normal 9.238795e-01 2.073019e-15 -3.826834e-01
    outer loop
      vertex   -9.948889e+00 -2.650000e+01 2.676148e+02
      vertex   -9.948889e+00 -2.175000e+01 2.676148e+02
      vertex   -9.799038e+00 -2.650000e+01 2.679766e+02
    endloop
  endfacet
  facet normal 9.238795e-01 2.418522e-15 -3.826834e-01
    outer loop
      vertex   -9.799038e+00 -2.650000e+01 2.679766e+02
      vertex   -9.948889e+00 -2.175000e+01 2.676148e+02
      vertex   -9.799038e+00 -2.175000e+01 2.679766e+02
    endloop
  endfacet
  facet normal 7.933533e-01 2.076832e-15 -6.087614e-01
    outer loop
      vertex   -9.799038e+00 -2.650000e+01 2.679766e+02
      vertex   -9.799038e+00 -2.175000e+01 2.679766e+02
      vertex   -9.560660e+00 -2.650000e+01 2.682873e+02
    endloop
  endfacet
  facet normal 7.933533e-01 5.933805e-16 -6.087614e-01
    outer loop
      vertex   -9.560660e+00 -2.650000e+01 2.682873e+02
      vertex   -9.799038e+00 -2.175000e+01 2.679766e+02
      vertex   -9.560660e+00 -2.175000e+01 2.682873e+02
    endloop
  endfacet
  facet normal 6.087614e-01 4.553169e-16 -7.933533e-01
    outer loop
      vertex   -9.560660e+00 -2.650000e+01 2.682873e+02
      vertex   -9.560660e+00 -2.175000e+01 2.682873e+02
      vertex   -9.250000e+00 -2.650000e+01 2.685256e+02
    endloop
  endfacet
  facet normal 6.087614e-01 1.821267e-15 -7.933533e-01
    outer loop
      vertex   -9.250000e+00 -2.650000e+01 2.685256e+02
      vertex   -9.560660e+00 -2.175000e+01 2.682873e+02
      vertex   -9.250000e+00 -2.175000e+01 2.685256e+02
    endloop
  endfacet
  facet normal 3.826834e-01 1.144897e-15 -9.238795e-01
    outer loop
      vertex   -9.250000e+00 -2.650000e+01 2.685256e+02
      vertex   -9.250000e+00 -2.175000e+01 2.685256e+02
      vertex   -8.888229e+00 -2.650000e+01 2.686755e+02
    endloop
  endfacet
  facet normal 3.826834e-01 1.144897e-15 -9.238795e-01
    outer loop
      vertex   -8.888229e+00 -2.650000e+01 2.686755e+02
      vertex   -9.250000e+00 -2.175000e+01 2.685256e+02
      vertex   -8.888229e+00 -2.175000e+01 2.686755e+02
    endloop
  endfacet
  facet normal 1.305262e-01 3.905029e-16 -9.914449e-01
    outer loop
      vertex   -8.888229e+00 -2.650000e+01 2.686755e+02
      vertex   -8.888229e+00 -2.175000e+01 2.686755e+02
      vertex   -8.500000e+00 -2.650000e+01 2.687266e+02
    endloop
  endfacet
  facet normal 1.305262e-01 2.928772e-16 -9.914449e-01
    outer loop
      vertex   -8.500000e+00 -2.650000e+01 2.687266e+02
      vertex   -8.888229e+00 -2.175000e+01 2.686755e+02
      vertex   -8.500000e+00 -2.175000e+01 2.687266e+02
    endloop
  endfacet
  facet normal -1.305262e-01 -2.928772e-16 -9.914449e-01
    outer loop
      vertex   -8.500000e+00 -2.650000e+01 2.687266e+02
      vertex   -8.500000e+00 -2.175000e+01 2.687266e+02
      vertex   -8.111772e+00 -2.650000e+01 2.686755e+02
    endloop
  endfacet
  facet normal -1.305262e-01 -1.464386e-16 -9.914449e-01
    outer loop
      vertex   -8.111772e+00 -2.650000e+01 2.686755e+02
      vertex   -8.500000e+00 -2.175000e+01 2.687266e+02
      vertex   -8.111772e+00 -2.175000e+01 2.686755e+02
    endloop
  endfacet
  facet normal -3.826834e-01 -4.293362e-16 -9.238795e-01
    outer loop
      vertex   -8.111772e+00 -2.650000e+01 2.686755e+02
      vertex   -8.111772e+00 -2.175000e+01 2.686755e+02
      vertex   -7.750000e+00 -2.650000e+01 2.685256e+02
    endloop
  endfacet
  facet normal -3.826834e-01 -6.440043e-16 -9.238795e-01
    outer loop
      vertex   -7.750000e+00 -2.650000e+01 2.685256e+02
      vertex   -8.111772e+00 -2.175000e+01 2.686755e+02
      vertex   -7.750000e+00 -2.175000e+01 2.685256e+02
    endloop
  endfacet
  facet normal -6.087614e-01 -1.024463e-15 -7.933533e-01
    outer loop
      vertex   -7.750000e+00 -2.650000e+01 2.685256e+02
      vertex   -7.750000e+00 -2.175000e+01 2.685256e+02
      vertex   -7.439340e+00 -2.650000e+01 2.682873e+02
    endloop
  endfacet
  facet normal -6.087614e-01 -2.390413e-15 -7.933533e-01
    outer loop
      vertex   -7.439340e+00 -2.650000e+01 2.682873e+02
      vertex   -7.750000e+00 -2.175000e+01 2.685256e+02
      vertex   -7.439340e+00 -2.175000e+01 2.682873e+02
    endloop
  endfacet
  facet normal -7.933533e-01 -3.115248e-15 -6.087614e-01
    outer loop
      vertex   -7.439340e+00 -2.650000e+01 2.682873e+02
      vertex   -7.439340e+00 -2.175000e+01 2.682873e+02
      vertex   -7.200962e+00 -2.650000e+01 2.679766e+02
    endloop
  endfacet
  facet normal -7.933533e-01 -1.335106e-15 -6.087614e-01
    outer loop
      vertex   -7.200962e+00 -2.650000e+01 2.679766e+02
      vertex   -7.439340e+00 -2.175000e+01 2.682873e+02
      vertex   -7.200962e+00 -2.175000e+01 2.679766e+02
    endloop
  endfacet
  facet normal -9.238795e-01 -1.554764e-15 -3.826834e-01
    outer loop
      vertex   -7.200962e+00 -2.650000e+01 2.679766e+02
      vertex   -7.200962e+00 -2.175000e+01 2.679766e+02
      vertex   -7.051111e+00 -2.650000e+01 2.676148e+02
    endloop
  endfacet
  facet normal -9.238795e-01 -2.245770e-15 -3.826834e-01
    outer loop
      vertex   -7.051111e+00 -2.650000e+01 2.676148e+02
      vertex   -7.200962e+00 -2.175000e+01 2.679766e+02
      vertex   -7.051111e+00 -2.175000e+01 2.676148e+02
    endloop
  endfacet
  facet normal -9.914449e-01 -2.224623e-15 1.305262e-01
    outer loop
      vertex   -7.051111e+00 -1.700000e+01 2.668384e+02
      vertex   -7.051111e+00 -2.175000e+01 2.668384e+02
      vertex   -7.000000e+00 -1.700000e+01 2.672266e+02
    endloop
  endfacet
  facet normal -9.914449e-01 -2.039238e-15 1.305262e-01
    outer loop
      vertex   -7.000000e+00 -1.700000e+01 2.672266e+02
      vertex   -7.051111e+00 -2.175000e+01 2.668384e+02
      vertex   -7.000000e+00 -2.175000e+01 2.672266e+02
    endloop
  endfacet
  facet normal -9.914449e-01 -2.039238e-15 -1.305262e-01
    outer loop
      vertex   -7.000000e+00 -1.700000e+01 2.672266e+02
      vertex   -7.000000e+00 -2.175000e+01 2.672266e+02
      vertex   -7.051111e+00 -1.700000e+01 2.676148e+02
    endloop
  endfacet
  facet normal -9.914449e-01 -1.853852e-15 -1.305262e-01
    outer loop
      vertex   -7.051111e+00 -1.700000e+01 2.676148e+02
      vertex   -7.000000e+00 -2.175000e+01 2.672266e+02
      vertex   -7.051111e+00 -2.175000e+01 2.676148e+02
    endloop
  endfacet
  facet normal -9.238795e-01 -1.727516e-15 -3.826834e-01
    outer loop
      vertex   -7.051111e+00 -1.700000e+01 2.676148e+02
      vertex   -7.051111e+00 -2.175000e+01 2.676148e+02
      vertex   -7.200962e+00 -1.700000e+01 2.679766e+02
    endloop
  endfacet
  facet normal -9.238795e-01 -2.591273e-15 -3.826834e-01
    outer loop
      vertex   -7.200962e+00 -1.700000e+01 2.679766e+02
      vertex   -7.051111e+00 -2.175000e+01 2.676148e+02
      vertex   -7.200962e+00 -2.175000e+01 2.679766e+02
    endloop
  endfacet
  facet normal -7.933533e-01 -2.225177e-15 -6.087614e-01
    outer loop
      vertex   -7.200962e+00 -1.700000e+01 2.679766e+02
      vertex   -7.200962e+00 -2.175000e+01 2.679766e+02
      vertex   -7.439340e+00 -1.700000e+01 2.682873e+02
    endloop
  endfacet
  facet normal -7.933533e-01 -4.450354e-16 -6.087614e-01
    outer loop
      vertex   -7.439340e+00 -1.700000e+01 2.682873e+02
      vertex   -7.200962e+00 -2.175000e+01 2.679766e+02
      vertex   -7.439340e+00 -2.175000e+01 2.682873e+02
    endloop
  endfacet
  facet normal -6.087614e-01 -3.414876e-16 -7.933533e-01
    outer loop
      vertex   -7.439340e+00 -1.700000e+01 2.682873e+02
      vertex   -7.439340e+00 -2.175000e+01 2.682873e+02
      vertex   -7.750000e+00 -1.700000e+01 2.685256e+02
    endloop
  endfacet
  facet normal -6.087614e-01 -1.479780e-15 -7.933533e-01
    outer loop
      vertex   -7.750000e+00 -1.700000e+01 2.685256e+02
      vertex   -7.439340e+00 -2.175000e+01 2.682873e+02
      vertex   -7.750000e+00 -2.175000e+01 2.685256e+02
    endloop
  endfacet
  facet normal -3.826834e-01 -9.302285e-16 -9.238795e-01
    outer loop
      vertex   -7.750000e+00 -1.700000e+01 2.685256e+02
      vertex   -7.750000e+00 -2.175000e+01 2.685256e+02
      vertex   -8.111772e+00 -1.700000e+01 2.686755e+02
    endloop
  endfacet
  facet normal -3.826834e-01 -1.144897e-15 -9.238795e-01
    outer loop
      vertex   -8.111772e+00 -1.700000e+01 2.686755e+02
      vertex   -7.750000e+00 -2.175000e+01 2.685256e+02
      vertex   -8.111772e+00 -2.175000e+01 2.686755e+02
    endloop
  endfacet
  facet normal -1.305262e-01 -3.905029e-16 -9.914449e-01
    outer loop
      vertex   -8.111772e+00 -1.700000e+01 2.686755e+02
      vertex   -8.111772e+00 -2.175000e+01 2.686755e+02
      vertex   -8.500000e+00 -1.700000e+01 2.687266e+02
    endloop
  endfacet
  facet normal -1.305262e-01 -2.928772e-16 -9.914449e-01
    outer loop
      vertex   -8.500000e+00 -1.700000e+01 2.687266e+02
      vertex   -8.111772e+00 -2.175000e+01 2.686755e+02
      vertex   -8.500000e+00 -2.175000e+01 2.687266e+02
    endloop
  endfacet
  facet normal 1.305262e-01 2.928772e-16 -9.914449e-01
    outer loop
      vertex   -8.500000e+00 -1.700000e+01 2.687266e+02
      vertex   -8.500000e+00 -2.175000e+01 2.687266e+02
      vertex   -8.888229e+00 -1.700000e+01 2.686755e+02
    endloop
  endfacet
  facet normal 1.305262e-01 1.464386e-16 -9.914449e-01
    outer loop
      vertex   -8.888229e+00 -1.700000e+01 2.686755e+02
      vertex   -8.500000e+00 -2.175000e+01 2.687266e+02
      vertex   -8.888229e+00 -2.175000e+01 2.686755e+02
    endloop
  endfacet
  facet normal 3.826834e-01 4.293362e-16 -9.238795e-01
    outer loop
      vertex   -8.888229e+00 -1.700000e+01 2.686755e+02
      vertex   -8.888229e+00 -2.175000e+01 2.686755e+02
      vertex   -9.250000e+00 -1.700000e+01 2.685256e+02
    endloop
  endfacet
  facet normal 3.826834e-01 5.724483e-16 -9.238795e-01
    outer loop
      vertex   -9.250000e+00 -1.700000e+01 2.685256e+02
      vertex   -8.888229e+00 -2.175000e+01 2.686755e+02
      vertex   -9.250000e+00 -2.175000e+01 2.685256e+02
    endloop
  endfacet
  facet normal 6.087614e-01 9.106337e-16 -7.933533e-01
    outer loop
      vertex   -9.250000e+00 -1.700000e+01 2.685256e+02
      vertex   -9.250000e+00 -2.175000e+01 2.685256e+02
      vertex   -9.560660e+00 -1.700000e+01 2.682873e+02
    endloop
  endfacet
  facet normal 6.087614e-01 2.276584e-15 -7.933533e-01
    outer loop
      vertex   -9.560660e+00 -1.700000e+01 2.682873e+02
      vertex   -9.250000e+00 -2.175000e+01 2.685256e+02
      vertex   -9.560660e+00 -2.175000e+01 2.682873e+02
    endloop
  endfacet
  facet normal 7.933533e-01 2.966902e-15 -6.087614e-01
    outer loop
      vertex   -9.560660e+00 -1.700000e+01 2.682873e+02
      vertex   -9.560660e+00 -2.175000e+01 2.682873e+02
      vertex   -9.799038e+00 -1.700000e+01 2.679766e+02
    endloop
  endfacet
  facet normal 7.933533e-01 1.483451e-15 -6.087614e-01
    outer loop
      vertex   -9.799038e+00 -1.700000e+01 2.679766e+02
      vertex   -9.560660e+00 -2.175000e+01 2.682873e+02
      vertex   -9.799038e+00 -2.175000e+01 2.679766e+02
    endloop
  endfacet
  facet normal 9.238795e-01 1.727516e-15 -3.826834e-01
    outer loop
      vertex   -9.799038e+00 -1.700000e+01 2.679766e+02
      vertex   -9.799038e+00 -2.175000e+01 2.679766e+02
      vertex   -9.948889e+00 -1.700000e+01 2.676148e+02
    endloop
  endfacet
  facet normal 9.238795e-01 1.727516e-15 -3.826834e-01
    outer loop
      vertex   -9.948889e+00 -1.700000e+01 2.676148e+02
      vertex   -9.799038e+00 -2.175000e+01 2.679766e+02
      vertex   -9.948889e+00 -2.175000e+01 2.676148e+02
    endloop
  endfacet
  facet normal 9.914449e-01 1.853852e-15 -1.305262e-01
    outer loop
      vertex   -9.948889e+00 -1.700000e+01 2.676148e+02
      vertex   -9.948889e+00 -2.175000e+01 2.676148e+02
      vertex   -1.000000e+01 -1.700000e+01 2.672266e+02
    endloop
  endfacet
  facet normal 9.914449e-01 2.595393e-15 -1.305262e-01
    outer loop
      vertex   -1.000000e+01 -1.700000e+01 2.672266e+02
      vertex   -9.948889e+00 -2.175000e+01 2.676148e+02
      vertex   -1.000000e+01 -2.175000e+01 2.672266e+02
    endloop
  endfacet
  facet normal 9.914449e-01 2.595393e-15 1.305262e-01
    outer loop
      vertex   -1.000000e+01 -1.700000e+01 2.672266e+02
      vertex   -1.000000e+01 -2.175000e+01 2.672266e+02
      vertex   -9.948889e+00 -1.700000e+01 2.668384e+02
    endloop
  endfacet
  facet normal 9.914449e-01 2.595393e-15 1.305262e-01
    outer loop
      vertex   -9.948889e+00 -1.700000e+01 2.668384e+02
      vertex   -1.000000e+01 -2.175000e+01 2.672266e+02
      vertex   -9.948889e+00 -2.175000e+01 2.668384e+02
    endloop
  endfacet
  facet normal 9.238795e-01 2.418522e-15 3.826834e-01
    outer loop
      vertex   -9.948889e+00 -1.700000e+01 2.668384e+02
      vertex   -9.948889e+00 -2.175000e+01 2.668384e+02
      vertex   -9.799038e+00 -1.700000e+01 2.664766e+02
    endloop
  endfacet
  facet normal 9.238795e-01 1.382012e-15 3.826834e-01
    outer loop
      vertex   -9.799038e+00 -1.700000e+01 2.664766e+02
      vertex   -9.948889e+00 -2.175000e+01 2.668384e+02
      vertex   -9.799038e+00 -2.175000e+01 2.664766e+02
    endloop
  endfacet
  facet normal 7.933533e-01 1.186761e-15 6.087614e-01
    outer loop
      vertex   -9.799038e+00 -1.700000e+01 2.664766e+02
      vertex   -9.799038e+00 -2.175000e+01 2.664766e+02
      vertex   -9.560660e+00 -1.700000e+01 2.661659e+02
    endloop
  endfacet
  facet normal 7.933533e-01 2.966902e-15 6.087614e-01
    outer loop
      vertex   -9.560660e+00 -1.700000e+01 2.661659e+02
      vertex   -9.799038e+00 -2.175000e+01 2.664766e+02
      vertex   -9.560660e+00 -2.175000e+01 2.661659e+02
    endloop
  endfacet
  facet normal 6.087614e-01 2.276584e-15 7.933533e-01
    outer loop
      vertex   -9.560660e+00 -1.700000e+01 2.661659e+02
      vertex   -9.560660e+00 -2.175000e+01 2.661659e+02
      vertex   -9.250000e+00 -1.700000e+01 2.659276e+02
    endloop
  endfacet
  facet normal 6.087614e-01 9.106337e-16 7.933533e-01
    outer loop
      vertex   -9.250000e+00 -1.700000e+01 2.659276e+02
      vertex   -9.560660e+00 -2.175000e+01 2.661659e+02
      vertex   -9.250000e+00 -2.175000e+01 2.659276e+02
    endloop
  endfacet
  facet normal 3.826834e-01 5.724483e-16 9.238795e-01
    outer loop
      vertex   -9.250000e+00 -1.700000e+01 2.659276e+02
      vertex   -9.250000e+00 -2.175000e+01 2.659276e+02
      vertex   -8.888229e+00 -1.700000e+01 2.657777e+02
    endloop
  endfacet
  facet normal 3.826834e-01 5.724483e-16 9.238795e-01
    outer loop
      vertex   -8.888229e+00 -1.700000e+01 2.657777e+02
      vertex   -9.250000e+00 -2.175000e+01 2.659276e+02
      vertex   -8.888229e+00 -2.175000e+01 2.657777e+02
    endloop
  endfacet
  facet normal 1.305262e-01 1.952514e-16 9.914449e-01
    outer loop
      vertex   -8.888229e+00 -1.700000e+01 2.657777e+02
      vertex   -8.888229e+00 -2.175000e+01 2.657777e+02
      vertex   -8.500000e+00 -1.700000e+01 2.657266e+02
    endloop
  endfacet
  facet normal 1.305262e-01 2.440643e-16 9.914449e-01
    outer loop
      vertex   -8.500000e+00 -1.700000e+01 2.657266e+02
      vertex   -8.888229e+00 -2.175000e+01 2.657777e+02
      vertex   -8.500000e+00 -2.175000e+01 2.657266e+02
    endloop
  endfacet
  facet normal -1.305262e-01 -2.440643e-16 9.914449e-01
    outer loop
      vertex   -8.500000e+00 -1.700000e+01 2.657266e+02
      vertex   -8.500000e+00 -2.175000e+01 2.657266e+02
      vertex   -8.111772e+00 -1.700000e+01 2.657777e+02
    endloop
  endfacet
  facet normal -1.305262e-01 -3.905029e-16 9.914449e-01
    outer loop
      vertex   -8.111772e+00 -1.700000e+01 2.657777e+02
      vertex   -8.500000e+00 -2.175000e+01 2.657266e+02
      vertex   -8.111772e+00 -2.175000e+01 2.657777e+02
    endloop
  endfacet
  facet normal -3.826834e-01 -1.144897e-15 9.238795e-01
    outer loop
      vertex   -8.111772e+00 -1.700000e+01 2.657777e+02
      vertex   -8.111772e+00 -2.175000e+01 2.657777e+02
      vertex   -7.750000e+00 -1.700000e+01 2.659276e+02
    endloop
  endfacet
  facet normal -3.826834e-01 -1.073341e-15 9.238795e-01
    outer loop
      vertex   -7.750000e+00 -1.700000e+01 2.659276e+02
      vertex   -8.111772e+00 -2.175000e+01 2.657777e+02
      vertex   -7.750000e+00 -2.175000e+01 2.659276e+02
    endloop
  endfacet
  facet normal -6.087614e-01 -1.707438e-15 7.933533e-01
    outer loop
      vertex   -7.750000e+00 -1.700000e+01 2.659276e+02
      vertex   -7.750000e+00 -2.175000e+01 2.659276e+02
      vertex   -7.439340e+00 -1.700000e+01 2.661659e+02
    endloop
  endfacet
  facet normal -6.087614e-01 -3.414876e-16 7.933533e-01
    outer loop
      vertex   -7.439340e+00 -1.700000e+01 2.661659e+02
      vertex   -7.750000e+00 -2.175000e+01 2.659276e+02
      vertex   -7.439340e+00 -2.175000e+01 2.661659e+02
    endloop
  endfacet
  facet normal -7.933533e-01 -4.450354e-16 6.087614e-01
    outer loop
      vertex   -7.439340e+00 -1.700000e+01 2.661659e+02
      vertex   -7.439340e+00 -2.175000e+01 2.661659e+02
      vertex   -7.200962e+00 -1.700000e+01 2.664766e+02
    endloop
  endfacet
  facet normal -7.933533e-01 -1.928487e-15 6.087614e-01
    outer loop
      vertex   -7.200962e+00 -1.700000e+01 2.664766e+02
      vertex   -7.439340e+00 -2.175000e+01 2.661659e+02
      vertex   -7.200962e+00 -2.175000e+01 2.664766e+02
    endloop
  endfacet
  facet normal -9.238795e-01 -2.245770e-15 3.826834e-01
    outer loop
      vertex   -7.200962e+00 -1.700000e+01 2.664766e+02
      vertex   -7.200962e+00 -2.175000e+01 2.664766e+02
      vertex   -7.051111e+00 -1.700000e+01 2.668384e+02
    endloop
  endfacet
  facet normal -9.238795e-01 -2.073019e-15 3.826834e-01
    outer loop
      vertex   -7.051111e+00 -1.700000e+01 2.668384e+02
      vertex   -7.200962e+00 -2.175000e+01 2.664766e+02
      vertex   -7.051111e+00 -2.175000e+01 2.668384e+02
    endloop
  endfacet
  facet normal -9.914449e-01 -2.230802e-15 -1.305262e-01
    outer loop
      vertex   -7.051111e+00 -2.450000e+01 2.501148e+02
      vertex   -7.051111e+00 -1.700000e+01 2.501148e+02
      vertex   -7.000000e+00 -2.450000e+01 2.497266e+02
    endloop
  endfacet
  facet normal -9.914449e-01 -2.230802e-15 -1.305262e-01
    outer loop
      vertex   -7.000000e+00 -2.450000e+01 2.497266e+02
      vertex   -7.051111e+00 -1.700000e+01 2.501148e+02
      vertex   -7.000000e+00 -1.700000e+01 2.497266e+02
    endloop
  endfacet
  facet normal -9.914449e-01 -2.230802e-15 1.305262e-01
    outer loop
      vertex   -7.000000e+00 -2.450000e+01 2.497266e+02
      vertex   -7.000000e+00 -1.700000e+01 2.497266e+02
      vertex   -7.051111e+00 -2.450000e+01 2.493384e+02
    endloop
  endfacet
  facet normal -9.914449e-01 -2.230802e-15 1.305262e-01
    outer loop
      vertex   -7.051111e+00 -2.450000e+01 2.493384e+02
      vertex   -7.000000e+00 -1.700000e+01 2.497266e+02
      vertex   -7.051111e+00 -1.700000e+01 2.493384e+02
    endloop
  endfacet
  facet normal -9.238795e-01 -2.078777e-15 3.826834e-01
    outer loop
      vertex   -7.051111e+00 -2.450000e+01 2.493384e+02
      vertex   -7.051111e+00 -1.700000e+01 2.493384e+02
      vertex   -7.200962e+00 -2.450000e+01 2.489766e+02
    endloop
  endfacet
  facet normal -9.238795e-01 -2.078777e-15 3.826834e-01
    outer loop
      vertex   -7.200962e+00 -2.450000e+01 2.489766e+02
      vertex   -7.051111e+00 -1.700000e+01 2.493384e+02
      vertex   -7.200962e+00 -1.700000e+01 2.489766e+02
    endloop
  endfacet
  facet normal -7.933533e-01 -1.785086e-15 6.087614e-01
    outer loop
      vertex   -7.200962e+00 -2.450000e+01 2.489766e+02
      vertex   -7.200962e+00 -1.700000e+01 2.489766e+02
      vertex   -7.439340e+00 -2.450000e+01 2.486659e+02
    endloop
  endfacet
  facet normal -7.933533e-01 -1.785086e-15 6.087614e-01
    outer loop
      vertex   -7.439340e+00 -2.450000e+01 2.486659e+02
      vertex   -7.200962e+00 -1.700000e+01 2.489766e+02
      vertex   -7.439340e+00 -1.700000e+01 2.486659e+02
    endloop
  endfacet
  facet normal -6.087614e-01 -1.369745e-15 7.933533e-01
    outer loop
      vertex   -7.439340e+00 -2.450000e+01 2.486659e+02
      vertex   -7.439340e+00 -1.700000e+01 2.486659e+02
      vertex   -7.750000e+00 -2.450000e+01 2.484276e+02
    endloop
  endfacet
  facet normal -6.087614e-01 -1.441837e-15 7.933533e-01
    outer loop
      vertex   -7.750000e+00 -2.450000e+01 2.484276e+02
      vertex   -7.439340e+00 -1.700000e+01 2.486659e+02
      vertex   -7.750000e+00 -1.700000e+01 2.484276e+02
    endloop
  endfacet
  facet normal -3.826834e-01 -9.063764e-16 9.238795e-01
    outer loop
      vertex   -7.750000e+00 -2.450000e+01 2.484276e+02
      vertex   -7.750000e+00 -1.700000e+01 2.484276e+02
      vertex   -8.111772e+00 -2.450000e+01 2.482777e+02
    endloop
  endfacet
  facet normal -3.826834e-01 -9.063764e-16 9.238795e-01
    outer loop
      vertex   -8.111772e+00 -2.450000e+01 2.482777e+02
      vertex   -7.750000e+00 -1.700000e+01 2.484276e+02
      vertex   -8.111772e+00 -1.700000e+01 2.482777e+02
    endloop
  endfacet
  facet normal -1.305262e-01 -3.091481e-16 9.914449e-01
    outer loop
      vertex   -8.111772e+00 -2.450000e+01 2.482777e+02
      vertex   -8.111772e+00 -1.700000e+01 2.482777e+02
      vertex   -8.500000e+00 -2.450000e+01 2.482266e+02
    endloop
  endfacet
  facet normal -1.305262e-01 -2.782333e-16 9.914449e-01
    outer loop
      vertex   -8.500000e+00 -2.450000e+01 2.482266e+02
      vertex   -8.111772e+00 -1.700000e+01 2.482777e+02
      vertex   -8.500000e+00 -1.700000e+01 2.482266e+02
    endloop
  endfacet
  facet normal 1.305262e-01 2.782333e-16 9.914449e-01
    outer loop
      vertex   -8.500000e+00 -2.450000e+01 2.482266e+02
      vertex   -8.500000e+00 -1.700000e+01 2.482266e+02
      vertex   -8.888229e+00 -2.450000e+01 2.482777e+02
    endloop
  endfacet
  facet normal 1.305262e-01 3.091481e-16 9.914449e-01
    outer loop
      vertex   -8.888229e+00 -2.450000e+01 2.482777e+02
      vertex   -8.500000e+00 -1.700000e+01 2.482266e+02
      vertex   -8.888229e+00 -1.700000e+01 2.482777e+02
    endloop
  endfacet
  facet normal 3.826834e-01 9.063764e-16 9.238795e-01
    outer loop
      vertex   -8.888229e+00 -2.450000e+01 2.482777e+02
      vertex   -8.888229e+00 -1.700000e+01 2.482777e+02
      vertex   -9.250000e+00 -2.450000e+01 2.484276e+02
    endloop
  endfacet
  facet normal 3.826834e-01 9.063764e-16 9.238795e-01
    outer loop
      vertex   -9.250000e+00 -2.450000e+01 2.484276e+02
      vertex   -8.888229e+00 -1.700000e+01 2.482777e+02
      vertex   -9.250000e+00 -1.700000e+01 2.484276e+02
    endloop
  endfacet
  facet normal 6.087614e-01 1.441837e-15 7.933533e-01
    outer loop
      vertex   -9.250000e+00 -2.450000e+01 2.484276e+02
      vertex   -9.250000e+00 -1.700000e+01 2.484276e+02
      vertex   -9.560660e+00 -2.450000e+01 2.486659e+02
    endloop
  endfacet
  facet normal 6.087614e-01 1.297653e-15 7.933533e-01
    outer loop
      vertex   -9.560660e+00 -2.450000e+01 2.486659e+02
      vertex   -9.250000e+00 -1.700000e+01 2.484276e+02
      vertex   -9.560660e+00 -1.700000e+01 2.486659e+02
    endloop
  endfacet
  facet normal 7.933533e-01 1.691134e-15 6.087614e-01
    outer loop
      vertex   -9.560660e+00 -2.450000e+01 2.486659e+02
      vertex   -9.560660e+00 -1.700000e+01 2.486659e+02
      vertex   -9.799038e+00 -2.450000e+01 2.489766e+02
    endloop
  endfacet
  facet normal 7.933533e-01 1.879038e-15 6.087614e-01
    outer loop
      vertex   -9.799038e+00 -2.450000e+01 2.489766e+02
      vertex   -9.560660e+00 -1.700000e+01 2.486659e+02
      vertex   -9.799038e+00 -1.700000e+01 2.489766e+02
    endloop
  endfacet
  facet normal 9.238795e-01 2.188186e-15 3.826834e-01
    outer loop
      vertex   -9.799038e+00 -2.450000e+01 2.489766e+02
      vertex   -9.799038e+00 -1.700000e+01 2.489766e+02
      vertex   -9.948889e+00 -2.450000e+01 2.493384e+02
    endloop
  endfacet
  facet normal 9.238795e-01 1.969368e-15 3.826834e-01
    outer loop
      vertex   -9.948889e+00 -2.450000e+01 2.493384e+02
      vertex   -9.799038e+00 -1.700000e+01 2.489766e+02
      vertex   -9.948889e+00 -1.700000e+01 2.493384e+02
    endloop
  endfacet
  facet normal 9.914449e-01 2.113392e-15 1.305262e-01
    outer loop
      vertex   -9.948889e+00 -2.450000e+01 2.493384e+02
      vertex   -9.948889e+00 -1.700000e+01 2.493384e+02
      vertex   -1.000000e+01 -2.450000e+01 2.497266e+02
    endloop
  endfacet
  facet normal 9.914449e-01 2.113392e-15 1.305262e-01
    outer loop
      vertex   -1.000000e+01 -2.450000e+01 2.497266e+02
      vertex   -9.948889e+00 -1.700000e+01 2.493384e+02
      vertex   -1.000000e+01 -1.700000e+01 2.497266e+02
    endloop
  endfacet
  facet normal 9.914449e-01 2.113392e-15 -1.305262e-01
    outer loop
      vertex   -1.000000e+01 -2.450000e+01 2.497266e+02
      vertex   -1.000000e+01 -1.700000e+01 2.497266e+02
      vertex   -9.948889e+00 -2.450000e+01 2.501148e+02
    endloop
  endfacet
  facet normal 9.914449e-01 2.113392e-15 -1.305262e-01
    outer loop
      vertex   -9.948889e+00 -2.450000e+01 2.501148e+02
      vertex   -1.000000e+01 -1.700000e+01 2.497266e+02
      vertex   -9.948889e+00 -1.700000e+01 2.501148e+02
    endloop
  endfacet
  facet normal 9.238795e-01 1.969368e-15 -3.826834e-01
    outer loop
      vertex   -9.948889e+00 -2.450000e+01 2.501148e+02
      vertex   -9.948889e+00 -1.700000e+01 2.501148e+02
      vertex   -9.799038e+00 -2.450000e+01 2.504766e+02
    endloop
  endfacet
  facet normal 9.238795e-01 1.969368e-15 -3.826834e-01
    outer loop
      vertex   -9.799038e+00 -2.450000e+01 2.504766e+02
      vertex   -9.948889e+00 -1.700000e+01 2.501148e+02
      vertex   -9.799038e+00 -1.700000e+01 2.504766e+02
    endloop
  endfacet
  facet normal 7.933533e-01 1.691134e-15 -6.087614e-01
    outer loop
      vertex   -9.799038e+00 -2.450000e+01 2.504766e+02
      vertex   -9.799038e+00 -1.700000e+01 2.504766e+02
      vertex   -9.560660e+00 -2.450000e+01 2.507873e+02
    endloop
  endfacet
  facet normal 7.933533e-01 1.691134e-15 -6.087614e-01
    outer loop
      vertex   -9.560660e+00 -2.450000e+01 2.507873e+02
      vertex   -9.799038e+00 -1.700000e+01 2.504766e+02
      vertex   -9.560660e+00 -1.700000e+01 2.507873e+02
    endloop
  endfacet
  facet normal 6.087614e-01 1.297653e-15 -7.933533e-01
    outer loop
      vertex   -9.560660e+00 -2.450000e+01 2.507873e+02
      vertex   -9.560660e+00 -1.700000e+01 2.507873e+02
      vertex   -9.250000e+00 -2.450000e+01 2.510256e+02
    endloop
  endfacet
  facet normal 6.087614e-01 1.297653e-15 -7.933533e-01
    outer loop
      vertex   -9.250000e+00 -2.450000e+01 2.510256e+02
      vertex   -9.560660e+00 -1.700000e+01 2.507873e+02
      vertex   -9.250000e+00 -1.700000e+01 2.510256e+02
    endloop
  endfacet
  facet normal 3.826834e-01 8.157388e-16 -9.238795e-01
    outer loop
      vertex   -9.250000e+00 -2.450000e+01 2.510256e+02
      vertex   -9.250000e+00 -1.700000e+01 2.510256e+02
      vertex   -8.888229e+00 -2.450000e+01 2.511755e+02
    endloop
  endfacet
  facet normal 3.826834e-01 7.251012e-16 -9.238795e-01
    outer loop
      vertex   -8.888229e+00 -2.450000e+01 2.511755e+02
      vertex   -9.250000e+00 -1.700000e+01 2.510256e+02
      vertex   -8.888229e+00 -1.700000e+01 2.511755e+02
    endloop
  endfacet
  facet normal 1.305262e-01 2.473185e-16 -9.914449e-01
    outer loop
      vertex   -8.888229e+00 -2.450000e+01 2.511755e+02
      vertex   -8.888229e+00 -1.700000e+01 2.511755e+02
      vertex   -8.500000e+00 -2.450000e+01 2.512266e+02
    endloop
  endfacet
  facet normal 1.305262e-01 3.091481e-16 -9.914449e-01
    outer loop
      vertex   -8.500000e+00 -2.450000e+01 2.512266e+02
      vertex   -8.888229e+00 -1.700000e+01 2.511755e+02
      vertex   -8.500000e+00 -1.700000e+01 2.512266e+02
    endloop
  endfacet
  facet normal -1.305262e-01 -3.091481e-16 -9.914449e-01
    outer loop
      vertex   -8.500000e+00 -2.450000e+01 2.512266e+02
      vertex   -8.500000e+00 -1.700000e+01 2.512266e+02
      vertex   -8.111772e+00 -2.450000e+01 2.511755e+02
    endloop
  endfacet
  facet normal -1.305262e-01 -4.066289e-15 -9.914449e-01
    outer loop
      vertex   -8.111772e+00 -2.450000e+01 2.511755e+02
      vertex   -8.500000e+00 -1.700000e+01 2.512266e+02
      vertex   -8.111772e+00 -1.700000e+01 2.511755e+02
    endloop
  endfacet
  facet normal -3.826834e-01 -4.407475e-15 -9.238795e-01
    outer loop
      vertex   -8.111772e+00 -2.450000e+01 2.511755e+02
      vertex   -8.111772e+00 -1.700000e+01 2.511755e+02
      vertex   -7.750000e+00 -2.450000e+01 2.510256e+02
    endloop
  endfacet
  facet normal -3.826834e-01 -7.704200e-16 -9.238795e-01
    outer loop
      vertex   -7.750000e+00 -2.450000e+01 2.510256e+02
      vertex   -8.111772e+00 -1.700000e+01 2.511755e+02
      vertex   -7.750000e+00 -1.700000e+01 2.510256e+02
    endloop
  endfacet
  facet normal -6.087614e-01 -1.225561e-15 -7.933533e-01
    outer loop
      vertex   -7.750000e+00 -2.450000e+01 2.510256e+02
      vertex   -7.750000e+00 -1.700000e+01 2.510256e+02
      vertex   -7.439340e+00 -2.450000e+01 2.507873e+02
    endloop
  endfacet
  facet normal -6.087614e-01 -1.369745e-15 -7.933533e-01
    outer loop
      vertex   -7.439340e+00 -2.450000e+01 2.507873e+02
      vertex   -7.750000e+00 -1.700000e+01 2.510256e+02
      vertex   -7.439340e+00 -1.700000e+01 2.507873e+02
    endloop
  endfacet
  facet normal -7.933533e-01 -1.785086e-15 -6.087614e-01
    outer loop
      vertex   -7.439340e+00 -2.450000e+01 2.507873e+02
      vertex   -7.439340e+00 -1.700000e+01 2.507873e+02
      vertex   -7.200962e+00 -2.450000e+01 2.504766e+02
    endloop
  endfacet
  facet normal -7.933533e-01 -1.691134e-15 -6.087614e-01
    outer loop
      vertex   -7.200962e+00 -2.450000e+01 2.504766e+02
      vertex   -7.439340e+00 -1.700000e+01 2.507873e+02
      vertex   -7.200962e+00 -1.700000e+01 2.504766e+02
    endloop
  endfacet
  facet normal -9.238795e-01 -1.969368e-15 -3.826834e-01
    outer loop
      vertex   -7.200962e+00 -2.450000e+01 2.504766e+02
      vertex   -7.200962e+00 -1.700000e+01 2.504766e+02
      vertex   -7.051111e+00 -2.450000e+01 2.501148e+02
    endloop
  endfacet
  facet normal -9.238795e-01 -2.078777e-15 -3.826834e-01
    outer loop
      vertex   -7.051111e+00 -2.450000e+01 2.501148e+02
      vertex   -7.200962e+00 -1.700000e+01 2.504766e+02
      vertex   -7.051111e+00 -1.700000e+01 2.501148e+02
    endloop
  endfacet
  facet normal -9.914449e-01 -2.595393e-15 -1.305262e-01
    outer loop
      vertex   9.948889e+00 -2.650000e+01 2.676148e+02
      vertex   9.948889e+00 -2.175000e+01 2.676148e+02
      vertex   1.000000e+01 -2.650000e+01 2.672266e+02
    endloop
  endfacet
  facet normal -9.914449e-01 -2.224623e-15 -1.305262e-01
    outer loop
      vertex   1.000000e+01 -2.650000e+01 2.672266e+02
      vertex   9.948889e+00 -2.175000e+01 2.676148e+02
      vertex   1.000000e+01 -2.175000e+01 2.672266e+02
    endloop
  endfacet
  facet normal -9.914449e-01 -2.224623e-15 1.305262e-01
    outer loop
      vertex   1.000000e+01 -2.650000e+01 2.672266e+02
      vertex   1.000000e+01 -2.175000e+01 2.672266e+02
      vertex   9.948889e+00 -2.650000e+01 2.668384e+02
    endloop
  endfacet
  facet normal -9.914449e-01 -2.595393e-15 1.305262e-01
    outer loop
      vertex   9.948889e+00 -2.650000e+01 2.668384e+02
      vertex   1.000000e+01 -2.175000e+01 2.672266e+02
      vertex   9.948889e+00 -2.175000e+01 2.668384e+02
    endloop
  endfacet
  facet normal -9.238795e-01 -2.418522e-15 3.826834e-01
    outer loop
      vertex   9.948889e+00 -2.650000e+01 2.668384e+02
      vertex   9.948889e+00 -2.175000e+01 2.668384e+02
      vertex   9.799038e+00 -2.650000e+01 2.664766e+02
    endloop
  endfacet
  facet normal -9.238795e-01 -1.382012e-15 3.826834e-01
    outer loop
      vertex   9.799038e+00 -2.650000e+01 2.664766e+02
      vertex   9.948889e+00 -2.175000e+01 2.668384e+02
      vertex   9.799038e+00 -2.175000e+01 2.664766e+02
    endloop
  endfacet
  facet normal -7.933533e-01 -1.186761e-15 6.087614e-01
    outer loop
      vertex   9.799038e+00 -2.650000e+01 2.664766e+02
      vertex   9.799038e+00 -2.175000e+01 2.664766e+02
      vertex   9.560660e+00 -2.650000e+01 2.661659e+02
    endloop
  endfacet
  facet normal -7.933533e-01 -3.263593e-15 6.087614e-01
    outer loop
      vertex   9.560660e+00 -2.650000e+01 2.661659e+02
      vertex   9.799038e+00 -2.175000e+01 2.664766e+02
      vertex   9.560660e+00 -2.175000e+01 2.661659e+02
    endloop
  endfacet
  facet normal -6.087614e-01 -2.504243e-15 7.933533e-01
    outer loop
      vertex   9.560660e+00 -2.650000e+01 2.661659e+02
      vertex   9.560660e+00 -2.175000e+01 2.661659e+02
      vertex   9.250000e+00 -2.650000e+01 2.659276e+02
    endloop
  endfacet
  facet normal -6.087614e-01 -1.138292e-15 7.933533e-01
    outer loop
      vertex   9.250000e+00 -2.650000e+01 2.659276e+02
      vertex   9.560660e+00 -2.175000e+01 2.661659e+02
      vertex   9.250000e+00 -2.175000e+01 2.659276e+02
    endloop
  endfacet
  facet normal -3.826834e-01 -7.155603e-16 9.238795e-01
    outer loop
      vertex   9.250000e+00 -2.650000e+01 2.659276e+02
      vertex   9.250000e+00 -2.175000e+01 2.659276e+02
      vertex   8.888228e+00 -2.650000e+01 2.657777e+02
    endloop
  endfacet
  facet normal -3.826834e-01 -1.288009e-15 9.238795e-01
    outer loop
      vertex   8.888228e+00 -2.650000e+01 2.657777e+02
      vertex   9.250000e+00 -2.175000e+01 2.659276e+02
      vertex   8.888228e+00 -2.175000e+01 2.657777e+02
    endloop
  endfacet
  facet normal -1.305262e-01 -4.393158e-16 9.914449e-01
    outer loop
      vertex   8.888228e+00 -2.650000e+01 2.657777e+02
      vertex   8.888228e+00 -2.175000e+01 2.657777e+02
      vertex   8.500000e+00 -2.650000e+01 2.657266e+02
    endloop
  endfacet
  facet normal -1.305262e-01 -2.928772e-16 9.914449e-01
    outer loop
      vertex   8.500000e+00 -2.650000e+01 2.657266e+02
      vertex   8.888228e+00 -2.175000e+01 2.657777e+02
      vertex   8.500000e+00 -2.175000e+01 2.657266e+02
    endloop
  endfacet
  facet normal 1.305262e-01 2.928772e-16 9.914449e-01
    outer loop
      vertex   8.500000e+00 -2.650000e+01 2.657266e+02
      vertex   8.500000e+00 -2.175000e+01 2.657266e+02
      vertex   8.111771e+00 -2.650000e+01 2.657777e+02
    endloop
  endfacet
  facet normal 1.305262e-01 4.881286e-16 9.914449e-01
    outer loop
      vertex   8.111771e+00 -2.650000e+01 2.657777e+02
      vertex   8.500000e+00 -2.175000e+01 2.657266e+02
      vertex   8.111771e+00 -2.175000e+01 2.657777e+02
    endloop
  endfacet
  facet normal 3.826834e-01 1.431121e-15 9.238795e-01
    outer loop
      vertex   8.111771e+00 -2.650000e+01 2.657777e+02
      vertex   8.111771e+00 -2.175000e+01 2.657777e+02
      vertex   7.750000e+00 -2.650000e+01 2.659276e+02
    endloop
  endfacet
  facet normal 3.826834e-01 1.288009e-15 9.238795e-01
    outer loop
      vertex   7.750000e+00 -2.650000e+01 2.659276e+02
      vertex   8.111771e+00 -2.175000e+01 2.657777e+02
      vertex   7.750000e+00 -2.175000e+01 2.659276e+02
    endloop
  endfacet
  facet normal 6.087614e-01 2.048926e-15 7.933533e-01
    outer loop
      vertex   7.750000e+00 -2.650000e+01 2.659276e+02
      vertex   7.750000e+00 -2.175000e+01 2.659276e+02
      vertex   7.439340e+00 -2.650000e+01 2.661659e+02
    endloop
  endfacet
  facet normal 6.087614e-01 4.553169e-16 7.933533e-01
    outer loop
      vertex   7.439340e+00 -2.650000e+01 2.661659e+02
      vertex   7.750000e+00 -2.175000e+01 2.659276e+02
      vertex   7.439340e+00 -2.175000e+01 2.661659e+02
    endloop
  endfacet
  facet normal 7.933533e-01 5.933805e-16 6.087614e-01
    outer loop
      vertex   7.439340e+00 -2.650000e+01 2.661659e+02
      vertex   7.439340e+00 -2.175000e+01 2.661659e+02
      vertex   7.200962e+00 -2.650000e+01 2.664766e+02
    endloop
  endfacet
  facet normal 7.933533e-01 2.373522e-15 6.087614e-01
    outer loop
      vertex   7.200962e+00 -2.650000e+01 2.664766e+02
      vertex   7.439340e+00 -2.175000e+01 2.661659e+02
      vertex   7.200962e+00 -2.175000e+01 2.664766e+02
    endloop
  endfacet
  facet normal 9.238795e-01 2.764025e-15 3.826834e-01
    outer loop
      vertex   7.200962e+00 -2.650000e+01 2.664766e+02
      vertex   7.200962e+00 -2.175000e+01 2.664766e+02
      vertex   7.051111e+00 -2.650000e+01 2.668384e+02
    endloop
  endfacet
  facet normal 9.238795e-01 1.900267e-15 3.826834e-01
    outer loop
      vertex   7.051111e+00 -2.650000e+01 2.668384e+02
      vertex   7.200962e+00 -2.175000e+01 2.664766e+02
      vertex   7.051111e+00 -2.175000e+01 2.668384e+02
    endloop
  endfacet
  facet normal 9.914449e-01 2.039238e-15 1.305262e-01
    outer loop
      vertex   7.051111e+00 -2.650000e+01 2.668384e+02
      vertex   7.051111e+00 -2.175000e+01 2.668384e+02
      vertex   7.000000e+00 -2.650000e+01 2.672266e+02
    endloop
  endfacet
  facet normal 9.914449e-01 2.410008e-15 1.305262e-01
    outer loop
      vertex   7.000000e+00 -2.650000e+01 2.672266e+02
      vertex   7.051111e+00 -2.175000e+01 2.668384e+02
      vertex   7.000000e+00 -2.175000e+01 2.672266e+02
    endloop
  endfacet
  facet normal 9.914449e-01 2.410008e-15 -1.305262e-01
    outer loop
      vertex   7.000000e+00 -2.650000e+01 2.672266e+02
      vertex   7.000000e+00 -2.175000e+01 2.672266e+02
      vertex   7.051111e+00 -2.650000e+01 2.676148e+02
    endloop
  endfacet
  facet normal 9.914449e-01 2.224623e-15 -1.305262e-01
    outer loop
      vertex   7.051111e+00 -2.650000e+01 2.676148e+02
      vertex   7.000000e+00 -2.175000e+01 2.672266e+02
      vertex   7.051111e+00 -2.175000e+01 2.676148e+02
    endloop
  endfacet
  facet normal 9.238795e-01 2.073019e-15 -3.826834e-01
    outer loop
      vertex   7.051111e+00 -2.650000e+01 2.676148e+02
      vertex   7.051111e+00 -2.175000e+01 2.676148e+02
      vertex   7.200962e+00 -2.650000e+01 2.679766e+02
    endloop
  endfacet
  facet normal 9.238795e-01 2.764025e-15 -3.826834e-01
    outer loop
      vertex   7.200962e+00 -2.650000e+01 2.679766e+02
      vertex   7.051111e+00 -2.175000e+01 2.676148e+02
      vertex   7.200962e+00 -2.175000e+01 2.679766e+02
    endloop
  endfacet
  facet normal 7.933533e-01 2.373522e-15 -6.087614e-01
    outer loop
      vertex   7.200962e+00 -2.650000e+01 2.679766e+02
      vertex   7.200962e+00 -2.175000e+01 2.679766e+02
      vertex   7.439340e+00 -2.650000e+01 2.682873e+02
    endloop
  endfacet
  facet normal 7.933533e-01 4.450354e-16 -6.087614e-01
    outer loop
      vertex   7.439340e+00 -2.650000e+01 2.682873e+02
      vertex   7.200962e+00 -2.175000e+01 2.679766e+02
      vertex   7.439340e+00 -2.175000e+01 2.682873e+02
    endloop
  endfacet
  facet normal 6.087614e-01 3.414876e-16 -7.933533e-01
    outer loop
      vertex   7.439340e+00 -2.650000e+01 2.682873e+02
      vertex   7.439340e+00 -2.175000e+01 2.682873e+02
      vertex   7.750000e+00 -2.650000e+01 2.685256e+02
    endloop
  endfacet
  facet normal 6.087614e-01 1.821267e-15 -7.933533e-01
    outer loop
      vertex   7.750000e+00 -2.650000e+01 2.685256e+02
      vertex   7.439340e+00 -2.175000e+01 2.682873e+02
      vertex   7.750000e+00 -2.175000e+01 2.685256e+02
    endloop
  endfacet
  facet normal 3.826834e-01 1.144897e-15 -9.238795e-01
    outer loop
      vertex   7.750000e+00 -2.650000e+01 2.685256e+02
      vertex   7.750000e+00 -2.175000e+01 2.685256e+02
      vertex   8.111771e+00 -2.650000e+01 2.686755e+02
    endloop
  endfacet
  facet normal 3.826834e-01 5.724483e-16 -9.238795e-01
    outer loop
      vertex   8.111771e+00 -2.650000e+01 2.686755e+02
      vertex   7.750000e+00 -2.175000e+01 2.685256e+02
      vertex   8.111771e+00 -2.175000e+01 2.686755e+02
    endloop
  endfacet
  facet normal 1.305262e-01 1.952514e-16 -9.914449e-01
    outer loop
      vertex   8.111771e+00 -2.650000e+01 2.686755e+02
      vertex   8.111771e+00 -2.175000e+01 2.686755e+02
      vertex   8.500000e+00 -2.650000e+01 2.687266e+02
    endloop
  endfacet
  facet normal 1.305262e-01 2.928772e-16 -9.914449e-01
    outer loop
      vertex   8.500000e+00 -2.650000e+01 2.687266e+02
      vertex   8.111771e+00 -2.175000e+01 2.686755e+02
      vertex   8.500000e+00 -2.175000e+01 2.687266e+02
    endloop
  endfacet
  facet normal -1.305262e-01 -2.928772e-16 -9.914449e-01
    outer loop
      vertex   8.500000e+00 -2.650000e+01 2.687266e+02
      vertex   8.500000e+00 -2.175000e+01 2.687266e+02
      vertex   8.888228e+00 -2.650000e+01 2.686755e+02
    endloop
  endfacet
  facet normal -1.305262e-01 -2.928772e-16 -9.914449e-01
    outer loop
      vertex   8.888228e+00 -2.650000e+01 2.686755e+02
      vertex   8.500000e+00 -2.175000e+01 2.687266e+02
      vertex   8.888228e+00 -2.175000e+01 2.686755e+02
    endloop
  endfacet
  facet normal -3.826834e-01 -8.586724e-16 -9.238795e-01
    outer loop
      vertex   8.888228e+00 -2.650000e+01 2.686755e+02
      vertex   8.888228e+00 -2.175000e+01 2.686755e+02
      vertex   9.250000e+00 -2.650000e+01 2.685256e+02
    endloop
  endfacet
  facet normal -3.826834e-01 -5.724483e-16 -9.238795e-01
    outer loop
      vertex   9.250000e+00 -2.650000e+01 2.685256e+02
      vertex   8.888228e+00 -2.175000e+01 2.686755e+02
      vertex   9.250000e+00 -2.175000e+01 2.685256e+02
    endloop
  endfacet
  facet normal -6.087614e-01 -9.106337e-16 -7.933533e-01
    outer loop
      vertex   9.250000e+00 -2.650000e+01 2.685256e+02
      vertex   9.250000e+00 -2.175000e+01 2.685256e+02
      vertex   9.560660e+00 -2.650000e+01 2.682873e+02
    endloop
  endfacet
  facet normal -6.087614e-01 -2.504243e-15 -7.933533e-01
    outer loop
      vertex   9.560660e+00 -2.650000e+01 2.682873e+02
      vertex   9.250000e+00 -2.175000e+01 2.685256e+02
      vertex   9.560660e+00 -2.175000e+01 2.682873e+02
    endloop
  endfacet
  facet normal -7.933533e-01 -3.263593e-15 -6.087614e-01
    outer loop
      vertex   9.560660e+00 -2.650000e+01 2.682873e+02
      vertex   9.560660e+00 -2.175000e+01 2.682873e+02
      vertex   9.799038e+00 -2.650000e+01 2.679766e+02
    endloop
  endfacet
  facet normal -7.933533e-01 -1.186761e-15 -6.087614e-01
    outer loop
      vertex   9.799038e+00 -2.650000e+01 2.679766e+02
      vertex   9.560660e+00 -2.175000e+01 2.682873e+02
      vertex   9.799038e+00 -2.175000e+01 2.679766e+02
    endloop
  endfacet
  facet normal -9.238795e-01 -1.382012e-15 -3.826834e-01
    outer loop
      vertex   9.799038e+00 -2.650000e+01 2.679766e+02
      vertex   9.799038e+00 -2.175000e+01 2.679766e+02
      vertex   9.948889e+00 -2.650000e+01 2.676148e+02
    endloop
  endfacet
  facet normal -9.238795e-01 -2.418522e-15 -3.826834e-01
    outer loop
      vertex   9.948889e+00 -2.650000e+01 2.676148e+02
      vertex   9.799038e+00 -2.175000e+01 2.679766e+02
      vertex   9.948889e+00 -2.175000e+01 2.676148e+02
    endloop
  endfacet
  facet normal -9.914449e-01 -1.853852e-15 1.305262e-01
    outer loop
      vertex   9.948889e+00 -1.700000e+01 2.668384e+02
      vertex   9.948889e+00 -2.175000e+01 2.668384e+02
      vertex   1.000000e+01 -1.700000e+01 2.672266e+02
    endloop
  endfacet
  facet normal -9.914449e-01 -2.224623e-15 1.305262e-01
    outer loop
      vertex   1.000000e+01 -1.700000e+01 2.672266e+02
      vertex   9.948889e+00 -2.175000e+01 2.668384e+02
      vertex   1.000000e+01 -2.175000e+01 2.672266e+02
    endloop
  endfacet
  facet normal -9.914449e-01 -2.224623e-15 -1.305262e-01
    outer loop
      vertex   1.000000e+01 -1.700000e+01 2.672266e+02
      vertex   1.000000e+01 -2.175000e+01 2.672266e+02
      vertex   9.948889e+00 -1.700000e+01 2.676148e+02
    endloop
  endfacet
  facet normal -9.914449e-01 -1.853852e-15 -1.305262e-01
    outer loop
      vertex   9.948889e+00 -1.700000e+01 2.676148e+02
      vertex   1.000000e+01 -2.175000e+01 2.672266e+02
      vertex   9.948889e+00 -2.175000e+01 2.676148e+02
    endloop
  endfacet
  facet normal -9.238795e-01 -1.727516e-15 -3.826834e-01
    outer loop
      vertex   9.948889e+00 -1.700000e+01 2.676148e+02
      vertex   9.948889e+00 -2.175000e+01 2.676148e+02
      vertex   9.799038e+00 -1.700000e+01 2.679766e+02
    endloop
  endfacet
  facet normal -9.238795e-01 -2.418522e-15 -3.826834e-01
    outer loop
      vertex   9.799038e+00 -1.700000e+01 2.679766e+02
      vertex   9.948889e+00 -2.175000e+01 2.676148e+02
      vertex   9.799038e+00 -2.175000e+01 2.679766e+02
    endloop
  endfacet
  facet normal -7.933533e-01 -2.076832e-15 -6.087614e-01
    outer loop
      vertex   9.799038e+00 -1.700000e+01 2.679766e+02
      vertex   9.799038e+00 -2.175000e+01 2.679766e+02
      vertex   9.560660e+00 -1.700000e+01 2.682873e+02
    endloop
  endfacet
  facet normal -7.933533e-01 -2.966902e-16 -6.087614e-01
    outer loop
      vertex   9.560660e+00 -1.700000e+01 2.682873e+02
      vertex   9.799038e+00 -2.175000e+01 2.679766e+02
      vertex   9.560660e+00 -2.175000e+01 2.682873e+02
    endloop
  endfacet
  facet normal -6.087614e-01 -2.276584e-16 -7.933533e-01
    outer loop
      vertex   9.560660e+00 -1.700000e+01 2.682873e+02
      vertex   9.560660e+00 -2.175000e+01 2.682873e+02
      vertex   9.250000e+00 -1.700000e+01 2.685256e+02
    endloop
  endfacet
  facet normal -6.087614e-01 -1.593609e-15 -7.933533e-01
    outer loop
      vertex   9.250000e+00 -1.700000e+01 2.685256e+02
      vertex   9.560660e+00 -2.175000e+01 2.682873e+02
      vertex   9.250000e+00 -2.175000e+01 2.685256e+02
    endloop
  endfacet
  facet normal -3.826834e-01 -1.001784e-15 -9.238795e-01
    outer loop
      vertex   9.250000e+00 -1.700000e+01 2.685256e+02
      vertex   9.250000e+00 -2.175000e+01 2.685256e+02
      vertex   8.888228e+00 -1.700000e+01 2.686755e+02
    endloop
  endfacet
  facet normal -3.826834e-01 -8.586724e-16 -9.238795e-01
    outer loop
      vertex   8.888228e+00 -1.700000e+01 2.686755e+02
      vertex   9.250000e+00 -2.175000e+01 2.685256e+02
      vertex   8.888228e+00 -2.175000e+01 2.686755e+02
    endloop
  endfacet
  facet normal -1.305262e-01 -2.928772e-16 -9.914449e-01
    outer loop
      vertex   8.888228e+00 -1.700000e+01 2.686755e+02
      vertex   8.888228e+00 -2.175000e+01 2.686755e+02
      vertex   8.500000e+00 -1.700000e+01 2.687266e+02
    endloop
  endfacet
  facet normal -1.305262e-01 -2.928772e-16 -9.914449e-01
    outer loop
      vertex   8.500000e+00 -1.700000e+01 2.687266e+02
      vertex   8.888228e+00 -2.175000e+01 2.686755e+02
      vertex   8.500000e+00 -2.175000e+01 2.687266e+02
    endloop
  endfacet
  facet normal 1.305262e-01 2.928772e-16 -9.914449e-01
    outer loop
      vertex   8.500000e+00 -1.700000e+01 2.687266e+02
      vertex   8.500000e+00 -2.175000e+01 2.687266e+02
      vertex   8.111771e+00 -1.700000e+01 2.686755e+02
    endloop
  endfacet
  facet normal 1.305262e-01 3.905029e-16 -9.914449e-01
    outer loop
      vertex   8.111771e+00 -1.700000e+01 2.686755e+02
      vertex   8.500000e+00 -2.175000e+01 2.687266e+02
      vertex   8.111771e+00 -2.175000e+01 2.686755e+02
    endloop
  endfacet
  facet normal 3.826834e-01 1.144897e-15 -9.238795e-01
    outer loop
      vertex   8.111771e+00 -1.700000e+01 2.686755e+02
      vertex   8.111771e+00 -2.175000e+01 2.686755e+02
      vertex   7.750000e+00 -1.700000e+01 2.685256e+02
    endloop
  endfacet
  facet normal 3.826834e-01 4.293362e-16 -9.238795e-01
    outer loop
      vertex   7.750000e+00 -1.700000e+01 2.685256e+02
      vertex   8.111771e+00 -2.175000e+01 2.686755e+02
      vertex   7.750000e+00 -2.175000e+01 2.685256e+02
    endloop
  endfacet
  facet normal 6.087614e-01 6.829753e-16 -7.933533e-01
    outer loop
      vertex   7.750000e+00 -1.700000e+01 2.685256e+02
      vertex   7.750000e+00 -2.175000e+01 2.685256e+02
      vertex   7.439340e+00 -1.700000e+01 2.682873e+02
    endloop
  endfacet
  facet normal 6.087614e-01 2.276584e-15 -7.933533e-01
    outer loop
      vertex   7.439340e+00 -1.700000e+01 2.682873e+02
      vertex   7.750000e+00 -2.175000e+01 2.685256e+02
      vertex   7.439340e+00 -2.175000e+01 2.682873e+02
    endloop
  endfacet
  facet normal 7.933533e-01 2.966902e-15 -6.087614e-01
    outer loop
      vertex   7.439340e+00 -1.700000e+01 2.682873e+02
      vertex   7.439340e+00 -2.175000e+01 2.682873e+02
      vertex   7.200962e+00 -1.700000e+01 2.679766e+02
    endloop
  endfacet
  facet normal 7.933533e-01 1.038416e-15 -6.087614e-01
    outer loop
      vertex   7.200962e+00 -1.700000e+01 2.679766e+02
      vertex   7.439340e+00 -2.175000e+01 2.682873e+02
      vertex   7.200962e+00 -2.175000e+01 2.679766e+02
    endloop
  endfacet
  facet normal 9.238795e-01 1.209261e-15 -3.826834e-01
    outer loop
      vertex   7.200962e+00 -1.700000e+01 2.679766e+02
      vertex   7.200962e+00 -2.175000e+01 2.679766e+02
      vertex   7.051111e+00 -1.700000e+01 2.676148e+02
    endloop
  endfacet
  facet normal 9.238795e-01 1.900267e-15 -3.826834e-01
    outer loop
      vertex   7.051111e+00 -1.700000e+01 2.676148e+02
      vertex   7.200962e+00 -2.175000e+01 2.679766e+02
      vertex   7.051111e+00 -2.175000e+01 2.676148e+02
    endloop
  endfacet
  facet normal 9.914449e-01 2.039238e-15 -1.305262e-01
    outer loop
      vertex   7.051111e+00 -1.700000e+01 2.676148e+02
      vertex   7.051111e+00 -2.175000e+01 2.676148e+02
      vertex   7.000000e+00 -1.700000e+01 2.672266e+02
    endloop
  endfacet
  facet normal 9.914449e-01 2.039238e-15 -1.305262e-01
    outer loop
      vertex   7.000000e+00 -1.700000e+01 2.672266e+02
      vertex   7.051111e+00 -2.175000e+01 2.676148e+02
      vertex   7.000000e+00 -2.175000e+01 2.672266e+02
    endloop
  endfacet
  facet normal 9.914449e-01 2.039238e-15 1.305262e-01
    outer loop
      vertex   7.000000e+00 -1.700000e+01 2.672266e+02
      vertex   7.000000e+00 -2.175000e+01 2.672266e+02
      vertex   7.051111e+00 -1.700000e+01 2.668384e+02
    endloop
  endfacet
  facet normal 9.914449e-01 2.039238e-15 1.305262e-01
    outer loop
      vertex   7.051111e+00 -1.700000e+01 2.668384e+02
      vertex   7.000000e+00 -2.175000e+01 2.672266e+02
      vertex   7.051111e+00 -2.175000e+01 2.668384e+02
    endloop
  endfacet
  facet normal 9.238795e-01 1.900267e-15 3.826834e-01
    outer loop
      vertex   7.051111e+00 -1.700000e+01 2.668384e+02
      vertex   7.051111e+00 -2.175000e+01 2.668384e+02
      vertex   7.200962e+00 -1.700000e+01 2.664766e+02
    endloop
  endfacet
  facet normal 9.238795e-01 1.382012e-15 3.826834e-01
    outer loop
      vertex   7.200962e+00 -1.700000e+01 2.664766e+02
      vertex   7.051111e+00 -2.175000e+01 2.668384e+02
      vertex   7.200962e+00 -2.175000e+01 2.664766e+02
    endloop
  endfacet
  facet normal 7.933533e-01 1.186761e-15 6.087614e-01
    outer loop
      vertex   7.200962e+00 -1.700000e+01 2.664766e+02
      vertex   7.200962e+00 -2.175000e+01 2.664766e+02
      vertex   7.439340e+00 -1.700000e+01 2.661659e+02
    endloop
  endfacet
  facet normal 7.933533e-01 2.966902e-15 6.087614e-01
    outer loop
      vertex   7.439340e+00 -1.700000e+01 2.661659e+02
      vertex   7.200962e+00 -2.175000e+01 2.664766e+02
      vertex   7.439340e+00 -2.175000e+01 2.661659e+02
    endloop
  endfacet
  facet normal 6.087614e-01 2.276584e-15 7.933533e-01
    outer loop
      vertex   7.439340e+00 -1.700000e+01 2.661659e+02
      vertex   7.439340e+00 -2.175000e+01 2.661659e+02
      vertex   7.750000e+00 -1.700000e+01 2.659276e+02
    endloop
  endfacet
  facet normal 6.087614e-01 7.968045e-16 7.933533e-01
    outer loop
      vertex   7.750000e+00 -1.700000e+01 2.659276e+02
      vertex   7.439340e+00 -2.175000e+01 2.661659e+02
      vertex   7.750000e+00 -2.175000e+01 2.659276e+02
    endloop
  endfacet
  facet normal 3.826834e-01 5.008922e-16 9.238795e-01
    outer loop
      vertex   7.750000e+00 -1.700000e+01 2.659276e+02
      vertex   7.750000e+00 -2.175000e+01 2.659276e+02
      vertex   8.111771e+00 -1.700000e+01 2.657777e+02
    endloop
  endfacet
  facet normal 3.826834e-01 4.293362e-16 9.238795e-01
    outer loop
      vertex   8.111771e+00 -1.700000e+01 2.657777e+02
      vertex   7.750000e+00 -2.175000e+01 2.659276e+02
      vertex   8.111771e+00 -2.175000e+01 2.657777e+02
    endloop
  endfacet
  facet normal 1.305262e-01 1.464386e-16 9.914449e-01
    outer loop
      vertex   8.111771e+00 -1.700000e+01 2.657777e+02
      vertex   8.111771e+00 -2.175000e+01 2.657777e+02
      vertex   8.500000e+00 -1.700000e+01 2.657266e+02
    endloop
  endfacet
  facet normal 1.305262e-01 2.928772e-16 9.914449e-01
    outer loop
      vertex   8.500000e+00 -1.700000e+01 2.657266e+02
      vertex   8.111771e+00 -2.175000e+01 2.657777e+02
      vertex   8.500000e+00 -2.175000e+01 2.657266e+02
    endloop
  endfacet
  facet normal -1.305262e-01 -2.928772e-16 9.914449e-01
    outer loop
      vertex   8.500000e+00 -1.700000e+01 2.657266e+02
      vertex   8.500000e+00 -2.175000e+01 2.657266e+02
      vertex   8.888228e+00 -1.700000e+01 2.657777e+02
    endloop
  endfacet
  facet normal -1.305262e-01 -1.952514e-16 9.914449e-01
    outer loop
      vertex   8.888228e+00 -1.700000e+01 2.657777e+02
      vertex   8.500000e+00 -2.175000e+01 2.657266e+02
      vertex   8.888228e+00 -2.175000e+01 2.657777e+02
    endloop
  endfacet
  facet normal -3.826834e-01 -5.724483e-16 9.238795e-01
    outer loop
      vertex   8.888228e+00 -1.700000e+01 2.657777e+02
      vertex   8.888228e+00 -2.175000e+01 2.657777e+02
      vertex   9.250000e+00 -1.700000e+01 2.659276e+02
    endloop
  endfacet
  facet normal -3.826834e-01 -1.001784e-15 9.238795e-01
    outer loop
      vertex   9.250000e+00 -1.700000e+01 2.659276e+02
      vertex   8.888228e+00 -2.175000e+01 2.657777e+02
      vertex   9.250000e+00 -2.175000e+01 2.659276e+02
    endloop
  endfacet
  facet normal -6.087614e-01 -1.593609e-15 7.933533e-01
    outer loop
      vertex   9.250000e+00 -1.700000e+01 2.659276e+02
      vertex   9.250000e+00 -2.175000e+01 2.659276e+02
      vertex   9.560660e+00 -1.700000e+01 2.661659e+02
    endloop
  endfacet
  facet normal -6.087614e-01 -2.276584e-16 7.933533e-01
    outer loop
      vertex   9.560660e+00 -1.700000e+01 2.661659e+02
      vertex   9.250000e+00 -2.175000e+01 2.659276e+02
      vertex   9.560660e+00 -2.175000e+01 2.661659e+02
    endloop
  endfacet
  facet normal -7.933533e-01 -2.966902e-16 6.087614e-01
    outer loop
      vertex   9.560660e+00 -1.700000e+01 2.661659e+02
      vertex   9.560660e+00 -2.175000e+01 2.661659e+02
      vertex   9.799038e+00 -1.700000e+01 2.664766e+02
    endloop
  endfacet
  facet normal -7.933533e-01 -2.373522e-15 6.087614e-01
    outer loop
      vertex   9.799038e+00 -1.700000e+01 2.664766e+02
      vertex   9.560660e+00 -2.175000e+01 2.661659e+02
      vertex   9.799038e+00 -2.175000e+01 2.664766e+02
    endloop
  endfacet
  facet normal -9.238795e-01 -2.764025e-15 3.826834e-01
    outer loop
      vertex   9.799038e+00 -1.700000e+01 2.664766e+02
      vertex   9.799038e+00 -2.175000e+01 2.664766e+02
      vertex   9.948889e+00 -1.700000e+01 2.668384e+02
    endloop
  endfacet
  facet normal -9.238795e-01 -1.727516e-15 3.826834e-01
    outer loop
      vertex   9.948889e+00 -1.700000e+01 2.668384e+02
      vertex   9.799038e+00 -2.175000e+01 2.664766e+02
      vertex   9.948889e+00 -2.175000e+01 2.668384e+02
    endloop
  endfacet
  facet normal -9.914449e-01 -2.113392e-15 -1.305262e-01
    outer loop
      vertex   9.948889e+00 -2.450000e+01 2.501148e+02
      vertex   9.948889e+00 -1.700000e+01 2.501148e+02
      vertex   1.000000e+01 -2.450000e+01 2.497266e+02
    endloop
  endfacet
  facet normal -9.914449e-01 -2.348213e-15 -1.305262e-01
    outer loop
      vertex   1.000000e+01 -2.450000e+01 2.497266e+02
      vertex   9.948889e+00 -1.700000e+01 2.501148e+02
      vertex   1.000000e+01 -1.700000e+01 2.497266e+02
    endloop
  endfacet
  facet normal -9.914449e-01 -2.348213e-15 1.305262e-01
    outer loop
      vertex   1.000000e+01 -2.450000e+01 2.497266e+02
      vertex   1.000000e+01 -1.700000e+01 2.497266e+02
      vertex   9.948889e+00 -2.450000e+01 2.493384e+02
    endloop
  endfacet
  facet normal -9.914449e-01 -2.348213e-15 1.305262e-01
    outer loop
      vertex   9.948889e+00 -2.450000e+01 2.493384e+02
      vertex   1.000000e+01 -1.700000e+01 2.497266e+02
      vertex   9.948889e+00 -1.700000e+01 2.493384e+02
    endloop
  endfacet
  facet normal -9.238795e-01 -2.188186e-15 3.826834e-01
    outer loop
      vertex   9.948889e+00 -2.450000e+01 2.493384e+02
      vertex   9.948889e+00 -1.700000e+01 2.493384e+02
      vertex   9.799038e+00 -2.450000e+01 2.489766e+02
    endloop
  endfacet
  facet normal -9.238795e-01 -1.969368e-15 3.826834e-01
    outer loop
      vertex   9.799038e+00 -2.450000e+01 2.489766e+02
      vertex   9.948889e+00 -1.700000e+01 2.493384e+02
      vertex   9.799038e+00 -1.700000e+01 2.489766e+02
    endloop
  endfacet
  facet normal -7.933533e-01 -1.691134e-15 6.087614e-01
    outer loop
      vertex   9.799038e+00 -2.450000e+01 2.489766e+02
      vertex   9.799038e+00 -1.700000e+01 2.489766e+02
      vertex   9.560660e+00 -2.450000e+01 2.486659e+02
    endloop
  endfacet
  facet normal -7.933533e-01 -1.879038e-15 6.087614e-01
    outer loop
      vertex   9.560660e+00 -2.450000e+01 2.486659e+02
      vertex   9.799038e+00 -1.700000e+01 2.489766e+02
      vertex   9.560660e+00 -1.700000e+01 2.486659e+02
    endloop
  endfacet
  facet normal -6.087614e-01 -1.441837e-15 7.933533e-01
    outer loop
      vertex   9.560660e+00 -2.450000e+01 2.486659e+02
      vertex   9.560660e+00 -1.700000e+01 2.486659e+02
      vertex   9.250000e+00 -2.450000e+01 2.484276e+02
    endloop
  endfacet
  facet normal -6.087614e-01 -1.441837e-15 7.933533e-01
    outer loop
      vertex   9.250000e+00 -2.450000e+01 2.484276e+02
      vertex   9.560660e+00 -1.700000e+01 2.486659e+02
      vertex   9.250000e+00 -1.700000e+01 2.484276e+02
    endloop
  endfacet
  facet normal -3.826834e-01 -9.063764e-16 9.238795e-01
    outer loop
      vertex   9.250000e+00 -2.450000e+01 2.484276e+02
      vertex   9.250000e+00 -1.700000e+01 2.484276e+02
      vertex   8.888228e+00 -2.450000e+01 2.482777e+02
    endloop
  endfacet
  facet normal -3.826834e-01 -9.063764e-16 9.238795e-01
    outer loop
      vertex   8.888228e+00 -2.450000e+01 2.482777e+02
      vertex   9.250000e+00 -1.700000e+01 2.484276e+02
      vertex   8.888228e+00 -1.700000e+01 2.482777e+02
    endloop
  endfacet
  facet normal -1.305262e-01 -3.091481e-16 9.914449e-01
    outer loop
      vertex   8.888228e+00 -2.450000e+01 2.482777e+02
      vertex   8.888228e+00 -1.700000e+01 2.482777e+02
      vertex   8.500000e+00 -2.450000e+01 2.482266e+02
    endloop
  endfacet
  facet normal -1.305262e-01 -2.782333e-16 9.914449e-01
    outer loop
      vertex   8.500000e+00 -2.450000e+01 2.482266e+02
      vertex   8.888228e+00 -1.700000e+01 2.482777e+02
      vertex   8.500000e+00 -1.700000e+01 2.482266e+02
    endloop
  endfacet
  facet normal 1.305262e-01 2.782333e-16 9.914449e-01
    outer loop
      vertex   8.500000e+00 -2.450000e+01 2.482266e+02
      vertex   8.500000e+00 -1.700000e+01 2.482266e+02
      vertex   8.111771e+00 -2.450000e+01 2.482777e+02
    endloop
  endfacet
  facet normal 1.305262e-01 3.091481e-16 9.914449e-01
    outer loop
      vertex   8.111771e+00 -2.450000e+01 2.482777e+02
      vertex   8.500000e+00 -1.700000e+01 2.482266e+02
      vertex   8.111771e+00 -1.700000e+01 2.482777e+02
    endloop
  endfacet
  facet normal 3.826834e-01 9.063764e-16 9.238795e-01
    outer loop
      vertex   8.111771e+00 -2.450000e+01 2.482777e+02
      vertex   8.111771e+00 -1.700000e+01 2.482777e+02
      vertex   7.750000e+00 -2.450000e+01 2.484276e+02
    endloop
  endfacet
  facet normal 3.826834e-01 9.063764e-16 9.238795e-01
    outer loop
      vertex   7.750000e+00 -2.450000e+01 2.484276e+02
      vertex   8.111771e+00 -1.700000e+01 2.482777e+02
      vertex   7.750000e+00 -1.700000e+01 2.484276e+02
    endloop
  endfacet
  facet normal 6.087614e-01 1.441837e-15 7.933533e-01
    outer loop
      vertex   7.750000e+00 -2.450000e+01 2.484276e+02
      vertex   7.750000e+00 -1.700000e+01 2.484276e+02
      vertex   7.439340e+00 -2.450000e+01 2.486659e+02
    endloop
  endfacet
  facet normal 6.087614e-01 1.297653e-15 7.933533e-01
    outer loop
      vertex   7.439340e+00 -2.450000e+01 2.486659e+02
      vertex   7.750000e+00 -1.700000e+01 2.484276e+02
      vertex   7.439340e+00 -1.700000e+01 2.486659e+02
    endloop
  endfacet
  facet normal 7.933533e-01 1.691134e-15 6.087614e-01
    outer loop
      vertex   7.439340e+00 -2.450000e+01 2.486659e+02
      vertex   7.439340e+00 -1.700000e+01 2.486659e+02
      vertex   7.200962e+00 -2.450000e+01 2.489766e+02
    endloop
  endfacet
  facet normal 7.933533e-01 1.785086e-15 6.087614e-01
    outer loop
      vertex   7.200962e+00 -2.450000e+01 2.489766e+02
      vertex   7.439340e+00 -1.700000e+01 2.486659e+02
      vertex   7.200962e+00 -1.700000e+01 2.489766e+02
    endloop
  endfacet
  facet normal 9.238795e-01 2.078777e-15 3.826834e-01
    outer loop
      vertex   7.200962e+00 -2.450000e+01 2.489766e+02
      vertex   7.200962e+00 -1.700000e+01 2.489766e+02
      vertex   7.051111e+00 -2.450000e+01 2.493384e+02
    endloop
  endfacet
  facet normal 9.238795e-01 2.188186e-15 3.826834e-01
    outer loop
      vertex   7.051111e+00 -2.450000e+01 2.493384e+02
      vertex   7.200962e+00 -1.700000e+01 2.489766e+02
      vertex   7.051111e+00 -1.700000e+01 2.493384e+02
    endloop
  endfacet
  facet normal 9.914449e-01 2.348213e-15 1.305262e-01
    outer loop
      vertex   7.051111e+00 -2.450000e+01 2.493384e+02
      vertex   7.051111e+00 -1.700000e+01 2.493384e+02
      vertex   7.000000e+00 -2.450000e+01 2.497266e+02
    endloop
  endfacet
  facet normal 9.914449e-01 2.230802e-15 1.305262e-01
    outer loop
      vertex   7.000000e+00 -2.450000e+01 2.497266e+02
      vertex   7.051111e+00 -1.700000e+01 2.493384e+02
      vertex   7.000000e+00 -1.700000e+01 2.497266e+02
    endloop
  endfacet
  facet normal 9.914449e-01 2.230802e-15 -1.305262e-01
    outer loop
      vertex   7.000000e+00 -2.450000e+01 2.497266e+02
      vertex   7.000000e+00 -1.700000e+01 2.497266e+02
      vertex   7.051111e+00 -2.450000e+01 2.501148e+02
    endloop
  endfacet
  facet normal 9.914449e-01 2.230802e-15 -1.305262e-01
    outer loop
      vertex   7.051111e+00 -2.450000e+01 2.501148e+02
      vertex   7.000000e+00 -1.700000e+01 2.497266e+02
      vertex   7.051111e+00 -1.700000e+01 2.501148e+02
    endloop
  endfacet
  facet normal 9.238795e-01 2.078777e-15 -3.826834e-01
    outer loop
      vertex   7.051111e+00 -2.450000e+01 2.501148e+02
      vertex   7.051111e+00 -1.700000e+01 2.501148e+02
      vertex   7.200962e+00 -2.450000e+01 2.504766e+02
    endloop
  endfacet
  facet normal 9.238795e-01 1.969368e-15 -3.826834e-01
    outer loop
      vertex   7.200962e+00 -2.450000e+01 2.504766e+02
      vertex   7.051111e+00 -1.700000e+01 2.501148e+02
      vertex   7.200962e+00 -1.700000e+01 2.504766e+02
    endloop
  endfacet
  facet normal 7.933533e-01 1.691134e-15 -6.087614e-01
    outer loop
      vertex   7.200962e+00 -2.450000e+01 2.504766e+02
      vertex   7.200962e+00 -1.700000e+01 2.504766e+02
      vertex   7.439340e+00 -2.450000e+01 2.507873e+02
    endloop
  endfacet
  facet normal 7.933533e-01 1.597182e-15 -6.087614e-01
    outer loop
      vertex   7.439340e+00 -2.450000e+01 2.507873e+02
      vertex   7.200962e+00 -1.700000e+01 2.504766e+02
      vertex   7.439340e+00 -1.700000e+01 2.507873e+02
    endloop
  endfacet
  facet normal 6.087614e-01 1.225561e-15 -7.933533e-01
    outer loop
      vertex   7.439340e+00 -2.450000e+01 2.507873e+02
      vertex   7.439340e+00 -1.700000e+01 2.507873e+02
      vertex   7.750000e+00 -2.450000e+01 2.510256e+02
    endloop
  endfacet
  facet normal 6.087614e-01 1.225561e-15 -7.933533e-01
    outer loop
      vertex   7.750000e+00 -2.450000e+01 2.510256e+02
      vertex   7.439340e+00 -1.700000e+01 2.507873e+02
      vertex   7.750000e+00 -1.700000e+01 2.510256e+02
    endloop
  endfacet
  facet normal 3.826834e-01 7.704200e-16 -9.238795e-01
    outer loop
      vertex   7.750000e+00 -2.450000e+01 2.510256e+02
      vertex   7.750000e+00 -1.700000e+01 2.510256e+02
      vertex   8.111771e+00 -2.450000e+01 2.511755e+02
    endloop
  endfacet
  facet normal 3.826834e-01 7.251012e-16 -9.238795e-01
    outer loop
      vertex   8.111771e+00 -2.450000e+01 2.511755e+02
      vertex   7.750000e+00 -1.700000e+01 2.510256e+02
      vertex   8.111771e+00 -1.700000e+01 2.511755e+02
    endloop
  endfacet
  facet normal 1.305262e-01 2.473185e-16 -9.914449e-01
    outer loop
      vertex   8.111771e+00 -2.450000e+01 2.511755e+02
      vertex   8.111771e+00 -1.700000e+01 2.511755e+02
      vertex   8.500000e+00 -2.450000e+01 2.512266e+02
    endloop
  endfacet
  facet normal 1.305262e-01 3.091481e-16 -9.914449e-01
    outer loop
      vertex   8.500000e+00 -2.450000e+01 2.512266e+02
      vertex   8.111771e+00 -1.700000e+01 2.511755e+02
      vertex   8.500000e+00 -1.700000e+01 2.512266e+02
    endloop
  endfacet
  facet normal -1.305262e-01 -3.091481e-16 -9.914449e-01
    outer loop
      vertex   8.500000e+00 -2.450000e+01 2.512266e+02
      vertex   8.500000e+00 -1.700000e+01 2.512266e+02
      vertex   8.888228e+00 -2.450000e+01 2.511755e+02
    endloop
  endfacet
  facet normal -1.305262e-01 -4.066289e-15 -9.914449e-01
    outer loop
      vertex   8.888228e+00 -2.450000e+01 2.511755e+02
      vertex   8.500000e+00 -1.700000e+01 2.512266e+02
      vertex   8.888228e+00 -1.700000e+01 2.511755e+02
    endloop
  endfacet
  facet normal -3.826834e-01 -4.407475e-15 -9.238795e-01
    outer loop
      vertex   8.888228e+00 -2.450000e+01 2.511755e+02
      vertex   8.888228e+00 -1.700000e+01 2.511755e+02
      vertex   9.250000e+00 -2.450000e+01 2.510256e+02
    endloop
  endfacet
  facet normal -3.826834e-01 -7.251012e-16 -9.238795e-01
    outer loop
      vertex   9.250000e+00 -2.450000e+01 2.510256e+02
      vertex   8.888228e+00 -1.700000e+01 2.511755e+02
      vertex   9.250000e+00 -1.700000e+01 2.510256e+02
    endloop
  endfacet
  facet normal -6.087614e-01 -1.153469e-15 -7.933533e-01
    outer loop
      vertex   9.250000e+00 -2.450000e+01 2.510256e+02
      vertex   9.250000e+00 -1.700000e+01 2.510256e+02
      vertex   9.560660e+00 -2.450000e+01 2.507873e+02
    endloop
  endfacet
  facet normal -6.087614e-01 -1.441837e-15 -7.933533e-01
    outer loop
      vertex   9.560660e+00 -2.450000e+01 2.507873e+02
      vertex   9.250000e+00 -1.700000e+01 2.510256e+02
      vertex   9.560660e+00 -1.700000e+01 2.507873e+02
    endloop
  endfacet
  facet normal -7.933533e-01 -1.879038e-15 -6.087614e-01
    outer loop
      vertex   9.560660e+00 -2.450000e+01 2.507873e+02
      vertex   9.560660e+00 -1.700000e+01 2.507873e+02
      vertex   9.799038e+00 -2.450000e+01 2.504766e+02
    endloop
  endfacet
  facet normal -7.933533e-01 -1.691134e-15 -6.087614e-01
    outer loop
      vertex   9.799038e+00 -2.450000e+01 2.504766e+02
      vertex   9.560660e+00 -1.700000e+01 2.507873e+02
      vertex   9.799038e+00 -1.700000e+01 2.504766e+02
    endloop
  endfacet
  facet normal -9.238795e-01 -1.969368e-15 -3.826834e-01
    outer loop
      vertex   9.799038e+00 -2.450000e+01 2.504766e+02
      vertex   9.799038e+00 -1.700000e+01 2.504766e+02
      vertex   9.948889e+00 -2.450000e+01 2.501148e+02
    endloop
  endfacet
  facet normal -9.238795e-01 -1.969368e-15 -3.826834e-01
    outer loop
      vertex   9.948889e+00 -2.450000e+01 2.501148e+02
      vertex   9.799038e+00 -1.700000e+01 2.504766e+02
      vertex   9.948889e+00 -1.700000e+01 2.501148e+02
    endloop
  endfacet
  facet normal -1.000000e+00 0.000000e+00 -1.315820e-15
    outer loop
      vertex   -1.100000e+01 -2.450000e+01 2.539766e+02
      vertex   -1.100000e+01 -1.700000e+01 2.539766e+02
      vertex   -1.100000e+01 -2.450000e+01 2.472266e+02
    endloop
  endfacet
  facet normal -1.000000e+00 0.000000e+00 -1.315820e-15
    outer loop
      vertex   -1.100000e+01 -2.450000e+01 2.472266e+02
      vertex   -1.100000e+01 -1.700000e+01 2.539766e+02
      vertex   -1.100000e+01 -1.700000e+01 2.472266e+02
    endloop
  endfacet
  facet normal 2.015406e-15 -1.000000e+00 -2.653333e-16
    outer loop
      vertex   -7.051111e+00 -2.450000e+01 2.493384e+02
      vertex   7.051111e+00 -2.450000e+01 2.493384e+02
      vertex   -7.000000e+00 -2.450000e+01 2.497266e+02
    endloop
  endfacet
  facet normal 2.030122e-15 -1.000000e+00 2.672706e-16
    outer loop
      vertex   -7.000000e+00 -2.450000e+01 2.497266e+02
      vertex   7.051111e+00 -2.450000e+01 2.493384e+02
      vertex   7.000000e+00 -2.450000e+01 2.497266e+02
    endloop
  endfacet
  facet normal 2.030122e-15 -1.000000e+00 2.672706e-16
    outer loop
      vertex   -7.000000e+00 -2.450000e+01 2.497266e+02
      vertex   7.000000e+00 -2.450000e+01 2.497266e+02
      vertex   -7.051111e+00 -2.450000e+01 2.501148e+02
    endloop
  endfacet
  facet normal 2.015406e-15 -1.000000e+00 -2.653333e-16
    outer loop
      vertex   -7.051111e+00 -2.450000e+01 2.501148e+02
      vertex   7.000000e+00 -2.450000e+01 2.497266e+02
      vertex   7.051111e+00 -2.450000e+01 2.501148e+02
    endloop
  endfacet
  facet normal 2.015406e-15 -1.000000e+00 1.065514e-14
    outer loop
      vertex   -7.051111e+00 -2.450000e+01 2.501148e+02
      vertex   7.051111e+00 -2.450000e+01 2.501148e+02
      vertex   -7.200962e+00 -2.450000e+01 2.504766e+02
    endloop
  endfacet
  facet normal 2.220149e-15 -1.000000e+00 1.872104e-14
    outer loop
      vertex   -7.200962e+00 -2.450000e+01 2.504766e+02
      vertex   7.051111e+00 -2.450000e+01 2.501148e+02
      vertex   7.200962e+00 -2.450000e+01 2.504766e+02
    endloop
  endfacet
  facet normal 2.220149e-15 -1.000000e+00 1.703581e-15
    outer loop
      vertex   -7.200962e+00 -2.450000e+01 2.504766e+02
      vertex   7.200962e+00 -2.450000e+01 2.504766e+02
      vertex   -7.439340e+00 -2.450000e+01 2.507873e+02
    endloop
  endfacet
  facet normal 2.149009e-15 -1.000000e+00 -1.648993e-15
    outer loop
      vertex   -7.439340e+00 -2.450000e+01 2.507873e+02
      vertex   7.200962e+00 -2.450000e+01 2.504766e+02
      vertex   7.439340e+00 -2.450000e+01 2.507873e+02
    endloop
  endfacet
  facet normal 2.149009e-15 -1.000000e+00 -1.210306e-14
    outer loop
      vertex   -7.439340e+00 -2.450000e+01 2.507873e+02
      vertex   7.439340e+00 -2.450000e+01 2.507873e+02
      vertex   -7.750000e+00 -2.450000e+01 2.510256e+02
    endloop
  endfacet
  facet normal 2.521281e-15 -1.000000e+00 1.161791e-14
    outer loop
      vertex   -7.750000e+00 -2.450000e+01 2.510256e+02
      vertex   7.439340e+00 -2.450000e+01 2.507873e+02
      vertex   7.750000e+00 -2.450000e+01 2.510256e+02
    endloop
  endfacet
  facet normal 2.521281e-15 -1.000000e+00 6.086910e-15
    outer loop
      vertex   -7.750000e+00 -2.450000e+01 2.510256e+02
      vertex   7.750000e+00 -2.450000e+01 2.510256e+02
      vertex   -8.111772e+00 -2.450000e+01 2.511755e+02
    endloop
  endfacet
  facet normal 2.408836e-15 -1.000000e+00 -5.815444e-15
    outer loop
      vertex   -8.111772e+00 -2.450000e+01 2.511755e+02
      vertex   7.750000e+00 -2.450000e+01 2.510256e+02
      vertex   8.111771e+00 -2.450000e+01 2.511755e+02
    endloop
  endfacet
  facet normal 2.408836e-15 -1.000000e+00 1.263034e-14
    outer loop
      vertex   -8.111772e+00 -2.450000e+01 2.511755e+02
      vertex   8.111771e+00 -2.450000e+01 2.511755e+02
      vertex   -1.100000e+01 -2.450000e+01 2.539766e+02
    endloop
  endfacet
  facet normal 4.844609e-16 -1.000000e+00 -4.995282e-16
    outer loop
      vertex   -1.100000e+01 -2.450000e+01 2.539766e+02
      vertex   8.111771e+00 -2.450000e+01 2.511755e+02
      vertex   1.100000e+01 -2.450000e+01 2.539766e+02
    endloop
  endfacet
  facet normal 0.000000e+00 -1.000000e+00 0.000000e+00
    outer loop
      vertex   1.100000e+01 -2.450000e+01 2.539766e+02
      vertex   8.111771e+00 -2.450000e+01 2.511755e+02
      vertex   8.500000e+00 -2.450000e+01 2.512266e+02
    endloop
  endfacet
  facet normal 0.000000e+00 -1.000000e+00 0.000000e+00
    outer loop
      vertex   1.100000e+01 -2.450000e+01 2.539766e+02
      vertex   8.500000e+00 -2.450000e+01 2.512266e+02
      vertex   8.888228e+00 -2.450000e+01 2.511755e+02
    endloop
  endfacet
  facet normal 2.015406e-15 -1.000000e+00 1.065514e-14
    outer loop
      vertex   7.051111e+00 -2.450000e+01 2.493384e+02
      vertex   -7.051111e+00 -2.450000e+01 2.493384e+02
      vertex   7.200962e+00 -2.450000e+01 2.489766e+02
    endloop
  endfacet
  facet normal 2.220149e-15 -1.000000e+00 1.872104e-14
    outer loop
      vertex   7.200962e+00 -2.450000e+01 2.489766e+02
      vertex   -7.051111e+00 -2.450000e+01 2.493384e+02
      vertex   -7.200962e+00 -2.450000e+01 2.489766e+02
    endloop
  endfacet
  facet normal 2.220149e-15 -1.000000e+00 1.703581e-15
    outer loop
      vertex   7.200962e+00 -2.450000e+01 2.489766e+02
      vertex   -7.200962e+00 -2.450000e+01 2.489766e+02
      vertex   7.439340e+00 -2.450000e+01 2.486659e+02
    endloop
  endfacet
  facet normal 2.149009e-15 -1.000000e+00 -1.648993e-15
    outer loop
      vertex   7.439340e+00 -2.450000e+01 2.486659e+02
      vertex   -7.200962e+00 -2.450000e+01 2.489766e+02
      vertex   -7.439340e+00 -2.450000e+01 2.486659e+02
    endloop
  endfacet
  facet normal 2.149009e-15 -1.000000e+00 -1.210306e-14
    outer loop
      vertex   7.439340e+00 -2.450000e+01 2.486659e+02
      vertex   -7.439340e+00 -2.450000e+01 2.486659e+02
      vertex   7.750000e+00 -2.450000e+01 2.484276e+02
    endloop
  endfacet
  facet normal 2.521281e-15 -1.000000e+00 1.161791e-14
    outer loop
      vertex   7.750000e+00 -2.450000e+01 2.484276e+02
      vertex   -7.439340e+00 -2.450000e+01 2.486659e+02
      vertex   -7.750000e+00 -2.450000e+01 2.484276e+02
    endloop
  endfacet
  facet normal 2.521281e-15 -1.000000e+00 6.086910e-15
    outer loop
      vertex   7.750000e+00 -2.450000e+01 2.484276e+02
      vertex   -7.750000e+00 -2.450000e+01 2.484276e+02
      vertex   8.111771e+00 -2.450000e+01 2.482777e+02
    endloop
  endfacet
  facet normal 2.408836e-15 -1.000000e+00 -5.815444e-15
    outer loop
      vertex   8.111771e+00 -2.450000e+01 2.482777e+02
      vertex   -7.750000e+00 -2.450000e+01 2.484276e+02
      vertex   -8.111772e+00 -2.450000e+01 2.482777e+02
    endloop
  endfacet
  facet normal 2.408836e-15 -1.000000e+00 -2.013880e-14
    outer loop
      vertex   8.111771e+00 -2.450000e+01 2.482777e+02
      vertex   -8.111772e+00 -2.450000e+01 2.482777e+02
      vertex   -1.100000e+01 -2.450000e+01 2.472266e+02
    endloop
  endfacet
  facet normal 2.788764e-15 -1.000000e+00 -2.118276e-14
    outer loop
      vertex   -1.100000e+01 -2.450000e+01 2.472266e+02
      vertex   -8.111772e+00 -2.450000e+01 2.482777e+02
      vertex   -8.500000e+00 -2.450000e+01 2.482266e+02
    endloop
  endfacet
  facet normal -1.407607e-15 -1.000000e+00 -1.069184e-14
    outer loop
      vertex   -1.100000e+01 -2.450000e+01 2.472266e+02
      vertex   -8.500000e+00 -2.450000e+01 2.482266e+02
      vertex   -8.888229e+00 -2.450000e+01 2.482777e+02
    endloop
  endfacet
  facet normal -3.056506e-15 -1.000000e+00 -7.379059e-15
    outer loop
      vertex   -8.888229e+00 -2.450000e+01 2.482777e+02
      vertex   -9.250000e+00 -2.450000e+01 2.484276e+02
      vertex   -1.100000e+01 -2.450000e+01 2.472266e+02
    endloop
  endfacet
  facet normal 1.112454e-15 -1.000000e+00 -1.345392e-14
    outer loop
      vertex   -1.100000e+01 -2.450000e+01 2.472266e+02
      vertex   -9.250000e+00 -2.450000e+01 2.484276e+02
      vertex   -9.560660e+00 -2.450000e+01 2.486659e+02
    endloop
  endfacet
  facet normal -6.983127e-15 -1.000000e+00 -5.358342e-15
    outer loop
      vertex   -1.100000e+01 -2.450000e+01 2.472266e+02
      vertex   -9.560660e+00 -2.450000e+01 2.486659e+02
      vertex   -9.799038e+00 -2.450000e+01 2.489766e+02
    endloop
  endfacet
  facet normal -1.814752e-14 -1.000000e+00 2.303378e-15
    outer loop
      vertex   -9.799038e+00 -2.450000e+01 2.489766e+02
      vertex   -9.948889e+00 -2.450000e+01 2.493384e+02
      vertex   -1.100000e+01 -2.450000e+01 2.472266e+02
    endloop
  endfacet
  facet normal -1.069184e-14 -1.000000e+00 -1.407607e-15
    outer loop
      vertex   -1.100000e+01 -2.450000e+01 2.472266e+02
      vertex   -9.948889e+00 -2.450000e+01 2.493384e+02
      vertex   -1.000000e+01 -2.450000e+01 2.497266e+02
    endloop
  endfacet
  facet normal -2.342159e-14 -1.000000e+00 3.684296e-15
    outer loop
      vertex   -1.100000e+01 -2.450000e+01 2.472266e+02
      vertex   -1.000000e+01 -2.450000e+01 2.497266e+02
      vertex   -1.100000e+01 -2.450000e+01 2.539766e+02
    endloop
  endfacet
  facet normal -2.505885e-14 -1.000000e+00 3.299060e-15
    outer loop
      vertex   -1.100000e+01 -2.450000e+01 2.539766e+02
      vertex   -1.000000e+01 -2.450000e+01 2.497266e+02
      vertex   -9.948889e+00 -2.450000e+01 2.501148e+02
    endloop
  endfacet
  facet normal -4.361071e-16 -1.000000e+00 1.000097e-14
    outer loop
      vertex   -1.100000e+01 -2.450000e+01 2.539766e+02
      vertex   -9.948889e+00 -2.450000e+01 2.501148e+02
      vertex   -9.799038e+00 -2.450000e+01 2.504766e+02
    endloop
  endfacet
  facet normal -9.140914e-15 -1.000000e+00 7.014070e-15
    outer loop
      vertex   -9.799038e+00 -2.450000e+01 2.504766e+02
      vertex   -9.560660e+00 -2.450000e+01 2.507873e+02
      vertex   -1.100000e+01 -2.450000e+01 2.539766e+02
    endloop
  endfacet
  facet normal 1.063997e-14 -1.000000e+00 1.594113e-14
    outer loop
      vertex   -1.100000e+01 -2.450000e+01 2.539766e+02
      vertex   -9.560660e+00 -2.450000e+01 2.507873e+02
      vertex   -9.250000e+00 -2.450000e+01 2.510256e+02
    endloop
  endfacet
  facet normal -3.202716e-15 -1.000000e+00 7.732040e-15
    outer loop
      vertex   -1.100000e+01 -2.450000e+01 2.539766e+02
      vertex   -9.250000e+00 -2.450000e+01 2.510256e+02
      vertex   -8.888229e+00 -2.450000e+01 2.511755e+02
    endloop
  endfacet
  facet normal -1.215209e-15 -1.000000e+00 9.230431e-15
    outer loop
      vertex   -8.888229e+00 -2.450000e+01 2.511755e+02
      vertex   -8.500000e+00 -2.450000e+01 2.512266e+02
      vertex   -1.100000e+01 -2.450000e+01 2.539766e+02
    endloop
  endfacet
  facet normal 1.545639e-15 -1.000000e+00 1.174029e-14
    outer loop
      vertex   -1.100000e+01 -2.450000e+01 2.539766e+02
      vertex   -8.500000e+00 -2.450000e+01 2.512266e+02
      vertex   -8.111772e+00 -2.450000e+01 2.511755e+02
    endloop
  endfacet
  facet normal -1.871071e-14 -1.000000e+00 2.463312e-15
    outer loop
      vertex   9.948889e+00 -2.450000e+01 2.493384e+02
      vertex   1.100000e+01 -2.450000e+01 2.472266e+02
      vertex   1.000000e+01 -2.450000e+01 2.497266e+02
    endloop
  endfacet
  facet normal -1.565825e-14 -1.000000e+00 3.684296e-15
    outer loop
      vertex   1.000000e+01 -2.450000e+01 2.497266e+02
      vertex   1.100000e+01 -2.450000e+01 2.472266e+02
      vertex   1.100000e+01 -2.450000e+01 2.539766e+02
    endloop
  endfacet
  facet normal 0.000000e+00 -1.000000e+00 0.000000e+00
    outer loop
      vertex   1.000000e+01 -2.450000e+01 2.497266e+02
      vertex   1.100000e+01 -2.450000e+01 2.539766e+02
      vertex   9.948889e+00 -2.450000e+01 2.501148e+02
    endloop
  endfacet
  facet normal -1.430706e-14 -1.000000e+00 3.894149e-15
    outer loop
      vertex   9.948889e+00 -2.450000e+01 2.501148e+02
      vertex   1.100000e+01 -2.450000e+01 2.539766e+02
      vertex   9.799038e+00 -2.450000e+01 2.504766e+02
    endloop
  endfacet
  facet normal -9.140914e-16 -1.000000e+00 -7.014070e-16
    outer loop
      vertex   9.799038e+00 -2.450000e+01 2.504766e+02
      vertex   1.100000e+01 -2.450000e+01 2.539766e+02
      vertex   9.560660e+00 -2.450000e+01 2.507873e+02
    endloop
  endfacet
  facet normal 7.859556e-15 -1.000000e+00 -4.660929e-15
    outer loop
      vertex   9.560660e+00 -2.450000e+01 2.507873e+02
      vertex   1.100000e+01 -2.450000e+01 2.539766e+02
      vertex   9.250000e+00 -2.450000e+01 2.510256e+02
    endloop
  endfacet
  facet normal 0.000000e+00 -1.000000e+00 0.000000e+00
    outer loop
      vertex   9.250000e+00 -2.450000e+01 2.510256e+02
      vertex   1.100000e+01 -2.450000e+01 2.539766e+02
      vertex   8.888228e+00 -2.450000e+01 2.511755e+02
    endloop
  endfacet
  facet normal -2.144892e-15 -1.000000e+00 1.070877e-14
    outer loop
      vertex   9.948889e+00 -2.450000e+01 2.493384e+02
      vertex   9.799038e+00 -2.450000e+01 2.489766e+02
      vertex   1.100000e+01 -2.450000e+01 2.472266e+02
    endloop
  endfacet
  facet normal -8.379752e-15 -1.000000e+00 6.430010e-15
    outer loop
      vertex   1.100000e+01 -2.450000e+01 2.472266e+02
      vertex   9.799038e+00 -2.450000e+01 2.489766e+02
      vertex   9.560660e+00 -2.450000e+01 2.486659e+02
    endloop
  endfacet
  facet normal 6.511581e-15 -1.000000e+00 2.132135e-14
    outer loop
      vertex   1.100000e+01 -2.450000e+01 2.472266e+02
      vertex   9.560660e+00 -2.450000e+01 2.486659e+02
      vertex   9.250000e+00 -2.450000e+01 2.484276e+02
    endloop
  endfacet
  facet normal -3.056506e-15 -1.000000e+00 7.379059e-15
    outer loop
      vertex   9.250000e+00 -2.450000e+01 2.484276e+02
      vertex   8.888228e+00 -2.450000e+01 2.482777e+02
      vertex   1.100000e+01 -2.450000e+01 2.472266e+02
    endloop
  endfacet
  facet normal -1.407607e-15 -1.000000e+00 1.069184e-14
    outer loop
      vertex   1.100000e+01 -2.450000e+01 2.472266e+02
      vertex   8.888228e+00 -2.450000e+01 2.482777e+02
      vertex   8.500000e+00 -2.450000e+01 2.482266e+02
    endloop
  endfacet
  facet normal 2.788764e-15 -1.000000e+00 2.118277e-14
    outer loop
      vertex   1.100000e+01 -2.450000e+01 2.472266e+02
      vertex   8.500000e+00 -2.450000e+01 2.482266e+02
      vertex   8.111771e+00 -2.450000e+01 2.482777e+02
    endloop
  endfacet
  facet normal 4.844609e-16 -1.000000e+00 1.485103e-14
    outer loop
      vertex   -1.100000e+01 -2.450000e+01 2.472266e+02
      vertex   1.100000e+01 -2.450000e+01 2.472266e+02
      vertex   8.111771e+00 -2.450000e+01 2.482777e+02
    endloop
  endfacet
  facet normal 1.000000e+00 4.986380e-30 1.315820e-15
    outer loop
      vertex   1.100000e+01 -1.700000e+01 2.539766e+02
      vertex   1.100000e+01 -2.450000e+01 2.539766e+02
      vertex   1.100000e+01 -1.700000e+01 2.472266e+02
    endloop
  endfacet
  facet normal 1.000000e+00 4.986380e-30 1.315820e-15
    outer loop
      vertex   1.100000e+01 -1.700000e+01 2.472266e+02
      vertex   1.100000e+01 -2.450000e+01 2.539766e+02
      vertex   1.100000e+01 -2.450000e+01 2.472266e+02
    endloop
  endfacet
  facet normal 0.000000e+00 0.000000e+00 -1.000000e+00
    outer loop
      vertex   1.463601e+00 -2.011136e+01 2.472266e+02
      vertex   1.100000e+01 -1.700000e+01 2.472266e+02
      vertex   1.514767e+00 -2.050000e+01 2.472266e+02
    endloop
  endfacet
  facet normal 1.398328e-15 -3.789561e-15 -1.000000e+00
    outer loop
      vertex   1.514767e+00 -2.050000e+01 2.472266e+02
      vertex   1.100000e+01 -1.700000e+01 2.472266e+02
      vertex   1.100000e+01 -2.450000e+01 2.472266e+02
    endloop
  endfacet
  facet normal 2.838809e-15 -3.737363e-16 -1.000000e+00
    outer loop
      vertex   1.514767e+00 -2.050000e+01 2.472266e+02
      vertex   1.100000e+01 -2.450000e+01 2.472266e+02
      vertex   1.463601e+00 -2.088864e+01 2.472266e+02
    endloop
  endfacet
  facet normal 2.576234e-15 -1.067111e-15 -1.000000e+00
    outer loop
      vertex   1.463601e+00 -2.088864e+01 2.472266e+02
      vertex   1.100000e+01 -2.450000e+01 2.472266e+02
      vertex   1.313590e+00 -2.125080e+01 2.472266e+02
    endloop
  endfacet
  facet normal 2.333549e-15 -1.790595e-15 -1.000000e+00
    outer loop
      vertex   1.313590e+00 -2.125080e+01 2.472266e+02
      vertex   1.100000e+01 -2.450000e+01 2.472266e+02
      vertex   1.074957e+00 -2.156179e+01 2.472266e+02
    endloop
  endfacet
  facet normal 2.066404e-15 -2.692990e-15 -1.000000e+00
    outer loop
      vertex   1.074957e+00 -2.156179e+01 2.472266e+02
      vertex   1.100000e+01 -2.450000e+01 2.472266e+02
      vertex   7.639651e-01 -2.180043e+01 2.472266e+02
    endloop
  endfacet
  facet normal 1.696476e-15 -4.095655e-15 -1.000000e+00
    outer loop
      vertex   7.639651e-01 -2.180043e+01 2.472266e+02
      vertex   1.100000e+01 -2.450000e+01 2.472266e+02
      vertex   4.018070e-01 -2.195044e+01 2.472266e+02
    endloop
  endfacet
  facet normal 9.485271e-16 -7.204778e-15 -1.000000e+00
    outer loop
      vertex   4.018070e-01 -2.195044e+01 2.472266e+02
      vertex   1.100000e+01 -2.450000e+01 2.472266e+02
      vertex   1.316349e-02 -2.200160e+01 2.472266e+02
    endloop
  endfacet
  facet normal 1.291896e-15 -5.694796e-15 -1.000000e+00
    outer loop
      vertex   1.316349e-02 -2.200160e+01 2.472266e+02
      vertex   1.100000e+01 -2.450000e+01 2.472266e+02
      vertex   -1.100000e+01 -2.450000e+01 2.472266e+02
    endloop
  endfacet
  facet normal -0.000000e+00 0.000000e+00 -1.000000e+00
    outer loop
      vertex   1.316349e-02 -2.200160e+01 2.472266e+02
      vertex   -1.100000e+01 -2.450000e+01 2.472266e+02
      vertex   -3.754800e-01 -2.195044e+01 2.472266e+02
    endloop
  endfacet
  facet normal -0.000000e+00 0.000000e+00 -1.000000e+00
    outer loop
      vertex   -3.754800e-01 -2.195044e+01 2.472266e+02
      vertex   -1.100000e+01 -2.450000e+01 2.472266e+02
      vertex   -7.376381e-01 -2.180043e+01 2.472266e+02
    endloop
  endfacet
  facet normal -0.000000e+00 0.000000e+00 -1.000000e+00
    outer loop
      vertex   -7.376381e-01 -2.180043e+01 2.472266e+02
      vertex   -1.100000e+01 -2.450000e+01 2.472266e+02
      vertex   -1.048630e+00 -2.156179e+01 2.472266e+02
    endloop
  endfacet
  facet normal -0.000000e+00 0.000000e+00 -1.000000e+00
    outer loop
      vertex   -1.048630e+00 -2.156179e+01 2.472266e+02
      vertex   -1.100000e+01 -2.450000e+01 2.472266e+02
      vertex   -1.287263e+00 -2.125080e+01 2.472266e+02
    endloop
  endfacet
  facet normal -0.000000e+00 0.000000e+00 -1.000000e+00
    outer loop
      vertex   -1.287263e+00 -2.125080e+01 2.472266e+02
      vertex   -1.100000e+01 -2.450000e+01 2.472266e+02
      vertex   -1.437274e+00 -2.088864e+01 2.472266e+02
    endloop
  endfacet
  facet normal -0.000000e+00 0.000000e+00 -1.000000e+00
    outer loop
      vertex   -1.437274e+00 -2.088864e+01 2.472266e+02
      vertex   -1.100000e+01 -2.450000e+01 2.472266e+02
      vertex   -1.488440e+00 -2.050000e+01 2.472266e+02
    endloop
  endfacet
  facet normal -0.000000e+00 0.000000e+00 -1.000000e+00
    outer loop
      vertex   -1.488440e+00 -2.050000e+01 2.472266e+02
      vertex   -1.100000e+01 -2.450000e+01 2.472266e+02
      vertex   -1.100000e+01 -1.700000e+01 2.472266e+02
    endloop
  endfacet
  facet normal 0.000000e+00 0.000000e+00 -1.000000e+00
    outer loop
      vertex   -1.488440e+00 -2.050000e+01 2.472266e+02
      vertex   -1.100000e+01 -1.700000e+01 2.472266e+02
      vertex   -1.437274e+00 -2.011136e+01 2.472266e+02
    endloop
  endfacet
  facet normal 0.000000e+00 0.000000e+00 -1.000000e+00
    outer loop
      vertex   -1.437274e+00 -2.011136e+01 2.472266e+02
      vertex   -1.100000e+01 -1.700000e+01 2.472266e+02
      vertex   -1.287263e+00 -1.974920e+01 2.472266e+02
    endloop
  endfacet
  facet normal 0.000000e+00 0.000000e+00 -1.000000e+00
    outer loop
      vertex   -1.287263e+00 -1.974920e+01 2.472266e+02
      vertex   -1.100000e+01 -1.700000e+01 2.472266e+02
      vertex   -1.048630e+00 -1.943821e+01 2.472266e+02
    endloop
  endfacet
  facet normal 0.000000e+00 0.000000e+00 -1.000000e+00
    outer loop
      vertex   -1.048630e+00 -1.943821e+01 2.472266e+02
      vertex   -1.100000e+01 -1.700000e+01 2.472266e+02
      vertex   -7.376381e-01 -1.919957e+01 2.472266e+02
    endloop
  endfacet
  facet normal 0.000000e+00 0.000000e+00 -1.000000e+00
    outer loop
      vertex   -7.376381e-01 -1.919957e+01 2.472266e+02
      vertex   -1.100000e+01 -1.700000e+01 2.472266e+02
      vertex   -3.754800e-01 -1.904956e+01 2.472266e+02
    endloop
  endfacet
  facet normal 0.000000e+00 0.000000e+00 -1.000000e+00
    outer loop
      vertex   -3.754800e-01 -1.904956e+01 2.472266e+02
      vertex   -1.100000e+01 -1.700000e+01 2.472266e+02
      vertex   1.316349e-02 -1.899840e+01 2.472266e+02
    endloop
  endfacet
  facet normal 0.000000e+00 0.000000e+00 -1.000000e+00
    outer loop
      vertex   1.316349e-02 -1.899840e+01 2.472266e+02
      vertex   -1.100000e+01 -1.700000e+01 2.472266e+02
      vertex   1.100000e+01 -1.700000e+01 2.472266e+02
    endloop
  endfacet
  facet normal 0.000000e+00 0.000000e+00 -1.000000e+00
    outer loop
      vertex   1.316349e-02 -1.899840e+01 2.472266e+02
      vertex   1.100000e+01 -1.700000e+01 2.472266e+02
      vertex   4.018070e-01 -1.904956e+01 2.472266e+02
    endloop
  endfacet
  facet normal 0.000000e+00 0.000000e+00 -1.000000e+00
    outer loop
      vertex   4.018070e-01 -1.904956e+01 2.472266e+02
      vertex   1.100000e+01 -1.700000e+01 2.472266e+02
      vertex   7.639651e-01 -1.919957e+01 2.472266e+02
    endloop
  endfacet
  facet normal 0.000000e+00 0.000000e+00 -1.000000e+00
    outer loop
      vertex   7.639651e-01 -1.919957e+01 2.472266e+02
      vertex   1.100000e+01 -1.700000e+01 2.472266e+02
      vertex   1.074957e+00 -1.943821e+01 2.472266e+02
    endloop
  endfacet
  facet normal 0.000000e+00 0.000000e+00 -1.000000e+00
    outer loop
      vertex   1.074957e+00 -1.943821e+01 2.472266e+02
      vertex   1.100000e+01 -1.700000e+01 2.472266e+02
      vertex   1.313590e+00 -1.974920e+01 2.472266e+02
    endloop
  endfacet
  facet normal 0.000000e+00 0.000000e+00 -1.000000e+00
    outer loop
      vertex   1.313590e+00 -1.974920e+01 2.472266e+02
      vertex   1.100000e+01 -1.700000e+01 2.472266e+02
      vertex   1.463601e+00 -2.011136e+01 2.472266e+02
    endloop
  endfacet
  facet normal 1.000000e+00 7.393991e-30 1.235726e-15
    outer loop
      vertex   1.100000e+01 -2.650000e+01 2.639766e+02
      vertex   1.100000e+01 -1.700000e+01 2.639766e+02
      vertex   1.100000e+01 -2.650000e+01 2.697266e+02
    endloop
  endfacet
  facet normal 1.000000e+00 7.393991e-30 1.235726e-15
    outer loop
      vertex   1.100000e+01 -2.650000e+01 2.697266e+02
      vertex   1.100000e+01 -1.700000e+01 2.639766e+02
      vertex   1.100000e+01 -1.700000e+01 2.697266e+02
    endloop
  endfacet
  facet normal -1.000000e+00 -7.393991e-30 -1.235726e-15
    outer loop
      vertex   -1.100000e+01 -1.700000e+01 2.639766e+02
      vertex   -1.100000e+01 -2.650000e+01 2.639766e+02
      vertex   -1.100000e+01 -1.700000e+01 2.697266e+02
    endloop
  endfacet
  facet normal -1.000000e+00 -7.393991e-30 -1.235726e-15
    outer loop
      vertex   -1.100000e+01 -1.700000e+01 2.697266e+02
      vertex   -1.100000e+01 -2.650000e+01 2.639766e+02
      vertex   -1.100000e+01 -2.650000e+01 2.697266e+02
    endloop
  endfacet
  facet normal -4.003883e-14 1.409899e-13 1.000000e+00
    outer loop
      vertex   1.463601e+00 -2.011136e+01 2.697266e+02
      vertex   1.514767e+00 -2.050000e+01 2.697266e+02
      vertex   1.100000e+01 -1.700000e+01 2.697266e+02
    endloop
  endfacet
  facet normal 6.932285e-14 -1.553876e-13 1.000000e+00
    outer loop
      vertex   1.100000e+01 -1.700000e+01 2.697266e+02
      vertex   1.514767e+00 -2.050000e+01 2.697266e+02
      vertex   1.463601e+00 -2.088864e+01 2.697266e+02
    endloop
  endfacet
  facet normal 3.520789e-15 5.983518e-15 1.000000e+00
    outer loop
      vertex   1.100000e+01 -1.700000e+01 2.697266e+02
      vertex   1.463601e+00 -2.088864e+01 2.697266e+02
      vertex   1.100000e+01 -2.650000e+01 2.697266e+02
    endloop
  endfacet
  facet normal 0.000000e+00 0.000000e+00 1.000000e+00
    outer loop
      vertex   1.100000e+01 -2.650000e+01 2.697266e+02
      vertex   1.463601e+00 -2.088864e+01 2.697266e+02
      vertex   1.313590e+00 -2.125080e+01 2.697266e+02
    endloop
  endfacet
  facet normal 0.000000e+00 0.000000e+00 1.000000e+00
    outer loop
      vertex   1.100000e+01 -2.650000e+01 2.697266e+02
      vertex   1.313590e+00 -2.125080e+01 2.697266e+02
      vertex   1.074957e+00 -2.156179e+01 2.697266e+02
    endloop
  endfacet
  facet normal 0.000000e+00 0.000000e+00 1.000000e+00
    outer loop
      vertex   1.074957e+00 -2.156179e+01 2.697266e+02
      vertex   7.639651e-01 -2.180043e+01 2.697266e+02
      vertex   1.100000e+01 -2.650000e+01 2.697266e+02
    endloop
  endfacet
  facet normal 0.000000e+00 0.000000e+00 1.000000e+00
    outer loop
      vertex   1.100000e+01 -2.650000e+01 2.697266e+02
      vertex   7.639651e-01 -2.180043e+01 2.697266e+02
      vertex   4.018070e-01 -2.195044e+01 2.697266e+02
    endloop
  endfacet
  facet normal 0.000000e+00 0.000000e+00 1.000000e+00
    outer loop
      vertex   1.100000e+01 -2.650000e+01 2.697266e+02
      vertex   4.018070e-01 -2.195044e+01 2.697266e+02
      vertex   1.316349e-02 -2.200160e+01 2.697266e+02
    endloop
  endfacet
  facet normal 0.000000e+00 0.000000e+00 1.000000e+00
    outer loop
      vertex   1.100000e+01 -2.650000e+01 2.697266e+02
      vertex   1.316349e-02 -2.200160e+01 2.697266e+02
      vertex   -1.100000e+01 -2.650000e+01 2.697266e+02
    endloop
  endfacet
  facet normal 0.000000e+00 0.000000e+00 1.000000e+00
    outer loop
      vertex   -1.100000e+01 -2.650000e+01 2.697266e+02
      vertex   1.316349e-02 -2.200160e+01 2.697266e+02
      vertex   -3.754800e-01 -2.195044e+01 2.697266e+02
    endloop
  endfacet
  facet normal 0.000000e+00 0.000000e+00 1.000000e+00
    outer loop
      vertex   -1.100000e+01 -2.650000e+01 2.697266e+02
      vertex   -3.754800e-01 -2.195044e+01 2.697266e+02
      vertex   -7.376381e-01 -2.180043e+01 2.697266e+02
    endloop
  endfacet
  facet normal 0.000000e+00 0.000000e+00 1.000000e+00
    outer loop
      vertex   -7.376381e-01 -2.180043e+01 2.697266e+02
      vertex   -1.048630e+00 -2.156179e+01 2.697266e+02
      vertex   -1.100000e+01 -2.650000e+01 2.697266e+02
    endloop
  endfacet
  facet normal 0.000000e+00 0.000000e+00 1.000000e+00
    outer loop
      vertex   -1.100000e+01 -2.650000e+01 2.697266e+02
      vertex   -1.048630e+00 -2.156179e+01 2.697266e+02
      vertex   -1.287263e+00 -2.125080e+01 2.697266e+02
    endloop
  endfacet
  facet normal 0.000000e+00 0.000000e+00 1.000000e+00
    outer loop
      vertex   -1.100000e+01 -2.650000e+01 2.697266e+02
      vertex   -1.287263e+00 -2.125080e+01 2.697266e+02
      vertex   -1.437274e+00 -2.088864e+01 2.697266e+02
    endloop
  endfacet
  facet normal -3.511096e-15 5.983518e-15 1.000000e+00
    outer loop
      vertex   -1.100000e+01 -2.650000e+01 2.697266e+02
      vertex   -1.437274e+00 -2.088864e+01 2.697266e+02
      vertex   -1.100000e+01 -1.700000e+01 2.697266e+02
    endloop
  endfacet
  facet normal -6.280502e-15 -8.268437e-16 1.000000e+00
    outer loop
      vertex   -1.100000e+01 -1.700000e+01 2.697266e+02
      vertex   -1.437274e+00 -2.088864e+01 2.697266e+02
      vertex   -1.488440e+00 -2.050000e+01 2.697266e+02
    endloop
  endfacet
  facet normal -5.700106e-15 7.504332e-16 1.000000e+00
    outer loop
      vertex   -1.100000e+01 -1.700000e+01 2.697266e+02
      vertex   -1.488440e+00 -2.050000e+01 2.697266e+02
      vertex   -1.437274e+00 -2.011136e+01 2.697266e+02
    endloop
  endfacet
  facet normal -5.238304e-15 2.169777e-15 1.000000e+00
    outer loop
      vertex   -1.437274e+00 -2.011136e+01 2.697266e+02
      vertex   -1.287263e+00 -1.974920e+01 2.697266e+02
      vertex   -1.100000e+01 -1.700000e+01 2.697266e+02
    endloop
  endfacet
  facet normal -4.808164e-15 3.689434e-15 1.000000e+00
    outer loop
      vertex   -1.100000e+01 -1.700000e+01 2.697266e+02
      vertex   -1.287263e+00 -1.974920e+01 2.697266e+02
      vertex   -1.048630e+00 -1.943821e+01 2.697266e+02
    endloop
  endfacet
  facet normal -4.329640e-15 5.642497e-15 1.000000e+00
    outer loop
      vertex   -1.100000e+01 -1.700000e+01 2.697266e+02
      vertex   -1.048630e+00 -1.943821e+01 2.697266e+02
      vertex   -7.376381e-01 -1.919957e+01 2.697266e+02
    endloop
  endfacet
  facet normal -3.650220e-15 8.812410e-15 1.000000e+00
    outer loop
      vertex   -7.376381e-01 -1.919957e+01 2.697266e+02
      vertex   -3.754800e-01 -1.904956e+01 2.697266e+02
      vertex   -1.100000e+01 -1.700000e+01 2.697266e+02
    endloop
  endfacet
  facet normal -2.170218e-15 1.648444e-14 1.000000e+00
    outer loop
      vertex   -1.100000e+01 -1.700000e+01 2.697266e+02
      vertex   -3.754800e-01 -1.904956e+01 2.697266e+02
      vertex   1.316349e-02 -1.899840e+01 2.697266e+02
    endloop
  endfacet
  facet normal -0.000000e+00 2.844451e-14 1.000000e+00
    outer loop
      vertex   -1.100000e+01 -1.700000e+01 2.697266e+02
      vertex   1.316349e-02 -1.899840e+01 2.697266e+02
      vertex   1.100000e+01 -1.700000e+01 2.697266e+02
    endloop
  endfacet
  facet normal 2.172401e-15 1.650103e-14 1.000000e+00
    outer loop
      vertex   1.100000e+01 -1.700000e+01 2.697266e+02
      vertex   1.316349e-02 -1.899840e+01 2.697266e+02
      vertex   4.018070e-01 -1.904956e+01 2.697266e+02
    endloop
  endfacet
  facet normal 3.656401e-15 8.827333e-15 1.000000e+00
    outer loop
      vertex   1.100000e+01 -1.700000e+01 2.697266e+02
      vertex   4.018070e-01 -1.904956e+01 2.697266e+02
      vertex   7.639651e-01 -1.919957e+01 2.697266e+02
    endloop
  endfacet
  facet normal 4.338340e-15 5.653834e-15 1.000000e+00
    outer loop
      vertex   7.639651e-01 -1.919957e+01 2.697266e+02
      vertex   1.074957e+00 -1.943821e+01 2.697266e+02
      vertex   1.100000e+01 -1.700000e+01 2.697266e+02
    endloop
  endfacet
  facet normal 4.818895e-15 3.697668e-15 1.000000e+00
    outer loop
      vertex   1.100000e+01 -1.700000e+01 2.697266e+02
      vertex   1.074957e+00 -1.943821e+01 2.697266e+02
      vertex   1.313590e+00 -1.974920e+01 2.697266e+02
    endloop
  endfacet
  facet normal 5.251044e-15 2.175054e-15 1.000000e+00
    outer loop
      vertex   1.100000e+01 -1.700000e+01 2.697266e+02
      vertex   1.313590e+00 -1.974920e+01 2.697266e+02
      vertex   1.463601e+00 -2.011136e+01 2.697266e+02
    endloop
  endfacet
  facet normal -5.983518e-15 5.983518e-15 1.000000e+00
    outer loop
      vertex   1.100000e+01 -2.650000e+01 2.639766e+02
      vertex   2.050000e+01 -2.650000e+01 2.639766e+02
      vertex   1.100000e+01 -1.700000e+01 2.639766e+02
    endloop
  endfacet
  facet normal -5.983518e-15 5.983518e-15 1.000000e+00
    outer loop
      vertex   1.100000e+01 -1.700000e+01 2.639766e+02
      vertex   2.050000e+01 -2.650000e+01 2.639766e+02
      vertex   3.000000e+01 -1.700000e+01 2.639766e+02
    endloop
  endfacet
  facet normal -2.012156e-15 2.012156e-15 1.000000e+00
    outer loop
      vertex   3.000000e+01 -1.700000e+01 2.639766e+02
      vertex   2.050000e+01 -2.650000e+01 2.639766e+02
      vertex   3.000000e+01 -7.350000e+01 2.639766e+02
    endloop
  endfacet
  facet normal 0.000000e+00 2.418869e-15 1.000000e+00
    outer loop
      vertex   3.000000e+01 -7.350000e+01 2.639766e+02
      vertex   2.050000e+01 -2.650000e+01 2.639766e+02
      vertex   2.050000e+01 -7.350000e+01 2.639766e+02
    endloop
  endfacet
  facet normal 5.983518e-15 5.983518e-15 1.000000e+00
    outer loop
      vertex   -1.100000e+01 -2.650000e+01 2.639766e+02
      vertex   -1.100000e+01 -1.700000e+01 2.639766e+02
      vertex   -2.050000e+01 -2.650000e+01 2.639766e+02
    endloop
  endfacet
  facet normal 5.983518e-15 5.983518e-15 1.000000e+00
    outer loop
      vertex   -2.050000e+01 -2.650000e+01 2.639766e+02
      vertex   -1.100000e+01 -1.700000e+01 2.639766e+02
      vertex   -3.000000e+01 -1.700000e+01 2.639766e+02
    endloop
  endfacet
  facet normal 2.012156e-15 2.012156e-15 1.000000e+00
    outer loop
      vertex   -2.050000e+01 -2.650000e+01 2.639766e+02
      vertex   -3.000000e+01 -1.700000e+01 2.639766e+02
      vertex   -3.000000e+01 -7.350000e+01 2.639766e+02
    endloop
  endfacet
  facet normal -0.000000e+00 2.418869e-15 1.000000e+00
    outer loop
      vertex   -3.000000e+01 -7.350000e+01 2.639766e+02
      vertex   -2.050000e+01 -7.350000e+01 2.639766e+02
      vertex   -2.050000e+01 -2.650000e+01 2.639766e+02
    endloop
  endfacet
  facet normal 1.000000e+00 -3.619148e-15 -7.194958e-15
    outer loop
      vertex   2.400000e+01 -3.795265e+01 2.585327e+02
      vertex   2.400000e+01 -3.555274e+01 2.583131e+02
      vertex   2.400000e+01 -3.790000e+01 2.590000e+02
    endloop
  endfacet
  facet normal 1.000000e+00 -1.480297e-15 1.136491e-16
    outer loop
      vertex   2.400000e+01 -3.790000e+01 2.590000e+02
      vertex   2.400000e+01 -3.555274e+01 2.583131e+02
      vertex   2.400000e+01 -3.550000e+01 2.590000e+02
    endloop
  endfacet
  facet normal 1.000000e+00 -1.480297e-15 -1.136491e-16
    outer loop
      vertex   2.400000e+01 -3.790000e+01 2.590000e+02
      vertex   2.400000e+01 -3.550000e+01 2.590000e+02
      vertex   2.400000e+01 -3.555274e+01 2.596869e+02
    endloop
  endfacet
  facet normal 1.000000e+00 -2.898627e-15 6.783048e-16
    outer loop
      vertex   2.400000e+01 -3.555274e+01 2.583131e+02
      vertex   2.400000e+01 -3.795265e+01 2.585327e+02
      vertex   2.400000e+01 -3.570972e+01 2.576423e+02
    endloop
  endfacet
  facet normal 1.000000e+00 -2.781515e-15 9.732943e-16
    outer loop
      vertex   2.400000e+01 -3.570972e+01 2.576423e+02
      vertex   2.400000e+01 -3.795265e+01 2.585327e+02
      vertex   2.400000e+01 -3.810797e+01 2.580888e+02
    endloop
  endfacet
  facet normal 1.000000e+00 -3.718962e-15 -4.060956e-15
    outer loop
      vertex   2.400000e+01 -3.570972e+01 2.576423e+02
      vertex   2.400000e+01 -3.810797e+01 2.580888e+02
      vertex   2.400000e+01 -3.596726e+01 2.570033e+02
    endloop
  endfacet
  facet normal 1.000000e+00 -1.275159e-15 7.580886e-16
    outer loop
      vertex   2.400000e+01 -3.596726e+01 2.570033e+02
      vertex   2.400000e+01 -3.810797e+01 2.580888e+02
      vertex   2.400000e+01 -3.631932e+01 2.564111e+02
    endloop
  endfacet
  facet normal 1.000000e+00 -1.249695e-15 7.852352e-16
    outer loop
      vertex   2.400000e+01 -3.631932e+01 2.564111e+02
      vertex   2.400000e+01 -3.810797e+01 2.580888e+02
      vertex   2.400000e+01 -3.835815e+01 2.576907e+02
    endloop
  endfacet
  facet normal 1.000000e+00 -1.148215e-15 9.469260e-16
    outer loop
      vertex   2.400000e+01 -3.631932e+01 2.564111e+02
      vertex   2.400000e+01 -3.835815e+01 2.576907e+02
      vertex   2.400000e+01 -3.675765e+01 2.558796e+02
    endloop
  endfacet
  facet normal 1.000000e+00 -1.041357e-15 1.041357e-15
    outer loop
      vertex   2.400000e+01 -3.675765e+01 2.558796e+02
      vertex   2.400000e+01 -3.835815e+01 2.576907e+02
      vertex   2.400000e+01 -3.869067e+01 2.573582e+02
    endloop
  endfacet
  facet normal 1.000000e+00 -4.179390e-15 -3.061088e-15
    outer loop
      vertex   2.400000e+01 -3.675765e+01 2.558796e+02
      vertex   2.400000e+01 -3.869067e+01 2.573582e+02
      vertex   2.400000e+01 -3.727199e+01 2.554212e+02
    endloop
  endfacet
  facet normal 1.000000e+00 0.000000e+00 0.000000e+00
    outer loop
      vertex   2.400000e+01 -3.727199e+01 2.554212e+02
      vertex   2.400000e+01 -3.869067e+01 2.573582e+02
      vertex   2.400000e+01 -3.785026e+01 2.550467e+02
    endloop
  endfacet
  facet normal 1.000000e+00 -1.452644e-14 -5.281590e-15
    outer loop
      vertex   2.400000e+01 -3.785026e+01 2.550467e+02
      vertex   2.400000e+01 -3.869067e+01 2.573582e+02
      vertex   2.400000e+01 -3.908884e+01 2.571080e+02
    endloop
  endfacet
  facet normal 1.000000e+00 -1.217385e-15 2.715604e-15
    outer loop
      vertex   2.400000e+01 -3.785026e+01 2.550467e+02
      vertex   2.400000e+01 -3.908884e+01 2.571080e+02
      vertex   2.400000e+01 -3.847892e+01 2.547649e+02
    endloop
  endfacet
  facet normal 1.000000e+00 -9.725332e-16 2.779340e-15
    outer loop
      vertex   2.400000e+01 -3.847892e+01 2.547649e+02
      vertex   2.400000e+01 -3.908884e+01 2.571080e+02
      vertex   2.400000e+01 -3.953271e+01 2.569527e+02
    endloop
  endfacet
  facet normal 1.000000e+00 -1.023377e-14 -1.681492e-15
    outer loop
      vertex   2.400000e+01 -3.847892e+01 2.547649e+02
      vertex   2.400000e+01 -3.953271e+01 2.569527e+02
      vertex   2.400000e+01 -3.914324e+01 2.545823e+02
    endloop
  endfacet
  facet normal 1.000000e+00 0.000000e+00 0.000000e+00
    outer loop
      vertex   2.400000e+01 -3.914324e+01 2.545823e+02
      vertex   2.400000e+01 -3.953271e+01 2.569527e+02
      vertex   2.400000e+01 -3.982764e+01 2.545033e+02
    endloop
  endfacet
  facet normal 1.000000e+00 0.000000e+00 -0.000000e+00
    outer loop
      vertex   2.400000e+01 -3.982764e+01 2.545033e+02
      vertex   2.400000e+01 -3.953271e+01 2.569527e+02
      vertex   2.400000e+01 -4.000000e+01 2.569000e+02
    endloop
  endfacet
  facet normal 1.000000e+00 0.000000e+00 0.000000e+00
    outer loop
      vertex   2.400000e+01 -3.982764e+01 2.545033e+02
      vertex   2.400000e+01 -4.000000e+01 2.569000e+02
      vertex   2.400000e+01 -4.051608e+01 2.545297e+02
    endloop
  endfacet
  facet normal 1.000000e+00 0.000000e+00 0.000000e+00
    outer loop
      vertex   2.400000e+01 -4.051608e+01 2.545297e+02
      vertex   2.400000e+01 -4.000000e+01 2.569000e+02
      vertex   2.400000e+01 -4.046729e+01 2.569527e+02
    endloop
  endfacet
  facet normal 1.000000e+00 -5.232411e-15 1.053441e-16
    outer loop
      vertex   2.400000e+01 -4.051608e+01 2.545297e+02
      vertex   2.400000e+01 -4.046729e+01 2.569527e+02
      vertex   2.400000e+01 -4.119242e+01 2.546609e+02
    endloop
  endfacet
  facet normal 1.000000e+00 -4.883664e-16 -1.395671e-15
    outer loop
      vertex   2.400000e+01 -4.119242e+01 2.546609e+02
      vertex   2.400000e+01 -4.046729e+01 2.569527e+02
      vertex   2.400000e+01 -4.091116e+01 2.571080e+02
    endloop
  endfacet
  facet normal 1.000000e+00 -5.007535e-16 -1.394247e-15
    outer loop
      vertex   2.400000e+01 -4.119242e+01 2.546609e+02
      vertex   2.400000e+01 -4.091116e+01 2.571080e+02
      vertex   2.400000e+01 -4.184081e+01 2.548937e+02
    endloop
  endfacet
  facet normal 1.000000e+00 -7.103214e-16 -1.306260e-15
    outer loop
      vertex   2.400000e+01 -4.184081e+01 2.548937e+02
      vertex   2.400000e+01 -4.091116e+01 2.571080e+02
      vertex   2.400000e+01 -4.244605e+01 2.552229e+02
    endloop
  endfacet
  facet normal 1.000000e+00 1.102196e-14 -1.085894e-14
    outer loop
      vertex   2.400000e+01 -4.244605e+01 2.552229e+02
      vertex   2.400000e+01 -4.091116e+01 2.571080e+02
      vertex   2.400000e+01 -4.130933e+01 2.573582e+02
    endloop
  endfacet
  facet normal 1.000000e+00 -7.318920e-15 -1.095181e-15
    outer loop
      vertex   2.400000e+01 -4.244605e+01 2.552229e+02
      vertex   2.400000e+01 -4.130933e+01 2.573582e+02
      vertex   2.400000e+01 -4.299397e+01 2.556405e+02
    endloop
  endfacet
  facet normal 1.000000e+00 -4.176862e-15 -4.176862e-15
    outer loop
      vertex   2.400000e+01 -4.299397e+01 2.556405e+02
      vertex   2.400000e+01 -4.130933e+01 2.573582e+02
      vertex   2.400000e+01 -4.164185e+01 2.576907e+02
    endloop
  endfacet
  facet normal 1.000000e+00 -4.273682e-15 -4.113007e-15
    outer loop
      vertex   2.400000e+01 -4.299397e+01 2.556405e+02
      vertex   2.400000e+01 -4.164185e+01 2.576907e+02
      vertex   2.400000e+01 -4.347170e+01 2.561369e+02
    endloop
  endfacet
  facet normal 1.000000e+00 -4.862157e-15 -3.419965e-15
    outer loop
      vertex   2.400000e+01 -4.347170e+01 2.561369e+02
      vertex   2.400000e+01 -4.164185e+01 2.576907e+02
      vertex   2.400000e+01 -4.386806e+01 2.567004e+02
    endloop
  endfacet
  facet normal 1.000000e+00 -4.989003e-15 -3.134798e-15
    outer loop
      vertex   2.400000e+01 -4.386806e+01 2.567004e+02
      vertex   2.400000e+01 -4.164185e+01 2.576907e+02
      vertex   2.400000e+01 -4.189204e+01 2.580888e+02
    endloop
  endfacet
  facet normal 1.000000e+00 -2.335850e-15 -6.910800e-15
    outer loop
      vertex   2.400000e+01 -4.386806e+01 2.567004e+02
      vertex   2.400000e+01 -4.189204e+01 2.580888e+02
      vertex   2.400000e+01 -4.417376e+01 2.573178e+02
    endloop
  endfacet
  facet normal 1.000000e+00 -4.177176e-15 -1.461657e-15
    outer loop
      vertex   2.400000e+01 -4.417376e+01 2.573178e+02
      vertex   2.400000e+01 -4.189204e+01 2.580888e+02
      vertex   2.400000e+01 -4.204735e+01 2.585327e+02
    endloop
  endfacet
  facet normal 1.000000e+00 -4.244774e-15 -1.343340e-15
    outer loop
      vertex   2.400000e+01 -4.417376e+01 2.573178e+02
      vertex   2.400000e+01 -4.204735e+01 2.585327e+02
      vertex   2.400000e+01 -4.438163e+01 2.579747e+02
    endloop
  endfacet
  facet normal 1.000000e+00 -4.403324e-15 -6.801351e-16
    outer loop
      vertex   2.400000e+01 -4.438163e+01 2.579747e+02
      vertex   2.400000e+01 -4.204735e+01 2.585327e+02
      vertex   2.400000e+01 -4.448680e+01 2.586555e+02
    endloop
  endfacet
  facet normal 1.000000e+00 -4.394007e-15 -4.950857e-16
    outer loop
      vertex   2.400000e+01 -4.448680e+01 2.586555e+02
      vertex   2.400000e+01 -4.204735e+01 2.585327e+02
      vertex   2.400000e+01 -4.210000e+01 2.590000e+02
    endloop
  endfacet
  facet normal 1.000000e+00 -4.465459e-15 -9.210917e-29
    outer loop
      vertex   2.400000e+01 -4.448680e+01 2.586555e+02
      vertex   2.400000e+01 -4.210000e+01 2.590000e+02
      vertex   2.400000e+01 -4.448680e+01 2.593445e+02
    endloop
  endfacet
  facet normal 1.000000e+00 -4.394007e-15 4.950857e-16
    outer loop
      vertex   2.400000e+01 -4.448680e+01 2.593445e+02
      vertex   2.400000e+01 -4.210000e+01 2.590000e+02
      vertex   2.400000e+01 -4.204735e+01 2.594673e+02
    endloop
  endfacet
  facet normal 1.000000e+00 -4.403324e-15 6.801351e-16
    outer loop
      vertex   2.400000e+01 -4.448680e+01 2.593445e+02
      vertex   2.400000e+01 -4.204735e+01 2.594673e+02
      vertex   2.400000e+01 -4.438163e+01 2.600253e+02
    endloop
  endfacet
  facet normal 1.000000e+00 -4.244774e-15 1.343340e-15
    outer loop
      vertex   2.400000e+01 -4.438163e+01 2.600253e+02
      vertex   2.400000e+01 -4.204735e+01 2.594673e+02
      vertex   2.400000e+01 -4.417376e+01 2.606822e+02
    endloop
  endfacet
  facet normal 1.000000e+00 -4.177176e-15 1.461657e-15
    outer loop
      vertex   2.400000e+01 -4.417376e+01 2.606822e+02
      vertex   2.400000e+01 -4.204735e+01 2.594673e+02
      vertex   2.400000e+01 -4.189204e+01 2.599112e+02
    endloop
  endfacet
  facet normal 1.000000e+00 -5.667310e-15 -2.948183e-15
    outer loop
      vertex   2.400000e+01 -4.417376e+01 2.606822e+02
      vertex   2.400000e+01 -4.189204e+01 2.599112e+02
      vertex   2.400000e+01 -4.386806e+01 2.612996e+02
    endloop
  endfacet
  facet normal 1.000000e+00 -2.494501e-15 1.567399e-15
    outer loop
      vertex   2.400000e+01 -4.386806e+01 2.612996e+02
      vertex   2.400000e+01 -4.189204e+01 2.599112e+02
      vertex   2.400000e+01 -4.164185e+01 2.603093e+02
    endloop
  endfacet
  facet normal 1.000000e+00 -2.431078e-15 1.709982e-15
    outer loop
      vertex   2.400000e+01 -4.386806e+01 2.612996e+02
      vertex   2.400000e+01 -4.164185e+01 2.603093e+02
      vertex   2.400000e+01 -4.347170e+01 2.618631e+02
    endloop
  endfacet
  facet normal 1.000000e+00 -2.136841e-15 2.056503e-15
    outer loop
      vertex   2.400000e+01 -4.347170e+01 2.618631e+02
      vertex   2.400000e+01 -4.164185e+01 2.603093e+02
      vertex   2.400000e+01 -4.299397e+01 2.623595e+02
    endloop
  endfacet
  facet normal 1.000000e+00 -2.088431e-15 2.088431e-15
    outer loop
      vertex   2.400000e+01 -4.299397e+01 2.623595e+02
      vertex   2.400000e+01 -4.164185e+01 2.603093e+02
      vertex   2.400000e+01 -4.130933e+01 2.606418e+02
    endloop
  endfacet
  facet normal 1.000000e+00 -9.224831e-15 -4.910836e-15
    outer loop
      vertex   2.400000e+01 -4.299397e+01 2.623595e+02
      vertex   2.400000e+01 -4.130933e+01 2.606418e+02
      vertex   2.400000e+01 -4.244605e+01 2.627771e+02
    endloop
  endfacet
  facet normal 1.000000e+00 -6.686070e-15 -3.559327e-15
    outer loop
      vertex   2.400000e+01 -4.244605e+01 2.627771e+02
      vertex   2.400000e+01 -4.130933e+01 2.606418e+02
      vertex   2.400000e+01 -4.091116e+01 2.608920e+02
    endloop
  endfacet
  facet normal 1.000000e+00 -7.103214e-16 1.306260e-15
    outer loop
      vertex   2.400000e+01 -4.244605e+01 2.627771e+02
      vertex   2.400000e+01 -4.091116e+01 2.608920e+02
      vertex   2.400000e+01 -4.184081e+01 2.631063e+02
    endloop
  endfacet
  facet normal 1.000000e+00 -5.007535e-16 1.394247e-15
    outer loop
      vertex   2.400000e+01 -4.184081e+01 2.631063e+02
      vertex   2.400000e+01 -4.091116e+01 2.608920e+02
      vertex   2.400000e+01 -4.119242e+01 2.633391e+02
    endloop
  endfacet
  facet normal 1.000000e+00 -4.883664e-16 1.395671e-15
    outer loop
      vertex   2.400000e+01 -4.119242e+01 2.633391e+02
      vertex   2.400000e+01 -4.091116e+01 2.608920e+02
      vertex   2.400000e+01 -4.046729e+01 2.610474e+02
    endloop
  endfacet
  facet normal 1.000000e+00 -5.232411e-15 -1.053441e-16
    outer loop
      vertex   2.400000e+01 -4.119242e+01 2.633391e+02
      vertex   2.400000e+01 -4.046729e+01 2.610474e+02
      vertex   2.400000e+01 -4.051608e+01 2.634703e+02
    endloop
  endfacet
  facet normal 1.000000e+00 0.000000e+00 0.000000e+00
    outer loop
      vertex   2.400000e+01 -4.051608e+01 2.634703e+02
      vertex   2.400000e+01 -4.046729e+01 2.610474e+02
      vertex   2.400000e+01 -4.000000e+01 2.611000e+02
    endloop
  endfacet
  facet normal 1.000000e+00 -0.000000e+00 0.000000e+00
    outer loop
      vertex   2.400000e+01 -4.051608e+01 2.634703e+02
      vertex   2.400000e+01 -4.000000e+01 2.611000e+02
      vertex   2.400000e+01 -3.982764e+01 2.634967e+02
    endloop
  endfacet
  facet normal 1.000000e+00 0.000000e+00 0.000000e+00
    outer loop
      vertex   2.400000e+01 -3.982764e+01 2.634967e+02
      vertex   2.400000e+01 -4.000000e+01 2.611000e+02
      vertex   2.400000e+01 -3.953271e+01 2.610474e+02
    endloop
  endfacet
  facet normal 1.000000e+00 0.000000e+00 0.000000e+00
    outer loop
      vertex   2.400000e+01 -3.982764e+01 2.634967e+02
      vertex   2.400000e+01 -3.953271e+01 2.610474e+02
      vertex   2.400000e+01 -3.914324e+01 2.634177e+02
    endloop
  endfacet
  facet normal 1.000000e+00 -5.116887e-15 8.407462e-16
    outer loop
      vertex   2.400000e+01 -3.914324e+01 2.634177e+02
      vertex   2.400000e+01 -3.953271e+01 2.610474e+02
      vertex   2.400000e+01 -3.847892e+01 2.632351e+02
    endloop
  endfacet
  facet normal 1.000000e+00 -4.862666e-16 -1.389670e-15
    outer loop
      vertex   2.400000e+01 -3.847892e+01 2.632351e+02
      vertex   2.400000e+01 -3.953271e+01 2.610474e+02
      vertex   2.400000e+01 -3.908884e+01 2.608920e+02
    endloop
  endfacet
  facet normal 1.000000e+00 -6.086926e-16 -1.357802e-15
    outer loop
      vertex   2.400000e+01 -3.847892e+01 2.632351e+02
      vertex   2.400000e+01 -3.908884e+01 2.608920e+02
      vertex   2.400000e+01 -3.785026e+01 2.629533e+02
    endloop
  endfacet
  facet normal 1.000000e+00 5.690904e-15 -5.143125e-15
    outer loop
      vertex   2.400000e+01 -3.785026e+01 2.629533e+02
      vertex   2.400000e+01 -3.908884e+01 2.608920e+02
      vertex   2.400000e+01 -3.869067e+01 2.606418e+02
    endloop
  endfacet
  facet normal 1.000000e+00 -1.611312e-15 -2.488153e-15
    outer loop
      vertex   2.400000e+01 -3.785026e+01 2.629533e+02
      vertex   2.400000e+01 -3.869067e+01 2.606418e+02
      vertex   2.400000e+01 -3.727199e+01 2.625788e+02
    endloop
  endfacet
  facet normal 1.000000e+00 -6.157441e-15 8.415436e-16
    outer loop
      vertex   2.400000e+01 -3.727199e+01 2.625788e+02
      vertex   2.400000e+01 -3.869067e+01 2.606418e+02
      vertex   2.400000e+01 -3.675765e+01 2.621205e+02
    endloop
  endfacet
  facet normal 1.000000e+00 -3.124072e-15 -3.124072e-15
    outer loop
      vertex   2.400000e+01 -3.675765e+01 2.621205e+02
      vertex   2.400000e+01 -3.869067e+01 2.606418e+02
      vertex   2.400000e+01 -3.835815e+01 2.603093e+02
    endloop
  endfacet
  facet normal 1.000000e+00 -3.444645e-15 -2.840778e-15
    outer loop
      vertex   2.400000e+01 -3.675765e+01 2.621205e+02
      vertex   2.400000e+01 -3.835815e+01 2.603093e+02
      vertex   2.400000e+01 -3.631932e+01 2.615889e+02
    endloop
  endfacet
  facet normal 1.000000e+00 -3.749084e-15 -2.355706e-15
    outer loop
      vertex   2.400000e+01 -3.631932e+01 2.615889e+02
      vertex   2.400000e+01 -3.835815e+01 2.603093e+02
      vertex   2.400000e+01 -3.810797e+01 2.599112e+02
    endloop
  endfacet
  facet normal 1.000000e+00 -3.825476e-15 -2.274266e-15
    outer loop
      vertex   2.400000e+01 -3.631932e+01 2.615889e+02
      vertex   2.400000e+01 -3.810797e+01 2.599112e+02
      vertex   2.400000e+01 -3.596726e+01 2.609967e+02
    endloop
  endfacet
  facet normal 1.000000e+00 -1.792882e-15 -6.282428e-15
    outer loop
      vertex   2.400000e+01 -3.596726e+01 2.609967e+02
      vertex   2.400000e+01 -3.810797e+01 2.599112e+02
      vertex   2.400000e+01 -3.570972e+01 2.603577e+02
    endloop
  endfacet
  facet normal 1.000000e+00 -2.781515e-15 -9.732943e-16
    outer loop
      vertex   2.400000e+01 -3.570972e+01 2.603577e+02
      vertex   2.400000e+01 -3.810797e+01 2.599112e+02
      vertex   2.400000e+01 -3.795265e+01 2.594673e+02
    endloop
  endfacet
  facet normal 1.000000e+00 -2.898627e-15 -6.783048e-16
    outer loop
      vertex   2.400000e+01 -3.570972e+01 2.603577e+02
      vertex   2.400000e+01 -3.795265e+01 2.594673e+02
      vertex   2.400000e+01 -3.555274e+01 2.596869e+02
    endloop
  endfacet
  facet normal 1.000000e+00 -3.619148e-15 7.194958e-15
    outer loop
      vertex   2.400000e+01 -3.555274e+01 2.596869e+02
      vertex   2.400000e+01 -3.795265e+01 2.594673e+02
      vertex   2.400000e+01 -3.790000e+01 2.590000e+02
    endloop
  endfacet
  facet normal -3.542289e-15 -9.970658e-01 7.654925e-02
    outer loop
      vertex   2.400000e+01 -3.555274e+01 2.583131e+02
      vertex   3.000000e+01 -3.555274e+01 2.583131e+02
      vertex   2.400000e+01 -3.550000e+01 2.590000e+02
    endloop
  endfacet
  facet normal -2.361526e-15 -9.970658e-01 7.654925e-02
    outer loop
      vertex   2.400000e+01 -3.550000e+01 2.590000e+02
      vertex   3.000000e+01 -3.555274e+01 2.583131e+02
      vertex   3.000000e+01 -3.550000e+01 2.590000e+02
    endloop
  endfacet
  facet normal -2.361526e-15 -9.970658e-01 -7.654925e-02
    outer loop
      vertex   2.400000e+01 -3.550000e+01 2.590000e+02
      vertex   3.000000e+01 -3.550000e+01 2.590000e+02
      vertex   2.400000e+01 -3.555274e+01 2.596869e+02
    endloop
  endfacet
  facet normal -2.361526e-15 -9.970658e-01 -7.654925e-02
    outer loop
      vertex   2.400000e+01 -3.555274e+01 2.596869e+02
      vertex   3.000000e+01 -3.550000e+01 2.590000e+02
      vertex   3.000000e+01 -3.555274e+01 2.596869e+02
    endloop
  endfacet
  facet normal -2.306174e-15 -9.736954e-01 -2.278535e-01
    outer loop
      vertex   2.400000e+01 -3.555274e+01 2.596869e+02
      vertex   3.000000e+01 -3.555274e+01 2.596869e+02
      vertex   2.400000e+01 -3.570972e+01 2.603577e+02
    endloop
  endfacet
  facet normal -3.459261e-15 -9.736954e-01 -2.278535e-01
    outer loop
      vertex   2.400000e+01 -3.570972e+01 2.603577e+02
      vertex   3.000000e+01 -3.555274e+01 2.596869e+02
      vertex   3.000000e+01 -3.570972e+01 2.603577e+02
    endloop
  endfacet
  facet normal -3.295150e-15 -9.275025e-01 -3.738171e-01
    outer loop
      vertex   2.400000e+01 -3.570972e+01 2.603577e+02
      vertex   3.000000e+01 -3.570972e+01 2.603577e+02
      vertex   2.400000e+01 -3.596726e+01 2.609967e+02
    endloop
  endfacet
  facet normal -6.836657e-15 -9.275025e-01 -3.738171e-01
    outer loop
      vertex   2.400000e+01 -3.596726e+01 2.609967e+02
      vertex   3.000000e+01 -3.570972e+01 2.603577e+02
      vertex   3.000000e+01 -3.596726e+01 2.609967e+02
    endloop
  endfacet
  facet normal -7.895145e-15 -8.595696e-01 -5.110187e-01
    outer loop
      vertex   2.400000e+01 -3.596726e+01 2.609967e+02
      vertex   3.000000e+01 -3.596726e+01 2.609967e+02
      vertex   2.400000e+01 -3.631932e+01 2.615889e+02
    endloop
  endfacet
  facet normal -2.035870e-15 -8.595696e-01 -5.110187e-01
    outer loop
      vertex   2.400000e+01 -3.631932e+01 2.615889e+02
      vertex   3.000000e+01 -3.596726e+01 2.609967e+02
      vertex   3.000000e+01 -3.631932e+01 2.615889e+02
    endloop
  endfacet
  facet normal -1.827253e-15 -7.714892e-01 -6.362424e-01
    outer loop
      vertex   2.400000e+01 -3.631932e+01 2.615889e+02
      vertex   3.000000e+01 -3.631932e+01 2.615889e+02
      vertex   2.400000e+01 -3.675765e+01 2.621205e+02
    endloop
  endfacet
  facet normal -1.827253e-15 -7.714892e-01 -6.362424e-01
    outer loop
      vertex   2.400000e+01 -3.675765e+01 2.621205e+02
      vertex   3.000000e+01 -3.631932e+01 2.615889e+02
      vertex   3.000000e+01 -3.675765e+01 2.621205e+02
    endloop
  endfacet
  facet normal -1.575808e-15 -6.653257e-01 -7.465532e-01
    outer loop
      vertex   2.400000e+01 -3.675765e+01 2.621205e+02
      vertex   3.000000e+01 -3.675765e+01 2.621205e+02
      vertex   2.400000e+01 -3.727199e+01 2.625788e+02
    endloop
  endfacet
  facet normal -2.363711e-15 -6.653257e-01 -7.465532e-01
    outer loop
      vertex   2.400000e+01 -3.727199e+01 2.625788e+02
      vertex   3.000000e+01 -3.675765e+01 2.621205e+02
      vertex   3.000000e+01 -3.727199e+01 2.625788e+02
    endloop
  endfacet
  facet normal -1.931140e-15 -5.435676e-01 -8.393654e-01
    outer loop
      vertex   2.400000e+01 -3.727199e+01 2.625788e+02
      vertex   3.000000e+01 -3.727199e+01 2.625788e+02
      vertex   2.400000e+01 -3.785026e+01 2.629533e+02
    endloop
  endfacet
  facet normal -1.287426e-15 -5.435676e-01 -8.393654e-01
    outer loop
      vertex   2.400000e+01 -3.785026e+01 2.629533e+02
      vertex   3.000000e+01 -3.727199e+01 2.625788e+02
      vertex   3.000000e+01 -3.785026e+01 2.629533e+02
    endloop
  endfacet
  facet normal -9.688691e-16 -4.090686e-01 -9.125036e-01
    outer loop
      vertex   2.400000e+01 -3.785026e+01 2.629533e+02
      vertex   3.000000e+01 -3.785026e+01 2.629533e+02
      vertex   2.400000e+01 -3.847892e+01 2.632351e+02
    endloop
  endfacet
  facet normal -9.688691e-16 -4.090686e-01 -9.125036e-01
    outer loop
      vertex   2.400000e+01 -3.847892e+01 2.632351e+02
      vertex   3.000000e+01 -3.785026e+01 2.629533e+02
      vertex   3.000000e+01 -3.847892e+01 2.632351e+02
    endloop
  endfacet
  facet normal -6.276022e-16 -2.649815e-01 -9.642535e-01
    outer loop
      vertex   2.400000e+01 -3.847892e+01 2.632351e+02
      vertex   3.000000e+01 -3.847892e+01 2.632351e+02
      vertex   2.400000e+01 -3.914324e+01 2.634177e+02
    endloop
  endfacet
  facet normal -6.276022e-16 -2.649815e-01 -9.642535e-01
    outer loop
      vertex   2.400000e+01 -3.914324e+01 2.634177e+02
      vertex   3.000000e+01 -3.847892e+01 2.632351e+02
      vertex   3.000000e+01 -3.914324e+01 2.634177e+02
    endloop
  endfacet
  facet normal -2.716249e-16 -1.146834e-01 -9.934021e-01
    outer loop
      vertex   2.400000e+01 -3.914324e+01 2.634177e+02
      vertex   3.000000e+01 -3.914324e+01 2.634177e+02
      vertex   2.400000e+01 -3.982764e+01 2.634967e+02
    endloop
  endfacet
  facet normal -2.716249e-16 -1.146834e-01 -9.934021e-01
    outer loop
      vertex   2.400000e+01 -3.982764e+01 2.634967e+02
      vertex   3.000000e+01 -3.914324e+01 2.634177e+02
      vertex   3.000000e+01 -3.982764e+01 2.634967e+02
    endloop
  endfacet
  facet normal 9.071909e-17 3.830273e-02 -9.992662e-01
    outer loop
      vertex   2.400000e+01 -3.982764e+01 2.634967e+02
      vertex   3.000000e+01 -3.982764e+01 2.634967e+02
      vertex   2.400000e+01 -4.051608e+01 2.634703e+02
    endloop
  endfacet
  facet normal 9.071909e-17 3.830273e-02 -9.992662e-01
    outer loop
      vertex   2.400000e+01 -4.051608e+01 2.634703e+02
      vertex   3.000000e+01 -3.982764e+01 2.634967e+02
      vertex   3.000000e+01 -4.051608e+01 2.634703e+02
    endloop
  endfacet
  facet normal 4.509367e-16 1.903911e-01 -9.817083e-01
    outer loop
      vertex   2.400000e+01 -4.051608e+01 2.634703e+02
      vertex   3.000000e+01 -4.051608e+01 2.634703e+02
      vertex   2.400000e+01 -4.119242e+01 2.633391e+02
    endloop
  endfacet
  facet normal 9.751545e-15 1.903911e-01 -9.817083e-01
    outer loop
      vertex   2.400000e+01 -4.119242e+01 2.633391e+02
      vertex   3.000000e+01 -4.051608e+01 2.634703e+02
      vertex   3.000000e+01 -4.119242e+01 2.633391e+02
    endloop
  endfacet
  facet normal 9.716853e-15 3.380169e-01 -9.411400e-01
    outer loop
      vertex   2.400000e+01 -4.119242e+01 2.633391e+02
      vertex   3.000000e+01 -4.119242e+01 2.633391e+02
      vertex   2.400000e+01 -4.184081e+01 2.631063e+02
    endloop
  endfacet
  facet normal 4.002924e-16 3.380169e-01 -9.411400e-01
    outer loop
      vertex   2.400000e+01 -4.184081e+01 2.631063e+02
      vertex   3.000000e+01 -4.119242e+01 2.633391e+02
      vertex   3.000000e+01 -4.184081e+01 2.631063e+02
    endloop
  endfacet
  facet normal 5.657339e-16 4.777198e-01 -8.785123e-01
    outer loop
      vertex   2.400000e+01 -4.184081e+01 2.631063e+02
      vertex   3.000000e+01 -4.184081e+01 2.631063e+02
      vertex   2.400000e+01 -4.244605e+01 2.627771e+02
    endloop
  endfacet
  facet normal 5.657339e-16 4.777198e-01 -8.785123e-01
    outer loop
      vertex   2.400000e+01 -4.244605e+01 2.627771e+02
      vertex   3.000000e+01 -4.184081e+01 2.631063e+02
      vertex   3.000000e+01 -4.244605e+01 2.627771e+02
    endloop
  endfacet
  facet normal 7.179150e-16 6.062254e-01 -7.952929e-01
    outer loop
      vertex   2.400000e+01 -4.244605e+01 2.627771e+02
      vertex   3.000000e+01 -4.244605e+01 2.627771e+02
      vertex   2.400000e+01 -4.299397e+01 2.623595e+02
    endloop
  endfacet
  facet normal 1.435830e-15 6.062254e-01 -7.952929e-01
    outer loop
      vertex   2.400000e+01 -4.299397e+01 2.623595e+02
      vertex   3.000000e+01 -4.244605e+01 2.627771e+02
      vertex   3.000000e+01 -4.299397e+01 2.623595e+02
    endloop
  endfacet
  facet normal 1.706538e-15 7.205216e-01 -6.934325e-01
    outer loop
      vertex   2.400000e+01 -4.299397e+01 2.623595e+02
      vertex   3.000000e+01 -4.299397e+01 2.623595e+02
      vertex   2.400000e+01 -4.347170e+01 2.618631e+02
    endloop
  endfacet
  facet normal 1.706538e-15 7.205216e-01 -6.934325e-01
    outer loop
      vertex   2.400000e+01 -4.347170e+01 2.618631e+02
      vertex   3.000000e+01 -4.299397e+01 2.623595e+02
      vertex   3.000000e+01 -4.347170e+01 2.618631e+02
    endloop
  endfacet
  facet normal 1.937246e-15 8.179294e-01 -5.753187e-01
    outer loop
      vertex   2.400000e+01 -4.347170e+01 2.618631e+02
      vertex   3.000000e+01 -4.347170e+01 2.618631e+02
      vertex   2.400000e+01 -4.386806e+01 2.612996e+02
    endloop
  endfacet
  facet normal 9.686228e-16 8.179294e-01 -5.753187e-01
    outer loop
      vertex   2.400000e+01 -4.386806e+01 2.612996e+02
      vertex   3.000000e+01 -4.347170e+01 2.618631e+02
      vertex   3.000000e+01 -4.386806e+01 2.612996e+02
    endloop
  endfacet
  facet normal 1.061273e-15 8.961656e-01 -4.437198e-01
    outer loop
      vertex   2.400000e+01 -4.386806e+01 2.612996e+02
      vertex   3.000000e+01 -4.386806e+01 2.612996e+02
      vertex   2.400000e+01 -4.417376e+01 2.606822e+02
    endloop
  endfacet
  facet normal 2.122546e-15 8.961656e-01 -4.437198e-01
    outer loop
      vertex   2.400000e+01 -4.417376e+01 2.606822e+02
      vertex   3.000000e+01 -4.386806e+01 2.612996e+02
      vertex   3.000000e+01 -4.417376e+01 2.606822e+02
    endloop
  endfacet
  facet normal 2.258096e-15 9.533964e-01 -3.017206e-01
    outer loop
      vertex   2.400000e+01 -4.417376e+01 2.606822e+02
      vertex   3.000000e+01 -4.417376e+01 2.606822e+02
      vertex   2.400000e+01 -4.438163e+01 2.600253e+02
    endloop
  endfacet
  facet normal 3.387144e-15 9.533964e-01 -3.017206e-01
    outer loop
      vertex   2.400000e+01 -4.438163e+01 2.600253e+02
      vertex   3.000000e+01 -4.417376e+01 2.606822e+02
      vertex   3.000000e+01 -4.438163e+01 2.600253e+02
    endloop
  endfacet
  facet normal 3.511077e-15 9.882804e-01 -1.526493e-01
    outer loop
      vertex   2.400000e+01 -4.438163e+01 2.600253e+02
      vertex   3.000000e+01 -4.438163e+01 2.600253e+02
      vertex   2.400000e+01 -4.448680e+01 2.593445e+02
    endloop
  endfacet
  facet normal 2.340718e-15 9.882804e-01 -1.526493e-01
    outer loop
      vertex   2.400000e+01 -4.448680e+01 2.593445e+02
      vertex   3.000000e+01 -4.438163e+01 2.600253e+02
      vertex   3.000000e+01 -4.448680e+01 2.593445e+02
    endloop
  endfacet
  facet normal 2.368476e-15 1.000000e+00 2.062703e-14
    outer loop
      vertex   2.400000e+01 -4.448680e+01 2.593445e+02
      vertex   3.000000e+01 -4.448680e+01 2.593445e+02
      vertex   2.400000e+01 -4.448680e+01 2.586555e+02
    endloop
  endfacet
  facet normal 3.552713e-15 1.000000e+00 1.031352e-14
    outer loop
      vertex   2.400000e+01 -4.448680e+01 2.586555e+02
      vertex   3.000000e+01 -4.448680e+01 2.593445e+02
      vertex   3.000000e+01 -4.448680e+01 2.586555e+02
    endloop
  endfacet
  facet normal 3.511077e-15 9.882804e-01 1.526493e-01
    outer loop
      vertex   2.400000e+01 -4.448680e+01 2.586555e+02
      vertex   3.000000e+01 -4.448680e+01 2.586555e+02
      vertex   2.400000e+01 -4.438163e+01 2.579747e+02
    endloop
  endfacet
  facet normal 3.511077e-15 9.882804e-01 1.526493e-01
    outer loop
      vertex   2.400000e+01 -4.438163e+01 2.579747e+02
      vertex   3.000000e+01 -4.448680e+01 2.586555e+02
      vertex   3.000000e+01 -4.438163e+01 2.579747e+02
    endloop
  endfacet
  facet normal 3.387144e-15 9.533964e-01 3.017206e-01
    outer loop
      vertex   2.400000e+01 -4.438163e+01 2.579747e+02
      vertex   3.000000e+01 -4.438163e+01 2.579747e+02
      vertex   2.400000e+01 -4.417376e+01 2.573178e+02
    endloop
  endfacet
  facet normal 3.387144e-15 9.533964e-01 3.017206e-01
    outer loop
      vertex   2.400000e+01 -4.417376e+01 2.573178e+02
      vertex   3.000000e+01 -4.438163e+01 2.579747e+02
      vertex   3.000000e+01 -4.417376e+01 2.573178e+02
    endloop
  endfacet
  facet normal 3.183819e-15 8.961656e-01 4.437198e-01
    outer loop
      vertex   2.400000e+01 -4.417376e+01 2.573178e+02
      vertex   3.000000e+01 -4.417376e+01 2.573178e+02
      vertex   2.400000e+01 -4.386806e+01 2.567004e+02
    endloop
  endfacet
  facet normal 3.183819e-15 8.961656e-01 4.437198e-01
    outer loop
      vertex   2.400000e+01 -4.386806e+01 2.567004e+02
      vertex   3.000000e+01 -4.417376e+01 2.573178e+02
      vertex   3.000000e+01 -4.386806e+01 2.567004e+02
    endloop
  endfacet
  facet normal 2.905869e-15 8.179294e-01 5.753187e-01
    outer loop
      vertex   2.400000e+01 -4.386806e+01 2.567004e+02
      vertex   3.000000e+01 -4.386806e+01 2.567004e+02
      vertex   2.400000e+01 -4.347170e+01 2.561369e+02
    endloop
  endfacet
  facet normal 2.905869e-15 8.179294e-01 5.753187e-01
    outer loop
      vertex   2.400000e+01 -4.347170e+01 2.561369e+02
      vertex   3.000000e+01 -4.386806e+01 2.567004e+02
      vertex   3.000000e+01 -4.347170e+01 2.561369e+02
    endloop
  endfacet
  facet normal 2.559807e-15 7.205216e-01 6.934325e-01
    outer loop
      vertex   2.400000e+01 -4.347170e+01 2.561369e+02
      vertex   3.000000e+01 -4.347170e+01 2.561369e+02
      vertex   2.400000e+01 -4.299397e+01 2.556405e+02
    endloop
  endfacet
  facet normal 1.706538e-15 7.205216e-01 6.934325e-01
    outer loop
      vertex   2.400000e+01 -4.299397e+01 2.556405e+02
      vertex   3.000000e+01 -4.347170e+01 2.561369e+02
      vertex   3.000000e+01 -4.299397e+01 2.556405e+02
    endloop
  endfacet
  facet normal 1.435830e-15 6.062254e-01 7.952929e-01
    outer loop
      vertex   2.400000e+01 -4.299397e+01 2.556405e+02
      vertex   3.000000e+01 -4.299397e+01 2.556405e+02
      vertex   2.400000e+01 -4.244605e+01 2.552229e+02
    endloop
  endfacet
  facet normal 2.871660e-15 6.062254e-01 7.952929e-01
    outer loop
      vertex   2.400000e+01 -4.244605e+01 2.552229e+02
      vertex   3.000000e+01 -4.299397e+01 2.556405e+02
      vertex   3.000000e+01 -4.244605e+01 2.552229e+02
    endloop
  endfacet
  facet normal 2.262935e-15 4.777198e-01 8.785123e-01
    outer loop
      vertex   2.400000e+01 -4.244605e+01 2.552229e+02
      vertex   3.000000e+01 -4.244605e+01 2.552229e+02
      vertex   2.400000e+01 -4.184081e+01 2.548937e+02
    endloop
  endfacet
  facet normal 1.697202e-15 4.777198e-01 8.785123e-01
    outer loop
      vertex   2.400000e+01 -4.184081e+01 2.548937e+02
      vertex   3.000000e+01 -4.244605e+01 2.552229e+02
      vertex   3.000000e+01 -4.184081e+01 2.548937e+02
    endloop
  endfacet
  facet normal 1.200877e-15 3.380169e-01 9.411400e-01
    outer loop
      vertex   2.400000e+01 -4.184081e+01 2.548937e+02
      vertex   3.000000e+01 -4.184081e+01 2.548937e+02
      vertex   2.400000e+01 -4.119242e+01 2.546609e+02
    endloop
  endfacet
  facet normal 8.005847e-16 3.380169e-01 9.411400e-01
    outer loop
      vertex   2.400000e+01 -4.119242e+01 2.546609e+02
      vertex   3.000000e+01 -4.184081e+01 2.548937e+02
      vertex   3.000000e+01 -4.119242e+01 2.546609e+02
    endloop
  endfacet
  facet normal 4.509367e-16 1.903911e-01 9.817083e-01
    outer loop
      vertex   2.400000e+01 -4.119242e+01 2.546609e+02
      vertex   3.000000e+01 -4.119242e+01 2.546609e+02
      vertex   2.400000e+01 -4.051608e+01 2.545297e+02
    endloop
  endfacet
  facet normal 6.764050e-16 1.903911e-01 9.817083e-01
    outer loop
      vertex   2.400000e+01 -4.051608e+01 2.545297e+02
      vertex   3.000000e+01 -4.119242e+01 2.546609e+02
      vertex   3.000000e+01 -4.051608e+01 2.545297e+02
    endloop
  endfacet
  facet normal 1.360786e-16 3.830273e-02 9.992662e-01
    outer loop
      vertex   2.400000e+01 -4.051608e+01 2.545297e+02
      vertex   3.000000e+01 -4.051608e+01 2.545297e+02
      vertex   2.400000e+01 -3.982764e+01 2.545033e+02
    endloop
  endfacet
  facet normal 9.071909e-17 3.830273e-02 9.992662e-01
    outer loop
      vertex   2.400000e+01 -3.982764e+01 2.545033e+02
      vertex   3.000000e+01 -4.051608e+01 2.545297e+02
      vertex   3.000000e+01 -3.982764e+01 2.545033e+02
    endloop
  endfacet
  facet normal -2.716249e-16 -1.146834e-01 9.934021e-01
    outer loop
      vertex   2.400000e+01 -3.982764e+01 2.545033e+02
      vertex   3.000000e+01 -3.982764e+01 2.545033e+02
      vertex   2.400000e+01 -3.914324e+01 2.545823e+02
    endloop
  endfacet
  facet normal -4.074373e-16 -1.146834e-01 9.934021e-01
    outer loop
      vertex   2.400000e+01 -3.914324e+01 2.545823e+02
      vertex   3.000000e+01 -3.982764e+01 2.545033e+02
      vertex   3.000000e+01 -3.914324e+01 2.545823e+02
    endloop
  endfacet
  facet normal -9.414033e-16 -2.649815e-01 9.642535e-01
    outer loop
      vertex   2.400000e+01 -3.914324e+01 2.545823e+02
      vertex   3.000000e+01 -3.914324e+01 2.545823e+02
      vertex   2.400000e+01 -3.847892e+01 2.547649e+02
    endloop
  endfacet
  facet normal -1.255204e-15 -2.649815e-01 9.642535e-01
    outer loop
      vertex   2.400000e+01 -3.847892e+01 2.547649e+02
      vertex   3.000000e+01 -3.914324e+01 2.545823e+02
      vertex   3.000000e+01 -3.847892e+01 2.547649e+02
    endloop
  endfacet
  facet normal -1.937738e-15 -4.090686e-01 9.125036e-01
    outer loop
      vertex   2.400000e+01 -3.847892e+01 2.547649e+02
      vertex   3.000000e+01 -3.847892e+01 2.547649e+02
      vertex   2.400000e+01 -3.785026e+01 2.550467e+02
    endloop
  endfacet
  facet normal -1.453304e-15 -4.090686e-01 9.125036e-01
    outer loop
      vertex   2.400000e+01 -3.785026e+01 2.550467e+02
      vertex   3.000000e+01 -3.847892e+01 2.547649e+02
      vertex   3.000000e+01 -3.785026e+01 2.550467e+02
    endloop
  endfacet
  facet normal -1.931140e-15 -5.435676e-01 8.393654e-01
    outer loop
      vertex   2.400000e+01 -3.785026e+01 2.550467e+02
      vertex   3.000000e+01 -3.785026e+01 2.550467e+02
      vertex   2.400000e+01 -3.727199e+01 2.554212e+02
    endloop
  endfacet
  facet normal -1.931140e-15 -5.435676e-01 8.393654e-01
    outer loop
      vertex   2.400000e+01 -3.727199e+01 2.554212e+02
      vertex   3.000000e+01 -3.785026e+01 2.550467e+02
      vertex   3.000000e+01 -3.727199e+01 2.554212e+02
    endloop
  endfacet
  facet normal -2.363711e-15 -6.653257e-01 7.465532e-01
    outer loop
      vertex   2.400000e+01 -3.727199e+01 2.554212e+02
      vertex   3.000000e+01 -3.727199e+01 2.554212e+02
      vertex   2.400000e+01 -3.675765e+01 2.558796e+02
    endloop
  endfacet
  facet normal -1.575808e-15 -6.653257e-01 7.465532e-01
    outer loop
      vertex   2.400000e+01 -3.675765e+01 2.558796e+02
      vertex   3.000000e+01 -3.727199e+01 2.554212e+02
      vertex   3.000000e+01 -3.675765e+01 2.558796e+02
    endloop
  endfacet
  facet normal -1.827253e-15 -7.714892e-01 6.362424e-01
    outer loop
      vertex   2.400000e+01 -3.675765e+01 2.558796e+02
      vertex   3.000000e+01 -3.675765e+01 2.558796e+02
      vertex   2.400000e+01 -3.631932e+01 2.564111e+02
    endloop
  endfacet
  facet normal -1.827253e-15 -7.714892e-01 6.362424e-01
    outer loop
      vertex   2.400000e+01 -3.631932e+01 2.564111e+02
      vertex   3.000000e+01 -3.675765e+01 2.558796e+02
      vertex   3.000000e+01 -3.631932e+01 2.564111e+02
    endloop
  endfacet
  facet normal -2.035870e-15 -8.595696e-01 5.110187e-01
    outer loop
      vertex   2.400000e+01 -3.631932e+01 2.564111e+02
      vertex   3.000000e+01 -3.631932e+01 2.564111e+02
      vertex   2.400000e+01 -3.596726e+01 2.570033e+02
    endloop
  endfacet
  facet normal -3.053804e-15 -8.595696e-01 5.110187e-01
    outer loop
      vertex   2.400000e+01 -3.596726e+01 2.570033e+02
      vertex   3.000000e+01 -3.631932e+01 2.564111e+02
      vertex   3.000000e+01 -3.596726e+01 2.570033e+02
    endloop
  endfacet
  facet normal -3.295150e-15 -9.275025e-01 3.738171e-01
    outer loop
      vertex   2.400000e+01 -3.596726e+01 2.570033e+02
      vertex   3.000000e+01 -3.596726e+01 2.570033e+02
      vertex   2.400000e+01 -3.570972e+01 2.576423e+02
    endloop
  endfacet
  facet normal -2.196767e-15 -9.275025e-01 3.738171e-01
    outer loop
      vertex   2.400000e+01 -3.570972e+01 2.576423e+02
      vertex   3.000000e+01 -3.596726e+01 2.570033e+02
      vertex   3.000000e+01 -3.570972e+01 2.576423e+02
    endloop
  endfacet
  facet normal -2.306174e-15 -9.736954e-01 2.278535e-01
    outer loop
      vertex   2.400000e+01 -3.570972e+01 2.576423e+02
      vertex   3.000000e+01 -3.570972e+01 2.576423e+02
      vertex   2.400000e+01 -3.555274e+01 2.583131e+02
    endloop
  endfacet
  facet normal -3.459261e-15 -9.736954e-01 2.278535e-01
    outer loop
      vertex   2.400000e+01 -3.555274e+01 2.583131e+02
      vertex   3.000000e+01 -3.570972e+01 2.576423e+02
      vertex   3.000000e+01 -3.555274e+01 2.583131e+02
    endloop
  endfacet
  facet normal -3.542289e-15 -9.970658e-01 -7.654925e-02
    outer loop
      vertex   -2.400000e+01 -3.555274e+01 2.596869e+02
      vertex   -3.000000e+01 -3.555274e+01 2.596869e+02
      vertex   -2.400000e+01 -3.550000e+01 2.590000e+02
    endloop
  endfacet
  facet normal -3.542289e-15 -9.970658e-01 -7.654925e-02
    outer loop
      vertex   -2.400000e+01 -3.550000e+01 2.590000e+02
      vertex   -3.000000e+01 -3.555274e+01 2.596869e+02
      vertex   -3.000000e+01 -3.550000e+01 2.590000e+02
    endloop
  endfacet
  facet normal -3.542289e-15 -9.970658e-01 7.654925e-02
    outer loop
      vertex   -2.400000e+01 -3.550000e+01 2.590000e+02
      vertex   -3.000000e+01 -3.550000e+01 2.590000e+02
      vertex   -2.400000e+01 -3.555274e+01 2.583131e+02
    endloop
  endfacet
  facet normal -2.361526e-15 -9.970658e-01 7.654925e-02
    outer loop
      vertex   -2.400000e+01 -3.555274e+01 2.583131e+02
      vertex   -3.000000e+01 -3.550000e+01 2.590000e+02
      vertex   -3.000000e+01 -3.555274e+01 2.583131e+02
    endloop
  endfacet
  facet normal -2.306174e-15 -9.736954e-01 2.278535e-01
    outer loop
      vertex   -2.400000e+01 -3.555274e+01 2.583131e+02
      vertex   -3.000000e+01 -3.555274e+01 2.583131e+02
      vertex   -2.400000e+01 -3.570972e+01 2.576423e+02
    endloop
  endfacet
  facet normal -3.459261e-15 -9.736954e-01 2.278535e-01
    outer loop
      vertex   -2.400000e+01 -3.570972e+01 2.576423e+02
      vertex   -3.000000e+01 -3.555274e+01 2.583131e+02
      vertex   -3.000000e+01 -3.570972e+01 2.576423e+02
    endloop
  endfacet
  facet normal -3.295151e-15 -9.275025e-01 3.738171e-01
    outer loop
      vertex   -2.400000e+01 -3.570972e+01 2.576423e+02
      vertex   -3.000000e+01 -3.570972e+01 2.576423e+02
      vertex   -2.400000e+01 -3.596726e+01 2.570033e+02
    endloop
  endfacet
  facet normal -2.196767e-15 -9.275025e-01 3.738171e-01
    outer loop
      vertex   -2.400000e+01 -3.596726e+01 2.570033e+02
      vertex   -3.000000e+01 -3.570972e+01 2.576423e+02
      vertex   -3.000000e+01 -3.596726e+01 2.570033e+02
    endloop
  endfacet
  facet normal -2.035870e-15 -8.595696e-01 5.110187e-01
    outer loop
      vertex   -2.400000e+01 -3.596726e+01 2.570033e+02
      vertex   -3.000000e+01 -3.596726e+01 2.570033e+02
      vertex   -2.400000e+01 -3.631932e+01 2.564111e+02
    endloop
  endfacet
  facet normal -3.053805e-15 -8.595696e-01 5.110187e-01
    outer loop
      vertex   -2.400000e+01 -3.631932e+01 2.564111e+02
      vertex   -3.000000e+01 -3.596726e+01 2.570033e+02
      vertex   -3.000000e+01 -3.631932e+01 2.564111e+02
    endloop
  endfacet
  facet normal -2.740880e-15 -7.714892e-01 6.362424e-01
    outer loop
      vertex   -2.400000e+01 -3.631932e+01 2.564111e+02
      vertex   -3.000000e+01 -3.631932e+01 2.564111e+02
      vertex   -2.400000e+01 -3.675765e+01 2.558796e+02
    endloop
  endfacet
  facet normal -2.740880e-15 -7.714892e-01 6.362424e-01
    outer loop
      vertex   -2.400000e+01 -3.675765e+01 2.558796e+02
      vertex   -3.000000e+01 -3.631932e+01 2.564111e+02
      vertex   -3.000000e+01 -3.675765e+01 2.558796e+02
    endloop
  endfacet
  facet normal -2.363712e-15 -6.653257e-01 7.465532e-01
    outer loop
      vertex   -2.400000e+01 -3.675765e+01 2.558796e+02
      vertex   -3.000000e+01 -3.675765e+01 2.558796e+02
      vertex   -2.400000e+01 -3.727199e+01 2.554212e+02
    endloop
  endfacet
  facet normal -2.363712e-15 -6.653257e-01 7.465532e-01
    outer loop
      vertex   -2.400000e+01 -3.727199e+01 2.554212e+02
      vertex   -3.000000e+01 -3.675765e+01 2.558796e+02
      vertex   -3.000000e+01 -3.727199e+01 2.554212e+02
    endloop
  endfacet
  facet normal -1.931140e-15 -5.435676e-01 8.393654e-01
    outer loop
      vertex   -2.400000e+01 -3.727199e+01 2.554212e+02
      vertex   -3.000000e+01 -3.727199e+01 2.554212e+02
      vertex   -2.400000e+01 -3.785026e+01 2.550467e+02
    endloop
  endfacet
  facet normal -1.931140e-15 -5.435676e-01 8.393654e-01
    outer loop
      vertex   -2.400000e+01 -3.785026e+01 2.550467e+02
      vertex   -3.000000e+01 -3.727199e+01 2.554212e+02
      vertex   -3.000000e+01 -3.785026e+01 2.550467e+02
    endloop
  endfacet
  facet normal -1.453304e-15 -4.090686e-01 9.125036e-01
    outer loop
      vertex   -2.400000e+01 -3.785026e+01 2.550467e+02
      vertex   -3.000000e+01 -3.785026e+01 2.550467e+02
      vertex   -2.400000e+01 -3.847892e+01 2.547649e+02
    endloop
  endfacet
  facet normal -1.453304e-15 -4.090686e-01 9.125036e-01
    outer loop
      vertex   -2.400000e+01 -3.847892e+01 2.547649e+02
      vertex   -3.000000e+01 -3.785026e+01 2.550467e+02
      vertex   -3.000000e+01 -3.847892e+01 2.547649e+02
    endloop
  endfacet
  facet normal -9.414034e-16 -2.649815e-01 9.642535e-01
    outer loop
      vertex   -2.400000e+01 -3.847892e+01 2.547649e+02
      vertex   -3.000000e+01 -3.847892e+01 2.547649e+02
      vertex   -2.400000e+01 -3.914324e+01 2.545823e+02
    endloop
  endfacet
  facet normal -6.276023e-16 -2.649815e-01 9.642535e-01
    outer loop
      vertex   -2.400000e+01 -3.914324e+01 2.545823e+02
      vertex   -3.000000e+01 -3.847892e+01 2.547649e+02
      vertex   -3.000000e+01 -3.914324e+01 2.545823e+02
    endloop
  endfacet
  facet normal -2.716249e-16 -1.146834e-01 9.934021e-01
    outer loop
      vertex   -2.400000e+01 -3.914324e+01 2.545823e+02
      vertex   -3.000000e+01 -3.914324e+01 2.545823e+02
      vertex   -2.400000e+01 -3.982764e+01 2.545033e+02
    endloop
  endfacet
  facet normal -4.074374e-16 -1.146834e-01 9.934021e-01
    outer loop
      vertex   -2.400000e+01 -3.982764e+01 2.545033e+02
      vertex   -3.000000e+01 -3.914324e+01 2.545823e+02
      vertex   -3.000000e+01 -3.982764e+01 2.545033e+02
    endloop
  endfacet
  facet normal 1.360786e-16 3.830273e-02 9.992662e-01
    outer loop
      vertex   -2.400000e+01 -3.982764e+01 2.545033e+02
      vertex   -3.000000e+01 -3.982764e+01 2.545033e+02
      vertex   -2.400000e+01 -4.051608e+01 2.545297e+02
    endloop
  endfacet
  facet normal 9.071910e-17 3.830273e-02 9.992662e-01
    outer loop
      vertex   -2.400000e+01 -4.051608e+01 2.545297e+02
      vertex   -3.000000e+01 -3.982764e+01 2.545033e+02
      vertex   -3.000000e+01 -4.051608e+01 2.545297e+02
    endloop
  endfacet
  facet normal 4.509367e-16 1.903911e-01 9.817083e-01
    outer loop
      vertex   -2.400000e+01 -4.051608e+01 2.545297e+02
      vertex   -3.000000e+01 -4.051608e+01 2.545297e+02
      vertex   -2.400000e+01 -4.119242e+01 2.546609e+02
    endloop
  endfacet
  facet normal 4.509367e-16 1.903911e-01 9.817083e-01
    outer loop
      vertex   -2.400000e+01 -4.119242e+01 2.546609e+02
      vertex   -3.000000e+01 -4.051608e+01 2.545297e+02
      vertex   -3.000000e+01 -4.119242e+01 2.546609e+02
    endloop
  endfacet
  facet normal 8.005848e-16 3.380169e-01 9.411400e-01
    outer loop
      vertex   -2.400000e+01 -4.119242e+01 2.546609e+02
      vertex   -3.000000e+01 -4.119242e+01 2.546609e+02
      vertex   -2.400000e+01 -4.184081e+01 2.548937e+02
    endloop
  endfacet
  facet normal 8.005848e-16 3.380169e-01 9.411400e-01
    outer loop
      vertex   -2.400000e+01 -4.184081e+01 2.548937e+02
      vertex   -3.000000e+01 -4.119242e+01 2.546609e+02
      vertex   -3.000000e+01 -4.184081e+01 2.548937e+02
    endloop
  endfacet
  facet normal 1.131468e-15 4.777198e-01 8.785123e-01
    outer loop
      vertex   -2.400000e+01 -4.184081e+01 2.548937e+02
      vertex   -3.000000e+01 -4.184081e+01 2.548937e+02
      vertex   -2.400000e+01 -4.244605e+01 2.552229e+02
    endloop
  endfacet
  facet normal 1.131468e-15 4.777198e-01 8.785123e-01
    outer loop
      vertex   -2.400000e+01 -4.244605e+01 2.552229e+02
      vertex   -3.000000e+01 -4.184081e+01 2.548937e+02
      vertex   -3.000000e+01 -4.244605e+01 2.552229e+02
    endloop
  endfacet
  facet normal 1.435830e-15 6.062254e-01 7.952929e-01
    outer loop
      vertex   -2.400000e+01 -4.244605e+01 2.552229e+02
      vertex   -3.000000e+01 -4.244605e+01 2.552229e+02
      vertex   -2.400000e+01 -4.299397e+01 2.556405e+02
    endloop
  endfacet
  facet normal 2.153745e-15 6.062254e-01 7.952929e-01
    outer loop
      vertex   -2.400000e+01 -4.299397e+01 2.556405e+02
      vertex   -3.000000e+01 -4.244605e+01 2.552229e+02
      vertex   -3.000000e+01 -4.299397e+01 2.556405e+02
    endloop
  endfacet
  facet normal 2.559807e-15 7.205216e-01 6.934325e-01
    outer loop
      vertex   -2.400000e+01 -4.299397e+01 2.556405e+02
      vertex   -3.000000e+01 -4.299397e+01 2.556405e+02
      vertex   -2.400000e+01 -4.347170e+01 2.561369e+02
    endloop
  endfacet
  facet normal 2.559807e-15 7.205216e-01 6.934325e-01
    outer loop
      vertex   -2.400000e+01 -4.347170e+01 2.561369e+02
      vertex   -3.000000e+01 -4.299397e+01 2.556405e+02
      vertex   -3.000000e+01 -4.347170e+01 2.561369e+02
    endloop
  endfacet
  facet normal 2.905869e-15 8.179294e-01 5.753187e-01
    outer loop
      vertex   -2.400000e+01 -4.347170e+01 2.561369e+02
      vertex   -3.000000e+01 -4.347170e+01 2.561369e+02
      vertex   -2.400000e+01 -4.386806e+01 2.567004e+02
    endloop
  endfacet
  facet normal 1.937246e-15 8.179294e-01 5.753187e-01
    outer loop
      vertex   -2.400000e+01 -4.386806e+01 2.567004e+02
      vertex   -3.000000e+01 -4.347170e+01 2.561369e+02
      vertex   -3.000000e+01 -4.386806e+01 2.567004e+02
    endloop
  endfacet
  facet normal 2.122546e-15 8.961656e-01 4.437198e-01
    outer loop
      vertex   -2.400000e+01 -4.386806e+01 2.567004e+02
      vertex   -3.000000e+01 -4.386806e+01 2.567004e+02
      vertex   -2.400000e+01 -4.417376e+01 2.573178e+02
    endloop
  endfacet
  facet normal 3.183820e-15 8.961656e-01 4.437198e-01
    outer loop
      vertex   -2.400000e+01 -4.417376e+01 2.573178e+02
      vertex   -3.000000e+01 -4.386806e+01 2.567004e+02
      vertex   -3.000000e+01 -4.417376e+01 2.573178e+02
    endloop
  endfacet
  facet normal 3.387144e-15 9.533964e-01 3.017206e-01
    outer loop
      vertex   -2.400000e+01 -4.417376e+01 2.573178e+02
      vertex   -3.000000e+01 -4.417376e+01 2.573178e+02
      vertex   -2.400000e+01 -4.438163e+01 2.579747e+02
    endloop
  endfacet
  facet normal 2.258096e-15 9.533964e-01 3.017206e-01
    outer loop
      vertex   -2.400000e+01 -4.438163e+01 2.579747e+02
      vertex   -3.000000e+01 -4.417376e+01 2.573178e+02
      vertex   -3.000000e+01 -4.438163e+01 2.579747e+02
    endloop
  endfacet
  facet normal 2.340718e-15 9.882804e-01 1.526493e-01
    outer loop
      vertex   -2.400000e+01 -4.438163e+01 2.579747e+02
      vertex   -3.000000e+01 -4.438163e+01 2.579747e+02
      vertex   -2.400000e+01 -4.448680e+01 2.586555e+02
    endloop
  endfacet
  facet normal 3.511077e-15 9.882804e-01 1.526493e-01
    outer loop
      vertex   -2.400000e+01 -4.448680e+01 2.586555e+02
      vertex   -3.000000e+01 -4.438163e+01 2.579747e+02
      vertex   -3.000000e+01 -4.448680e+01 2.586555e+02
    endloop
  endfacet
  facet normal 3.552714e-15 1.000000e+00 1.031352e-14
    outer loop
      vertex   -2.400000e+01 -4.448680e+01 2.586555e+02
      vertex   -3.000000e+01 -4.448680e+01 2.586555e+02
      vertex   -2.400000e+01 -4.448680e+01 2.593445e+02
    endloop
  endfacet
  facet normal 3.552714e-15 1.000000e+00 1.031352e-14
    outer loop
      vertex   -2.400000e+01 -4.448680e+01 2.593445e+02
      vertex   -3.000000e+01 -4.448680e+01 2.586555e+02
      vertex   -3.000000e+01 -4.448680e+01 2.593445e+02
    endloop
  endfacet
  facet normal 3.511077e-15 9.882804e-01 -1.526493e-01
    outer loop
      vertex   -2.400000e+01 -4.448680e+01 2.593445e+02
      vertex   -3.000000e+01 -4.448680e+01 2.593445e+02
      vertex   -2.400000e+01 -4.438163e+01 2.600253e+02
    endloop
  endfacet
  facet normal 2.340718e-15 9.882804e-01 -1.526493e-01
    outer loop
      vertex   -2.400000e+01 -4.438163e+01 2.600253e+02
      vertex   -3.000000e+01 -4.448680e+01 2.593445e+02
      vertex   -3.000000e+01 -4.438163e+01 2.600253e+02
    endloop
  endfacet
  facet normal 2.258096e-15 9.533964e-01 -3.017206e-01
    outer loop
      vertex   -2.400000e+01 -4.438163e+01 2.600253e+02
      vertex   -3.000000e+01 -4.438163e+01 2.600253e+02
      vertex   -2.400000e+01 -4.417376e+01 2.606822e+02
    endloop
  endfacet
  facet normal 3.387144e-15 9.533964e-01 -3.017206e-01
    outer loop
      vertex   -2.400000e+01 -4.417376e+01 2.606822e+02
      vertex   -3.000000e+01 -4.438163e+01 2.600253e+02
      vertex   -3.000000e+01 -4.417376e+01 2.606822e+02
    endloop
  endfacet
  facet normal 3.183820e-15 8.961656e-01 -4.437198e-01
    outer loop
      vertex   -2.400000e+01 -4.417376e+01 2.606822e+02
      vertex   -3.000000e+01 -4.417376e+01 2.606822e+02
      vertex   -2.400000e+01 -4.386806e+01 2.612996e+02
    endloop
  endfacet
  facet normal 2.122546e-15 8.961656e-01 -4.437198e-01
    outer loop
      vertex   -2.400000e+01 -4.386806e+01 2.612996e+02
      vertex   -3.000000e+01 -4.417376e+01 2.606822e+02
      vertex   -3.000000e+01 -4.386806e+01 2.612996e+02
    endloop
  endfacet
  facet normal 1.937246e-15 8.179294e-01 -5.753187e-01
    outer loop
      vertex   -2.400000e+01 -4.386806e+01 2.612996e+02
      vertex   -3.000000e+01 -4.386806e+01 2.612996e+02
      vertex   -2.400000e+01 -4.347170e+01 2.618631e+02
    endloop
  endfacet
  facet normal 2.905869e-15 8.179294e-01 -5.753187e-01
    outer loop
      vertex   -2.400000e+01 -4.347170e+01 2.618631e+02
      vertex   -3.000000e+01 -4.386806e+01 2.612996e+02
      vertex   -3.000000e+01 -4.347170e+01 2.618631e+02
    endloop
  endfacet
  facet normal 2.559807e-15 7.205216e-01 -6.934325e-01
    outer loop
      vertex   -2.400000e+01 -4.347170e+01 2.618631e+02
      vertex   -3.000000e+01 -4.347170e+01 2.618631e+02
      vertex   -2.400000e+01 -4.299397e+01 2.623595e+02
    endloop
  endfacet
  facet normal 2.559807e-15 7.205216e-01 -6.934325e-01
    outer loop
      vertex   -2.400000e+01 -4.299397e+01 2.623595e+02
      vertex   -3.000000e+01 -4.347170e+01 2.618631e+02
      vertex   -3.000000e+01 -4.299397e+01 2.623595e+02
    endloop
  endfacet
  facet normal 2.153745e-15 6.062254e-01 -7.952929e-01
    outer loop
      vertex   -2.400000e+01 -4.299397e+01 2.623595e+02
      vertex   -3.000000e+01 -4.299397e+01 2.623595e+02
      vertex   -2.400000e+01 -4.244605e+01 2.627771e+02
    endloop
  endfacet
  facet normal 1.435830e-15 6.062254e-01 -7.952929e-01
    outer loop
      vertex   -2.400000e+01 -4.244605e+01 2.627771e+02
      vertex   -3.000000e+01 -4.299397e+01 2.623595e+02
      vertex   -3.000000e+01 -4.244605e+01 2.627771e+02
    endloop
  endfacet
  facet normal 1.131468e-15 4.777198e-01 -8.785123e-01
    outer loop
      vertex   -2.400000e+01 -4.244605e+01 2.627771e+02
      vertex   -3.000000e+01 -4.244605e+01 2.627771e+02
      vertex   -2.400000e+01 -4.184081e+01 2.631063e+02
    endloop
  endfacet
  facet normal 1.697202e-15 4.777198e-01 -8.785123e-01
    outer loop
      vertex   -2.400000e+01 -4.184081e+01 2.631063e+02
      vertex   -3.000000e+01 -4.244605e+01 2.627771e+02
      vertex   -3.000000e+01 -4.184081e+01 2.631063e+02
    endloop
  endfacet
  facet normal 1.200877e-15 3.380169e-01 -9.411400e-01
    outer loop
      vertex   -2.400000e+01 -4.184081e+01 2.631063e+02
      vertex   -3.000000e+01 -4.184081e+01 2.631063e+02
      vertex   -2.400000e+01 -4.119242e+01 2.633391e+02
    endloop
  endfacet
  facet normal 8.005848e-16 3.380169e-01 -9.411400e-01
    outer loop
      vertex   -2.400000e+01 -4.119242e+01 2.633391e+02
      vertex   -3.000000e+01 -4.184081e+01 2.631063e+02
      vertex   -3.000000e+01 -4.119242e+01 2.633391e+02
    endloop
  endfacet
  facet normal 4.509367e-16 1.903911e-01 -9.817083e-01
    outer loop
      vertex   -2.400000e+01 -4.119242e+01 2.633391e+02
      vertex   -3.000000e+01 -4.119242e+01 2.633391e+02
      vertex   -2.400000e+01 -4.051608e+01 2.634703e+02
    endloop
  endfacet
  facet normal 6.764051e-16 1.903911e-01 -9.817083e-01
    outer loop
      vertex   -2.400000e+01 -4.051608e+01 2.634703e+02
      vertex   -3.000000e+01 -4.119242e+01 2.633391e+02
      vertex   -3.000000e+01 -4.051608e+01 2.634703e+02
    endloop
  endfacet
  facet normal 1.360786e-16 3.830273e-02 -9.992662e-01
    outer loop
      vertex   -2.400000e+01 -4.051608e+01 2.634703e+02
      vertex   -3.000000e+01 -4.051608e+01 2.634703e+02
      vertex   -2.400000e+01 -3.982764e+01 2.634967e+02
    endloop
  endfacet
  facet normal 9.071910e-17 3.830273e-02 -9.992662e-01
    outer loop
      vertex   -2.400000e+01 -3.982764e+01 2.634967e+02
      vertex   -3.000000e+01 -4.051608e+01 2.634703e+02
      vertex   -3.000000e+01 -3.982764e+01 2.634967e+02
    endloop
  endfacet
  facet normal -2.716249e-16 -1.146834e-01 -9.934021e-01
    outer loop
      vertex   -2.400000e+01 -3.982764e+01 2.634967e+02
      vertex   -3.000000e+01 -3.982764e+01 2.634967e+02
      vertex   -2.400000e+01 -3.914324e+01 2.634177e+02
    endloop
  endfacet
  facet normal -4.074374e-16 -1.146834e-01 -9.934021e-01
    outer loop
      vertex   -2.400000e+01 -3.914324e+01 2.634177e+02
      vertex   -3.000000e+01 -3.982764e+01 2.634967e+02
      vertex   -3.000000e+01 -3.914324e+01 2.634177e+02
    endloop
  endfacet
  facet normal -9.414034e-16 -2.649815e-01 -9.642535e-01
    outer loop
      vertex   -2.400000e+01 -3.914324e+01 2.634177e+02
      vertex   -3.000000e+01 -3.914324e+01 2.634177e+02
      vertex   -2.400000e+01 -3.847892e+01 2.632351e+02
    endloop
  endfacet
  facet normal -9.414034e-16 -2.649815e-01 -9.642535e-01
    outer loop
      vertex   -2.400000e+01 -3.847892e+01 2.632351e+02
      vertex   -3.000000e+01 -3.914324e+01 2.634177e+02
      vertex   -3.000000e+01 -3.847892e+01 2.632351e+02
    endloop
  endfacet
  facet normal -1.453304e-15 -4.090686e-01 -9.125036e-01
    outer loop
      vertex   -2.400000e+01 -3.847892e+01 2.632351e+02
      vertex   -3.000000e+01 -3.847892e+01 2.632351e+02
      vertex   -2.400000e+01 -3.785026e+01 2.629533e+02
    endloop
  endfacet
  facet normal -1.453304e-15 -4.090686e-01 -9.125036e-01
    outer loop
      vertex   -2.400000e+01 -3.785026e+01 2.629533e+02
      vertex   -3.000000e+01 -3.847892e+01 2.632351e+02
      vertex   -3.000000e+01 -3.785026e+01 2.629533e+02
    endloop
  endfacet
  facet normal -1.931140e-15 -5.435676e-01 -8.393654e-01
    outer loop
      vertex   -2.400000e+01 -3.785026e+01 2.629533e+02
      vertex   -3.000000e+01 -3.785026e+01 2.629533e+02
      vertex   -2.400000e+01 -3.727199e+01 2.625788e+02
    endloop
  endfacet
  facet normal -1.931140e-15 -5.435676e-01 -8.393654e-01
    outer loop
      vertex   -2.400000e+01 -3.727199e+01 2.625788e+02
      vertex   -3.000000e+01 -3.785026e+01 2.629533e+02
      vertex   -3.000000e+01 -3.727199e+01 2.625788e+02
    endloop
  endfacet
  facet normal -2.363712e-15 -6.653257e-01 -7.465532e-01
    outer loop
      vertex   -2.400000e+01 -3.727199e+01 2.625788e+02
      vertex   -3.000000e+01 -3.727199e+01 2.625788e+02
      vertex   -2.400000e+01 -3.675765e+01 2.621205e+02
    endloop
  endfacet
  facet normal -2.363712e-15 -6.653257e-01 -7.465532e-01
    outer loop
      vertex   -2.400000e+01 -3.675765e+01 2.621205e+02
      vertex   -3.000000e+01 -3.727199e+01 2.625788e+02
      vertex   -3.000000e+01 -3.675765e+01 2.621205e+02
    endloop
  endfacet
  facet normal -2.740880e-15 -7.714892e-01 -6.362424e-01
    outer loop
      vertex   -2.400000e+01 -3.675765e+01 2.621205e+02
      vertex   -3.000000e+01 -3.675765e+01 2.621205e+02
      vertex   -2.400000e+01 -3.631932e+01 2.615889e+02
    endloop
  endfacet
  facet normal -1.827253e-15 -7.714892e-01 -6.362424e-01
    outer loop
      vertex   -2.400000e+01 -3.631932e+01 2.615889e+02
      vertex   -3.000000e+01 -3.675765e+01 2.621205e+02
      vertex   -3.000000e+01 -3.631932e+01 2.615889e+02
    endloop
  endfacet
  facet normal -2.035870e-15 -8.595696e-01 -5.110187e-01
    outer loop
      vertex   -2.400000e+01 -3.631932e+01 2.615889e+02
      vertex   -3.000000e+01 -3.631932e+01 2.615889e+02
      vertex   -2.400000e+01 -3.596726e+01 2.609967e+02
    endloop
  endfacet
  facet normal -2.035870e-15 -8.595696e-01 -5.110187e-01
    outer loop
      vertex   -2.400000e+01 -3.596726e+01 2.609967e+02
      vertex   -3.000000e+01 -3.631932e+01 2.615889e+02
      vertex   -3.000000e+01 -3.596726e+01 2.609967e+02
    endloop
  endfacet
  facet normal -2.196767e-15 -9.275025e-01 -3.738171e-01
    outer loop
      vertex   -2.400000e+01 -3.596726e+01 2.609967e+02
      vertex   -3.000000e+01 -3.596726e+01 2.609967e+02
      vertex   -2.400000e+01 -3.570972e+01 2.603577e+02
    endloop
  endfacet
  facet normal -2.196767e-15 -9.275025e-01 -3.738171e-01
    outer loop
      vertex   -2.400000e+01 -3.570972e+01 2.603577e+02
      vertex   -3.000000e+01 -3.596726e+01 2.609967e+02
      vertex   -3.000000e+01 -3.570972e+01 2.603577e+02
    endloop
  endfacet
  facet normal -2.306174e-15 -9.736954e-01 -2.278535e-01
    outer loop
      vertex   -2.400000e+01 -3.570972e+01 2.603577e+02
      vertex   -3.000000e+01 -3.570972e+01 2.603577e+02
      vertex   -2.400000e+01 -3.555274e+01 2.596869e+02
    endloop
  endfacet
  facet normal -3.459261e-15 -9.736954e-01 -2.278535e-01
    outer loop
      vertex   -2.400000e+01 -3.555274e+01 2.596869e+02
      vertex   -3.000000e+01 -3.570972e+01 2.603577e+02
      vertex   -3.000000e+01 -3.555274e+01 2.596869e+02
    endloop
  endfacet
  facet normal -1.000000e+00 1.465242e-15 1.650932e-16
    outer loop
      vertex   -2.400000e+01 -3.795265e+01 2.594673e+02
      vertex   -2.400000e+01 -3.555274e+01 2.596869e+02
      vertex   -2.400000e+01 -3.790000e+01 2.590000e+02
    endloop
  endfacet
  facet normal -1.000000e+00 1.480297e-15 1.136491e-16
    outer loop
      vertex   -2.400000e+01 -3.790000e+01 2.590000e+02
      vertex   -2.400000e+01 -3.555274e+01 2.596869e+02
      vertex   -2.400000e+01 -3.550000e+01 2.590000e+02
    endloop
  endfacet
  facet normal -1.000000e+00 1.480297e-15 -1.136491e-16
    outer loop
      vertex   -2.400000e+01 -3.790000e+01 2.590000e+02
      vertex   -2.400000e+01 -3.550000e+01 2.590000e+02
      vertex   -2.400000e+01 -3.555274e+01 2.583131e+02
    endloop
  endfacet
  facet normal -1.000000e+00 1.449313e-15 3.391524e-16
    outer loop
      vertex   -2.400000e+01 -3.555274e+01 2.596869e+02
      vertex   -2.400000e+01 -3.795265e+01 2.594673e+02
      vertex   -2.400000e+01 -3.570972e+01 2.603577e+02
    endloop
  endfacet
  facet normal -1.000000e+00 1.390758e-15 4.866472e-16
    outer loop
      vertex   -2.400000e+01 -3.570972e+01 2.603577e+02
      vertex   -2.400000e+01 -3.795265e+01 2.594673e+02
      vertex   -2.400000e+01 -3.810797e+01 2.599112e+02
    endloop
  endfacet
  facet normal -1.000000e+00 4.149210e-16 5.727060e-15
    outer loop
      vertex   -2.400000e+01 -3.570972e+01 2.603577e+02
      vertex   -2.400000e+01 -3.810797e+01 2.599112e+02
      vertex   -2.400000e+01 -3.596726e+01 2.609967e+02
    endloop
  endfacet
  facet normal -1.000000e+00 2.550317e-15 1.516177e-15
    outer loop
      vertex   -2.400000e+01 -3.596726e+01 2.609967e+02
      vertex   -2.400000e+01 -3.810797e+01 2.599112e+02
      vertex   -2.400000e+01 -3.631932e+01 2.615889e+02
    endloop
  endfacet
  facet normal -1.000000e+00 2.499389e-15 1.570470e-15
    outer loop
      vertex   -2.400000e+01 -3.631932e+01 2.615889e+02
      vertex   -2.400000e+01 -3.810797e+01 2.599112e+02
      vertex   -2.400000e+01 -3.835815e+01 2.603093e+02
    endloop
  endfacet
  facet normal -1.000000e+00 2.296430e-15 1.893852e-15
    outer loop
      vertex   -2.400000e+01 -3.631932e+01 2.615889e+02
      vertex   -2.400000e+01 -3.835815e+01 2.603093e+02
      vertex   -2.400000e+01 -3.675765e+01 2.621205e+02
    endloop
  endfacet
  facet normal -1.000000e+00 2.082714e-15 2.082714e-15
    outer loop
      vertex   -2.400000e+01 -3.675765e+01 2.621205e+02
      vertex   -2.400000e+01 -3.835815e+01 2.603093e+02
      vertex   -2.400000e+01 -3.869067e+01 2.606418e+02
    endloop
  endfacet
  facet normal -1.000000e+00 5.168416e-15 -1.951316e-15
    outer loop
      vertex   -2.400000e+01 -3.675765e+01 2.621205e+02
      vertex   -2.400000e+01 -3.869067e+01 2.606418e+02
      vertex   -2.400000e+01 -3.727199e+01 2.625788e+02
    endloop
  endfacet
  facet normal -1.000000e+00 8.056558e-16 1.244077e-15
    outer loop
      vertex   -2.400000e+01 -3.727199e+01 2.625788e+02
      vertex   -2.400000e+01 -3.869067e+01 2.606418e+02
      vertex   -2.400000e+01 -3.785026e+01 2.629533e+02
    endloop
  endfacet
  facet normal -1.000000e+00 -6.477063e-15 3.891960e-15
    outer loop
      vertex   -2.400000e+01 -3.785026e+01 2.629533e+02
      vertex   -2.400000e+01 -3.869067e+01 2.606418e+02
      vertex   -2.400000e+01 -3.908884e+01 2.608920e+02
    endloop
  endfacet
  facet normal -1.000000e+00 -0.000000e+00 0.000000e+00
    outer loop
      vertex   -2.400000e+01 -3.785026e+01 2.629533e+02
      vertex   -2.400000e+01 -3.908884e+01 2.608920e+02
      vertex   -2.400000e+01 -3.847892e+01 2.632351e+02
    endloop
  endfacet
  facet normal -1.000000e+00 0.000000e+00 0.000000e+00
    outer loop
      vertex   -2.400000e+01 -3.847892e+01 2.632351e+02
      vertex   -2.400000e+01 -3.908884e+01 2.608920e+02
      vertex   -2.400000e+01 -3.953271e+01 2.610474e+02
    endloop
  endfacet
  facet normal -1.000000e+00 4.722797e-15 -2.274815e-15
    outer loop
      vertex   -2.400000e+01 -3.847892e+01 2.632351e+02
      vertex   -2.400000e+01 -3.953271e+01 2.610474e+02
      vertex   -2.400000e+01 -3.914324e+01 2.634177e+02
    endloop
  endfacet
  facet normal -1.000000e+00 -1.698105e-16 -1.470920e-15
    outer loop
      vertex   -2.400000e+01 -3.914324e+01 2.634177e+02
      vertex   -2.400000e+01 -3.953271e+01 2.610474e+02
      vertex   -2.400000e+01 -3.982764e+01 2.634967e+02
    endloop
  endfacet
  facet normal -1.000000e+00 -1.656768e-16 -1.470422e-15
    outer loop
      vertex   -2.400000e+01 -3.982764e+01 2.634967e+02
      vertex   -2.400000e+01 -3.953271e+01 2.610474e+02
      vertex   -2.400000e+01 -4.000000e+01 2.611000e+02
    endloop
  endfacet
  facet normal -1.000000e+00 5.697631e-17 -1.486434e-15
    outer loop
      vertex   -2.400000e+01 -3.982764e+01 2.634967e+02
      vertex   -2.400000e+01 -4.000000e+01 2.611000e+02
      vertex   -2.400000e+01 -4.051608e+01 2.634703e+02
    endloop
  endfacet
  facet normal -1.000000e+00 1.648350e-16 -1.462951e-15
    outer loop
      vertex   -2.400000e+01 -4.051608e+01 2.634703e+02
      vertex   -2.400000e+01 -4.000000e+01 2.611000e+02
      vertex   -2.400000e+01 -4.046729e+01 2.610474e+02
    endloop
  endfacet
  facet normal -1.000000e+00 5.515671e-15 -1.355223e-15
    outer loop
      vertex   -2.400000e+01 -4.051608e+01 2.634703e+02
      vertex   -2.400000e+01 -4.046729e+01 2.610474e+02
      vertex   -2.400000e+01 -4.119242e+01 2.633391e+02
    endloop
  endfacet
  facet normal -1.000000e+00 9.767329e-16 -2.791342e-15
    outer loop
      vertex   -2.400000e+01 -4.119242e+01 2.633391e+02
      vertex   -2.400000e+01 -4.046729e+01 2.610474e+02
      vertex   -2.400000e+01 -4.091116e+01 2.608920e+02
    endloop
  endfacet
  facet normal -1.000000e+00 1.001507e-15 -2.788495e-15
    outer loop
      vertex   -2.400000e+01 -4.119242e+01 2.633391e+02
      vertex   -2.400000e+01 -4.091116e+01 2.608920e+02
      vertex   -2.400000e+01 -4.184081e+01 2.631063e+02
    endloop
  endfacet
  facet normal -1.000000e+00 1.420643e-15 -2.612519e-15
    outer loop
      vertex   -2.400000e+01 -4.184081e+01 2.631063e+02
      vertex   -2.400000e+01 -4.091116e+01 2.608920e+02
      vertex   -2.400000e+01 -4.244605e+01 2.627771e+02
    endloop
  endfacet
  facet normal -1.000000e+00 7.469463e-15 2.312564e-15
    outer loop
      vertex   -2.400000e+01 -4.244605e+01 2.627771e+02
      vertex   -2.400000e+01 -4.091116e+01 2.608920e+02
      vertex   -2.400000e+01 -4.130933e+01 2.606418e+02
    endloop
  endfacet
  facet normal -1.000000e+00 5.514584e-15 1.271885e-15
    outer loop
      vertex   -2.400000e+01 -4.244605e+01 2.627771e+02
      vertex   -2.400000e+01 -4.130933e+01 2.606418e+02
      vertex   -2.400000e+01 -4.299397e+01 2.623595e+02
    endloop
  endfacet
  facet normal -1.000000e+00 2.088431e-15 -2.088431e-15
    outer loop
      vertex   -2.400000e+01 -4.299397e+01 2.623595e+02
      vertex   -2.400000e+01 -4.130933e+01 2.606418e+02
      vertex   -2.400000e+01 -4.164185e+01 2.603093e+02
    endloop
  endfacet
  facet normal -1.000000e+00 2.136841e-15 -2.056503e-15
    outer loop
      vertex   -2.400000e+01 -4.299397e+01 2.623595e+02
      vertex   -2.400000e+01 -4.164185e+01 2.603093e+02
      vertex   -2.400000e+01 -4.347170e+01 2.618631e+02
    endloop
  endfacet
  facet normal -1.000000e+00 2.431078e-15 -1.709982e-15
    outer loop
      vertex   -2.400000e+01 -4.347170e+01 2.618631e+02
      vertex   -2.400000e+01 -4.164185e+01 2.603093e+02
      vertex   -2.400000e+01 -4.386806e+01 2.612996e+02
    endloop
  endfacet
  facet normal -1.000000e+00 2.494501e-15 -1.567399e-15
    outer loop
      vertex   -2.400000e+01 -4.386806e+01 2.612996e+02
      vertex   -2.400000e+01 -4.164185e+01 2.603093e+02
      vertex   -2.400000e+01 -4.189204e+01 2.599112e+02
    endloop
  endfacet
  facet normal -1.000000e+00 8.666901e-15 7.217238e-15
    outer loop
      vertex   -2.400000e+01 -4.386806e+01 2.612996e+02
      vertex   -2.400000e+01 -4.189204e+01 2.599112e+02
      vertex   -2.400000e+01 -4.417376e+01 2.606822e+02
    endloop
  endfacet
  facet normal -1.000000e+00 5.569568e-15 -1.948876e-15
    outer loop
      vertex   -2.400000e+01 -4.417376e+01 2.606822e+02
      vertex   -2.400000e+01 -4.189204e+01 2.599112e+02
      vertex   -2.400000e+01 -4.204735e+01 2.594673e+02
    endloop
  endfacet
  facet normal -1.000000e+00 5.659699e-15 -1.791120e-15
    outer loop
      vertex   -2.400000e+01 -4.417376e+01 2.606822e+02
      vertex   -2.400000e+01 -4.204735e+01 2.594673e+02
      vertex   -2.400000e+01 -4.438163e+01 2.600253e+02
    endloop
  endfacet
  facet normal -1.000000e+00 5.871098e-15 -9.068468e-16
    outer loop
      vertex   -2.400000e+01 -4.438163e+01 2.600253e+02
      vertex   -2.400000e+01 -4.204735e+01 2.594673e+02
      vertex   -2.400000e+01 -4.448680e+01 2.593445e+02
    endloop
  endfacet
  facet normal -1.000000e+00 5.858676e-15 -6.601142e-16
    outer loop
      vertex   -2.400000e+01 -4.448680e+01 2.593445e+02
      vertex   -2.400000e+01 -4.204735e+01 2.594673e+02
      vertex   -2.400000e+01 -4.210000e+01 2.590000e+02
    endloop
  endfacet
  facet normal -1.000000e+00 5.953946e-15 6.140611e-29
    outer loop
      vertex   -2.400000e+01 -4.448680e+01 2.593445e+02
      vertex   -2.400000e+01 -4.210000e+01 2.590000e+02
      vertex   -2.400000e+01 -4.448680e+01 2.586555e+02
    endloop
  endfacet
  facet normal -1.000000e+00 5.858676e-15 6.601142e-16
    outer loop
      vertex   -2.400000e+01 -4.448680e+01 2.586555e+02
      vertex   -2.400000e+01 -4.210000e+01 2.590000e+02
      vertex   -2.400000e+01 -4.204735e+01 2.585327e+02
    endloop
  endfacet
  facet normal -1.000000e+00 5.871098e-15 9.068468e-16
    outer loop
      vertex   -2.400000e+01 -4.448680e+01 2.586555e+02
      vertex   -2.400000e+01 -4.204735e+01 2.585327e+02
      vertex   -2.400000e+01 -4.438163e+01 2.579747e+02
    endloop
  endfacet
  facet normal -1.000000e+00 5.659699e-15 1.791120e-15
    outer loop
      vertex   -2.400000e+01 -4.438163e+01 2.579747e+02
      vertex   -2.400000e+01 -4.204735e+01 2.585327e+02
      vertex   -2.400000e+01 -4.417376e+01 2.573178e+02
    endloop
  endfacet
  facet normal -1.000000e+00 5.569568e-15 1.948876e-15
    outer loop
      vertex   -2.400000e+01 -4.417376e+01 2.573178e+02
      vertex   -2.400000e+01 -4.204735e+01 2.585327e+02
      vertex   -2.400000e+01 -4.189204e+01 2.580888e+02
    endloop
  endfacet
  facet normal -1.000000e+00 3.669710e-15 7.571236e-15
    outer loop
      vertex   -2.400000e+01 -4.417376e+01 2.573178e+02
      vertex   -2.400000e+01 -4.189204e+01 2.580888e+02
      vertex   -2.400000e+01 -4.386806e+01 2.567004e+02
    endloop
  endfacet
  facet normal -1.000000e+00 6.236254e-15 3.918498e-15
    outer loop
      vertex   -2.400000e+01 -4.386806e+01 2.567004e+02
      vertex   -2.400000e+01 -4.189204e+01 2.580888e+02
      vertex   -2.400000e+01 -4.164185e+01 2.576907e+02
    endloop
  endfacet
  facet normal -1.000000e+00 6.077696e-15 4.274956e-15
    outer loop
      vertex   -2.400000e+01 -4.386806e+01 2.567004e+02
      vertex   -2.400000e+01 -4.164185e+01 2.576907e+02
      vertex   -2.400000e+01 -4.347170e+01 2.561369e+02
    endloop
  endfacet
  facet normal -1.000000e+00 5.342103e-15 5.141258e-15
    outer loop
      vertex   -2.400000e+01 -4.347170e+01 2.561369e+02
      vertex   -2.400000e+01 -4.164185e+01 2.576907e+02
      vertex   -2.400000e+01 -4.299397e+01 2.556405e+02
    endloop
  endfacet
  facet normal -1.000000e+00 5.221077e-15 5.221077e-15
    outer loop
      vertex   -2.400000e+01 -4.299397e+01 2.556405e+02
      vertex   -2.400000e+01 -4.164185e+01 2.576907e+02
      vertex   -2.400000e+01 -4.130933e+01 2.573582e+02
    endloop
  endfacet
  facet normal -1.000000e+00 8.221088e-15 2.278715e-15
    outer loop
      vertex   -2.400000e+01 -4.299397e+01 2.556405e+02
      vertex   -2.400000e+01 -4.130933e+01 2.573582e+02
      vertex   -2.400000e+01 -4.244605e+01 2.552229e+02
    endloop
  endfacet
  facet normal -1.000000e+00 -3.552498e-15 8.546379e-15
    outer loop
      vertex   -2.400000e+01 -4.244605e+01 2.552229e+02
      vertex   -2.400000e+01 -4.130933e+01 2.573582e+02
      vertex   -2.400000e+01 -4.091116e+01 2.571080e+02
    endloop
  endfacet
  facet normal -1.000000e+00 2.130964e-15 3.918779e-15
    outer loop
      vertex   -2.400000e+01 -4.244605e+01 2.552229e+02
      vertex   -2.400000e+01 -4.091116e+01 2.571080e+02
      vertex   -2.400000e+01 -4.184081e+01 2.548937e+02
    endloop
  endfacet
  facet normal -1.000000e+00 1.502260e-15 4.182742e-15
    outer loop
      vertex   -2.400000e+01 -4.184081e+01 2.548937e+02
      vertex   -2.400000e+01 -4.091116e+01 2.571080e+02
      vertex   -2.400000e+01 -4.119242e+01 2.546609e+02
    endloop
  endfacet
  facet normal -1.000000e+00 1.465099e-15 4.187013e-15
    outer loop
      vertex   -2.400000e+01 -4.119242e+01 2.546609e+02
      vertex   -2.400000e+01 -4.091116e+01 2.571080e+02
      vertex   -2.400000e+01 -4.046729e+01 2.569527e+02
    endloop
  endfacet
  facet normal -1.000000e+00 1.074808e-14 1.249879e-15
    outer loop
      vertex   -2.400000e+01 -4.119242e+01 2.546609e+02
      vertex   -2.400000e+01 -4.046729e+01 2.569527e+02
      vertex   -2.400000e+01 -4.051608e+01 2.545297e+02
    endloop
  endfacet
  facet normal -1.000000e+00 1.648350e-16 1.462951e-15
    outer loop
      vertex   -2.400000e+01 -4.051608e+01 2.545297e+02
      vertex   -2.400000e+01 -4.046729e+01 2.569527e+02
      vertex   -2.400000e+01 -4.000000e+01 2.569000e+02
    endloop
  endfacet
  facet normal -1.000000e+00 5.697631e-17 1.486434e-15
    outer loop
      vertex   -2.400000e+01 -4.051608e+01 2.545297e+02
      vertex   -2.400000e+01 -4.000000e+01 2.569000e+02
      vertex   -2.400000e+01 -3.982764e+01 2.545033e+02
    endloop
  endfacet
  facet normal -1.000000e+00 -1.656768e-16 1.470422e-15
    outer loop
      vertex   -2.400000e+01 -3.982764e+01 2.545033e+02
      vertex   -2.400000e+01 -4.000000e+01 2.569000e+02
      vertex   -2.400000e+01 -3.953271e+01 2.569527e+02
    endloop
  endfacet
  facet normal -1.000000e+00 -1.698105e-16 1.470920e-15
    outer loop
      vertex   -2.400000e+01 -3.982764e+01 2.545033e+02
      vertex   -2.400000e+01 -3.953271e+01 2.569527e+02
      vertex   -2.400000e+01 -3.914324e+01 2.545823e+02
    endloop
  endfacet
  facet normal -1.000000e+00 4.722797e-15 2.274815e-15
    outer loop
      vertex   -2.400000e+01 -3.914324e+01 2.545823e+02
      vertex   -2.400000e+01 -3.953271e+01 2.569527e+02
      vertex   -2.400000e+01 -3.847892e+01 2.547649e+02
    endloop
  endfacet
  facet normal -1.000000e+00 0.000000e+00 0.000000e+00
    outer loop
      vertex   -2.400000e+01 -3.847892e+01 2.547649e+02
      vertex   -2.400000e+01 -3.953271e+01 2.569527e+02
      vertex   -2.400000e+01 -3.908884e+01 2.571080e+02
    endloop
  endfacet
  facet normal -1.000000e+00 0.000000e+00 0.000000e+00
    outer loop
      vertex   -2.400000e+01 -3.847892e+01 2.547649e+02
      vertex   -2.400000e+01 -3.908884e+01 2.571080e+02
      vertex   -2.400000e+01 -3.785026e+01 2.550467e+02
    endloop
  endfacet
  facet normal -1.000000e+00 6.477063e-15 3.891960e-15
    outer loop
      vertex   -2.400000e+01 -3.785026e+01 2.550467e+02
      vertex   -2.400000e+01 -3.908884e+01 2.571080e+02
      vertex   -2.400000e+01 -3.869067e+01 2.573582e+02
    endloop
  endfacet
  facet normal -1.000000e+00 -8.056558e-16 1.244077e-15
    outer loop
      vertex   -2.400000e+01 -3.785026e+01 2.550467e+02
      vertex   -2.400000e+01 -3.869067e+01 2.573582e+02
      vertex   -2.400000e+01 -3.727199e+01 2.554212e+02
    endloop
  endfacet
  facet normal -1.000000e+00 3.190365e-15 4.170860e-15
    outer loop
      vertex   -2.400000e+01 -3.727199e+01 2.554212e+02
      vertex   -2.400000e+01 -3.869067e+01 2.573582e+02
      vertex   -2.400000e+01 -3.675765e+01 2.558796e+02
    endloop
  endfacet
  facet normal -1.000000e+00 0.000000e+00 0.000000e+00
    outer loop
      vertex   -2.400000e+01 -3.675765e+01 2.558796e+02
      vertex   -2.400000e+01 -3.869067e+01 2.573582e+02
      vertex   -2.400000e+01 -3.835815e+01 2.576907e+02
    endloop
  endfacet
  facet normal -1.000000e+00 0.000000e+00 0.000000e+00
    outer loop
      vertex   -2.400000e+01 -3.675765e+01 2.558796e+02
      vertex   -2.400000e+01 -3.835815e+01 2.576907e+02
      vertex   -2.400000e+01 -3.631932e+01 2.564111e+02
    endloop
  endfacet
  facet normal -1.000000e+00 0.000000e+00 0.000000e+00
    outer loop
      vertex   -2.400000e+01 -3.631932e+01 2.564111e+02
      vertex   -2.400000e+01 -3.835815e+01 2.576907e+02
      vertex   -2.400000e+01 -3.810797e+01 2.580888e+02
    endloop
  endfacet
  facet normal -1.000000e+00 0.000000e+00 0.000000e+00
    outer loop
      vertex   -2.400000e+01 -3.631932e+01 2.564111e+02
      vertex   -2.400000e+01 -3.810797e+01 2.580888e+02
      vertex   -2.400000e+01 -3.596726e+01 2.570033e+02
    endloop
  endfacet
  facet normal -1.000000e+00 2.341001e-15 4.616324e-15
    outer loop
      vertex   -2.400000e+01 -3.596726e+01 2.570033e+02
      vertex   -2.400000e+01 -3.810797e+01 2.580888e+02
      vertex   -2.400000e+01 -3.570972e+01 2.576423e+02
    endloop
  endfacet
  facet normal -1.000000e+00 1.390758e-15 -4.866472e-16
    outer loop
      vertex   -2.400000e+01 -3.570972e+01 2.576423e+02
      vertex   -2.400000e+01 -3.810797e+01 2.580888e+02
      vertex   -2.400000e+01 -3.795265e+01 2.585327e+02
    endloop
  endfacet
  facet normal -1.000000e+00 1.449313e-15 -3.391524e-16
    outer loop
      vertex   -2.400000e+01 -3.570972e+01 2.576423e+02
      vertex   -2.400000e+01 -3.795265e+01 2.585327e+02
      vertex   -2.400000e+01 -3.555274e+01 2.583131e+02
    endloop
  endfacet
  facet normal -1.000000e+00 1.465242e-15 -1.650932e-16
    outer loop
      vertex   -2.400000e+01 -3.555274e+01 2.583131e+02
      vertex   -2.400000e+01 -3.795265e+01 2.585327e+02
      vertex   -2.400000e+01 -3.790000e+01 2.590000e+02
    endloop
  endfacet
  facet normal -6.113380e-15 -1.119645e-01 -9.937122e-01
    outer loop
      vertex   1.100000e+01 -2.450000e+01 2.539766e+02
      vertex   2.050000e+01 -2.450000e+01 2.539766e+02
      vertex   1.230000e+01 -2.494504e+01 2.540267e+02
    endloop
  endfacet
  facet normal -6.937046e-15 -1.119645e-01 -9.937122e-01
    outer loop
      vertex   1.230000e+01 -2.494504e+01 2.540267e+02
      vertex   2.050000e+01 -2.450000e+01 2.539766e+02
      vertex   2.050000e+01 -2.494504e+01 2.540267e+02
    endloop
  endfacet
  facet normal -6.686212e-15 -3.302791e-01 -9.438833e-01
    outer loop
      vertex   1.230000e+01 -2.494504e+01 2.540267e+02
      vertex   2.050000e+01 -2.494504e+01 2.540267e+02
      vertex   1.230000e+01 -2.536777e+01 2.541747e+02
    endloop
  endfacet
  facet normal 0.000000e+00 -3.302791e-01 -9.438833e-01
    outer loop
      vertex   1.230000e+01 -2.536777e+01 2.541747e+02
      vertex   2.050000e+01 -2.494504e+01 2.540267e+02
      vertex   2.050000e+01 -2.536777e+01 2.541747e+02
    endloop
  endfacet
  facet normal 0.000000e+00 -5.320321e-01 -8.467242e-01
    outer loop
      vertex   1.230000e+01 -2.536777e+01 2.541747e+02
      vertex   2.050000e+01 -2.536777e+01 2.541747e+02
      vertex   1.230000e+01 -2.574698e+01 2.544129e+02
    endloop
  endfacet
  facet normal -9.220281e-16 -5.320321e-01 -8.467242e-01
    outer loop
      vertex   1.230000e+01 -2.574698e+01 2.544129e+02
      vertex   2.050000e+01 -2.536777e+01 2.541747e+02
      vertex   2.050000e+01 -2.574698e+01 2.544129e+02
    endloop
  endfacet
  facet normal -1.225438e-15 -7.071068e-01 -7.071068e-01
    outer loop
      vertex   1.230000e+01 -2.574698e+01 2.544129e+02
      vertex   2.050000e+01 -2.574698e+01 2.544129e+02
      vertex   1.230000e+01 -2.606366e+01 2.547296e+02
    endloop
  endfacet
  facet normal -3.063595e-16 -7.071068e-01 -7.071068e-01
    outer loop
      vertex   1.230000e+01 -2.606366e+01 2.547296e+02
      vertex   2.050000e+01 -2.574698e+01 2.544129e+02
      vertex   2.050000e+01 -2.606366e+01 2.547296e+02
    endloop
  endfacet
  facet normal -3.668498e-16 -8.467242e-01 -5.320321e-01
    outer loop
      vertex   1.230000e+01 -2.606366e+01 2.547296e+02
      vertex   2.050000e+01 -2.606366e+01 2.547296e+02
      vertex   1.230000e+01 -2.630194e+01 2.551088e+02
    endloop
  endfacet
  facet normal -7.336997e-16 -8.467242e-01 -5.320321e-01
    outer loop
      vertex   1.230000e+01 -2.630194e+01 2.551088e+02
      vertex   2.050000e+01 -2.606366e+01 2.547296e+02
      vertex   2.050000e+01 -2.630194e+01 2.551088e+02
    endloop
  endfacet
  facet normal -8.178896e-16 -9.438833e-01 -3.302791e-01
    outer loop
      vertex   1.230000e+01 -2.630194e+01 2.551088e+02
      vertex   2.050000e+01 -2.630194e+01 2.551088e+02
      vertex   1.230000e+01 -2.644986e+01 2.555315e+02
    endloop
  endfacet
  facet normal 4.089448e-16 -9.438833e-01 -3.302791e-01
    outer loop
      vertex   1.230000e+01 -2.644986e+01 2.555315e+02
      vertex   2.050000e+01 -2.630194e+01 2.551088e+02
      vertex   2.050000e+01 -2.644986e+01 2.555315e+02
    endloop
  endfacet
  facet normal 4.305335e-16 -9.937122e-01 -1.119645e-01
    outer loop
      vertex   1.230000e+01 -2.644986e+01 2.555315e+02
      vertex   2.050000e+01 -2.644986e+01 2.555315e+02
      vertex   2.050000e+01 -2.650000e+01 2.559766e+02
    endloop
  endfacet
  facet normal -0.000000e+00 -9.937122e-01 -1.119645e-01
    outer loop
      vertex   1.230000e+01 -2.644986e+01 2.555315e+02
      vertex   2.050000e+01 -2.650000e+01 2.559766e+02
      vertex   4.100000e+00 -2.644986e+01 2.555315e+02
    endloop
  endfacet
  facet normal 0.000000e+00 -9.937122e-01 -1.119645e-01
    outer loop
      vertex   4.100000e+00 -2.644986e+01 2.555315e+02
      vertex   2.050000e+01 -2.650000e+01 2.559766e+02
      vertex   -2.050000e+01 -2.650000e+01 2.559766e+02
    endloop
  endfacet
  facet normal -0.000000e+00 -9.937122e-01 -1.119645e-01
    outer loop
      vertex   4.100000e+00 -2.644986e+01 2.555315e+02
      vertex   -2.050000e+01 -2.650000e+01 2.559766e+02
      vertex   -4.100000e+00 -2.644986e+01 2.555315e+02
    endloop
  endfacet
  facet normal -0.000000e+00 -9.937122e-01 -1.119645e-01
    outer loop
      vertex   -4.100000e+00 -2.644986e+01 2.555315e+02
      vertex   -2.050000e+01 -2.650000e+01 2.559766e+02
      vertex   -1.230000e+01 -2.644986e+01 2.555315e+02
    endloop
  endfacet
  facet normal -0.000000e+00 -9.438833e-01 -3.302791e-01
    outer loop
      vertex   -4.100000e+00 -2.644986e+01 2.555315e+02
      vertex   -1.230000e+01 -2.644986e+01 2.555315e+02
      vertex   -4.100000e+00 -2.630194e+01 2.551088e+02
    endloop
  endfacet
  facet normal -0.000000e+00 -9.438833e-01 -3.302791e-01
    outer loop
      vertex   -4.100000e+00 -2.630194e+01 2.551088e+02
      vertex   -1.230000e+01 -2.644986e+01 2.555315e+02
      vertex   -1.230000e+01 -2.630194e+01 2.551088e+02
    endloop
  endfacet
  facet normal -0.000000e+00 -8.467242e-01 -5.320321e-01
    outer loop
      vertex   -4.100000e+00 -2.630194e+01 2.551088e+02
      vertex   -1.230000e+01 -2.630194e+01 2.551088e+02
      vertex   -4.100000e+00 -2.606366e+01 2.547296e+02
    endloop
  endfacet
  facet normal -0.000000e+00 -8.467242e-01 -5.320321e-01
    outer loop
      vertex   -4.100000e+00 -2.606366e+01 2.547296e+02
      vertex   -1.230000e+01 -2.630194e+01 2.551088e+02
      vertex   -1.230000e+01 -2.606366e+01 2.547296e+02
    endloop
  endfacet
  facet normal -0.000000e+00 -7.071068e-01 -7.071068e-01
    outer loop
      vertex   -4.100000e+00 -2.606366e+01 2.547296e+02
      vertex   -1.230000e+01 -2.606366e+01 2.547296e+02
      vertex   -4.100000e+00 -2.574698e+01 2.544129e+02
    endloop
  endfacet
  facet normal -0.000000e+00 -7.071068e-01 -7.071068e-01
    outer loop
      vertex   -4.100000e+00 -2.574698e+01 2.544129e+02
      vertex   -1.230000e+01 -2.606366e+01 2.547296e+02
      vertex   -1.230000e+01 -2.574698e+01 2.544129e+02
    endloop
  endfacet
  facet normal -0.000000e+00 -5.320321e-01 -8.467242e-01
    outer loop
      vertex   -4.100000e+00 -2.574698e+01 2.544129e+02
      vertex   -1.230000e+01 -2.574698e+01 2.544129e+02
      vertex   -4.100000e+00 -2.536777e+01 2.541747e+02
    endloop
  endfacet
  facet normal -0.000000e+00 -5.320321e-01 -8.467242e-01
    outer loop
      vertex   -4.100000e+00 -2.536777e+01 2.541747e+02
      vertex   -1.230000e+01 -2.574698e+01 2.544129e+02
      vertex   -1.230000e+01 -2.536777e+01 2.541747e+02
    endloop
  endfacet
  facet normal -0.000000e+00 -3.302791e-01 -9.438833e-01
    outer loop
      vertex   -4.100000e+00 -2.536777e+01 2.541747e+02
      vertex   -1.230000e+01 -2.536777e+01 2.541747e+02
      vertex   -4.100000e+00 -2.494504e+01 2.540267e+02
    endloop
  endfacet
  facet normal -0.000000e+00 -3.302791e-01 -9.438833e-01
    outer loop
      vertex   -4.100000e+00 -2.494504e+01 2.540267e+02
      vertex   -1.230000e+01 -2.536777e+01 2.541747e+02
      vertex   -1.230000e+01 -2.494504e+01 2.540267e+02
    endloop
  endfacet
  facet normal -0.000000e+00 -1.119645e-01 -9.937122e-01
    outer loop
      vertex   -4.100000e+00 -2.494504e+01 2.540267e+02
      vertex   -1.230000e+01 -2.494504e+01 2.540267e+02
      vertex   -1.100000e+01 -2.450000e+01 2.539766e+02
    endloop
  endfacet
  facet normal 3.014819e-15 -1.119645e-01 -9.937122e-01
    outer loop
      vertex   -1.100000e+01 -2.450000e+01 2.539766e+02
      vertex   -1.230000e+01 -2.494504e+01 2.540267e+02
      vertex   -2.050000e+01 -2.450000e+01 2.539766e+02
    endloop
  endfacet
  facet normal 6.937128e-15 -1.119645e-01 -9.937122e-01
    outer loop
      vertex   -2.050000e+01 -2.450000e+01 2.539766e+02
      vertex   -1.230000e+01 -2.494504e+01 2.540267e+02
      vertex   -2.050000e+01 -2.494504e+01 2.540267e+02
    endloop
  endfacet
  facet normal 6.686212e-15 -3.302791e-01 -9.438833e-01
    outer loop
      vertex   -2.050000e+01 -2.494504e+01 2.540267e+02
      vertex   -1.230000e+01 -2.494504e+01 2.540267e+02
      vertex   -2.050000e+01 -2.536777e+01 2.541747e+02
    endloop
  endfacet
  facet normal 0.000000e+00 -3.302791e-01 -9.438833e-01
    outer loop
      vertex   -2.050000e+01 -2.536777e+01 2.541747e+02
      vertex   -1.230000e+01 -2.494504e+01 2.540267e+02
      vertex   -1.230000e+01 -2.536777e+01 2.541747e+02
    endloop
  endfacet
  facet normal 0.000000e+00 -5.320321e-01 -8.467242e-01
    outer loop
      vertex   -2.050000e+01 -2.536777e+01 2.541747e+02
      vertex   -1.230000e+01 -2.536777e+01 2.541747e+02
      vertex   -2.050000e+01 -2.574698e+01 2.544129e+02
    endloop
  endfacet
  facet normal 9.220281e-16 -5.320321e-01 -8.467242e-01
    outer loop
      vertex   -2.050000e+01 -2.574698e+01 2.544129e+02
      vertex   -1.230000e+01 -2.536777e+01 2.541747e+02
      vertex   -1.230000e+01 -2.574698e+01 2.544129e+02
    endloop
  endfacet
  facet normal 1.225438e-15 -7.071068e-01 -7.071068e-01
    outer loop
      vertex   -2.050000e+01 -2.574698e+01 2.544129e+02
      vertex   -1.230000e+01 -2.574698e+01 2.544129e+02
      vertex   -2.050000e+01 -2.606366e+01 2.547296e+02
    endloop
  endfacet
  facet normal 3.063595e-16 -7.071068e-01 -7.071068e-01
    outer loop
      vertex   -2.050000e+01 -2.606366e+01 2.547296e+02
      vertex   -1.230000e+01 -2.574698e+01 2.544129e+02
      vertex   -1.230000e+01 -2.606366e+01 2.547296e+02
    endloop
  endfacet
  facet normal 3.668498e-16 -8.467242e-01 -5.320321e-01
    outer loop
      vertex   -2.050000e+01 -2.606366e+01 2.547296e+02
      vertex   -1.230000e+01 -2.606366e+01 2.547296e+02
      vertex   -2.050000e+01 -2.630194e+01 2.551088e+02
    endloop
  endfacet
  facet normal 7.336997e-16 -8.467242e-01 -5.320321e-01
    outer loop
      vertex   -2.050000e+01 -2.630194e+01 2.551088e+02
      vertex   -1.230000e+01 -2.606366e+01 2.547296e+02
      vertex   -1.230000e+01 -2.630194e+01 2.551088e+02
    endloop
  endfacet
  facet normal 8.178896e-16 -9.438833e-01 -3.302791e-01
    outer loop
      vertex   -2.050000e+01 -2.630194e+01 2.551088e+02
      vertex   -1.230000e+01 -2.630194e+01 2.551088e+02
      vertex   -2.050000e+01 -2.644986e+01 2.555315e+02
    endloop
  endfacet
  facet normal -4.089448e-16 -9.438833e-01 -3.302791e-01
    outer loop
      vertex   -2.050000e+01 -2.644986e+01 2.555315e+02
      vertex   -1.230000e+01 -2.630194e+01 2.551088e+02
      vertex   -1.230000e+01 -2.644986e+01 2.555315e+02
    endloop
  endfacet
  facet normal -4.305335e-16 -9.937122e-01 -1.119645e-01
    outer loop
      vertex   -2.050000e+01 -2.644986e+01 2.555315e+02
      vertex   -1.230000e+01 -2.644986e+01 2.555315e+02
      vertex   -2.050000e+01 -2.650000e+01 2.559766e+02
    endloop
  endfacet
  facet normal 0.000000e+00 -1.119645e-01 -9.937122e-01
    outer loop
      vertex   -4.100000e+00 -2.494504e+01 2.540267e+02
      vertex   -1.100000e+01 -2.450000e+01 2.539766e+02
      vertex   4.100000e+00 -2.494504e+01 2.540267e+02
    endloop
  endfacet
  facet normal 1.337724e-15 -1.119645e-01 -9.937122e-01
    outer loop
      vertex   4.100000e+00 -2.494504e+01 2.540267e+02
      vertex   -1.100000e+01 -2.450000e+01 2.539766e+02
      vertex   1.100000e+01 -2.450000e+01 2.539766e+02
    endloop
  endfacet
  facet normal 0.000000e+00 -1.119645e-01 -9.937122e-01
    outer loop
      vertex   4.100000e+00 -2.494504e+01 2.540267e+02
      vertex   1.100000e+01 -2.450000e+01 2.539766e+02
      vertex   1.230000e+01 -2.494504e+01 2.540267e+02
    endloop
  endfacet
  facet normal 0.000000e+00 -3.302791e-01 -9.438833e-01
    outer loop
      vertex   -4.100000e+00 -2.536777e+01 2.541747e+02
      vertex   -4.100000e+00 -2.494504e+01 2.540267e+02
      vertex   4.100000e+00 -2.494504e+01 2.540267e+02
    endloop
  endfacet
  facet normal 0.000000e+00 -3.302791e-01 -9.438833e-01
    outer loop
      vertex   4.100000e+00 -2.494504e+01 2.540267e+02
      vertex   1.230000e+01 -2.494504e+01 2.540267e+02
      vertex   4.100000e+00 -2.536777e+01 2.541747e+02
    endloop
  endfacet
  facet normal 0.000000e+00 -3.302791e-01 -9.438833e-01
    outer loop
      vertex   4.100000e+00 -2.536777e+01 2.541747e+02
      vertex   1.230000e+01 -2.494504e+01 2.540267e+02
      vertex   1.230000e+01 -2.536777e+01 2.541747e+02
    endloop
  endfacet
  facet normal 0.000000e+00 -5.320321e-01 -8.467242e-01
    outer loop
      vertex   4.100000e+00 -2.536777e+01 2.541747e+02
      vertex   1.230000e+01 -2.536777e+01 2.541747e+02
      vertex   4.100000e+00 -2.574698e+01 2.544129e+02
    endloop
  endfacet
  facet normal 0.000000e+00 -5.320321e-01 -8.467242e-01
    outer loop
      vertex   4.100000e+00 -2.574698e+01 2.544129e+02
      vertex   1.230000e+01 -2.536777e+01 2.541747e+02
      vertex   1.230000e+01 -2.574698e+01 2.544129e+02
    endloop
  endfacet
  facet normal 0.000000e+00 -7.071068e-01 -7.071068e-01
    outer loop
      vertex   4.100000e+00 -2.574698e+01 2.544129e+02
      vertex   1.230000e+01 -2.574698e+01 2.544129e+02
      vertex   4.100000e+00 -2.606366e+01 2.547296e+02
    endloop
  endfacet
  facet normal 0.000000e+00 -7.071068e-01 -7.071068e-01
    outer loop
      vertex   4.100000e+00 -2.606366e+01 2.547296e+02
      vertex   1.230000e+01 -2.574698e+01 2.544129e+02
      vertex   1.230000e+01 -2.606366e+01 2.547296e+02
    endloop
  endfacet
  facet normal 0.000000e+00 -8.467242e-01 -5.320321e-01
    outer loop
      vertex   4.100000e+00 -2.606366e+01 2.547296e+02
      vertex   1.230000e+01 -2.606366e+01 2.547296e+02
      vertex   4.100000e+00 -2.630194e+01 2.551088e+02
    endloop
  endfacet
  facet normal 0.000000e+00 -8.467242e-01 -5.320321e-01
    outer loop
      vertex   4.100000e+00 -2.630194e+01 2.551088e+02
      vertex   1.230000e+01 -2.606366e+01 2.547296e+02
      vertex   1.230000e+01 -2.630194e+01 2.551088e+02
    endloop
  endfacet
  facet normal 0.000000e+00 -9.438833e-01 -3.302791e-01
    outer loop
      vertex   4.100000e+00 -2.630194e+01 2.551088e+02
      vertex   1.230000e+01 -2.630194e+01 2.551088e+02
      vertex   4.100000e+00 -2.644986e+01 2.555315e+02
    endloop
  endfacet
  facet normal 0.000000e+00 -9.438833e-01 -3.302791e-01
    outer loop
      vertex   4.100000e+00 -2.644986e+01 2.555315e+02
      vertex   1.230000e+01 -2.630194e+01 2.551088e+02
      vertex   1.230000e+01 -2.644986e+01 2.555315e+02
    endloop
  endfacet
  facet normal 0.000000e+00 -5.320321e-01 -8.467242e-01
    outer loop
      vertex   -4.100000e+00 -2.574698e+01 2.544129e+02
      vertex   -4.100000e+00 -2.536777e+01 2.541747e+02
      vertex   4.100000e+00 -2.536777e+01 2.541747e+02
    endloop
  endfacet
  facet normal -0.000000e+00 -3.302791e-01 -9.438833e-01
    outer loop
      vertex   4.100000e+00 -2.536777e+01 2.541747e+02
      vertex   -4.100000e+00 -2.536777e+01 2.541747e+02
      vertex   4.100000e+00 -2.494504e+01 2.540267e+02
    endloop
  endfacet
  facet normal 0.000000e+00 -5.320321e-01 -8.467242e-01
    outer loop
      vertex   -4.100000e+00 -2.574698e+01 2.544129e+02
      vertex   4.100000e+00 -2.536777e+01 2.541747e+02
      vertex   4.100000e+00 -2.574698e+01 2.544129e+02
    endloop
  endfacet
  facet normal 0.000000e+00 -7.071068e-01 -7.071068e-01
    outer loop
      vertex   -4.100000e+00 -2.606366e+01 2.547296e+02
      vertex   -4.100000e+00 -2.574698e+01 2.544129e+02
      vertex   4.100000e+00 -2.574698e+01 2.544129e+02
    endloop
  endfacet
  facet normal 0.000000e+00 -7.071068e-01 -7.071068e-01
    outer loop
      vertex   -4.100000e+00 -2.606366e+01 2.547296e+02
      vertex   4.100000e+00 -2.574698e+01 2.544129e+02
      vertex   4.100000e+00 -2.606366e+01 2.547296e+02
    endloop
  endfacet
  facet normal 0.000000e+00 -8.467242e-01 -5.320321e-01
    outer loop
      vertex   -4.100000e+00 -2.630194e+01 2.551088e+02
      vertex   -4.100000e+00 -2.606366e+01 2.547296e+02
      vertex   4.100000e+00 -2.606366e+01 2.547296e+02
    endloop
  endfacet
  facet normal 0.000000e+00 -8.467242e-01 -5.320321e-01
    outer loop
      vertex   -4.100000e+00 -2.630194e+01 2.551088e+02
      vertex   4.100000e+00 -2.606366e+01 2.547296e+02
      vertex   4.100000e+00 -2.630194e+01 2.551088e+02
    endloop
  endfacet
  facet normal 0.000000e+00 -9.438833e-01 -3.302791e-01
    outer loop
      vertex   -4.100000e+00 -2.644986e+01 2.555315e+02
      vertex   -4.100000e+00 -2.630194e+01 2.551088e+02
      vertex   4.100000e+00 -2.630194e+01 2.551088e+02
    endloop
  endfacet
  facet normal 0.000000e+00 -9.438833e-01 -3.302791e-01
    outer loop
      vertex   -4.100000e+00 -2.644986e+01 2.555315e+02
      vertex   4.100000e+00 -2.630194e+01 2.551088e+02
      vertex   4.100000e+00 -2.644986e+01 2.555315e+02
    endloop
  endfacet
  facet normal 2.267332e-15 -1.000000e+00 -2.984999e-16
    outer loop
      vertex   -7.051111e+00 -2.650000e+01 2.668384e+02
      vertex   7.051111e+00 -2.650000e+01 2.668384e+02
      vertex   -7.000000e+00 -2.650000e+01 2.672266e+02
    endloop
  endfacet
  facet normal 2.283887e-15 -1.000000e+00 3.006795e-16
    outer loop
      vertex   -7.000000e+00 -2.650000e+01 2.672266e+02
      vertex   7.051111e+00 -2.650000e+01 2.668384e+02
      vertex   7.000000e+00 -2.650000e+01 2.672266e+02
    endloop
  endfacet
  facet normal 2.283887e-15 -1.000000e+00 3.006795e-16
    outer loop
      vertex   -7.000000e+00 -2.650000e+01 2.672266e+02
      vertex   7.000000e+00 -2.650000e+01 2.672266e+02
      vertex   -7.051111e+00 -2.650000e+01 2.676148e+02
    endloop
  endfacet
  facet normal 2.267332e-15 -1.000000e+00 -2.984999e-16
    outer loop
      vertex   -7.051111e+00 -2.650000e+01 2.676148e+02
      vertex   7.000000e+00 -2.650000e+01 2.672266e+02
      vertex   7.051111e+00 -2.650000e+01 2.676148e+02
    endloop
  endfacet
  facet normal 2.267332e-15 -1.000000e+00 9.391597e-16
    outer loop
      vertex   -7.051111e+00 -2.650000e+01 2.676148e+02
      vertex   7.051111e+00 -2.650000e+01 2.676148e+02
      vertex   -7.200962e+00 -2.650000e+01 2.679766e+02
    endloop
  endfacet
  facet normal 2.220149e-15 -1.000000e+00 -9.196160e-16
    outer loop
      vertex   -7.200962e+00 -2.650000e+01 2.679766e+02
      vertex   7.051111e+00 -2.650000e+01 2.676148e+02
      vertex   7.200962e+00 -2.650000e+01 2.679766e+02
    endloop
  endfacet
  facet normal 2.220149e-15 -1.000000e+00 1.703581e-15
    outer loop
      vertex   -7.200962e+00 -2.650000e+01 2.679766e+02
      vertex   7.200962e+00 -2.650000e+01 2.679766e+02
      vertex   -7.439340e+00 -2.650000e+01 2.682873e+02
    endloop
  endfacet
  facet normal 2.149009e-15 -1.000000e+00 -1.648993e-15
    outer loop
      vertex   -7.439340e+00 -2.650000e+01 2.682873e+02
      vertex   7.200962e+00 -2.650000e+01 2.679766e+02
      vertex   7.439340e+00 -2.650000e+01 2.682873e+02
    endloop
  endfacet
  facet normal 2.149009e-15 -1.000000e+00 2.800644e-15
    outer loop
      vertex   -7.439340e+00 -2.650000e+01 2.682873e+02
      vertex   7.439340e+00 -2.650000e+01 2.682873e+02
      vertex   -7.750000e+00 -2.650000e+01 2.685256e+02
    endloop
  endfacet
  facet normal 2.750488e-15 -1.000000e+00 4.112660e-14
    outer loop
      vertex   -7.750000e+00 -2.650000e+01 2.685256e+02
      vertex   7.439340e+00 -2.650000e+01 2.682873e+02
      vertex   7.750000e+00 -2.650000e+01 2.685256e+02
    endloop
  endfacet
  facet normal 2.750488e-15 -1.000000e+00 6.640265e-15
    outer loop
      vertex   -7.750000e+00 -2.650000e+01 2.685256e+02
      vertex   7.750000e+00 -2.650000e+01 2.685256e+02
      vertex   -8.111772e+00 -2.650000e+01 2.686755e+02
    endloop
  endfacet
  facet normal 2.627821e-15 -1.000000e+00 -6.344121e-15
    outer loop
      vertex   -8.111772e+00 -2.650000e+01 2.686755e+02
      vertex   7.750000e+00 -2.650000e+01 2.685256e+02
      vertex   8.111771e+00 -2.650000e+01 2.686755e+02
    endloop
  endfacet
  facet normal 2.627821e-15 -1.000000e+00 8.495976e-14
    outer loop
      vertex   -8.111772e+00 -2.650000e+01 2.686755e+02
      vertex   8.111771e+00 -2.650000e+01 2.686755e+02
      vertex   -1.100000e+01 -2.650000e+01 2.697266e+02
    endloop
  endfacet
  facet normal 1.614870e-16 -1.000000e+00 4.011578e-14
    outer loop
      vertex   -1.100000e+01 -2.650000e+01 2.697266e+02
      vertex   8.111771e+00 -2.650000e+01 2.686755e+02
      vertex   1.100000e+01 -2.650000e+01 2.697266e+02
    endloop
  endfacet
  facet normal -8.366292e-15 -1.000000e+00 6.354830e-14
    outer loop
      vertex   1.100000e+01 -2.650000e+01 2.697266e+02
      vertex   8.111771e+00 -2.650000e+01 2.686755e+02
      vertex   8.500000e+00 -2.650000e+01 2.687266e+02
    endloop
  endfacet
  facet normal 4.222821e-15 -1.000000e+00 3.207551e-14
    outer loop
      vertex   1.100000e+01 -2.650000e+01 2.697266e+02
      vertex   8.500000e+00 -2.650000e+01 2.687266e+02
      vertex   8.888228e+00 -2.650000e+01 2.686755e+02
    endloop
  endfacet
  facet normal 2.267332e-15 -1.000000e+00 9.391597e-16
    outer loop
      vertex   7.051111e+00 -2.650000e+01 2.668384e+02
      vertex   -7.051111e+00 -2.650000e+01 2.668384e+02
      vertex   7.200962e+00 -2.650000e+01 2.664766e+02
    endloop
  endfacet
  facet normal 2.220149e-15 -1.000000e+00 -9.196160e-16
    outer loop
      vertex   7.200962e+00 -2.650000e+01 2.664766e+02
      vertex   -7.051111e+00 -2.650000e+01 2.668384e+02
      vertex   -7.200962e+00 -2.650000e+01 2.664766e+02
    endloop
  endfacet
  facet normal 2.220149e-15 -1.000000e+00 1.703581e-15
    outer loop
      vertex   7.200962e+00 -2.650000e+01 2.664766e+02
      vertex   -7.200962e+00 -2.650000e+01 2.664766e+02
      vertex   7.439340e+00 -2.650000e+01 2.661659e+02
    endloop
  endfacet
  facet normal 2.149009e-15 -1.000000e+00 -1.648993e-15
    outer loop
      vertex   7.439340e+00 -2.650000e+01 2.661659e+02
      vertex   -7.200962e+00 -2.650000e+01 2.664766e+02
      vertex   -7.439340e+00 -2.650000e+01 2.661659e+02
    endloop
  endfacet
  facet normal 2.149009e-15 -1.000000e+00 2.800644e-15
    outer loop
      vertex   7.439340e+00 -2.650000e+01 2.661659e+02
      vertex   -7.439340e+00 -2.650000e+01 2.661659e+02
      vertex   7.750000e+00 -2.650000e+01 2.659276e+02
    endloop
  endfacet
  facet normal 2.521281e-15 -1.000000e+00 2.652161e-14
    outer loop
      vertex   7.750000e+00 -2.650000e+01 2.659276e+02
      vertex   -7.439340e+00 -2.650000e+01 2.661659e+02
      vertex   -7.750000e+00 -2.650000e+01 2.659276e+02
    endloop
  endfacet
  facet normal 2.521281e-15 -1.000000e+00 6.086910e-15
    outer loop
      vertex   7.750000e+00 -2.650000e+01 2.659276e+02
      vertex   -7.750000e+00 -2.650000e+01 2.659276e+02
      vertex   8.111771e+00 -2.650000e+01 2.657777e+02
    endloop
  endfacet
  facet normal 2.408836e-15 -1.000000e+00 -5.815444e-15
    outer loop
      vertex   8.111771e+00 -2.650000e+01 2.657777e+02
      vertex   -7.750000e+00 -2.650000e+01 2.659276e+02
      vertex   -8.111772e+00 -2.650000e+01 2.657777e+02
    endloop
  endfacet
  facet normal 2.408836e-15 -1.000000e+00 -3.936798e-14
    outer loop
      vertex   8.111771e+00 -2.650000e+01 2.657777e+02
      vertex   -8.111772e+00 -2.650000e+01 2.657777e+02
      vertex   -1.100000e+01 -2.650000e+01 2.639766e+02
    endloop
  endfacet
  facet normal 5.925266e-15 -1.000000e+00 -4.500686e-14
    outer loop
      vertex   -1.100000e+01 -2.650000e+01 2.639766e+02
      vertex   -8.111772e+00 -2.650000e+01 2.657777e+02
      vertex   -8.500000e+00 -2.650000e+01 2.657266e+02
    endloop
  endfacet
  facet normal -4.049300e-15 -1.000000e+00 -3.075748e-14
    outer loop
      vertex   -1.100000e+01 -2.650000e+01 2.639766e+02
      vertex   -8.500000e+00 -2.650000e+01 2.657266e+02
      vertex   -8.888229e+00 -2.650000e+01 2.657777e+02
    endloop
  endfacet
  facet normal -9.899143e-15 -1.000000e+00 -2.389864e-14
    outer loop
      vertex   -8.888229e+00 -2.650000e+01 2.657777e+02
      vertex   -9.250000e+00 -2.650000e+01 2.659276e+02
      vertex   -1.100000e+01 -2.650000e+01 2.639766e+02
    endloop
  endfacet
  facet normal -1.489766e-14 -1.000000e+00 -1.941501e-14
    outer loop
      vertex   -1.100000e+01 -2.650000e+01 2.639766e+02
      vertex   -9.250000e+00 -2.650000e+01 2.659276e+02
      vertex   -9.560660e+00 -2.650000e+01 2.661659e+02
    endloop
  endfacet
  facet normal -2.050116e-14 -1.000000e+00 -1.573109e-14
    outer loop
      vertex   -1.100000e+01 -2.650000e+01 2.639766e+02
      vertex   -9.560660e+00 -2.650000e+01 2.661659e+02
      vertex   -9.799038e+00 -2.650000e+01 2.664766e+02
    endloop
  endfacet
  facet normal -2.859332e-14 -1.000000e+00 -1.184374e-14
    outer loop
      vertex   -9.799038e+00 -2.650000e+01 2.664766e+02
      vertex   -9.948889e+00 -2.650000e+01 2.668384e+02
      vertex   -1.100000e+01 -2.650000e+01 2.639766e+02
    endloop
  endfacet
  facet normal -4.478616e-14 -1.000000e+00 -5.896210e-15
    outer loop
      vertex   -1.100000e+01 -2.650000e+01 2.639766e+02
      vertex   -9.948889e+00 -2.650000e+01 2.668384e+02
      vertex   -1.000000e+01 -2.650000e+01 2.672266e+02
    endloop
  endfacet
  facet normal -7.800523e-14 -1.000000e+00 4.325043e-15
    outer loop
      vertex   -1.100000e+01 -2.650000e+01 2.639766e+02
      vertex   -1.000000e+01 -2.650000e+01 2.672266e+02
      vertex   -1.100000e+01 -2.650000e+01 2.697266e+02
    endloop
  endfacet
  facet normal -6.682398e-14 -1.000000e+00 8.797544e-15
    outer loop
      vertex   -1.100000e+01 -2.650000e+01 2.697266e+02
      vertex   -1.000000e+01 -2.650000e+01 2.672266e+02
      vertex   -9.948889e+00 -2.650000e+01 2.676148e+02
    endloop
  endfacet
  facet normal -4.611912e-14 -1.000000e+00 1.910316e-14
    outer loop
      vertex   -1.100000e+01 -2.650000e+01 2.697266e+02
      vertex   -9.948889e+00 -2.650000e+01 2.676148e+02
      vertex   -9.799038e+00 -2.650000e+01 2.679766e+02
    endloop
  endfacet
  facet normal -3.491564e-14 -1.000000e+00 2.679171e-14
    outer loop
      vertex   -9.799038e+00 -2.650000e+01 2.679766e+02
      vertex   -9.560660e+00 -2.650000e+01 2.682873e+02
      vertex   -1.100000e+01 -2.650000e+01 2.697266e+02
    endloop
  endfacet
  facet normal -1.385012e-14 -1.000000e+00 4.785723e-14
    outer loop
      vertex   -1.100000e+01 -2.650000e+01 2.697266e+02
      vertex   -9.560660e+00 -2.650000e+01 2.682873e+02
      vertex   -9.250000e+00 -2.650000e+01 2.685256e+02
    endloop
  endfacet
  facet normal -1.757491e-14 -1.000000e+00 4.242959e-14
    outer loop
      vertex   -1.100000e+01 -2.650000e+01 2.697266e+02
      vertex   -9.250000e+00 -2.650000e+01 2.685256e+02
      vertex   -8.888229e+00 -2.650000e+01 2.686755e+02
    endloop
  endfacet
  facet normal -8.093740e-15 -1.000000e+00 6.147806e-14
    outer loop
      vertex   -8.888229e+00 -2.650000e+01 2.686755e+02
      vertex   -8.500000e+00 -2.650000e+01 2.687266e+02
      vertex   -1.100000e+01 -2.650000e+01 2.697266e+02
    endloop
  endfacet
  facet normal 1.603539e-14 -1.000000e+00 1.218009e-13
    outer loop
      vertex   -1.100000e+01 -2.650000e+01 2.697266e+02
      vertex   -8.500000e+00 -2.650000e+01 2.687266e+02
      vertex   -8.111772e+00 -2.650000e+01 2.686755e+02
    endloop
  endfacet
  facet normal 1.492872e-14 -1.000000e+00 -1.965403e-15
    outer loop
      vertex   9.948889e+00 -2.650000e+01 2.668384e+02
      vertex   1.100000e+01 -2.650000e+01 2.639766e+02
      vertex   1.000000e+01 -2.650000e+01 2.672266e+02
    endloop
  endfacet
  facet normal 3.336461e-14 -1.000000e+00 3.707179e-15
    outer loop
      vertex   1.000000e+01 -2.650000e+01 2.672266e+02
      vertex   1.100000e+01 -2.650000e+01 2.639766e+02
      vertex   1.100000e+01 -2.650000e+01 2.697266e+02
    endloop
  endfacet
  facet normal 3.207551e-14 -1.000000e+00 4.222820e-15
    outer loop
      vertex   1.000000e+01 -2.650000e+01 2.672266e+02
      vertex   1.100000e+01 -2.650000e+01 2.697266e+02
      vertex   9.948889e+00 -2.650000e+01 2.676148e+02
    endloop
  endfacet
  facet normal 2.213717e-14 -1.000000e+00 9.169518e-15
    outer loop
      vertex   9.948889e+00 -2.650000e+01 2.676148e+02
      vertex   1.100000e+01 -2.650000e+01 2.697266e+02
      vertex   9.799038e+00 -2.650000e+01 2.679766e+02
    endloop
  endfacet
  facet normal 1.675950e-14 -1.000000e+00 1.286002e-14
    outer loop
      vertex   9.799038e+00 -2.650000e+01 2.679766e+02
      vertex   1.100000e+01 -2.650000e+01 2.697266e+02
      vertex   9.560660e+00 -2.650000e+01 2.682873e+02
    endloop
  endfacet
  facet normal 1.286002e-14 -1.000000e+00 1.675950e-14
    outer loop
      vertex   9.560660e+00 -2.650000e+01 2.682873e+02
      vertex   1.100000e+01 -2.650000e+01 2.697266e+02
      vertex   9.250000e+00 -2.650000e+01 2.685256e+02
    endloop
  endfacet
  facet normal 9.169518e-15 -1.000000e+00 2.213718e-14
    outer loop
      vertex   9.250000e+00 -2.650000e+01 2.685256e+02
      vertex   1.100000e+01 -2.650000e+01 2.697266e+02
      vertex   8.888228e+00 -2.650000e+01 2.686755e+02
    endloop
  endfacet
  facet normal 9.531107e-15 -1.000000e+00 -3.947914e-15
    outer loop
      vertex   9.948889e+00 -2.650000e+01 2.668384e+02
      vertex   9.799038e+00 -2.650000e+01 2.664766e+02
      vertex   1.100000e+01 -2.650000e+01 2.639766e+02
    endloop
  endfacet
  facet normal 6.833720e-15 -1.000000e+00 -5.243697e-15
    outer loop
      vertex   1.100000e+01 -2.650000e+01 2.639766e+02
      vertex   9.799038e+00 -2.650000e+01 2.664766e+02
      vertex   9.560660e+00 -2.650000e+01 2.661659e+02
    endloop
  endfacet
  facet normal 2.777004e-14 -1.000000e+00 8.520489e-15
    outer loop
      vertex   1.100000e+01 -2.650000e+01 2.639766e+02
      vertex   9.560660e+00 -2.650000e+01 2.661659e+02
      vertex   9.250000e+00 -2.650000e+01 2.659276e+02
    endloop
  endfacet
  facet normal 4.949571e-15 -1.000000e+00 -1.194932e-14
    outer loop
      vertex   9.250000e+00 -2.650000e+01 2.659276e+02
      vertex   8.888228e+00 -2.650000e+01 2.657777e+02
      vertex   1.100000e+01 -2.650000e+01 2.639766e+02
    endloop
  endfacet
  facet normal 2.024650e-15 -1.000000e+00 -1.537874e-14
    outer loop
      vertex   1.100000e+01 -2.650000e+01 2.639766e+02
      vertex   8.888228e+00 -2.650000e+01 2.657777e+02
      vertex   8.500000e+00 -2.650000e+01 2.657266e+02
    endloop
  endfacet
  facet normal -2.962633e-15 -1.000000e+00 -2.250343e-14
    outer loop
      vertex   1.100000e+01 -2.650000e+01 2.639766e+02
      vertex   8.500000e+00 -2.650000e+01 2.657266e+02
      vertex   8.111771e+00 -2.650000e+01 2.657777e+02
    endloop
  endfacet
  facet normal -7.479397e-16 -1.000000e+00 1.776357e-15
    outer loop
      vertex   -2.050000e+01 -2.650000e+01 2.639766e+02
      vertex   -2.050000e+01 -2.650000e+01 2.559766e+02
      vertex   -1.100000e+01 -2.650000e+01 2.639766e+02
    endloop
  endfacet
  facet normal 0.000000e+00 -1.000000e+00 8.881784e-16
    outer loop
      vertex   -1.100000e+01 -2.650000e+01 2.639766e+02
      vertex   -2.050000e+01 -2.650000e+01 2.559766e+02
      vertex   2.050000e+01 -2.650000e+01 2.559766e+02
    endloop
  endfacet
  facet normal 3.229740e-16 -1.000000e+00 2.159888e-15
    outer loop
      vertex   -1.100000e+01 -2.650000e+01 2.639766e+02
      vertex   2.050000e+01 -2.650000e+01 2.559766e+02
      vertex   1.100000e+01 -2.650000e+01 2.639766e+02
    endloop
  endfacet
  facet normal -1.062886e-29 -1.000000e+00 1.776357e-15
    outer loop
      vertex   1.100000e+01 -2.650000e+01 2.639766e+02
      vertex   2.050000e+01 -2.650000e+01 2.559766e+02
      vertex   2.050000e+01 -2.650000e+01 2.639766e+02
    endloop
  endfacet
  facet normal 3.229740e-16 -1.000000e+00 -1.723469e-14
    outer loop
      vertex   8.111771e+00 -2.650000e+01 2.657777e+02
      vertex   -1.100000e+01 -2.650000e+01 2.639766e+02
      vertex   1.100000e+01 -2.650000e+01 2.639766e+02
    endloop
  endfacet
  facet normal 0.000000e+00 9.914449e-01 -1.305262e-01
    outer loop
      vertex   -2.050000e+01 -6.944889e+01 2.593882e+02
      vertex   -2.050000e+01 -6.950000e+01 2.590000e+02
      vertex   -2.525000e+01 -6.950000e+01 2.590000e+02
    endloop
  endfacet
  facet normal -0.000000e+00 9.914449e-01 1.305262e-01
    outer loop
      vertex   -2.525000e+01 -6.950000e+01 2.590000e+02
      vertex   -2.050000e+01 -6.950000e+01 2.590000e+02
      vertex   -2.050000e+01 -6.944889e+01 2.586118e+02
    endloop
  endfacet
  facet normal 0.000000e+00 9.914449e-01 1.305262e-01
    outer loop
      vertex   -2.525000e+01 -6.950000e+01 2.590000e+02
      vertex   -2.050000e+01 -6.944889e+01 2.586118e+02
      vertex   -2.525000e+01 -6.944889e+01 2.586118e+02
    endloop
  endfacet
  facet normal -0.000000e+00 9.238795e-01 3.826834e-01
    outer loop
      vertex   -2.525000e+01 -6.944889e+01 2.586118e+02
      vertex   -2.050000e+01 -6.944889e+01 2.586118e+02
      vertex   -2.525000e+01 -6.929904e+01 2.582500e+02
    endloop
  endfacet
  facet normal 2.764368e-15 9.238795e-01 3.826834e-01
    outer loop
      vertex   -2.525000e+01 -6.944889e+01 2.586118e+02
      vertex   -2.525000e+01 -6.929904e+01 2.582500e+02
      vertex   -3.000000e+01 -6.929904e+01 2.582500e+02
    endloop
  endfacet
  facet normal 2.373522e-15 7.933533e-01 6.087614e-01
    outer loop
      vertex   -3.000000e+01 -6.929904e+01 2.582500e+02
      vertex   -2.525000e+01 -6.929904e+01 2.582500e+02
      vertex   -3.000000e+01 -6.906066e+01 2.579393e+02
    endloop
  endfacet
  facet normal -2.373522e-15 7.933533e-01 6.087614e-01
    outer loop
      vertex   -3.000000e+01 -6.906066e+01 2.579393e+02
      vertex   -2.525000e+01 -6.929904e+01 2.582500e+02
      vertex   -2.525000e+01 -6.906066e+01 2.579393e+02
    endloop
  endfacet
  facet normal -1.821267e-15 6.087614e-01 7.933533e-01
    outer loop
      vertex   -3.000000e+01 -6.906066e+01 2.579393e+02
      vertex   -2.525000e+01 -6.906066e+01 2.579393e+02
      vertex   -3.000000e+01 -6.875000e+01 2.577010e+02
    endloop
  endfacet
  facet normal -0.000000e+00 6.087614e-01 7.933533e-01
    outer loop
      vertex   -3.000000e+01 -6.875000e+01 2.577010e+02
      vertex   -2.525000e+01 -6.906066e+01 2.579393e+02
      vertex   -2.525000e+01 -6.875000e+01 2.577010e+02
    endloop
  endfacet
  facet normal -0.000000e+00 3.826834e-01 9.238795e-01
    outer loop
      vertex   -3.000000e+01 -6.875000e+01 2.577010e+02
      vertex   -2.525000e+01 -6.875000e+01 2.577010e+02
      vertex   -3.000000e+01 -6.838823e+01 2.575511e+02
    endloop
  endfacet
  facet normal -0.000000e+00 3.826834e-01 9.238795e-01
    outer loop
      vertex   -3.000000e+01 -6.838823e+01 2.575511e+02
      vertex   -2.525000e+01 -6.875000e+01 2.577010e+02
      vertex   -2.525000e+01 -6.838823e+01 2.575511e+02
    endloop
  endfacet
  facet normal -0.000000e+00 1.305262e-01 9.914449e-01
    outer loop
      vertex   -3.000000e+01 -6.838823e+01 2.575511e+02
      vertex   -2.525000e+01 -6.838823e+01 2.575511e+02
      vertex   -3.000000e+01 -6.800000e+01 2.575000e+02
    endloop
  endfacet
  facet normal -0.000000e+00 1.305262e-01 9.914449e-01
    outer loop
      vertex   -3.000000e+01 -6.800000e+01 2.575000e+02
      vertex   -2.525000e+01 -6.838823e+01 2.575511e+02
      vertex   -2.525000e+01 -6.800000e+01 2.575000e+02
    endloop
  endfacet
  facet normal 0.000000e+00 -1.305262e-01 9.914449e-01
    outer loop
      vertex   -3.000000e+01 -6.800000e+01 2.575000e+02
      vertex   -2.525000e+01 -6.800000e+01 2.575000e+02
      vertex   -3.000000e+01 -6.761177e+01 2.575511e+02
    endloop
  endfacet
  facet normal 0.000000e+00 -1.305262e-01 9.914449e-01
    outer loop
      vertex   -3.000000e+01 -6.761177e+01 2.575511e+02
      vertex   -2.525000e+01 -6.800000e+01 2.575000e+02
      vertex   -2.525000e+01 -6.761177e+01 2.575511e+02
    endloop
  endfacet
  facet normal 0.000000e+00 -3.826834e-01 9.238795e-01
    outer loop
      vertex   -3.000000e+01 -6.761177e+01 2.575511e+02
      vertex   -2.525000e+01 -6.761177e+01 2.575511e+02
      vertex   -3.000000e+01 -6.725000e+01 2.577010e+02
    endloop
  endfacet
  facet normal 1.144896e-15 -3.826834e-01 9.238795e-01
    outer loop
      vertex   -3.000000e+01 -6.725000e+01 2.577010e+02
      vertex   -2.525000e+01 -6.761177e+01 2.575511e+02
      vertex   -2.525000e+01 -6.725000e+01 2.577010e+02
    endloop
  endfacet
  facet normal 1.821267e-15 -6.087614e-01 7.933533e-01
    outer loop
      vertex   -3.000000e+01 -6.725000e+01 2.577010e+02
      vertex   -2.525000e+01 -6.725000e+01 2.577010e+02
      vertex   -3.000000e+01 -6.693934e+01 2.579393e+02
    endloop
  endfacet
  facet normal -1.821267e-15 -6.087614e-01 7.933533e-01
    outer loop
      vertex   -3.000000e+01 -6.693934e+01 2.579393e+02
      vertex   -2.525000e+01 -6.725000e+01 2.577010e+02
      vertex   -2.525000e+01 -6.693934e+01 2.579393e+02
    endloop
  endfacet
  facet normal -2.373522e-15 -7.933533e-01 6.087614e-01
    outer loop
      vertex   -3.000000e+01 -6.693934e+01 2.579393e+02
      vertex   -2.525000e+01 -6.693934e+01 2.579393e+02
      vertex   -3.000000e+01 -6.670096e+01 2.582500e+02
    endloop
  endfacet
  facet normal 2.373522e-15 -7.933533e-01 6.087614e-01
    outer loop
      vertex   -3.000000e+01 -6.670096e+01 2.582500e+02
      vertex   -2.525000e+01 -6.693934e+01 2.579393e+02
      vertex   -2.525000e+01 -6.670096e+01 2.582500e+02
    endloop
  endfacet
  facet normal 2.764025e-15 -9.238795e-01 3.826834e-01
    outer loop
      vertex   -3.000000e+01 -6.670096e+01 2.582500e+02
      vertex   -2.525000e+01 -6.670096e+01 2.582500e+02
      vertex   -3.000000e+01 -6.655111e+01 2.586118e+02
    endloop
  endfacet
  facet normal 0.000000e+00 -9.238795e-01 3.826834e-01
    outer loop
      vertex   -3.000000e+01 -6.655111e+01 2.586118e+02
      vertex   -2.525000e+01 -6.670096e+01 2.582500e+02
      vertex   -2.525000e+01 -6.655111e+01 2.586118e+02
    endloop
  endfacet
  facet normal 0.000000e+00 -9.914449e-01 1.305262e-01
    outer loop
      vertex   -3.000000e+01 -6.655111e+01 2.586118e+02
      vertex   -2.525000e+01 -6.655111e+01 2.586118e+02
      vertex   -3.000000e+01 -6.650000e+01 2.590000e+02
    endloop
  endfacet
  facet normal 0.000000e+00 -9.914449e-01 1.305262e-01
    outer loop
      vertex   -3.000000e+01 -6.650000e+01 2.590000e+02
      vertex   -2.525000e+01 -6.655111e+01 2.586118e+02
      vertex   -2.525000e+01 -6.650000e+01 2.590000e+02
    endloop
  endfacet
  facet normal 0.000000e+00 -9.914449e-01 -1.305262e-01
    outer loop
      vertex   -3.000000e+01 -6.650000e+01 2.590000e+02
      vertex   -2.525000e+01 -6.650000e+01 2.590000e+02
      vertex   -3.000000e+01 -6.655111e+01 2.593882e+02
    endloop
  endfacet
  facet normal 0.000000e+00 -9.914449e-01 -1.305262e-01
    outer loop
      vertex   -3.000000e+01 -6.655111e+01 2.593882e+02
      vertex   -2.525000e+01 -6.650000e+01 2.590000e+02
      vertex   -2.525000e+01 -6.655111e+01 2.593882e+02
    endloop
  endfacet
  facet normal 0.000000e+00 -9.238795e-01 -3.826834e-01
    outer loop
      vertex   -3.000000e+01 -6.655111e+01 2.593882e+02
      vertex   -2.525000e+01 -6.655111e+01 2.593882e+02
      vertex   -3.000000e+01 -6.670096e+01 2.597500e+02
    endloop
  endfacet
  facet normal 2.764025e-15 -9.238795e-01 -3.826834e-01
    outer loop
      vertex   -3.000000e+01 -6.670096e+01 2.597500e+02
      vertex   -2.525000e+01 -6.655111e+01 2.593882e+02
      vertex   -2.525000e+01 -6.670096e+01 2.597500e+02
    endloop
  endfacet
  facet normal 2.373522e-15 -7.933533e-01 -6.087614e-01
    outer loop
      vertex   -3.000000e+01 -6.670096e+01 2.597500e+02
      vertex   -2.525000e+01 -6.670096e+01 2.597500e+02
      vertex   -3.000000e+01 -6.693934e+01 2.600607e+02
    endloop
  endfacet
  facet normal -2.373522e-15 -7.933533e-01 -6.087614e-01
    outer loop
      vertex   -3.000000e+01 -6.693934e+01 2.600607e+02
      vertex   -2.525000e+01 -6.670096e+01 2.597500e+02
      vertex   -2.525000e+01 -6.693934e+01 2.600607e+02
    endloop
  endfacet
  facet normal -1.821267e-15 -6.087614e-01 -7.933533e-01
    outer loop
      vertex   -3.000000e+01 -6.693934e+01 2.600607e+02
      vertex   -2.525000e+01 -6.693934e+01 2.600607e+02
      vertex   -3.000000e+01 -6.725000e+01 2.602990e+02
    endloop
  endfacet
  facet normal 1.821267e-15 -6.087614e-01 -7.933533e-01
    outer loop
      vertex   -3.000000e+01 -6.725000e+01 2.602990e+02
      vertex   -2.525000e+01 -6.693934e+01 2.600607e+02
      vertex   -2.525000e+01 -6.725000e+01 2.602990e+02
    endloop
  endfacet
  facet normal 1.144896e-15 -3.826834e-01 -9.238795e-01
    outer loop
      vertex   -3.000000e+01 -6.725000e+01 2.602990e+02
      vertex   -2.525000e+01 -6.725000e+01 2.602990e+02
      vertex   -3.000000e+01 -6.761177e+01 2.604489e+02
    endloop
  endfacet
  facet normal 0.000000e+00 -3.826834e-01 -9.238795e-01
    outer loop
      vertex   -3.000000e+01 -6.761177e+01 2.604489e+02
      vertex   -2.525000e+01 -6.725000e+01 2.602990e+02
      vertex   -2.525000e+01 -6.761177e+01 2.604489e+02
    endloop
  endfacet
  facet normal 0.000000e+00 -1.305262e-01 -9.914449e-01
    outer loop
      vertex   -3.000000e+01 -6.761177e+01 2.604489e+02
      vertex   -2.525000e+01 -6.761177e+01 2.604489e+02
      vertex   -3.000000e+01 -6.800000e+01 2.605000e+02
    endloop
  endfacet
  facet normal 0.000000e+00 -1.305262e-01 -9.914449e-01
    outer loop
      vertex   -3.000000e+01 -6.800000e+01 2.605000e+02
      vertex   -2.525000e+01 -6.761177e+01 2.604489e+02
      vertex   -2.525000e+01 -6.800000e+01 2.605000e+02
    endloop
  endfacet
  facet normal 0.000000e+00 1.305262e-01 -9.914449e-01
    outer loop
      vertex   -3.000000e+01 -6.800000e+01 2.605000e+02
      vertex   -2.525000e+01 -6.800000e+01 2.605000e+02
      vertex   -3.000000e+01 -6.838823e+01 2.604489e+02
    endloop
  endfacet
  facet normal 0.000000e+00 1.305262e-01 -9.914449e-01
    outer loop
      vertex   -3.000000e+01 -6.838823e+01 2.604489e+02
      vertex   -2.525000e+01 -6.800000e+01 2.605000e+02
      vertex   -2.525000e+01 -6.838823e+01 2.604489e+02
    endloop
  endfacet
  facet normal 0.000000e+00 3.826834e-01 -9.238795e-01
    outer loop
      vertex   -3.000000e+01 -6.838823e+01 2.604489e+02
      vertex   -2.525000e+01 -6.838823e+01 2.604489e+02
      vertex   -3.000000e+01 -6.875000e+01 2.602990e+02
    endloop
  endfacet
  facet normal 0.000000e+00 3.826834e-01 -9.238795e-01
    outer loop
      vertex   -3.000000e+01 -6.875000e+01 2.602990e+02
      vertex   -2.525000e+01 -6.838823e+01 2.604489e+02
      vertex   -2.525000e+01 -6.875000e+01 2.602990e+02
    endloop
  endfacet
  facet normal 0.000000e+00 6.087614e-01 -7.933533e-01
    outer loop
      vertex   -3.000000e+01 -6.875000e+01 2.602990e+02
      vertex   -2.525000e+01 -6.875000e+01 2.602990e+02
      vertex   -3.000000e+01 -6.906066e+01 2.600607e+02
    endloop
  endfacet
  facet normal -1.821267e-15 6.087614e-01 -7.933533e-01
    outer loop
      vertex   -3.000000e+01 -6.906066e+01 2.600607e+02
      vertex   -2.525000e+01 -6.875000e+01 2.602990e+02
      vertex   -2.525000e+01 -6.906066e+01 2.600607e+02
    endloop
  endfacet
  facet normal -2.373522e-15 7.933533e-01 -6.087614e-01
    outer loop
      vertex   -3.000000e+01 -6.906066e+01 2.600607e+02
      vertex   -2.525000e+01 -6.906066e+01 2.600607e+02
      vertex   -3.000000e+01 -6.929904e+01 2.597500e+02
    endloop
  endfacet
  facet normal 2.373522e-15 7.933533e-01 -6.087614e-01
    outer loop
      vertex   -3.000000e+01 -6.929904e+01 2.597500e+02
      vertex   -2.525000e+01 -6.906066e+01 2.600607e+02
      vertex   -2.525000e+01 -6.929904e+01 2.597500e+02
    endloop
  endfacet
  facet normal 2.764025e-15 9.238795e-01 -3.826834e-01
    outer loop
      vertex   -3.000000e+01 -6.929904e+01 2.597500e+02
      vertex   -2.525000e+01 -6.929904e+01 2.597500e+02
      vertex   -3.000000e+01 -6.944889e+01 2.593882e+02
    endloop
  endfacet
  facet normal 0.000000e+00 9.238795e-01 -3.826834e-01
    outer loop
      vertex   -3.000000e+01 -6.944889e+01 2.593882e+02
      vertex   -2.525000e+01 -6.929904e+01 2.597500e+02
      vertex   -2.525000e+01 -6.944889e+01 2.593882e+02
    endloop
  endfacet
  facet normal 0.000000e+00 9.914449e-01 -1.305262e-01
    outer loop
      vertex   -3.000000e+01 -6.944889e+01 2.593882e+02
      vertex   -2.525000e+01 -6.944889e+01 2.593882e+02
      vertex   -3.000000e+01 -6.950000e+01 2.590000e+02
    endloop
  endfacet
  facet normal 0.000000e+00 9.914449e-01 -1.305262e-01
    outer loop
      vertex   -3.000000e+01 -6.950000e+01 2.590000e+02
      vertex   -2.525000e+01 -6.944889e+01 2.593882e+02
      vertex   -2.525000e+01 -6.950000e+01 2.590000e+02
    endloop
  endfacet
  facet normal -0.000000e+00 9.914449e-01 1.305262e-01
    outer loop
      vertex   -3.000000e+01 -6.950000e+01 2.590000e+02
      vertex   -2.525000e+01 -6.950000e+01 2.590000e+02
      vertex   -2.525000e+01 -6.944889e+01 2.586118e+02
    endloop
  endfacet
  facet normal -2.764369e-15 9.238795e-01 3.826834e-01
    outer loop
      vertex   -2.050000e+01 -6.944889e+01 2.586118e+02
      vertex   -2.050000e+01 -6.929904e+01 2.582500e+02
      vertex   -2.525000e+01 -6.929904e+01 2.582500e+02
    endloop
  endfacet
  facet normal -2.373522e-15 7.933533e-01 6.087614e-01
    outer loop
      vertex   -2.525000e+01 -6.929904e+01 2.582500e+02
      vertex   -2.050000e+01 -6.929904e+01 2.582500e+02
      vertex   -2.525000e+01 -6.906066e+01 2.579393e+02
    endloop
  endfacet
  facet normal 2.372656e-15 7.933533e-01 6.087614e-01
    outer loop
      vertex   -2.050000e+01 -6.929904e+01 2.582500e+02
      vertex   -2.050000e+01 -6.906066e+01 2.579393e+02
      vertex   -2.525000e+01 -6.906066e+01 2.579393e+02
    endloop
  endfacet
  facet normal 1.821268e-15 6.087614e-01 7.933533e-01
    outer loop
      vertex   -2.525000e+01 -6.906066e+01 2.579393e+02
      vertex   -2.050000e+01 -6.906066e+01 2.579393e+02
      vertex   -2.525000e+01 -6.875000e+01 2.577010e+02
    endloop
  endfacet
  facet normal 0.000000e+00 6.087614e-01 7.933533e-01
    outer loop
      vertex   -2.050000e+01 -6.906066e+01 2.579393e+02
      vertex   -2.050000e+01 -6.875000e+01 2.577010e+02
      vertex   -2.525000e+01 -6.875000e+01 2.577010e+02
    endloop
  endfacet
  facet normal -0.000000e+00 3.826834e-01 9.238795e-01
    outer loop
      vertex   -2.525000e+01 -6.875000e+01 2.577010e+02
      vertex   -2.050000e+01 -6.875000e+01 2.577010e+02
      vertex   -2.525000e+01 -6.838823e+01 2.575511e+02
    endloop
  endfacet
  facet normal 0.000000e+00 3.826834e-01 9.238795e-01
    outer loop
      vertex   -2.050000e+01 -6.875000e+01 2.577010e+02
      vertex   -2.050000e+01 -6.838823e+01 2.575511e+02
      vertex   -2.525000e+01 -6.838823e+01 2.575511e+02
    endloop
  endfacet
  facet normal -0.000000e+00 1.305262e-01 9.914449e-01
    outer loop
      vertex   -2.525000e+01 -6.838823e+01 2.575511e+02
      vertex   -2.050000e+01 -6.838823e+01 2.575511e+02
      vertex   -2.525000e+01 -6.800000e+01 2.575000e+02
    endloop
  endfacet
  facet normal 0.000000e+00 1.305262e-01 9.914449e-01
    outer loop
      vertex   -2.050000e+01 -6.838823e+01 2.575511e+02
      vertex   -2.050000e+01 -6.800000e+01 2.575000e+02
      vertex   -2.525000e+01 -6.800000e+01 2.575000e+02
    endloop
  endfacet
  facet normal 0.000000e+00 -1.305262e-01 9.914449e-01
    outer loop
      vertex   -2.525000e+01 -6.800000e+01 2.575000e+02
      vertex   -2.050000e+01 -6.800000e+01 2.575000e+02
      vertex   -2.525000e+01 -6.761177e+01 2.575511e+02
    endloop
  endfacet
  facet normal 0.000000e+00 -1.305262e-01 9.914449e-01
    outer loop
      vertex   -2.050000e+01 -6.800000e+01 2.575000e+02
      vertex   -2.050000e+01 -6.761177e+01 2.575511e+02
      vertex   -2.525000e+01 -6.761177e+01 2.575511e+02
    endloop
  endfacet
  facet normal 0.000000e+00 -3.826834e-01 9.238795e-01
    outer loop
      vertex   -2.525000e+01 -6.761177e+01 2.575511e+02
      vertex   -2.050000e+01 -6.761177e+01 2.575511e+02
      vertex   -2.525000e+01 -6.725000e+01 2.577010e+02
    endloop
  endfacet
  facet normal -1.145292e-15 -3.826834e-01 9.238795e-01
    outer loop
      vertex   -2.050000e+01 -6.761177e+01 2.575511e+02
      vertex   -2.050000e+01 -6.725000e+01 2.577010e+02
      vertex   -2.525000e+01 -6.725000e+01 2.577010e+02
    endloop
  endfacet
  facet normal -1.821268e-15 -6.087614e-01 7.933533e-01
    outer loop
      vertex   -2.525000e+01 -6.725000e+01 2.577010e+02
      vertex   -2.050000e+01 -6.725000e+01 2.577010e+02
      vertex   -2.525000e+01 -6.693934e+01 2.579393e+02
    endloop
  endfacet
  facet normal 1.820529e-15 -6.087614e-01 7.933533e-01
    outer loop
      vertex   -2.050000e+01 -6.725000e+01 2.577010e+02
      vertex   -2.050000e+01 -6.693934e+01 2.579393e+02
      vertex   -2.525000e+01 -6.693934e+01 2.579393e+02
    endloop
  endfacet
  facet normal 2.373522e-15 -7.933533e-01 6.087614e-01
    outer loop
      vertex   -2.525000e+01 -6.693934e+01 2.579393e+02
      vertex   -2.050000e+01 -6.693934e+01 2.579393e+02
      vertex   -2.525000e+01 -6.670096e+01 2.582500e+02
    endloop
  endfacet
  facet normal -2.372656e-15 -7.933533e-01 6.087614e-01
    outer loop
      vertex   -2.050000e+01 -6.693934e+01 2.579393e+02
      vertex   -2.050000e+01 -6.670096e+01 2.582500e+02
      vertex   -2.525000e+01 -6.670096e+01 2.582500e+02
    endloop
  endfacet
  facet normal -2.764025e-15 -9.238795e-01 3.826834e-01
    outer loop
      vertex   -2.525000e+01 -6.670096e+01 2.582500e+02
      vertex   -2.050000e+01 -6.670096e+01 2.582500e+02
      vertex   -2.525000e+01 -6.655111e+01 2.586118e+02
    endloop
  endfacet
  facet normal 0.000000e+00 -9.238795e-01 3.826834e-01
    outer loop
      vertex   -2.050000e+01 -6.670096e+01 2.582500e+02
      vertex   -2.050000e+01 -6.655111e+01 2.586118e+02
      vertex   -2.525000e+01 -6.655111e+01 2.586118e+02
    endloop
  endfacet
  facet normal 0.000000e+00 -9.914449e-01 1.305262e-01
    outer loop
      vertex   -2.525000e+01 -6.655111e+01 2.586118e+02
      vertex   -2.050000e+01 -6.655111e+01 2.586118e+02
      vertex   -2.525000e+01 -6.650000e+01 2.590000e+02
    endloop
  endfacet
  facet normal 0.000000e+00 -9.914449e-01 1.305262e-01
    outer loop
      vertex   -2.050000e+01 -6.655111e+01 2.586118e+02
      vertex   -2.050000e+01 -6.650000e+01 2.590000e+02
      vertex   -2.525000e+01 -6.650000e+01 2.590000e+02
    endloop
  endfacet
  facet normal 0.000000e+00 -9.914449e-01 -1.305262e-01
    outer loop
      vertex   -2.525000e+01 -6.650000e+01 2.590000e+02
      vertex   -2.050000e+01 -6.650000e+01 2.590000e+02
      vertex   -2.525000e+01 -6.655111e+01 2.593882e+02
    endloop
  endfacet
  facet normal 0.000000e+00 -9.914449e-01 -1.305262e-01
    outer loop
      vertex   -2.050000e+01 -6.650000e+01 2.590000e+02
      vertex   -2.050000e+01 -6.655111e+01 2.593882e+02
      vertex   -2.525000e+01 -6.655111e+01 2.593882e+02
    endloop
  endfacet
  facet normal 0.000000e+00 -9.238795e-01 -3.826834e-01
    outer loop
      vertex   -2.525000e+01 -6.655111e+01 2.593882e+02
      vertex   -2.050000e+01 -6.655111e+01 2.593882e+02
      vertex   -2.525000e+01 -6.670096e+01 2.597500e+02
    endloop
  endfacet
  facet normal -2.764369e-15 -9.238795e-01 -3.826834e-01
    outer loop
      vertex   -2.050000e+01 -6.655111e+01 2.593882e+02
      vertex   -2.050000e+01 -6.670096e+01 2.597500e+02
      vertex   -2.525000e+01 -6.670096e+01 2.597500e+02
    endloop
  endfacet
  facet normal -2.373522e-15 -7.933533e-01 -6.087614e-01
    outer loop
      vertex   -2.525000e+01 -6.670096e+01 2.597500e+02
      vertex   -2.050000e+01 -6.670096e+01 2.597500e+02
      vertex   -2.525000e+01 -6.693934e+01 2.600607e+02
    endloop
  endfacet
  facet normal 2.372656e-15 -7.933533e-01 -6.087614e-01
    outer loop
      vertex   -2.050000e+01 -6.670096e+01 2.597500e+02
      vertex   -2.050000e+01 -6.693934e+01 2.600607e+02
      vertex   -2.525000e+01 -6.693934e+01 2.600607e+02
    endloop
  endfacet
  facet normal 1.821268e-15 -6.087614e-01 -7.933533e-01
    outer loop
      vertex   -2.525000e+01 -6.693934e+01 2.600607e+02
      vertex   -2.050000e+01 -6.693934e+01 2.600607e+02
      vertex   -2.525000e+01 -6.725000e+01 2.602990e+02
    endloop
  endfacet
  facet normal -1.820529e-15 -6.087614e-01 -7.933533e-01
    outer loop
      vertex   -2.050000e+01 -6.693934e+01 2.600607e+02
      vertex   -2.050000e+01 -6.725000e+01 2.602990e+02
      vertex   -2.525000e+01 -6.725000e+01 2.602990e+02
    endloop
  endfacet
  facet normal -1.144897e-15 -3.826834e-01 -9.238795e-01
    outer loop
      vertex   -2.525000e+01 -6.725000e+01 2.602990e+02
      vertex   -2.050000e+01 -6.725000e+01 2.602990e+02
      vertex   -2.525000e+01 -6.761177e+01 2.604489e+02
    endloop
  endfacet
  facet normal 0.000000e+00 -3.826834e-01 -9.238795e-01
    outer loop
      vertex   -2.050000e+01 -6.725000e+01 2.602990e+02
      vertex   -2.050000e+01 -6.761177e+01 2.604489e+02
      vertex   -2.525000e+01 -6.761177e+01 2.604489e+02
    endloop
  endfacet
  facet normal 0.000000e+00 -1.305262e-01 -9.914449e-01
    outer loop
      vertex   -2.525000e+01 -6.761177e+01 2.604489e+02
      vertex   -2.050000e+01 -6.761177e+01 2.604489e+02
      vertex   -2.525000e+01 -6.800000e+01 2.605000e+02
    endloop
  endfacet
  facet normal 0.000000e+00 -1.305262e-01 -9.914449e-01
    outer loop
      vertex   -2.050000e+01 -6.761177e+01 2.604489e+02
      vertex   -2.050000e+01 -6.800000e+01 2.605000e+02
      vertex   -2.525000e+01 -6.800000e+01 2.605000e+02
    endloop
  endfacet
  facet normal 0.000000e+00 1.305262e-01 -9.914449e-01
    outer loop
      vertex   -2.525000e+01 -6.800000e+01 2.605000e+02
      vertex   -2.050000e+01 -6.800000e+01 2.605000e+02
      vertex   -2.525000e+01 -6.838823e+01 2.604489e+02
    endloop
  endfacet
  facet normal 0.000000e+00 1.305262e-01 -9.914449e-01
    outer loop
      vertex   -2.050000e+01 -6.800000e+01 2.605000e+02
      vertex   -2.050000e+01 -6.838823e+01 2.604489e+02
      vertex   -2.525000e+01 -6.838823e+01 2.604489e+02
    endloop
  endfacet
  facet normal 0.000000e+00 3.826834e-01 -9.238795e-01
    outer loop
      vertex   -2.525000e+01 -6.838823e+01 2.604489e+02
      vertex   -2.050000e+01 -6.838823e+01 2.604489e+02
      vertex   -2.525000e+01 -6.875000e+01 2.602990e+02
    endloop
  endfacet
  facet normal 0.000000e+00 3.826834e-01 -9.238795e-01
    outer loop
      vertex   -2.050000e+01 -6.838823e+01 2.604489e+02
      vertex   -2.050000e+01 -6.875000e+01 2.602990e+02
      vertex   -2.525000e+01 -6.875000e+01 2.602990e+02
    endloop
  endfacet
  facet normal 0.000000e+00 6.087614e-01 -7.933533e-01
    outer loop
      vertex   -2.525000e+01 -6.875000e+01 2.602990e+02
      vertex   -2.050000e+01 -6.875000e+01 2.602990e+02
      vertex   -2.525000e+01 -6.906066e+01 2.600607e+02
    endloop
  endfacet
  facet normal 1.820529e-15 6.087614e-01 -7.933533e-01
    outer loop
      vertex   -2.050000e+01 -6.875000e+01 2.602990e+02
      vertex   -2.050000e+01 -6.906066e+01 2.600607e+02
      vertex   -2.525000e+01 -6.906066e+01 2.600607e+02
    endloop
  endfacet
  facet normal 2.373522e-15 7.933533e-01 -6.087614e-01
    outer loop
      vertex   -2.525000e+01 -6.906066e+01 2.600607e+02
      vertex   -2.050000e+01 -6.906066e+01 2.600607e+02
      vertex   -2.525000e+01 -6.929904e+01 2.597500e+02
    endloop
  endfacet
  facet normal -2.372656e-15 7.933533e-01 -6.087614e-01
    outer loop
      vertex   -2.050000e+01 -6.906066e+01 2.600607e+02
      vertex   -2.050000e+01 -6.929904e+01 2.597500e+02
      vertex   -2.525000e+01 -6.929904e+01 2.597500e+02
    endloop
  endfacet
  facet normal -2.764025e-15 9.238795e-01 -3.826834e-01
    outer loop
      vertex   -2.525000e+01 -6.929904e+01 2.597500e+02
      vertex   -2.050000e+01 -6.929904e+01 2.597500e+02
      vertex   -2.525000e+01 -6.944889e+01 2.593882e+02
    endloop
  endfacet
  facet normal 0.000000e+00 9.238795e-01 -3.826834e-01
    outer loop
      vertex   -2.050000e+01 -6.929904e+01 2.597500e+02
      vertex   -2.050000e+01 -6.944889e+01 2.593882e+02
      vertex   -2.525000e+01 -6.944889e+01 2.593882e+02
    endloop
  endfacet
  facet normal 0.000000e+00 9.914449e-01 -1.305262e-01
    outer loop
      vertex   -2.525000e+01 -6.944889e+01 2.593882e+02
      vertex   -2.050000e+01 -6.944889e+01 2.593882e+02
      vertex   -2.525000e+01 -6.950000e+01 2.590000e+02
    endloop
  endfacet
  facet normal 0.000000e+00 9.238795e-01 3.826834e-01
    outer loop
      vertex   -3.000000e+01 -6.929904e+01 2.582500e+02
      vertex   -3.000000e+01 -6.944889e+01 2.586118e+02
      vertex   -2.525000e+01 -6.944889e+01 2.586118e+02
    endloop
  endfacet
  facet normal 0.000000e+00 9.914449e-01 1.305262e-01
    outer loop
      vertex   -2.525000e+01 -6.944889e+01 2.586118e+02
      vertex   -3.000000e+01 -6.944889e+01 2.586118e+02
      vertex   -3.000000e+01 -6.950000e+01 2.590000e+02
    endloop
  endfacet
  facet normal 0.000000e+00 9.914449e-01 -1.305262e-01
    outer loop
      vertex   -2.050000e+01 -5.944889e+01 2.593882e+02
      vertex   -2.050000e+01 -5.950000e+01 2.590000e+02
      vertex   -2.525000e+01 -5.950000e+01 2.590000e+02
    endloop
  endfacet
  facet normal -0.000000e+00 9.914449e-01 1.305262e-01
    outer loop
      vertex   -2.525000e+01 -5.950000e+01 2.590000e+02
      vertex   -2.050000e+01 -5.950000e+01 2.590000e+02
      vertex   -2.050000e+01 -5.944889e+01 2.586118e+02
    endloop
  endfacet
  facet normal 0.000000e+00 9.914449e-01 1.305262e-01
    outer loop
      vertex   -2.525000e+01 -5.950000e+01 2.590000e+02
      vertex   -2.050000e+01 -5.944889e+01 2.586118e+02
      vertex   -2.525000e+01 -5.944889e+01 2.586118e+02
    endloop
  endfacet
  facet normal -0.000000e+00 9.238795e-01 3.826834e-01
    outer loop
      vertex   -2.525000e+01 -5.944889e+01 2.586118e+02
      vertex   -2.050000e+01 -5.944889e+01 2.586118e+02
      vertex   -2.525000e+01 -5.929904e+01 2.582500e+02
    endloop
  endfacet
  facet normal 2.764368e-15 9.238795e-01 3.826834e-01
    outer loop
      vertex   -2.525000e+01 -5.944889e+01 2.586118e+02
      vertex   -2.525000e+01 -5.929904e+01 2.582500e+02
      vertex   -3.000000e+01 -5.929904e+01 2.582500e+02
    endloop
  endfacet
  facet normal 2.373522e-15 7.933533e-01 6.087614e-01
    outer loop
      vertex   -3.000000e+01 -5.929904e+01 2.582500e+02
      vertex   -2.525000e+01 -5.929904e+01 2.582500e+02
      vertex   -3.000000e+01 -5.906066e+01 2.579393e+02
    endloop
  endfacet
  facet normal -2.373522e-15 7.933533e-01 6.087614e-01
    outer loop
      vertex   -3.000000e+01 -5.906066e+01 2.579393e+02
      vertex   -2.525000e+01 -5.929904e+01 2.582500e+02
      vertex   -2.525000e+01 -5.906066e+01 2.579393e+02
    endloop
  endfacet
  facet normal -1.821267e-15 6.087614e-01 7.933533e-01
    outer loop
      vertex   -3.000000e+01 -5.906066e+01 2.579393e+02
      vertex   -2.525000e+01 -5.906066e+01 2.579393e+02
      vertex   -3.000000e+01 -5.875000e+01 2.577010e+02
    endloop
  endfacet
  facet normal -0.000000e+00 6.087614e-01 7.933533e-01
    outer loop
      vertex   -3.000000e+01 -5.875000e+01 2.577010e+02
      vertex   -2.525000e+01 -5.906066e+01 2.579393e+02
      vertex   -2.525000e+01 -5.875000e+01 2.577010e+02
    endloop
  endfacet
  facet normal -0.000000e+00 3.826834e-01 9.238795e-01
    outer loop
      vertex   -3.000000e+01 -5.875000e+01 2.577010e+02
      vertex   -2.525000e+01 -5.875000e+01 2.577010e+02
      vertex   -3.000000e+01 -5.838823e+01 2.575511e+02
    endloop
  endfacet
  facet normal -0.000000e+00 3.826834e-01 9.238795e-01
    outer loop
      vertex   -3.000000e+01 -5.838823e+01 2.575511e+02
      vertex   -2.525000e+01 -5.875000e+01 2.577010e+02
      vertex   -2.525000e+01 -5.838823e+01 2.575511e+02
    endloop
  endfacet
  facet normal -0.000000e+00 1.305262e-01 9.914449e-01
    outer loop
      vertex   -3.000000e+01 -5.838823e+01 2.575511e+02
      vertex   -2.525000e+01 -5.838823e+01 2.575511e+02
      vertex   -3.000000e+01 -5.800000e+01 2.575000e+02
    endloop
  endfacet
  facet normal -0.000000e+00 1.305262e-01 9.914449e-01
    outer loop
      vertex   -3.000000e+01 -5.800000e+01 2.575000e+02
      vertex   -2.525000e+01 -5.838823e+01 2.575511e+02
      vertex   -2.525000e+01 -5.800000e+01 2.575000e+02
    endloop
  endfacet
  facet normal 0.000000e+00 -1.305262e-01 9.914449e-01
    outer loop
      vertex   -3.000000e+01 -5.800000e+01 2.575000e+02
      vertex   -2.525000e+01 -5.800000e+01 2.575000e+02
      vertex   -3.000000e+01 -5.761177e+01 2.575511e+02
    endloop
  endfacet
  facet normal 0.000000e+00 -1.305262e-01 9.914449e-01
    outer loop
      vertex   -3.000000e+01 -5.761177e+01 2.575511e+02
      vertex   -2.525000e+01 -5.800000e+01 2.575000e+02
      vertex   -2.525000e+01 -5.761177e+01 2.575511e+02
    endloop
  endfacet
  facet normal 0.000000e+00 -3.826834e-01 9.238795e-01
    outer loop
      vertex   -3.000000e+01 -5.761177e+01 2.575511e+02
      vertex   -2.525000e+01 -5.761177e+01 2.575511e+02
      vertex   -3.000000e+01 -5.725000e+01 2.577010e+02
    endloop
  endfacet
  facet normal 1.144896e-15 -3.826834e-01 9.238795e-01
    outer loop
      vertex   -3.000000e+01 -5.725000e+01 2.577010e+02
      vertex   -2.525000e+01 -5.761177e+01 2.575511e+02
      vertex   -2.525000e+01 -5.725000e+01 2.577010e+02
    endloop
  endfacet
  facet normal 1.821267e-15 -6.087614e-01 7.933533e-01
    outer loop
      vertex   -3.000000e+01 -5.725000e+01 2.577010e+02
      vertex   -2.525000e+01 -5.725000e+01 2.577010e+02
      vertex   -3.000000e+01 -5.693934e+01 2.579393e+02
    endloop
  endfacet
  facet normal -1.821267e-15 -6.087614e-01 7.933533e-01
    outer loop
      vertex   -3.000000e+01 -5.693934e+01 2.579393e+02
      vertex   -2.525000e+01 -5.725000e+01 2.577010e+02
      vertex   -2.525000e+01 -5.693934e+01 2.579393e+02
    endloop
  endfacet
  facet normal -2.373522e-15 -7.933533e-01 6.087614e-01
    outer loop
      vertex   -3.000000e+01 -5.693934e+01 2.579393e+02
      vertex   -2.525000e+01 -5.693934e+01 2.579393e+02
      vertex   -3.000000e+01 -5.670096e+01 2.582500e+02
    endloop
  endfacet
  facet normal 2.373522e-15 -7.933533e-01 6.087614e-01
    outer loop
      vertex   -3.000000e+01 -5.670096e+01 2.582500e+02
      vertex   -2.525000e+01 -5.693934e+01 2.579393e+02
      vertex   -2.525000e+01 -5.670096e+01 2.582500e+02
    endloop
  endfacet
  facet normal 2.764025e-15 -9.238795e-01 3.826834e-01
    outer loop
      vertex   -3.000000e+01 -5.670096e+01 2.582500e+02
      vertex   -2.525000e+01 -5.670096e+01 2.582500e+02
      vertex   -3.000000e+01 -5.655111e+01 2.586118e+02
    endloop
  endfacet
  facet normal 0.000000e+00 -9.238795e-01 3.826834e-01
    outer loop
      vertex   -3.000000e+01 -5.655111e+01 2.586118e+02
      vertex   -2.525000e+01 -5.670096e+01 2.582500e+02
      vertex   -2.525000e+01 -5.655111e+01 2.586118e+02
    endloop
  endfacet
  facet normal 0.000000e+00 -9.914449e-01 1.305262e-01
    outer loop
      vertex   -3.000000e+01 -5.655111e+01 2.586118e+02
      vertex   -2.525000e+01 -5.655111e+01 2.586118e+02
      vertex   -3.000000e+01 -5.650000e+01 2.590000e+02
    endloop
  endfacet
  facet normal 0.000000e+00 -9.914449e-01 1.305262e-01
    outer loop
      vertex   -3.000000e+01 -5.650000e+01 2.590000e+02
      vertex   -2.525000e+01 -5.655111e+01 2.586118e+02
      vertex   -2.525000e+01 -5.650000e+01 2.590000e+02
    endloop
  endfacet
  facet normal 0.000000e+00 -9.914449e-01 -1.305262e-01
    outer loop
      vertex   -3.000000e+01 -5.650000e+01 2.590000e+02
      vertex   -2.525000e+01 -5.650000e+01 2.590000e+02
      vertex   -3.000000e+01 -5.655111e+01 2.593882e+02
    endloop
  endfacet
  facet normal 0.000000e+00 -9.914449e-01 -1.305262e-01
    outer loop
      vertex   -3.000000e+01 -5.655111e+01 2.593882e+02
      vertex   -2.525000e+01 -5.650000e+01 2.590000e+02
      vertex   -2.525000e+01 -5.655111e+01 2.593882e+02
    endloop
  endfacet
  facet normal 0.000000e+00 -9.238795e-01 -3.826834e-01
    outer loop
      vertex   -3.000000e+01 -5.655111e+01 2.593882e+02
      vertex   -2.525000e+01 -5.655111e+01 2.593882e+02
      vertex   -3.000000e+01 -5.670096e+01 2.597500e+02
    endloop
  endfacet
  facet normal 2.764025e-15 -9.238795e-01 -3.826834e-01
    outer loop
      vertex   -3.000000e+01 -5.670096e+01 2.597500e+02
      vertex   -2.525000e+01 -5.655111e+01 2.593882e+02
      vertex   -2.525000e+01 -5.670096e+01 2.597500e+02
    endloop
  endfacet
  facet normal 2.373522e-15 -7.933533e-01 -6.087614e-01
    outer loop
      vertex   -3.000000e+01 -5.670096e+01 2.597500e+02
      vertex   -2.525000e+01 -5.670096e+01 2.597500e+02
      vertex   -3.000000e+01 -5.693934e+01 2.600607e+02
    endloop
  endfacet
  facet normal -2.373522e-15 -7.933533e-01 -6.087614e-01
    outer loop
      vertex   -3.000000e+01 -5.693934e+01 2.600607e+02
      vertex   -2.525000e+01 -5.670096e+01 2.597500e+02
      vertex   -2.525000e+01 -5.693934e+01 2.600607e+02
    endloop
  endfacet
  facet normal -1.821267e-15 -6.087614e-01 -7.933533e-01
    outer loop
      vertex   -3.000000e+01 -5.693934e+01 2.600607e+02
      vertex   -2.525000e+01 -5.693934e+01 2.600607e+02
      vertex   -3.000000e+01 -5.725000e+01 2.602990e+02
    endloop
  endfacet
  facet normal 1.821267e-15 -6.087614e-01 -7.933533e-01
    outer loop
      vertex   -3.000000e+01 -5.725000e+01 2.602990e+02
      vertex   -2.525000e+01 -5.693934e+01 2.600607e+02
      vertex   -2.525000e+01 -5.725000e+01 2.602990e+02
    endloop
  endfacet
  facet normal 1.144896e-15 -3.826834e-01 -9.238795e-01
    outer loop
      vertex   -3.000000e+01 -5.725000e+01 2.602990e+02
      vertex   -2.525000e+01 -5.725000e+01 2.602990e+02
      vertex   -3.000000e+01 -5.761177e+01 2.604489e+02
    endloop
  endfacet
  facet normal 0.000000e+00 -3.826834e-01 -9.238795e-01
    outer loop
      vertex   -3.000000e+01 -5.761177e+01 2.604489e+02
      vertex   -2.525000e+01 -5.725000e+01 2.602990e+02
      vertex   -2.525000e+01 -5.761177e+01 2.604489e+02
    endloop
  endfacet
  facet normal 0.000000e+00 -1.305262e-01 -9.914449e-01
    outer loop
      vertex   -3.000000e+01 -5.761177e+01 2.604489e+02
      vertex   -2.525000e+01 -5.761177e+01 2.604489e+02
      vertex   -3.000000e+01 -5.800000e+01 2.605000e+02
    endloop
  endfacet
  facet normal 0.000000e+00 -1.305262e-01 -9.914449e-01
    outer loop
      vertex   -3.000000e+01 -5.800000e+01 2.605000e+02
      vertex   -2.525000e+01 -5.761177e+01 2.604489e+02
      vertex   -2.525000e+01 -5.800000e+01 2.605000e+02
    endloop
  endfacet
  facet normal 0.000000e+00 1.305262e-01 -9.914449e-01
    outer loop
      vertex   -3.000000e+01 -5.800000e+01 2.605000e+02
      vertex   -2.525000e+01 -5.800000e+01 2.605000e+02
      vertex   -3.000000e+01 -5.838823e+01 2.604489e+02
    endloop
  endfacet
  facet normal 0.000000e+00 1.305262e-01 -9.914449e-01
    outer loop
      vertex   -3.000000e+01 -5.838823e+01 2.604489e+02
      vertex   -2.525000e+01 -5.800000e+01 2.605000e+02
      vertex   -2.525000e+01 -5.838823e+01 2.604489e+02
    endloop
  endfacet
  facet normal 0.000000e+00 3.826834e-01 -9.238795e-01
    outer loop
      vertex   -3.000000e+01 -5.838823e+01 2.604489e+02
      vertex   -2.525000e+01 -5.838823e+01 2.604489e+02
      vertex   -3.000000e+01 -5.875000e+01 2.602990e+02
    endloop
  endfacet
  facet normal 0.000000e+00 3.826834e-01 -9.238795e-01
    outer loop
      vertex   -3.000000e+01 -5.875000e+01 2.602990e+02
      vertex   -2.525000e+01 -5.838823e+01 2.604489e+02
      vertex   -2.525000e+01 -5.875000e+01 2.602990e+02
    endloop
  endfacet
  facet normal 0.000000e+00 6.087614e-01 -7.933533e-01
    outer loop
      vertex   -3.000000e+01 -5.875000e+01 2.602990e+02
      vertex   -2.525000e+01 -5.875000e+01 2.602990e+02
      vertex   -3.000000e+01 -5.906066e+01 2.600607e+02
    endloop
  endfacet
  facet normal -1.821267e-15 6.087614e-01 -7.933533e-01
    outer loop
      vertex   -3.000000e+01 -5.906066e+01 2.600607e+02
      vertex   -2.525000e+01 -5.875000e+01 2.602990e+02
      vertex   -2.525000e+01 -5.906066e+01 2.600607e+02
    endloop
  endfacet
  facet normal -2.373522e-15 7.933533e-01 -6.087614e-01
    outer loop
      vertex   -3.000000e+01 -5.906066e+01 2.600607e+02
      vertex   -2.525000e+01 -5.906066e+01 2.600607e+02
      vertex   -3.000000e+01 -5.929904e+01 2.597500e+02
    endloop
  endfacet
  facet normal 2.373522e-15 7.933533e-01 -6.087614e-01
    outer loop
      vertex   -3.000000e+01 -5.929904e+01 2.597500e+02
      vertex   -2.525000e+01 -5.906066e+01 2.600607e+02
      vertex   -2.525000e+01 -5.929904e+01 2.597500e+02
    endloop
  endfacet
  facet normal 2.764025e-15 9.238795e-01 -3.826834e-01
    outer loop
      vertex   -3.000000e+01 -5.929904e+01 2.597500e+02
      vertex   -2.525000e+01 -5.929904e+01 2.597500e+02
      vertex   -3.000000e+01 -5.944889e+01 2.593882e+02
    endloop
  endfacet
  facet normal 0.000000e+00 9.238795e-01 -3.826834e-01
    outer loop
      vertex   -3.000000e+01 -5.944889e+01 2.593882e+02
      vertex   -2.525000e+01 -5.929904e+01 2.597500e+02
      vertex   -2.525000e+01 -5.944889e+01 2.593882e+02
    endloop
  endfacet
  facet normal 0.000000e+00 9.914449e-01 -1.305262e-01
    outer loop
      vertex   -3.000000e+01 -5.944889e+01 2.593882e+02
      vertex   -2.525000e+01 -5.944889e+01 2.593882e+02
      vertex   -3.000000e+01 -5.950000e+01 2.590000e+02
    endloop
  endfacet
  facet normal 0.000000e+00 9.914449e-01 -1.305262e-01
    outer loop
      vertex   -3.000000e+01 -5.950000e+01 2.590000e+02
      vertex   -2.525000e+01 -5.944889e+01 2.593882e+02
      vertex   -2.525000e+01 -5.950000e+01 2.590000e+02
    endloop
  endfacet
  facet normal -0.000000e+00 9.914449e-01 1.305262e-01
    outer loop
      vertex   -3.000000e+01 -5.950000e+01 2.590000e+02
      vertex   -2.525000e+01 -5.950000e+01 2.590000e+02
      vertex   -2.525000e+01 -5.944889e+01 2.586118e+02
    endloop
  endfacet
  facet normal -2.764369e-15 9.238795e-01 3.826834e-01
    outer loop
      vertex   -2.050000e+01 -5.944889e+01 2.586118e+02
      vertex   -2.050000e+01 -5.929904e+01 2.582500e+02
      vertex   -2.525000e+01 -5.929904e+01 2.582500e+02
    endloop
  endfacet
  facet normal -2.373522e-15 7.933533e-01 6.087614e-01
    outer loop
      vertex   -2.525000e+01 -5.929904e+01 2.582500e+02
      vertex   -2.050000e+01 -5.929904e+01 2.582500e+02
      vertex   -2.525000e+01 -5.906066e+01 2.579393e+02
    endloop
  endfacet
  facet normal 2.372656e-15 7.933533e-01 6.087614e-01
    outer loop
      vertex   -2.050000e+01 -5.929904e+01 2.582500e+02
      vertex   -2.050000e+01 -5.906066e+01 2.579393e+02
      vertex   -2.525000e+01 -5.906066e+01 2.579393e+02
    endloop
  endfacet
  facet normal 1.821268e-15 6.087614e-01 7.933533e-01
    outer loop
      vertex   -2.525000e+01 -5.906066e+01 2.579393e+02
      vertex   -2.050000e+01 -5.906066e+01 2.579393e+02
      vertex   -2.525000e+01 -5.875000e+01 2.577010e+02
    endloop
  endfacet
  facet normal 0.000000e+00 6.087614e-01 7.933533e-01
    outer loop
      vertex   -2.050000e+01 -5.906066e+01 2.579393e+02
      vertex   -2.050000e+01 -5.875000e+01 2.577010e+02
      vertex   -2.525000e+01 -5.875000e+01 2.577010e+02
    endloop
  endfacet
  facet normal -0.000000e+00 3.826834e-01 9.238795e-01
    outer loop
      vertex   -2.525000e+01 -5.875000e+01 2.577010e+02
      vertex   -2.050000e+01 -5.875000e+01 2.577010e+02
      vertex   -2.525000e+01 -5.838823e+01 2.575511e+02
    endloop
  endfacet
  facet normal 0.000000e+00 3.826834e-01 9.238795e-01
    outer loop
      vertex   -2.050000e+01 -5.875000e+01 2.577010e+02
      vertex   -2.050000e+01 -5.838823e+01 2.575511e+02
      vertex   -2.525000e+01 -5.838823e+01 2.575511e+02
    endloop
  endfacet
  facet normal -0.000000e+00 1.305262e-01 9.914449e-01
    outer loop
      vertex   -2.525000e+01 -5.838823e+01 2.575511e+02
      vertex   -2.050000e+01 -5.838823e+01 2.575511e+02
      vertex   -2.525000e+01 -5.800000e+01 2.575000e+02
    endloop
  endfacet
  facet normal 0.000000e+00 1.305262e-01 9.914449e-01
    outer loop
      vertex   -2.050000e+01 -5.838823e+01 2.575511e+02
      vertex   -2.050000e+01 -5.800000e+01 2.575000e+02
      vertex   -2.525000e+01 -5.800000e+01 2.575000e+02
    endloop
  endfacet
  facet normal 0.000000e+00 -1.305262e-01 9.914449e-01
    outer loop
      vertex   -2.525000e+01 -5.800000e+01 2.575000e+02
      vertex   -2.050000e+01 -5.800000e+01 2.575000e+02
      vertex   -2.525000e+01 -5.761177e+01 2.575511e+02
    endloop
  endfacet
  facet normal 0.000000e+00 -1.305262e-01 9.914449e-01
    outer loop
      vertex   -2.050000e+01 -5.800000e+01 2.575000e+02
      vertex   -2.050000e+01 -5.761177e+01 2.575511e+02
      vertex   -2.525000e+01 -5.761177e+01 2.575511e+02
    endloop
  endfacet
  facet normal 0.000000e+00 -3.826834e-01 9.238795e-01
    outer loop
      vertex   -2.525000e+01 -5.761177e+01 2.575511e+02
      vertex   -2.050000e+01 -5.761177e+01 2.575511e+02
      vertex   -2.525000e+01 -5.725000e+01 2.577010e+02
    endloop
  endfacet
  facet normal -1.145292e-15 -3.826834e-01 9.238795e-01
    outer loop
      vertex   -2.050000e+01 -5.761177e+01 2.575511e+02
      vertex   -2.050000e+01 -5.725000e+01 2.577010e+02
      vertex   -2.525000e+01 -5.725000e+01 2.577010e+02
    endloop
  endfacet
  facet normal -1.821268e-15 -6.087614e-01 7.933533e-01
    outer loop
      vertex   -2.525000e+01 -5.725000e+01 2.577010e+02
      vertex   -2.050000e+01 -5.725000e+01 2.577010e+02
      vertex   -2.525000e+01 -5.693934e+01 2.579393e+02
    endloop
  endfacet
  facet normal 1.820529e-15 -6.087614e-01 7.933533e-01
    outer loop
      vertex   -2.050000e+01 -5.725000e+01 2.577010e+02
      vertex   -2.050000e+01 -5.693934e+01 2.579393e+02
      vertex   -2.525000e+01 -5.693934e+01 2.579393e+02
    endloop
  endfacet
  facet normal 2.373522e-15 -7.933533e-01 6.087614e-01
    outer loop
      vertex   -2.525000e+01 -5.693934e+01 2.579393e+02
      vertex   -2.050000e+01 -5.693934e+01 2.579393e+02
      vertex   -2.525000e+01 -5.670096e+01 2.582500e+02
    endloop
  endfacet
  facet normal -2.372656e-15 -7.933533e-01 6.087614e-01
    outer loop
      vertex   -2.050000e+01 -5.693934e+01 2.579393e+02
      vertex   -2.050000e+01 -5.670096e+01 2.582500e+02
      vertex   -2.525000e+01 -5.670096e+01 2.582500e+02
    endloop
  endfacet
  facet normal -2.764025e-15 -9.238795e-01 3.826834e-01
    outer loop
      vertex   -2.525000e+01 -5.670096e+01 2.582500e+02
      vertex   -2.050000e+01 -5.670096e+01 2.582500e+02
      vertex   -2.525000e+01 -5.655111e+01 2.586118e+02
    endloop
  endfacet
  facet normal 0.000000e+00 -9.238795e-01 3.826834e-01
    outer loop
      vertex   -2.050000e+01 -5.670096e+01 2.582500e+02
      vertex   -2.050000e+01 -5.655111e+01 2.586118e+02
      vertex   -2.525000e+01 -5.655111e+01 2.586118e+02
    endloop
  endfacet
  facet normal 0.000000e+00 -9.914449e-01 1.305262e-01
    outer loop
      vertex   -2.525000e+01 -5.655111e+01 2.586118e+02
      vertex   -2.050000e+01 -5.655111e+01 2.586118e+02
      vertex   -2.525000e+01 -5.650000e+01 2.590000e+02
    endloop
  endfacet
  facet normal 0.000000e+00 -9.914449e-01 1.305262e-01
    outer loop
      vertex   -2.050000e+01 -5.655111e+01 2.586118e+02
      vertex   -2.050000e+01 -5.650000e+01 2.590000e+02
      vertex   -2.525000e+01 -5.650000e+01 2.590000e+02
    endloop
  endfacet
  facet normal 0.000000e+00 -9.914449e-01 -1.305262e-01
    outer loop
      vertex   -2.525000e+01 -5.650000e+01 2.590000e+02
      vertex   -2.050000e+01 -5.650000e+01 2.590000e+02
      vertex   -2.525000e+01 -5.655111e+01 2.593882e+02
    endloop
  endfacet
  facet normal 0.000000e+00 -9.914449e-01 -1.305262e-01
    outer loop
      vertex   -2.050000e+01 -5.650000e+01 2.590000e+02
      vertex   -2.050000e+01 -5.655111e+01 2.593882e+02
      vertex   -2.525000e+01 -5.655111e+01 2.593882e+02
    endloop
  endfacet
  facet normal 0.000000e+00 -9.238795e-01 -3.826834e-01
    outer loop
      vertex   -2.525000e+01 -5.655111e+01 2.593882e+02
      vertex   -2.050000e+01 -5.655111e+01 2.593882e+02
      vertex   -2.525000e+01 -5.670096e+01 2.597500e+02
    endloop
  endfacet
  facet normal -2.764369e-15 -9.238795e-01 -3.826834e-01
    outer loop
      vertex   -2.050000e+01 -5.655111e+01 2.593882e+02
      vertex   -2.050000e+01 -5.670096e+01 2.597500e+02
      vertex   -2.525000e+01 -5.670096e+01 2.597500e+02
    endloop
  endfacet
  facet normal -2.373522e-15 -7.933533e-01 -6.087614e-01
    outer loop
      vertex   -2.525000e+01 -5.670096e+01 2.597500e+02
      vertex   -2.050000e+01 -5.670096e+01 2.597500e+02
      vertex   -2.525000e+01 -5.693934e+01 2.600607e+02
    endloop
  endfacet
  facet normal 2.372656e-15 -7.933533e-01 -6.087614e-01
    outer loop
      vertex   -2.050000e+01 -5.670096e+01 2.597500e+02
      vertex   -2.050000e+01 -5.693934e+01 2.600607e+02
      vertex   -2.525000e+01 -5.693934e+01 2.600607e+02
    endloop
  endfacet
  facet normal 1.821268e-15 -6.087614e-01 -7.933533e-01
    outer loop
      vertex   -2.525000e+01 -5.693934e+01 2.600607e+02
      vertex   -2.050000e+01 -5.693934e+01 2.600607e+02
      vertex   -2.525000e+01 -5.725000e+01 2.602990e+02
    endloop
  endfacet
  facet normal -1.820529e-15 -6.087614e-01 -7.933533e-01
    outer loop
      vertex   -2.050000e+01 -5.693934e+01 2.600607e+02
      vertex   -2.050000e+01 -5.725000e+01 2.602990e+02
      vertex   -2.525000e+01 -5.725000e+01 2.602990e+02
    endloop
  endfacet
  facet normal -1.144897e-15 -3.826834e-01 -9.238795e-01
    outer loop
      vertex   -2.525000e+01 -5.725000e+01 2.602990e+02
      vertex   -2.050000e+01 -5.725000e+01 2.602990e+02
      vertex   -2.525000e+01 -5.761177e+01 2.604489e+02
    endloop
  endfacet
  facet normal 0.000000e+00 -3.826834e-01 -9.238795e-01
    outer loop
      vertex   -2.050000e+01 -5.725000e+01 2.602990e+02
      vertex   -2.050000e+01 -5.761177e+01 2.604489e+02
      vertex   -2.525000e+01 -5.761177e+01 2.604489e+02
    endloop
  endfacet
  facet normal 0.000000e+00 -1.305262e-01 -9.914449e-01
    outer loop
      vertex   -2.525000e+01 -5.761177e+01 2.604489e+02
      vertex   -2.050000e+01 -5.761177e+01 2.604489e+02
      vertex   -2.525000e+01 -5.800000e+01 2.605000e+02
    endloop
  endfacet
  facet normal 0.000000e+00 -1.305262e-01 -9.914449e-01
    outer loop
      vertex   -2.050000e+01 -5.761177e+01 2.604489e+02
      vertex   -2.050000e+01 -5.800000e+01 2.605000e+02
      vertex   -2.525000e+01 -5.800000e+01 2.605000e+02
    endloop
  endfacet
  facet normal 0.000000e+00 1.305262e-01 -9.914449e-01
    outer loop
      vertex   -2.525000e+01 -5.800000e+01 2.605000e+02
      vertex   -2.050000e+01 -5.800000e+01 2.605000e+02
      vertex   -2.525000e+01 -5.838823e+01 2.604489e+02
    endloop
  endfacet
  facet normal 0.000000e+00 1.305262e-01 -9.914449e-01
    outer loop
      vertex   -2.050000e+01 -5.800000e+01 2.605000e+02
      vertex   -2.050000e+01 -5.838823e+01 2.604489e+02
      vertex   -2.525000e+01 -5.838823e+01 2.604489e+02
    endloop
  endfacet
  facet normal 0.000000e+00 3.826834e-01 -9.238795e-01
    outer loop
      vertex   -2.525000e+01 -5.838823e+01 2.604489e+02
      vertex   -2.050000e+01 -5.838823e+01 2.604489e+02
      vertex   -2.525000e+01 -5.875000e+01 2.602990e+02
    endloop
  endfacet
  facet normal 0.000000e+00 3.826834e-01 -9.238795e-01
    outer loop
      vertex   -2.050000e+01 -5.838823e+01 2.604489e+02
      vertex   -2.050000e+01 -5.875000e+01 2.602990e+02
      vertex   -2.525000e+01 -5.875000e+01 2.602990e+02
    endloop
  endfacet
  facet normal 0.000000e+00 6.087614e-01 -7.933533e-01
    outer loop
      vertex   -2.525000e+01 -5.875000e+01 2.602990e+02
      vertex   -2.050000e+01 -5.875000e+01 2.602990e+02
      vertex   -2.525000e+01 -5.906066e+01 2.600607e+02
    endloop
  endfacet
  facet normal 1.820529e-15 6.087614e-01 -7.933533e-01
    outer loop
      vertex   -2.050000e+01 -5.875000e+01 2.602990e+02
      vertex   -2.050000e+01 -5.906066e+01 2.600607e+02
      vertex   -2.525000e+01 -5.906066e+01 2.600607e+02
    endloop
  endfacet
  facet normal 2.373522e-15 7.933533e-01 -6.087614e-01
    outer loop
      vertex   -2.525000e+01 -5.906066e+01 2.600607e+02
      vertex   -2.050000e+01 -5.906066e+01 2.600607e+02
      vertex   -2.525000e+01 -5.929904e+01 2.597500e+02
    endloop
  endfacet
  facet normal -2.372656e-15 7.933533e-01 -6.087614e-01
    outer loop
      vertex   -2.050000e+01 -5.906066e+01 2.600607e+02
      vertex   -2.050000e+01 -5.929904e+01 2.597500e+02
      vertex   -2.525000e+01 -5.929904e+01 2.597500e+02
    endloop
  endfacet
  facet normal -2.764025e-15 9.238795e-01 -3.826834e-01
    outer loop
      vertex   -2.525000e+01 -5.929904e+01 2.597500e+02
      vertex   -2.050000e+01 -5.929904e+01 2.597500e+02
      vertex   -2.525000e+01 -5.944889e+01 2.593882e+02
    endloop
  endfacet
  facet normal 0.000000e+00 9.238795e-01 -3.826834e-01
    outer loop
      vertex   -2.050000e+01 -5.929904e+01 2.597500e+02
      vertex   -2.050000e+01 -5.944889e+01 2.593882e+02
      vertex   -2.525000e+01 -5.944889e+01 2.593882e+02
    endloop
  endfacet
  facet normal 0.000000e+00 9.914449e-01 -1.305262e-01
    outer loop
      vertex   -2.525000e+01 -5.944889e+01 2.593882e+02
      vertex   -2.050000e+01 -5.944889e+01 2.593882e+02
      vertex   -2.525000e+01 -5.950000e+01 2.590000e+02
    endloop
  endfacet
  facet normal 0.000000e+00 9.238795e-01 3.826834e-01
    outer loop
      vertex   -3.000000e+01 -5.929904e+01 2.582500e+02
      vertex   -3.000000e+01 -5.944889e+01 2.586118e+02
      vertex   -2.525000e+01 -5.944889e+01 2.586118e+02
    endloop
  endfacet
  facet normal 0.000000e+00 9.914449e-01 1.305262e-01
    outer loop
      vertex   -2.525000e+01 -5.944889e+01 2.586118e+02
      vertex   -3.000000e+01 -5.944889e+01 2.586118e+02
      vertex   -3.000000e+01 -5.950000e+01 2.590000e+02
    endloop
  endfacet
  facet normal 0.000000e+00 9.914449e-01 -1.305262e-01
    outer loop
      vertex   2.050000e+01 -6.944889e+01 2.593882e+02
      vertex   2.525000e+01 -6.944889e+01 2.593882e+02
      vertex   2.050000e+01 -6.950000e+01 2.590000e+02
    endloop
  endfacet
  facet normal 0.000000e+00 9.914449e-01 -1.305262e-01
    outer loop
      vertex   2.050000e+01 -6.950000e+01 2.590000e+02
      vertex   2.525000e+01 -6.944889e+01 2.593882e+02
      vertex   2.525000e+01 -6.950000e+01 2.590000e+02
    endloop
  endfacet
  facet normal -0.000000e+00 9.914449e-01 1.305262e-01
    outer loop
      vertex   2.050000e+01 -6.950000e+01 2.590000e+02
      vertex   2.525000e+01 -6.950000e+01 2.590000e+02
      vertex   2.050000e+01 -6.944889e+01 2.586118e+02
    endloop
  endfacet
  facet normal -0.000000e+00 9.914449e-01 1.305262e-01
    outer loop
      vertex   2.050000e+01 -6.944889e+01 2.586118e+02
      vertex   2.525000e+01 -6.950000e+01 2.590000e+02
      vertex   2.525000e+01 -6.944889e+01 2.586118e+02
    endloop
  endfacet
  facet normal -0.000000e+00 9.238795e-01 3.826834e-01
    outer loop
      vertex   2.050000e+01 -6.944889e+01 2.586118e+02
      vertex   2.525000e+01 -6.944889e+01 2.586118e+02
      vertex   2.050000e+01 -6.929904e+01 2.582500e+02
    endloop
  endfacet
  facet normal 2.764025e-15 9.238795e-01 3.826834e-01
    outer loop
      vertex   2.050000e+01 -6.929904e+01 2.582500e+02
      vertex   2.525000e+01 -6.944889e+01 2.586118e+02
      vertex   2.525000e+01 -6.929904e+01 2.582500e+02
    endloop
  endfacet
  facet normal 2.373522e-15 7.933533e-01 6.087614e-01
    outer loop
      vertex   2.050000e+01 -6.929904e+01 2.582500e+02
      vertex   2.525000e+01 -6.929904e+01 2.582500e+02
      vertex   2.050000e+01 -6.906066e+01 2.579393e+02
    endloop
  endfacet
  facet normal -2.373522e-15 7.933533e-01 6.087614e-01
    outer loop
      vertex   2.050000e+01 -6.906066e+01 2.579393e+02
      vertex   2.525000e+01 -6.929904e+01 2.582500e+02
      vertex   2.525000e+01 -6.906066e+01 2.579393e+02
    endloop
  endfacet
  facet normal -1.821267e-15 6.087614e-01 7.933533e-01
    outer loop
      vertex   2.050000e+01 -6.906066e+01 2.579393e+02
      vertex   2.525000e+01 -6.906066e+01 2.579393e+02
      vertex   2.050000e+01 -6.875000e+01 2.577010e+02
    endloop
  endfacet
  facet normal -0.000000e+00 6.087614e-01 7.933533e-01
    outer loop
      vertex   2.050000e+01 -6.875000e+01 2.577010e+02
      vertex   2.525000e+01 -6.906066e+01 2.579393e+02
      vertex   2.525000e+01 -6.875000e+01 2.577010e+02
    endloop
  endfacet
  facet normal -0.000000e+00 3.826834e-01 9.238795e-01
    outer loop
      vertex   2.050000e+01 -6.875000e+01 2.577010e+02
      vertex   2.525000e+01 -6.875000e+01 2.577010e+02
      vertex   2.050000e+01 -6.838823e+01 2.575511e+02
    endloop
  endfacet
  facet normal -0.000000e+00 3.826834e-01 9.238795e-01
    outer loop
      vertex   2.050000e+01 -6.838823e+01 2.575511e+02
      vertex   2.525000e+01 -6.875000e+01 2.577010e+02
      vertex   2.525000e+01 -6.838823e+01 2.575511e+02
    endloop
  endfacet
  facet normal -0.000000e+00 1.305262e-01 9.914449e-01
    outer loop
      vertex   2.050000e+01 -6.838823e+01 2.575511e+02
      vertex   2.525000e+01 -6.838823e+01 2.575511e+02
      vertex   2.050000e+01 -6.800000e+01 2.575000e+02
    endloop
  endfacet
  facet normal -0.000000e+00 1.305262e-01 9.914449e-01
    outer loop
      vertex   2.050000e+01 -6.800000e+01 2.575000e+02
      vertex   2.525000e+01 -6.838823e+01 2.575511e+02
      vertex   2.525000e+01 -6.800000e+01 2.575000e+02
    endloop
  endfacet
  facet normal 0.000000e+00 -1.305262e-01 9.914449e-01
    outer loop
      vertex   2.050000e+01 -6.800000e+01 2.575000e+02
      vertex   2.525000e+01 -6.800000e+01 2.575000e+02
      vertex   2.050000e+01 -6.761177e+01 2.575511e+02
    endloop
  endfacet
  facet normal 0.000000e+00 -1.305262e-01 9.914449e-01
    outer loop
      vertex   2.050000e+01 -6.761177e+01 2.575511e+02
      vertex   2.525000e+01 -6.800000e+01 2.575000e+02
      vertex   2.525000e+01 -6.761177e+01 2.575511e+02
    endloop
  endfacet
  facet normal 0.000000e+00 -3.826834e-01 9.238795e-01
    outer loop
      vertex   2.050000e+01 -6.761177e+01 2.575511e+02
      vertex   2.525000e+01 -6.761177e+01 2.575511e+02
      vertex   2.050000e+01 -6.725000e+01 2.577010e+02
    endloop
  endfacet
  facet normal 1.144897e-15 -3.826834e-01 9.238795e-01
    outer loop
      vertex   2.050000e+01 -6.725000e+01 2.577010e+02
      vertex   2.525000e+01 -6.761177e+01 2.575511e+02
      vertex   2.525000e+01 -6.725000e+01 2.577010e+02
    endloop
  endfacet
  facet normal 1.821267e-15 -6.087614e-01 7.933533e-01
    outer loop
      vertex   2.050000e+01 -6.725000e+01 2.577010e+02
      vertex   2.525000e+01 -6.725000e+01 2.577010e+02
      vertex   2.050000e+01 -6.693934e+01 2.579393e+02
    endloop
  endfacet
  facet normal -1.821267e-15 -6.087614e-01 7.933533e-01
    outer loop
      vertex   2.050000e+01 -6.693934e+01 2.579393e+02
      vertex   2.525000e+01 -6.725000e+01 2.577010e+02
      vertex   2.525000e+01 -6.693934e+01 2.579393e+02
    endloop
  endfacet
  facet normal -2.373522e-15 -7.933533e-01 6.087614e-01
    outer loop
      vertex   2.050000e+01 -6.693934e+01 2.579393e+02
      vertex   2.525000e+01 -6.693934e+01 2.579393e+02
      vertex   2.050000e+01 -6.670096e+01 2.582500e+02
    endloop
  endfacet
  facet normal 2.373522e-15 -7.933533e-01 6.087614e-01
    outer loop
      vertex   2.050000e+01 -6.670096e+01 2.582500e+02
      vertex   2.525000e+01 -6.693934e+01 2.579393e+02
      vertex   2.525000e+01 -6.670096e+01 2.582500e+02
    endloop
  endfacet
  facet normal 2.764025e-15 -9.238795e-01 3.826834e-01
    outer loop
      vertex   2.050000e+01 -6.670096e+01 2.582500e+02
      vertex   2.525000e+01 -6.670096e+01 2.582500e+02
      vertex   2.050000e+01 -6.655111e+01 2.586118e+02
    endloop
  endfacet
  facet normal 0.000000e+00 -9.238795e-01 3.826834e-01
    outer loop
      vertex   2.050000e+01 -6.655111e+01 2.586118e+02
      vertex   2.525000e+01 -6.670096e+01 2.582500e+02
      vertex   2.525000e+01 -6.655111e+01 2.586118e+02
    endloop
  endfacet
  facet normal 0.000000e+00 -9.914449e-01 1.305262e-01
    outer loop
      vertex   2.050000e+01 -6.655111e+01 2.586118e+02
      vertex   2.525000e+01 -6.655111e+01 2.586118e+02
      vertex   2.050000e+01 -6.650000e+01 2.590000e+02
    endloop
  endfacet
  facet normal 0.000000e+00 -9.914449e-01 1.305262e-01
    outer loop
      vertex   2.050000e+01 -6.650000e+01 2.590000e+02
      vertex   2.525000e+01 -6.655111e+01 2.586118e+02
      vertex   2.525000e+01 -6.650000e+01 2.590000e+02
    endloop
  endfacet
  facet normal 0.000000e+00 -9.914449e-01 -1.305262e-01
    outer loop
      vertex   2.050000e+01 -6.650000e+01 2.590000e+02
      vertex   2.525000e+01 -6.650000e+01 2.590000e+02
      vertex   2.050000e+01 -6.655111e+01 2.593882e+02
    endloop
  endfacet
  facet normal 0.000000e+00 -9.914449e-01 -1.305262e-01
    outer loop
      vertex   2.050000e+01 -6.655111e+01 2.593882e+02
      vertex   2.525000e+01 -6.650000e+01 2.590000e+02
      vertex   2.525000e+01 -6.655111e+01 2.593882e+02
    endloop
  endfacet
  facet normal 0.000000e+00 -9.238795e-01 -3.826834e-01
    outer loop
      vertex   2.050000e+01 -6.655111e+01 2.593882e+02
      vertex   2.525000e+01 -6.655111e+01 2.593882e+02
      vertex   2.050000e+01 -6.670096e+01 2.597500e+02
    endloop
  endfacet
  facet normal 2.764025e-15 -9.238795e-01 -3.826834e-01
    outer loop
      vertex   2.050000e+01 -6.670096e+01 2.597500e+02
      vertex   2.525000e+01 -6.655111e+01 2.593882e+02
      vertex   2.525000e+01 -6.670096e+01 2.597500e+02
    endloop
  endfacet
  facet normal 2.373522e-15 -7.933533e-01 -6.087614e-01
    outer loop
      vertex   2.050000e+01 -6.670096e+01 2.597500e+02
      vertex   2.525000e+01 -6.670096e+01 2.597500e+02
      vertex   2.050000e+01 -6.693934e+01 2.600607e+02
    endloop
  endfacet
  facet normal -2.373522e-15 -7.933533e-01 -6.087614e-01
    outer loop
      vertex   2.050000e+01 -6.693934e+01 2.600607e+02
      vertex   2.525000e+01 -6.670096e+01 2.597500e+02
      vertex   2.525000e+01 -6.693934e+01 2.600607e+02
    endloop
  endfacet
  facet normal -1.821267e-15 -6.087614e-01 -7.933533e-01
    outer loop
      vertex   2.050000e+01 -6.693934e+01 2.600607e+02
      vertex   2.525000e+01 -6.693934e+01 2.600607e+02
      vertex   2.050000e+01 -6.725000e+01 2.602990e+02
    endloop
  endfacet
  facet normal 1.821267e-15 -6.087614e-01 -7.933533e-01
    outer loop
      vertex   2.050000e+01 -6.725000e+01 2.602990e+02
      vertex   2.525000e+01 -6.693934e+01 2.600607e+02
      vertex   2.525000e+01 -6.725000e+01 2.602990e+02
    endloop
  endfacet
  facet normal 1.144897e-15 -3.826834e-01 -9.238795e-01
    outer loop
      vertex   2.050000e+01 -6.725000e+01 2.602990e+02
      vertex   2.525000e+01 -6.725000e+01 2.602990e+02
      vertex   2.050000e+01 -6.761177e+01 2.604489e+02
    endloop
  endfacet
  facet normal 0.000000e+00 -3.826834e-01 -9.238795e-01
    outer loop
      vertex   2.050000e+01 -6.761177e+01 2.604489e+02
      vertex   2.525000e+01 -6.725000e+01 2.602990e+02
      vertex   2.525000e+01 -6.761177e+01 2.604489e+02
    endloop
  endfacet
  facet normal 0.000000e+00 -1.305262e-01 -9.914449e-01
    outer loop
      vertex   2.050000e+01 -6.761177e+01 2.604489e+02
      vertex   2.525000e+01 -6.761177e+01 2.604489e+02
      vertex   2.050000e+01 -6.800000e+01 2.605000e+02
    endloop
  endfacet
  facet normal 0.000000e+00 -1.305262e-01 -9.914449e-01
    outer loop
      vertex   2.050000e+01 -6.800000e+01 2.605000e+02
      vertex   2.525000e+01 -6.761177e+01 2.604489e+02
      vertex   2.525000e+01 -6.800000e+01 2.605000e+02
    endloop
  endfacet
  facet normal 0.000000e+00 1.305262e-01 -9.914449e-01
    outer loop
      vertex   2.050000e+01 -6.800000e+01 2.605000e+02
      vertex   2.525000e+01 -6.800000e+01 2.605000e+02
      vertex   2.050000e+01 -6.838823e+01 2.604489e+02
    endloop
  endfacet
  facet normal 0.000000e+00 1.305262e-01 -9.914449e-01
    outer loop
      vertex   2.050000e+01 -6.838823e+01 2.604489e+02
      vertex   2.525000e+01 -6.800000e+01 2.605000e+02
      vertex   2.525000e+01 -6.838823e+01 2.604489e+02
    endloop
  endfacet
  facet normal 0.000000e+00 3.826834e-01 -9.238795e-01
    outer loop
      vertex   2.050000e+01 -6.838823e+01 2.604489e+02
      vertex   2.525000e+01 -6.838823e+01 2.604489e+02
      vertex   2.050000e+01 -6.875000e+01 2.602990e+02
    endloop
  endfacet
  facet normal 0.000000e+00 3.826834e-01 -9.238795e-01
    outer loop
      vertex   2.050000e+01 -6.875000e+01 2.602990e+02
      vertex   2.525000e+01 -6.838823e+01 2.604489e+02
      vertex   2.525000e+01 -6.875000e+01 2.602990e+02
    endloop
  endfacet
  facet normal 0.000000e+00 6.087614e-01 -7.933533e-01
    outer loop
      vertex   2.050000e+01 -6.875000e+01 2.602990e+02
      vertex   2.525000e+01 -6.875000e+01 2.602990e+02
      vertex   2.050000e+01 -6.906066e+01 2.600607e+02
    endloop
  endfacet
  facet normal -1.821267e-15 6.087614e-01 -7.933533e-01
    outer loop
      vertex   2.050000e+01 -6.906066e+01 2.600607e+02
      vertex   2.525000e+01 -6.875000e+01 2.602990e+02
      vertex   2.525000e+01 -6.906066e+01 2.600607e+02
    endloop
  endfacet
  facet normal -2.373522e-15 7.933533e-01 -6.087614e-01
    outer loop
      vertex   2.050000e+01 -6.906066e+01 2.600607e+02
      vertex   2.525000e+01 -6.906066e+01 2.600607e+02
      vertex   2.050000e+01 -6.929904e+01 2.597500e+02
    endloop
  endfacet
  facet normal 2.373522e-15 7.933533e-01 -6.087614e-01
    outer loop
      vertex   2.050000e+01 -6.929904e+01 2.597500e+02
      vertex   2.525000e+01 -6.906066e+01 2.600607e+02
      vertex   2.525000e+01 -6.929904e+01 2.597500e+02
    endloop
  endfacet
  facet normal 2.764025e-15 9.238795e-01 -3.826834e-01
    outer loop
      vertex   2.050000e+01 -6.929904e+01 2.597500e+02
      vertex   2.525000e+01 -6.929904e+01 2.597500e+02
      vertex   2.050000e+01 -6.944889e+01 2.593882e+02
    endloop
  endfacet
  facet normal 0.000000e+00 9.238795e-01 -3.826834e-01
    outer loop
      vertex   2.050000e+01 -6.944889e+01 2.593882e+02
      vertex   2.525000e+01 -6.929904e+01 2.597500e+02
      vertex   2.525000e+01 -6.944889e+01 2.593882e+02
    endloop
  endfacet
  facet normal 0.000000e+00 9.914449e-01 1.305262e-01
    outer loop
      vertex   3.000000e+01 -6.944889e+01 2.586118e+02
      vertex   2.525000e+01 -6.944889e+01 2.586118e+02
      vertex   3.000000e+01 -6.950000e+01 2.590000e+02
    endloop
  endfacet
  facet normal 0.000000e+00 9.914449e-01 1.305262e-01
    outer loop
      vertex   3.000000e+01 -6.950000e+01 2.590000e+02
      vertex   2.525000e+01 -6.944889e+01 2.586118e+02
      vertex   2.525000e+01 -6.950000e+01 2.590000e+02
    endloop
  endfacet
  facet normal 0.000000e+00 9.914449e-01 -1.305262e-01
    outer loop
      vertex   3.000000e+01 -6.950000e+01 2.590000e+02
      vertex   2.525000e+01 -6.950000e+01 2.590000e+02
      vertex   3.000000e+01 -6.944889e+01 2.593882e+02
    endloop
  endfacet
  facet normal 0.000000e+00 9.914449e-01 -1.305262e-01
    outer loop
      vertex   3.000000e+01 -6.944889e+01 2.593882e+02
      vertex   2.525000e+01 -6.950000e+01 2.590000e+02
      vertex   2.525000e+01 -6.944889e+01 2.593882e+02
    endloop
  endfacet
  facet normal 0.000000e+00 9.238795e-01 -3.826834e-01
    outer loop
      vertex   3.000000e+01 -6.944889e+01 2.593882e+02
      vertex   2.525000e+01 -6.944889e+01 2.593882e+02
      vertex   3.000000e+01 -6.929904e+01 2.597500e+02
    endloop
  endfacet
  facet normal -2.764025e-15 9.238795e-01 -3.826834e-01
    outer loop
      vertex   3.000000e+01 -6.929904e+01 2.597500e+02
      vertex   2.525000e+01 -6.944889e+01 2.593882e+02
      vertex   2.525000e+01 -6.929904e+01 2.597500e+02
    endloop
  endfacet
  facet normal -2.373522e-15 7.933533e-01 -6.087614e-01
    outer loop
      vertex   3.000000e+01 -6.929904e+01 2.597500e+02
      vertex   2.525000e+01 -6.929904e+01 2.597500e+02
      vertex   3.000000e+01 -6.906066e+01 2.600607e+02
    endloop
  endfacet
  facet normal 2.373522e-15 7.933533e-01 -6.087614e-01
    outer loop
      vertex   3.000000e+01 -6.906066e+01 2.600607e+02
      vertex   2.525000e+01 -6.929904e+01 2.597500e+02
      vertex   2.525000e+01 -6.906066e+01 2.600607e+02
    endloop
  endfacet
  facet normal 1.821267e-15 6.087614e-01 -7.933533e-01
    outer loop
      vertex   3.000000e+01 -6.906066e+01 2.600607e+02
      vertex   2.525000e+01 -6.906066e+01 2.600607e+02
      vertex   3.000000e+01 -6.875000e+01 2.602990e+02
    endloop
  endfacet
  facet normal 0.000000e+00 6.087614e-01 -7.933533e-01
    outer loop
      vertex   3.000000e+01 -6.875000e+01 2.602990e+02
      vertex   2.525000e+01 -6.906066e+01 2.600607e+02
      vertex   2.525000e+01 -6.875000e+01 2.602990e+02
    endloop
  endfacet
  facet normal 0.000000e+00 3.826834e-01 -9.238795e-01
    outer loop
      vertex   3.000000e+01 -6.875000e+01 2.602990e+02
      vertex   2.525000e+01 -6.875000e+01 2.602990e+02
      vertex   3.000000e+01 -6.838823e+01 2.604489e+02
    endloop
  endfacet
  facet normal 0.000000e+00 3.826834e-01 -9.238795e-01
    outer loop
      vertex   3.000000e+01 -6.838823e+01 2.604489e+02
      vertex   2.525000e+01 -6.875000e+01 2.602990e+02
      vertex   2.525000e+01 -6.838823e+01 2.604489e+02
    endloop
  endfacet
  facet normal 0.000000e+00 1.305262e-01 -9.914449e-01
    outer loop
      vertex   3.000000e+01 -6.838823e+01 2.604489e+02
      vertex   2.525000e+01 -6.838823e+01 2.604489e+02
      vertex   3.000000e+01 -6.800000e+01 2.605000e+02
    endloop
  endfacet
  facet normal 0.000000e+00 1.305262e-01 -9.914449e-01
    outer loop
      vertex   3.000000e+01 -6.800000e+01 2.605000e+02
      vertex   2.525000e+01 -6.838823e+01 2.604489e+02
      vertex   2.525000e+01 -6.800000e+01 2.605000e+02
    endloop
  endfacet
  facet normal -0.000000e+00 -1.305262e-01 -9.914449e-01
    outer loop
      vertex   3.000000e+01 -6.800000e+01 2.605000e+02
      vertex   2.525000e+01 -6.800000e+01 2.605000e+02
      vertex   3.000000e+01 -6.761177e+01 2.604489e+02
    endloop
  endfacet
  facet normal -0.000000e+00 -1.305262e-01 -9.914449e-01
    outer loop
      vertex   3.000000e+01 -6.761177e+01 2.604489e+02
      vertex   2.525000e+01 -6.800000e+01 2.605000e+02
      vertex   2.525000e+01 -6.761177e+01 2.604489e+02
    endloop
  endfacet
  facet normal -0.000000e+00 -3.826834e-01 -9.238795e-01
    outer loop
      vertex   3.000000e+01 -6.761177e+01 2.604489e+02
      vertex   2.525000e+01 -6.761177e+01 2.604489e+02
      vertex   3.000000e+01 -6.725000e+01 2.602990e+02
    endloop
  endfacet
  facet normal -1.144897e-15 -3.826834e-01 -9.238795e-01
    outer loop
      vertex   3.000000e+01 -6.725000e+01 2.602990e+02
      vertex   2.525000e+01 -6.761177e+01 2.604489e+02
      vertex   2.525000e+01 -6.725000e+01 2.602990e+02
    endloop
  endfacet
  facet normal -1.821267e-15 -6.087614e-01 -7.933533e-01
    outer loop
      vertex   3.000000e+01 -6.725000e+01 2.602990e+02
      vertex   2.525000e+01 -6.725000e+01 2.602990e+02
      vertex   3.000000e+01 -6.693934e+01 2.600607e+02
    endloop
  endfacet
  facet normal 1.821267e-15 -6.087614e-01 -7.933533e-01
    outer loop
      vertex   3.000000e+01 -6.693934e+01 2.600607e+02
      vertex   2.525000e+01 -6.725000e+01 2.602990e+02
      vertex   2.525000e+01 -6.693934e+01 2.600607e+02
    endloop
  endfacet
  facet normal 2.373522e-15 -7.933533e-01 -6.087614e-01
    outer loop
      vertex   3.000000e+01 -6.693934e+01 2.600607e+02
      vertex   2.525000e+01 -6.693934e+01 2.600607e+02
      vertex   3.000000e+01 -6.670096e+01 2.597500e+02
    endloop
  endfacet
  facet normal -2.373522e-15 -7.933533e-01 -6.087614e-01
    outer loop
      vertex   3.000000e+01 -6.670096e+01 2.597500e+02
      vertex   2.525000e+01 -6.693934e+01 2.600607e+02
      vertex   2.525000e+01 -6.670096e+01 2.597500e+02
    endloop
  endfacet
  facet normal -2.764025e-15 -9.238795e-01 -3.826834e-01
    outer loop
      vertex   3.000000e+01 -6.670096e+01 2.597500e+02
      vertex   2.525000e+01 -6.670096e+01 2.597500e+02
      vertex   3.000000e+01 -6.655111e+01 2.593882e+02
    endloop
  endfacet
  facet normal -0.000000e+00 -9.238795e-01 -3.826834e-01
    outer loop
      vertex   3.000000e+01 -6.655111e+01 2.593882e+02
      vertex   2.525000e+01 -6.670096e+01 2.597500e+02
      vertex   2.525000e+01 -6.655111e+01 2.593882e+02
    endloop
  endfacet
  facet normal -0.000000e+00 -9.914449e-01 -1.305262e-01
    outer loop
      vertex   3.000000e+01 -6.655111e+01 2.593882e+02
      vertex   2.525000e+01 -6.655111e+01 2.593882e+02
      vertex   3.000000e+01 -6.650000e+01 2.590000e+02
    endloop
  endfacet
  facet normal -0.000000e+00 -9.914449e-01 -1.305262e-01
    outer loop
      vertex   3.000000e+01 -6.650000e+01 2.590000e+02
      vertex   2.525000e+01 -6.655111e+01 2.593882e+02
      vertex   2.525000e+01 -6.650000e+01 2.590000e+02
    endloop
  endfacet
  facet normal 0.000000e+00 -9.914449e-01 1.305262e-01
    outer loop
      vertex   3.000000e+01 -6.650000e+01 2.590000e+02
      vertex   2.525000e+01 -6.650000e+01 2.590000e+02
      vertex   3.000000e+01 -6.655111e+01 2.586118e+02
    endloop
  endfacet
  facet normal 0.000000e+00 -9.914449e-01 1.305262e-01
    outer loop
      vertex   3.000000e+01 -6.655111e+01 2.586118e+02
      vertex   2.525000e+01 -6.650000e+01 2.590000e+02
      vertex   2.525000e+01 -6.655111e+01 2.586118e+02
    endloop
  endfacet
  facet normal 0.000000e+00 -9.238795e-01 3.826834e-01
    outer loop
      vertex   3.000000e+01 -6.655111e+01 2.586118e+02
      vertex   2.525000e+01 -6.655111e+01 2.586118e+02
      vertex   3.000000e+01 -6.670096e+01 2.582500e+02
    endloop
  endfacet
  facet normal -2.764025e-15 -9.238795e-01 3.826834e-01
    outer loop
      vertex   3.000000e+01 -6.670096e+01 2.582500e+02
      vertex   2.525000e+01 -6.655111e+01 2.586118e+02
      vertex   2.525000e+01 -6.670096e+01 2.582500e+02
    endloop
  endfacet
  facet normal -2.373522e-15 -7.933533e-01 6.087614e-01
    outer loop
      vertex   3.000000e+01 -6.670096e+01 2.582500e+02
      vertex   2.525000e+01 -6.670096e+01 2.582500e+02
      vertex   3.000000e+01 -6.693934e+01 2.579393e+02
    endloop
  endfacet
  facet normal 2.373522e-15 -7.933533e-01 6.087614e-01
    outer loop
      vertex   3.000000e+01 -6.693934e+01 2.579393e+02
      vertex   2.525000e+01 -6.670096e+01 2.582500e+02
      vertex   2.525000e+01 -6.693934e+01 2.579393e+02
    endloop
  endfacet
  facet normal 1.821267e-15 -6.087614e-01 7.933533e-01
    outer loop
      vertex   3.000000e+01 -6.693934e+01 2.579393e+02
      vertex   2.525000e+01 -6.693934e+01 2.579393e+02
      vertex   3.000000e+01 -6.725000e+01 2.577010e+02
    endloop
  endfacet
  facet normal -1.821267e-15 -6.087614e-01 7.933533e-01
    outer loop
      vertex   3.000000e+01 -6.725000e+01 2.577010e+02
      vertex   2.525000e+01 -6.693934e+01 2.579393e+02
      vertex   2.525000e+01 -6.725000e+01 2.577010e+02
    endloop
  endfacet
  facet normal -1.144897e-15 -3.826834e-01 9.238795e-01
    outer loop
      vertex   3.000000e+01 -6.725000e+01 2.577010e+02
      vertex   2.525000e+01 -6.725000e+01 2.577010e+02
      vertex   3.000000e+01 -6.761177e+01 2.575511e+02
    endloop
  endfacet
  facet normal 0.000000e+00 -3.826834e-01 9.238795e-01
    outer loop
      vertex   3.000000e+01 -6.761177e+01 2.575511e+02
      vertex   2.525000e+01 -6.725000e+01 2.577010e+02
      vertex   2.525000e+01 -6.761177e+01 2.575511e+02
    endloop
  endfacet
  facet normal 0.000000e+00 -1.305262e-01 9.914449e-01
    outer loop
      vertex   3.000000e+01 -6.761177e+01 2.575511e+02
      vertex   2.525000e+01 -6.761177e+01 2.575511e+02
      vertex   3.000000e+01 -6.800000e+01 2.575000e+02
    endloop
  endfacet
  facet normal 0.000000e+00 -1.305262e-01 9.914449e-01
    outer loop
      vertex   3.000000e+01 -6.800000e+01 2.575000e+02
      vertex   2.525000e+01 -6.761177e+01 2.575511e+02
      vertex   2.525000e+01 -6.800000e+01 2.575000e+02
    endloop
  endfacet
  facet normal 0.000000e+00 1.305262e-01 9.914449e-01
    outer loop
      vertex   3.000000e+01 -6.800000e+01 2.575000e+02
      vertex   2.525000e+01 -6.800000e+01 2.575000e+02
      vertex   3.000000e+01 -6.838823e+01 2.575511e+02
    endloop
  endfacet
  facet normal 0.000000e+00 1.305262e-01 9.914449e-01
    outer loop
      vertex   3.000000e+01 -6.838823e+01 2.575511e+02
      vertex   2.525000e+01 -6.800000e+01 2.575000e+02
      vertex   2.525000e+01 -6.838823e+01 2.575511e+02
    endloop
  endfacet
  facet normal 0.000000e+00 3.826834e-01 9.238795e-01
    outer loop
      vertex   3.000000e+01 -6.838823e+01 2.575511e+02
      vertex   2.525000e+01 -6.838823e+01 2.575511e+02
      vertex   3.000000e+01 -6.875000e+01 2.577010e+02
    endloop
  endfacet
  facet normal 0.000000e+00 3.826834e-01 9.238795e-01
    outer loop
      vertex   3.000000e+01 -6.875000e+01 2.577010e+02
      vertex   2.525000e+01 -6.838823e+01 2.575511e+02
      vertex   2.525000e+01 -6.875000e+01 2.577010e+02
    endloop
  endfacet
  facet normal 0.000000e+00 6.087614e-01 7.933533e-01
    outer loop
      vertex   3.000000e+01 -6.875000e+01 2.577010e+02
      vertex   2.525000e+01 -6.875000e+01 2.577010e+02
      vertex   3.000000e+01 -6.906066e+01 2.579393e+02
    endloop
  endfacet
  facet normal 1.821267e-15 6.087614e-01 7.933533e-01
    outer loop
      vertex   3.000000e+01 -6.906066e+01 2.579393e+02
      vertex   2.525000e+01 -6.875000e+01 2.577010e+02
      vertex   2.525000e+01 -6.906066e+01 2.579393e+02
    endloop
  endfacet
  facet normal 2.373522e-15 7.933533e-01 6.087614e-01
    outer loop
      vertex   3.000000e+01 -6.906066e+01 2.579393e+02
      vertex   2.525000e+01 -6.906066e+01 2.579393e+02
      vertex   3.000000e+01 -6.929904e+01 2.582500e+02
    endloop
  endfacet
  facet normal -2.373522e-15 7.933533e-01 6.087614e-01
    outer loop
      vertex   3.000000e+01 -6.929904e+01 2.582500e+02
      vertex   2.525000e+01 -6.906066e+01 2.579393e+02
      vertex   2.525000e+01 -6.929904e+01 2.582500e+02
    endloop
  endfacet
  facet normal -2.764025e-15 9.238795e-01 3.826834e-01
    outer loop
      vertex   3.000000e+01 -6.929904e+01 2.582500e+02
      vertex   2.525000e+01 -6.929904e+01 2.582500e+02
      vertex   3.000000e+01 -6.944889e+01 2.586118e+02
    endloop
  endfacet
  facet normal 0.000000e+00 9.238795e-01 3.826834e-01
    outer loop
      vertex   3.000000e+01 -6.944889e+01 2.586118e+02
      vertex   2.525000e+01 -6.929904e+01 2.582500e+02
      vertex   2.525000e+01 -6.944889e+01 2.586118e+02
    endloop
  endfacet
  facet normal 0.000000e+00 9.914449e-01 -1.305262e-01
    outer loop
      vertex   2.050000e+01 -5.944889e+01 2.593882e+02
      vertex   2.525000e+01 -5.944889e+01 2.593882e+02
      vertex   2.050000e+01 -5.950000e+01 2.590000e+02
    endloop
  endfacet
  facet normal 0.000000e+00 9.914449e-01 -1.305262e-01
    outer loop
      vertex   2.050000e+01 -5.950000e+01 2.590000e+02
      vertex   2.525000e+01 -5.944889e+01 2.593882e+02
      vertex   2.525000e+01 -5.950000e+01 2.590000e+02
    endloop
  endfacet
  facet normal -0.000000e+00 9.914449e-01 1.305262e-01
    outer loop
      vertex   2.050000e+01 -5.950000e+01 2.590000e+02
      vertex   2.525000e+01 -5.950000e+01 2.590000e+02
      vertex   2.050000e+01 -5.944889e+01 2.586118e+02
    endloop
  endfacet
  facet normal -0.000000e+00 9.914449e-01 1.305262e-01
    outer loop
      vertex   2.050000e+01 -5.944889e+01 2.586118e+02
      vertex   2.525000e+01 -5.950000e+01 2.590000e+02
      vertex   2.525000e+01 -5.944889e+01 2.586118e+02
    endloop
  endfacet
  facet normal -0.000000e+00 9.238795e-01 3.826834e-01
    outer loop
      vertex   2.050000e+01 -5.944889e+01 2.586118e+02
      vertex   2.525000e+01 -5.944889e+01 2.586118e+02
      vertex   2.050000e+01 -5.929904e+01 2.582500e+02
    endloop
  endfacet
  facet normal 2.764025e-15 9.238795e-01 3.826834e-01
    outer loop
      vertex   2.050000e+01 -5.929904e+01 2.582500e+02
      vertex   2.525000e+01 -5.944889e+01 2.586118e+02
      vertex   2.525000e+01 -5.929904e+01 2.582500e+02
    endloop
  endfacet
  facet normal 2.373522e-15 7.933533e-01 6.087614e-01
    outer loop
      vertex   2.050000e+01 -5.929904e+01 2.582500e+02
      vertex   2.525000e+01 -5.929904e+01 2.582500e+02
      vertex   2.050000e+01 -5.906066e+01 2.579393e+02
    endloop
  endfacet
  facet normal -2.373522e-15 7.933533e-01 6.087614e-01
    outer loop
      vertex   2.050000e+01 -5.906066e+01 2.579393e+02
      vertex   2.525000e+01 -5.929904e+01 2.582500e+02
      vertex   2.525000e+01 -5.906066e+01 2.579393e+02
    endloop
  endfacet
  facet normal -1.821267e-15 6.087614e-01 7.933533e-01
    outer loop
      vertex   2.050000e+01 -5.906066e+01 2.579393e+02
      vertex   2.525000e+01 -5.906066e+01 2.579393e+02
      vertex   2.050000e+01 -5.875000e+01 2.577010e+02
    endloop
  endfacet
  facet normal -0.000000e+00 6.087614e-01 7.933533e-01
    outer loop
      vertex   2.050000e+01 -5.875000e+01 2.577010e+02
      vertex   2.525000e+01 -5.906066e+01 2.579393e+02
      vertex   2.525000e+01 -5.875000e+01 2.577010e+02
    endloop
  endfacet
  facet normal -0.000000e+00 3.826834e-01 9.238795e-01
    outer loop
      vertex   2.050000e+01 -5.875000e+01 2.577010e+02
      vertex   2.525000e+01 -5.875000e+01 2.577010e+02
      vertex   2.050000e+01 -5.838823e+01 2.575511e+02
    endloop
  endfacet
  facet normal -0.000000e+00 3.826834e-01 9.238795e-01
    outer loop
      vertex   2.050000e+01 -5.838823e+01 2.575511e+02
      vertex   2.525000e+01 -5.875000e+01 2.577010e+02
      vertex   2.525000e+01 -5.838823e+01 2.575511e+02
    endloop
  endfacet
  facet normal -0.000000e+00 1.305262e-01 9.914449e-01
    outer loop
      vertex   2.050000e+01 -5.838823e+01 2.575511e+02
      vertex   2.525000e+01 -5.838823e+01 2.575511e+02
      vertex   2.050000e+01 -5.800000e+01 2.575000e+02
    endloop
  endfacet
  facet normal -0.000000e+00 1.305262e-01 9.914449e-01
    outer loop
      vertex   2.050000e+01 -5.800000e+01 2.575000e+02
      vertex   2.525000e+01 -5.838823e+01 2.575511e+02
      vertex   2.525000e+01 -5.800000e+01 2.575000e+02
    endloop
  endfacet
  facet normal 0.000000e+00 -1.305262e-01 9.914449e-01
    outer loop
      vertex   2.050000e+01 -5.800000e+01 2.575000e+02
      vertex   2.525000e+01 -5.800000e+01 2.575000e+02
      vertex   2.050000e+01 -5.761177e+01 2.575511e+02
    endloop
  endfacet
  facet normal 0.000000e+00 -1.305262e-01 9.914449e-01
    outer loop
      vertex   2.050000e+01 -5.761177e+01 2.575511e+02
      vertex   2.525000e+01 -5.800000e+01 2.575000e+02
      vertex   2.525000e+01 -5.761177e+01 2.575511e+02
    endloop
  endfacet
  facet normal 0.000000e+00 -3.826834e-01 9.238795e-01
    outer loop
      vertex   2.050000e+01 -5.761177e+01 2.575511e+02
      vertex   2.525000e+01 -5.761177e+01 2.575511e+02
      vertex   2.050000e+01 -5.725000e+01 2.577010e+02
    endloop
  endfacet
  facet normal 1.144897e-15 -3.826834e-01 9.238795e-01
    outer loop
      vertex   2.050000e+01 -5.725000e+01 2.577010e+02
      vertex   2.525000e+01 -5.761177e+01 2.575511e+02
      vertex   2.525000e+01 -5.725000e+01 2.577010e+02
    endloop
  endfacet
  facet normal 1.821267e-15 -6.087614e-01 7.933533e-01
    outer loop
      vertex   2.050000e+01 -5.725000e+01 2.577010e+02
      vertex   2.525000e+01 -5.725000e+01 2.577010e+02
      vertex   2.050000e+01 -5.693934e+01 2.579393e+02
    endloop
  endfacet
  facet normal -1.821267e-15 -6.087614e-01 7.933533e-01
    outer loop
      vertex   2.050000e+01 -5.693934e+01 2.579393e+02
      vertex   2.525000e+01 -5.725000e+01 2.577010e+02
      vertex   2.525000e+01 -5.693934e+01 2.579393e+02
    endloop
  endfacet
  facet normal -2.373522e-15 -7.933533e-01 6.087614e-01
    outer loop
      vertex   2.050000e+01 -5.693934e+01 2.579393e+02
      vertex   2.525000e+01 -5.693934e+01 2.579393e+02
      vertex   2.050000e+01 -5.670096e+01 2.582500e+02
    endloop
  endfacet
  facet normal 2.373522e-15 -7.933533e-01 6.087614e-01
    outer loop
      vertex   2.050000e+01 -5.670096e+01 2.582500e+02
      vertex   2.525000e+01 -5.693934e+01 2.579393e+02
      vertex   2.525000e+01 -5.670096e+01 2.582500e+02
    endloop
  endfacet
  facet normal 2.764025e-15 -9.238795e-01 3.826834e-01
    outer loop
      vertex   2.050000e+01 -5.670096e+01 2.582500e+02
      vertex   2.525000e+01 -5.670096e+01 2.582500e+02
      vertex   2.050000e+01 -5.655111e+01 2.586118e+02
    endloop
  endfacet
  facet normal 0.000000e+00 -9.238795e-01 3.826834e-01
    outer loop
      vertex   2.050000e+01 -5.655111e+01 2.586118e+02
      vertex   2.525000e+01 -5.670096e+01 2.582500e+02
      vertex   2.525000e+01 -5.655111e+01 2.586118e+02
    endloop
  endfacet
  facet normal 0.000000e+00 -9.914449e-01 1.305262e-01
    outer loop
      vertex   2.050000e+01 -5.655111e+01 2.586118e+02
      vertex   2.525000e+01 -5.655111e+01 2.586118e+02
      vertex   2.050000e+01 -5.650000e+01 2.590000e+02
    endloop
  endfacet
  facet normal 0.000000e+00 -9.914449e-01 1.305262e-01
    outer loop
      vertex   2.050000e+01 -5.650000e+01 2.590000e+02
      vertex   2.525000e+01 -5.655111e+01 2.586118e+02
      vertex   2.525000e+01 -5.650000e+01 2.590000e+02
    endloop
  endfacet
  facet normal 0.000000e+00 -9.914449e-01 -1.305262e-01
    outer loop
      vertex   2.050000e+01 -5.650000e+01 2.590000e+02
      vertex   2.525000e+01 -5.650000e+01 2.590000e+02
      vertex   2.050000e+01 -5.655111e+01 2.593882e+02
    endloop
  endfacet
  facet normal 0.000000e+00 -9.914449e-01 -1.305262e-01
    outer loop
      vertex   2.050000e+01 -5.655111e+01 2.593882e+02
      vertex   2.525000e+01 -5.650000e+01 2.590000e+02
      vertex   2.525000e+01 -5.655111e+01 2.593882e+02
    endloop
  endfacet
  facet normal 0.000000e+00 -9.238795e-01 -3.826834e-01
    outer loop
      vertex   2.050000e+01 -5.655111e+01 2.593882e+02
      vertex   2.525000e+01 -5.655111e+01 2.593882e+02
      vertex   2.050000e+01 -5.670096e+01 2.597500e+02
    endloop
  endfacet
  facet normal 2.764025e-15 -9.238795e-01 -3.826834e-01
    outer loop
      vertex   2.050000e+01 -5.670096e+01 2.597500e+02
      vertex   2.525000e+01 -5.655111e+01 2.593882e+02
      vertex   2.525000e+01 -5.670096e+01 2.597500e+02
    endloop
  endfacet
  facet normal 2.373522e-15 -7.933533e-01 -6.087614e-01
    outer loop
      vertex   2.050000e+01 -5.670096e+01 2.597500e+02
      vertex   2.525000e+01 -5.670096e+01 2.597500e+02
      vertex   2.050000e+01 -5.693934e+01 2.600607e+02
    endloop
  endfacet
  facet normal -2.373522e-15 -7.933533e-01 -6.087614e-01
    outer loop
      vertex   2.050000e+01 -5.693934e+01 2.600607e+02
      vertex   2.525000e+01 -5.670096e+01 2.597500e+02
      vertex   2.525000e+01 -5.693934e+01 2.600607e+02
    endloop
  endfacet
  facet normal -1.821267e-15 -6.087614e-01 -7.933533e-01
    outer loop
      vertex   2.050000e+01 -5.693934e+01 2.600607e+02
      vertex   2.525000e+01 -5.693934e+01 2.600607e+02
      vertex   2.050000e+01 -5.725000e+01 2.602990e+02
    endloop
  endfacet
  facet normal 1.821267e-15 -6.087614e-01 -7.933533e-01
    outer loop
      vertex   2.050000e+01 -5.725000e+01 2.602990e+02
      vertex   2.525000e+01 -5.693934e+01 2.600607e+02
      vertex   2.525000e+01 -5.725000e+01 2.602990e+02
    endloop
  endfacet
  facet normal 1.144897e-15 -3.826834e-01 -9.238795e-01
    outer loop
      vertex   2.050000e+01 -5.725000e+01 2.602990e+02
      vertex   2.525000e+01 -5.725000e+01 2.602990e+02
      vertex   2.050000e+01 -5.761177e+01 2.604489e+02
    endloop
  endfacet
  facet normal 0.000000e+00 -3.826834e-01 -9.238795e-01
    outer loop
      vertex   2.050000e+01 -5.761177e+01 2.604489e+02
      vertex   2.525000e+01 -5.725000e+01 2.602990e+02
      vertex   2.525000e+01 -5.761177e+01 2.604489e+02
    endloop
  endfacet
  facet normal 0.000000e+00 -1.305262e-01 -9.914449e-01
    outer loop
      vertex   2.050000e+01 -5.761177e+01 2.604489e+02
      vertex   2.525000e+01 -5.761177e+01 2.604489e+02
      vertex   2.050000e+01 -5.800000e+01 2.605000e+02
    endloop
  endfacet
  facet normal 0.000000e+00 -1.305262e-01 -9.914449e-01
    outer loop
      vertex   2.050000e+01 -5.800000e+01 2.605000e+02
      vertex   2.525000e+01 -5.761177e+01 2.604489e+02
      vertex   2.525000e+01 -5.800000e+01 2.605000e+02
    endloop
  endfacet
  facet normal 0.000000e+00 1.305262e-01 -9.914449e-01
    outer loop
      vertex   2.050000e+01 -5.800000e+01 2.605000e+02
      vertex   2.525000e+01 -5.800000e+01 2.605000e+02
      vertex   2.050000e+01 -5.838823e+01 2.604489e+02
    endloop
  endfacet
  facet normal 0.000000e+00 1.305262e-01 -9.914449e-01
    outer loop
      vertex   2.050000e+01 -5.838823e+01 2.604489e+02
      vertex   2.525000e+01 -5.800000e+01 2.605000e+02
      vertex   2.525000e+01 -5.838823e+01 2.604489e+02
    endloop
  endfacet
  facet normal 0.000000e+00 3.826834e-01 -9.238795e-01
    outer loop
      vertex   2.050000e+01 -5.838823e+01 2.604489e+02
      vertex   2.525000e+01 -5.838823e+01 2.604489e+02
      vertex   2.050000e+01 -5.875000e+01 2.602990e+02
    endloop
  endfacet
  facet normal 0.000000e+00 3.826834e-01 -9.238795e-01
    outer loop
      vertex   2.050000e+01 -5.875000e+01 2.602990e+02
      vertex   2.525000e+01 -5.838823e+01 2.604489e+02
      vertex   2.525000e+01 -5.875000e+01 2.602990e+02
    endloop
  endfacet
  facet normal 0.000000e+00 6.087614e-01 -7.933533e-01
    outer loop
      vertex   2.050000e+01 -5.875000e+01 2.602990e+02
      vertex   2.525000e+01 -5.875000e+01 2.602990e+02
      vertex   2.050000e+01 -5.906066e+01 2.600607e+02
    endloop
  endfacet
  facet normal -1.821267e-15 6.087614e-01 -7.933533e-01
    outer loop
      vertex   2.050000e+01 -5.906066e+01 2.600607e+02
      vertex   2.525000e+01 -5.875000e+01 2.602990e+02
      vertex   2.525000e+01 -5.906066e+01 2.600607e+02
    endloop
  endfacet
  facet normal -2.373522e-15 7.933533e-01 -6.087614e-01
    outer loop
      vertex   2.050000e+01 -5.906066e+01 2.600607e+02
      vertex   2.525000e+01 -5.906066e+01 2.600607e+02
      vertex   2.050000e+01 -5.929904e+01 2.597500e+02
    endloop
  endfacet
  facet normal 2.373522e-15 7.933533e-01 -6.087614e-01
    outer loop
      vertex   2.050000e+01 -5.929904e+01 2.597500e+02
      vertex   2.525000e+01 -5.906066e+01 2.600607e+02
      vertex   2.525000e+01 -5.929904e+01 2.597500e+02
    endloop
  endfacet
  facet normal 2.764025e-15 9.238795e-01 -3.826834e-01
    outer loop
      vertex   2.050000e+01 -5.929904e+01 2.597500e+02
      vertex   2.525000e+01 -5.929904e+01 2.597500e+02
      vertex   2.050000e+01 -5.944889e+01 2.593882e+02
    endloop
  endfacet
  facet normal 0.000000e+00 9.238795e-01 -3.826834e-01
    outer loop
      vertex   2.050000e+01 -5.944889e+01 2.593882e+02
      vertex   2.525000e+01 -5.929904e+01 2.597500e+02
      vertex   2.525000e+01 -5.944889e+01 2.593882e+02
    endloop
  endfacet
  facet normal 0.000000e+00 9.914449e-01 1.305262e-01
    outer loop
      vertex   3.000000e+01 -5.944889e+01 2.586118e+02
      vertex   2.525000e+01 -5.944889e+01 2.586118e+02
      vertex   3.000000e+01 -5.950000e+01 2.590000e+02
    endloop
  endfacet
  facet normal 0.000000e+00 9.914449e-01 1.305262e-01
    outer loop
      vertex   3.000000e+01 -5.950000e+01 2.590000e+02
      vertex   2.525000e+01 -5.944889e+01 2.586118e+02
      vertex   2.525000e+01 -5.950000e+01 2.590000e+02
    endloop
  endfacet
  facet normal 0.000000e+00 9.914449e-01 -1.305262e-01
    outer loop
      vertex   3.000000e+01 -5.950000e+01 2.590000e+02
      vertex   2.525000e+01 -5.950000e+01 2.590000e+02
      vertex   3.000000e+01 -5.944889e+01 2.593882e+02
    endloop
  endfacet
  facet normal 0.000000e+00 9.914449e-01 -1.305262e-01
    outer loop
      vertex   3.000000e+01 -5.944889e+01 2.593882e+02
      vertex   2.525000e+01 -5.950000e+01 2.590000e+02
      vertex   2.525000e+01 -5.944889e+01 2.593882e+02
    endloop
  endfacet
  facet normal 0.000000e+00 9.238795e-01 -3.826834e-01
    outer loop
      vertex   3.000000e+01 -5.944889e+01 2.593882e+02
      vertex   2.525000e+01 -5.944889e+01 2.593882e+02
      vertex   3.000000e+01 -5.929904e+01 2.597500e+02
    endloop
  endfacet
  facet normal -2.764025e-15 9.238795e-01 -3.826834e-01
    outer loop
      vertex   3.000000e+01 -5.929904e+01 2.597500e+02
      vertex   2.525000e+01 -5.944889e+01 2.593882e+02
      vertex   2.525000e+01 -5.929904e+01 2.597500e+02
    endloop
  endfacet
  facet normal -2.373522e-15 7.933533e-01 -6.087614e-01
    outer loop
      vertex   3.000000e+01 -5.929904e+01 2.597500e+02
      vertex   2.525000e+01 -5.929904e+01 2.597500e+02
      vertex   3.000000e+01 -5.906066e+01 2.600607e+02
    endloop
  endfacet
  facet normal 2.373522e-15 7.933533e-01 -6.087614e-01
    outer loop
      vertex   3.000000e+01 -5.906066e+01 2.600607e+02
      vertex   2.525000e+01 -5.929904e+01 2.597500e+02
      vertex   2.525000e+01 -5.906066e+01 2.600607e+02
    endloop
  endfacet
  facet normal 1.821267e-15 6.087614e-01 -7.933533e-01
    outer loop
      vertex   3.000000e+01 -5.906066e+01 2.600607e+02
      vertex   2.525000e+01 -5.906066e+01 2.600607e+02
      vertex   3.000000e+01 -5.875000e+01 2.602990e+02
    endloop
  endfacet
  facet normal 0.000000e+00 6.087614e-01 -7.933533e-01
    outer loop
      vertex   3.000000e+01 -5.875000e+01 2.602990e+02
      vertex   2.525000e+01 -5.906066e+01 2.600607e+02
      vertex   2.525000e+01 -5.875000e+01 2.602990e+02
    endloop
  endfacet
  facet normal 0.000000e+00 3.826834e-01 -9.238795e-01
    outer loop
      vertex   3.000000e+01 -5.875000e+01 2.602990e+02
      vertex   2.525000e+01 -5.875000e+01 2.602990e+02
      vertex   3.000000e+01 -5.838823e+01 2.604489e+02
    endloop
  endfacet
  facet normal 0.000000e+00 3.826834e-01 -9.238795e-01
    outer loop
      vertex   3.000000e+01 -5.838823e+01 2.604489e+02
      vertex   2.525000e+01 -5.875000e+01 2.602990e+02
      vertex   2.525000e+01 -5.838823e+01 2.604489e+02
    endloop
  endfacet
  facet normal 0.000000e+00 1.305262e-01 -9.914449e-01
    outer loop
      vertex   3.000000e+01 -5.838823e+01 2.604489e+02
      vertex   2.525000e+01 -5.838823e+01 2.604489e+02
      vertex   3.000000e+01 -5.800000e+01 2.605000e+02
    endloop
  endfacet
  facet normal 0.000000e+00 1.305262e-01 -9.914449e-01
    outer loop
      vertex   3.000000e+01 -5.800000e+01 2.605000e+02
      vertex   2.525000e+01 -5.838823e+01 2.604489e+02
      vertex   2.525000e+01 -5.800000e+01 2.605000e+02
    endloop
  endfacet
  facet normal -0.000000e+00 -1.305262e-01 -9.914449e-01
    outer loop
      vertex   3.000000e+01 -5.800000e+01 2.605000e+02
      vertex   2.525000e+01 -5.800000e+01 2.605000e+02
      vertex   3.000000e+01 -5.761177e+01 2.604489e+02
    endloop
  endfacet
  facet normal -0.000000e+00 -1.305262e-01 -9.914449e-01
    outer loop
      vertex   3.000000e+01 -5.761177e+01 2.604489e+02
      vertex   2.525000e+01 -5.800000e+01 2.605000e+02
      vertex   2.525000e+01 -5.761177e+01 2.604489e+02
    endloop
  endfacet
  facet normal -0.000000e+00 -3.826834e-01 -9.238795e-01
    outer loop
      vertex   3.000000e+01 -5.761177e+01 2.604489e+02
      vertex   2.525000e+01 -5.761177e+01 2.604489e+02
      vertex   3.000000e+01 -5.725000e+01 2.602990e+02
    endloop
  endfacet
  facet normal -1.144897e-15 -3.826834e-01 -9.238795e-01
    outer loop
      vertex   3.000000e+01 -5.725000e+01 2.602990e+02
      vertex   2.525000e+01 -5.761177e+01 2.604489e+02
      vertex   2.525000e+01 -5.725000e+01 2.602990e+02
    endloop
  endfacet
  facet normal -1.821267e-15 -6.087614e-01 -7.933533e-01
    outer loop
      vertex   3.000000e+01 -5.725000e+01 2.602990e+02
      vertex   2.525000e+01 -5.725000e+01 2.602990e+02
      vertex   3.000000e+01 -5.693934e+01 2.600607e+02
    endloop
  endfacet
  facet normal 1.821267e-15 -6.087614e-01 -7.933533e-01
    outer loop
      vertex   3.000000e+01 -5.693934e+01 2.600607e+02
      vertex   2.525000e+01 -5.725000e+01 2.602990e+02
      vertex   2.525000e+01 -5.693934e+01 2.600607e+02
    endloop
  endfacet
  facet normal 2.373522e-15 -7.933533e-01 -6.087614e-01
    outer loop
      vertex   3.000000e+01 -5.693934e+01 2.600607e+02
      vertex   2.525000e+01 -5.693934e+01 2.600607e+02
      vertex   3.000000e+01 -5.670096e+01 2.597500e+02
    endloop
  endfacet
  facet normal -2.373522e-15 -7.933533e-01 -6.087614e-01
    outer loop
      vertex   3.000000e+01 -5.670096e+01 2.597500e+02
      vertex   2.525000e+01 -5.693934e+01 2.600607e+02
      vertex   2.525000e+01 -5.670096e+01 2.597500e+02
    endloop
  endfacet
  facet normal -2.764025e-15 -9.238795e-01 -3.826834e-01
    outer loop
      vertex   3.000000e+01 -5.670096e+01 2.597500e+02
      vertex   2.525000e+01 -5.670096e+01 2.597500e+02
      vertex   3.000000e+01 -5.655111e+01 2.593882e+02
    endloop
  endfacet
  facet normal -0.000000e+00 -9.238795e-01 -3.826834e-01
    outer loop
      vertex   3.000000e+01 -5.655111e+01 2.593882e+02
      vertex   2.525000e+01 -5.670096e+01 2.597500e+02
      vertex   2.525000e+01 -5.655111e+01 2.593882e+02
    endloop
  endfacet
  facet normal -0.000000e+00 -9.914449e-01 -1.305262e-01
    outer loop
      vertex   3.000000e+01 -5.655111e+01 2.593882e+02
      vertex   2.525000e+01 -5.655111e+01 2.593882e+02
      vertex   3.000000e+01 -5.650000e+01 2.590000e+02
    endloop
  endfacet
  facet normal -0.000000e+00 -9.914449e-01 -1.305262e-01
    outer loop
      vertex   3.000000e+01 -5.650000e+01 2.590000e+02
      vertex   2.525000e+01 -5.655111e+01 2.593882e+02
      vertex   2.525000e+01 -5.650000e+01 2.590000e+02
    endloop
  endfacet
  facet normal 0.000000e+00 -9.914449e-01 1.305262e-01
    outer loop
      vertex   3.000000e+01 -5.650000e+01 2.590000e+02
      vertex   2.525000e+01 -5.650000e+01 2.590000e+02
      vertex   3.000000e+01 -5.655111e+01 2.586118e+02
    endloop
  endfacet
  facet normal 0.000000e+00 -9.914449e-01 1.305262e-01
    outer loop
      vertex   3.000000e+01 -5.655111e+01 2.586118e+02
      vertex   2.525000e+01 -5.650000e+01 2.590000e+02
      vertex   2.525000e+01 -5.655111e+01 2.586118e+02
    endloop
  endfacet
  facet normal 0.000000e+00 -9.238795e-01 3.826834e-01
    outer loop
      vertex   3.000000e+01 -5.655111e+01 2.586118e+02
      vertex   2.525000e+01 -5.655111e+01 2.586118e+02
      vertex   3.000000e+01 -5.670096e+01 2.582500e+02
    endloop
  endfacet
  facet normal -2.764025e-15 -9.238795e-01 3.826834e-01
    outer loop
      vertex   3.000000e+01 -5.670096e+01 2.582500e+02
      vertex   2.525000e+01 -5.655111e+01 2.586118e+02
      vertex   2.525000e+01 -5.670096e+01 2.582500e+02
    endloop
  endfacet
  facet normal -2.373522e-15 -7.933533e-01 6.087614e-01
    outer loop
      vertex   3.000000e+01 -5.670096e+01 2.582500e+02
      vertex   2.525000e+01 -5.670096e+01 2.582500e+02
      vertex   3.000000e+01 -5.693934e+01 2.579393e+02
    endloop
  endfacet
  facet normal 2.373522e-15 -7.933533e-01 6.087614e-01
    outer loop
      vertex   3.000000e+01 -5.693934e+01 2.579393e+02
      vertex   2.525000e+01 -5.670096e+01 2.582500e+02
      vertex   2.525000e+01 -5.693934e+01 2.579393e+02
    endloop
  endfacet
  facet normal 1.821267e-15 -6.087614e-01 7.933533e-01
    outer loop
      vertex   3.000000e+01 -5.693934e+01 2.579393e+02
      vertex   2.525000e+01 -5.693934e+01 2.579393e+02
      vertex   3.000000e+01 -5.725000e+01 2.577010e+02
    endloop
  endfacet
  facet normal -1.821267e-15 -6.087614e-01 7.933533e-01
    outer loop
      vertex   3.000000e+01 -5.725000e+01 2.577010e+02
      vertex   2.525000e+01 -5.693934e+01 2.579393e+02
      vertex   2.525000e+01 -5.725000e+01 2.577010e+02
    endloop
  endfacet
  facet normal -1.144897e-15 -3.826834e-01 9.238795e-01
    outer loop
      vertex   3.000000e+01 -5.725000e+01 2.577010e+02
      vertex   2.525000e+01 -5.725000e+01 2.577010e+02
      vertex   3.000000e+01 -5.761177e+01 2.575511e+02
    endloop
  endfacet
  facet normal 0.000000e+00 -3.826834e-01 9.238795e-01
    outer loop
      vertex   3.000000e+01 -5.761177e+01 2.575511e+02
      vertex   2.525000e+01 -5.725000e+01 2.577010e+02
      vertex   2.525000e+01 -5.761177e+01 2.575511e+02
    endloop
  endfacet
  facet normal 0.000000e+00 -1.305262e-01 9.914449e-01
    outer loop
      vertex   3.000000e+01 -5.761177e+01 2.575511e+02
      vertex   2.525000e+01 -5.761177e+01 2.575511e+02
      vertex   3.000000e+01 -5.800000e+01 2.575000e+02
    endloop
  endfacet
  facet normal 0.000000e+00 -1.305262e-01 9.914449e-01
    outer loop
      vertex   3.000000e+01 -5.800000e+01 2.575000e+02
      vertex   2.525000e+01 -5.761177e+01 2.575511e+02
      vertex   2.525000e+01 -5.800000e+01 2.575000e+02
    endloop
  endfacet
  facet normal 0.000000e+00 1.305262e-01 9.914449e-01
    outer loop
      vertex   3.000000e+01 -5.800000e+01 2.575000e+02
      vertex   2.525000e+01 -5.800000e+01 2.575000e+02
      vertex   3.000000e+01 -5.838823e+01 2.575511e+02
    endloop
  endfacet
  facet normal 0.000000e+00 1.305262e-01 9.914449e-01
    outer loop
      vertex   3.000000e+01 -5.838823e+01 2.575511e+02
      vertex   2.525000e+01 -5.800000e+01 2.575000e+02
      vertex   2.525000e+01 -5.838823e+01 2.575511e+02
    endloop
  endfacet
  facet normal 0.000000e+00 3.826834e-01 9.238795e-01
    outer loop
      vertex   3.000000e+01 -5.838823e+01 2.575511e+02
      vertex   2.525000e+01 -5.838823e+01 2.575511e+02
      vertex   3.000000e+01 -5.875000e+01 2.577010e+02
    endloop
  endfacet
  facet normal 0.000000e+00 3.826834e-01 9.238795e-01
    outer loop
      vertex   3.000000e+01 -5.875000e+01 2.577010e+02
      vertex   2.525000e+01 -5.838823e+01 2.575511e+02
      vertex   2.525000e+01 -5.875000e+01 2.577010e+02
    endloop
  endfacet
  facet normal 0.000000e+00 6.087614e-01 7.933533e-01
    outer loop
      vertex   3.000000e+01 -5.875000e+01 2.577010e+02
      vertex   2.525000e+01 -5.875000e+01 2.577010e+02
      vertex   3.000000e+01 -5.906066e+01 2.579393e+02
    endloop
  endfacet
  facet normal 1.821267e-15 6.087614e-01 7.933533e-01
    outer loop
      vertex   3.000000e+01 -5.906066e+01 2.579393e+02
      vertex   2.525000e+01 -5.875000e+01 2.577010e+02
      vertex   2.525000e+01 -5.906066e+01 2.579393e+02
    endloop
  endfacet
  facet normal 2.373522e-15 7.933533e-01 6.087614e-01
    outer loop
      vertex   3.000000e+01 -5.906066e+01 2.579393e+02
      vertex   2.525000e+01 -5.906066e+01 2.579393e+02
      vertex   3.000000e+01 -5.929904e+01 2.582500e+02
    endloop
  endfacet
  facet normal -2.373522e-15 7.933533e-01 6.087614e-01
    outer loop
      vertex   3.000000e+01 -5.929904e+01 2.582500e+02
      vertex   2.525000e+01 -5.906066e+01 2.579393e+02
      vertex   2.525000e+01 -5.929904e+01 2.582500e+02
    endloop
  endfacet
  facet normal -2.764025e-15 9.238795e-01 3.826834e-01
    outer loop
      vertex   3.000000e+01 -5.929904e+01 2.582500e+02
      vertex   2.525000e+01 -5.929904e+01 2.582500e+02
      vertex   3.000000e+01 -5.944889e+01 2.586118e+02
    endloop
  endfacet
  facet normal 0.000000e+00 9.238795e-01 3.826834e-01
    outer loop
      vertex   3.000000e+01 -5.944889e+01 2.586118e+02
      vertex   2.525000e+01 -5.929904e+01 2.582500e+02
      vertex   2.525000e+01 -5.944889e+01 2.586118e+02
    endloop
  endfacet
  facet normal -4.233659e-15 -9.937122e-01 1.119645e-01
    outer loop
      vertex   -2.400000e+01 -3.795265e+01 2.585327e+02
      vertex   -2.050000e+01 -3.795265e+01 2.585327e+02
      vertex   -2.400000e+01 -3.790000e+01 2.590000e+02
    endloop
  endfacet
  facet normal -1.575528e-13 -9.937122e-01 1.119645e-01
    outer loop
      vertex   -2.400000e+01 -3.790000e+01 2.590000e+02
      vertex   -2.050000e+01 -3.795265e+01 2.585327e+02
      vertex   -2.050000e+01 -3.790000e+01 2.590000e+02
    endloop
  endfacet
  facet normal -1.611896e-13 -9.937122e-01 -1.119645e-01
    outer loop
      vertex   -2.400000e+01 -3.790000e+01 2.590000e+02
      vertex   -2.050000e+01 -3.790000e+01 2.590000e+02
      vertex   -2.400000e+01 -3.795265e+01 2.594673e+02
    endloop
  endfacet
  facet normal 2.216302e-15 -9.937122e-01 -1.119645e-01
    outer loop
      vertex   -2.400000e+01 -3.795265e+01 2.594673e+02
      vertex   -2.050000e+01 -3.790000e+01 2.590000e+02
      vertex   -2.050000e+01 -3.795265e+01 2.594673e+02
    endloop
  endfacet
  facet normal -1.531658e-15 -9.438833e-01 -3.302791e-01
    outer loop
      vertex   -2.400000e+01 -3.795265e+01 2.594673e+02
      vertex   -2.050000e+01 -3.795265e+01 2.594673e+02
      vertex   -2.400000e+01 -3.810797e+01 2.599112e+02
    endloop
  endfacet
  facet normal -3.063316e-15 -9.438833e-01 -3.302791e-01
    outer loop
      vertex   -2.400000e+01 -3.810797e+01 2.599112e+02
      vertex   -2.050000e+01 -3.795265e+01 2.594673e+02
      vertex   -2.050000e+01 -3.810797e+01 2.599112e+02
    endloop
  endfacet
  facet normal -1.040563e-14 -8.467242e-01 -5.320321e-01
    outer loop
      vertex   -2.400000e+01 -3.810797e+01 2.599112e+02
      vertex   -2.050000e+01 -3.810797e+01 2.599112e+02
      vertex   -2.400000e+01 -3.835815e+01 2.603093e+02
    endloop
  endfacet
  facet normal -6.967720e-15 -8.467242e-01 -5.320321e-01
    outer loop
      vertex   -2.400000e+01 -3.835815e+01 2.603093e+02
      vertex   -2.050000e+01 -3.810797e+01 2.599112e+02
      vertex   -2.050000e+01 -3.835815e+01 2.603093e+02
    endloop
  endfacet
  facet normal -1.435513e-14 -7.071068e-01 -7.071068e-01
    outer loop
      vertex   -2.400000e+01 -3.835815e+01 2.603093e+02
      vertex   -2.050000e+01 -3.835815e+01 2.603093e+02
      vertex   -2.400000e+01 -3.869067e+01 2.606418e+02
    endloop
  endfacet
  facet normal 2.453990e-28 -7.071068e-01 -7.071068e-01
    outer loop
      vertex   -2.400000e+01 -3.869067e+01 2.606418e+02
      vertex   -2.050000e+01 -3.835815e+01 2.603093e+02
      vertex   -2.050000e+01 -3.869067e+01 2.606418e+02
    endloop
  endfacet
  facet normal -5.110907e-15 -5.320321e-01 -8.467242e-01
    outer loop
      vertex   -2.400000e+01 -3.869067e+01 2.606418e+02
      vertex   -2.050000e+01 -3.869067e+01 2.606418e+02
      vertex   -2.400000e+01 -3.908884e+01 2.608920e+02
    endloop
  endfacet
  facet normal 8.640721e-15 -5.320321e-01 -8.467242e-01
    outer loop
      vertex   -2.400000e+01 -3.908884e+01 2.608920e+02
      vertex   -2.050000e+01 -3.869067e+01 2.606418e+02
      vertex   -2.050000e+01 -3.908884e+01 2.608920e+02
    endloop
  endfacet
  facet normal 5.364055e-15 -3.302791e-01 -9.438833e-01
    outer loop
      vertex   -2.400000e+01 -3.908884e+01 2.608920e+02
      vertex   -2.050000e+01 -3.908884e+01 2.608920e+02
      vertex   -2.400000e+01 -3.953271e+01 2.610474e+02
    endloop
  endfacet
  facet normal 6.034561e-15 -3.302791e-01 -9.438833e-01
    outer loop
      vertex   -2.400000e+01 -3.953271e+01 2.610474e+02
      vertex   -2.050000e+01 -3.908884e+01 2.608920e+02
      vertex   -2.050000e+01 -3.953271e+01 2.610474e+02
    endloop
  endfacet
  facet normal 2.045714e-15 -1.119645e-01 -9.937122e-01
    outer loop
      vertex   -2.400000e+01 -3.953271e+01 2.610474e+02
      vertex   -2.050000e+01 -3.953271e+01 2.610474e+02
      vertex   -2.400000e+01 -4.000000e+01 2.611000e+02
    endloop
  endfacet
  facet normal 2.273016e-15 -1.119645e-01 -9.937122e-01
    outer loop
      vertex   -2.400000e+01 -4.000000e+01 2.611000e+02
      vertex   -2.050000e+01 -3.953271e+01 2.610474e+02
      vertex   -2.050000e+01 -4.000000e+01 2.611000e+02
    endloop
  endfacet
  facet normal -2.273016e-15 1.119645e-01 -9.937122e-01
    outer loop
      vertex   -2.400000e+01 -4.000000e+01 2.611000e+02
      vertex   -2.050000e+01 -4.000000e+01 2.611000e+02
      vertex   -2.400000e+01 -4.046729e+01 2.610474e+02
    endloop
  endfacet
  facet normal -2.273016e-15 1.119645e-01 -9.937122e-01
    outer loop
      vertex   -2.400000e+01 -4.046729e+01 2.610474e+02
      vertex   -2.050000e+01 -4.000000e+01 2.611000e+02
      vertex   -2.050000e+01 -4.046729e+01 2.610474e+02
    endloop
  endfacet
  facet normal -6.705068e-15 3.302791e-01 -9.438833e-01
    outer loop
      vertex   -2.400000e+01 -4.046729e+01 2.610474e+02
      vertex   -2.050000e+01 -4.046729e+01 2.610474e+02
      vertex   -2.400000e+01 -4.091116e+01 2.608920e+02
    endloop
  endfacet
  facet normal -6.034561e-15 3.302791e-01 -9.438833e-01
    outer loop
      vertex   -2.400000e+01 -4.091116e+01 2.608920e+02
      vertex   -2.050000e+01 -4.046729e+01 2.610474e+02
      vertex   -2.050000e+01 -4.091116e+01 2.608920e+02
    endloop
  endfacet
  facet normal -9.720811e-15 5.320321e-01 -8.467242e-01
    outer loop
      vertex   -2.400000e+01 -4.091116e+01 2.608920e+02
      vertex   -2.050000e+01 -4.091116e+01 2.608920e+02
      vertex   -2.400000e+01 -4.130933e+01 2.606418e+02
    endloop
  endfacet
  facet normal -7.560631e-15 5.320321e-01 -8.467242e-01
    outer loop
      vertex   -2.400000e+01 -4.130933e+01 2.606418e+02
      vertex   -2.050000e+01 -4.091116e+01 2.608920e+02
      vertex   -2.050000e+01 -4.130933e+01 2.606418e+02
    endloop
  endfacet
  facet normal -1.004859e-14 7.071068e-01 -7.071068e-01
    outer loop
      vertex   -2.400000e+01 -4.130933e+01 2.606418e+02
      vertex   -2.050000e+01 -4.130933e+01 2.606418e+02
      vertex   -2.400000e+01 -4.164185e+01 2.603093e+02
    endloop
  endfacet
  facet normal 2.871026e-15 7.071068e-01 -7.071068e-01
    outer loop
      vertex   -2.400000e+01 -4.164185e+01 2.603093e+02
      vertex   -2.050000e+01 -4.130933e+01 2.606418e+02
      vertex   -2.050000e+01 -4.164185e+01 2.603093e+02
    endloop
  endfacet
  facet normal -1.673000e-15 8.467242e-01 -5.320321e-01
    outer loop
      vertex   -2.400000e+01 -4.164185e+01 2.603093e+02
      vertex   -2.050000e+01 -4.164185e+01 2.603093e+02
      vertex   -2.400000e+01 -4.189204e+01 2.599112e+02
    endloop
  endfacet
  facet normal -1.673000e-15 8.467242e-01 -5.320321e-01
    outer loop
      vertex   -2.400000e+01 -4.189204e+01 2.599112e+02
      vertex   -2.050000e+01 -4.164185e+01 2.603093e+02
      vertex   -2.050000e+01 -4.189204e+01 2.599112e+02
    endloop
  endfacet
  facet normal -6.133136e-15 9.438833e-01 -3.302791e-01
    outer loop
      vertex   -2.400000e+01 -4.189204e+01 2.599112e+02
      vertex   -2.050000e+01 -4.189204e+01 2.599112e+02
      vertex   -2.400000e+01 -4.204735e+01 2.594673e+02
    endloop
  endfacet
  facet normal -3.845406e-16 9.438833e-01 -3.302791e-01
    outer loop
      vertex   -2.400000e+01 -4.204735e+01 2.594673e+02
      vertex   -2.050000e+01 -4.189204e+01 2.599112e+02
      vertex   -2.050000e+01 -4.204735e+01 2.594673e+02
    endloop
  endfacet
  facet normal -4.233659e-15 9.937122e-01 -1.119645e-01
    outer loop
      vertex   -2.400000e+01 -4.204735e+01 2.594673e+02
      vertex   -2.050000e+01 -4.204735e+01 2.594673e+02
      vertex   -2.400000e+01 -4.210000e+01 2.590000e+02
    endloop
  endfacet
  facet normal 1.818412e-15 9.937122e-01 -1.119645e-01
    outer loop
      vertex   -2.400000e+01 -4.210000e+01 2.590000e+02
      vertex   -2.050000e+01 -4.204735e+01 2.594673e+02
      vertex   -2.050000e+01 -4.210000e+01 2.590000e+02
    endloop
  endfacet
  facet normal -1.818412e-15 9.937122e-01 1.119645e-01
    outer loop
      vertex   -2.400000e+01 -4.210000e+01 2.590000e+02
      vertex   -2.050000e+01 -4.210000e+01 2.590000e+02
      vertex   -2.400000e+01 -4.204735e+01 2.585327e+02
    endloop
  endfacet
  facet normal 4.233659e-15 9.937122e-01 1.119645e-01
    outer loop
      vertex   -2.400000e+01 -4.204735e+01 2.585327e+02
      vertex   -2.050000e+01 -4.210000e+01 2.590000e+02
      vertex   -2.050000e+01 -4.204735e+01 2.585327e+02
    endloop
  endfacet
  facet normal 3.845406e-16 9.438833e-01 3.302791e-01
    outer loop
      vertex   -2.400000e+01 -4.204735e+01 2.585327e+02
      vertex   -2.050000e+01 -4.204735e+01 2.585327e+02
      vertex   -2.400000e+01 -4.189204e+01 2.580888e+02
    endloop
  endfacet
  facet normal -4.979514e-15 9.438833e-01 3.302791e-01
    outer loop
      vertex   -2.400000e+01 -4.189204e+01 2.580888e+02
      vertex   -2.050000e+01 -4.204735e+01 2.585327e+02
      vertex   -2.050000e+01 -4.189204e+01 2.580888e+02
    endloop
  endfacet
  facet normal -1.212458e-14 8.467242e-01 5.320321e-01
    outer loop
      vertex   -2.400000e+01 -4.189204e+01 2.580888e+02
      vertex   -2.050000e+01 -4.189204e+01 2.580888e+02
      vertex   -2.400000e+01 -4.164185e+01 2.576907e+02
    endloop
  endfacet
  facet normal -6.967720e-15 8.467242e-01 5.320321e-01
    outer loop
      vertex   -2.400000e+01 -4.164185e+01 2.576907e+02
      vertex   -2.050000e+01 -4.189204e+01 2.580888e+02
      vertex   -2.050000e+01 -4.164185e+01 2.576907e+02
    endloop
  endfacet
  facet normal -1.435513e-14 7.071068e-01 7.071068e-01
    outer loop
      vertex   -2.400000e+01 -4.164185e+01 2.576907e+02
      vertex   -2.050000e+01 -4.164185e+01 2.576907e+02
      vertex   -2.400000e+01 -4.130933e+01 2.573582e+02
    endloop
  endfacet
  facet normal -1.435513e-15 7.071068e-01 7.071068e-01
    outer loop
      vertex   -2.400000e+01 -4.130933e+01 2.573582e+02
      vertex   -2.050000e+01 -4.164185e+01 2.576907e+02
      vertex   -2.050000e+01 -4.130933e+01 2.573582e+02
    endloop
  endfacet
  facet normal -6.190998e-15 5.320321e-01 8.467242e-01
    outer loop
      vertex   -2.400000e+01 -4.130933e+01 2.573582e+02
      vertex   -2.050000e+01 -4.130933e+01 2.573582e+02
      vertex   -2.400000e+01 -4.091116e+01 2.571080e+02
    endloop
  endfacet
  facet normal 1.080090e-14 5.320321e-01 8.467242e-01
    outer loop
      vertex   -2.400000e+01 -4.091116e+01 2.571080e+02
      vertex   -2.050000e+01 -4.130933e+01 2.573582e+02
      vertex   -2.050000e+01 -4.091116e+01 2.571080e+02
    endloop
  endfacet
  facet normal 6.705068e-15 3.302791e-01 9.438833e-01
    outer loop
      vertex   -2.400000e+01 -4.091116e+01 2.571080e+02
      vertex   -2.050000e+01 -4.091116e+01 2.571080e+02
      vertex   -2.400000e+01 -4.046729e+01 2.569527e+02
    endloop
  endfacet
  facet normal 6.705068e-15 3.302791e-01 9.438833e-01
    outer loop
      vertex   -2.400000e+01 -4.046729e+01 2.569527e+02
      vertex   -2.050000e+01 -4.091116e+01 2.571080e+02
      vertex   -2.050000e+01 -4.046729e+01 2.569527e+02
    endloop
  endfacet
  facet normal 2.273016e-15 1.119645e-01 9.937122e-01
    outer loop
      vertex   -2.400000e+01 -4.046729e+01 2.569527e+02
      vertex   -2.050000e+01 -4.046729e+01 2.569527e+02
      vertex   -2.400000e+01 -4.000000e+01 2.569000e+02
    endloop
  endfacet
  facet normal 2.273016e-15 1.119645e-01 9.937122e-01
    outer loop
      vertex   -2.400000e+01 -4.000000e+01 2.569000e+02
      vertex   -2.050000e+01 -4.046729e+01 2.569527e+02
      vertex   -2.050000e+01 -4.000000e+01 2.569000e+02
    endloop
  endfacet
  facet normal -2.273016e-15 -1.119645e-01 9.937122e-01
    outer loop
      vertex   -2.400000e+01 -4.000000e+01 2.569000e+02
      vertex   -2.050000e+01 -4.000000e+01 2.569000e+02
      vertex   -2.400000e+01 -3.953271e+01 2.569527e+02
    endloop
  endfacet
  facet normal -2.273016e-15 -1.119645e-01 9.937122e-01
    outer loop
      vertex   -2.400000e+01 -3.953271e+01 2.569527e+02
      vertex   -2.050000e+01 -4.000000e+01 2.569000e+02
      vertex   -2.050000e+01 -3.953271e+01 2.569527e+02
    endloop
  endfacet
  facet normal -6.705068e-15 -3.302791e-01 9.438833e-01
    outer loop
      vertex   -2.400000e+01 -3.953271e+01 2.569527e+02
      vertex   -2.050000e+01 -3.953271e+01 2.569527e+02
      vertex   -2.400000e+01 -3.908884e+01 2.571080e+02
    endloop
  endfacet
  facet normal -6.705068e-15 -3.302791e-01 9.438833e-01
    outer loop
      vertex   -2.400000e+01 -3.908884e+01 2.571080e+02
      vertex   -2.050000e+01 -3.953271e+01 2.569527e+02
      vertex   -2.050000e+01 -3.908884e+01 2.571080e+02
    endloop
  endfacet
  facet normal -1.080090e-14 -5.320321e-01 8.467242e-01
    outer loop
      vertex   -2.400000e+01 -3.908884e+01 2.571080e+02
      vertex   -2.050000e+01 -3.908884e+01 2.571080e+02
      vertex   -2.400000e+01 -3.869067e+01 2.573582e+02
    endloop
  endfacet
  facet normal -7.560631e-15 -5.320321e-01 8.467242e-01
    outer loop
      vertex   -2.400000e+01 -3.869067e+01 2.573582e+02
      vertex   -2.050000e+01 -3.908884e+01 2.571080e+02
      vertex   -2.050000e+01 -3.869067e+01 2.573582e+02
    endloop
  endfacet
  facet normal -1.004859e-14 -7.071068e-01 7.071068e-01
    outer loop
      vertex   -2.400000e+01 -3.869067e+01 2.573582e+02
      vertex   -2.050000e+01 -3.869067e+01 2.573582e+02
      vertex   -2.400000e+01 -3.835815e+01 2.576907e+02
    endloop
  endfacet
  facet normal 2.871026e-15 -7.071068e-01 7.071068e-01
    outer loop
      vertex   -2.400000e+01 -3.835815e+01 2.576907e+02
      vertex   -2.050000e+01 -3.869067e+01 2.573582e+02
      vertex   -2.050000e+01 -3.835815e+01 2.576907e+02
    endloop
  endfacet
  facet normal -1.673000e-15 -8.467242e-01 5.320321e-01
    outer loop
      vertex   -2.400000e+01 -3.835815e+01 2.576907e+02
      vertex   -2.050000e+01 -3.835815e+01 2.576907e+02
      vertex   -2.400000e+01 -3.810797e+01 2.580888e+02
    endloop
  endfacet
  facet normal 4.595306e-17 -8.467242e-01 5.320321e-01
    outer loop
      vertex   -2.400000e+01 -3.810797e+01 2.580888e+02
      vertex   -2.050000e+01 -3.835815e+01 2.576907e+02
      vertex   -2.050000e+01 -3.810797e+01 2.580888e+02
    endloop
  endfacet
  facet normal -4.216937e-15 -9.438833e-01 3.302791e-01
    outer loop
      vertex   -2.400000e+01 -3.810797e+01 2.580888e+02
      vertex   -2.050000e+01 -3.810797e+01 2.580888e+02
      vertex   -2.400000e+01 -3.795265e+01 2.585327e+02
    endloop
  endfacet
  facet normal -3.845406e-16 -9.438833e-01 3.302791e-01
    outer loop
      vertex   -2.400000e+01 -3.795265e+01 2.585327e+02
      vertex   -2.050000e+01 -3.810797e+01 2.580888e+02
      vertex   -2.050000e+01 -3.795265e+01 2.585327e+02
    endloop
  endfacet
  facet normal -0.000000e+00 -9.937122e-01 -1.119645e-01
    outer loop
      vertex   2.400000e+01 -3.795265e+01 2.594673e+02
      vertex   2.050000e+01 -3.795265e+01 2.594673e+02
      vertex   2.400000e+01 -3.790000e+01 2.590000e+02
    endloop
  endfacet
  facet normal 1.270935e-13 -9.937122e-01 -1.119645e-01
    outer loop
      vertex   2.400000e+01 -3.790000e+01 2.590000e+02
      vertex   2.050000e+01 -3.795265e+01 2.594673e+02
      vertex   2.050000e+01 -3.790000e+01 2.590000e+02
    endloop
  endfacet
  facet normal 1.270935e-13 -9.937122e-01 1.119645e-01
    outer loop
      vertex   2.400000e+01 -3.790000e+01 2.590000e+02
      vertex   2.050000e+01 -3.790000e+01 2.590000e+02
      vertex   2.400000e+01 -3.795265e+01 2.585327e+02
    endloop
  endfacet
  facet normal 0.000000e+00 -9.937122e-01 1.119645e-01
    outer loop
      vertex   2.400000e+01 -3.795265e+01 2.585327e+02
      vertex   2.050000e+01 -3.790000e+01 2.590000e+02
      vertex   2.050000e+01 -3.795265e+01 2.585327e+02
    endloop
  endfacet
  facet normal 0.000000e+00 -9.438833e-01 3.302791e-01
    outer loop
      vertex   2.400000e+01 -3.795265e+01 2.585327e+02
      vertex   2.050000e+01 -3.795265e+01 2.585327e+02
      vertex   2.400000e+01 -3.810797e+01 2.580888e+02
    endloop
  endfacet
  facet normal 0.000000e+00 -9.438833e-01 3.302791e-01
    outer loop
      vertex   2.400000e+01 -3.810797e+01 2.580888e+02
      vertex   2.050000e+01 -3.795265e+01 2.585327e+02
      vertex   2.050000e+01 -3.810797e+01 2.580888e+02
    endloop
  endfacet
  facet normal 0.000000e+00 -8.467242e-01 5.320321e-01
    outer loop
      vertex   2.400000e+01 -3.810797e+01 2.580888e+02
      vertex   2.050000e+01 -3.810797e+01 2.580888e+02
      vertex   2.400000e+01 -3.835815e+01 2.576907e+02
    endloop
  endfacet
  facet normal 0.000000e+00 -8.467242e-01 5.320321e-01
    outer loop
      vertex   2.400000e+01 -3.835815e+01 2.576907e+02
      vertex   2.050000e+01 -3.810797e+01 2.580888e+02
      vertex   2.050000e+01 -3.835815e+01 2.576907e+02
    endloop
  endfacet
  facet normal 0.000000e+00 -7.071068e-01 7.071068e-01
    outer loop
      vertex   2.400000e+01 -3.835815e+01 2.576907e+02
      vertex   2.050000e+01 -3.835815e+01 2.576907e+02
      vertex   2.400000e+01 -3.869067e+01 2.573582e+02
    endloop
  endfacet
  facet normal 0.000000e+00 -7.071068e-01 7.071068e-01
    outer loop
      vertex   2.400000e+01 -3.869067e+01 2.573582e+02
      vertex   2.050000e+01 -3.835815e+01 2.576907e+02
      vertex   2.050000e+01 -3.869067e+01 2.573582e+02
    endloop
  endfacet
  facet normal 0.000000e+00 -5.320321e-01 8.467242e-01
    outer loop
      vertex   2.400000e+01 -3.869067e+01 2.573582e+02
      vertex   2.050000e+01 -3.869067e+01 2.573582e+02
      vertex   2.400000e+01 -3.908884e+01 2.571080e+02
    endloop
  endfacet
  facet normal 0.000000e+00 -5.320321e-01 8.467242e-01
    outer loop
      vertex   2.400000e+01 -3.908884e+01 2.571080e+02
      vertex   2.050000e+01 -3.869067e+01 2.573582e+02
      vertex   2.050000e+01 -3.908884e+01 2.571080e+02
    endloop
  endfacet
  facet normal 0.000000e+00 -3.302791e-01 9.438833e-01
    outer loop
      vertex   2.400000e+01 -3.908884e+01 2.571080e+02
      vertex   2.050000e+01 -3.908884e+01 2.571080e+02
      vertex   2.400000e+01 -3.953271e+01 2.569527e+02
    endloop
  endfacet
  facet normal 0.000000e+00 -3.302791e-01 9.438833e-01
    outer loop
      vertex   2.400000e+01 -3.953271e+01 2.569527e+02
      vertex   2.050000e+01 -3.908884e+01 2.571080e+02
      vertex   2.050000e+01 -3.953271e+01 2.569527e+02
    endloop
  endfacet
  facet normal 0.000000e+00 -1.119645e-01 9.937122e-01
    outer loop
      vertex   2.400000e+01 -3.953271e+01 2.569527e+02
      vertex   2.050000e+01 -3.953271e+01 2.569527e+02
      vertex   2.400000e+01 -4.000000e+01 2.569000e+02
    endloop
  endfacet
  facet normal 0.000000e+00 -1.119645e-01 9.937122e-01
    outer loop
      vertex   2.400000e+01 -4.000000e+01 2.569000e+02
      vertex   2.050000e+01 -3.953271e+01 2.569527e+02
      vertex   2.050000e+01 -4.000000e+01 2.569000e+02
    endloop
  endfacet
  facet normal 0.000000e+00 1.119645e-01 9.937122e-01
    outer loop
      vertex   2.400000e+01 -4.000000e+01 2.569000e+02
      vertex   2.050000e+01 -4.000000e+01 2.569000e+02
      vertex   2.400000e+01 -4.046729e+01 2.569527e+02
    endloop
  endfacet
  facet normal 0.000000e+00 1.119645e-01 9.937122e-01
    outer loop
      vertex   2.400000e+01 -4.046729e+01 2.569527e+02
      vertex   2.050000e+01 -4.000000e+01 2.569000e+02
      vertex   2.050000e+01 -4.046729e+01 2.569527e+02
    endloop
  endfacet
  facet normal 0.000000e+00 3.302791e-01 9.438833e-01
    outer loop
      vertex   2.400000e+01 -4.046729e+01 2.569527e+02
      vertex   2.050000e+01 -4.046729e+01 2.569527e+02
      vertex   2.400000e+01 -4.091116e+01 2.571080e+02
    endloop
  endfacet
  facet normal 0.000000e+00 3.302791e-01 9.438833e-01
    outer loop
      vertex   2.400000e+01 -4.091116e+01 2.571080e+02
      vertex   2.050000e+01 -4.046729e+01 2.569527e+02
      vertex   2.050000e+01 -4.091116e+01 2.571080e+02
    endloop
  endfacet
  facet normal 0.000000e+00 5.320321e-01 8.467242e-01
    outer loop
      vertex   2.400000e+01 -4.091116e+01 2.571080e+02
      vertex   2.050000e+01 -4.091116e+01 2.571080e+02
      vertex   2.400000e+01 -4.130933e+01 2.573582e+02
    endloop
  endfacet
  facet normal 0.000000e+00 5.320321e-01 8.467242e-01
    outer loop
      vertex   2.400000e+01 -4.130933e+01 2.573582e+02
      vertex   2.050000e+01 -4.091116e+01 2.571080e+02
      vertex   2.050000e+01 -4.130933e+01 2.573582e+02
    endloop
  endfacet
  facet normal 0.000000e+00 7.071068e-01 7.071068e-01
    outer loop
      vertex   2.400000e+01 -4.130933e+01 2.573582e+02
      vertex   2.050000e+01 -4.130933e+01 2.573582e+02
      vertex   2.400000e+01 -4.164185e+01 2.576907e+02
    endloop
  endfacet
  facet normal 0.000000e+00 7.071068e-01 7.071068e-01
    outer loop
      vertex   2.400000e+01 -4.164185e+01 2.576907e+02
      vertex   2.050000e+01 -4.130933e+01 2.573582e+02
      vertex   2.050000e+01 -4.164185e+01 2.576907e+02
    endloop
  endfacet
  facet normal 0.000000e+00 8.467242e-01 5.320321e-01
    outer loop
      vertex   2.400000e+01 -4.164185e+01 2.576907e+02
      vertex   2.050000e+01 -4.164185e+01 2.576907e+02
      vertex   2.400000e+01 -4.189204e+01 2.580888e+02
    endloop
  endfacet
  facet normal 0.000000e+00 8.467242e-01 5.320321e-01
    outer loop
      vertex   2.400000e+01 -4.189204e+01 2.580888e+02
      vertex   2.050000e+01 -4.164185e+01 2.576907e+02
      vertex   2.050000e+01 -4.189204e+01 2.580888e+02
    endloop
  endfacet
  facet normal 0.000000e+00 9.438833e-01 3.302791e-01
    outer loop
      vertex   2.400000e+01 -4.189204e+01 2.580888e+02
      vertex   2.050000e+01 -4.189204e+01 2.580888e+02
      vertex   2.400000e+01 -4.204735e+01 2.585327e+02
    endloop
  endfacet
  facet normal 0.000000e+00 9.438833e-01 3.302791e-01
    outer loop
      vertex   2.400000e+01 -4.204735e+01 2.585327e+02
      vertex   2.050000e+01 -4.189204e+01 2.580888e+02
      vertex   2.050000e+01 -4.204735e+01 2.585327e+02
    endloop
  endfacet
  facet normal 0.000000e+00 9.937122e-01 1.119645e-01
    outer loop
      vertex   2.400000e+01 -4.204735e+01 2.585327e+02
      vertex   2.050000e+01 -4.204735e+01 2.585327e+02
      vertex   2.400000e+01 -4.210000e+01 2.590000e+02
    endloop
  endfacet
  facet normal 0.000000e+00 9.937122e-01 1.119645e-01
    outer loop
      vertex   2.400000e+01 -4.210000e+01 2.590000e+02
      vertex   2.050000e+01 -4.204735e+01 2.585327e+02
      vertex   2.050000e+01 -4.210000e+01 2.590000e+02
    endloop
  endfacet
  facet normal 0.000000e+00 9.937122e-01 -1.119645e-01
    outer loop
      vertex   2.400000e+01 -4.210000e+01 2.590000e+02
      vertex   2.050000e+01 -4.210000e+01 2.590000e+02
      vertex   2.400000e+01 -4.204735e+01 2.594673e+02
    endloop
  endfacet
  facet normal 0.000000e+00 9.937122e-01 -1.119645e-01
    outer loop
      vertex   2.400000e+01 -4.204735e+01 2.594673e+02
      vertex   2.050000e+01 -4.210000e+01 2.590000e+02
      vertex   2.050000e+01 -4.204735e+01 2.594673e+02
    endloop
  endfacet
  facet normal 0.000000e+00 9.438833e-01 -3.302791e-01
    outer loop
      vertex   2.400000e+01 -4.204735e+01 2.594673e+02
      vertex   2.050000e+01 -4.204735e+01 2.594673e+02
      vertex   2.400000e+01 -4.189204e+01 2.599112e+02
    endloop
  endfacet
  facet normal 0.000000e+00 9.438833e-01 -3.302791e-01
    outer loop
      vertex   2.400000e+01 -4.189204e+01 2.599112e+02
      vertex   2.050000e+01 -4.204735e+01 2.594673e+02
      vertex   2.050000e+01 -4.189204e+01 2.599112e+02
    endloop
  endfacet
  facet normal 0.000000e+00 8.467242e-01 -5.320321e-01
    outer loop
      vertex   2.400000e+01 -4.189204e+01 2.599112e+02
      vertex   2.050000e+01 -4.189204e+01 2.599112e+02
      vertex   2.400000e+01 -4.164185e+01 2.603093e+02
    endloop
  endfacet
  facet normal 0.000000e+00 8.467242e-01 -5.320321e-01
    outer loop
      vertex   2.400000e+01 -4.164185e+01 2.603093e+02
      vertex   2.050000e+01 -4.189204e+01 2.599112e+02
      vertex   2.050000e+01 -4.164185e+01 2.603093e+02
    endloop
  endfacet
  facet normal 0.000000e+00 7.071068e-01 -7.071068e-01
    outer loop
      vertex   2.400000e+01 -4.164185e+01 2.603093e+02
      vertex   2.050000e+01 -4.164185e+01 2.603093e+02
      vertex   2.400000e+01 -4.130933e+01 2.606418e+02
    endloop
  endfacet
  facet normal 0.000000e+00 7.071068e-01 -7.071068e-01
    outer loop
      vertex   2.400000e+01 -4.130933e+01 2.606418e+02
      vertex   2.050000e+01 -4.164185e+01 2.603093e+02
      vertex   2.050000e+01 -4.130933e+01 2.606418e+02
    endloop
  endfacet
  facet normal 0.000000e+00 5.320321e-01 -8.467242e-01
    outer loop
      vertex   2.400000e+01 -4.130933e+01 2.606418e+02
      vertex   2.050000e+01 -4.130933e+01 2.606418e+02
      vertex   2.400000e+01 -4.091116e+01 2.608920e+02
    endloop
  endfacet
  facet normal 0.000000e+00 5.320321e-01 -8.467242e-01
    outer loop
      vertex   2.400000e+01 -4.091116e+01 2.608920e+02
      vertex   2.050000e+01 -4.130933e+01 2.606418e+02
      vertex   2.050000e+01 -4.091116e+01 2.608920e+02
    endloop
  endfacet
  facet normal 0.000000e+00 3.302791e-01 -9.438833e-01
    outer loop
      vertex   2.400000e+01 -4.091116e+01 2.608920e+02
      vertex   2.050000e+01 -4.091116e+01 2.608920e+02
      vertex   2.400000e+01 -4.046729e+01 2.610474e+02
    endloop
  endfacet
  facet normal 0.000000e+00 3.302791e-01 -9.438833e-01
    outer loop
      vertex   2.400000e+01 -4.046729e+01 2.610474e+02
      vertex   2.050000e+01 -4.091116e+01 2.608920e+02
      vertex   2.050000e+01 -4.046729e+01 2.610474e+02
    endloop
  endfacet
  facet normal 0.000000e+00 1.119645e-01 -9.937122e-01
    outer loop
      vertex   2.400000e+01 -4.046729e+01 2.610474e+02
      vertex   2.050000e+01 -4.046729e+01 2.610474e+02
      vertex   2.400000e+01 -4.000000e+01 2.611000e+02
    endloop
  endfacet
  facet normal 0.000000e+00 1.119645e-01 -9.937122e-01
    outer loop
      vertex   2.400000e+01 -4.000000e+01 2.611000e+02
      vertex   2.050000e+01 -4.046729e+01 2.610474e+02
      vertex   2.050000e+01 -4.000000e+01 2.611000e+02
    endloop
  endfacet
  facet normal -0.000000e+00 -1.119645e-01 -9.937122e-01
    outer loop
      vertex   2.400000e+01 -4.000000e+01 2.611000e+02
      vertex   2.050000e+01 -4.000000e+01 2.611000e+02
      vertex   2.400000e+01 -3.953271e+01 2.610474e+02
    endloop
  endfacet
  facet normal -0.000000e+00 -1.119645e-01 -9.937122e-01
    outer loop
      vertex   2.400000e+01 -3.953271e+01 2.610474e+02
      vertex   2.050000e+01 -4.000000e+01 2.611000e+02
      vertex   2.050000e+01 -3.953271e+01 2.610474e+02
    endloop
  endfacet
  facet normal -0.000000e+00 -3.302791e-01 -9.438833e-01
    outer loop
      vertex   2.400000e+01 -3.953271e+01 2.610474e+02
      vertex   2.050000e+01 -3.953271e+01 2.610474e+02
      vertex   2.400000e+01 -3.908884e+01 2.608920e+02
    endloop
  endfacet
  facet normal -0.000000e+00 -3.302791e-01 -9.438833e-01
    outer loop
      vertex   2.400000e+01 -3.908884e+01 2.608920e+02
      vertex   2.050000e+01 -3.953271e+01 2.610474e+02
      vertex   2.050000e+01 -3.908884e+01 2.608920e+02
    endloop
  endfacet
  facet normal -0.000000e+00 -5.320321e-01 -8.467242e-01
    outer loop
      vertex   2.400000e+01 -3.908884e+01 2.608920e+02
      vertex   2.050000e+01 -3.908884e+01 2.608920e+02
      vertex   2.400000e+01 -3.869067e+01 2.606418e+02
    endloop
  endfacet
  facet normal -0.000000e+00 -5.320321e-01 -8.467242e-01
    outer loop
      vertex   2.400000e+01 -3.869067e+01 2.606418e+02
      vertex   2.050000e+01 -3.908884e+01 2.608920e+02
      vertex   2.050000e+01 -3.869067e+01 2.606418e+02
    endloop
  endfacet
  facet normal -0.000000e+00 -7.071068e-01 -7.071068e-01
    outer loop
      vertex   2.400000e+01 -3.869067e+01 2.606418e+02
      vertex   2.050000e+01 -3.869067e+01 2.606418e+02
      vertex   2.400000e+01 -3.835815e+01 2.603093e+02
    endloop
  endfacet
  facet normal -0.000000e+00 -7.071068e-01 -7.071068e-01
    outer loop
      vertex   2.400000e+01 -3.835815e+01 2.603093e+02
      vertex   2.050000e+01 -3.869067e+01 2.606418e+02
      vertex   2.050000e+01 -3.835815e+01 2.603093e+02
    endloop
  endfacet
  facet normal -0.000000e+00 -8.467242e-01 -5.320321e-01
    outer loop
      vertex   2.400000e+01 -3.835815e+01 2.603093e+02
      vertex   2.050000e+01 -3.835815e+01 2.603093e+02
      vertex   2.400000e+01 -3.810797e+01 2.599112e+02
    endloop
  endfacet
  facet normal -0.000000e+00 -8.467242e-01 -5.320321e-01
    outer loop
      vertex   2.400000e+01 -3.810797e+01 2.599112e+02
      vertex   2.050000e+01 -3.835815e+01 2.603093e+02
      vertex   2.050000e+01 -3.810797e+01 2.599112e+02
    endloop
  endfacet
  facet normal -0.000000e+00 -9.438833e-01 -3.302791e-01
    outer loop
      vertex   2.400000e+01 -3.810797e+01 2.599112e+02
      vertex   2.050000e+01 -3.810797e+01 2.599112e+02
      vertex   2.400000e+01 -3.795265e+01 2.594673e+02
    endloop
  endfacet
  facet normal -0.000000e+00 -9.438833e-01 -3.302791e-01
    outer loop
      vertex   2.400000e+01 -3.795265e+01 2.594673e+02
      vertex   2.050000e+01 -3.810797e+01 2.599112e+02
      vertex   2.050000e+01 -3.795265e+01 2.594673e+02
    endloop
  endfacet
  facet normal -2.267332e-15 1.000000e+00 -1.924713e-13
    outer loop
      vertex   -7.051111e+00 -1.700000e+01 2.676148e+02
      vertex   7.051111e+00 -1.700000e+01 2.676148e+02
      vertex   -7.000000e+00 -1.700000e+01 2.672266e+02
    endloop
  endfacet
  facet normal -7.612958e-15 1.000000e+00 1.002265e-15
    outer loop
      vertex   -7.000000e+00 -1.700000e+01 2.672266e+02
      vertex   7.051111e+00 -1.700000e+01 2.676148e+02
      vertex   7.000000e+00 -1.700000e+01 2.672266e+02
    endloop
  endfacet
  facet normal -7.612958e-15 1.000000e+00 1.931751e-13
    outer loop
      vertex   -7.000000e+00 -1.700000e+01 2.672266e+02
      vertex   7.000000e+00 -1.700000e+01 2.672266e+02
      vertex   -7.051111e+00 -1.700000e+01 2.668384e+02
    endloop
  endfacet
  facet normal -2.267332e-15 1.000000e+00 -2.984999e-16
    outer loop
      vertex   -7.051111e+00 -1.700000e+01 2.668384e+02
      vertex   7.000000e+00 -1.700000e+01 2.672266e+02
      vertex   7.051111e+00 -1.700000e+01 2.668384e+02
    endloop
  endfacet
  facet normal -2.267332e-15 1.000000e+00 -8.881167e-15
    outer loop
      vertex   -7.051111e+00 -1.700000e+01 2.668384e+02
      vertex   7.051111e+00 -1.700000e+01 2.668384e+02
      vertex   -7.200962e+00 -1.700000e+01 2.664766e+02
    endloop
  endfacet
  facet normal -2.466833e-15 1.000000e+00 -1.021796e-15
    outer loop
      vertex   -7.200962e+00 -1.700000e+01 2.664766e+02
      vertex   7.051111e+00 -1.700000e+01 2.668384e+02
      vertex   7.200962e+00 -1.700000e+01 2.664766e+02
    endloop
  endfacet
  facet normal -2.466833e-15 1.000000e+00 1.892867e-15
    outer loop
      vertex   -7.200962e+00 -1.700000e+01 2.664766e+02
      vertex   7.200962e+00 -1.700000e+01 2.664766e+02
      vertex   -7.439340e+00 -1.700000e+01 2.661659e+02
    endloop
  endfacet
  facet normal -2.387788e-15 1.000000e+00 -1.832214e-15
    outer loop
      vertex   -7.439340e+00 -1.700000e+01 2.661659e+02
      vertex   7.200962e+00 -1.700000e+01 2.664766e+02
      vertex   7.439340e+00 -1.700000e+01 2.661659e+02
    endloop
  endfacet
  facet normal -2.387788e-15 1.000000e+00 3.111826e-15
    outer loop
      vertex   -7.439340e+00 -1.700000e+01 2.661659e+02
      vertex   7.439340e+00 -1.700000e+01 2.661659e+02
      vertex   -7.750000e+00 -1.700000e+01 2.659276e+02
    endloop
  endfacet
  facet normal -2.292073e-15 1.000000e+00 -2.987088e-15
    outer loop
      vertex   -7.750000e+00 -1.700000e+01 2.659276e+02
      vertex   7.439340e+00 -1.700000e+01 2.661659e+02
      vertex   7.750000e+00 -1.700000e+01 2.659276e+02
    endloop
  endfacet
  facet normal -2.292073e-15 1.000000e+00 5.533555e-15
    outer loop
      vertex   -7.750000e+00 -1.700000e+01 2.659276e+02
      vertex   7.750000e+00 -1.700000e+01 2.659276e+02
      vertex   -8.111772e+00 -1.700000e+01 2.657777e+02
    endloop
  endfacet
  facet normal -2.189851e-15 1.000000e+00 -5.286767e-15
    outer loop
      vertex   -8.111772e+00 -1.700000e+01 2.657777e+02
      vertex   7.750000e+00 -1.700000e+01 2.659276e+02
      vertex   8.111771e+00 -1.700000e+01 2.657777e+02
    endloop
  endfacet
  facet normal -2.189851e-15 1.000000e+00 1.654663e-07
    outer loop
      vertex   -8.111772e+00 -1.700000e+01 2.657777e+02
      vertex   8.111771e+00 -1.700000e+01 2.657777e+02
      vertex   -1.100000e+01 -1.700000e+01 2.639766e+02
    endloop
  endfacet
  facet normal -0.000000e+00 1.000000e+00 1.654663e-07
    outer loop
      vertex   -1.100000e+01 -1.700000e+01 2.639766e+02
      vertex   8.111771e+00 -1.700000e+01 2.657777e+02
      vertex   1.100000e+01 -1.700000e+01 2.639766e+02
    endloop
  endfacet
  facet normal 0.000000e+00 1.000000e+00 -1.421085e-15
    outer loop
      vertex   -1.100000e+01 -1.700000e+01 2.639766e+02
      vertex   1.100000e+01 -1.700000e+01 2.639766e+02
      vertex   -1.100000e+01 -1.700000e+01 2.539766e+02
    endloop
  endfacet
  facet normal 0.000000e+00 1.000000e+00 -1.421085e-15
    outer loop
      vertex   -1.100000e+01 -1.700000e+01 2.539766e+02
      vertex   1.100000e+01 -1.700000e+01 2.639766e+02
      vertex   1.100000e+01 -1.700000e+01 2.539766e+02
    endloop
  endfacet
  facet normal 0.000000e+00 1.000000e+00 -1.063946e-07
    outer loop
      vertex   -1.100000e+01 -1.700000e+01 2.539766e+02
      vertex   1.100000e+01 -1.700000e+01 2.539766e+02
      vertex   8.111771e+00 -1.700000e+01 2.511755e+02
    endloop
  endfacet
  facet normal 1.620719e-08 1.000000e+00 -1.231059e-07
    outer loop
      vertex   8.111771e+00 -1.700000e+01 2.511755e+02
      vertex   1.100000e+01 -1.700000e+01 2.539766e+02
      vertex   8.500000e+00 -1.700000e+01 2.512266e+02
    endloop
  endfacet
  facet normal -1.274239e-08 1.000000e+00 -9.678805e-08
    outer loop
      vertex   8.500000e+00 -1.700000e+01 2.512266e+02
      vertex   1.100000e+01 -1.700000e+01 2.539766e+02
      vertex   8.888228e+00 -1.700000e+01 2.511755e+02
    endloop
  endfacet
  facet normal -3.358290e-08 1.000000e+00 -8.107629e-08
    outer loop
      vertex   8.888228e+00 -1.700000e+01 2.511755e+02
      vertex   1.100000e+01 -1.700000e+01 2.539766e+02
      vertex   9.250000e+00 -1.700000e+01 2.510256e+02
    endloop
  endfacet
  facet normal -5.325865e-08 1.000000e+00 -6.940803e-08
    outer loop
      vertex   9.250000e+00 -1.700000e+01 2.510256e+02
      vertex   1.100000e+01 -1.700000e+01 2.539766e+02
      vertex   9.560660e+00 -1.700000e+01 2.507873e+02
    endloop
  endfacet
  facet normal -7.667951e-08 1.000000e+00 -5.883826e-08
    outer loop
      vertex   9.560660e+00 -1.700000e+01 2.507873e+02
      vertex   1.100000e+01 -1.700000e+01 2.539766e+02
      vertex   9.799038e+00 -1.700000e+01 2.504766e+02
    endloop
  endfacet
  facet normal -1.124314e-07 1.000000e+00 -4.657063e-08
    outer loop
      vertex   9.799038e+00 -1.700000e+01 2.504766e+02
      vertex   1.100000e+01 -1.700000e+01 2.539766e+02
      vertex   9.948889e+00 -1.700000e+01 2.501148e+02
    endloop
  endfacet
  facet normal -1.910984e-07 1.000000e+00 -2.515876e-08
    outer loop
      vertex   9.948889e+00 -1.700000e+01 2.501148e+02
      vertex   1.100000e+01 -1.700000e+01 2.539766e+02
      vertex   1.000000e+01 -1.700000e+01 2.497266e+02
    endloop
  endfacet
  facet normal -2.980231e-07 1.000000e+00 -3.684296e-15
    outer loop
      vertex   1.000000e+01 -1.700000e+01 2.497266e+02
      vertex   1.100000e+01 -1.700000e+01 2.539766e+02
      vertex   1.100000e+01 -1.700000e+01 2.472266e+02
    endloop
  endfacet
  facet normal -2.242237e-07 1.000000e+00 2.951978e-08
    outer loop
      vertex   1.000000e+01 -1.700000e+01 2.497266e+02
      vertex   1.100000e+01 -1.700000e+01 2.472266e+02
      vertex   9.948889e+00 -1.700000e+01 2.493384e+02
    endloop
  endfacet
  facet normal -1.547500e-07 1.000000e+00 6.409954e-08
    outer loop
      vertex   9.948889e+00 -1.700000e+01 2.493384e+02
      vertex   1.100000e+01 -1.700000e+01 2.472266e+02
      vertex   9.799038e+00 -1.700000e+01 2.489766e+02
    endloop
  endfacet
  facet normal -1.171574e-07 1.000000e+00 8.989801e-08
    outer loop
      vertex   9.799038e+00 -1.700000e+01 2.489766e+02
      vertex   1.100000e+01 -1.700000e+01 2.472266e+02
      vertex   9.560660e+00 -1.700000e+01 2.486659e+02
    endloop
  endfacet
  facet normal -8.989801e-08 1.000000e+00 1.171574e-07
    outer loop
      vertex   9.560660e+00 -1.700000e+01 2.486659e+02
      vertex   1.100000e+01 -1.700000e+01 2.472266e+02
      vertex   9.250000e+00 -1.700000e+01 2.484276e+02
    endloop
  endfacet
  facet normal -6.409956e-08 1.000000e+00 1.547500e-07
    outer loop
      vertex   9.250000e+00 -1.700000e+01 2.484276e+02
      vertex   1.100000e+01 -1.700000e+01 2.472266e+02
      vertex   8.888228e+00 -1.700000e+01 2.482777e+02
    endloop
  endfacet
  facet normal -2.951965e-08 1.000000e+00 2.242240e-07
    outer loop
      vertex   8.888228e+00 -1.700000e+01 2.482777e+02
      vertex   1.100000e+01 -1.700000e+01 2.472266e+02
      vertex   8.500000e+00 -1.700000e+01 2.482266e+02
    endloop
  endfacet
  facet normal 5.848459e-08 1.000000e+00 4.442346e-07
    outer loop
      vertex   8.500000e+00 -1.700000e+01 2.482266e+02
      vertex   1.100000e+01 -1.700000e+01 2.472266e+02
      vertex   8.111771e+00 -1.700000e+01 2.482777e+02
    endloop
  endfacet
  facet normal 0.000000e+00 1.000000e+00 2.835314e-07
    outer loop
      vertex   8.111771e+00 -1.700000e+01 2.482777e+02
      vertex   1.100000e+01 -1.700000e+01 2.472266e+02
      vertex   -1.100000e+01 -1.700000e+01 2.472266e+02
    endloop
  endfacet
  facet normal -2.189851e-15 1.000000e+00 2.835315e-07
    outer loop
      vertex   8.111771e+00 -1.700000e+01 2.482777e+02
      vertex   -1.100000e+01 -1.700000e+01 2.472266e+02
      vertex   -8.111772e+00 -1.700000e+01 2.482777e+02
    endloop
  endfacet
  facet normal -5.848460e-08 1.000000e+00 4.442346e-07
    outer loop
      vertex   -8.111772e+00 -1.700000e+01 2.482777e+02
      vertex   -1.100000e+01 -1.700000e+01 2.472266e+02
      vertex   -8.500000e+00 -1.700000e+01 2.482266e+02
    endloop
  endfacet
  facet normal 2.951965e-08 1.000000e+00 2.242240e-07
    outer loop
      vertex   -8.500000e+00 -1.700000e+01 2.482266e+02
      vertex   -1.100000e+01 -1.700000e+01 2.472266e+02
      vertex   -8.888229e+00 -1.700000e+01 2.482777e+02
    endloop
  endfacet
  facet normal 6.409956e-08 1.000000e+00 1.547500e-07
    outer loop
      vertex   -8.888229e+00 -1.700000e+01 2.482777e+02
      vertex   -1.100000e+01 -1.700000e+01 2.472266e+02
      vertex   -9.250000e+00 -1.700000e+01 2.484276e+02
    endloop
  endfacet
  facet normal 8.989803e-08 1.000000e+00 1.171574e-07
    outer loop
      vertex   -9.250000e+00 -1.700000e+01 2.484276e+02
      vertex   -1.100000e+01 -1.700000e+01 2.472266e+02
      vertex   -9.560660e+00 -1.700000e+01 2.486659e+02
    endloop
  endfacet
  facet normal 1.171574e-07 1.000000e+00 8.989803e-08
    outer loop
      vertex   -9.560660e+00 -1.700000e+01 2.486659e+02
      vertex   -1.100000e+01 -1.700000e+01 2.472266e+02
      vertex   -9.799038e+00 -1.700000e+01 2.489766e+02
    endloop
  endfacet
  facet normal 1.547500e-07 1.000000e+00 6.409955e-08
    outer loop
      vertex   -9.799038e+00 -1.700000e+01 2.489766e+02
      vertex   -1.100000e+01 -1.700000e+01 2.472266e+02
      vertex   -9.948889e+00 -1.700000e+01 2.493384e+02
    endloop
  endfacet
  facet normal 2.242240e-07 1.000000e+00 2.951965e-08
    outer loop
      vertex   -9.948889e+00 -1.700000e+01 2.493384e+02
      vertex   -1.100000e+01 -1.700000e+01 2.472266e+02
      vertex   -1.000000e+01 -1.700000e+01 2.497266e+02
    endloop
  endfacet
  facet normal 2.980231e-07 1.000000e+00 -3.684295e-15
    outer loop
      vertex   -1.000000e+01 -1.700000e+01 2.497266e+02
      vertex   -1.100000e+01 -1.700000e+01 2.472266e+02
      vertex   -1.100000e+01 -1.700000e+01 2.539766e+02
    endloop
  endfacet
  facet normal 1.910989e-07 1.000000e+00 -2.515865e-08
    outer loop
      vertex   -1.000000e+01 -1.700000e+01 2.497266e+02
      vertex   -1.100000e+01 -1.700000e+01 2.539766e+02
      vertex   -9.948889e+00 -1.700000e+01 2.501148e+02
    endloop
  endfacet
  facet normal 1.124315e-07 1.000000e+00 -4.657064e-08
    outer loop
      vertex   -9.948889e+00 -1.700000e+01 2.501148e+02
      vertex   -1.100000e+01 -1.700000e+01 2.539766e+02
      vertex   -9.799038e+00 -1.700000e+01 2.504766e+02
    endloop
  endfacet
  facet normal 7.667953e-08 1.000000e+00 -5.883827e-08
    outer loop
      vertex   -9.799038e+00 -1.700000e+01 2.504766e+02
      vertex   -1.100000e+01 -1.700000e+01 2.539766e+02
      vertex   -9.560660e+00 -1.700000e+01 2.507873e+02
    endloop
  endfacet
  facet normal 5.325866e-08 1.000000e+00 -6.940804e-08
    outer loop
      vertex   -9.560660e+00 -1.700000e+01 2.507873e+02
      vertex   -1.100000e+01 -1.700000e+01 2.539766e+02
      vertex   -9.250000e+00 -1.700000e+01 2.510256e+02
    endloop
  endfacet
  facet normal 3.358289e-08 1.000000e+00 -8.107630e-08
    outer loop
      vertex   -9.250000e+00 -1.700000e+01 2.510256e+02
      vertex   -1.100000e+01 -1.700000e+01 2.539766e+02
      vertex   -8.888229e+00 -1.700000e+01 2.511755e+02
    endloop
  endfacet
  facet normal 1.274239e-08 1.000000e+00 -9.678806e-08
    outer loop
      vertex   -8.888229e+00 -1.700000e+01 2.511755e+02
      vertex   -1.100000e+01 -1.700000e+01 2.539766e+02
      vertex   -8.500000e+00 -1.700000e+01 2.512266e+02
    endloop
  endfacet
  facet normal -1.620719e-08 1.000000e+00 -1.231059e-07
    outer loop
      vertex   -8.500000e+00 -1.700000e+01 2.512266e+02
      vertex   -1.100000e+01 -1.700000e+01 2.539766e+02
      vertex   -8.111772e+00 -1.700000e+01 2.511755e+02
    endloop
  endfacet
  facet normal -2.408836e-15 1.000000e+00 -1.063946e-07
    outer loop
      vertex   -8.111772e+00 -1.700000e+01 2.511755e+02
      vertex   -1.100000e+01 -1.700000e+01 2.539766e+02
      vertex   8.111771e+00 -1.700000e+01 2.511755e+02
    endloop
  endfacet
  facet normal -2.408836e-15 1.000000e+00 1.789292e-14
    outer loop
      vertex   -8.111772e+00 -1.700000e+01 2.511755e+02
      vertex   8.111771e+00 -1.700000e+01 2.511755e+02
      vertex   -7.750000e+00 -1.700000e+01 2.510256e+02
    endloop
  endfacet
  facet normal -2.062866e-15 1.000000e+00 -1.872817e-14
    outer loop
      vertex   -7.750000e+00 -1.700000e+01 2.510256e+02
      vertex   8.111771e+00 -1.700000e+01 2.511755e+02
      vertex   7.750000e+00 -1.700000e+01 2.510256e+02
    endloop
  endfacet
  facet normal -2.062866e-15 1.000000e+00 -2.688379e-15
    outer loop
      vertex   -7.750000e+00 -1.700000e+01 2.510256e+02
      vertex   7.750000e+00 -1.700000e+01 2.510256e+02
      vertex   -7.439340e+00 -1.700000e+01 2.507873e+02
    endloop
  endfacet
  facet normal -2.149009e-15 1.000000e+00 2.800644e-15
    outer loop
      vertex   -7.439340e+00 -1.700000e+01 2.507873e+02
      vertex   7.750000e+00 -1.700000e+01 2.510256e+02
      vertex   7.439340e+00 -1.700000e+01 2.507873e+02
    endloop
  endfacet
  facet normal -2.149009e-15 1.000000e+00 -1.648993e-15
    outer loop
      vertex   -7.439340e+00 -1.700000e+01 2.507873e+02
      vertex   7.439340e+00 -1.700000e+01 2.507873e+02
      vertex   -7.200962e+00 -1.700000e+01 2.504766e+02
    endloop
  endfacet
  facet normal -2.220149e-15 1.000000e+00 1.703581e-15
    outer loop
      vertex   -7.200962e+00 -1.700000e+01 2.504766e+02
      vertex   7.439340e+00 -1.700000e+01 2.507873e+02
      vertex   7.200962e+00 -1.700000e+01 2.504766e+02
    endloop
  endfacet
  facet normal -2.220149e-15 1.000000e+00 -1.073994e-14
    outer loop
      vertex   -7.200962e+00 -1.700000e+01 2.504766e+02
      vertex   7.200962e+00 -1.700000e+01 2.504766e+02
      vertex   -7.051111e+00 -1.700000e+01 2.501148e+02
    endloop
  endfacet
  facet normal -2.267332e-15 1.000000e+00 -8.881167e-15
    outer loop
      vertex   -7.051111e+00 -1.700000e+01 2.501148e+02
      vertex   7.200962e+00 -1.700000e+01 2.504766e+02
      vertex   7.051111e+00 -1.700000e+01 2.501148e+02
    endloop
  endfacet
  facet normal -2.267332e-15 1.000000e+00 -1.741692e-13
    outer loop
      vertex   -7.051111e+00 -1.700000e+01 2.501148e+02
      vertex   7.051111e+00 -1.700000e+01 2.501148e+02
      vertex   -7.000000e+00 -1.700000e+01 2.497266e+02
    endloop
  endfacet
  facet normal -7.105427e-15 1.000000e+00 9.354473e-16
    outer loop
      vertex   -7.000000e+00 -1.700000e+01 2.497266e+02
      vertex   7.051111e+00 -1.700000e+01 2.501148e+02
      vertex   7.000000e+00 -1.700000e+01 2.497266e+02
    endloop
  endfacet
  facet normal -7.105427e-15 1.000000e+00 1.748061e-13
    outer loop
      vertex   -7.000000e+00 -1.700000e+01 2.497266e+02
      vertex   7.000000e+00 -1.700000e+01 2.497266e+02
      vertex   -7.051111e+00 -1.700000e+01 2.493384e+02
    endloop
  endfacet
  facet normal -2.267332e-15 1.000000e+00 -2.984999e-16
    outer loop
      vertex   -7.051111e+00 -1.700000e+01 2.493384e+02
      vertex   7.000000e+00 -1.700000e+01 2.497266e+02
      vertex   7.051111e+00 -1.700000e+01 2.493384e+02
    endloop
  endfacet
  facet normal -2.267332e-15 1.000000e+00 -8.881167e-15
    outer loop
      vertex   -7.051111e+00 -1.700000e+01 2.493384e+02
      vertex   7.051111e+00 -1.700000e+01 2.493384e+02
      vertex   -7.200962e+00 -1.700000e+01 2.489766e+02
    endloop
  endfacet
  facet normal -2.466833e-15 1.000000e+00 -1.021796e-15
    outer loop
      vertex   -7.200962e+00 -1.700000e+01 2.489766e+02
      vertex   7.051111e+00 -1.700000e+01 2.493384e+02
      vertex   7.200962e+00 -1.700000e+01 2.489766e+02
    endloop
  endfacet
  facet normal -2.466833e-15 1.000000e+00 1.892867e-15
    outer loop
      vertex   -7.200962e+00 -1.700000e+01 2.489766e+02
      vertex   7.200962e+00 -1.700000e+01 2.489766e+02
      vertex   -7.439340e+00 -1.700000e+01 2.486659e+02
    endloop
  endfacet
  facet normal -2.387788e-15 1.000000e+00 -1.832214e-15
    outer loop
      vertex   -7.439340e+00 -1.700000e+01 2.486659e+02
      vertex   7.200962e+00 -1.700000e+01 2.489766e+02
      vertex   7.439340e+00 -1.700000e+01 2.486659e+02
    endloop
  endfacet
  facet normal -2.387788e-15 1.000000e+00 3.111826e-15
    outer loop
      vertex   -7.439340e+00 -1.700000e+01 2.486659e+02
      vertex   7.439340e+00 -1.700000e+01 2.486659e+02
      vertex   -7.750000e+00 -1.700000e+01 2.484276e+02
    endloop
  endfacet
  facet normal -2.292073e-15 1.000000e+00 -2.987088e-15
    outer loop
      vertex   -7.750000e+00 -1.700000e+01 2.484276e+02
      vertex   7.439340e+00 -1.700000e+01 2.486659e+02
      vertex   7.750000e+00 -1.700000e+01 2.484276e+02
    endloop
  endfacet
  facet normal -2.292073e-15 1.000000e+00 5.533555e-15
    outer loop
      vertex   -7.750000e+00 -1.700000e+01 2.484276e+02
      vertex   7.750000e+00 -1.700000e+01 2.484276e+02
      vertex   -8.111772e+00 -1.700000e+01 2.482777e+02
    endloop
  endfacet
  facet normal -2.189851e-15 1.000000e+00 -5.286767e-15
    outer loop
      vertex   -8.111772e+00 -1.700000e+01 2.482777e+02
      vertex   7.750000e+00 -1.700000e+01 2.484276e+02
      vertex   8.111771e+00 -1.700000e+01 2.482777e+02
    endloop
  endfacet
  facet normal -2.267332e-15 1.000000e+00 -8.881167e-15
    outer loop
      vertex   7.051111e+00 -1.700000e+01 2.676148e+02
      vertex   -7.051111e+00 -1.700000e+01 2.676148e+02
      vertex   7.200962e+00 -1.700000e+01 2.679766e+02
    endloop
  endfacet
  facet normal -2.220149e-15 1.000000e+00 -1.073994e-14
    outer loop
      vertex   7.200962e+00 -1.700000e+01 2.679766e+02
      vertex   -7.051111e+00 -1.700000e+01 2.676148e+02
      vertex   -7.200962e+00 -1.700000e+01 2.679766e+02
    endloop
  endfacet
  facet normal -2.220149e-15 1.000000e+00 1.703581e-15
    outer loop
      vertex   7.200962e+00 -1.700000e+01 2.679766e+02
      vertex   -7.200962e+00 -1.700000e+01 2.679766e+02
      vertex   7.439340e+00 -1.700000e+01 2.682873e+02
    endloop
  endfacet
  facet normal -2.149009e-15 1.000000e+00 -1.648993e-15
    outer loop
      vertex   7.439340e+00 -1.700000e+01 2.682873e+02
      vertex   -7.200962e+00 -1.700000e+01 2.679766e+02
      vertex   -7.439340e+00 -1.700000e+01 2.682873e+02
    endloop
  endfacet
  facet normal -2.149009e-15 1.000000e+00 2.800644e-15
    outer loop
      vertex   7.439340e+00 -1.700000e+01 2.682873e+02
      vertex   -7.439340e+00 -1.700000e+01 2.682873e+02
      vertex   7.750000e+00 -1.700000e+01 2.685256e+02
    endloop
  endfacet
  facet normal -2.062866e-15 1.000000e+00 -2.688379e-15
    outer loop
      vertex   7.750000e+00 -1.700000e+01 2.685256e+02
      vertex   -7.439340e+00 -1.700000e+01 2.682873e+02
      vertex   -7.750000e+00 -1.700000e+01 2.685256e+02
    endloop
  endfacet
  facet normal -2.062866e-15 1.000000e+00 -1.872817e-14
    outer loop
      vertex   7.750000e+00 -1.700000e+01 2.685256e+02
      vertex   -7.750000e+00 -1.700000e+01 2.685256e+02
      vertex   8.111771e+00 -1.700000e+01 2.686755e+02
    endloop
  endfacet
  facet normal -2.408836e-15 1.000000e+00 1.789292e-14
    outer loop
      vertex   8.111771e+00 -1.700000e+01 2.686755e+02
      vertex   -7.750000e+00 -1.700000e+01 2.685256e+02
      vertex   -8.111772e+00 -1.700000e+01 2.686755e+02
    endloop
  endfacet
  facet normal -2.408836e-15 1.000000e+00 -2.835315e-07
    outer loop
      vertex   8.111771e+00 -1.700000e+01 2.686755e+02
      vertex   -8.111772e+00 -1.700000e+01 2.686755e+02
      vertex   -1.100000e+01 -1.700000e+01 2.697266e+02
    endloop
  endfacet
  facet normal -5.848461e-08 1.000000e+00 -4.442347e-07
    outer loop
      vertex   -1.100000e+01 -1.700000e+01 2.697266e+02
      vertex   -8.111772e+00 -1.700000e+01 2.686755e+02
      vertex   -8.500000e+00 -1.700000e+01 2.687266e+02
    endloop
  endfacet
  facet normal 2.951966e-08 1.000000e+00 -2.242240e-07
    outer loop
      vertex   -1.100000e+01 -1.700000e+01 2.697266e+02
      vertex   -8.500000e+00 -1.700000e+01 2.687266e+02
      vertex   -8.888229e+00 -1.700000e+01 2.686755e+02
    endloop
  endfacet
  facet normal 6.409957e-08 1.000000e+00 -1.547501e-07
    outer loop
      vertex   -8.888229e+00 -1.700000e+01 2.686755e+02
      vertex   -9.250000e+00 -1.700000e+01 2.685256e+02
      vertex   -1.100000e+01 -1.700000e+01 2.697266e+02
    endloop
  endfacet
  facet normal 8.989805e-08 1.000000e+00 -1.171574e-07
    outer loop
      vertex   -1.100000e+01 -1.700000e+01 2.697266e+02
      vertex   -9.250000e+00 -1.700000e+01 2.685256e+02
      vertex   -9.560660e+00 -1.700000e+01 2.682873e+02
    endloop
  endfacet
  facet normal 1.171574e-07 1.000000e+00 -8.989805e-08
    outer loop
      vertex   -1.100000e+01 -1.700000e+01 2.697266e+02
      vertex   -9.560660e+00 -1.700000e+01 2.682873e+02
      vertex   -9.799038e+00 -1.700000e+01 2.679766e+02
    endloop
  endfacet
  facet normal 1.547501e-07 1.000000e+00 -6.409957e-08
    outer loop
      vertex   -9.799038e+00 -1.700000e+01 2.679766e+02
      vertex   -9.948889e+00 -1.700000e+01 2.676148e+02
      vertex   -1.100000e+01 -1.700000e+01 2.697266e+02
    endloop
  endfacet
  facet normal 2.242240e-07 1.000000e+00 -2.951965e-08
    outer loop
      vertex   -1.100000e+01 -1.700000e+01 2.697266e+02
      vertex   -9.948889e+00 -1.700000e+01 2.676148e+02
      vertex   -1.000000e+01 -1.700000e+01 2.672266e+02
    endloop
  endfacet
  facet normal 2.980232e-07 1.000000e+00 -4.325042e-15
    outer loop
      vertex   -1.100000e+01 -1.700000e+01 2.697266e+02
      vertex   -1.000000e+01 -1.700000e+01 2.672266e+02
      vertex   -1.100000e+01 -1.700000e+01 2.639766e+02
    endloop
  endfacet
  facet normal 2.087186e-07 1.000000e+00 2.747832e-08
    outer loop
      vertex   -1.100000e+01 -1.700000e+01 2.639766e+02
      vertex   -1.000000e+01 -1.700000e+01 2.672266e+02
      vertex   -9.948889e+00 -1.700000e+01 2.668384e+02
    endloop
  endfacet
  facet normal 1.332545e-07 1.000000e+00 5.519582e-08
    outer loop
      vertex   -1.100000e+01 -1.700000e+01 2.639766e+02
      vertex   -9.948889e+00 -1.700000e+01 2.668384e+02
      vertex   -9.799038e+00 -1.700000e+01 2.664766e+02
    endloop
  endfacet
  facet normal 9.554231e-08 1.000000e+00 7.331219e-08
    outer loop
      vertex   -9.799038e+00 -1.700000e+01 2.664766e+02
      vertex   -9.560660e+00 -1.700000e+01 2.661659e+02
      vertex   -1.100000e+01 -1.700000e+01 2.639766e+02
    endloop
  endfacet
  facet normal 6.942811e-08 1.000000e+00 9.048048e-08
    outer loop
      vertex   -1.100000e+01 -1.700000e+01 2.639766e+02
      vertex   -9.560660e+00 -1.700000e+01 2.661659e+02
      vertex   -9.250000e+00 -1.700000e+01 2.659276e+02
    endloop
  endfacet
  facet normal 4.613333e-08 1.000000e+00 1.113757e-07
    outer loop
      vertex   -1.100000e+01 -1.700000e+01 2.639766e+02
      vertex   -9.250000e+00 -1.700000e+01 2.659276e+02
      vertex   -8.888229e+00 -1.700000e+01 2.657777e+02
    endloop
  endfacet
  facet normal 1.887110e-08 1.000000e+00 1.433402e-07
    outer loop
      vertex   -8.888229e+00 -1.700000e+01 2.657777e+02
      vertex   -8.500000e+00 -1.700000e+01 2.657266e+02
      vertex   -1.100000e+01 -1.700000e+01 2.639766e+02
    endloop
  endfacet
  facet normal -2.761374e-08 1.000000e+00 2.097471e-07
    outer loop
      vertex   -1.100000e+01 -1.700000e+01 2.639766e+02
      vertex   -8.500000e+00 -1.700000e+01 2.657266e+02
      vertex   -8.111772e+00 -1.700000e+01 2.657777e+02
    endloop
  endfacet
  facet normal -2.242237e-07 1.000000e+00 -2.951980e-08
    outer loop
      vertex   9.948889e+00 -1.700000e+01 2.676148e+02
      vertex   1.100000e+01 -1.700000e+01 2.697266e+02
      vertex   1.000000e+01 -1.700000e+01 2.672266e+02
    endloop
  endfacet
  facet normal -2.980231e-07 1.000000e+00 -4.325043e-15
    outer loop
      vertex   1.000000e+01 -1.700000e+01 2.672266e+02
      vertex   1.100000e+01 -1.700000e+01 2.697266e+02
      vertex   1.100000e+01 -1.700000e+01 2.639766e+02
    endloop
  endfacet
  facet normal -2.087182e-07 1.000000e+00 2.747846e-08
    outer loop
      vertex   1.000000e+01 -1.700000e+01 2.672266e+02
      vertex   1.100000e+01 -1.700000e+01 2.639766e+02
      vertex   9.948889e+00 -1.700000e+01 2.668384e+02
    endloop
  endfacet
  facet normal -1.332545e-07 1.000000e+00 5.519581e-08
    outer loop
      vertex   9.948889e+00 -1.700000e+01 2.668384e+02
      vertex   1.100000e+01 -1.700000e+01 2.639766e+02
      vertex   9.799038e+00 -1.700000e+01 2.664766e+02
    endloop
  endfacet
  facet normal -9.554229e-08 1.000000e+00 7.331218e-08
    outer loop
      vertex   9.799038e+00 -1.700000e+01 2.664766e+02
      vertex   1.100000e+01 -1.700000e+01 2.639766e+02
      vertex   9.560660e+00 -1.700000e+01 2.661659e+02
    endloop
  endfacet
  facet normal -6.942810e-08 1.000000e+00 9.048046e-08
    outer loop
      vertex   9.560660e+00 -1.700000e+01 2.661659e+02
      vertex   1.100000e+01 -1.700000e+01 2.639766e+02
      vertex   9.250000e+00 -1.700000e+01 2.659276e+02
    endloop
  endfacet
  facet normal -4.613334e-08 1.000000e+00 1.113757e-07
    outer loop
      vertex   9.250000e+00 -1.700000e+01 2.659276e+02
      vertex   1.100000e+01 -1.700000e+01 2.639766e+02
      vertex   8.888228e+00 -1.700000e+01 2.657777e+02
    endloop
  endfacet
  facet normal -1.887110e-08 1.000000e+00 1.433402e-07
    outer loop
      vertex   8.888228e+00 -1.700000e+01 2.657777e+02
      vertex   1.100000e+01 -1.700000e+01 2.639766e+02
      vertex   8.500000e+00 -1.700000e+01 2.657266e+02
    endloop
  endfacet
  facet normal 2.761373e-08 1.000000e+00 2.097471e-07
    outer loop
      vertex   8.500000e+00 -1.700000e+01 2.657266e+02
      vertex   1.100000e+01 -1.700000e+01 2.639766e+02
      vertex   8.111771e+00 -1.700000e+01 2.657777e+02
    endloop
  endfacet
  facet normal -1.547500e-07 1.000000e+00 -6.409956e-08
    outer loop
      vertex   9.948889e+00 -1.700000e+01 2.676148e+02
      vertex   9.799038e+00 -1.700000e+01 2.679766e+02
      vertex   1.100000e+01 -1.700000e+01 2.697266e+02
    endloop
  endfacet
  facet normal -1.171574e-07 1.000000e+00 -8.989803e-08
    outer loop
      vertex   1.100000e+01 -1.700000e+01 2.697266e+02
      vertex   9.799038e+00 -1.700000e+01 2.679766e+02
      vertex   9.560660e+00 -1.700000e+01 2.682873e+02
    endloop
  endfacet
  facet normal -8.989803e-08 1.000000e+00 -1.171574e-07
    outer loop
      vertex   1.100000e+01 -1.700000e+01 2.697266e+02
      vertex   9.560660e+00 -1.700000e+01 2.682873e+02
      vertex   9.250000e+00 -1.700000e+01 2.685256e+02
    endloop
  endfacet
  facet normal -6.409956e-08 1.000000e+00 -1.547500e-07
    outer loop
      vertex   9.250000e+00 -1.700000e+01 2.685256e+02
      vertex   8.888228e+00 -1.700000e+01 2.686755e+02
      vertex   1.100000e+01 -1.700000e+01 2.697266e+02
    endloop
  endfacet
  facet normal -2.951965e-08 1.000000e+00 -2.242240e-07
    outer loop
      vertex   1.100000e+01 -1.700000e+01 2.697266e+02
      vertex   8.888228e+00 -1.700000e+01 2.686755e+02
      vertex   8.500000e+00 -1.700000e+01 2.687266e+02
    endloop
  endfacet
  facet normal 5.848460e-08 1.000000e+00 -4.442347e-07
    outer loop
      vertex   1.100000e+01 -1.700000e+01 2.697266e+02
      vertex   8.500000e+00 -1.700000e+01 2.687266e+02
      vertex   8.111771e+00 -1.700000e+01 2.686755e+02
    endloop
  endfacet
  facet normal 1.568543e-08 1.000000e+00 -1.421085e-15
    outer loop
      vertex   1.100000e+01 -1.700000e+01 2.639766e+02
      vertex   3.000000e+01 -1.700000e+01 2.639766e+02
      vertex   1.100000e+01 -1.700000e+01 2.539766e+02
    endloop
  endfacet
  facet normal 1.568543e-08 1.000000e+00 -1.776357e-15
    outer loop
      vertex   1.100000e+01 -1.700000e+01 2.539766e+02
      vertex   3.000000e+01 -1.700000e+01 2.639766e+02
      vertex   3.000000e+01 -1.700000e+01 2.539766e+02
    endloop
  endfacet
  facet normal -1.568543e-08 1.000000e+00 -1.421085e-15
    outer loop
      vertex   -1.100000e+01 -1.700000e+01 2.539766e+02
      vertex   -3.000000e+01 -1.700000e+01 2.539766e+02
      vertex   -1.100000e+01 -1.700000e+01 2.639766e+02
    endloop
  endfacet
  facet normal -1.568543e-08 1.000000e+00 -1.776357e-15
    outer loop
      vertex   -1.100000e+01 -1.700000e+01 2.639766e+02
      vertex   -3.000000e+01 -1.700000e+01 2.539766e+02
      vertex   -3.000000e+01 -1.700000e+01 2.639766e+02
    endloop
  endfacet
  facet normal 0.000000e+00 1.000000e+00 -2.835315e-07
    outer loop
      vertex   -1.100000e+01 -1.700000e+01 2.697266e+02
      vertex   1.100000e+01 -1.700000e+01 2.697266e+02
      vertex   8.111771e+00 -1.700000e+01 2.686755e+02
    endloop
  endfacet
  facet normal 0.000000e+00 -1.000000e+00 1.421085e-15
    outer loop
      vertex   2.050000e+01 -7.350000e+01 2.539766e+02
      vertex   3.000000e+01 -7.350000e+01 2.539766e+02
      vertex   2.050000e+01 -7.350000e+01 2.639766e+02
    endloop
  endfacet
  facet normal 0.000000e+00 -1.000000e+00 1.421085e-15
    outer loop
      vertex   2.050000e+01 -7.350000e+01 2.639766e+02
      vertex   3.000000e+01 -7.350000e+01 2.539766e+02
      vertex   3.000000e+01 -7.350000e+01 2.639766e+02
    endloop
  endfacet
  facet normal -1.000000e+00 -1.481775e-14 4.719010e-14
    outer loop
      vertex   2.050000e+01 -4.949178e+01 2.540701e+02
      vertex   2.050000e+01 -4.000000e+01 2.569000e+02
      vertex   2.050000e+01 -4.931020e+01 2.539766e+02
    endloop
  endfacet
  facet normal -1.000000e+00 0.000000e+00 0.000000e+00
    outer loop
      vertex   2.050000e+01 -4.931020e+01 2.539766e+02
      vertex   2.050000e+01 -4.000000e+01 2.569000e+02
      vertex   2.050000e+01 -2.606366e+01 2.547296e+02
    endloop
  endfacet
  facet normal -1.000000e+00 0.000000e+00 0.000000e+00
    outer loop
      vertex   2.050000e+01 -4.931020e+01 2.539766e+02
      vertex   2.050000e+01 -2.606366e+01 2.547296e+02
      vertex   2.050000e+01 -2.574698e+01 2.544129e+02
    endloop
  endfacet
  facet normal -1.000000e+00 -3.940106e-16 -1.189303e-15
    outer loop
      vertex   2.050000e+01 -4.949178e+01 2.540701e+02
      vertex   2.050000e+01 -4.973494e+01 2.541507e+02
      vertex   2.050000e+01 -4.000000e+01 2.569000e+02
    endloop
  endfacet
  facet normal -1.000000e+00 -1.461568e-14 4.916776e-14
    outer loop
      vertex   2.050000e+01 -4.000000e+01 2.569000e+02
      vertex   2.050000e+01 -4.973494e+01 2.541507e+02
      vertex   2.050000e+01 -4.988355e+01 2.541788e+02
    endloop
  endfacet
  facet normal -1.000000e+00 -3.131514e-16 -2.779296e-15
    outer loop
      vertex   2.050000e+01 -4.000000e+01 2.569000e+02
      vertex   2.050000e+01 -4.988355e+01 2.541788e+02
      vertex   2.050000e+01 -4.046729e+01 2.569527e+02
    endloop
  endfacet
  facet normal -1.000000e+00 -1.584531e-14 4.994646e-14
    outer loop
      vertex   2.050000e+01 -4.046729e+01 2.569527e+02
      vertex   2.050000e+01 -4.988355e+01 2.541788e+02
      vertex   2.050000e+01 -5.006490e+01 2.541924e+02
    endloop
  endfacet
  facet normal -1.000000e+00 -8.126978e-16 -2.322557e-15
    outer loop
      vertex   2.050000e+01 -4.046729e+01 2.569527e+02
      vertex   2.050000e+01 -5.006490e+01 2.541924e+02
      vertex   2.050000e+01 -4.091116e+01 2.571080e+02
    endloop
  endfacet
  facet normal -1.000000e+00 -1.193866e-16 -4.499264e-15
    outer loop
      vertex   2.050000e+01 -4.091116e+01 2.571080e+02
      vertex   2.050000e+01 -5.006490e+01 2.541924e+02
      vertex   2.050000e+01 -5.761177e+01 2.575511e+02
    endloop
  endfacet
  facet normal -1.000000e+00 0.000000e+00 0.000000e+00
    outer loop
      vertex   2.050000e+01 -4.091116e+01 2.571080e+02
      vertex   2.050000e+01 -5.761177e+01 2.575511e+02
      vertex   2.050000e+01 -4.130933e+01 2.573582e+02
    endloop
  endfacet
  facet normal -1.000000e+00 0.000000e+00 0.000000e+00
    outer loop
      vertex   2.050000e+01 -4.130933e+01 2.573582e+02
      vertex   2.050000e+01 -5.761177e+01 2.575511e+02
      vertex   2.050000e+01 -5.725000e+01 2.577010e+02
    endloop
  endfacet
  facet normal -1.000000e+00 0.000000e+00 0.000000e+00
    outer loop
      vertex   2.050000e+01 -4.130933e+01 2.573582e+02
      vertex   2.050000e+01 -5.725000e+01 2.577010e+02
      vertex   2.050000e+01 -4.164185e+01 2.576907e+02
    endloop
  endfacet
  facet normal -1.000000e+00 0.000000e+00 0.000000e+00
    outer loop
      vertex   2.050000e+01 -4.164185e+01 2.576907e+02
      vertex   2.050000e+01 -5.725000e+01 2.577010e+02
      vertex   2.050000e+01 -5.693934e+01 2.579393e+02
    endloop
  endfacet
  facet normal -1.000000e+00 0.000000e+00 0.000000e+00
    outer loop
      vertex   2.050000e+01 -4.164185e+01 2.576907e+02
      vertex   2.050000e+01 -5.693934e+01 2.579393e+02
      vertex   2.050000e+01 -4.189204e+01 2.580888e+02
    endloop
  endfacet
  facet normal -1.000000e+00 -0.000000e+00 0.000000e+00
    outer loop
      vertex   2.050000e+01 -4.189204e+01 2.580888e+02
      vertex   2.050000e+01 -5.693934e+01 2.579393e+02
      vertex   2.050000e+01 -5.670096e+01 2.582500e+02
    endloop
  endfacet
  facet normal -1.000000e+00 0.000000e+00 0.000000e+00
    outer loop
      vertex   2.050000e+01 -4.189204e+01 2.580888e+02
      vertex   2.050000e+01 -5.670096e+01 2.582500e+02
      vertex   2.050000e+01 -4.204735e+01 2.585327e+02
    endloop
  endfacet
  facet normal -1.000000e+00 -0.000000e+00 0.000000e+00
    outer loop
      vertex   2.050000e+01 -4.204735e+01 2.585327e+02
      vertex   2.050000e+01 -5.670096e+01 2.582500e+02
      vertex   2.050000e+01 -5.655111e+01 2.586118e+02
    endloop
  endfacet
  facet normal -1.000000e+00 0.000000e+00 0.000000e+00
    outer loop
      vertex   2.050000e+01 -4.204735e+01 2.585327e+02
      vertex   2.050000e+01 -5.655111e+01 2.586118e+02
      vertex   2.050000e+01 -4.210000e+01 2.590000e+02
    endloop
  endfacet
  facet normal -1.000000e+00 -0.000000e+00 0.000000e+00
    outer loop
      vertex   2.050000e+01 -4.210000e+01 2.590000e+02
      vertex   2.050000e+01 -5.655111e+01 2.586118e+02
      vertex   2.050000e+01 -5.650000e+01 2.590000e+02
    endloop
  endfacet
  facet normal -1.000000e+00 0.000000e+00 0.000000e+00
    outer loop
      vertex   2.050000e+01 -4.210000e+01 2.590000e+02
      vertex   2.050000e+01 -5.650000e+01 2.590000e+02
      vertex   2.050000e+01 -5.655111e+01 2.593882e+02
    endloop
  endfacet
  facet normal -1.000000e+00 4.298630e-16 -3.265134e-15
    outer loop
      vertex   2.050000e+01 -5.761177e+01 2.575511e+02
      vertex   2.050000e+01 -5.006490e+01 2.541924e+02
      vertex   2.050000e+01 -5.800000e+01 2.575000e+02
    endloop
  endfacet
  facet normal -1.000000e+00 1.218662e-14 2.493970e-14
    outer loop
      vertex   2.050000e+01 -5.800000e+01 2.575000e+02
      vertex   2.050000e+01 -5.006490e+01 2.541924e+02
      vertex   2.050000e+01 -5.031840e+01 2.541738e+02
    endloop
  endfacet
  facet normal -1.000000e+00 4.518812e-16 -2.160709e-15
    outer loop
      vertex   2.050000e+01 -5.800000e+01 2.575000e+02
      vertex   2.050000e+01 -5.031840e+01 2.541738e+02
      vertex   2.050000e+01 -5.046852e+01 2.541424e+02
    endloop
  endfacet
  facet normal -1.000000e+00 2.427257e-14 5.127177e-14
    outer loop
      vertex   2.050000e+01 -5.046852e+01 2.541424e+02
      vertex   2.050000e+01 -5.064109e+01 2.540855e+02
      vertex   2.050000e+01 -5.800000e+01 2.575000e+02
    endloop
  endfacet
  facet normal -1.000000e+00 1.587468e-16 -6.983500e-16
    outer loop
      vertex   2.050000e+01 -5.800000e+01 2.575000e+02
      vertex   2.050000e+01 -5.064109e+01 2.540855e+02
      vertex   2.050000e+01 -7.350000e+01 2.539766e+02
    endloop
  endfacet
  facet normal -1.000000e+00 -0.000000e+00 0.000000e+00
    outer loop
      vertex   2.050000e+01 -5.800000e+01 2.575000e+02
      vertex   2.050000e+01 -7.350000e+01 2.539766e+02
      vertex   2.050000e+01 -6.800000e+01 2.575000e+02
    endloop
  endfacet
  facet normal -1.000000e+00 -0.000000e+00 0.000000e+00
    outer loop
      vertex   2.050000e+01 -6.800000e+01 2.575000e+02
      vertex   2.050000e+01 -7.350000e+01 2.539766e+02
      vertex   2.050000e+01 -6.838823e+01 2.575511e+02
    endloop
  endfacet
  facet normal -1.000000e+00 -0.000000e+00 0.000000e+00
    outer loop
      vertex   2.050000e+01 -6.838823e+01 2.575511e+02
      vertex   2.050000e+01 -7.350000e+01 2.539766e+02
      vertex   2.050000e+01 -6.875000e+01 2.577010e+02
    endloop
  endfacet
  facet normal -1.000000e+00 -0.000000e+00 0.000000e+00
    outer loop
      vertex   2.050000e+01 -6.875000e+01 2.577010e+02
      vertex   2.050000e+01 -7.350000e+01 2.539766e+02
      vertex   2.050000e+01 -6.906066e+01 2.579393e+02
    endloop
  endfacet
  facet normal -1.000000e+00 -0.000000e+00 0.000000e+00
    outer loop
      vertex   2.050000e+01 -6.906066e+01 2.579393e+02
      vertex   2.050000e+01 -7.350000e+01 2.539766e+02
      vertex   2.050000e+01 -6.929904e+01 2.582500e+02
    endloop
  endfacet
  facet normal -1.000000e+00 -0.000000e+00 0.000000e+00
    outer loop
      vertex   2.050000e+01 -6.929904e+01 2.582500e+02
      vertex   2.050000e+01 -7.350000e+01 2.539766e+02
      vertex   2.050000e+01 -6.944889e+01 2.586118e+02
    endloop
  endfacet
  facet normal -1.000000e+00 -0.000000e+00 0.000000e+00
    outer loop
      vertex   2.050000e+01 -6.944889e+01 2.586118e+02
      vertex   2.050000e+01 -7.350000e+01 2.539766e+02
      vertex   2.050000e+01 -6.950000e+01 2.590000e+02
    endloop
  endfacet
  facet normal -1.000000e+00 -0.000000e+00 0.000000e+00
    outer loop
      vertex   2.050000e+01 -6.950000e+01 2.590000e+02
      vertex   2.050000e+01 -7.350000e+01 2.539766e+02
      vertex   2.050000e+01 -7.350000e+01 2.639766e+02
    endloop
  endfacet
  facet normal -1.000000e+00 0.000000e+00 0.000000e+00
    outer loop
      vertex   2.050000e+01 -6.950000e+01 2.590000e+02
      vertex   2.050000e+01 -7.350000e+01 2.639766e+02
      vertex   2.050000e+01 -6.944889e+01 2.593882e+02
    endloop
  endfacet
  facet normal -1.000000e+00 0.000000e+00 0.000000e+00
    outer loop
      vertex   2.050000e+01 -6.944889e+01 2.593882e+02
      vertex   2.050000e+01 -7.350000e+01 2.639766e+02
      vertex   2.050000e+01 -6.929904e+01 2.597500e+02
    endloop
  endfacet
  facet normal -1.000000e+00 0.000000e+00 0.000000e+00
    outer loop
      vertex   2.050000e+01 -6.929904e+01 2.597500e+02
      vertex   2.050000e+01 -7.350000e+01 2.639766e+02
      vertex   2.050000e+01 -6.906066e+01 2.600607e+02
    endloop
  endfacet
  facet normal -1.000000e+00 0.000000e+00 0.000000e+00
    outer loop
      vertex   2.050000e+01 -6.906066e+01 2.600607e+02
      vertex   2.050000e+01 -7.350000e+01 2.639766e+02
      vertex   2.050000e+01 -6.875000e+01 2.602990e+02
    endloop
  endfacet
  facet normal -1.000000e+00 0.000000e+00 0.000000e+00
    outer loop
      vertex   2.050000e+01 -6.875000e+01 2.602990e+02
      vertex   2.050000e+01 -7.350000e+01 2.639766e+02
      vertex   2.050000e+01 -6.838823e+01 2.604489e+02
    endloop
  endfacet
  facet normal -1.000000e+00 0.000000e+00 0.000000e+00
    outer loop
      vertex   2.050000e+01 -6.838823e+01 2.604489e+02
      vertex   2.050000e+01 -7.350000e+01 2.639766e+02
      vertex   2.050000e+01 -6.800000e+01 2.605000e+02
    endloop
  endfacet
  facet normal -1.000000e+00 0.000000e+00 0.000000e+00
    outer loop
      vertex   2.050000e+01 -6.800000e+01 2.605000e+02
      vertex   2.050000e+01 -7.350000e+01 2.639766e+02
      vertex   2.050000e+01 -5.800000e+01 2.605000e+02
    endloop
  endfacet
  facet normal -1.000000e+00 0.000000e+00 0.000000e+00
    outer loop
      vertex   2.050000e+01 -6.800000e+01 2.605000e+02
      vertex   2.050000e+01 -5.800000e+01 2.605000e+02
      vertex   2.050000e+01 -6.761177e+01 2.604489e+02
    endloop
  endfacet
  facet normal -1.000000e+00 0.000000e+00 0.000000e+00
    outer loop
      vertex   2.050000e+01 -6.761177e+01 2.604489e+02
      vertex   2.050000e+01 -5.800000e+01 2.605000e+02
      vertex   2.050000e+01 -5.838823e+01 2.604489e+02
    endloop
  endfacet
  facet normal -1.000000e+00 0.000000e+00 0.000000e+00
    outer loop
      vertex   2.050000e+01 -6.761177e+01 2.604489e+02
      vertex   2.050000e+01 -5.838823e+01 2.604489e+02
      vertex   2.050000e+01 -6.725000e+01 2.602990e+02
    endloop
  endfacet
  facet normal -1.000000e+00 0.000000e+00 0.000000e+00
    outer loop
      vertex   2.050000e+01 -6.725000e+01 2.602990e+02
      vertex   2.050000e+01 -5.838823e+01 2.604489e+02
      vertex   2.050000e+01 -5.875000e+01 2.602990e+02
    endloop
  endfacet
  facet normal -1.000000e+00 0.000000e+00 0.000000e+00
    outer loop
      vertex   2.050000e+01 -6.725000e+01 2.602990e+02
      vertex   2.050000e+01 -5.875000e+01 2.602990e+02
      vertex   2.050000e+01 -6.693934e+01 2.600607e+02
    endloop
  endfacet
  facet normal -1.000000e+00 0.000000e+00 0.000000e+00
    outer loop
      vertex   2.050000e+01 -6.693934e+01 2.600607e+02
      vertex   2.050000e+01 -5.875000e+01 2.602990e+02
      vertex   2.050000e+01 -5.906066e+01 2.600607e+02
    endloop
  endfacet
  facet normal -1.000000e+00 0.000000e+00 0.000000e+00
    outer loop
      vertex   2.050000e+01 -6.693934e+01 2.600607e+02
      vertex   2.050000e+01 -5.906066e+01 2.600607e+02
      vertex   2.050000e+01 -6.670096e+01 2.597500e+02
    endloop
  endfacet
  facet normal -1.000000e+00 0.000000e+00 0.000000e+00
    outer loop
      vertex   2.050000e+01 -6.670096e+01 2.597500e+02
      vertex   2.050000e+01 -5.906066e+01 2.600607e+02
      vertex   2.050000e+01 -5.929904e+01 2.597500e+02
    endloop
  endfacet
  facet normal -1.000000e+00 0.000000e+00 0.000000e+00
    outer loop
      vertex   2.050000e+01 -6.670096e+01 2.597500e+02
      vertex   2.050000e+01 -5.929904e+01 2.597500e+02
      vertex   2.050000e+01 -6.655111e+01 2.593882e+02
    endloop
  endfacet
  facet normal -1.000000e+00 0.000000e+00 0.000000e+00
    outer loop
      vertex   2.050000e+01 -6.655111e+01 2.593882e+02
      vertex   2.050000e+01 -5.929904e+01 2.597500e+02
      vertex   2.050000e+01 -5.944889e+01 2.593882e+02
    endloop
  endfacet
  facet normal -1.000000e+00 0.000000e+00 0.000000e+00
    outer loop
      vertex   2.050000e+01 -6.655111e+01 2.593882e+02
      vertex   2.050000e+01 -5.944889e+01 2.593882e+02
      vertex   2.050000e+01 -6.650000e+01 2.590000e+02
    endloop
  endfacet
  facet normal -1.000000e+00 0.000000e+00 0.000000e+00
    outer loop
      vertex   2.050000e+01 -6.650000e+01 2.590000e+02
      vertex   2.050000e+01 -5.944889e+01 2.593882e+02
      vertex   2.050000e+01 -5.950000e+01 2.590000e+02
    endloop
  endfacet
  facet normal -1.000000e+00 0.000000e+00 -0.000000e+00
    outer loop
      vertex   2.050000e+01 -6.650000e+01 2.590000e+02
      vertex   2.050000e+01 -5.950000e+01 2.590000e+02
      vertex   2.050000e+01 -6.655111e+01 2.586118e+02
    endloop
  endfacet
  facet normal -1.000000e+00 0.000000e+00 0.000000e+00
    outer loop
      vertex   2.050000e+01 -6.655111e+01 2.586118e+02
      vertex   2.050000e+01 -5.950000e+01 2.590000e+02
      vertex   2.050000e+01 -5.944889e+01 2.586118e+02
    endloop
  endfacet
  facet normal -1.000000e+00 0.000000e+00 -0.000000e+00
    outer loop
      vertex   2.050000e+01 -6.655111e+01 2.586118e+02
      vertex   2.050000e+01 -5.944889e+01 2.586118e+02
      vertex   2.050000e+01 -6.670096e+01 2.582500e+02
    endloop
  endfacet
  facet normal -1.000000e+00 0.000000e+00 0.000000e+00
    outer loop
      vertex   2.050000e+01 -6.670096e+01 2.582500e+02
      vertex   2.050000e+01 -5.944889e+01 2.586118e+02
      vertex   2.050000e+01 -5.929904e+01 2.582500e+02
    endloop
  endfacet
  facet normal -1.000000e+00 0.000000e+00 -0.000000e+00
    outer loop
      vertex   2.050000e+01 -6.670096e+01 2.582500e+02
      vertex   2.050000e+01 -5.929904e+01 2.582500e+02
      vertex   2.050000e+01 -6.693934e+01 2.579393e+02
    endloop
  endfacet
  facet normal -1.000000e+00 0.000000e+00 0.000000e+00
    outer loop
      vertex   2.050000e+01 -6.693934e+01 2.579393e+02
      vertex   2.050000e+01 -5.929904e+01 2.582500e+02
      vertex   2.050000e+01 -5.906066e+01 2.579393e+02
    endloop
  endfacet
  facet normal -1.000000e+00 0.000000e+00 -0.000000e+00
    outer loop
      vertex   2.050000e+01 -6.693934e+01 2.579393e+02
      vertex   2.050000e+01 -5.906066e+01 2.579393e+02
      vertex   2.050000e+01 -6.725000e+01 2.577010e+02
    endloop
  endfacet
  facet normal -1.000000e+00 0.000000e+00 0.000000e+00
    outer loop
      vertex   2.050000e+01 -6.725000e+01 2.577010e+02
      vertex   2.050000e+01 -5.906066e+01 2.579393e+02
      vertex   2.050000e+01 -5.875000e+01 2.577010e+02
    endloop
  endfacet
  facet normal -1.000000e+00 0.000000e+00 -0.000000e+00
    outer loop
      vertex   2.050000e+01 -6.725000e+01 2.577010e+02
      vertex   2.050000e+01 -5.875000e+01 2.577010e+02
      vertex   2.050000e+01 -6.761177e+01 2.575511e+02
    endloop
  endfacet
  facet normal -1.000000e+00 0.000000e+00 0.000000e+00
    outer loop
      vertex   2.050000e+01 -6.761177e+01 2.575511e+02
      vertex   2.050000e+01 -5.875000e+01 2.577010e+02
      vertex   2.050000e+01 -5.838823e+01 2.575511e+02
    endloop
  endfacet
  facet normal -1.000000e+00 0.000000e+00 -0.000000e+00
    outer loop
      vertex   2.050000e+01 -6.761177e+01 2.575511e+02
      vertex   2.050000e+01 -5.838823e+01 2.575511e+02
      vertex   2.050000e+01 -6.800000e+01 2.575000e+02
    endloop
  endfacet
  facet normal -1.000000e+00 0.000000e+00 0.000000e+00
    outer loop
      vertex   2.050000e+01 -6.800000e+01 2.575000e+02
      vertex   2.050000e+01 -5.838823e+01 2.575511e+02
      vertex   2.050000e+01 -5.800000e+01 2.575000e+02
    endloop
  endfacet
  facet normal -1.000000e+00 4.094539e-29 3.261686e-14
    outer loop
      vertex   2.050000e+01 -5.064109e+01 2.540855e+02
      vertex   2.050000e+01 -5.085944e+01 2.539766e+02
      vertex   2.050000e+01 -7.350000e+01 2.539766e+02
    endloop
  endfacet
  facet normal -1.000000e+00 -0.000000e+00 0.000000e+00
    outer loop
      vertex   2.050000e+01 -2.650000e+01 2.639766e+02
      vertex   2.050000e+01 -4.000000e+01 2.611000e+02
      vertex   2.050000e+01 -7.350000e+01 2.639766e+02
    endloop
  endfacet
  facet normal -1.000000e+00 0.000000e+00 0.000000e+00
    outer loop
      vertex   2.050000e+01 -7.350000e+01 2.639766e+02
      vertex   2.050000e+01 -4.000000e+01 2.611000e+02
      vertex   2.050000e+01 -4.046729e+01 2.610474e+02
    endloop
  endfacet
  facet normal -1.000000e+00 0.000000e+00 0.000000e+00
    outer loop
      vertex   2.050000e+01 -7.350000e+01 2.639766e+02
      vertex   2.050000e+01 -4.046729e+01 2.610474e+02
      vertex   2.050000e+01 -5.800000e+01 2.605000e+02
    endloop
  endfacet
  facet normal -1.000000e+00 0.000000e+00 0.000000e+00
    outer loop
      vertex   2.050000e+01 -5.800000e+01 2.605000e+02
      vertex   2.050000e+01 -4.046729e+01 2.610474e+02
      vertex   2.050000e+01 -5.761177e+01 2.604489e+02
    endloop
  endfacet
  facet normal -1.000000e+00 0.000000e+00 0.000000e+00
    outer loop
      vertex   2.050000e+01 -5.761177e+01 2.604489e+02
      vertex   2.050000e+01 -4.046729e+01 2.610474e+02
      vertex   2.050000e+01 -4.091116e+01 2.608920e+02
    endloop
  endfacet
  facet normal -1.000000e+00 0.000000e+00 0.000000e+00
    outer loop
      vertex   2.050000e+01 -5.761177e+01 2.604489e+02
      vertex   2.050000e+01 -4.091116e+01 2.608920e+02
      vertex   2.050000e+01 -4.130933e+01 2.606418e+02
    endloop
  endfacet
  facet normal -1.000000e+00 0.000000e+00 0.000000e+00
    outer loop
      vertex   2.050000e+01 -2.650000e+01 2.559766e+02
      vertex   2.050000e+01 -3.795265e+01 2.594673e+02
      vertex   2.050000e+01 -2.650000e+01 2.639766e+02
    endloop
  endfacet
  facet normal -1.000000e+00 0.000000e+00 0.000000e+00
    outer loop
      vertex   2.050000e+01 -2.650000e+01 2.639766e+02
      vertex   2.050000e+01 -3.795265e+01 2.594673e+02
      vertex   2.050000e+01 -3.810797e+01 2.599112e+02
    endloop
  endfacet
  facet normal -1.000000e+00 0.000000e+00 0.000000e+00
    outer loop
      vertex   2.050000e+01 -2.650000e+01 2.639766e+02
      vertex   2.050000e+01 -3.810797e+01 2.599112e+02
      vertex   2.050000e+01 -3.835815e+01 2.603093e+02
    endloop
  endfacet
  facet normal -1.000000e+00 0.000000e+00 0.000000e+00
    outer loop
      vertex   2.050000e+01 -2.644986e+01 2.555315e+02
      vertex   2.050000e+01 -3.953271e+01 2.569527e+02
      vertex   2.050000e+01 -2.650000e+01 2.559766e+02
    endloop
  endfacet
  facet normal -1.000000e+00 0.000000e+00 0.000000e+00
    outer loop
      vertex   2.050000e+01 -2.650000e+01 2.559766e+02
      vertex   2.050000e+01 -3.953271e+01 2.569527e+02
      vertex   2.050000e+01 -3.908884e+01 2.571080e+02
    endloop
  endfacet
  facet normal -1.000000e+00 0.000000e+00 0.000000e+00
    outer loop
      vertex   2.050000e+01 -2.650000e+01 2.559766e+02
      vertex   2.050000e+01 -3.908884e+01 2.571080e+02
      vertex   2.050000e+01 -3.869067e+01 2.573582e+02
    endloop
  endfacet
  facet normal -1.000000e+00 0.000000e+00 -0.000000e+00
    outer loop
      vertex   2.050000e+01 -3.953271e+01 2.569527e+02
      vertex   2.050000e+01 -2.644986e+01 2.555315e+02
      vertex   2.050000e+01 -4.000000e+01 2.569000e+02
    endloop
  endfacet
  facet normal -1.000000e+00 0.000000e+00 0.000000e+00
    outer loop
      vertex   2.050000e+01 -4.000000e+01 2.569000e+02
      vertex   2.050000e+01 -2.644986e+01 2.555315e+02
      vertex   2.050000e+01 -2.630194e+01 2.551088e+02
    endloop
  endfacet
  facet normal -1.000000e+00 0.000000e+00 0.000000e+00
    outer loop
      vertex   2.050000e+01 -4.000000e+01 2.569000e+02
      vertex   2.050000e+01 -2.630194e+01 2.551088e+02
      vertex   2.050000e+01 -2.606366e+01 2.547296e+02
    endloop
  endfacet
  facet normal -1.000000e+00 0.000000e+00 -0.000000e+00
    outer loop
      vertex   2.050000e+01 -2.574698e+01 2.544129e+02
      vertex   2.050000e+01 -2.536777e+01 2.541747e+02
      vertex   2.050000e+01 -4.931020e+01 2.539766e+02
    endloop
  endfacet
  facet normal -1.000000e+00 0.000000e+00 0.000000e+00
    outer loop
      vertex   2.050000e+01 -4.931020e+01 2.539766e+02
      vertex   2.050000e+01 -2.536777e+01 2.541747e+02
      vertex   2.050000e+01 -2.494504e+01 2.540267e+02
    endloop
  endfacet
  facet normal -1.000000e+00 0.000000e+00 0.000000e+00
    outer loop
      vertex   2.050000e+01 -4.931020e+01 2.539766e+02
      vertex   2.050000e+01 -2.494504e+01 2.540267e+02
      vertex   2.050000e+01 -2.450000e+01 2.539766e+02
    endloop
  endfacet
  facet normal -1.000000e+00 0.000000e+00 0.000000e+00
    outer loop
      vertex   2.050000e+01 -4.210000e+01 2.590000e+02
      vertex   2.050000e+01 -5.655111e+01 2.593882e+02
      vertex   2.050000e+01 -4.204735e+01 2.594673e+02
    endloop
  endfacet
  facet normal -1.000000e+00 -0.000000e+00 0.000000e+00
    outer loop
      vertex   2.050000e+01 -4.204735e+01 2.594673e+02
      vertex   2.050000e+01 -5.655111e+01 2.593882e+02
      vertex   2.050000e+01 -5.670096e+01 2.597500e+02
    endloop
  endfacet
  facet normal -1.000000e+00 0.000000e+00 0.000000e+00
    outer loop
      vertex   2.050000e+01 -4.204735e+01 2.594673e+02
      vertex   2.050000e+01 -5.670096e+01 2.597500e+02
      vertex   2.050000e+01 -4.189204e+01 2.599112e+02
    endloop
  endfacet
  facet normal -1.000000e+00 -0.000000e+00 0.000000e+00
    outer loop
      vertex   2.050000e+01 -4.189204e+01 2.599112e+02
      vertex   2.050000e+01 -5.670096e+01 2.597500e+02
      vertex   2.050000e+01 -5.693934e+01 2.600607e+02
    endloop
  endfacet
  facet normal -1.000000e+00 0.000000e+00 0.000000e+00
    outer loop
      vertex   2.050000e+01 -4.189204e+01 2.599112e+02
      vertex   2.050000e+01 -5.693934e+01 2.600607e+02
      vertex   2.050000e+01 -4.164185e+01 2.603093e+02
    endloop
  endfacet
  facet normal -1.000000e+00 0.000000e+00 0.000000e+00
    outer loop
      vertex   2.050000e+01 -4.164185e+01 2.603093e+02
      vertex   2.050000e+01 -5.693934e+01 2.600607e+02
      vertex   2.050000e+01 -5.725000e+01 2.602990e+02
    endloop
  endfacet
  facet normal -1.000000e+00 -0.000000e+00 0.000000e+00
    outer loop
      vertex   2.050000e+01 -4.164185e+01 2.603093e+02
      vertex   2.050000e+01 -5.725000e+01 2.602990e+02
      vertex   2.050000e+01 -4.130933e+01 2.606418e+02
    endloop
  endfacet
  facet normal -1.000000e+00 0.000000e+00 0.000000e+00
    outer loop
      vertex   2.050000e+01 -4.130933e+01 2.606418e+02
      vertex   2.050000e+01 -5.725000e+01 2.602990e+02
      vertex   2.050000e+01 -5.761177e+01 2.604489e+02
    endloop
  endfacet
  facet normal -1.000000e+00 0.000000e+00 0.000000e+00
    outer loop
      vertex   2.050000e+01 -3.869067e+01 2.573582e+02
      vertex   2.050000e+01 -3.835815e+01 2.576907e+02
      vertex   2.050000e+01 -2.650000e+01 2.559766e+02
    endloop
  endfacet
  facet normal -1.000000e+00 0.000000e+00 0.000000e+00
    outer loop
      vertex   2.050000e+01 -2.650000e+01 2.559766e+02
      vertex   2.050000e+01 -3.835815e+01 2.576907e+02
      vertex   2.050000e+01 -3.810797e+01 2.580888e+02
    endloop
  endfacet
  facet normal -1.000000e+00 0.000000e+00 0.000000e+00
    outer loop
      vertex   2.050000e+01 -2.650000e+01 2.559766e+02
      vertex   2.050000e+01 -3.810797e+01 2.580888e+02
      vertex   2.050000e+01 -3.795265e+01 2.585327e+02
    endloop
  endfacet
  facet normal -1.000000e+00 0.000000e+00 0.000000e+00
    outer loop
      vertex   2.050000e+01 -3.795265e+01 2.585327e+02
      vertex   2.050000e+01 -3.790000e+01 2.590000e+02
      vertex   2.050000e+01 -2.650000e+01 2.559766e+02
    endloop
  endfacet
  facet normal -1.000000e+00 0.000000e+00 0.000000e+00
    outer loop
      vertex   2.050000e+01 -2.650000e+01 2.559766e+02
      vertex   2.050000e+01 -3.790000e+01 2.590000e+02
      vertex   2.050000e+01 -3.795265e+01 2.594673e+02
    endloop
  endfacet
  facet normal -1.000000e+00 0.000000e+00 0.000000e+00
    outer loop
      vertex   2.050000e+01 -3.835815e+01 2.603093e+02
      vertex   2.050000e+01 -3.869067e+01 2.606418e+02
      vertex   2.050000e+01 -2.650000e+01 2.639766e+02
    endloop
  endfacet
  facet normal -1.000000e+00 0.000000e+00 0.000000e+00
    outer loop
      vertex   2.050000e+01 -2.650000e+01 2.639766e+02
      vertex   2.050000e+01 -3.869067e+01 2.606418e+02
      vertex   2.050000e+01 -3.908884e+01 2.608920e+02
    endloop
  endfacet
  facet normal -1.000000e+00 0.000000e+00 0.000000e+00
    outer loop
      vertex   2.050000e+01 -2.650000e+01 2.639766e+02
      vertex   2.050000e+01 -3.908884e+01 2.608920e+02
      vertex   2.050000e+01 -3.953271e+01 2.610474e+02
    endloop
  endfacet
  facet normal -1.000000e+00 0.000000e+00 0.000000e+00
    outer loop
      vertex   2.050000e+01 -3.953271e+01 2.610474e+02
      vertex   2.050000e+01 -4.000000e+01 2.611000e+02
      vertex   2.050000e+01 -2.650000e+01 2.639766e+02
    endloop
  endfacet
  facet normal 0.000000e+00 -1.000000e+00 1.421085e-15
    outer loop
      vertex   -3.000000e+01 -7.350000e+01 2.539766e+02
      vertex   -2.050000e+01 -7.350000e+01 2.539766e+02
      vertex   -3.000000e+01 -7.350000e+01 2.639766e+02
    endloop
  endfacet
  facet normal 0.000000e+00 -1.000000e+00 1.421085e-15
    outer loop
      vertex   -3.000000e+01 -7.350000e+01 2.639766e+02
      vertex   -2.050000e+01 -7.350000e+01 2.539766e+02
      vertex   -2.050000e+01 -7.350000e+01 2.639766e+02
    endloop
  endfacet
  facet normal -1.000000e+00 -7.891697e-09 -6.058813e-10
    outer loop
      vertex   -3.000000e+01 -3.555274e+01 2.596869e+02
      vertex   -3.000000e+01 -1.700000e+01 2.639766e+02
      vertex   -3.000000e+01 -3.550000e+01 2.590000e+02
    endloop
  endfacet
  facet normal -1.000000e+00 -8.054682e-09 1.602495e-23
    outer loop
      vertex   -3.000000e+01 -3.550000e+01 2.590000e+02
      vertex   -3.000000e+01 -1.700000e+01 2.639766e+02
      vertex   -3.000000e+01 -1.700000e+01 2.539766e+02
    endloop
  endfacet
  facet normal -1.000000e+00 -7.890195e-09 6.057660e-10
    outer loop
      vertex   -3.000000e+01 -3.550000e+01 2.590000e+02
      vertex   -3.000000e+01 -1.700000e+01 2.539766e+02
      vertex   -3.000000e+01 -3.555274e+01 2.583131e+02
    endloop
  endfacet
  facet normal -1.000000e+00 -7.615255e-09 1.782038e-09
    outer loop
      vertex   -3.000000e+01 -3.555274e+01 2.583131e+02
      vertex   -3.000000e+01 -1.700000e+01 2.539766e+02
      vertex   -3.000000e+01 -3.570972e+01 2.576423e+02
    endloop
  endfacet
  facet normal -1.000000e+00 -7.381522e-09 2.975020e-09
    outer loop
      vertex   -3.000000e+01 -3.570972e+01 2.576423e+02
      vertex   -3.000000e+01 -1.700000e+01 2.539766e+02
      vertex   -3.000000e+01 -3.596726e+01 2.570033e+02
    endloop
  endfacet
  facet normal -1.000000e+00 -7.175532e-09 4.265892e-09
    outer loop
      vertex   -3.000000e+01 -3.596726e+01 2.570033e+02
      vertex   -3.000000e+01 -1.700000e+01 2.539766e+02
      vertex   -3.000000e+01 -3.631932e+01 2.564111e+02
    endloop
  endfacet
  facet normal -1.000000e+00 -6.986988e-09 5.762127e-09
    outer loop
      vertex   -3.000000e+01 -3.631932e+01 2.564111e+02
      vertex   -3.000000e+01 -1.700000e+01 2.539766e+02
      vertex   -3.000000e+01 -3.675765e+01 2.558796e+02
    endloop
  endfacet
  facet normal -1.000000e+00 -6.806375e-09 7.637351e-09
    outer loop
      vertex   -3.000000e+01 -3.675765e+01 2.558796e+02
      vertex   -3.000000e+01 -1.700000e+01 2.539766e+02
      vertex   -3.000000e+01 -3.727199e+01 2.554212e+02
    endloop
  endfacet
  facet normal -1.000000e+00 -6.621944e-09 1.022546e-08
    outer loop
      vertex   -3.000000e+01 -3.727199e+01 2.554212e+02
      vertex   -3.000000e+01 -1.700000e+01 2.539766e+02
      vertex   -3.000000e+01 -3.785026e+01 2.550467e+02
    endloop
  endfacet
  facet normal -1.000000e+00 -6.412595e-09 1.430448e-08
    outer loop
      vertex   -3.000000e+01 -3.785026e+01 2.550467e+02
      vertex   -3.000000e+01 -1.700000e+01 2.539766e+02
      vertex   -3.000000e+01 -3.847892e+01 2.547649e+02
    endloop
  endfacet
  facet normal -1.000000e+00 -6.120215e-09 2.227116e-08
    outer loop
      vertex   -3.000000e+01 -3.847892e+01 2.547649e+02
      vertex   -3.000000e+01 -1.700000e+01 2.539766e+02
      vertex   -3.000000e+01 -3.914324e+01 2.545823e+02
    endloop
  endfacet
  facet normal -1.000000e+00 -5.440343e-09 4.712493e-08
    outer loop
      vertex   -3.000000e+01 -3.914324e+01 2.545823e+02
      vertex   -3.000000e+01 -1.700000e+01 2.539766e+02
      vertex   -3.000000e+01 -3.982764e+01 2.545033e+02
    endloop
  endfacet
  facet normal -1.000000e+00 4.269402e-22 2.829072e-07
    outer loop
      vertex   -3.000000e+01 -3.982764e+01 2.545033e+02
      vertex   -3.000000e+01 -1.700000e+01 2.539766e+02
      vertex   -3.000000e+01 -7.350000e+01 2.539766e+02
    endloop
  endfacet
  facet normal -1.000000e+00 3.142800e-09 8.199137e-08
    outer loop
      vertex   -3.000000e+01 -3.982764e+01 2.545033e+02
      vertex   -3.000000e+01 -7.350000e+01 2.539766e+02
      vertex   -3.000000e+01 -4.051608e+01 2.545297e+02
    endloop
  endfacet
  facet normal -1.000000e+00 4.158169e-09 2.144062e-08
    outer loop
      vertex   -3.000000e+01 -4.051608e+01 2.545297e+02
      vertex   -3.000000e+01 -7.350000e+01 2.539766e+02
      vertex   -3.000000e+01 -4.119242e+01 2.546609e+02
    endloop
  endfacet
  facet normal -1.000000e+00 4.355434e-09 1.212683e-08
    outer loop
      vertex   -3.000000e+01 -4.119242e+01 2.546609e+02
      vertex   -3.000000e+01 -7.350000e+01 2.539766e+02
      vertex   -3.000000e+01 -4.184081e+01 2.548937e+02
    endloop
  endfacet
  facet normal -1.000000e+00 4.468677e-09 8.217762e-09
    outer loop
      vertex   -3.000000e+01 -4.184081e+01 2.548937e+02
      vertex   -3.000000e+01 -7.350000e+01 2.539766e+02
      vertex   -3.000000e+01 -4.244605e+01 2.552229e+02
    endloop
  endfacet
  facet normal -1.000000e+00 3.766102e-09 2.572421e-08
    outer loop
      vertex   -3.000000e+01 -4.244605e+01 2.552229e+02
      vertex   -3.000000e+01 -7.350000e+01 2.539766e+02
      vertex   -3.000000e+01 -5.800000e+01 2.575000e+02
    endloop
  endfacet
  facet normal -1.000000e+00 -1.824109e-15 -1.089934e-14
    outer loop
      vertex   -3.000000e+01 -4.244605e+01 2.552229e+02
      vertex   -3.000000e+01 -5.800000e+01 2.575000e+02
      vertex   -3.000000e+01 -4.299397e+01 2.556405e+02
    endloop
  endfacet
  facet normal -1.000000e+00 -5.376197e-16 -5.174071e-16
    outer loop
      vertex   -3.000000e+01 -4.299397e+01 2.556405e+02
      vertex   -3.000000e+01 -5.800000e+01 2.575000e+02
      vertex   -3.000000e+01 -4.347170e+01 2.561369e+02
    endloop
  endfacet
  facet normal -1.000000e+00 -5.236314e-16 -3.683141e-16
    outer loop
      vertex   -3.000000e+01 -4.347170e+01 2.561369e+02
      vertex   -3.000000e+01 -5.800000e+01 2.575000e+02
      vertex   -3.000000e+01 -4.386806e+01 2.567004e+02
    endloop
  endfacet
  facet normal -1.000000e+00 -3.516602e-16 2.671124e-15
    outer loop
      vertex   -3.000000e+01 -4.386806e+01 2.567004e+02
      vertex   -3.000000e+01 -5.800000e+01 2.575000e+02
      vertex   -3.000000e+01 -5.761177e+01 2.575511e+02
    endloop
  endfacet
  facet normal -1.000000e+00 -5.333403e-16 -2.640736e-16
    outer loop
      vertex   -3.000000e+01 -4.386806e+01 2.567004e+02
      vertex   -3.000000e+01 -5.761177e+01 2.575511e+02
      vertex   -3.000000e+01 -4.417376e+01 2.573178e+02
    endloop
  endfacet
  facet normal -1.000000e+00 -5.074864e-16 1.225180e-15
    outer loop
      vertex   -3.000000e+01 -4.417376e+01 2.573178e+02
      vertex   -3.000000e+01 -5.761177e+01 2.575511e+02
      vertex   -3.000000e+01 -5.725000e+01 2.577010e+02
    endloop
  endfacet
  facet normal -1.000000e+00 -5.233987e-16 6.821064e-16
    outer loop
      vertex   -3.000000e+01 -4.417376e+01 2.573178e+02
      vertex   -3.000000e+01 -5.725000e+01 2.577010e+02
      vertex   -3.000000e+01 -5.693934e+01 2.579393e+02
    endloop
  endfacet
  facet normal -1.000000e+00 -7.619522e-09 -1.783037e-09
    outer loop
      vertex   -3.000000e+01 -3.555274e+01 2.596869e+02
      vertex   -3.000000e+01 -3.570972e+01 2.603577e+02
      vertex   -3.000000e+01 -1.700000e+01 2.639766e+02
    endloop
  endfacet
  facet normal -1.000000e+00 -7.388429e-09 -2.977804e-09
    outer loop
      vertex   -3.000000e+01 -1.700000e+01 2.639766e+02
      vertex   -3.000000e+01 -3.570972e+01 2.603577e+02
      vertex   -3.000000e+01 -3.596726e+01 2.609967e+02
    endloop
  endfacet
  facet normal -1.000000e+00 -7.185165e-09 -4.271618e-09
    outer loop
      vertex   -3.000000e+01 -1.700000e+01 2.639766e+02
      vertex   -3.000000e+01 -3.596726e+01 2.609967e+02
      vertex   -3.000000e+01 -3.631932e+01 2.615889e+02
    endloop
  endfacet
  facet normal -1.000000e+00 -6.999662e-09 -5.772579e-09
    outer loop
      vertex   -3.000000e+01 -3.631932e+01 2.615889e+02
      vertex   -3.000000e+01 -3.675765e+01 2.621205e+02
      vertex   -3.000000e+01 -1.700000e+01 2.639766e+02
    endloop
  endfacet
  facet normal -1.000000e+00 -6.822750e-09 -7.655725e-09
    outer loop
      vertex   -3.000000e+01 -1.700000e+01 2.639766e+02
      vertex   -3.000000e+01 -3.675765e+01 2.621205e+02
      vertex   -3.000000e+01 -3.727199e+01 2.625788e+02
    endloop
  endfacet
  facet normal -1.000000e+00 -6.643291e-09 -1.025843e-08
    outer loop
      vertex   -3.000000e+01 -1.700000e+01 2.639766e+02
      vertex   -3.000000e+01 -3.727199e+01 2.625788e+02
      vertex   -3.000000e+01 -3.785026e+01 2.629533e+02
    endloop
  endfacet
  facet normal -1.000000e+00 -6.441550e-09 -1.436908e-08
    outer loop
      vertex   -3.000000e+01 -3.785026e+01 2.629533e+02
      vertex   -3.000000e+01 -3.847892e+01 2.632351e+02
      vertex   -3.000000e+01 -1.700000e+01 2.639766e+02
    endloop
  endfacet
  facet normal -1.000000e+00 -6.163351e-09 -2.242812e-08
    outer loop
      vertex   -3.000000e+01 -1.700000e+01 2.639766e+02
      vertex   -3.000000e+01 -3.847892e+01 2.632351e+02
      vertex   -3.000000e+01 -3.914324e+01 2.634177e+02
    endloop
  endfacet
  facet normal -1.000000e+00 -5.522120e-09 -4.783329e-08
    outer loop
      vertex   -3.000000e+01 -1.700000e+01 2.639766e+02
      vertex   -3.000000e+01 -3.914324e+01 2.634177e+02
      vertex   -3.000000e+01 -3.982764e+01 2.634967e+02
    endloop
  endfacet
  facet normal -1.000000e+00 -6.248002e-22 -3.105127e-07
    outer loop
      vertex   -3.000000e+01 -1.700000e+01 2.639766e+02
      vertex   -3.000000e+01 -3.982764e+01 2.634967e+02
      vertex   -3.000000e+01 -7.350000e+01 2.639766e+02
    endloop
  endfacet
  facet normal -1.000000e+00 3.225917e-09 -8.415979e-08
    outer loop
      vertex   -3.000000e+01 -7.350000e+01 2.639766e+02
      vertex   -3.000000e+01 -3.982764e+01 2.634967e+02
      vertex   -3.000000e+01 -4.051608e+01 2.634703e+02
    endloop
  endfacet
  facet normal -1.000000e+00 4.186375e-09 -2.158606e-08
    outer loop
      vertex   -3.000000e+01 -7.350000e+01 2.639766e+02
      vertex   -3.000000e+01 -4.051608e+01 2.634703e+02
      vertex   -3.000000e+01 -4.119242e+01 2.633391e+02
    endloop
  endfacet
  facet normal -1.000000e+00 4.372095e-09 -1.217322e-08
    outer loop
      vertex   -3.000000e+01 -4.119242e+01 2.633391e+02
      vertex   -3.000000e+01 -4.184081e+01 2.631063e+02
      vertex   -3.000000e+01 -7.350000e+01 2.639766e+02
    endloop
  endfacet
  facet normal -1.000000e+00 4.480247e-09 -8.239039e-09
    outer loop
      vertex   -3.000000e+01 -7.350000e+01 2.639766e+02
      vertex   -3.000000e+01 -4.184081e+01 2.631063e+02
      vertex   -3.000000e+01 -4.244605e+01 2.627771e+02
    endloop
  endfacet
  facet normal -1.000000e+00 3.796794e-09 -2.593386e-08
    outer loop
      vertex   -3.000000e+01 -7.350000e+01 2.639766e+02
      vertex   -3.000000e+01 -4.244605e+01 2.627771e+02
      vertex   -3.000000e+01 -5.800000e+01 2.605000e+02
    endloop
  endfacet
  facet normal -1.000000e+00 -1.824109e-15 1.089934e-14
    outer loop
      vertex   -3.000000e+01 -5.800000e+01 2.605000e+02
      vertex   -3.000000e+01 -4.244605e+01 2.627771e+02
      vertex   -3.000000e+01 -4.299397e+01 2.623595e+02
    endloop
  endfacet
  facet normal -1.000000e+00 -5.376197e-16 5.174071e-16
    outer loop
      vertex   -3.000000e+01 -5.800000e+01 2.605000e+02
      vertex   -3.000000e+01 -4.299397e+01 2.623595e+02
      vertex   -3.000000e+01 -4.347170e+01 2.618631e+02
    endloop
  endfacet
  facet normal -1.000000e+00 -5.236314e-16 3.683141e-16
    outer loop
      vertex   -3.000000e+01 -4.347170e+01 2.618631e+02
      vertex   -3.000000e+01 -4.386806e+01 2.612996e+02
      vertex   -3.000000e+01 -5.800000e+01 2.605000e+02
    endloop
  endfacet
  facet normal -1.000000e+00 -3.516602e-16 -2.671124e-15
    outer loop
      vertex   -3.000000e+01 -5.800000e+01 2.605000e+02
      vertex   -3.000000e+01 -4.386806e+01 2.612996e+02
      vertex   -3.000000e+01 -5.761177e+01 2.604489e+02
    endloop
  endfacet
  facet normal -1.000000e+00 -5.333403e-16 2.640736e-16
    outer loop
      vertex   -3.000000e+01 -5.761177e+01 2.604489e+02
      vertex   -3.000000e+01 -4.386806e+01 2.612996e+02
      vertex   -3.000000e+01 -4.417376e+01 2.606822e+02
    endloop
  endfacet
  facet normal -1.000000e+00 -5.074864e-16 -1.225180e-15
    outer loop
      vertex   -3.000000e+01 -5.761177e+01 2.604489e+02
      vertex   -3.000000e+01 -4.417376e+01 2.606822e+02
      vertex   -3.000000e+01 -5.725000e+01 2.602990e+02
    endloop
  endfacet
  facet normal -1.000000e+00 -5.233987e-16 -6.821064e-16
    outer loop
      vertex   -3.000000e+01 -5.725000e+01 2.602990e+02
      vertex   -3.000000e+01 -4.417376e+01 2.606822e+02
      vertex   -3.000000e+01 -5.693934e+01 2.600607e+02
    endloop
  endfacet
  facet normal -1.000000e+00 -5.653187e-16 1.789060e-16
    outer loop
      vertex   -3.000000e+01 -5.693934e+01 2.600607e+02
      vertex   -3.000000e+01 -4.417376e+01 2.606822e+02
      vertex   -3.000000e+01 -4.438163e+01 2.600253e+02
    endloop
  endfacet
  facet normal -1.000000e+00 -5.670456e-16 -4.351094e-16
    outer loop
      vertex   -3.000000e+01 -5.693934e+01 2.600607e+02
      vertex   -3.000000e+01 -4.438163e+01 2.600253e+02
      vertex   -3.000000e+01 -5.670096e+01 2.597500e+02
    endloop
  endfacet
  facet normal -1.000000e+00 -5.787685e-16 8.939628e-17
    outer loop
      vertex   -3.000000e+01 -5.670096e+01 2.597500e+02
      vertex   -3.000000e+01 -4.438163e+01 2.600253e+02
      vertex   -3.000000e+01 -4.448680e+01 2.593445e+02
    endloop
  endfacet
  facet normal -1.000000e+00 -5.898485e-16 -2.443232e-16
    outer loop
      vertex   -3.000000e+01 -5.670096e+01 2.597500e+02
      vertex   -3.000000e+01 -4.448680e+01 2.593445e+02
      vertex   -3.000000e+01 -5.655111e+01 2.593882e+02
    endloop
  endfacet
  facet normal -1.000000e+00 -5.892437e-16 -7.757540e-17
    outer loop
      vertex   -3.000000e+01 -5.655111e+01 2.593882e+02
      vertex   -3.000000e+01 -4.448680e+01 2.593445e+02
      vertex   -3.000000e+01 -5.650000e+01 2.590000e+02
    endloop
  endfacet
  facet normal -1.000000e+00 -5.914681e-16 -6.100116e-30
    outer loop
      vertex   -3.000000e+01 -5.650000e+01 2.590000e+02
      vertex   -3.000000e+01 -4.448680e+01 2.593445e+02
      vertex   -3.000000e+01 -4.448680e+01 2.586555e+02
    endloop
  endfacet
  facet normal -1.000000e+00 -5.892437e-16 7.757540e-17
    outer loop
      vertex   -3.000000e+01 -5.650000e+01 2.590000e+02
      vertex   -3.000000e+01 -4.448680e+01 2.586555e+02
      vertex   -3.000000e+01 -5.655111e+01 2.586118e+02
    endloop
  endfacet
  facet normal -1.000000e+00 -5.898485e-16 2.443232e-16
    outer loop
      vertex   -3.000000e+01 -5.655111e+01 2.586118e+02
      vertex   -3.000000e+01 -4.448680e+01 2.586555e+02
      vertex   -3.000000e+01 -5.670096e+01 2.582500e+02
    endloop
  endfacet
  facet normal -1.000000e+00 -5.787685e-16 -8.939628e-17
    outer loop
      vertex   -3.000000e+01 -5.670096e+01 2.582500e+02
      vertex   -3.000000e+01 -4.448680e+01 2.586555e+02
      vertex   -3.000000e+01 -4.438163e+01 2.579747e+02
    endloop
  endfacet
  facet normal -1.000000e+00 -5.670456e-16 4.351094e-16
    outer loop
      vertex   -3.000000e+01 -5.670096e+01 2.582500e+02
      vertex   -3.000000e+01 -4.438163e+01 2.579747e+02
      vertex   -3.000000e+01 -5.693934e+01 2.579393e+02
    endloop
  endfacet
  facet normal -1.000000e+00 -5.653187e-16 -1.789060e-16
    outer loop
      vertex   -3.000000e+01 -5.693934e+01 2.579393e+02
      vertex   -3.000000e+01 -4.438163e+01 2.579747e+02
      vertex   -3.000000e+01 -4.417376e+01 2.573178e+02
    endloop
  endfacet
  facet normal -1.000000e+00 -1.494714e-06 1.338515e-06
    outer loop
      vertex   -3.000000e+01 -6.944889e+01 2.586118e+02
      vertex   -3.000000e+01 -7.350000e+01 2.539766e+02
      vertex   -3.000000e+01 -6.950000e+01 2.590000e+02
    endloop
  endfacet
  facet normal -1.000000e+00 1.862645e-07 -2.646978e-22
    outer loop
      vertex   -3.000000e+01 -6.950000e+01 2.590000e+02
      vertex   -3.000000e+01 -7.350000e+01 2.539766e+02
      vertex   -3.000000e+01 -7.350000e+01 2.639766e+02
    endloop
  endfacet
  facet normal -1.000000e+00 -1.481250e-06 -1.340288e-06
    outer loop
      vertex   -3.000000e+01 -6.950000e+01 2.590000e+02
      vertex   -3.000000e+01 -7.350000e+01 2.639766e+02
      vertex   -3.000000e+01 -6.944889e+01 2.593882e+02
    endloop
  endfacet
  facet normal -1.000000e+00 2.503694e-08 -1.037064e-08
    outer loop
      vertex   -3.000000e+01 -6.944889e+01 2.593882e+02
      vertex   -3.000000e+01 -7.350000e+01 2.639766e+02
      vertex   -3.000000e+01 -6.929904e+01 2.597500e+02
    endloop
  endfacet
  facet normal -1.000000e+00 2.001731e-08 -1.535983e-08
    outer loop
      vertex   -3.000000e+01 -6.929904e+01 2.597500e+02
      vertex   -3.000000e+01 -7.350000e+01 2.639766e+02
      vertex   -3.000000e+01 -6.906066e+01 2.600607e+02
    endloop
  endfacet
  facet normal -1.000000e+00 1.561529e-08 -2.035024e-08
    outer loop
      vertex   -3.000000e+01 -6.906066e+01 2.600607e+02
      vertex   -3.000000e+01 -7.350000e+01 2.639766e+02
      vertex   -3.000000e+01 -6.875000e+01 2.602990e+02
    endloop
  endfacet
  facet normal -1.000000e+00 1.093391e-08 -2.639680e-08
    outer loop
      vertex   -3.000000e+01 -6.875000e+01 2.602990e+02
      vertex   -3.000000e+01 -7.350000e+01 2.639766e+02
      vertex   -3.000000e+01 -6.838823e+01 2.604489e+02
    endloop
  endfacet
  facet normal -1.000000e+00 4.670142e-09 -3.547325e-08
    outer loop
      vertex   -3.000000e+01 -6.838823e+01 2.604489e+02
      vertex   -3.000000e+01 -7.350000e+01 2.639766e+02
      vertex   -3.000000e+01 -6.800000e+01 2.605000e+02
    endloop
  endfacet
  facet normal -1.000000e+00 0.000000e+00 -4.286147e-08
    outer loop
      vertex   -3.000000e+01 -6.800000e+01 2.605000e+02
      vertex   -3.000000e+01 -7.350000e+01 2.639766e+02
      vertex   -3.000000e+01 -5.800000e+01 2.605000e+02
    endloop
  endfacet
  facet normal -1.000000e+00 0.000000e+00 0.000000e+00
    outer loop
      vertex   -3.000000e+01 -6.800000e+01 2.605000e+02
      vertex   -3.000000e+01 -5.800000e+01 2.605000e+02
      vertex   -3.000000e+01 -6.761177e+01 2.604489e+02
    endloop
  endfacet
  facet normal -1.000000e+00 0.000000e+00 0.000000e+00
    outer loop
      vertex   -3.000000e+01 -6.761177e+01 2.604489e+02
      vertex   -3.000000e+01 -5.800000e+01 2.605000e+02
      vertex   -3.000000e+01 -5.838823e+01 2.604489e+02
    endloop
  endfacet
  facet normal -1.000000e+00 0.000000e+00 0.000000e+00
    outer loop
      vertex   -3.000000e+01 -6.761177e+01 2.604489e+02
      vertex   -3.000000e+01 -5.838823e+01 2.604489e+02
      vertex   -3.000000e+01 -6.725000e+01 2.602990e+02
    endloop
  endfacet
  facet normal -1.000000e+00 0.000000e+00 0.000000e+00
    outer loop
      vertex   -3.000000e+01 -6.725000e+01 2.602990e+02
      vertex   -3.000000e+01 -5.838823e+01 2.604489e+02
      vertex   -3.000000e+01 -5.875000e+01 2.602990e+02
    endloop
  endfacet
  facet normal -1.000000e+00 0.000000e+00 0.000000e+00
    outer loop
      vertex   -3.000000e+01 -6.725000e+01 2.602990e+02
      vertex   -3.000000e+01 -5.875000e+01 2.602990e+02
      vertex   -3.000000e+01 -6.693934e+01 2.600607e+02
    endloop
  endfacet
  facet normal -1.000000e+00 0.000000e+00 0.000000e+00
    outer loop
      vertex   -3.000000e+01 -6.693934e+01 2.600607e+02
      vertex   -3.000000e+01 -5.875000e+01 2.602990e+02
      vertex   -3.000000e+01 -5.906066e+01 2.600607e+02
    endloop
  endfacet
  facet normal -1.000000e+00 0.000000e+00 0.000000e+00
    outer loop
      vertex   -3.000000e+01 -6.693934e+01 2.600607e+02
      vertex   -3.000000e+01 -5.906066e+01 2.600607e+02
      vertex   -3.000000e+01 -6.670096e+01 2.597500e+02
    endloop
  endfacet
  facet normal -1.000000e+00 0.000000e+00 0.000000e+00
    outer loop
      vertex   -3.000000e+01 -6.670096e+01 2.597500e+02
      vertex   -3.000000e+01 -5.906066e+01 2.600607e+02
      vertex   -3.000000e+01 -5.929904e+01 2.597500e+02
    endloop
  endfacet
  facet normal -1.000000e+00 0.000000e+00 0.000000e+00
    outer loop
      vertex   -3.000000e+01 -6.670096e+01 2.597500e+02
      vertex   -3.000000e+01 -5.929904e+01 2.597500e+02
      vertex   -3.000000e+01 -6.655111e+01 2.593882e+02
    endloop
  endfacet
  facet normal -1.000000e+00 0.000000e+00 0.000000e+00
    outer loop
      vertex   -3.000000e+01 -6.655111e+01 2.593882e+02
      vertex   -3.000000e+01 -5.929904e+01 2.597500e+02
      vertex   -3.000000e+01 -5.944889e+01 2.593882e+02
    endloop
  endfacet
  facet normal -1.000000e+00 0.000000e+00 0.000000e+00
    outer loop
      vertex   -3.000000e+01 -6.655111e+01 2.593882e+02
      vertex   -3.000000e+01 -5.944889e+01 2.593882e+02
      vertex   -3.000000e+01 -6.650000e+01 2.590000e+02
    endloop
  endfacet
  facet normal -1.000000e+00 8.514949e-08 -1.546508e-06
    outer loop
      vertex   -3.000000e+01 -6.650000e+01 2.590000e+02
      vertex   -3.000000e+01 -5.944889e+01 2.593882e+02
      vertex   -3.000000e+01 -5.950000e+01 2.590000e+02
    endloop
  endfacet
  facet normal -1.000000e+00 8.514949e-08 -1.121014e-08
    outer loop
      vertex   -3.000000e+01 -6.650000e+01 2.590000e+02
      vertex   -3.000000e+01 -5.950000e+01 2.590000e+02
      vertex   -3.000000e+01 -6.655111e+01 2.586118e+02
    endloop
  endfacet
  facet normal -1.000000e+00 0.000000e+00 1.535298e-06
    outer loop
      vertex   -3.000000e+01 -6.655111e+01 2.586118e+02
      vertex   -3.000000e+01 -5.950000e+01 2.590000e+02
      vertex   -3.000000e+01 -5.944889e+01 2.586118e+02
    endloop
  endfacet
  facet normal -1.000000e+00 0.000000e+00 -0.000000e+00
    outer loop
      vertex   -3.000000e+01 -6.655111e+01 2.586118e+02
      vertex   -3.000000e+01 -5.944889e+01 2.586118e+02
      vertex   -3.000000e+01 -6.670096e+01 2.582500e+02
    endloop
  endfacet
  facet normal -1.000000e+00 0.000000e+00 0.000000e+00
    outer loop
      vertex   -3.000000e+01 -6.670096e+01 2.582500e+02
      vertex   -3.000000e+01 -5.944889e+01 2.586118e+02
      vertex   -3.000000e+01 -5.929904e+01 2.582500e+02
    endloop
  endfacet
  facet normal -1.000000e+00 0.000000e+00 -0.000000e+00
    outer loop
      vertex   -3.000000e+01 -6.670096e+01 2.582500e+02
      vertex   -3.000000e+01 -5.929904e+01 2.582500e+02
      vertex   -3.000000e+01 -6.693934e+01 2.579393e+02
    endloop
  endfacet
  facet normal -1.000000e+00 0.000000e+00 0.000000e+00
    outer loop
      vertex   -3.000000e+01 -6.693934e+01 2.579393e+02
      vertex   -3.000000e+01 -5.929904e+01 2.582500e+02
      vertex   -3.000000e+01 -5.906066e+01 2.579393e+02
    endloop
  endfacet
  facet normal -1.000000e+00 0.000000e+00 -0.000000e+00
    outer loop
      vertex   -3.000000e+01 -6.693934e+01 2.579393e+02
      vertex   -3.000000e+01 -5.906066e+01 2.579393e+02
      vertex   -3.000000e+01 -6.725000e+01 2.577010e+02
    endloop
  endfacet
  facet normal -1.000000e+00 0.000000e+00 0.000000e+00
    outer loop
      vertex   -3.000000e+01 -6.725000e+01 2.577010e+02
      vertex   -3.000000e+01 -5.906066e+01 2.579393e+02
      vertex   -3.000000e+01 -5.875000e+01 2.577010e+02
    endloop
  endfacet
  facet normal -1.000000e+00 0.000000e+00 -0.000000e+00
    outer loop
      vertex   -3.000000e+01 -6.725000e+01 2.577010e+02
      vertex   -3.000000e+01 -5.875000e+01 2.577010e+02
      vertex   -3.000000e+01 -6.761177e+01 2.575511e+02
    endloop
  endfacet
  facet normal -1.000000e+00 0.000000e+00 0.000000e+00
    outer loop
      vertex   -3.000000e+01 -6.761177e+01 2.575511e+02
      vertex   -3.000000e+01 -5.875000e+01 2.577010e+02
      vertex   -3.000000e+01 -5.838823e+01 2.575511e+02
    endloop
  endfacet
  facet normal -1.000000e+00 0.000000e+00 -0.000000e+00
    outer loop
      vertex   -3.000000e+01 -6.761177e+01 2.575511e+02
      vertex   -3.000000e+01 -5.838823e+01 2.575511e+02
      vertex   -3.000000e+01 -6.800000e+01 2.575000e+02
    endloop
  endfacet
  facet normal -1.000000e+00 0.000000e+00 0.000000e+00
    outer loop
      vertex   -3.000000e+01 -6.800000e+01 2.575000e+02
      vertex   -3.000000e+01 -5.838823e+01 2.575511e+02
      vertex   -3.000000e+01 -5.800000e+01 2.575000e+02
    endloop
  endfacet
  facet normal -1.000000e+00 0.000000e+00 4.229183e-08
    outer loop
      vertex   -3.000000e+01 -6.800000e+01 2.575000e+02
      vertex   -3.000000e+01 -5.800000e+01 2.575000e+02
      vertex   -3.000000e+01 -7.350000e+01 2.539766e+02
    endloop
  endfacet
  facet normal -1.000000e+00 2.495561e-08 1.033695e-08
    outer loop
      vertex   -3.000000e+01 -6.944889e+01 2.586118e+02
      vertex   -3.000000e+01 -6.929904e+01 2.582500e+02
      vertex   -3.000000e+01 -7.350000e+01 2.539766e+02
    endloop
  endfacet
  facet normal -1.000000e+00 1.992116e-08 1.528604e-08
    outer loop
      vertex   -3.000000e+01 -7.350000e+01 2.539766e+02
      vertex   -3.000000e+01 -6.929904e+01 2.582500e+02
      vertex   -3.000000e+01 -6.906066e+01 2.579393e+02
    endloop
  endfacet
  facet normal -1.000000e+00 1.551606e-08 2.022093e-08
    outer loop
      vertex   -3.000000e+01 -7.350000e+01 2.539766e+02
      vertex   -3.000000e+01 -6.906066e+01 2.579393e+02
      vertex   -3.000000e+01 -6.875000e+01 2.577010e+02
    endloop
  endfacet
  facet normal -1.000000e+00 1.084396e-08 2.617964e-08
    outer loop
      vertex   -3.000000e+01 -6.875000e+01 2.577010e+02
      vertex   -3.000000e+01 -6.838823e+01 2.575511e+02
      vertex   -3.000000e+01 -7.350000e+01 2.539766e+02
    endloop
  endfacet
  facet normal -1.000000e+00 4.618656e-09 3.508218e-08
    outer loop
      vertex   -3.000000e+01 -7.350000e+01 2.539766e+02
      vertex   -3.000000e+01 -6.838823e+01 2.575511e+02
      vertex   -3.000000e+01 -6.800000e+01 2.575000e+02
    endloop
  endfacet
  facet normal 1.000000e+00 1.513260e-06 1.336073e-06
    outer loop
      vertex   -2.050000e+01 -6.944889e+01 2.593882e+02
      vertex   -2.050000e+01 -7.350000e+01 2.639766e+02
      vertex   -2.050000e+01 -6.950000e+01 2.590000e+02
    endloop
  endfacet
  facet normal 1.000000e+00 -1.490116e-07 2.117582e-22
    outer loop
      vertex   -2.050000e+01 -6.950000e+01 2.590000e+02
      vertex   -2.050000e+01 -7.350000e+01 2.639766e+02
      vertex   -2.050000e+01 -7.350000e+01 2.539766e+02
    endloop
  endfacet
  facet normal 1.000000e+00 1.526681e-06 -1.334306e-06
    outer loop
      vertex   -2.050000e+01 -6.950000e+01 2.590000e+02
      vertex   -2.050000e+01 -7.350000e+01 2.539766e+02
      vertex   -2.050000e+01 -6.944889e+01 2.586118e+02
    endloop
  endfacet
  facet normal 1.000000e+00 0.000000e+00 0.000000e+00
    outer loop
      vertex   -2.050000e+01 -6.944889e+01 2.586118e+02
      vertex   -2.050000e+01 -7.350000e+01 2.539766e+02
      vertex   -2.050000e+01 -6.929904e+01 2.582500e+02
    endloop
  endfacet
  facet normal 1.000000e+00 0.000000e+00 0.000000e+00
    outer loop
      vertex   -2.050000e+01 -6.929904e+01 2.582500e+02
      vertex   -2.050000e+01 -7.350000e+01 2.539766e+02
      vertex   -2.050000e+01 -6.906066e+01 2.579393e+02
    endloop
  endfacet
  facet normal 1.000000e+00 0.000000e+00 0.000000e+00
    outer loop
      vertex   -2.050000e+01 -6.906066e+01 2.579393e+02
      vertex   -2.050000e+01 -7.350000e+01 2.539766e+02
      vertex   -2.050000e+01 -6.875000e+01 2.577010e+02
    endloop
  endfacet
  facet normal 1.000000e+00 0.000000e+00 0.000000e+00
    outer loop
      vertex   -2.050000e+01 -6.875000e+01 2.577010e+02
      vertex   -2.050000e+01 -7.350000e+01 2.539766e+02
      vertex   -2.050000e+01 -6.838823e+01 2.575511e+02
    endloop
  endfacet
  facet normal 1.000000e+00 0.000000e+00 0.000000e+00
    outer loop
      vertex   -2.050000e+01 -6.838823e+01 2.575511e+02
      vertex   -2.050000e+01 -7.350000e+01 2.539766e+02
      vertex   -2.050000e+01 -6.800000e+01 2.575000e+02
    endloop
  endfacet
  facet normal 1.000000e+00 -0.000000e+00 0.000000e+00
    outer loop
      vertex   -2.050000e+01 -6.800000e+01 2.575000e+02
      vertex   -2.050000e+01 -7.350000e+01 2.539766e+02
      vertex   -2.050000e+01 -5.800000e+01 2.575000e+02
    endloop
  endfacet
  facet normal 1.000000e+00 0.000000e+00 0.000000e+00
    outer loop
      vertex   -2.050000e+01 -6.800000e+01 2.575000e+02
      vertex   -2.050000e+01 -5.800000e+01 2.575000e+02
      vertex   -2.050000e+01 -6.761177e+01 2.575511e+02
    endloop
  endfacet
  facet normal 1.000000e+00 -0.000000e+00 0.000000e+00
    outer loop
      vertex   -2.050000e+01 -6.761177e+01 2.575511e+02
      vertex   -2.050000e+01 -5.800000e+01 2.575000e+02
      vertex   -2.050000e+01 -5.838823e+01 2.575511e+02
    endloop
  endfacet
  facet normal 1.000000e+00 0.000000e+00 0.000000e+00
    outer loop
      vertex   -2.050000e+01 -6.761177e+01 2.575511e+02
      vertex   -2.050000e+01 -5.838823e+01 2.575511e+02
      vertex   -2.050000e+01 -6.725000e+01 2.577010e+02
    endloop
  endfacet
  facet normal 1.000000e+00 -0.000000e+00 0.000000e+00
    outer loop
      vertex   -2.050000e+01 -6.725000e+01 2.577010e+02
      vertex   -2.050000e+01 -5.838823e+01 2.575511e+02
      vertex   -2.050000e+01 -5.875000e+01 2.577010e+02
    endloop
  endfacet
  facet normal 1.000000e+00 0.000000e+00 0.000000e+00
    outer loop
      vertex   -2.050000e+01 -6.725000e+01 2.577010e+02
      vertex   -2.050000e+01 -5.875000e+01 2.577010e+02
      vertex   -2.050000e+01 -6.693934e+01 2.579393e+02
    endloop
  endfacet
  facet normal 1.000000e+00 -0.000000e+00 0.000000e+00
    outer loop
      vertex   -2.050000e+01 -6.693934e+01 2.579393e+02
      vertex   -2.050000e+01 -5.875000e+01 2.577010e+02
      vertex   -2.050000e+01 -5.906066e+01 2.579393e+02
    endloop
  endfacet
  facet normal 1.000000e+00 0.000000e+00 0.000000e+00
    outer loop
      vertex   -2.050000e+01 -6.693934e+01 2.579393e+02
      vertex   -2.050000e+01 -5.906066e+01 2.579393e+02
      vertex   -2.050000e+01 -6.670096e+01 2.582500e+02
    endloop
  endfacet
  facet normal 1.000000e+00 -0.000000e+00 0.000000e+00
    outer loop
      vertex   -2.050000e+01 -6.670096e+01 2.582500e+02
      vertex   -2.050000e+01 -5.906066e+01 2.579393e+02
      vertex   -2.050000e+01 -5.929904e+01 2.582500e+02
    endloop
  endfacet
  facet normal 1.000000e+00 0.000000e+00 0.000000e+00
    outer loop
      vertex   -2.050000e+01 -6.670096e+01 2.582500e+02
      vertex   -2.050000e+01 -5.929904e+01 2.582500e+02
      vertex   -2.050000e+01 -6.655111e+01 2.586118e+02
    endloop
  endfacet
  facet normal 1.000000e+00 -0.000000e+00 0.000000e+00
    outer loop
      vertex   -2.050000e+01 -6.655111e+01 2.586118e+02
      vertex   -2.050000e+01 -5.929904e+01 2.582500e+02
      vertex   -2.050000e+01 -5.944889e+01 2.586118e+02
    endloop
  endfacet
  facet normal 1.000000e+00 0.000000e+00 0.000000e+00
    outer loop
      vertex   -2.050000e+01 -6.655111e+01 2.586118e+02
      vertex   -2.050000e+01 -5.944889e+01 2.586118e+02
      vertex   -2.050000e+01 -6.650000e+01 2.590000e+02
    endloop
  endfacet
  facet normal 1.000000e+00 -8.514949e-08 -1.546508e-06
    outer loop
      vertex   -2.050000e+01 -6.650000e+01 2.590000e+02
      vertex   -2.050000e+01 -5.944889e+01 2.586118e+02
      vertex   -2.050000e+01 -5.950000e+01 2.590000e+02
    endloop
  endfacet
  facet normal 1.000000e+00 -8.514949e-08 -1.121014e-08
    outer loop
      vertex   -2.050000e+01 -6.650000e+01 2.590000e+02
      vertex   -2.050000e+01 -5.950000e+01 2.590000e+02
      vertex   -2.050000e+01 -6.655111e+01 2.593882e+02
    endloop
  endfacet
  facet normal 1.000000e+00 -0.000000e+00 1.535298e-06
    outer loop
      vertex   -2.050000e+01 -6.655111e+01 2.593882e+02
      vertex   -2.050000e+01 -5.950000e+01 2.590000e+02
      vertex   -2.050000e+01 -5.944889e+01 2.593882e+02
    endloop
  endfacet
  facet normal 1.000000e+00 0.000000e+00 -0.000000e+00
    outer loop
      vertex   -2.050000e+01 -6.655111e+01 2.593882e+02
      vertex   -2.050000e+01 -5.944889e+01 2.593882e+02
      vertex   -2.050000e+01 -6.670096e+01 2.597500e+02
    endloop
  endfacet
  facet normal 1.000000e+00 -0.000000e+00 0.000000e+00
    outer loop
      vertex   -2.050000e+01 -6.670096e+01 2.597500e+02
      vertex   -2.050000e+01 -5.944889e+01 2.593882e+02
      vertex   -2.050000e+01 -5.929904e+01 2.597500e+02
    endloop
  endfacet
  facet normal 1.000000e+00 0.000000e+00 -0.000000e+00
    outer loop
      vertex   -2.050000e+01 -6.670096e+01 2.597500e+02
      vertex   -2.050000e+01 -5.929904e+01 2.597500e+02
      vertex   -2.050000e+01 -6.693934e+01 2.600607e+02
    endloop
  endfacet
  facet normal 1.000000e+00 -0.000000e+00 0.000000e+00
    outer loop
      vertex   -2.050000e+01 -6.693934e+01 2.600607e+02
      vertex   -2.050000e+01 -5.929904e+01 2.597500e+02
      vertex   -2.050000e+01 -5.906066e+01 2.600607e+02
    endloop
  endfacet
  facet normal 1.000000e+00 0.000000e+00 -0.000000e+00
    outer loop
      vertex   -2.050000e+01 -6.693934e+01 2.600607e+02
      vertex   -2.050000e+01 -5.906066e+01 2.600607e+02
      vertex   -2.050000e+01 -6.725000e+01 2.602990e+02
    endloop
  endfacet
  facet normal 1.000000e+00 -0.000000e+00 0.000000e+00
    outer loop
      vertex   -2.050000e+01 -6.725000e+01 2.602990e+02
      vertex   -2.050000e+01 -5.906066e+01 2.600607e+02
      vertex   -2.050000e+01 -5.875000e+01 2.602990e+02
    endloop
  endfacet
  facet normal 1.000000e+00 0.000000e+00 -0.000000e+00
    outer loop
      vertex   -2.050000e+01 -6.725000e+01 2.602990e+02
      vertex   -2.050000e+01 -5.875000e+01 2.602990e+02
      vertex   -2.050000e+01 -6.761177e+01 2.604489e+02
    endloop
  endfacet
  facet normal 1.000000e+00 -0.000000e+00 0.000000e+00
    outer loop
      vertex   -2.050000e+01 -6.761177e+01 2.604489e+02
      vertex   -2.050000e+01 -5.875000e+01 2.602990e+02
      vertex   -2.050000e+01 -5.838823e+01 2.604489e+02
    endloop
  endfacet
  facet normal 1.000000e+00 0.000000e+00 -0.000000e+00
    outer loop
      vertex   -2.050000e+01 -6.761177e+01 2.604489e+02
      vertex   -2.050000e+01 -5.838823e+01 2.604489e+02
      vertex   -2.050000e+01 -6.800000e+01 2.605000e+02
    endloop
  endfacet
  facet normal 1.000000e+00 -0.000000e+00 0.000000e+00
    outer loop
      vertex   -2.050000e+01 -6.800000e+01 2.605000e+02
      vertex   -2.050000e+01 -5.838823e+01 2.604489e+02
      vertex   -2.050000e+01 -5.800000e+01 2.605000e+02
    endloop
  endfacet
  facet normal 1.000000e+00 0.000000e+00 -0.000000e+00
    outer loop
      vertex   -2.050000e+01 -6.800000e+01 2.605000e+02
      vertex   -2.050000e+01 -5.800000e+01 2.605000e+02
      vertex   -2.050000e+01 -7.350000e+01 2.639766e+02
    endloop
  endfacet
  facet normal 1.000000e+00 0.000000e+00 0.000000e+00
    outer loop
      vertex   -2.050000e+01 -7.350000e+01 2.639766e+02
      vertex   -2.050000e+01 -5.800000e+01 2.605000e+02
      vertex   -2.050000e+01 -4.046729e+01 2.610474e+02
    endloop
  endfacet
  facet normal 1.000000e+00 0.000000e+00 0.000000e+00
    outer loop
      vertex   -2.050000e+01 -7.350000e+01 2.639766e+02
      vertex   -2.050000e+01 -4.046729e+01 2.610474e+02
      vertex   -2.050000e+01 -4.000000e+01 2.611000e+02
    endloop
  endfacet
  facet normal 1.000000e+00 0.000000e+00 -0.000000e+00
    outer loop
      vertex   -2.050000e+01 -6.944889e+01 2.593882e+02
      vertex   -2.050000e+01 -6.929904e+01 2.597500e+02
      vertex   -2.050000e+01 -7.350000e+01 2.639766e+02
    endloop
  endfacet
  facet normal 1.000000e+00 0.000000e+00 0.000000e+00
    outer loop
      vertex   -2.050000e+01 -7.350000e+01 2.639766e+02
      vertex   -2.050000e+01 -6.929904e+01 2.597500e+02
      vertex   -2.050000e+01 -6.906066e+01 2.600607e+02
    endloop
  endfacet
  facet normal 1.000000e+00 0.000000e+00 0.000000e+00
    outer loop
      vertex   -2.050000e+01 -7.350000e+01 2.639766e+02
      vertex   -2.050000e+01 -6.906066e+01 2.600607e+02
      vertex   -2.050000e+01 -6.875000e+01 2.602990e+02
    endloop
  endfacet
  facet normal 1.000000e+00 0.000000e+00 -0.000000e+00
    outer loop
      vertex   -2.050000e+01 -6.875000e+01 2.602990e+02
      vertex   -2.050000e+01 -6.838823e+01 2.604489e+02
      vertex   -2.050000e+01 -7.350000e+01 2.639766e+02
    endloop
  endfacet
  facet normal 1.000000e+00 0.000000e+00 0.000000e+00
    outer loop
      vertex   -2.050000e+01 -7.350000e+01 2.639766e+02
      vertex   -2.050000e+01 -6.838823e+01 2.604489e+02
      vertex   -2.050000e+01 -6.800000e+01 2.605000e+02
    endloop
  endfacet
  facet normal 1.000000e+00 -0.000000e+00 0.000000e+00
    outer loop
      vertex   -2.050000e+01 -5.800000e+01 2.605000e+02
      vertex   -2.050000e+01 -5.761177e+01 2.604489e+02
      vertex   -2.050000e+01 -4.046729e+01 2.610474e+02
    endloop
  endfacet
  facet normal 1.000000e+00 0.000000e+00 0.000000e+00
    outer loop
      vertex   -2.050000e+01 -4.046729e+01 2.610474e+02
      vertex   -2.050000e+01 -5.761177e+01 2.604489e+02
      vertex   -2.050000e+01 -4.091116e+01 2.608920e+02
    endloop
  endfacet
  facet normal 1.000000e+00 0.000000e+00 0.000000e+00
    outer loop
      vertex   -2.050000e+01 -4.091116e+01 2.608920e+02
      vertex   -2.050000e+01 -5.761177e+01 2.604489e+02
      vertex   -2.050000e+01 -4.130933e+01 2.606418e+02
    endloop
  endfacet
  facet normal 1.000000e+00 0.000000e+00 0.000000e+00
    outer loop
      vertex   -2.050000e+01 -4.130933e+01 2.606418e+02
      vertex   -2.050000e+01 -5.761177e+01 2.604489e+02
      vertex   -2.050000e+01 -5.725000e+01 2.602990e+02
    endloop
  endfacet
  facet normal 1.000000e+00 0.000000e+00 0.000000e+00
    outer loop
      vertex   -2.050000e+01 -4.130933e+01 2.606418e+02
      vertex   -2.050000e+01 -5.725000e+01 2.602990e+02
      vertex   -2.050000e+01 -4.164185e+01 2.603093e+02
    endloop
  endfacet
  facet normal 1.000000e+00 0.000000e+00 0.000000e+00
    outer loop
      vertex   -2.050000e+01 -4.164185e+01 2.603093e+02
      vertex   -2.050000e+01 -5.725000e+01 2.602990e+02
      vertex   -2.050000e+01 -5.693934e+01 2.600607e+02
    endloop
  endfacet
  facet normal 1.000000e+00 0.000000e+00 0.000000e+00
    outer loop
      vertex   -2.050000e+01 -4.164185e+01 2.603093e+02
      vertex   -2.050000e+01 -5.693934e+01 2.600607e+02
      vertex   -2.050000e+01 -4.189204e+01 2.599112e+02
    endloop
  endfacet
  facet normal 1.000000e+00 0.000000e+00 0.000000e+00
    outer loop
      vertex   -2.050000e+01 -4.189204e+01 2.599112e+02
      vertex   -2.050000e+01 -5.693934e+01 2.600607e+02
      vertex   -2.050000e+01 -5.670096e+01 2.597500e+02
    endloop
  endfacet
  facet normal 1.000000e+00 0.000000e+00 0.000000e+00
    outer loop
      vertex   -2.050000e+01 -4.189204e+01 2.599112e+02
      vertex   -2.050000e+01 -5.670096e+01 2.597500e+02
      vertex   -2.050000e+01 -4.204735e+01 2.594673e+02
    endloop
  endfacet
  facet normal 1.000000e+00 0.000000e+00 0.000000e+00
    outer loop
      vertex   -2.050000e+01 -4.204735e+01 2.594673e+02
      vertex   -2.050000e+01 -5.670096e+01 2.597500e+02
      vertex   -2.050000e+01 -5.655111e+01 2.593882e+02
    endloop
  endfacet
  facet normal 1.000000e+00 0.000000e+00 0.000000e+00
    outer loop
      vertex   -2.050000e+01 -4.204735e+01 2.594673e+02
      vertex   -2.050000e+01 -5.655111e+01 2.593882e+02
      vertex   -2.050000e+01 -4.210000e+01 2.590000e+02
    endloop
  endfacet
  facet normal 1.000000e+00 0.000000e+00 0.000000e+00
    outer loop
      vertex   -2.050000e+01 -4.210000e+01 2.590000e+02
      vertex   -2.050000e+01 -5.655111e+01 2.593882e+02
      vertex   -2.050000e+01 -5.650000e+01 2.590000e+02
    endloop
  endfacet
  facet normal 1.000000e+00 0.000000e+00 0.000000e+00
    outer loop
      vertex   -2.050000e+01 -4.210000e+01 2.590000e+02
      vertex   -2.050000e+01 -5.650000e+01 2.590000e+02
      vertex   -2.050000e+01 -5.655111e+01 2.586118e+02
    endloop
  endfacet
  facet normal 1.000000e+00 0.000000e+00 0.000000e+00
    outer loop
      vertex   -2.050000e+01 -4.210000e+01 2.590000e+02
      vertex   -2.050000e+01 -5.655111e+01 2.586118e+02
      vertex   -2.050000e+01 -4.204735e+01 2.585327e+02
    endloop
  endfacet
  facet normal 1.000000e+00 0.000000e+00 0.000000e+00
    outer loop
      vertex   -2.050000e+01 -4.204735e+01 2.585327e+02
      vertex   -2.050000e+01 -5.655111e+01 2.586118e+02
      vertex   -2.050000e+01 -5.670096e+01 2.582500e+02
    endloop
  endfacet
  facet normal 1.000000e+00 0.000000e+00 0.000000e+00
    outer loop
      vertex   -2.050000e+01 -4.204735e+01 2.585327e+02
      vertex   -2.050000e+01 -5.670096e+01 2.582500e+02
      vertex   -2.050000e+01 -4.189204e+01 2.580888e+02
    endloop
  endfacet
  facet normal 1.000000e+00 0.000000e+00 0.000000e+00
    outer loop
      vertex   -2.050000e+01 -4.189204e+01 2.580888e+02
      vertex   -2.050000e+01 -5.670096e+01 2.582500e+02
      vertex   -2.050000e+01 -5.693934e+01 2.579393e+02
    endloop
  endfacet
  facet normal 1.000000e+00 0.000000e+00 0.000000e+00
    outer loop
      vertex   -2.050000e+01 -4.189204e+01 2.580888e+02
      vertex   -2.050000e+01 -5.693934e+01 2.579393e+02
      vertex   -2.050000e+01 -4.164185e+01 2.576907e+02
    endloop
  endfacet
  facet normal 1.000000e+00 0.000000e+00 0.000000e+00
    outer loop
      vertex   -2.050000e+01 -4.164185e+01 2.576907e+02
      vertex   -2.050000e+01 -5.693934e+01 2.579393e+02
      vertex   -2.050000e+01 -5.725000e+01 2.577010e+02
    endloop
  endfacet
  facet normal 1.000000e+00 0.000000e+00 0.000000e+00
    outer loop
      vertex   -2.050000e+01 -4.164185e+01 2.576907e+02
      vertex   -2.050000e+01 -5.725000e+01 2.577010e+02
      vertex   -2.050000e+01 -4.130933e+01 2.573582e+02
    endloop
  endfacet
  facet normal 1.000000e+00 0.000000e+00 0.000000e+00
    outer loop
      vertex   -2.050000e+01 -4.130933e+01 2.573582e+02
      vertex   -2.050000e+01 -5.725000e+01 2.577010e+02
      vertex   -2.050000e+01 -5.761177e+01 2.575511e+02
    endloop
  endfacet
  facet normal 1.000000e+00 0.000000e+00 0.000000e+00
    outer loop
      vertex   -2.050000e+01 -4.130933e+01 2.573582e+02
      vertex   -2.050000e+01 -5.761177e+01 2.575511e+02
      vertex   -2.050000e+01 -4.091116e+01 2.571080e+02
    endloop
  endfacet
  facet normal 1.000000e+00 0.000000e+00 0.000000e+00
    outer loop
      vertex   -2.050000e+01 -4.091116e+01 2.571080e+02
      vertex   -2.050000e+01 -5.761177e+01 2.575511e+02
      vertex   -2.050000e+01 -4.046729e+01 2.569527e+02
    endloop
  endfacet
  facet normal 1.000000e+00 0.000000e+00 0.000000e+00
    outer loop
      vertex   -2.050000e+01 -4.046729e+01 2.569527e+02
      vertex   -2.050000e+01 -5.761177e+01 2.575511e+02
      vertex   -2.050000e+01 -5.800000e+01 2.575000e+02
    endloop
  endfacet
  facet normal 1.000000e+00 0.000000e+00 0.000000e+00
    outer loop
      vertex   -2.050000e+01 -4.046729e+01 2.569527e+02
      vertex   -2.050000e+01 -5.800000e+01 2.575000e+02
      vertex   -2.050000e+01 -7.350000e+01 2.539766e+02
    endloop
  endfacet
  facet normal 1.000000e+00 1.585230e-10 1.846119e-09
    outer loop
      vertex   -2.050000e+01 -7.350000e+01 2.639766e+02
      vertex   -2.050000e+01 -4.000000e+01 2.611000e+02
      vertex   -2.050000e+01 -2.650000e+01 2.639766e+02
    endloop
  endfacet
  facet normal 1.000000e+00 1.908917e-10 1.694210e-09
    outer loop
      vertex   -2.050000e+01 -2.650000e+01 2.639766e+02
      vertex   -2.050000e+01 -4.000000e+01 2.611000e+02
      vertex   -2.050000e+01 -3.953271e+01 2.610474e+02
    endloop
  endfacet
  facet normal 1.000000e+00 3.480931e-10 9.947930e-10
    outer loop
      vertex   -2.050000e+01 -2.650000e+01 2.639766e+02
      vertex   -2.050000e+01 -3.953271e+01 2.610474e+02
      vertex   -2.050000e+01 -3.908884e+01 2.608920e+02
    endloop
  endfacet
  facet normal 1.000000e+00 4.257990e-10 6.776553e-10
    outer loop
      vertex   -2.050000e+01 -3.908884e+01 2.608920e+02
      vertex   -2.050000e+01 -3.869067e+01 2.606418e+02
      vertex   -2.050000e+01 -2.650000e+01 2.639766e+02
    endloop
  endfacet
  facet normal 1.000000e+00 4.798958e-10 4.798958e-10
    outer loop
      vertex   -2.050000e+01 -2.650000e+01 2.639766e+02
      vertex   -2.050000e+01 -3.869067e+01 2.606418e+02
      vertex   -2.050000e+01 -3.835815e+01 2.603093e+02
    endloop
  endfacet
  facet normal 1.000000e+00 5.260801e-10 3.305580e-10
    outer loop
      vertex   -2.050000e+01 -2.650000e+01 2.639766e+02
      vertex   -2.050000e+01 -3.835815e+01 2.603093e+02
      vertex   -2.050000e+01 -3.810797e+01 2.599112e+02
    endloop
  endfacet
  facet normal 1.000000e+00 5.717792e-10 2.000742e-10
    outer loop
      vertex   -2.050000e+01 -3.810797e+01 2.599112e+02
      vertex   -2.050000e+01 -3.795265e+01 2.594673e+02
      vertex   -2.050000e+01 -2.650000e+01 2.639766e+02
    endloop
  endfacet
  facet normal 1.000000e+00 6.505551e-10 -1.155618e-24
    outer loop
      vertex   -2.050000e+01 -2.650000e+01 2.639766e+02
      vertex   -2.050000e+01 -3.795265e+01 2.594673e+02
      vertex   -2.050000e+01 -2.650000e+01 2.559766e+02
    endloop
  endfacet
  facet normal 1.000000e+00 6.736911e-10 7.590675e-11
    outer loop
      vertex   -2.050000e+01 -2.650000e+01 2.559766e+02
      vertex   -2.050000e+01 -3.795265e+01 2.594673e+02
      vertex   -2.050000e+01 -3.790000e+01 2.590000e+02
    endloop
  endfacet
  facet normal 1.000000e+00 6.345966e-10 -7.150186e-11
    outer loop
      vertex   -2.050000e+01 -2.650000e+01 2.559766e+02
      vertex   -2.050000e+01 -3.790000e+01 2.590000e+02
      vertex   -2.050000e+01 -3.795265e+01 2.585327e+02
    endloop
  endfacet
  facet normal 1.000000e+00 6.034287e-10 -2.111488e-10
    outer loop
      vertex   -2.050000e+01 -3.795265e+01 2.585327e+02
      vertex   -2.050000e+01 -3.810797e+01 2.580888e+02
      vertex   -2.050000e+01 -2.650000e+01 2.559766e+02
    endloop
  endfacet
  facet normal 1.000000e+00 5.759934e-10 -3.619206e-10
    outer loop
      vertex   -2.050000e+01 -2.650000e+01 2.559766e+02
      vertex   -2.050000e+01 -3.810797e+01 2.580888e+02
      vertex   -2.050000e+01 -3.835815e+01 2.576907e+02
    endloop
  endfacet
  facet normal 1.000000e+00 5.489574e-10 -5.489574e-10
    outer loop
      vertex   -2.050000e+01 -2.650000e+01 2.559766e+02
      vertex   -2.050000e+01 -3.835815e+01 2.576907e+02
      vertex   -2.050000e+01 -3.869067e+01 2.573582e+02
    endloop
  endfacet
  facet normal 1.000000e+00 5.177817e-10 -8.240449e-10
    outer loop
      vertex   -2.050000e+01 -3.869067e+01 2.573582e+02
      vertex   -2.050000e+01 -3.908884e+01 2.571080e+02
      vertex   -2.050000e+01 -2.650000e+01 2.559766e+02
    endloop
  endfacet
  facet normal 1.000000e+00 4.708959e-10 -1.345743e-09
    outer loop
      vertex   -2.050000e+01 -2.650000e+01 2.559766e+02
      vertex   -2.050000e+01 -3.908884e+01 2.571080e+02
      vertex   -2.050000e+01 -3.953271e+01 2.569527e+02
    endloop
  endfacet
  facet normal 1.000000e+00 1.841033e-09 1.694874e-08
    outer loop
      vertex   -2.050000e+01 -2.650000e+01 2.559766e+02
      vertex   -2.050000e+01 -3.953271e+01 2.569527e+02
      vertex   -2.050000e+01 -2.644986e+01 2.555315e+02
    endloop
  endfacet
  facet normal 1.000000e+00 0.000000e+00 0.000000e+00
    outer loop
      vertex   -2.050000e+01 -2.644986e+01 2.555315e+02
      vertex   -2.050000e+01 -3.953271e+01 2.569527e+02
      vertex   -2.050000e+01 -4.000000e+01 2.569000e+02
    endloop
  endfacet
  facet normal 1.000000e+00 0.000000e+00 0.000000e+00
    outer loop
      vertex   -2.050000e+01 -2.644986e+01 2.555315e+02
      vertex   -2.050000e+01 -4.000000e+01 2.569000e+02
      vertex   -2.050000e+01 -2.630194e+01 2.551088e+02
    endloop
  endfacet
  facet normal 1.000000e+00 0.000000e+00 0.000000e+00
    outer loop
      vertex   -2.050000e+01 -2.630194e+01 2.551088e+02
      vertex   -2.050000e+01 -4.000000e+01 2.569000e+02
      vertex   -2.050000e+01 -2.606366e+01 2.547296e+02
    endloop
  endfacet
  facet normal 1.000000e+00 0.000000e+00 0.000000e+00
    outer loop
      vertex   -2.050000e+01 -2.606366e+01 2.547296e+02
      vertex   -2.050000e+01 -4.000000e+01 2.569000e+02
      vertex   -2.050000e+01 -2.574698e+01 2.544129e+02
    endloop
  endfacet
  facet normal 1.000000e+00 0.000000e+00 0.000000e+00
    outer loop
      vertex   -2.050000e+01 -2.574698e+01 2.544129e+02
      vertex   -2.050000e+01 -4.000000e+01 2.569000e+02
      vertex   -2.050000e+01 -2.536777e+01 2.541747e+02
    endloop
  endfacet
  facet normal 1.000000e+00 0.000000e+00 0.000000e+00
    outer loop
      vertex   -2.050000e+01 -2.536777e+01 2.541747e+02
      vertex   -2.050000e+01 -4.000000e+01 2.569000e+02
      vertex   -2.050000e+01 -7.350000e+01 2.539766e+02
    endloop
  endfacet
  facet normal 1.000000e+00 0.000000e+00 0.000000e+00
    outer loop
      vertex   -2.050000e+01 -2.536777e+01 2.541747e+02
      vertex   -2.050000e+01 -7.350000e+01 2.539766e+02
      vertex   -2.050000e+01 -2.494504e+01 2.540267e+02
    endloop
  endfacet
  facet normal 1.000000e+00 0.000000e+00 0.000000e+00
    outer loop
      vertex   -2.050000e+01 -2.494504e+01 2.540267e+02
      vertex   -2.050000e+01 -7.350000e+01 2.539766e+02
      vertex   -2.050000e+01 -2.450000e+01 2.539766e+02
    endloop
  endfacet
  facet normal 1.000000e+00 0.000000e+00 0.000000e+00
    outer loop
      vertex   -2.050000e+01 -4.000000e+01 2.569000e+02
      vertex   -2.050000e+01 -4.046729e+01 2.569527e+02
      vertex   -2.050000e+01 -7.350000e+01 2.539766e+02
    endloop
  endfacet
  facet normal 2.991759e-15 0.000000e+00 -1.000000e+00
    outer loop
      vertex   -1.100000e+01 -2.450000e+01 2.539766e+02
      vertex   -2.050000e+01 -2.450000e+01 2.539766e+02
      vertex   -1.100000e+01 -1.700000e+01 2.539766e+02
    endloop
  endfacet
  facet normal 1.495879e-15 1.894781e-15 -1.000000e+00
    outer loop
      vertex   -1.100000e+01 -1.700000e+01 2.539766e+02
      vertex   -2.050000e+01 -2.450000e+01 2.539766e+02
      vertex   -3.000000e+01 -1.700000e+01 2.539766e+02
    endloop
  endfacet
  facet normal -1.191408e-15 -1.509117e-15 -1.000000e+00
    outer loop
      vertex   -3.000000e+01 -1.700000e+01 2.539766e+02
      vertex   -2.050000e+01 -2.450000e+01 2.539766e+02
      vertex   -3.000000e+01 -7.350000e+01 2.539766e+02
    endloop
  endfacet
  facet normal 0.000000e+00 -1.740105e-15 -1.000000e+00
    outer loop
      vertex   -3.000000e+01 -7.350000e+01 2.539766e+02
      vertex   -2.050000e+01 -2.450000e+01 2.539766e+02
      vertex   -2.050000e+01 -7.350000e+01 2.539766e+02
    endloop
  endfacet
endsolid
