solid ASCII
  facet normal 9.951678e-01 2.295967e-16 9.818865e-02
    outer loop
      vertex   -1.569588e+00 -5.758946e+01 2.566918e+02
      vertex   -1.600000e+00 -5.758304e+01 2.570000e+02
      vertex   -1.600000e+00 -6.529152e+01 2.570000e+02
    endloop
  endfacet
  facet normal 9.951678e-01 2.293284e-16 -9.818865e-02
    outer loop
      vertex   -1.600000e+00 -6.529152e+01 2.570000e+02
      vertex   -1.600000e+00 -5.758304e+01 2.570000e+02
      vertex   -1.569588e+00 -5.758946e+01 2.573082e+02
    endloop
  endfacet
  facet normal 9.932381e-01 7.241391e-04 -1.160929e-01
    outer loop
      vertex   -1.600000e+00 -6.529152e+01 2.570000e+02
      vertex   -1.569588e+00 -5.758946e+01 2.573082e+02
      vertex   -1.556872e+00 -6.529152e+01 2.573690e+02
    endloop
  endfacet
  facet normal 9.575959e-01 -6.915742e-04 -2.881140e-01
    outer loop
      vertex   -1.556872e+00 -6.529152e+01 2.573690e+02
      vertex   -1.569588e+00 -5.758946e+01 2.573082e+02
      vertex   -1.477882e+00 -5.760778e+01 2.576131e+02
    endloop
  endfacet
  facet normal 9.396919e-01 1.204941e-03 -3.420199e-01
    outer loop
      vertex   -1.556872e+00 -6.529152e+01 2.573690e+02
      vertex   -1.477882e+00 -5.760778e+01 2.576131e+02
      vertex   -1.429812e+00 -6.529152e+01 2.577181e+02
    endloop
  endfacet
  facet normal 8.803681e-01 -9.736821e-04 -4.742901e-01
    outer loop
      vertex   -1.429812e+00 -6.529152e+01 2.577181e+02
      vertex   -1.477882e+00 -5.760778e+01 2.576131e+02
      vertex   -1.327140e+00 -5.763549e+01 2.578929e+02
    endloop
  endfacet
  facet normal 8.354871e-01 1.346153e-03 -5.495085e-01
    outer loop
      vertex   -1.429812e+00 -6.529152e+01 2.577181e+02
      vertex   -1.327140e+00 -5.763549e+01 2.578929e+02
      vertex   -1.225671e+00 -6.529152e+01 2.580285e+02
    endloop
  endfacet
  facet normal 7.728049e-01 -9.915886e-04 -6.346430e-01
    outer loop
      vertex   -1.225671e+00 -6.529152e+01 2.580285e+02
      vertex   -1.327140e+00 -5.763549e+01 2.578929e+02
      vertex   -1.131398e+00 -5.766697e+01 2.581313e+02
    endloop
  endfacet
  facet normal 6.862410e-01 1.329996e-03 -7.273730e-01
    outer loop
      vertex   -1.225671e+00 -6.529152e+01 2.580285e+02
      vertex   -1.131398e+00 -5.766697e+01 2.581313e+02
      vertex   -9.554537e-01 -6.529152e+01 2.582834e+02
    endloop
  endfacet
  facet normal 6.345378e-01 -7.708631e-04 -7.728914e-01
    outer loop
      vertex   -9.554537e-01 -6.529152e+01 2.582834e+02
      vertex   -1.131398e+00 -5.766697e+01 2.581313e+02
      vertex   -8.929943e-01 -5.769832e+01 2.583271e+02
    endloop
  endfacet
  facet normal 4.999998e-01 8.718711e-04 -8.660251e-01
    outer loop
      vertex   -9.554537e-01 -6.529152e+01 2.582834e+02
      vertex   -8.929943e-01 -5.769832e+01 2.583271e+02
      vertex   -6.337276e-01 -6.529152e+01 2.584691e+02
    endloop
  endfacet
  facet normal 4.742250e-01 -2.771723e-04 -8.804036e-01
    outer loop
      vertex   -6.337276e-01 -6.529152e+01 2.584691e+02
      vertex   -8.929943e-01 -5.769832e+01 2.583271e+02
      vertex   -6.131154e-01 -5.772571e+01 2.584779e+02
    endloop
  endfacet
  facet normal 2.881078e-01 3.188611e-04 -9.575979e-01
    outer loop
      vertex   -6.337276e-01 -6.529152e+01 2.584691e+02
      vertex   -6.131154e-01 -5.772571e+01 2.584779e+02
      vertex   -3.082449e-01 -5.774372e+01 2.585696e+02
    endloop
  endfacet
  facet normal 2.868032e-01 3.803266e-04 -9.579894e-01
    outer loop
      vertex   -6.337276e-01 -6.529152e+01 2.584691e+02
      vertex   -3.082449e-01 -5.774372e+01 2.585696e+02
      vertex   -2.778371e-01 -6.529152e+01 2.585757e+02
    endloop
  endfacet
  facet normal 9.818505e-02 -4.096395e-04 -9.951681e-01
    outer loop
      vertex   -2.778371e-01 -6.529152e+01 2.585757e+02
      vertex   -3.082449e-01 -5.774372e+01 2.585696e+02
      vertex   4.967092e-15 -5.775000e+01 2.586000e+02
    endloop
  endfacet
  facet normal 5.814480e-02 1.075602e-03 -9.983076e-01
    outer loop
      vertex   -2.778371e-01 -6.529152e+01 2.585757e+02
      vertex   4.967092e-15 -5.775000e+01 2.586000e+02
      vertex   9.303173e-02 -6.529152e+01 2.585973e+02
    endloop
  endfacet
  facet normal -9.817605e-02 -8.538887e-04 -9.951687e-01
    outer loop
      vertex   9.303173e-02 -6.529152e+01 2.585973e+02
      vertex   4.967092e-15 -5.775000e+01 2.586000e+02
      vertex   3.082449e-01 -5.774372e+01 2.585696e+02
    endloop
  endfacet
  facet normal -1.736480e-01 1.336108e-03 -9.848069e-01
    outer loop
      vertex   9.303173e-02 -6.529152e+01 2.585973e+02
      vertex   3.082449e-01 -5.774372e+01 2.585696e+02
      vertex   4.588852e-01 -6.529152e+01 2.585328e+02
    endloop
  endfacet
  facet normal -2.880319e-01 -1.079343e-03 -9.576202e-01
    outer loop
      vertex   4.588852e-01 -6.529152e+01 2.585328e+02
      vertex   3.082449e-01 -5.774372e+01 2.585696e+02
      vertex   6.131154e-01 -5.772571e+01 2.584779e+02
    endloop
  endfacet
  facet normal -3.960794e-01 1.409245e-03 -9.182152e-01
    outer loop
      vertex   4.588852e-01 -6.529152e+01 2.585328e+02
      vertex   6.131154e-01 -5.772571e+01 2.584779e+02
      vertex   8.000000e-01 -6.529152e+01 2.583856e+02
    endloop
  endfacet
  facet normal -4.741715e-01 -9.802943e-04 -8.804320e-01
    outer loop
      vertex   8.000000e-01 -6.529152e+01 2.583856e+02
      vertex   6.131154e-01 -5.772571e+01 2.584779e+02
      vertex   8.929943e-01 -5.769832e+01 2.583271e+02
    endloop
  endfacet
  facet normal -5.971582e-01 1.129639e-03 -8.021227e-01
    outer loop
      vertex   8.000000e-01 -6.529152e+01 2.583856e+02
      vertex   8.929943e-01 -5.769832e+01 2.583271e+02
      vertex   1.097987e+00 -6.529152e+01 2.581638e+02
    endloop
  endfacet
  facet normal -6.345585e-01 -5.090784e-04 -7.728747e-01
    outer loop
      vertex   1.097987e+00 -6.529152e+01 2.581638e+02
      vertex   8.929943e-01 -5.769832e+01 2.583271e+02
      vertex   1.131398e+00 -5.766697e+01 2.581313e+02
    endloop
  endfacet
  facet normal -7.660443e-01 6.208217e-04 -6.427875e-01
    outer loop
      vertex   1.097987e+00 -6.529152e+01 2.581638e+02
      vertex   1.131398e+00 -5.766697e+01 2.581313e+02
      vertex   1.336780e+00 -6.529152e+01 2.578792e+02
    endloop
  endfacet
  facet normal -7.728801e-01 1.643566e-04 -6.345521e-01
    outer loop
      vertex   1.336780e+00 -6.529152e+01 2.578792e+02
      vertex   1.131398e+00 -5.766697e+01 2.581313e+02
      vertex   1.327140e+00 -5.763549e+01 2.578929e+02
    endloop
  endfacet
  facet normal -8.803980e-01 -2.584214e-04 -4.742355e-01
    outer loop
      vertex   1.336780e+00 -6.529152e+01 2.578792e+02
      vertex   1.327140e+00 -5.763549e+01 2.578929e+02
      vertex   1.477882e+00 -5.760778e+01 2.576131e+02
    endloop
  endfacet
  facet normal -8.936323e-01 8.656289e-04 -4.487990e-01
    outer loop
      vertex   1.336780e+00 -6.529152e+01 2.578792e+02
      vertex   1.477882e+00 -5.760778e+01 2.576131e+02
      vertex   1.503508e+00 -6.529152e+01 2.575472e+02
    endloop
  endfacet
  facet normal -9.575953e-01 -7.246984e-04 -2.881158e-01
    outer loop
      vertex   1.503508e+00 -6.529152e+01 2.575472e+02
      vertex   1.477882e+00 -5.760778e+01 2.576131e+02
      vertex   1.569588e+00 -5.758946e+01 2.573082e+02
    endloop
  endfacet
  facet normal -9.730442e-01 1.192106e-03 -2.306157e-01
    outer loop
      vertex   1.503508e+00 -6.529152e+01 2.575472e+02
      vertex   1.569588e+00 -5.758946e+01 2.573082e+02
      vertex   1.589181e+00 -6.529152e+01 2.571858e+02
    endloop
  endfacet
  facet normal -9.951654e-01 -9.698142e-04 -9.820860e-02
    outer loop
      vertex   1.589181e+00 -6.529152e+01 2.571858e+02
      vertex   1.569588e+00 -5.758946e+01 2.573082e+02
      vertex   1.600000e+00 -5.758304e+01 2.570000e+02
    endloop
  endfacet
  facet normal -9.999990e-01 1.403470e-03 0.000000e+00
    outer loop
      vertex   1.589181e+00 -6.529152e+01 2.571858e+02
      vertex   1.600000e+00 -5.758304e+01 2.570000e+02
      vertex   1.589181e+00 -6.529152e+01 2.568143e+02
    endloop
  endfacet
  facet normal -9.951654e-01 -9.698142e-04 9.820860e-02
    outer loop
      vertex   1.589181e+00 -6.529152e+01 2.568143e+02
      vertex   1.600000e+00 -5.758304e+01 2.570000e+02
      vertex   1.569588e+00 -5.758946e+01 2.566918e+02
    endloop
  endfacet
  facet normal -9.730442e-01 1.192106e-03 2.306157e-01
    outer loop
      vertex   1.589181e+00 -6.529152e+01 2.568143e+02
      vertex   1.569588e+00 -5.758946e+01 2.566918e+02
      vertex   1.503508e+00 -6.529152e+01 2.564528e+02
    endloop
  endfacet
  facet normal -9.575953e-01 -7.246984e-04 2.881158e-01
    outer loop
      vertex   1.503508e+00 -6.529152e+01 2.564528e+02
      vertex   1.569588e+00 -5.758946e+01 2.566918e+02
      vertex   1.477882e+00 -5.760778e+01 2.563869e+02
    endloop
  endfacet
  facet normal -8.936323e-01 8.656289e-04 4.487990e-01
    outer loop
      vertex   1.503508e+00 -6.529152e+01 2.564528e+02
      vertex   1.477882e+00 -5.760778e+01 2.563869e+02
      vertex   1.336780e+00 -6.529152e+01 2.561208e+02
    endloop
  endfacet
  facet normal -8.803980e-01 -2.584214e-04 4.742355e-01
    outer loop
      vertex   1.336780e+00 -6.529152e+01 2.561208e+02
      vertex   1.477882e+00 -5.760778e+01 2.563869e+02
      vertex   1.327140e+00 -5.763549e+01 2.561071e+02
    endloop
  endfacet
  facet normal -7.728801e-01 1.643566e-04 6.345521e-01
    outer loop
      vertex   1.336780e+00 -6.529152e+01 2.561208e+02
      vertex   1.327140e+00 -5.763549e+01 2.561071e+02
      vertex   1.131398e+00 -5.766697e+01 2.558687e+02
    endloop
  endfacet
  facet normal -7.660443e-01 6.208217e-04 6.427875e-01
    outer loop
      vertex   1.336780e+00 -6.529152e+01 2.561208e+02
      vertex   1.131398e+00 -5.766697e+01 2.558687e+02
      vertex   1.097987e+00 -6.529152e+01 2.558362e+02
    endloop
  endfacet
  facet normal -6.345585e-01 -5.090784e-04 7.728747e-01
    outer loop
      vertex   1.097987e+00 -6.529152e+01 2.558362e+02
      vertex   1.131398e+00 -5.766697e+01 2.558687e+02
      vertex   8.929943e-01 -5.769832e+01 2.556729e+02
    endloop
  endfacet
  facet normal -5.971582e-01 1.129639e-03 8.021227e-01
    outer loop
      vertex   1.097987e+00 -6.529152e+01 2.558362e+02
      vertex   8.929943e-01 -5.769832e+01 2.556729e+02
      vertex   8.000000e-01 -6.529152e+01 2.556144e+02
    endloop
  endfacet
  facet normal -4.741715e-01 -9.802943e-04 8.804320e-01
    outer loop
      vertex   8.000000e-01 -6.529152e+01 2.556144e+02
      vertex   8.929943e-01 -5.769832e+01 2.556729e+02
      vertex   6.131154e-01 -5.772571e+01 2.555221e+02
    endloop
  endfacet
  facet normal -3.960794e-01 1.409245e-03 9.182152e-01
    outer loop
      vertex   8.000000e-01 -6.529152e+01 2.556144e+02
      vertex   6.131154e-01 -5.772571e+01 2.555221e+02
      vertex   4.588852e-01 -6.529152e+01 2.554672e+02
    endloop
  endfacet
  facet normal -2.880319e-01 -1.079343e-03 9.576202e-01
    outer loop
      vertex   4.588852e-01 -6.529152e+01 2.554672e+02
      vertex   6.131154e-01 -5.772571e+01 2.555221e+02
      vertex   3.082449e-01 -5.774372e+01 2.554304e+02
    endloop
  endfacet
  facet normal -1.736480e-01 1.336108e-03 9.848069e-01
    outer loop
      vertex   4.588852e-01 -6.529152e+01 2.554672e+02
      vertex   3.082449e-01 -5.774372e+01 2.554304e+02
      vertex   9.303173e-02 -6.529152e+01 2.554027e+02
    endloop
  endfacet
  facet normal -9.817605e-02 -8.538887e-04 9.951687e-01
    outer loop
      vertex   9.303173e-02 -6.529152e+01 2.554027e+02
      vertex   3.082449e-01 -5.774372e+01 2.554304e+02
      vertex   5.973231e-15 -5.775000e+01 2.554000e+02
    endloop
  endfacet
  facet normal 5.814480e-02 1.075602e-03 9.983076e-01
    outer loop
      vertex   9.303173e-02 -6.529152e+01 2.554027e+02
      vertex   5.973231e-15 -5.775000e+01 2.554000e+02
      vertex   -2.778371e-01 -6.529152e+01 2.554243e+02
    endloop
  endfacet
  facet normal 9.818505e-02 -4.096395e-04 9.951681e-01
    outer loop
      vertex   -2.778371e-01 -6.529152e+01 2.554243e+02
      vertex   5.973231e-15 -5.775000e+01 2.554000e+02
      vertex   -3.082449e-01 -5.774372e+01 2.554304e+02
    endloop
  endfacet
  facet normal 2.868032e-01 3.803266e-04 9.579894e-01
    outer loop
      vertex   -2.778371e-01 -6.529152e+01 2.554243e+02
      vertex   -3.082449e-01 -5.774372e+01 2.554304e+02
      vertex   -6.337276e-01 -6.529152e+01 2.555309e+02
    endloop
  endfacet
  facet normal 2.881078e-01 3.188611e-04 9.575979e-01
    outer loop
      vertex   -6.337276e-01 -6.529152e+01 2.555309e+02
      vertex   -3.082449e-01 -5.774372e+01 2.554304e+02
      vertex   -6.131154e-01 -5.772571e+01 2.555221e+02
    endloop
  endfacet
  facet normal 4.742250e-01 -2.771723e-04 8.804036e-01
    outer loop
      vertex   -6.337276e-01 -6.529152e+01 2.555309e+02
      vertex   -6.131154e-01 -5.772571e+01 2.555221e+02
      vertex   -8.929943e-01 -5.769832e+01 2.556729e+02
    endloop
  endfacet
  facet normal 4.999998e-01 8.718711e-04 8.660251e-01
    outer loop
      vertex   -6.337276e-01 -6.529152e+01 2.555309e+02
      vertex   -8.929943e-01 -5.769832e+01 2.556729e+02
      vertex   -9.554537e-01 -6.529152e+01 2.557166e+02
    endloop
  endfacet
  facet normal 6.345378e-01 -7.708631e-04 7.728914e-01
    outer loop
      vertex   -9.554537e-01 -6.529152e+01 2.557166e+02
      vertex   -8.929943e-01 -5.769832e+01 2.556729e+02
      vertex   -1.131398e+00 -5.766697e+01 2.558687e+02
    endloop
  endfacet
  facet normal 6.862410e-01 1.329996e-03 7.273730e-01
    outer loop
      vertex   -9.554537e-01 -6.529152e+01 2.557166e+02
      vertex   -1.131398e+00 -5.766697e+01 2.558687e+02
      vertex   -1.225671e+00 -6.529152e+01 2.559715e+02
    endloop
  endfacet
  facet normal 7.728049e-01 -9.915886e-04 6.346430e-01
    outer loop
      vertex   -1.225671e+00 -6.529152e+01 2.559715e+02
      vertex   -1.131398e+00 -5.766697e+01 2.558687e+02
      vertex   -1.327140e+00 -5.763549e+01 2.561071e+02
    endloop
  endfacet
  facet normal 8.354871e-01 1.346153e-03 5.495085e-01
    outer loop
      vertex   -1.225671e+00 -6.529152e+01 2.559715e+02
      vertex   -1.327140e+00 -5.763549e+01 2.561071e+02
      vertex   -1.429812e+00 -6.529152e+01 2.562819e+02
    endloop
  endfacet
  facet normal 8.803681e-01 -9.736821e-04 4.742901e-01
    outer loop
      vertex   -1.429812e+00 -6.529152e+01 2.562819e+02
      vertex   -1.327140e+00 -5.763549e+01 2.561071e+02
      vertex   -1.477882e+00 -5.760778e+01 2.563869e+02
    endloop
  endfacet
  facet normal 9.396919e-01 1.204941e-03 3.420199e-01
    outer loop
      vertex   -1.429812e+00 -6.529152e+01 2.562819e+02
      vertex   -1.477882e+00 -5.760778e+01 2.563869e+02
      vertex   -1.556872e+00 -6.529152e+01 2.566310e+02
    endloop
  endfacet
  facet normal 9.575959e-01 -6.915742e-04 2.881140e-01
    outer loop
      vertex   -1.556872e+00 -6.529152e+01 2.566310e+02
      vertex   -1.477882e+00 -5.760778e+01 2.563869e+02
      vertex   -1.569588e+00 -5.758946e+01 2.566918e+02
    endloop
  endfacet
  facet normal 9.932381e-01 7.241391e-04 1.160929e-01
    outer loop
      vertex   -1.556872e+00 -6.529152e+01 2.566310e+02
      vertex   -1.569588e+00 -5.758946e+01 2.566918e+02
      vertex   -1.600000e+00 -6.529152e+01 2.570000e+02
    endloop
  endfacet
  facet normal 9.932384e-01 3.697076e-16 1.160929e-01
    outer loop
      vertex   -1.556872e+00 -7.300000e+01 2.566310e+02
      vertex   -1.556872e+00 -6.529152e+01 2.566310e+02
      vertex   -1.600000e+00 -7.300000e+01 2.570000e+02
    endloop
  endfacet
  facet normal 9.932384e-01 -4.005466e-16 1.160929e-01
    outer loop
      vertex   -1.600000e+00 -7.300000e+01 2.570000e+02
      vertex   -1.556872e+00 -6.529152e+01 2.566310e+02
      vertex   -1.600000e+00 -6.529152e+01 2.570000e+02
    endloop
  endfacet
  facet normal 9.932384e-01 -4.005466e-16 -1.160929e-01
    outer loop
      vertex   -1.600000e+00 -7.300000e+01 2.570000e+02
      vertex   -1.600000e+00 -6.529152e+01 2.570000e+02
      vertex   -1.556872e+00 -7.300000e+01 2.573690e+02
    endloop
  endfacet
  facet normal 9.932384e-01 -4.863780e-16 -1.160929e-01
    outer loop
      vertex   -1.556872e+00 -7.300000e+01 2.573690e+02
      vertex   -1.600000e+00 -6.529152e+01 2.570000e+02
      vertex   -1.556872e+00 -6.529152e+01 2.573690e+02
    endloop
  endfacet
  facet normal 9.396926e-01 -4.601572e-16 -3.420201e-01
    outer loop
      vertex   -1.556872e+00 -7.300000e+01 2.573690e+02
      vertex   -1.556872e+00 -6.529152e+01 2.573690e+02
      vertex   -1.429812e+00 -7.300000e+01 2.577181e+02
    endloop
  endfacet
  facet normal 9.396926e-01 -3.009330e-15 -3.420201e-01
    outer loop
      vertex   -1.429812e+00 -7.300000e+01 2.577181e+02
      vertex   -1.556872e+00 -6.529152e+01 2.573690e+02
      vertex   -1.429812e+00 -6.529152e+01 2.577181e+02
    endloop
  endfacet
  facet normal 8.354878e-01 -4.485352e-15 -5.495090e-01
    outer loop
      vertex   -1.429812e+00 -7.300000e+01 2.577181e+02
      vertex   -1.429812e+00 -6.529152e+01 2.577181e+02
      vertex   -1.225671e+00 -7.300000e+01 2.580285e+02
    endloop
  endfacet
  facet normal 8.354878e-01 -5.775942e-16 -5.495090e-01
    outer loop
      vertex   -1.225671e+00 -7.300000e+01 2.580285e+02
      vertex   -1.429812e+00 -6.529152e+01 2.577181e+02
      vertex   -1.225671e+00 -6.529152e+01 2.580285e+02
    endloop
  endfacet
  facet normal 6.862416e-01 -4.744165e-16 -7.273736e-01
    outer loop
      vertex   -1.225671e+00 -7.300000e+01 2.580285e+02
      vertex   -1.225671e+00 -6.529152e+01 2.580285e+02
      vertex   -9.554537e-01 -7.300000e+01 2.582834e+02
    endloop
  endfacet
  facet normal 6.862416e-01 -5.986428e-15 -7.273736e-01
    outer loop
      vertex   -9.554537e-01 -7.300000e+01 2.582834e+02
      vertex   -1.225671e+00 -6.529152e+01 2.580285e+02
      vertex   -9.554537e-01 -6.529152e+01 2.582834e+02
    endloop
  endfacet
  facet normal 5.000000e-01 -6.839876e-15 -8.660254e-01
    outer loop
      vertex   -9.554537e-01 -7.300000e+01 2.582834e+02
      vertex   -9.554537e-01 -6.529152e+01 2.582834e+02
      vertex   -6.337276e-01 -7.300000e+01 2.584691e+02
    endloop
  endfacet
  facet normal 5.000000e-01 -6.616635e-15 -8.660254e-01
    outer loop
      vertex   -6.337276e-01 -7.300000e+01 2.584691e+02
      vertex   -9.554537e-01 -6.529152e+01 2.582834e+02
      vertex   -6.337276e-01 -6.529152e+01 2.584691e+02
    endloop
  endfacet
  facet normal 2.868032e-01 -7.196533e-15 -9.579895e-01
    outer loop
      vertex   -6.337276e-01 -7.300000e+01 2.584691e+02
      vertex   -6.337276e-01 -6.529152e+01 2.584691e+02
      vertex   -2.778371e-01 -7.300000e+01 2.585757e+02
    endloop
  endfacet
  facet normal 2.868032e-01 -7.217186e-15 -9.579895e-01
    outer loop
      vertex   -2.778371e-01 -7.300000e+01 2.585757e+02
      vertex   -6.337276e-01 -6.529152e+01 2.584691e+02
      vertex   -2.778371e-01 -6.529152e+01 2.585757e+02
    endloop
  endfacet
  facet normal 5.814483e-02 -7.392650e-15 -9.983082e-01
    outer loop
      vertex   -2.778371e-01 -7.300000e+01 2.585757e+02
      vertex   -2.778371e-01 -6.529152e+01 2.585757e+02
      vertex   9.303173e-02 -7.300000e+01 2.585973e+02
    endloop
  endfacet
  facet normal 5.814483e-02 -7.384276e-15 -9.983082e-01
    outer loop
      vertex   9.303173e-02 -7.300000e+01 2.585973e+02
      vertex   -2.778371e-01 -6.529152e+01 2.585757e+02
      vertex   9.303173e-02 -6.529152e+01 2.585973e+02
    endloop
  endfacet
  facet normal -1.736482e-01 -7.194585e-15 -9.848078e-01
    outer loop
      vertex   9.303173e-02 -7.300000e+01 2.585973e+02
      vertex   9.303173e-02 -6.529152e+01 2.585973e+02
      vertex   4.588852e-01 -7.300000e+01 2.585328e+02
    endloop
  endfacet
  facet normal -1.736482e-01 -7.217094e-15 -9.848078e-01
    outer loop
      vertex   4.588852e-01 -7.300000e+01 2.585328e+02
      vertex   9.303173e-02 -6.529152e+01 2.585973e+02
      vertex   4.588852e-01 -6.529152e+01 2.585328e+02
    endloop
  endfacet
  facet normal -3.960798e-01 -6.668373e-15 -9.182161e-01
    outer loop
      vertex   4.588852e-01 -7.300000e+01 2.585328e+02
      vertex   4.588852e-01 -6.529152e+01 2.585328e+02
      vertex   8.000000e-01 -7.300000e+01 2.583856e+02
    endloop
  endfacet
  facet normal -3.960798e-01 -6.674077e-15 -9.182161e-01
    outer loop
      vertex   8.000000e-01 -7.300000e+01 2.583856e+02
      vertex   4.588852e-01 -6.529152e+01 2.585328e+02
      vertex   8.000000e-01 -6.529152e+01 2.583856e+02
    endloop
  endfacet
  facet normal -5.971586e-01 -5.768759e-15 -8.021232e-01
    outer loop
      vertex   8.000000e-01 -7.300000e+01 2.583856e+02
      vertex   8.000000e-01 -6.529152e+01 2.583856e+02
      vertex   1.097987e+00 -7.300000e+01 2.581638e+02
    endloop
  endfacet
  facet normal -5.971586e-01 2.580194e-16 -8.021232e-01
    outer loop
      vertex   1.097987e+00 -7.300000e+01 2.581638e+02
      vertex   8.000000e-01 -6.529152e+01 2.583856e+02
      vertex   1.097987e+00 -6.529152e+01 2.581638e+02
    endloop
  endfacet
  facet normal -7.660444e-01 3.309914e-16 -6.427876e-01
    outer loop
      vertex   1.097987e+00 -7.300000e+01 2.581638e+02
      vertex   1.097987e+00 -6.529152e+01 2.581638e+02
      vertex   1.336780e+00 -7.300000e+01 2.578792e+02
    endloop
  endfacet
  facet normal -7.660444e-01 -4.232486e-15 -6.427876e-01
    outer loop
      vertex   1.336780e+00 -7.300000e+01 2.578792e+02
      vertex   1.097987e+00 -6.529152e+01 2.581638e+02
      vertex   1.336780e+00 -6.529152e+01 2.578792e+02
    endloop
  endfacet
  facet normal -8.936326e-01 -2.717459e-15 -4.487992e-01
    outer loop
      vertex   1.336780e+00 -7.300000e+01 2.578792e+02
      vertex   1.336780e+00 -6.529152e+01 2.578792e+02
      vertex   1.503508e+00 -7.300000e+01 2.575472e+02
    endloop
  endfacet
  facet normal -8.936326e-01 2.574130e-16 -4.487992e-01
    outer loop
      vertex   1.503508e+00 -7.300000e+01 2.575472e+02
      vertex   1.336780e+00 -6.529152e+01 2.578792e+02
      vertex   1.503508e+00 -6.529152e+01 2.575472e+02
    endloop
  endfacet
  facet normal -9.730449e-01 2.802879e-16 -2.306159e-01
    outer loop
      vertex   1.503508e+00 -7.300000e+01 2.575472e+02
      vertex   1.503508e+00 -6.529152e+01 2.575472e+02
      vertex   1.589181e+00 -7.300000e+01 2.571858e+02
    endloop
  endfacet
  facet normal -9.730449e-01 4.764894e-16 -2.306159e-01
    outer loop
      vertex   1.589181e+00 -7.300000e+01 2.571858e+02
      vertex   1.503508e+00 -6.529152e+01 2.575472e+02
      vertex   1.589181e+00 -6.529152e+01 2.571858e+02
    endloop
  endfacet
  facet normal -1.000000e+00 4.896891e-16 0.000000e+00
    outer loop
      vertex   1.589181e+00 -7.300000e+01 2.571858e+02
      vertex   1.589181e+00 -6.529152e+01 2.571858e+02
      vertex   1.589181e+00 -7.300000e+01 2.568143e+02
    endloop
  endfacet
  facet normal -1.000000e+00 4.896891e-16 0.000000e+00
    outer loop
      vertex   1.589181e+00 -7.300000e+01 2.568143e+02
      vertex   1.589181e+00 -6.529152e+01 2.571858e+02
      vertex   1.589181e+00 -6.529152e+01 2.568143e+02
    endloop
  endfacet
  facet normal -9.730449e-01 2.177083e-15 2.306159e-01
    outer loop
      vertex   1.589181e+00 -7.300000e+01 2.568143e+02
      vertex   1.589181e+00 -6.529152e+01 2.568143e+02
      vertex   1.503508e+00 -7.300000e+01 2.564528e+02
    endloop
  endfacet
  facet normal -9.730449e-01 1.980882e-15 2.306159e-01
    outer loop
      vertex   1.503508e+00 -7.300000e+01 2.564528e+02
      vertex   1.589181e+00 -6.529152e+01 2.568143e+02
      vertex   1.503508e+00 -6.529152e+01 2.564528e+02
    endloop
  endfacet
  facet normal -8.936326e-01 3.566921e-15 4.487992e-01
    outer loop
      vertex   1.503508e+00 -7.300000e+01 2.564528e+02
      vertex   1.503508e+00 -6.529152e+01 2.564528e+02
      vertex   1.336780e+00 -7.300000e+01 2.561208e+02
    endloop
  endfacet
  facet normal -8.936326e-01 3.901558e-15 4.487992e-01
    outer loop
      vertex   1.336780e+00 -7.300000e+01 2.561208e+02
      vertex   1.503508e+00 -6.529152e+01 2.564528e+02
      vertex   1.336780e+00 -6.529152e+01 2.561208e+02
    endloop
  endfacet
  facet normal -7.660444e-01 5.247527e-15 6.427876e-01
    outer loop
      vertex   1.336780e+00 -7.300000e+01 2.561208e+02
      vertex   1.336780e+00 -6.529152e+01 2.561208e+02
      vertex   1.097987e+00 -7.300000e+01 2.558362e+02
    endloop
  endfacet
  facet normal -7.660444e-01 2.700995e-15 6.427876e-01
    outer loop
      vertex   1.097987e+00 -7.300000e+01 2.558362e+02
      vertex   1.336780e+00 -6.529152e+01 2.561208e+02
      vertex   1.097987e+00 -6.529152e+01 2.558362e+02
    endloop
  endfacet
  facet normal -5.971586e-01 3.215504e-15 8.021232e-01
    outer loop
      vertex   1.097987e+00 -7.300000e+01 2.558362e+02
      vertex   1.097987e+00 -6.529152e+01 2.558362e+02
      vertex   8.000000e-01 -7.300000e+01 2.556144e+02
    endloop
  endfacet
  facet normal -5.971586e-01 3.086495e-15 8.021232e-01
    outer loop
      vertex   8.000000e-01 -7.300000e+01 2.556144e+02
      vertex   1.097987e+00 -6.529152e+01 2.558362e+02
      vertex   8.000000e-01 -6.529152e+01 2.556144e+02
    endloop
  endfacet
  facet normal -3.960798e-01 3.471096e-15 9.182161e-01
    outer loop
      vertex   8.000000e-01 -7.300000e+01 2.556144e+02
      vertex   8.000000e-01 -6.529152e+01 2.556144e+02
      vertex   4.588852e-01 -7.300000e+01 2.554672e+02
    endloop
  endfacet
  facet normal -3.960798e-01 6.876590e-15 9.182161e-01
    outer loop
      vertex   4.588852e-01 -7.300000e+01 2.554672e+02
      vertex   8.000000e-01 -6.529152e+01 2.556144e+02
      vertex   4.588852e-01 -6.529152e+01 2.554672e+02
    endloop
  endfacet
  facet normal -1.736482e-01 7.308380e-15 9.848078e-01
    outer loop
      vertex   4.588852e-01 -7.300000e+01 2.554672e+02
      vertex   4.588852e-01 -6.529152e+01 2.554672e+02
      vertex   9.303173e-02 -7.300000e+01 2.554027e+02
    endloop
  endfacet
  facet normal -1.736482e-01 3.698895e-15 9.848078e-01
    outer loop
      vertex   9.303173e-02 -7.300000e+01 2.554027e+02
      vertex   4.588852e-01 -6.529152e+01 2.554672e+02
      vertex   9.303173e-02 -6.529152e+01 2.554027e+02
    endloop
  endfacet
  facet normal 5.814483e-02 3.658117e-15 9.983082e-01
    outer loop
      vertex   9.303173e-02 -7.300000e+01 2.554027e+02
      vertex   9.303173e-02 -6.529152e+01 2.554027e+02
      vertex   -2.778371e-01 -7.300000e+01 2.554243e+02
    endloop
  endfacet
  facet normal 5.814483e-02 3.650685e-15 9.983082e-01
    outer loop
      vertex   -2.778371e-01 -7.300000e+01 2.554243e+02
      vertex   9.303173e-02 -6.529152e+01 2.554027e+02
      vertex   -2.778371e-01 -6.529152e+01 2.554243e+02
    endloop
  endfacet
  facet normal 2.868032e-01 3.383469e-15 9.579895e-01
    outer loop
      vertex   -2.778371e-01 -7.300000e+01 2.554243e+02
      vertex   -2.778371e-01 -6.529152e+01 2.554243e+02
      vertex   -6.337276e-01 -7.300000e+01 2.555309e+02
    endloop
  endfacet
  facet normal 2.868032e-01 6.936298e-15 9.579895e-01
    outer loop
      vertex   -6.337276e-01 -7.300000e+01 2.555309e+02
      vertex   -2.778371e-01 -6.529152e+01 2.554243e+02
      vertex   -6.337276e-01 -6.529152e+01 2.555309e+02
    endloop
  endfacet
  facet normal 5.000000e-01 6.162953e-15 8.660254e-01
    outer loop
      vertex   -6.337276e-01 -7.300000e+01 2.555309e+02
      vertex   -6.337276e-01 -6.529152e+01 2.555309e+02
      vertex   -9.554537e-01 -7.300000e+01 2.557166e+02
    endloop
  endfacet
  facet normal 5.000000e-01 5.932511e-15 8.660254e-01
    outer loop
      vertex   -9.554537e-01 -7.300000e+01 2.557166e+02
      vertex   -6.337276e-01 -6.529152e+01 2.555309e+02
      vertex   -9.554537e-01 -6.529152e+01 2.557166e+02
    endloop
  endfacet
  facet normal 6.862416e-01 4.741084e-15 7.273736e-01
    outer loop
      vertex   -9.554537e-01 -7.300000e+01 2.557166e+02
      vertex   -9.554537e-01 -6.529152e+01 2.557166e+02
      vertex   -1.225671e+00 -7.300000e+01 2.559715e+02
    endloop
  endfacet
  facet normal 6.862416e-01 2.207461e-15 7.273736e-01
    outer loop
      vertex   -1.225671e+00 -7.300000e+01 2.559715e+02
      vertex   -9.554537e-01 -6.529152e+01 2.557166e+02
      vertex   -1.225671e+00 -6.529152e+01 2.559715e+02
    endloop
  endfacet
  facet normal 8.354878e-01 1.448484e-15 5.495090e-01
    outer loop
      vertex   -1.225671e+00 -7.300000e+01 2.559715e+02
      vertex   -1.225671e+00 -6.529152e+01 2.559715e+02
      vertex   -1.429812e+00 -7.300000e+01 2.562819e+02
    endloop
  endfacet
  facet normal 8.354878e-01 3.618961e-15 5.495090e-01
    outer loop
      vertex   -1.429812e+00 -7.300000e+01 2.562819e+02
      vertex   -1.225671e+00 -6.529152e+01 2.559715e+02
      vertex   -1.429812e+00 -6.529152e+01 2.562819e+02
    endloop
  endfacet
  facet normal 9.396926e-01 2.034880e-15 3.420201e-01
    outer loop
      vertex   -1.429812e+00 -7.300000e+01 2.562819e+02
      vertex   -1.429812e+00 -6.529152e+01 2.562819e+02
      vertex   -1.556872e+00 -7.300000e+01 2.566310e+02
    endloop
  endfacet
  facet normal 9.396926e-01 2.061948e-15 3.420201e-01
    outer loop
      vertex   -1.556872e+00 -7.300000e+01 2.566310e+02
      vertex   -1.429812e+00 -6.529152e+01 2.562819e+02
      vertex   -1.556872e+00 -6.529152e+01 2.566310e+02
    endloop
  endfacet
  facet normal -0.000000e+00 -9.989139e-01 -4.659377e-02
    outer loop
      vertex   2.000000e+01 -4.650000e+01 2.605588e+02
      vertex   2.000000e+01 -4.651584e+01 2.608983e+02
      vertex   1.700000e+01 -4.650000e+01 2.605588e+02
    endloop
  endfacet
  facet normal 0.000000e+00 -9.989139e-01 -4.659377e-02
    outer loop
      vertex   1.700000e+01 -4.650000e+01 2.605588e+02
      vertex   2.000000e+01 -4.651584e+01 2.608983e+02
      vertex   1.700000e+01 -4.651584e+01 2.608983e+02
    endloop
  endfacet
  facet normal 0.000000e+00 -9.896507e-01 -1.434972e-01
    outer loop
      vertex   1.700000e+01 -4.651584e+01 2.608983e+02
      vertex   2.000000e+01 -4.651584e+01 2.608983e+02
      vertex   2.000000e+01 -4.656449e+01 2.612339e+02
    endloop
  endfacet
  facet normal 0.000000e+00 -9.896507e-01 -1.434972e-01
    outer loop
      vertex   1.700000e+01 -4.651584e+01 2.608983e+02
      vertex   2.000000e+01 -4.656449e+01 2.612339e+02
      vertex   1.700000e+01 -4.656449e+01 2.612339e+02
    endloop
  endfacet
  facet normal 0.000000e+00 -9.702338e-01 -2.421700e-01
    outer loop
      vertex   1.700000e+01 -4.656449e+01 2.612339e+02
      vertex   2.000000e+01 -4.656449e+01 2.612339e+02
      vertex   2.000000e+01 -4.664767e+01 2.615671e+02
    endloop
  endfacet
  facet normal 0.000000e+00 -9.702338e-01 -2.421700e-01
    outer loop
      vertex   1.700000e+01 -4.656449e+01 2.612339e+02
      vertex   2.000000e+01 -4.664767e+01 2.615671e+02
      vertex   1.700000e+01 -4.664767e+01 2.615671e+02
    endloop
  endfacet
  facet normal 0.000000e+00 -9.411952e-01 -3.378633e-01
    outer loop
      vertex   1.700000e+01 -4.664767e+01 2.615671e+02
      vertex   2.000000e+01 -4.664767e+01 2.615671e+02
      vertex   2.000000e+01 -4.676711e+01 2.618998e+02
    endloop
  endfacet
  facet normal 0.000000e+00 -9.411952e-01 -3.378633e-01
    outer loop
      vertex   1.700000e+01 -4.664767e+01 2.615671e+02
      vertex   2.000000e+01 -4.676711e+01 2.618998e+02
      vertex   1.700000e+01 -4.676711e+01 2.618998e+02
    endloop
  endfacet
  facet normal 0.000000e+00 -9.040029e-01 -4.275263e-01
    outer loop
      vertex   1.700000e+01 -4.676711e+01 2.618998e+02
      vertex   2.000000e+01 -4.676711e+01 2.618998e+02
      vertex   2.000000e+01 -4.691808e+01 2.622191e+02
    endloop
  endfacet
  facet normal 0.000000e+00 -9.040029e-01 -4.275263e-01
    outer loop
      vertex   1.700000e+01 -4.676711e+01 2.618998e+02
      vertex   2.000000e+01 -4.691808e+01 2.622191e+02
      vertex   1.700000e+01 -4.691808e+01 2.622191e+02
    endloop
  endfacet
  facet normal 0.000000e+00 -8.568577e-01 -5.155530e-01
    outer loop
      vertex   1.700000e+01 -4.691808e+01 2.622191e+02
      vertex   2.000000e+01 -4.691808e+01 2.622191e+02
      vertex   2.000000e+01 -4.709484e+01 2.625128e+02
    endloop
  endfacet
  facet normal 0.000000e+00 -8.568577e-01 -5.155530e-01
    outer loop
      vertex   1.700000e+01 -4.691808e+01 2.622191e+02
      vertex   2.000000e+01 -4.709484e+01 2.625128e+02
      vertex   1.700000e+01 -4.709484e+01 2.625128e+02
    endloop
  endfacet
  facet normal 0.000000e+00 -8.009185e-01 -5.987733e-01
    outer loop
      vertex   1.700000e+01 -4.709484e+01 2.625128e+02
      vertex   2.000000e+01 -4.709484e+01 2.625128e+02
      vertex   2.000000e+01 -4.729723e+01 2.627836e+02
    endloop
  endfacet
  facet normal 0.000000e+00 -8.009185e-01 -5.987733e-01
    outer loop
      vertex   1.700000e+01 -4.709484e+01 2.625128e+02
      vertex   2.000000e+01 -4.729723e+01 2.627836e+02
      vertex   1.700000e+01 -4.729723e+01 2.627836e+02
    endloop
  endfacet
  facet normal 0.000000e+00 -7.391590e-01 -6.735309e-01
    outer loop
      vertex   1.700000e+01 -4.729723e+01 2.627836e+02
      vertex   2.000000e+01 -4.729723e+01 2.627836e+02
      vertex   2.000000e+01 -4.752513e+01 2.630337e+02
    endloop
  endfacet
  facet normal 0.000000e+00 -7.391590e-01 -6.735309e-01
    outer loop
      vertex   1.700000e+01 -4.729723e+01 2.627836e+02
      vertex   2.000000e+01 -4.752513e+01 2.630337e+02
      vertex   1.700000e+01 -4.752513e+01 2.630337e+02
    endloop
  endfacet
  facet normal 0.000000e+00 -6.735331e-01 -7.391571e-01
    outer loop
      vertex   1.700000e+01 -4.752513e+01 2.630337e+02
      vertex   2.000000e+01 -4.752513e+01 2.630337e+02
      vertex   2.000000e+01 -4.777522e+01 2.632616e+02
    endloop
  endfacet
  facet normal 0.000000e+00 -6.735331e-01 -7.391571e-01
    outer loop
      vertex   1.700000e+01 -4.752513e+01 2.630337e+02
      vertex   2.000000e+01 -4.777522e+01 2.632616e+02
      vertex   1.700000e+01 -4.777522e+01 2.632616e+02
    endloop
  endfacet
  facet normal 0.000000e+00 -5.987767e-01 -8.009160e-01
    outer loop
      vertex   1.700000e+01 -4.777522e+01 2.632616e+02
      vertex   2.000000e+01 -4.777522e+01 2.632616e+02
      vertex   2.000000e+01 -4.804594e+01 2.634639e+02
    endloop
  endfacet
  facet normal 0.000000e+00 -5.987767e-01 -8.009160e-01
    outer loop
      vertex   1.700000e+01 -4.777522e+01 2.632616e+02
      vertex   2.000000e+01 -4.804594e+01 2.634639e+02
      vertex   1.700000e+01 -4.804594e+01 2.634639e+02
    endloop
  endfacet
  facet normal 0.000000e+00 -5.155544e-01 -8.568569e-01
    outer loop
      vertex   1.700000e+01 -4.804594e+01 2.634639e+02
      vertex   2.000000e+01 -4.804594e+01 2.634639e+02
      vertex   2.000000e+01 -4.833971e+01 2.636407e+02
    endloop
  endfacet
  facet normal 0.000000e+00 -5.155544e-01 -8.568569e-01
    outer loop
      vertex   1.700000e+01 -4.804594e+01 2.634639e+02
      vertex   2.000000e+01 -4.833971e+01 2.636407e+02
      vertex   1.700000e+01 -4.833971e+01 2.636407e+02
    endloop
  endfacet
  facet normal 0.000000e+00 -4.275256e-01 -9.040032e-01
    outer loop
      vertex   1.700000e+01 -4.833971e+01 2.636407e+02
      vertex   2.000000e+01 -4.833971e+01 2.636407e+02
      vertex   2.000000e+01 -4.865896e+01 2.637917e+02
    endloop
  endfacet
  facet normal 0.000000e+00 -4.275256e-01 -9.040032e-01
    outer loop
      vertex   1.700000e+01 -4.833971e+01 2.636407e+02
      vertex   2.000000e+01 -4.865896e+01 2.637917e+02
      vertex   1.700000e+01 -4.865896e+01 2.637917e+02
    endloop
  endfacet
  facet normal 0.000000e+00 -3.378622e-01 -9.411956e-01
    outer loop
      vertex   1.700000e+01 -4.865896e+01 2.637917e+02
      vertex   2.000000e+01 -4.865896e+01 2.637917e+02
      vertex   2.000000e+01 -4.899167e+01 2.639111e+02
    endloop
  endfacet
  facet normal 0.000000e+00 -3.378622e-01 -9.411956e-01
    outer loop
      vertex   1.700000e+01 -4.865896e+01 2.637917e+02
      vertex   2.000000e+01 -4.899167e+01 2.639111e+02
      vertex   1.700000e+01 -4.899167e+01 2.639111e+02
    endloop
  endfacet
  facet normal 0.000000e+00 -2.421669e-01 -9.702346e-01
    outer loop
      vertex   1.700000e+01 -4.899167e+01 2.639111e+02
      vertex   2.000000e+01 -4.899167e+01 2.639111e+02
      vertex   2.000000e+01 -4.932495e+01 2.639943e+02
    endloop
  endfacet
  facet normal 0.000000e+00 -2.421669e-01 -9.702346e-01
    outer loop
      vertex   1.700000e+01 -4.899167e+01 2.639111e+02
      vertex   2.000000e+01 -4.932495e+01 2.639943e+02
      vertex   1.700000e+01 -4.932495e+01 2.639943e+02
    endloop
  endfacet
  facet normal 0.000000e+00 -1.434926e-01 -9.896514e-01
    outer loop
      vertex   1.700000e+01 -4.932495e+01 2.639943e+02
      vertex   2.000000e+01 -4.932495e+01 2.639943e+02
      vertex   2.000000e+01 -4.966049e+01 2.640429e+02
    endloop
  endfacet
  facet normal 0.000000e+00 -1.434926e-01 -9.896514e-01
    outer loop
      vertex   1.700000e+01 -4.932495e+01 2.639943e+02
      vertex   2.000000e+01 -4.966049e+01 2.640429e+02
      vertex   1.700000e+01 -4.966049e+01 2.640429e+02
    endloop
  endfacet
  facet normal 0.000000e+00 -4.659111e-02 -9.989140e-01
    outer loop
      vertex   1.700000e+01 -4.966049e+01 2.640429e+02
      vertex   2.000000e+01 -4.966049e+01 2.640429e+02
      vertex   2.000000e+01 -5.000000e+01 2.640588e+02
    endloop
  endfacet
  facet normal 0.000000e+00 -4.659111e-02 -9.989140e-01
    outer loop
      vertex   1.700000e+01 -4.966049e+01 2.640429e+02
      vertex   2.000000e+01 -5.000000e+01 2.640588e+02
      vertex   1.700000e+01 -5.000000e+01 2.640588e+02
    endloop
  endfacet
  facet normal 0.000000e+00 4.659111e-02 -9.989140e-01
    outer loop
      vertex   1.700000e+01 -5.000000e+01 2.640588e+02
      vertex   2.000000e+01 -5.000000e+01 2.640588e+02
      vertex   2.000000e+01 -5.033951e+01 2.640429e+02
    endloop
  endfacet
  facet normal 0.000000e+00 4.659111e-02 -9.989140e-01
    outer loop
      vertex   1.700000e+01 -5.000000e+01 2.640588e+02
      vertex   2.000000e+01 -5.033951e+01 2.640429e+02
      vertex   1.700000e+01 -5.033951e+01 2.640429e+02
    endloop
  endfacet
  facet normal 0.000000e+00 1.434926e-01 -9.896514e-01
    outer loop
      vertex   1.700000e+01 -5.033951e+01 2.640429e+02
      vertex   2.000000e+01 -5.033951e+01 2.640429e+02
      vertex   2.000000e+01 -5.067505e+01 2.639943e+02
    endloop
  endfacet
  facet normal 0.000000e+00 1.434926e-01 -9.896514e-01
    outer loop
      vertex   1.700000e+01 -5.033951e+01 2.640429e+02
      vertex   2.000000e+01 -5.067505e+01 2.639943e+02
      vertex   1.700000e+01 -5.067505e+01 2.639943e+02
    endloop
  endfacet
  facet normal 0.000000e+00 2.421669e-01 -9.702346e-01
    outer loop
      vertex   1.700000e+01 -5.067505e+01 2.639943e+02
      vertex   2.000000e+01 -5.067505e+01 2.639943e+02
      vertex   2.000000e+01 -5.100833e+01 2.639111e+02
    endloop
  endfacet
  facet normal 0.000000e+00 2.421669e-01 -9.702346e-01
    outer loop
      vertex   1.700000e+01 -5.067505e+01 2.639943e+02
      vertex   2.000000e+01 -5.100833e+01 2.639111e+02
      vertex   1.700000e+01 -5.100833e+01 2.639111e+02
    endloop
  endfacet
  facet normal 0.000000e+00 3.378622e-01 -9.411956e-01
    outer loop
      vertex   1.700000e+01 -5.100833e+01 2.639111e+02
      vertex   2.000000e+01 -5.100833e+01 2.639111e+02
      vertex   2.000000e+01 -5.134104e+01 2.637917e+02
    endloop
  endfacet
  facet normal 0.000000e+00 3.378622e-01 -9.411956e-01
    outer loop
      vertex   1.700000e+01 -5.100833e+01 2.639111e+02
      vertex   2.000000e+01 -5.134104e+01 2.637917e+02
      vertex   1.700000e+01 -5.134104e+01 2.637917e+02
    endloop
  endfacet
  facet normal 0.000000e+00 4.275256e-01 -9.040033e-01
    outer loop
      vertex   1.700000e+01 -5.134104e+01 2.637917e+02
      vertex   2.000000e+01 -5.134104e+01 2.637917e+02
      vertex   2.000000e+01 -5.166029e+01 2.636407e+02
    endloop
  endfacet
  facet normal 0.000000e+00 4.275256e-01 -9.040033e-01
    outer loop
      vertex   1.700000e+01 -5.134104e+01 2.637917e+02
      vertex   2.000000e+01 -5.166029e+01 2.636407e+02
      vertex   1.700000e+01 -5.166029e+01 2.636407e+02
    endloop
  endfacet
  facet normal 0.000000e+00 5.155544e-01 -8.568569e-01
    outer loop
      vertex   1.700000e+01 -5.166029e+01 2.636407e+02
      vertex   2.000000e+01 -5.166029e+01 2.636407e+02
      vertex   2.000000e+01 -5.195406e+01 2.634639e+02
    endloop
  endfacet
  facet normal 0.000000e+00 5.155544e-01 -8.568569e-01
    outer loop
      vertex   1.700000e+01 -5.166029e+01 2.636407e+02
      vertex   2.000000e+01 -5.195406e+01 2.634639e+02
      vertex   1.700000e+01 -5.195406e+01 2.634639e+02
    endloop
  endfacet
  facet normal 0.000000e+00 5.987767e-01 -8.009160e-01
    outer loop
      vertex   1.700000e+01 -5.195406e+01 2.634639e+02
      vertex   2.000000e+01 -5.195406e+01 2.634639e+02
      vertex   2.000000e+01 -5.222478e+01 2.632616e+02
    endloop
  endfacet
  facet normal 0.000000e+00 5.987767e-01 -8.009160e-01
    outer loop
      vertex   1.700000e+01 -5.195406e+01 2.634639e+02
      vertex   2.000000e+01 -5.222478e+01 2.632616e+02
      vertex   1.700000e+01 -5.222478e+01 2.632616e+02
    endloop
  endfacet
  facet normal 0.000000e+00 6.735331e-01 -7.391571e-01
    outer loop
      vertex   1.700000e+01 -5.222478e+01 2.632616e+02
      vertex   2.000000e+01 -5.222478e+01 2.632616e+02
      vertex   2.000000e+01 -5.247487e+01 2.630337e+02
    endloop
  endfacet
  facet normal 0.000000e+00 6.735331e-01 -7.391571e-01
    outer loop
      vertex   1.700000e+01 -5.222478e+01 2.632616e+02
      vertex   2.000000e+01 -5.247487e+01 2.630337e+02
      vertex   1.700000e+01 -5.247487e+01 2.630337e+02
    endloop
  endfacet
  facet normal 0.000000e+00 7.391590e-01 -6.735309e-01
    outer loop
      vertex   1.700000e+01 -5.247487e+01 2.630337e+02
      vertex   2.000000e+01 -5.247487e+01 2.630337e+02
      vertex   2.000000e+01 -5.270277e+01 2.627836e+02
    endloop
  endfacet
  facet normal 0.000000e+00 7.391590e-01 -6.735309e-01
    outer loop
      vertex   1.700000e+01 -5.247487e+01 2.630337e+02
      vertex   2.000000e+01 -5.270277e+01 2.627836e+02
      vertex   1.700000e+01 -5.270277e+01 2.627836e+02
    endloop
  endfacet
  facet normal 0.000000e+00 8.009185e-01 -5.987733e-01
    outer loop
      vertex   1.700000e+01 -5.270277e+01 2.627836e+02
      vertex   2.000000e+01 -5.270277e+01 2.627836e+02
      vertex   2.000000e+01 -5.290516e+01 2.625128e+02
    endloop
  endfacet
  facet normal 0.000000e+00 8.009185e-01 -5.987733e-01
    outer loop
      vertex   1.700000e+01 -5.270277e+01 2.627836e+02
      vertex   2.000000e+01 -5.290516e+01 2.625128e+02
      vertex   1.700000e+01 -5.290516e+01 2.625128e+02
    endloop
  endfacet
  facet normal 0.000000e+00 8.568577e-01 -5.155530e-01
    outer loop
      vertex   1.700000e+01 -5.290516e+01 2.625128e+02
      vertex   2.000000e+01 -5.290516e+01 2.625128e+02
      vertex   2.000000e+01 -5.308192e+01 2.622191e+02
    endloop
  endfacet
  facet normal 0.000000e+00 8.568577e-01 -5.155530e-01
    outer loop
      vertex   1.700000e+01 -5.290516e+01 2.625128e+02
      vertex   2.000000e+01 -5.308192e+01 2.622191e+02
      vertex   1.700000e+01 -5.308192e+01 2.622191e+02
    endloop
  endfacet
  facet normal 0.000000e+00 9.040029e-01 -4.275263e-01
    outer loop
      vertex   1.700000e+01 -5.308192e+01 2.622191e+02
      vertex   2.000000e+01 -5.308192e+01 2.622191e+02
      vertex   2.000000e+01 -5.323289e+01 2.618998e+02
    endloop
  endfacet
  facet normal 0.000000e+00 9.040029e-01 -4.275263e-01
    outer loop
      vertex   1.700000e+01 -5.308192e+01 2.622191e+02
      vertex   2.000000e+01 -5.323289e+01 2.618998e+02
      vertex   1.700000e+01 -5.323289e+01 2.618998e+02
    endloop
  endfacet
  facet normal 0.000000e+00 9.411952e-01 -3.378633e-01
    outer loop
      vertex   1.700000e+01 -5.323289e+01 2.618998e+02
      vertex   2.000000e+01 -5.323289e+01 2.618998e+02
      vertex   2.000000e+01 -5.335232e+01 2.615671e+02
    endloop
  endfacet
  facet normal 0.000000e+00 9.411952e-01 -3.378633e-01
    outer loop
      vertex   1.700000e+01 -5.323289e+01 2.618998e+02
      vertex   2.000000e+01 -5.335232e+01 2.615671e+02
      vertex   1.700000e+01 -5.335232e+01 2.615671e+02
    endloop
  endfacet
  facet normal 0.000000e+00 9.702338e-01 -2.421700e-01
    outer loop
      vertex   1.700000e+01 -5.335232e+01 2.615671e+02
      vertex   2.000000e+01 -5.335232e+01 2.615671e+02
      vertex   2.000000e+01 -5.343551e+01 2.612339e+02
    endloop
  endfacet
  facet normal 0.000000e+00 9.702338e-01 -2.421700e-01
    outer loop
      vertex   1.700000e+01 -5.335232e+01 2.615671e+02
      vertex   2.000000e+01 -5.343551e+01 2.612339e+02
      vertex   1.700000e+01 -5.343551e+01 2.612339e+02
    endloop
  endfacet
  facet normal 0.000000e+00 9.896507e-01 -1.434972e-01
    outer loop
      vertex   1.700000e+01 -5.343551e+01 2.612339e+02
      vertex   2.000000e+01 -5.343551e+01 2.612339e+02
      vertex   2.000000e+01 -5.348416e+01 2.608983e+02
    endloop
  endfacet
  facet normal 0.000000e+00 9.896507e-01 -1.434972e-01
    outer loop
      vertex   1.700000e+01 -5.343551e+01 2.612339e+02
      vertex   2.000000e+01 -5.348416e+01 2.608983e+02
      vertex   1.700000e+01 -5.348416e+01 2.608983e+02
    endloop
  endfacet
  facet normal 0.000000e+00 9.989139e-01 -4.659377e-02
    outer loop
      vertex   1.700000e+01 -5.348416e+01 2.608983e+02
      vertex   2.000000e+01 -5.348416e+01 2.608983e+02
      vertex   2.000000e+01 -5.350000e+01 2.605588e+02
    endloop
  endfacet
  facet normal 0.000000e+00 9.989139e-01 -4.659377e-02
    outer loop
      vertex   1.700000e+01 -5.348416e+01 2.608983e+02
      vertex   2.000000e+01 -5.350000e+01 2.605588e+02
      vertex   1.700000e+01 -5.350000e+01 2.605588e+02
    endloop
  endfacet
  facet normal -0.000000e+00 9.989139e-01 4.659377e-02
    outer loop
      vertex   1.700000e+01 -5.350000e+01 2.605588e+02
      vertex   2.000000e+01 -5.350000e+01 2.605588e+02
      vertex   2.000000e+01 -5.348416e+01 2.602193e+02
    endloop
  endfacet
  facet normal 0.000000e+00 9.989139e-01 4.659377e-02
    outer loop
      vertex   1.700000e+01 -5.350000e+01 2.605588e+02
      vertex   2.000000e+01 -5.348416e+01 2.602193e+02
      vertex   1.700000e+01 -5.348416e+01 2.602193e+02
    endloop
  endfacet
  facet normal -0.000000e+00 9.896507e-01 1.434972e-01
    outer loop
      vertex   1.700000e+01 -5.348416e+01 2.602193e+02
      vertex   2.000000e+01 -5.348416e+01 2.602193e+02
      vertex   2.000000e+01 -5.343551e+01 2.598837e+02
    endloop
  endfacet
  facet normal 0.000000e+00 9.896507e-01 1.434972e-01
    outer loop
      vertex   1.700000e+01 -5.348416e+01 2.602193e+02
      vertex   2.000000e+01 -5.343551e+01 2.598837e+02
      vertex   1.700000e+01 -5.343551e+01 2.598837e+02
    endloop
  endfacet
  facet normal -0.000000e+00 9.702338e-01 2.421700e-01
    outer loop
      vertex   1.700000e+01 -5.343551e+01 2.598837e+02
      vertex   2.000000e+01 -5.343551e+01 2.598837e+02
      vertex   2.000000e+01 -5.335232e+01 2.595504e+02
    endloop
  endfacet
  facet normal 0.000000e+00 9.702338e-01 2.421700e-01
    outer loop
      vertex   1.700000e+01 -5.343551e+01 2.598837e+02
      vertex   2.000000e+01 -5.335232e+01 2.595504e+02
      vertex   1.700000e+01 -5.335232e+01 2.595504e+02
    endloop
  endfacet
  facet normal -0.000000e+00 9.411952e-01 3.378633e-01
    outer loop
      vertex   1.700000e+01 -5.335232e+01 2.595504e+02
      vertex   2.000000e+01 -5.335232e+01 2.595504e+02
      vertex   2.000000e+01 -5.323289e+01 2.592177e+02
    endloop
  endfacet
  facet normal 0.000000e+00 9.411952e-01 3.378633e-01
    outer loop
      vertex   1.700000e+01 -5.335232e+01 2.595504e+02
      vertex   2.000000e+01 -5.323289e+01 2.592177e+02
      vertex   1.700000e+01 -5.323289e+01 2.592177e+02
    endloop
  endfacet
  facet normal -0.000000e+00 9.040029e-01 4.275263e-01
    outer loop
      vertex   1.700000e+01 -5.323289e+01 2.592177e+02
      vertex   2.000000e+01 -5.323289e+01 2.592177e+02
      vertex   2.000000e+01 -5.308192e+01 2.588985e+02
    endloop
  endfacet
  facet normal 0.000000e+00 9.040029e-01 4.275263e-01
    outer loop
      vertex   1.700000e+01 -5.323289e+01 2.592177e+02
      vertex   2.000000e+01 -5.308192e+01 2.588985e+02
      vertex   1.700000e+01 -5.308192e+01 2.588985e+02
    endloop
  endfacet
  facet normal -0.000000e+00 8.568577e-01 5.155530e-01
    outer loop
      vertex   1.700000e+01 -5.308192e+01 2.588985e+02
      vertex   2.000000e+01 -5.308192e+01 2.588985e+02
      vertex   2.000000e+01 -5.290516e+01 2.586047e+02
    endloop
  endfacet
  facet normal 0.000000e+00 8.568577e-01 5.155530e-01
    outer loop
      vertex   1.700000e+01 -5.308192e+01 2.588985e+02
      vertex   2.000000e+01 -5.290516e+01 2.586047e+02
      vertex   1.700000e+01 -5.290516e+01 2.586047e+02
    endloop
  endfacet
  facet normal -0.000000e+00 8.009185e-01 5.987733e-01
    outer loop
      vertex   1.700000e+01 -5.290516e+01 2.586047e+02
      vertex   2.000000e+01 -5.290516e+01 2.586047e+02
      vertex   2.000000e+01 -5.270277e+01 2.583340e+02
    endloop
  endfacet
  facet normal 0.000000e+00 8.009185e-01 5.987733e-01
    outer loop
      vertex   1.700000e+01 -5.290516e+01 2.586047e+02
      vertex   2.000000e+01 -5.270277e+01 2.583340e+02
      vertex   1.700000e+01 -5.270277e+01 2.583340e+02
    endloop
  endfacet
  facet normal -0.000000e+00 7.391590e-01 6.735309e-01
    outer loop
      vertex   1.700000e+01 -5.270277e+01 2.583340e+02
      vertex   2.000000e+01 -5.270277e+01 2.583340e+02
      vertex   2.000000e+01 -5.247487e+01 2.580839e+02
    endloop
  endfacet
  facet normal 0.000000e+00 7.391590e-01 6.735309e-01
    outer loop
      vertex   1.700000e+01 -5.270277e+01 2.583340e+02
      vertex   2.000000e+01 -5.247487e+01 2.580839e+02
      vertex   1.700000e+01 -5.247487e+01 2.580839e+02
    endloop
  endfacet
  facet normal -0.000000e+00 6.735331e-01 7.391571e-01
    outer loop
      vertex   1.700000e+01 -5.247487e+01 2.580839e+02
      vertex   2.000000e+01 -5.247487e+01 2.580839e+02
      vertex   2.000000e+01 -5.222478e+01 2.578560e+02
    endloop
  endfacet
  facet normal 0.000000e+00 6.735331e-01 7.391571e-01
    outer loop
      vertex   1.700000e+01 -5.247487e+01 2.580839e+02
      vertex   2.000000e+01 -5.222478e+01 2.578560e+02
      vertex   1.700000e+01 -5.222478e+01 2.578560e+02
    endloop
  endfacet
  facet normal -0.000000e+00 5.987767e-01 8.009160e-01
    outer loop
      vertex   1.700000e+01 -5.222478e+01 2.578560e+02
      vertex   2.000000e+01 -5.222478e+01 2.578560e+02
      vertex   2.000000e+01 -5.195406e+01 2.576536e+02
    endloop
  endfacet
  facet normal 0.000000e+00 5.987767e-01 8.009160e-01
    outer loop
      vertex   1.700000e+01 -5.222478e+01 2.578560e+02
      vertex   2.000000e+01 -5.195406e+01 2.576536e+02
      vertex   1.700000e+01 -5.195406e+01 2.576536e+02
    endloop
  endfacet
  facet normal -0.000000e+00 5.155544e-01 8.568569e-01
    outer loop
      vertex   1.700000e+01 -5.195406e+01 2.576536e+02
      vertex   2.000000e+01 -5.195406e+01 2.576536e+02
      vertex   2.000000e+01 -5.166029e+01 2.574769e+02
    endloop
  endfacet
  facet normal 0.000000e+00 5.155544e-01 8.568569e-01
    outer loop
      vertex   1.700000e+01 -5.195406e+01 2.576536e+02
      vertex   2.000000e+01 -5.166029e+01 2.574769e+02
      vertex   1.700000e+01 -5.166029e+01 2.574769e+02
    endloop
  endfacet
  facet normal -0.000000e+00 4.275256e-01 9.040033e-01
    outer loop
      vertex   1.700000e+01 -5.166029e+01 2.574769e+02
      vertex   2.000000e+01 -5.166029e+01 2.574769e+02
      vertex   2.000000e+01 -5.134104e+01 2.573259e+02
    endloop
  endfacet
  facet normal 0.000000e+00 4.275256e-01 9.040033e-01
    outer loop
      vertex   1.700000e+01 -5.166029e+01 2.574769e+02
      vertex   2.000000e+01 -5.134104e+01 2.573259e+02
      vertex   1.700000e+01 -5.134104e+01 2.573259e+02
    endloop
  endfacet
  facet normal -0.000000e+00 3.378622e-01 9.411956e-01
    outer loop
      vertex   1.700000e+01 -5.134104e+01 2.573259e+02
      vertex   2.000000e+01 -5.134104e+01 2.573259e+02
      vertex   2.000000e+01 -5.100833e+01 2.572065e+02
    endloop
  endfacet
  facet normal 0.000000e+00 3.378622e-01 9.411956e-01
    outer loop
      vertex   1.700000e+01 -5.134104e+01 2.573259e+02
      vertex   2.000000e+01 -5.100833e+01 2.572065e+02
      vertex   1.700000e+01 -5.100833e+01 2.572065e+02
    endloop
  endfacet
  facet normal -0.000000e+00 2.421669e-01 9.702346e-01
    outer loop
      vertex   1.700000e+01 -5.100833e+01 2.572065e+02
      vertex   2.000000e+01 -5.100833e+01 2.572065e+02
      vertex   2.000000e+01 -5.067505e+01 2.571233e+02
    endloop
  endfacet
  facet normal 0.000000e+00 2.421669e-01 9.702346e-01
    outer loop
      vertex   1.700000e+01 -5.100833e+01 2.572065e+02
      vertex   2.000000e+01 -5.067505e+01 2.571233e+02
      vertex   1.700000e+01 -5.067505e+01 2.571233e+02
    endloop
  endfacet
  facet normal -0.000000e+00 1.434926e-01 9.896514e-01
    outer loop
      vertex   1.700000e+01 -5.067505e+01 2.571233e+02
      vertex   2.000000e+01 -5.067505e+01 2.571233e+02
      vertex   2.000000e+01 -5.033951e+01 2.570746e+02
    endloop
  endfacet
  facet normal 0.000000e+00 1.434926e-01 9.896514e-01
    outer loop
      vertex   1.700000e+01 -5.067505e+01 2.571233e+02
      vertex   2.000000e+01 -5.033951e+01 2.570746e+02
      vertex   1.700000e+01 -5.033951e+01 2.570746e+02
    endloop
  endfacet
  facet normal -0.000000e+00 4.659111e-02 9.989140e-01
    outer loop
      vertex   1.700000e+01 -5.033951e+01 2.570746e+02
      vertex   2.000000e+01 -5.033951e+01 2.570746e+02
      vertex   2.000000e+01 -5.000000e+01 2.570588e+02
    endloop
  endfacet
  facet normal 0.000000e+00 4.659111e-02 9.989140e-01
    outer loop
      vertex   1.700000e+01 -5.033951e+01 2.570746e+02
      vertex   2.000000e+01 -5.000000e+01 2.570588e+02
      vertex   1.700000e+01 -5.000000e+01 2.570588e+02
    endloop
  endfacet
  facet normal 0.000000e+00 -4.659111e-02 9.989140e-01
    outer loop
      vertex   1.700000e+01 -5.000000e+01 2.570588e+02
      vertex   2.000000e+01 -5.000000e+01 2.570588e+02
      vertex   2.000000e+01 -4.966049e+01 2.570746e+02
    endloop
  endfacet
  facet normal 0.000000e+00 -4.659111e-02 9.989140e-01
    outer loop
      vertex   1.700000e+01 -5.000000e+01 2.570588e+02
      vertex   2.000000e+01 -4.966049e+01 2.570746e+02
      vertex   1.700000e+01 -4.966049e+01 2.570746e+02
    endloop
  endfacet
  facet normal 0.000000e+00 -1.434926e-01 9.896514e-01
    outer loop
      vertex   1.700000e+01 -4.966049e+01 2.570746e+02
      vertex   2.000000e+01 -4.966049e+01 2.570746e+02
      vertex   2.000000e+01 -4.932495e+01 2.571233e+02
    endloop
  endfacet
  facet normal 0.000000e+00 -1.434926e-01 9.896514e-01
    outer loop
      vertex   1.700000e+01 -4.966049e+01 2.570746e+02
      vertex   2.000000e+01 -4.932495e+01 2.571233e+02
      vertex   1.700000e+01 -4.932495e+01 2.571233e+02
    endloop
  endfacet
  facet normal 0.000000e+00 -2.421669e-01 9.702346e-01
    outer loop
      vertex   1.700000e+01 -4.932495e+01 2.571233e+02
      vertex   2.000000e+01 -4.932495e+01 2.571233e+02
      vertex   2.000000e+01 -4.899167e+01 2.572065e+02
    endloop
  endfacet
  facet normal 0.000000e+00 -2.421669e-01 9.702346e-01
    outer loop
      vertex   1.700000e+01 -4.932495e+01 2.571233e+02
      vertex   2.000000e+01 -4.899167e+01 2.572065e+02
      vertex   1.700000e+01 -4.899167e+01 2.572065e+02
    endloop
  endfacet
  facet normal 0.000000e+00 -3.378622e-01 9.411956e-01
    outer loop
      vertex   1.700000e+01 -4.899167e+01 2.572065e+02
      vertex   2.000000e+01 -4.899167e+01 2.572065e+02
      vertex   2.000000e+01 -4.865896e+01 2.573259e+02
    endloop
  endfacet
  facet normal 0.000000e+00 -3.378622e-01 9.411956e-01
    outer loop
      vertex   1.700000e+01 -4.899167e+01 2.572065e+02
      vertex   2.000000e+01 -4.865896e+01 2.573259e+02
      vertex   1.700000e+01 -4.865896e+01 2.573259e+02
    endloop
  endfacet
  facet normal 0.000000e+00 -4.275256e-01 9.040032e-01
    outer loop
      vertex   1.700000e+01 -4.865896e+01 2.573259e+02
      vertex   2.000000e+01 -4.865896e+01 2.573259e+02
      vertex   2.000000e+01 -4.833971e+01 2.574769e+02
    endloop
  endfacet
  facet normal 0.000000e+00 -4.275256e-01 9.040032e-01
    outer loop
      vertex   1.700000e+01 -4.865896e+01 2.573259e+02
      vertex   2.000000e+01 -4.833971e+01 2.574769e+02
      vertex   1.700000e+01 -4.833971e+01 2.574769e+02
    endloop
  endfacet
  facet normal 0.000000e+00 -5.155544e-01 8.568569e-01
    outer loop
      vertex   1.700000e+01 -4.833971e+01 2.574769e+02
      vertex   2.000000e+01 -4.833971e+01 2.574769e+02
      vertex   2.000000e+01 -4.804594e+01 2.576536e+02
    endloop
  endfacet
  facet normal 0.000000e+00 -5.155544e-01 8.568569e-01
    outer loop
      vertex   1.700000e+01 -4.833971e+01 2.574769e+02
      vertex   2.000000e+01 -4.804594e+01 2.576536e+02
      vertex   1.700000e+01 -4.804594e+01 2.576536e+02
    endloop
  endfacet
  facet normal 0.000000e+00 -5.987767e-01 8.009160e-01
    outer loop
      vertex   1.700000e+01 -4.804594e+01 2.576536e+02
      vertex   2.000000e+01 -4.804594e+01 2.576536e+02
      vertex   2.000000e+01 -4.777522e+01 2.578560e+02
    endloop
  endfacet
  facet normal 0.000000e+00 -5.987767e-01 8.009160e-01
    outer loop
      vertex   1.700000e+01 -4.804594e+01 2.576536e+02
      vertex   2.000000e+01 -4.777522e+01 2.578560e+02
      vertex   1.700000e+01 -4.777522e+01 2.578560e+02
    endloop
  endfacet
  facet normal 0.000000e+00 -6.735331e-01 7.391571e-01
    outer loop
      vertex   1.700000e+01 -4.777522e+01 2.578560e+02
      vertex   2.000000e+01 -4.777522e+01 2.578560e+02
      vertex   2.000000e+01 -4.752513e+01 2.580839e+02
    endloop
  endfacet
  facet normal 0.000000e+00 -6.735331e-01 7.391571e-01
    outer loop
      vertex   1.700000e+01 -4.777522e+01 2.578560e+02
      vertex   2.000000e+01 -4.752513e+01 2.580839e+02
      vertex   1.700000e+01 -4.752513e+01 2.580839e+02
    endloop
  endfacet
  facet normal 0.000000e+00 -7.391590e-01 6.735309e-01
    outer loop
      vertex   1.700000e+01 -4.752513e+01 2.580839e+02
      vertex   2.000000e+01 -4.752513e+01 2.580839e+02
      vertex   2.000000e+01 -4.729723e+01 2.583340e+02
    endloop
  endfacet
  facet normal 0.000000e+00 -7.391590e-01 6.735309e-01
    outer loop
      vertex   1.700000e+01 -4.752513e+01 2.580839e+02
      vertex   2.000000e+01 -4.729723e+01 2.583340e+02
      vertex   1.700000e+01 -4.729723e+01 2.583340e+02
    endloop
  endfacet
  facet normal 0.000000e+00 -8.009185e-01 5.987733e-01
    outer loop
      vertex   1.700000e+01 -4.729723e+01 2.583340e+02
      vertex   2.000000e+01 -4.729723e+01 2.583340e+02
      vertex   2.000000e+01 -4.709484e+01 2.586047e+02
    endloop
  endfacet
  facet normal 0.000000e+00 -8.009185e-01 5.987733e-01
    outer loop
      vertex   1.700000e+01 -4.729723e+01 2.583340e+02
      vertex   2.000000e+01 -4.709484e+01 2.586047e+02
      vertex   1.700000e+01 -4.709484e+01 2.586047e+02
    endloop
  endfacet
  facet normal 0.000000e+00 -8.568577e-01 5.155530e-01
    outer loop
      vertex   1.700000e+01 -4.709484e+01 2.586047e+02
      vertex   2.000000e+01 -4.709484e+01 2.586047e+02
      vertex   2.000000e+01 -4.691808e+01 2.588985e+02
    endloop
  endfacet
  facet normal 0.000000e+00 -8.568577e-01 5.155530e-01
    outer loop
      vertex   1.700000e+01 -4.709484e+01 2.586047e+02
      vertex   2.000000e+01 -4.691808e+01 2.588985e+02
      vertex   1.700000e+01 -4.691808e+01 2.588985e+02
    endloop
  endfacet
  facet normal 0.000000e+00 -9.040029e-01 4.275263e-01
    outer loop
      vertex   1.700000e+01 -4.691808e+01 2.588985e+02
      vertex   2.000000e+01 -4.691808e+01 2.588985e+02
      vertex   2.000000e+01 -4.676711e+01 2.592177e+02
    endloop
  endfacet
  facet normal 0.000000e+00 -9.040029e-01 4.275263e-01
    outer loop
      vertex   1.700000e+01 -4.691808e+01 2.588985e+02
      vertex   2.000000e+01 -4.676711e+01 2.592177e+02
      vertex   1.700000e+01 -4.676711e+01 2.592177e+02
    endloop
  endfacet
  facet normal 0.000000e+00 -9.411952e-01 3.378633e-01
    outer loop
      vertex   1.700000e+01 -4.676711e+01 2.592177e+02
      vertex   2.000000e+01 -4.676711e+01 2.592177e+02
      vertex   2.000000e+01 -4.664767e+01 2.595504e+02
    endloop
  endfacet
  facet normal 0.000000e+00 -9.411952e-01 3.378633e-01
    outer loop
      vertex   1.700000e+01 -4.676711e+01 2.592177e+02
      vertex   2.000000e+01 -4.664767e+01 2.595504e+02
      vertex   1.700000e+01 -4.664767e+01 2.595504e+02
    endloop
  endfacet
  facet normal 0.000000e+00 -9.702338e-01 2.421700e-01
    outer loop
      vertex   1.700000e+01 -4.664767e+01 2.595504e+02
      vertex   2.000000e+01 -4.664767e+01 2.595504e+02
      vertex   2.000000e+01 -4.656449e+01 2.598837e+02
    endloop
  endfacet
  facet normal 0.000000e+00 -9.702338e-01 2.421700e-01
    outer loop
      vertex   1.700000e+01 -4.664767e+01 2.595504e+02
      vertex   2.000000e+01 -4.656449e+01 2.598837e+02
      vertex   1.700000e+01 -4.656449e+01 2.598837e+02
    endloop
  endfacet
  facet normal 0.000000e+00 -9.896507e-01 1.434972e-01
    outer loop
      vertex   1.700000e+01 -4.656449e+01 2.598837e+02
      vertex   2.000000e+01 -4.656449e+01 2.598837e+02
      vertex   2.000000e+01 -4.651584e+01 2.602193e+02
    endloop
  endfacet
  facet normal 0.000000e+00 -9.896507e-01 1.434972e-01
    outer loop
      vertex   1.700000e+01 -4.656449e+01 2.598837e+02
      vertex   2.000000e+01 -4.651584e+01 2.602193e+02
      vertex   1.700000e+01 -4.651584e+01 2.602193e+02
    endloop
  endfacet
  facet normal 0.000000e+00 -9.989139e-01 4.659377e-02
    outer loop
      vertex   1.700000e+01 -4.651584e+01 2.602193e+02
      vertex   2.000000e+01 -4.651584e+01 2.602193e+02
      vertex   2.000000e+01 -4.650000e+01 2.605588e+02
    endloop
  endfacet
  facet normal 0.000000e+00 -9.989139e-01 4.659377e-02
    outer loop
      vertex   1.700000e+01 -4.651584e+01 2.602193e+02
      vertex   2.000000e+01 -4.650000e+01 2.605588e+02
      vertex   1.700000e+01 -4.650000e+01 2.605588e+02
    endloop
  endfacet
  facet normal 1.000000e+00 -3.038041e-15 -4.914590e-14
    outer loop
      vertex   1.700000e+01 -4.852849e+01 2.602714e+02
      vertex   1.700000e+01 -4.651584e+01 2.602193e+02
      vertex   1.700000e+01 -4.850000e+01 2.605588e+02
    endloop
  endfacet
  facet normal 1.000000e+00 5.329071e-15 -2.485715e-16
    outer loop
      vertex   1.700000e+01 -4.850000e+01 2.605588e+02
      vertex   1.700000e+01 -4.651584e+01 2.602193e+02
      vertex   1.700000e+01 -4.650000e+01 2.605588e+02
    endloop
  endfacet
  facet normal 1.000000e+00 5.329071e-15 2.485715e-16
    outer loop
      vertex   1.700000e+01 -4.850000e+01 2.605588e+02
      vertex   1.700000e+01 -4.650000e+01 2.605588e+02
      vertex   1.700000e+01 -4.651584e+01 2.608983e+02
    endloop
  endfacet
  facet normal 1.000000e+00 -1.758581e-15 2.549903e-16
    outer loop
      vertex   1.700000e+01 -4.651584e+01 2.602193e+02
      vertex   1.700000e+01 -4.852849e+01 2.602714e+02
      vertex   1.700000e+01 -4.656449e+01 2.598837e+02
    endloop
  endfacet
  facet normal 1.000000e+00 -1.727076e-15 4.145981e-16
    outer loop
      vertex   1.700000e+01 -4.656449e+01 2.598837e+02
      vertex   1.700000e+01 -4.852849e+01 2.602714e+02
      vertex   1.700000e+01 -4.856059e+01 2.601377e+02
    endloop
  endfacet
  facet normal 1.000000e+00 -1.725044e-15 4.305702e-16
    outer loop
      vertex   1.700000e+01 -4.656449e+01 2.598837e+02
      vertex   1.700000e+01 -4.856059e+01 2.601377e+02
      vertex   1.700000e+01 -4.664767e+01 2.595504e+02
    endloop
  endfacet
  facet normal 1.000000e+00 4.726236e-15 2.144552e-14
    outer loop
      vertex   1.700000e+01 -4.664767e+01 2.595504e+02
      vertex   1.700000e+01 -4.856059e+01 2.601377e+02
      vertex   1.700000e+01 -4.861365e+01 2.599837e+02
    endloop
  endfacet
  facet normal 1.000000e+00 0.000000e+00 0.000000e+00
    outer loop
      vertex   1.700000e+01 -4.664767e+01 2.595504e+02
      vertex   1.700000e+01 -4.861365e+01 2.599837e+02
      vertex   1.700000e+01 -4.676711e+01 2.592177e+02
    endloop
  endfacet
  facet normal 1.000000e+00 0.000000e+00 0.000000e+00
    outer loop
      vertex   1.700000e+01 -4.676711e+01 2.592177e+02
      vertex   1.700000e+01 -4.861365e+01 2.599837e+02
      vertex   1.700000e+01 -4.866411e+01 2.598760e+02
    endloop
  endfacet
  facet normal 1.000000e+00 0.000000e+00 0.000000e+00
    outer loop
      vertex   1.700000e+01 -4.676711e+01 2.592177e+02
      vertex   1.700000e+01 -4.866411e+01 2.598760e+02
      vertex   1.700000e+01 -4.691808e+01 2.588985e+02
    endloop
  endfacet
  facet normal 1.000000e+00 0.000000e+00 0.000000e+00
    outer loop
      vertex   1.700000e+01 -4.691808e+01 2.588985e+02
      vertex   1.700000e+01 -4.866411e+01 2.598760e+02
      vertex   1.700000e+01 -4.873936e+01 2.597466e+02
    endloop
  endfacet
  facet normal 1.000000e+00 0.000000e+00 0.000000e+00
    outer loop
      vertex   1.700000e+01 -4.691808e+01 2.588985e+02
      vertex   1.700000e+01 -4.873936e+01 2.597466e+02
      vertex   1.700000e+01 -4.709484e+01 2.586047e+02
    endloop
  endfacet
  facet normal 1.000000e+00 0.000000e+00 0.000000e+00
    outer loop
      vertex   1.700000e+01 -4.709484e+01 2.586047e+02
      vertex   1.700000e+01 -4.873936e+01 2.597466e+02
      vertex   1.700000e+01 -4.729723e+01 2.583340e+02
    endloop
  endfacet
  facet normal 1.000000e+00 0.000000e+00 0.000000e+00
    outer loop
      vertex   1.700000e+01 -4.729723e+01 2.583340e+02
      vertex   1.700000e+01 -4.873936e+01 2.597466e+02
      vertex   1.700000e+01 -4.893934e+01 2.594981e+02
    endloop
  endfacet
  facet normal 1.000000e+00 0.000000e+00 0.000000e+00
    outer loop
      vertex   1.700000e+01 -4.729723e+01 2.583340e+02
      vertex   1.700000e+01 -4.893934e+01 2.594981e+02
      vertex   1.700000e+01 -4.752513e+01 2.580839e+02
    endloop
  endfacet
  facet normal 1.000000e+00 0.000000e+00 0.000000e+00
    outer loop
      vertex   1.700000e+01 -4.752513e+01 2.580839e+02
      vertex   1.700000e+01 -4.893934e+01 2.594981e+02
      vertex   1.700000e+01 -4.777522e+01 2.578560e+02
    endloop
  endfacet
  facet normal 1.000000e+00 0.000000e+00 0.000000e+00
    outer loop
      vertex   1.700000e+01 -4.777522e+01 2.578560e+02
      vertex   1.700000e+01 -4.893934e+01 2.594981e+02
      vertex   1.700000e+01 -4.914368e+01 2.593269e+02
    endloop
  endfacet
  facet normal 1.000000e+00 0.000000e+00 0.000000e+00
    outer loop
      vertex   1.700000e+01 -4.777522e+01 2.578560e+02
      vertex   1.700000e+01 -4.914368e+01 2.593269e+02
      vertex   1.700000e+01 -4.804594e+01 2.576536e+02
    endloop
  endfacet
  facet normal 1.000000e+00 0.000000e+00 0.000000e+00
    outer loop
      vertex   1.700000e+01 -4.804594e+01 2.576536e+02
      vertex   1.700000e+01 -4.914368e+01 2.593269e+02
      vertex   1.700000e+01 -4.927398e+01 2.592460e+02
    endloop
  endfacet
  facet normal 1.000000e+00 0.000000e+00 0.000000e+00
    outer loop
      vertex   1.700000e+01 -4.804594e+01 2.576536e+02
      vertex   1.700000e+01 -4.927398e+01 2.592460e+02
      vertex   1.700000e+01 -4.833971e+01 2.574769e+02
    endloop
  endfacet
  facet normal 1.000000e+00 0.000000e+00 0.000000e+00
    outer loop
      vertex   1.700000e+01 -4.833971e+01 2.574769e+02
      vertex   1.700000e+01 -4.927398e+01 2.592460e+02
      vertex   1.700000e+01 -4.942527e+01 2.591733e+02
    endloop
  endfacet
  facet normal 1.000000e+00 0.000000e+00 0.000000e+00
    outer loop
      vertex   1.700000e+01 -4.833971e+01 2.574769e+02
      vertex   1.700000e+01 -4.942527e+01 2.591733e+02
      vertex   1.700000e+01 -4.865896e+01 2.573259e+02
    endloop
  endfacet
  facet normal 1.000000e+00 9.294119e-15 3.855299e-15
    outer loop
      vertex   1.700000e+01 -4.865896e+01 2.573259e+02
      vertex   1.700000e+01 -4.942527e+01 2.591733e+02
      vertex   1.700000e+01 -4.899167e+01 2.572065e+02
    endloop
  endfacet
  facet normal 1.000000e+00 -5.167252e-16 1.692422e-15
    outer loop
      vertex   1.700000e+01 -4.899167e+01 2.572065e+02
      vertex   1.700000e+01 -4.942527e+01 2.591733e+02
      vertex   1.700000e+01 -4.969820e+01 2.590899e+02
    endloop
  endfacet
  facet normal 1.000000e+00 -1.017789e-14 -1.931682e-15
    outer loop
      vertex   1.700000e+01 -4.899167e+01 2.572065e+02
      vertex   1.700000e+01 -4.969820e+01 2.590899e+02
      vertex   1.700000e+01 -4.932495e+01 2.571233e+02
    endloop
  endfacet
  facet normal 1.000000e+00 1.030445e-14 1.955701e-15
    outer loop
      vertex   1.700000e+01 -4.932495e+01 2.571233e+02
      vertex   1.700000e+01 -4.969820e+01 2.590899e+02
      vertex   1.700000e+01 -4.966049e+01 2.570746e+02
    endloop
  endfacet
  facet normal 1.000000e+00 -1.809499e-16 1.759477e-15
    outer loop
      vertex   1.700000e+01 -4.966049e+01 2.570746e+02
      vertex   1.700000e+01 -4.969820e+01 2.590899e+02
      vertex   1.700000e+01 -5.000000e+01 2.590589e+02
    endloop
  endfacet
  facet normal 1.000000e+00 -1.046416e-14 1.921499e-21
    outer loop
      vertex   1.700000e+01 -4.966049e+01 2.570746e+02
      vertex   1.700000e+01 -5.000000e+01 2.590589e+02
      vertex   1.700000e+01 -5.000000e+01 2.570588e+02
    endloop
  endfacet
  facet normal 1.000000e+00 0.000000e+00 -0.000000e+00
    outer loop
      vertex   1.700000e+01 -5.000000e+01 2.570588e+02
      vertex   1.700000e+01 -5.000000e+01 2.590589e+02
      vertex   1.700000e+01 -5.033951e+01 2.570746e+02
    endloop
  endfacet
  facet normal 1.000000e+00 0.000000e+00 0.000000e+00
    outer loop
      vertex   1.700000e+01 -5.033951e+01 2.570746e+02
      vertex   1.700000e+01 -5.000000e+01 2.590589e+02
      vertex   1.700000e+01 -5.031118e+01 2.590927e+02
    endloop
  endfacet
  facet normal 1.000000e+00 0.000000e+00 -0.000000e+00
    outer loop
      vertex   1.700000e+01 -5.033951e+01 2.570746e+02
      vertex   1.700000e+01 -5.031118e+01 2.590927e+02
      vertex   1.700000e+01 -5.067505e+01 2.571233e+02
    endloop
  endfacet
  facet normal 1.000000e+00 0.000000e+00 -0.000000e+00
    outer loop
      vertex   1.700000e+01 -5.067505e+01 2.571233e+02
      vertex   1.700000e+01 -5.031118e+01 2.590927e+02
      vertex   1.700000e+01 -5.100833e+01 2.572065e+02
    endloop
  endfacet
  facet normal 1.000000e+00 0.000000e+00 0.000000e+00
    outer loop
      vertex   1.700000e+01 -5.100833e+01 2.572065e+02
      vertex   1.700000e+01 -5.031118e+01 2.590927e+02
      vertex   1.700000e+01 -5.057468e+01 2.591734e+02
    endloop
  endfacet
  facet normal 1.000000e+00 0.000000e+00 -0.000000e+00
    outer loop
      vertex   1.700000e+01 -5.100833e+01 2.572065e+02
      vertex   1.700000e+01 -5.057468e+01 2.591734e+02
      vertex   1.700000e+01 -5.134104e+01 2.573259e+02
    endloop
  endfacet
  facet normal 1.000000e+00 0.000000e+00 -0.000000e+00
    outer loop
      vertex   1.700000e+01 -5.134104e+01 2.573259e+02
      vertex   1.700000e+01 -5.057468e+01 2.591734e+02
      vertex   1.700000e+01 -5.166029e+01 2.574769e+02
    endloop
  endfacet
  facet normal 1.000000e+00 -9.678627e-15 6.193447e-15
    outer loop
      vertex   1.700000e+01 -5.166029e+01 2.574769e+02
      vertex   1.700000e+01 -5.057468e+01 2.591734e+02
      vertex   1.700000e+01 -5.084671e+01 2.593219e+02
    endloop
  endfacet
  facet normal 1.000000e+00 9.156429e-16 1.521808e-15
    outer loop
      vertex   1.700000e+01 -5.166029e+01 2.574769e+02
      vertex   1.700000e+01 -5.084671e+01 2.593219e+02
      vertex   1.700000e+01 -5.195406e+01 2.576536e+02
    endloop
  endfacet
  facet normal 1.000000e+00 1.064070e-15 1.423286e-15
    outer loop
      vertex   1.700000e+01 -5.195406e+01 2.576536e+02
      vertex   1.700000e+01 -5.084671e+01 2.593219e+02
      vertex   1.700000e+01 -5.222478e+01 2.578560e+02
    endloop
  endfacet
  facet normal 1.000000e+00 1.048493e-14 -7.433223e-15
    outer loop
      vertex   1.700000e+01 -5.222478e+01 2.578560e+02
      vertex   1.700000e+01 -5.084671e+01 2.593219e+02
      vertex   1.700000e+01 -5.106051e+01 2.594983e+02
    endloop
  endfacet
  facet normal 1.000000e+00 0.000000e+00 -0.000000e+00
    outer loop
      vertex   1.700000e+01 -5.222478e+01 2.578560e+02
      vertex   1.700000e+01 -5.106051e+01 2.594983e+02
      vertex   1.700000e+01 -5.247487e+01 2.580839e+02
    endloop
  endfacet
  facet normal 1.000000e+00 1.486490e-14 -1.486491e-14
    outer loop
      vertex   1.700000e+01 -5.247487e+01 2.580839e+02
      vertex   1.700000e+01 -5.106051e+01 2.594983e+02
      vertex   1.700000e+01 -5.270277e+01 2.583340e+02
    endloop
  endfacet
  facet normal 1.000000e+00 2.751523e-15 2.221753e-15
    outer loop
      vertex   1.700000e+01 -5.270277e+01 2.583340e+02
      vertex   1.700000e+01 -5.106051e+01 2.594983e+02
      vertex   1.700000e+01 -5.125570e+01 2.597400e+02
    endloop
  endfacet
  facet normal 1.000000e+00 -1.192735e-14 1.732935e-14
    outer loop
      vertex   1.700000e+01 -5.270277e+01 2.583340e+02
      vertex   1.700000e+01 -5.125570e+01 2.597400e+02
      vertex   1.700000e+01 -5.290516e+01 2.586047e+02
    endloop
  endfacet
  facet normal 1.000000e+00 1.177235e-14 -1.710414e-14
    outer loop
      vertex   1.700000e+01 -5.290516e+01 2.586047e+02
      vertex   1.700000e+01 -5.125570e+01 2.597400e+02
      vertex   1.700000e+01 -5.308192e+01 2.588985e+02
    endloop
  endfacet
  facet normal 1.000000e+00 3.126084e-15 1.659547e-15
    outer loop
      vertex   1.700000e+01 -5.308192e+01 2.588985e+02
      vertex   1.700000e+01 -5.125570e+01 2.597400e+02
      vertex   1.700000e+01 -5.138530e+01 2.599841e+02
    endloop
  endfacet
  facet normal 1.000000e+00 -7.718391e-15 1.860701e-14
    outer loop
      vertex   1.700000e+01 -5.308192e+01 2.588985e+02
      vertex   1.700000e+01 -5.138530e+01 2.599841e+02
      vertex   1.700000e+01 -5.323289e+01 2.592177e+02
    endloop
  endfacet
  facet normal 1.000000e+00 7.710842e-15 -1.858881e-14
    outer loop
      vertex   1.700000e+01 -5.323289e+01 2.592177e+02
      vertex   1.700000e+01 -5.138530e+01 2.599841e+02
      vertex   1.700000e+01 -5.335232e+01 2.595504e+02
    endloop
  endfacet
  facet normal 1.000000e+00 3.396165e-15 9.801723e-16
    outer loop
      vertex   1.700000e+01 -5.335232e+01 2.595504e+02
      vertex   1.700000e+01 -5.138530e+01 2.599841e+02
      vertex   1.700000e+01 -5.147695e+01 2.603017e+02
    endloop
  endfacet
  facet normal 1.000000e+00 -4.319842e-15 2.024193e-14
    outer loop
      vertex   1.700000e+01 -5.335232e+01 2.595504e+02
      vertex   1.700000e+01 -5.147695e+01 2.603017e+02
      vertex   1.700000e+01 -5.343551e+01 2.598837e+02
    endloop
  endfacet
  facet normal 1.000000e+00 4.383475e-15 -2.054010e-14
    outer loop
      vertex   1.700000e+01 -5.343551e+01 2.598837e+02
      vertex   1.700000e+01 -5.147695e+01 2.603017e+02
      vertex   1.700000e+01 -5.348416e+01 2.602193e+02
    endloop
  endfacet
  facet normal 1.000000e+00 3.529340e-15 2.584000e-16
    outer loop
      vertex   1.700000e+01 -5.348416e+01 2.602193e+02
      vertex   1.700000e+01 -5.147695e+01 2.603017e+02
      vertex   1.700000e+01 -5.149892e+01 2.606017e+02
    endloop
  endfacet
  facet normal 1.000000e+00 -4.487118e-16 2.090681e-14
    outer loop
      vertex   1.700000e+01 -5.348416e+01 2.602193e+02
      vertex   1.700000e+01 -5.149892e+01 2.606017e+02
      vertex   1.700000e+01 -5.350000e+01 2.605588e+02
    endloop
  endfacet
  facet normal 1.000000e+00 4.496111e-16 -2.094872e-14
    outer loop
      vertex   1.700000e+01 -5.350000e+01 2.605588e+02
      vertex   1.700000e+01 -5.149892e+01 2.606017e+02
      vertex   1.700000e+01 -5.348416e+01 2.608983e+02
    endloop
  endfacet
  facet normal 1.000000e+00 3.513210e-15 -4.412079e-16
    outer loop
      vertex   1.700000e+01 -5.348416e+01 2.608983e+02
      vertex   1.700000e+01 -5.149892e+01 2.606017e+02
      vertex   1.700000e+01 -5.146339e+01 2.608847e+02
    endloop
  endfacet
  facet normal 1.000000e+00 3.655513e-15 2.064566e-14
    outer loop
      vertex   1.700000e+01 -5.348416e+01 2.608983e+02
      vertex   1.700000e+01 -5.146339e+01 2.608847e+02
      vertex   1.700000e+01 -5.343551e+01 2.612339e+02
    endloop
  endfacet
  facet normal 1.000000e+00 -3.615171e-15 -2.041782e-14
    outer loop
      vertex   1.700000e+01 -5.343551e+01 2.612339e+02
      vertex   1.700000e+01 -5.146339e+01 2.608847e+02
      vertex   1.700000e+01 -5.335232e+01 2.615671e+02
    endloop
  endfacet
  facet normal 1.000000e+00 3.379718e-15 -1.056993e-15
    outer loop
      vertex   1.700000e+01 -5.335232e+01 2.615671e+02
      vertex   1.700000e+01 -5.146339e+01 2.608847e+02
      vertex   1.700000e+01 -5.138556e+01 2.611335e+02
    endloop
  endfacet
  facet normal 1.000000e+00 7.710852e-15 1.858881e-14
    outer loop
      vertex   1.700000e+01 -5.335232e+01 2.615671e+02
      vertex   1.700000e+01 -5.138556e+01 2.611335e+02
      vertex   1.700000e+01 -5.323289e+01 2.618998e+02
    endloop
  endfacet
  facet normal 1.000000e+00 -3.859200e-15 -9.303503e-15
    outer loop
      vertex   1.700000e+01 -5.323289e+01 2.618998e+02
      vertex   1.700000e+01 -5.138556e+01 2.611335e+02
      vertex   1.700000e+01 -5.308192e+01 2.622191e+02
    endloop
  endfacet
  facet normal 1.000000e+00 1.563825e-15 -8.289939e-16
    outer loop
      vertex   1.700000e+01 -5.308192e+01 2.622191e+02
      vertex   1.700000e+01 -5.138556e+01 2.611335e+02
      vertex   1.700000e+01 -5.125417e+01 2.613814e+02
    endloop
  endfacet
  facet normal 1.000000e+00 5.868255e-15 8.562852e-15
    outer loop
      vertex   1.700000e+01 -5.308192e+01 2.622191e+02
      vertex   1.700000e+01 -5.125417e+01 2.613814e+02
      vertex   1.700000e+01 -5.290516e+01 2.625128e+02
    endloop
  endfacet
  facet normal 1.000000e+00 -0.000000e+00 0.000000e+00
    outer loop
      vertex   1.700000e+01 -5.290516e+01 2.625128e+02
      vertex   1.700000e+01 -5.125417e+01 2.613814e+02
      vertex   1.700000e+01 -5.270277e+01 2.627836e+02
    endloop
  endfacet
  facet normal 1.000000e+00 0.000000e+00 0.000000e+00
    outer loop
      vertex   1.700000e+01 -5.270277e+01 2.627836e+02
      vertex   1.700000e+01 -5.125417e+01 2.613814e+02
      vertex   1.700000e+01 -5.106042e+01 2.616192e+02
    endloop
  endfacet
  facet normal 1.000000e+00 -0.000000e+00 0.000000e+00
    outer loop
      vertex   1.700000e+01 -5.270277e+01 2.627836e+02
      vertex   1.700000e+01 -5.106042e+01 2.616192e+02
      vertex   1.700000e+01 -5.247487e+01 2.630337e+02
    endloop
  endfacet
  facet normal 1.000000e+00 -1.486521e-14 -1.486520e-14
    outer loop
      vertex   1.700000e+01 -5.247487e+01 2.630337e+02
      vertex   1.700000e+01 -5.106042e+01 2.616192e+02
      vertex   1.700000e+01 -5.222478e+01 2.632616e+02
    endloop
  endfacet
  facet normal 1.000000e+00 2.228990e-15 -2.746119e-15
    outer loop
      vertex   1.700000e+01 -5.222478e+01 2.632616e+02
      vertex   1.700000e+01 -5.106042e+01 2.616192e+02
      vertex   1.700000e+01 -5.082276e+01 2.618121e+02
    endloop
  endfacet
  facet normal 1.000000e+00 1.735874e-14 1.188853e-14
    outer loop
      vertex   1.700000e+01 -5.222478e+01 2.632616e+02
      vertex   1.700000e+01 -5.082276e+01 2.618121e+02
      vertex   1.700000e+01 -5.195406e+01 2.634639e+02
    endloop
  endfacet
  facet normal 1.000000e+00 -1.712884e-14 -1.173108e-14
    outer loop
      vertex   1.700000e+01 -5.195406e+01 2.634639e+02
      vertex   1.700000e+01 -5.082276e+01 2.618121e+02
      vertex   1.700000e+01 -5.166029e+01 2.636407e+02
    endloop
  endfacet
  facet normal 1.000000e+00 1.660676e-15 -3.125115e-15
    outer loop
      vertex   1.700000e+01 -5.166029e+01 2.636407e+02
      vertex   1.700000e+01 -5.082276e+01 2.618121e+02
      vertex   1.700000e+01 -5.057460e+01 2.619440e+02
    endloop
  endfacet
  facet normal 1.000000e+00 1.860634e-14 7.718094e-15
    outer loop
      vertex   1.700000e+01 -5.166029e+01 2.636407e+02
      vertex   1.700000e+01 -5.057460e+01 2.619440e+02
      vertex   1.700000e+01 -5.134104e+01 2.637917e+02
    endloop
  endfacet
  facet normal 1.000000e+00 -1.858824e-14 -7.710585e-15
    outer loop
      vertex   1.700000e+01 -5.134104e+01 2.637917e+02
      vertex   1.700000e+01 -5.057460e+01 2.619440e+02
      vertex   1.700000e+01 -5.100833e+01 2.639111e+02
    endloop
  endfacet
  facet normal 1.000000e+00 1.248466e-14 -8.593349e-16
    outer loop
      vertex   1.700000e+01 -5.100833e+01 2.639111e+02
      vertex   1.700000e+01 -5.057460e+01 2.619440e+02
      vertex   1.700000e+01 -5.028405e+01 2.620309e+02
    endloop
  endfacet
  facet normal 1.000000e+00 2.074077e-14 2.320947e-15
    outer loop
      vertex   1.700000e+01 -5.100833e+01 2.639111e+02
      vertex   1.700000e+01 -5.028405e+01 2.620309e+02
      vertex   1.700000e+01 -5.067505e+01 2.639943e+02
    endloop
  endfacet
  facet normal 1.000000e+00 2.549931e-16 -1.758657e-15
    outer loop
      vertex   1.700000e+01 -5.067505e+01 2.639943e+02
      vertex   1.700000e+01 -5.028405e+01 2.620309e+02
      vertex   1.700000e+01 -5.033951e+01 2.640429e+02
    endloop
  endfacet
  facet normal 1.000000e+00 -1.230328e-14 -2.104830e-15
    outer loop
      vertex   1.700000e+01 -5.033951e+01 2.640429e+02
      vertex   1.700000e+01 -5.028405e+01 2.620309e+02
      vertex   1.700000e+01 -5.000000e+01 2.620584e+02
    endloop
  endfacet
  facet normal 1.000000e+00 -0.000000e+00 0.000000e+00
    outer loop
      vertex   1.700000e+01 -5.033951e+01 2.640429e+02
      vertex   1.700000e+01 -5.000000e+01 2.620584e+02
      vertex   1.700000e+01 -5.000000e+01 2.640588e+02
    endloop
  endfacet
  facet normal 1.000000e+00 0.000000e+00 0.000000e+00
    outer loop
      vertex   1.700000e+01 -5.000000e+01 2.640588e+02
      vertex   1.700000e+01 -5.000000e+01 2.620584e+02
      vertex   1.700000e+01 -4.966049e+01 2.640429e+02
    endloop
  endfacet
  facet normal 1.000000e+00 0.000000e+00 0.000000e+00
    outer loop
      vertex   1.700000e+01 -4.966049e+01 2.640429e+02
      vertex   1.700000e+01 -5.000000e+01 2.620584e+02
      vertex   1.700000e+01 -4.969599e+01 2.620269e+02
    endloop
  endfacet
  facet normal 1.000000e+00 0.000000e+00 0.000000e+00
    outer loop
      vertex   1.700000e+01 -4.966049e+01 2.640429e+02
      vertex   1.700000e+01 -4.969599e+01 2.620269e+02
      vertex   1.700000e+01 -4.932495e+01 2.639943e+02
    endloop
  endfacet
  facet normal 1.000000e+00 0.000000e+00 0.000000e+00
    outer loop
      vertex   1.700000e+01 -4.932495e+01 2.639943e+02
      vertex   1.700000e+01 -4.969599e+01 2.620269e+02
      vertex   1.700000e+01 -4.899167e+01 2.639111e+02
    endloop
  endfacet
  facet normal 1.000000e+00 0.000000e+00 0.000000e+00
    outer loop
      vertex   1.700000e+01 -4.899167e+01 2.639111e+02
      vertex   1.700000e+01 -4.969599e+01 2.620269e+02
      vertex   1.700000e+01 -4.942542e+01 2.619440e+02
    endloop
  endfacet
  facet normal 1.000000e+00 0.000000e+00 0.000000e+00
    outer loop
      vertex   1.700000e+01 -4.899167e+01 2.639111e+02
      vertex   1.700000e+01 -4.942542e+01 2.619440e+02
      vertex   1.700000e+01 -4.865896e+01 2.637917e+02
    endloop
  endfacet
  facet normal 1.000000e+00 0.000000e+00 0.000000e+00
    outer loop
      vertex   1.700000e+01 -4.865896e+01 2.637917e+02
      vertex   1.700000e+01 -4.942542e+01 2.619440e+02
      vertex   1.700000e+01 -4.833971e+01 2.636407e+02
    endloop
  endfacet
  facet normal 1.000000e+00 0.000000e+00 0.000000e+00
    outer loop
      vertex   1.700000e+01 -4.833971e+01 2.636407e+02
      vertex   1.700000e+01 -4.942542e+01 2.619440e+02
      vertex   1.700000e+01 -4.916056e+01 2.618010e+02
    endloop
  endfacet
  facet normal 1.000000e+00 0.000000e+00 0.000000e+00
    outer loop
      vertex   1.700000e+01 -4.833971e+01 2.636407e+02
      vertex   1.700000e+01 -4.916056e+01 2.618010e+02
      vertex   1.700000e+01 -4.804594e+01 2.634639e+02
    endloop
  endfacet
  facet normal 1.000000e+00 0.000000e+00 0.000000e+00
    outer loop
      vertex   1.700000e+01 -4.804594e+01 2.634639e+02
      vertex   1.700000e+01 -4.916056e+01 2.618010e+02
      vertex   1.700000e+01 -4.777522e+01 2.632616e+02
    endloop
  endfacet
  facet normal 1.000000e+00 0.000000e+00 0.000000e+00
    outer loop
      vertex   1.700000e+01 -4.777522e+01 2.632616e+02
      vertex   1.700000e+01 -4.916056e+01 2.618010e+02
      vertex   1.700000e+01 -4.893962e+01 2.616192e+02
    endloop
  endfacet
  facet normal 1.000000e+00 0.000000e+00 0.000000e+00
    outer loop
      vertex   1.700000e+01 -4.777522e+01 2.632616e+02
      vertex   1.700000e+01 -4.893962e+01 2.616192e+02
      vertex   1.700000e+01 -4.752513e+01 2.630337e+02
    endloop
  endfacet
  facet normal 1.000000e+00 0.000000e+00 0.000000e+00
    outer loop
      vertex   1.700000e+01 -4.752513e+01 2.630337e+02
      vertex   1.700000e+01 -4.893962e+01 2.616192e+02
      vertex   1.700000e+01 -4.729723e+01 2.627836e+02
    endloop
  endfacet
  facet normal 1.000000e+00 0.000000e+00 0.000000e+00
    outer loop
      vertex   1.700000e+01 -4.729723e+01 2.627836e+02
      vertex   1.700000e+01 -4.893962e+01 2.616192e+02
      vertex   1.700000e+01 -4.874784e+01 2.613835e+02
    endloop
  endfacet
  facet normal 1.000000e+00 0.000000e+00 0.000000e+00
    outer loop
      vertex   1.700000e+01 -4.729723e+01 2.627836e+02
      vertex   1.700000e+01 -4.874784e+01 2.613835e+02
      vertex   1.700000e+01 -4.709484e+01 2.625128e+02
    endloop
  endfacet
  facet normal 1.000000e+00 0.000000e+00 0.000000e+00
    outer loop
      vertex   1.700000e+01 -4.709484e+01 2.625128e+02
      vertex   1.700000e+01 -4.874784e+01 2.613835e+02
      vertex   1.700000e+01 -4.691808e+01 2.622191e+02
    endloop
  endfacet
  facet normal 1.000000e+00 0.000000e+00 0.000000e+00
    outer loop
      vertex   1.700000e+01 -4.691808e+01 2.622191e+02
      vertex   1.700000e+01 -4.874784e+01 2.613835e+02
      vertex   1.700000e+01 -4.861485e+01 2.611334e+02
    endloop
  endfacet
  facet normal 1.000000e+00 0.000000e+00 0.000000e+00
    outer loop
      vertex   1.700000e+01 -4.691808e+01 2.622191e+02
      vertex   1.700000e+01 -4.861485e+01 2.611334e+02
      vertex   1.700000e+01 -4.676711e+01 2.618998e+02
    endloop
  endfacet
  facet normal 1.000000e+00 0.000000e+00 0.000000e+00
    outer loop
      vertex   1.700000e+01 -4.676711e+01 2.618998e+02
      vertex   1.700000e+01 -4.861485e+01 2.611334e+02
      vertex   1.700000e+01 -4.664767e+01 2.615671e+02
    endloop
  endfacet
  facet normal 1.000000e+00 0.000000e+00 0.000000e+00
    outer loop
      vertex   1.700000e+01 -4.664767e+01 2.615671e+02
      vertex   1.700000e+01 -4.861485e+01 2.611334e+02
      vertex   1.700000e+01 -4.852823e+01 2.608448e+02
    endloop
  endfacet
  facet normal 1.000000e+00 0.000000e+00 0.000000e+00
    outer loop
      vertex   1.700000e+01 -4.664767e+01 2.615671e+02
      vertex   1.700000e+01 -4.852823e+01 2.608448e+02
      vertex   1.700000e+01 -4.656449e+01 2.612339e+02
    endloop
  endfacet
  facet normal 1.000000e+00 0.000000e+00 0.000000e+00
    outer loop
      vertex   1.700000e+01 -4.656449e+01 2.612339e+02
      vertex   1.700000e+01 -4.852823e+01 2.608448e+02
      vertex   1.700000e+01 -4.651584e+01 2.608983e+02
    endloop
  endfacet
  facet normal 1.000000e+00 -9.880230e-16 3.716561e-14
    outer loop
      vertex   1.700000e+01 -4.651584e+01 2.608983e+02
      vertex   1.700000e+01 -4.852823e+01 2.608448e+02
      vertex   1.700000e+01 -4.850000e+01 2.605588e+02
    endloop
  endfacet
  facet normal 0.000000e+00 -9.989139e-01 4.659377e-02
    outer loop
      vertex   -2.000000e+01 -4.650000e+01 2.605588e+02
      vertex   -2.000000e+01 -4.651584e+01 2.602193e+02
      vertex   -1.700000e+01 -4.650000e+01 2.605588e+02
    endloop
  endfacet
  facet normal 0.000000e+00 -9.989139e-01 4.659377e-02
    outer loop
      vertex   -1.700000e+01 -4.650000e+01 2.605588e+02
      vertex   -2.000000e+01 -4.651584e+01 2.602193e+02
      vertex   -1.700000e+01 -4.651584e+01 2.602193e+02
    endloop
  endfacet
  facet normal 0.000000e+00 -9.896507e-01 1.434972e-01
    outer loop
      vertex   -1.700000e+01 -4.651584e+01 2.602193e+02
      vertex   -2.000000e+01 -4.651584e+01 2.602193e+02
      vertex   -2.000000e+01 -4.656449e+01 2.598837e+02
    endloop
  endfacet
  facet normal 0.000000e+00 -9.896507e-01 1.434972e-01
    outer loop
      vertex   -1.700000e+01 -4.651584e+01 2.602193e+02
      vertex   -2.000000e+01 -4.656449e+01 2.598837e+02
      vertex   -1.700000e+01 -4.656449e+01 2.598837e+02
    endloop
  endfacet
  facet normal 0.000000e+00 -9.702338e-01 2.421700e-01
    outer loop
      vertex   -1.700000e+01 -4.656449e+01 2.598837e+02
      vertex   -2.000000e+01 -4.656449e+01 2.598837e+02
      vertex   -2.000000e+01 -4.664767e+01 2.595504e+02
    endloop
  endfacet
  facet normal 0.000000e+00 -9.702338e-01 2.421700e-01
    outer loop
      vertex   -1.700000e+01 -4.656449e+01 2.598837e+02
      vertex   -2.000000e+01 -4.664767e+01 2.595504e+02
      vertex   -1.700000e+01 -4.664767e+01 2.595504e+02
    endloop
  endfacet
  facet normal 0.000000e+00 -9.411952e-01 3.378633e-01
    outer loop
      vertex   -1.700000e+01 -4.664767e+01 2.595504e+02
      vertex   -2.000000e+01 -4.664767e+01 2.595504e+02
      vertex   -2.000000e+01 -4.676711e+01 2.592177e+02
    endloop
  endfacet
  facet normal 0.000000e+00 -9.411952e-01 3.378633e-01
    outer loop
      vertex   -1.700000e+01 -4.664767e+01 2.595504e+02
      vertex   -2.000000e+01 -4.676711e+01 2.592177e+02
      vertex   -1.700000e+01 -4.676711e+01 2.592177e+02
    endloop
  endfacet
  facet normal 0.000000e+00 -9.040029e-01 4.275263e-01
    outer loop
      vertex   -1.700000e+01 -4.676711e+01 2.592177e+02
      vertex   -2.000000e+01 -4.676711e+01 2.592177e+02
      vertex   -2.000000e+01 -4.691808e+01 2.588985e+02
    endloop
  endfacet
  facet normal 0.000000e+00 -9.040029e-01 4.275263e-01
    outer loop
      vertex   -1.700000e+01 -4.676711e+01 2.592177e+02
      vertex   -2.000000e+01 -4.691808e+01 2.588985e+02
      vertex   -1.700000e+01 -4.691808e+01 2.588985e+02
    endloop
  endfacet
  facet normal 0.000000e+00 -8.568577e-01 5.155530e-01
    outer loop
      vertex   -1.700000e+01 -4.691808e+01 2.588985e+02
      vertex   -2.000000e+01 -4.691808e+01 2.588985e+02
      vertex   -2.000000e+01 -4.709484e+01 2.586047e+02
    endloop
  endfacet
  facet normal 0.000000e+00 -8.568577e-01 5.155530e-01
    outer loop
      vertex   -1.700000e+01 -4.691808e+01 2.588985e+02
      vertex   -2.000000e+01 -4.709484e+01 2.586047e+02
      vertex   -1.700000e+01 -4.709484e+01 2.586047e+02
    endloop
  endfacet
  facet normal 0.000000e+00 -8.009185e-01 5.987733e-01
    outer loop
      vertex   -1.700000e+01 -4.709484e+01 2.586047e+02
      vertex   -2.000000e+01 -4.709484e+01 2.586047e+02
      vertex   -2.000000e+01 -4.729723e+01 2.583340e+02
    endloop
  endfacet
  facet normal 0.000000e+00 -8.009185e-01 5.987733e-01
    outer loop
      vertex   -1.700000e+01 -4.709484e+01 2.586047e+02
      vertex   -2.000000e+01 -4.729723e+01 2.583340e+02
      vertex   -1.700000e+01 -4.729723e+01 2.583340e+02
    endloop
  endfacet
  facet normal 0.000000e+00 -7.391590e-01 6.735309e-01
    outer loop
      vertex   -1.700000e+01 -4.729723e+01 2.583340e+02
      vertex   -2.000000e+01 -4.729723e+01 2.583340e+02
      vertex   -2.000000e+01 -4.752513e+01 2.580839e+02
    endloop
  endfacet
  facet normal 0.000000e+00 -7.391590e-01 6.735309e-01
    outer loop
      vertex   -1.700000e+01 -4.729723e+01 2.583340e+02
      vertex   -2.000000e+01 -4.752513e+01 2.580839e+02
      vertex   -1.700000e+01 -4.752513e+01 2.580839e+02
    endloop
  endfacet
  facet normal 0.000000e+00 -6.735331e-01 7.391571e-01
    outer loop
      vertex   -1.700000e+01 -4.752513e+01 2.580839e+02
      vertex   -2.000000e+01 -4.752513e+01 2.580839e+02
      vertex   -2.000000e+01 -4.777522e+01 2.578560e+02
    endloop
  endfacet
  facet normal 0.000000e+00 -6.735331e-01 7.391571e-01
    outer loop
      vertex   -1.700000e+01 -4.752513e+01 2.580839e+02
      vertex   -2.000000e+01 -4.777522e+01 2.578560e+02
      vertex   -1.700000e+01 -4.777522e+01 2.578560e+02
    endloop
  endfacet
  facet normal 0.000000e+00 -5.987767e-01 8.009160e-01
    outer loop
      vertex   -1.700000e+01 -4.777522e+01 2.578560e+02
      vertex   -2.000000e+01 -4.777522e+01 2.578560e+02
      vertex   -2.000000e+01 -4.804594e+01 2.576536e+02
    endloop
  endfacet
  facet normal 0.000000e+00 -5.987767e-01 8.009160e-01
    outer loop
      vertex   -1.700000e+01 -4.777522e+01 2.578560e+02
      vertex   -2.000000e+01 -4.804594e+01 2.576536e+02
      vertex   -1.700000e+01 -4.804594e+01 2.576536e+02
    endloop
  endfacet
  facet normal 0.000000e+00 -5.155544e-01 8.568569e-01
    outer loop
      vertex   -1.700000e+01 -4.804594e+01 2.576536e+02
      vertex   -2.000000e+01 -4.804594e+01 2.576536e+02
      vertex   -2.000000e+01 -4.833971e+01 2.574769e+02
    endloop
  endfacet
  facet normal 0.000000e+00 -5.155544e-01 8.568569e-01
    outer loop
      vertex   -1.700000e+01 -4.804594e+01 2.576536e+02
      vertex   -2.000000e+01 -4.833971e+01 2.574769e+02
      vertex   -1.700000e+01 -4.833971e+01 2.574769e+02
    endloop
  endfacet
  facet normal 0.000000e+00 -4.275256e-01 9.040032e-01
    outer loop
      vertex   -1.700000e+01 -4.833971e+01 2.574769e+02
      vertex   -2.000000e+01 -4.833971e+01 2.574769e+02
      vertex   -2.000000e+01 -4.865896e+01 2.573259e+02
    endloop
  endfacet
  facet normal 0.000000e+00 -4.275256e-01 9.040032e-01
    outer loop
      vertex   -1.700000e+01 -4.833971e+01 2.574769e+02
      vertex   -2.000000e+01 -4.865896e+01 2.573259e+02
      vertex   -1.700000e+01 -4.865896e+01 2.573259e+02
    endloop
  endfacet
  facet normal 0.000000e+00 -3.378622e-01 9.411956e-01
    outer loop
      vertex   -1.700000e+01 -4.865896e+01 2.573259e+02
      vertex   -2.000000e+01 -4.865896e+01 2.573259e+02
      vertex   -2.000000e+01 -4.899167e+01 2.572065e+02
    endloop
  endfacet
  facet normal 0.000000e+00 -3.378622e-01 9.411956e-01
    outer loop
      vertex   -1.700000e+01 -4.865896e+01 2.573259e+02
      vertex   -2.000000e+01 -4.899167e+01 2.572065e+02
      vertex   -1.700000e+01 -4.899167e+01 2.572065e+02
    endloop
  endfacet
  facet normal 0.000000e+00 -2.421669e-01 9.702346e-01
    outer loop
      vertex   -1.700000e+01 -4.899167e+01 2.572065e+02
      vertex   -2.000000e+01 -4.899167e+01 2.572065e+02
      vertex   -2.000000e+01 -4.932495e+01 2.571233e+02
    endloop
  endfacet
  facet normal 0.000000e+00 -2.421669e-01 9.702346e-01
    outer loop
      vertex   -1.700000e+01 -4.899167e+01 2.572065e+02
      vertex   -2.000000e+01 -4.932495e+01 2.571233e+02
      vertex   -1.700000e+01 -4.932495e+01 2.571233e+02
    endloop
  endfacet
  facet normal 0.000000e+00 -1.434926e-01 9.896514e-01
    outer loop
      vertex   -1.700000e+01 -4.932495e+01 2.571233e+02
      vertex   -2.000000e+01 -4.932495e+01 2.571233e+02
      vertex   -2.000000e+01 -4.966049e+01 2.570746e+02
    endloop
  endfacet
  facet normal 0.000000e+00 -1.434926e-01 9.896514e-01
    outer loop
      vertex   -1.700000e+01 -4.932495e+01 2.571233e+02
      vertex   -2.000000e+01 -4.966049e+01 2.570746e+02
      vertex   -1.700000e+01 -4.966049e+01 2.570746e+02
    endloop
  endfacet
  facet normal 0.000000e+00 -4.659111e-02 9.989140e-01
    outer loop
      vertex   -1.700000e+01 -4.966049e+01 2.570746e+02
      vertex   -2.000000e+01 -4.966049e+01 2.570746e+02
      vertex   -2.000000e+01 -5.000000e+01 2.570588e+02
    endloop
  endfacet
  facet normal 0.000000e+00 -4.659111e-02 9.989140e-01
    outer loop
      vertex   -1.700000e+01 -4.966049e+01 2.570746e+02
      vertex   -2.000000e+01 -5.000000e+01 2.570588e+02
      vertex   -1.700000e+01 -5.000000e+01 2.570588e+02
    endloop
  endfacet
  facet normal 0.000000e+00 4.659111e-02 9.989140e-01
    outer loop
      vertex   -1.700000e+01 -5.000000e+01 2.570588e+02
      vertex   -2.000000e+01 -5.000000e+01 2.570588e+02
      vertex   -2.000000e+01 -5.033951e+01 2.570746e+02
    endloop
  endfacet
  facet normal 0.000000e+00 4.659111e-02 9.989140e-01
    outer loop
      vertex   -1.700000e+01 -5.000000e+01 2.570588e+02
      vertex   -2.000000e+01 -5.033951e+01 2.570746e+02
      vertex   -1.700000e+01 -5.033951e+01 2.570746e+02
    endloop
  endfacet
  facet normal 0.000000e+00 1.434926e-01 9.896514e-01
    outer loop
      vertex   -1.700000e+01 -5.033951e+01 2.570746e+02
      vertex   -2.000000e+01 -5.033951e+01 2.570746e+02
      vertex   -2.000000e+01 -5.067505e+01 2.571233e+02
    endloop
  endfacet
  facet normal 0.000000e+00 1.434926e-01 9.896514e-01
    outer loop
      vertex   -1.700000e+01 -5.033951e+01 2.570746e+02
      vertex   -2.000000e+01 -5.067505e+01 2.571233e+02
      vertex   -1.700000e+01 -5.067505e+01 2.571233e+02
    endloop
  endfacet
  facet normal 0.000000e+00 2.421669e-01 9.702346e-01
    outer loop
      vertex   -1.700000e+01 -5.067505e+01 2.571233e+02
      vertex   -2.000000e+01 -5.067505e+01 2.571233e+02
      vertex   -2.000000e+01 -5.100833e+01 2.572065e+02
    endloop
  endfacet
  facet normal 0.000000e+00 2.421669e-01 9.702346e-01
    outer loop
      vertex   -1.700000e+01 -5.067505e+01 2.571233e+02
      vertex   -2.000000e+01 -5.100833e+01 2.572065e+02
      vertex   -1.700000e+01 -5.100833e+01 2.572065e+02
    endloop
  endfacet
  facet normal 0.000000e+00 3.378622e-01 9.411956e-01
    outer loop
      vertex   -1.700000e+01 -5.100833e+01 2.572065e+02
      vertex   -2.000000e+01 -5.100833e+01 2.572065e+02
      vertex   -2.000000e+01 -5.134104e+01 2.573259e+02
    endloop
  endfacet
  facet normal 0.000000e+00 3.378622e-01 9.411956e-01
    outer loop
      vertex   -1.700000e+01 -5.100833e+01 2.572065e+02
      vertex   -2.000000e+01 -5.134104e+01 2.573259e+02
      vertex   -1.700000e+01 -5.134104e+01 2.573259e+02
    endloop
  endfacet
  facet normal 0.000000e+00 4.275256e-01 9.040033e-01
    outer loop
      vertex   -1.700000e+01 -5.134104e+01 2.573259e+02
      vertex   -2.000000e+01 -5.134104e+01 2.573259e+02
      vertex   -2.000000e+01 -5.166029e+01 2.574769e+02
    endloop
  endfacet
  facet normal 0.000000e+00 4.275256e-01 9.040033e-01
    outer loop
      vertex   -1.700000e+01 -5.134104e+01 2.573259e+02
      vertex   -2.000000e+01 -5.166029e+01 2.574769e+02
      vertex   -1.700000e+01 -5.166029e+01 2.574769e+02
    endloop
  endfacet
  facet normal 0.000000e+00 5.155544e-01 8.568569e-01
    outer loop
      vertex   -1.700000e+01 -5.166029e+01 2.574769e+02
      vertex   -2.000000e+01 -5.166029e+01 2.574769e+02
      vertex   -2.000000e+01 -5.195406e+01 2.576536e+02
    endloop
  endfacet
  facet normal 0.000000e+00 5.155544e-01 8.568569e-01
    outer loop
      vertex   -1.700000e+01 -5.166029e+01 2.574769e+02
      vertex   -2.000000e+01 -5.195406e+01 2.576536e+02
      vertex   -1.700000e+01 -5.195406e+01 2.576536e+02
    endloop
  endfacet
  facet normal 0.000000e+00 5.987767e-01 8.009160e-01
    outer loop
      vertex   -1.700000e+01 -5.195406e+01 2.576536e+02
      vertex   -2.000000e+01 -5.195406e+01 2.576536e+02
      vertex   -2.000000e+01 -5.222478e+01 2.578560e+02
    endloop
  endfacet
  facet normal 0.000000e+00 5.987767e-01 8.009160e-01
    outer loop
      vertex   -1.700000e+01 -5.195406e+01 2.576536e+02
      vertex   -2.000000e+01 -5.222478e+01 2.578560e+02
      vertex   -1.700000e+01 -5.222478e+01 2.578560e+02
    endloop
  endfacet
  facet normal 0.000000e+00 6.735331e-01 7.391571e-01
    outer loop
      vertex   -1.700000e+01 -5.222478e+01 2.578560e+02
      vertex   -2.000000e+01 -5.222478e+01 2.578560e+02
      vertex   -2.000000e+01 -5.247487e+01 2.580839e+02
    endloop
  endfacet
  facet normal 0.000000e+00 6.735331e-01 7.391571e-01
    outer loop
      vertex   -1.700000e+01 -5.222478e+01 2.578560e+02
      vertex   -2.000000e+01 -5.247487e+01 2.580839e+02
      vertex   -1.700000e+01 -5.247487e+01 2.580839e+02
    endloop
  endfacet
  facet normal 0.000000e+00 7.391590e-01 6.735309e-01
    outer loop
      vertex   -1.700000e+01 -5.247487e+01 2.580839e+02
      vertex   -2.000000e+01 -5.247487e+01 2.580839e+02
      vertex   -2.000000e+01 -5.270277e+01 2.583340e+02
    endloop
  endfacet
  facet normal 0.000000e+00 7.391590e-01 6.735309e-01
    outer loop
      vertex   -1.700000e+01 -5.247487e+01 2.580839e+02
      vertex   -2.000000e+01 -5.270277e+01 2.583340e+02
      vertex   -1.700000e+01 -5.270277e+01 2.583340e+02
    endloop
  endfacet
  facet normal 0.000000e+00 8.009185e-01 5.987733e-01
    outer loop
      vertex   -1.700000e+01 -5.270277e+01 2.583340e+02
      vertex   -2.000000e+01 -5.270277e+01 2.583340e+02
      vertex   -2.000000e+01 -5.290516e+01 2.586047e+02
    endloop
  endfacet
  facet normal 0.000000e+00 8.009185e-01 5.987733e-01
    outer loop
      vertex   -1.700000e+01 -5.270277e+01 2.583340e+02
      vertex   -2.000000e+01 -5.290516e+01 2.586047e+02
      vertex   -1.700000e+01 -5.290516e+01 2.586047e+02
    endloop
  endfacet
  facet normal 0.000000e+00 8.568577e-01 5.155530e-01
    outer loop
      vertex   -1.700000e+01 -5.290516e+01 2.586047e+02
      vertex   -2.000000e+01 -5.290516e+01 2.586047e+02
      vertex   -2.000000e+01 -5.308192e+01 2.588985e+02
    endloop
  endfacet
  facet normal 0.000000e+00 8.568577e-01 5.155530e-01
    outer loop
      vertex   -1.700000e+01 -5.290516e+01 2.586047e+02
      vertex   -2.000000e+01 -5.308192e+01 2.588985e+02
      vertex   -1.700000e+01 -5.308192e+01 2.588985e+02
    endloop
  endfacet
  facet normal 0.000000e+00 9.040029e-01 4.275263e-01
    outer loop
      vertex   -1.700000e+01 -5.308192e+01 2.588985e+02
      vertex   -2.000000e+01 -5.308192e+01 2.588985e+02
      vertex   -2.000000e+01 -5.323289e+01 2.592177e+02
    endloop
  endfacet
  facet normal 0.000000e+00 9.040029e-01 4.275263e-01
    outer loop
      vertex   -1.700000e+01 -5.308192e+01 2.588985e+02
      vertex   -2.000000e+01 -5.323289e+01 2.592177e+02
      vertex   -1.700000e+01 -5.323289e+01 2.592177e+02
    endloop
  endfacet
  facet normal 0.000000e+00 9.411952e-01 3.378633e-01
    outer loop
      vertex   -1.700000e+01 -5.323289e+01 2.592177e+02
      vertex   -2.000000e+01 -5.323289e+01 2.592177e+02
      vertex   -2.000000e+01 -5.335232e+01 2.595504e+02
    endloop
  endfacet
  facet normal 0.000000e+00 9.411952e-01 3.378633e-01
    outer loop
      vertex   -1.700000e+01 -5.323289e+01 2.592177e+02
      vertex   -2.000000e+01 -5.335232e+01 2.595504e+02
      vertex   -1.700000e+01 -5.335232e+01 2.595504e+02
    endloop
  endfacet
  facet normal 0.000000e+00 9.702338e-01 2.421700e-01
    outer loop
      vertex   -1.700000e+01 -5.335232e+01 2.595504e+02
      vertex   -2.000000e+01 -5.335232e+01 2.595504e+02
      vertex   -2.000000e+01 -5.343551e+01 2.598837e+02
    endloop
  endfacet
  facet normal 0.000000e+00 9.702338e-01 2.421700e-01
    outer loop
      vertex   -1.700000e+01 -5.335232e+01 2.595504e+02
      vertex   -2.000000e+01 -5.343551e+01 2.598837e+02
      vertex   -1.700000e+01 -5.343551e+01 2.598837e+02
    endloop
  endfacet
  facet normal 0.000000e+00 9.896507e-01 1.434972e-01
    outer loop
      vertex   -1.700000e+01 -5.343551e+01 2.598837e+02
      vertex   -2.000000e+01 -5.343551e+01 2.598837e+02
      vertex   -2.000000e+01 -5.348416e+01 2.602193e+02
    endloop
  endfacet
  facet normal 0.000000e+00 9.896507e-01 1.434972e-01
    outer loop
      vertex   -1.700000e+01 -5.343551e+01 2.598837e+02
      vertex   -2.000000e+01 -5.348416e+01 2.602193e+02
      vertex   -1.700000e+01 -5.348416e+01 2.602193e+02
    endloop
  endfacet
  facet normal 0.000000e+00 9.989139e-01 4.659377e-02
    outer loop
      vertex   -1.700000e+01 -5.348416e+01 2.602193e+02
      vertex   -2.000000e+01 -5.348416e+01 2.602193e+02
      vertex   -2.000000e+01 -5.350000e+01 2.605588e+02
    endloop
  endfacet
  facet normal 0.000000e+00 9.989139e-01 4.659377e-02
    outer loop
      vertex   -1.700000e+01 -5.348416e+01 2.602193e+02
      vertex   -2.000000e+01 -5.350000e+01 2.605588e+02
      vertex   -1.700000e+01 -5.350000e+01 2.605588e+02
    endloop
  endfacet
  facet normal 0.000000e+00 9.989139e-01 -4.659377e-02
    outer loop
      vertex   -1.700000e+01 -5.350000e+01 2.605588e+02
      vertex   -2.000000e+01 -5.350000e+01 2.605588e+02
      vertex   -2.000000e+01 -5.348416e+01 2.608983e+02
    endloop
  endfacet
  facet normal 0.000000e+00 9.989139e-01 -4.659377e-02
    outer loop
      vertex   -1.700000e+01 -5.350000e+01 2.605588e+02
      vertex   -2.000000e+01 -5.348416e+01 2.608983e+02
      vertex   -1.700000e+01 -5.348416e+01 2.608983e+02
    endloop
  endfacet
  facet normal 0.000000e+00 9.896507e-01 -1.434972e-01
    outer loop
      vertex   -1.700000e+01 -5.348416e+01 2.608983e+02
      vertex   -2.000000e+01 -5.348416e+01 2.608983e+02
      vertex   -2.000000e+01 -5.343551e+01 2.612339e+02
    endloop
  endfacet
  facet normal 0.000000e+00 9.896507e-01 -1.434972e-01
    outer loop
      vertex   -1.700000e+01 -5.348416e+01 2.608983e+02
      vertex   -2.000000e+01 -5.343551e+01 2.612339e+02
      vertex   -1.700000e+01 -5.343551e+01 2.612339e+02
    endloop
  endfacet
  facet normal 0.000000e+00 9.702338e-01 -2.421700e-01
    outer loop
      vertex   -1.700000e+01 -5.343551e+01 2.612339e+02
      vertex   -2.000000e+01 -5.343551e+01 2.612339e+02
      vertex   -2.000000e+01 -5.335232e+01 2.615671e+02
    endloop
  endfacet
  facet normal 0.000000e+00 9.702338e-01 -2.421700e-01
    outer loop
      vertex   -1.700000e+01 -5.343551e+01 2.612339e+02
      vertex   -2.000000e+01 -5.335232e+01 2.615671e+02
      vertex   -1.700000e+01 -5.335232e+01 2.615671e+02
    endloop
  endfacet
  facet normal 0.000000e+00 9.411952e-01 -3.378633e-01
    outer loop
      vertex   -1.700000e+01 -5.335232e+01 2.615671e+02
      vertex   -2.000000e+01 -5.335232e+01 2.615671e+02
      vertex   -2.000000e+01 -5.323289e+01 2.618998e+02
    endloop
  endfacet
  facet normal 0.000000e+00 9.411952e-01 -3.378633e-01
    outer loop
      vertex   -1.700000e+01 -5.335232e+01 2.615671e+02
      vertex   -2.000000e+01 -5.323289e+01 2.618998e+02
      vertex   -1.700000e+01 -5.323289e+01 2.618998e+02
    endloop
  endfacet
  facet normal 0.000000e+00 9.040029e-01 -4.275263e-01
    outer loop
      vertex   -1.700000e+01 -5.323289e+01 2.618998e+02
      vertex   -2.000000e+01 -5.323289e+01 2.618998e+02
      vertex   -2.000000e+01 -5.308192e+01 2.622191e+02
    endloop
  endfacet
  facet normal 0.000000e+00 9.040029e-01 -4.275263e-01
    outer loop
      vertex   -1.700000e+01 -5.323289e+01 2.618998e+02
      vertex   -2.000000e+01 -5.308192e+01 2.622191e+02
      vertex   -1.700000e+01 -5.308192e+01 2.622191e+02
    endloop
  endfacet
  facet normal 0.000000e+00 8.568577e-01 -5.155530e-01
    outer loop
      vertex   -1.700000e+01 -5.308192e+01 2.622191e+02
      vertex   -2.000000e+01 -5.308192e+01 2.622191e+02
      vertex   -2.000000e+01 -5.290516e+01 2.625128e+02
    endloop
  endfacet
  facet normal 0.000000e+00 8.568577e-01 -5.155530e-01
    outer loop
      vertex   -1.700000e+01 -5.308192e+01 2.622191e+02
      vertex   -2.000000e+01 -5.290516e+01 2.625128e+02
      vertex   -1.700000e+01 -5.290516e+01 2.625128e+02
    endloop
  endfacet
  facet normal 0.000000e+00 8.009185e-01 -5.987733e-01
    outer loop
      vertex   -1.700000e+01 -5.290516e+01 2.625128e+02
      vertex   -2.000000e+01 -5.290516e+01 2.625128e+02
      vertex   -2.000000e+01 -5.270277e+01 2.627836e+02
    endloop
  endfacet
  facet normal 0.000000e+00 8.009185e-01 -5.987733e-01
    outer loop
      vertex   -1.700000e+01 -5.290516e+01 2.625128e+02
      vertex   -2.000000e+01 -5.270277e+01 2.627836e+02
      vertex   -1.700000e+01 -5.270277e+01 2.627836e+02
    endloop
  endfacet
  facet normal 0.000000e+00 7.391590e-01 -6.735309e-01
    outer loop
      vertex   -1.700000e+01 -5.270277e+01 2.627836e+02
      vertex   -2.000000e+01 -5.270277e+01 2.627836e+02
      vertex   -2.000000e+01 -5.247487e+01 2.630337e+02
    endloop
  endfacet
  facet normal 0.000000e+00 7.391590e-01 -6.735309e-01
    outer loop
      vertex   -1.700000e+01 -5.270277e+01 2.627836e+02
      vertex   -2.000000e+01 -5.247487e+01 2.630337e+02
      vertex   -1.700000e+01 -5.247487e+01 2.630337e+02
    endloop
  endfacet
  facet normal 0.000000e+00 6.735331e-01 -7.391571e-01
    outer loop
      vertex   -1.700000e+01 -5.247487e+01 2.630337e+02
      vertex   -2.000000e+01 -5.247487e+01 2.630337e+02
      vertex   -2.000000e+01 -5.222478e+01 2.632616e+02
    endloop
  endfacet
  facet normal 0.000000e+00 6.735331e-01 -7.391571e-01
    outer loop
      vertex   -1.700000e+01 -5.247487e+01 2.630337e+02
      vertex   -2.000000e+01 -5.222478e+01 2.632616e+02
      vertex   -1.700000e+01 -5.222478e+01 2.632616e+02
    endloop
  endfacet
  facet normal 0.000000e+00 5.987767e-01 -8.009160e-01
    outer loop
      vertex   -1.700000e+01 -5.222478e+01 2.632616e+02
      vertex   -2.000000e+01 -5.222478e+01 2.632616e+02
      vertex   -2.000000e+01 -5.195406e+01 2.634639e+02
    endloop
  endfacet
  facet normal 0.000000e+00 5.987767e-01 -8.009160e-01
    outer loop
      vertex   -1.700000e+01 -5.222478e+01 2.632616e+02
      vertex   -2.000000e+01 -5.195406e+01 2.634639e+02
      vertex   -1.700000e+01 -5.195406e+01 2.634639e+02
    endloop
  endfacet
  facet normal 0.000000e+00 5.155544e-01 -8.568569e-01
    outer loop
      vertex   -1.700000e+01 -5.195406e+01 2.634639e+02
      vertex   -2.000000e+01 -5.195406e+01 2.634639e+02
      vertex   -2.000000e+01 -5.166029e+01 2.636407e+02
    endloop
  endfacet
  facet normal 0.000000e+00 5.155544e-01 -8.568569e-01
    outer loop
      vertex   -1.700000e+01 -5.195406e+01 2.634639e+02
      vertex   -2.000000e+01 -5.166029e+01 2.636407e+02
      vertex   -1.700000e+01 -5.166029e+01 2.636407e+02
    endloop
  endfacet
  facet normal 0.000000e+00 4.275256e-01 -9.040033e-01
    outer loop
      vertex   -1.700000e+01 -5.166029e+01 2.636407e+02
      vertex   -2.000000e+01 -5.166029e+01 2.636407e+02
      vertex   -2.000000e+01 -5.134104e+01 2.637917e+02
    endloop
  endfacet
  facet normal 0.000000e+00 4.275256e-01 -9.040033e-01
    outer loop
      vertex   -1.700000e+01 -5.166029e+01 2.636407e+02
      vertex   -2.000000e+01 -5.134104e+01 2.637917e+02
      vertex   -1.700000e+01 -5.134104e+01 2.637917e+02
    endloop
  endfacet
  facet normal 0.000000e+00 3.378622e-01 -9.411956e-01
    outer loop
      vertex   -1.700000e+01 -5.134104e+01 2.637917e+02
      vertex   -2.000000e+01 -5.134104e+01 2.637917e+02
      vertex   -2.000000e+01 -5.100833e+01 2.639111e+02
    endloop
  endfacet
  facet normal 0.000000e+00 3.378622e-01 -9.411956e-01
    outer loop
      vertex   -1.700000e+01 -5.134104e+01 2.637917e+02
      vertex   -2.000000e+01 -5.100833e+01 2.639111e+02
      vertex   -1.700000e+01 -5.100833e+01 2.639111e+02
    endloop
  endfacet
  facet normal 0.000000e+00 2.421669e-01 -9.702346e-01
    outer loop
      vertex   -1.700000e+01 -5.100833e+01 2.639111e+02
      vertex   -2.000000e+01 -5.100833e+01 2.639111e+02
      vertex   -2.000000e+01 -5.067505e+01 2.639943e+02
    endloop
  endfacet
  facet normal 0.000000e+00 2.421669e-01 -9.702346e-01
    outer loop
      vertex   -1.700000e+01 -5.100833e+01 2.639111e+02
      vertex   -2.000000e+01 -5.067505e+01 2.639943e+02
      vertex   -1.700000e+01 -5.067505e+01 2.639943e+02
    endloop
  endfacet
  facet normal 0.000000e+00 1.434926e-01 -9.896514e-01
    outer loop
      vertex   -1.700000e+01 -5.067505e+01 2.639943e+02
      vertex   -2.000000e+01 -5.067505e+01 2.639943e+02
      vertex   -2.000000e+01 -5.033951e+01 2.640429e+02
    endloop
  endfacet
  facet normal 0.000000e+00 1.434926e-01 -9.896514e-01
    outer loop
      vertex   -1.700000e+01 -5.067505e+01 2.639943e+02
      vertex   -2.000000e+01 -5.033951e+01 2.640429e+02
      vertex   -1.700000e+01 -5.033951e+01 2.640429e+02
    endloop
  endfacet
  facet normal 0.000000e+00 4.659111e-02 -9.989140e-01
    outer loop
      vertex   -1.700000e+01 -5.033951e+01 2.640429e+02
      vertex   -2.000000e+01 -5.033951e+01 2.640429e+02
      vertex   -2.000000e+01 -5.000000e+01 2.640588e+02
    endloop
  endfacet
  facet normal 0.000000e+00 4.659111e-02 -9.989140e-01
    outer loop
      vertex   -1.700000e+01 -5.033951e+01 2.640429e+02
      vertex   -2.000000e+01 -5.000000e+01 2.640588e+02
      vertex   -1.700000e+01 -5.000000e+01 2.640588e+02
    endloop
  endfacet
  facet normal -0.000000e+00 -4.659111e-02 -9.989140e-01
    outer loop
      vertex   -1.700000e+01 -5.000000e+01 2.640588e+02
      vertex   -2.000000e+01 -5.000000e+01 2.640588e+02
      vertex   -2.000000e+01 -4.966049e+01 2.640429e+02
    endloop
  endfacet
  facet normal 0.000000e+00 -4.659111e-02 -9.989140e-01
    outer loop
      vertex   -1.700000e+01 -5.000000e+01 2.640588e+02
      vertex   -2.000000e+01 -4.966049e+01 2.640429e+02
      vertex   -1.700000e+01 -4.966049e+01 2.640429e+02
    endloop
  endfacet
  facet normal -0.000000e+00 -1.434926e-01 -9.896514e-01
    outer loop
      vertex   -1.700000e+01 -4.966049e+01 2.640429e+02
      vertex   -2.000000e+01 -4.966049e+01 2.640429e+02
      vertex   -2.000000e+01 -4.932495e+01 2.639943e+02
    endloop
  endfacet
  facet normal 0.000000e+00 -1.434926e-01 -9.896514e-01
    outer loop
      vertex   -1.700000e+01 -4.966049e+01 2.640429e+02
      vertex   -2.000000e+01 -4.932495e+01 2.639943e+02
      vertex   -1.700000e+01 -4.932495e+01 2.639943e+02
    endloop
  endfacet
  facet normal -0.000000e+00 -2.421669e-01 -9.702346e-01
    outer loop
      vertex   -1.700000e+01 -4.932495e+01 2.639943e+02
      vertex   -2.000000e+01 -4.932495e+01 2.639943e+02
      vertex   -2.000000e+01 -4.899167e+01 2.639111e+02
    endloop
  endfacet
  facet normal 0.000000e+00 -2.421669e-01 -9.702346e-01
    outer loop
      vertex   -1.700000e+01 -4.932495e+01 2.639943e+02
      vertex   -2.000000e+01 -4.899167e+01 2.639111e+02
      vertex   -1.700000e+01 -4.899167e+01 2.639111e+02
    endloop
  endfacet
  facet normal -0.000000e+00 -3.378622e-01 -9.411956e-01
    outer loop
      vertex   -1.700000e+01 -4.899167e+01 2.639111e+02
      vertex   -2.000000e+01 -4.899167e+01 2.639111e+02
      vertex   -2.000000e+01 -4.865896e+01 2.637917e+02
    endloop
  endfacet
  facet normal 0.000000e+00 -3.378622e-01 -9.411956e-01
    outer loop
      vertex   -1.700000e+01 -4.899167e+01 2.639111e+02
      vertex   -2.000000e+01 -4.865896e+01 2.637917e+02
      vertex   -1.700000e+01 -4.865896e+01 2.637917e+02
    endloop
  endfacet
  facet normal -0.000000e+00 -4.275256e-01 -9.040032e-01
    outer loop
      vertex   -1.700000e+01 -4.865896e+01 2.637917e+02
      vertex   -2.000000e+01 -4.865896e+01 2.637917e+02
      vertex   -2.000000e+01 -4.833971e+01 2.636407e+02
    endloop
  endfacet
  facet normal 0.000000e+00 -4.275256e-01 -9.040032e-01
    outer loop
      vertex   -1.700000e+01 -4.865896e+01 2.637917e+02
      vertex   -2.000000e+01 -4.833971e+01 2.636407e+02
      vertex   -1.700000e+01 -4.833971e+01 2.636407e+02
    endloop
  endfacet
  facet normal -0.000000e+00 -5.155544e-01 -8.568569e-01
    outer loop
      vertex   -1.700000e+01 -4.833971e+01 2.636407e+02
      vertex   -2.000000e+01 -4.833971e+01 2.636407e+02
      vertex   -2.000000e+01 -4.804594e+01 2.634639e+02
    endloop
  endfacet
  facet normal 0.000000e+00 -5.155544e-01 -8.568569e-01
    outer loop
      vertex   -1.700000e+01 -4.833971e+01 2.636407e+02
      vertex   -2.000000e+01 -4.804594e+01 2.634639e+02
      vertex   -1.700000e+01 -4.804594e+01 2.634639e+02
    endloop
  endfacet
  facet normal -0.000000e+00 -5.987767e-01 -8.009160e-01
    outer loop
      vertex   -1.700000e+01 -4.804594e+01 2.634639e+02
      vertex   -2.000000e+01 -4.804594e+01 2.634639e+02
      vertex   -2.000000e+01 -4.777522e+01 2.632616e+02
    endloop
  endfacet
  facet normal 0.000000e+00 -5.987767e-01 -8.009160e-01
    outer loop
      vertex   -1.700000e+01 -4.804594e+01 2.634639e+02
      vertex   -2.000000e+01 -4.777522e+01 2.632616e+02
      vertex   -1.700000e+01 -4.777522e+01 2.632616e+02
    endloop
  endfacet
  facet normal -0.000000e+00 -6.735331e-01 -7.391571e-01
    outer loop
      vertex   -1.700000e+01 -4.777522e+01 2.632616e+02
      vertex   -2.000000e+01 -4.777522e+01 2.632616e+02
      vertex   -2.000000e+01 -4.752513e+01 2.630337e+02
    endloop
  endfacet
  facet normal 0.000000e+00 -6.735331e-01 -7.391571e-01
    outer loop
      vertex   -1.700000e+01 -4.777522e+01 2.632616e+02
      vertex   -2.000000e+01 -4.752513e+01 2.630337e+02
      vertex   -1.700000e+01 -4.752513e+01 2.630337e+02
    endloop
  endfacet
  facet normal -0.000000e+00 -7.391590e-01 -6.735309e-01
    outer loop
      vertex   -1.700000e+01 -4.752513e+01 2.630337e+02
      vertex   -2.000000e+01 -4.752513e+01 2.630337e+02
      vertex   -2.000000e+01 -4.729723e+01 2.627836e+02
    endloop
  endfacet
  facet normal 0.000000e+00 -7.391590e-01 -6.735309e-01
    outer loop
      vertex   -1.700000e+01 -4.752513e+01 2.630337e+02
      vertex   -2.000000e+01 -4.729723e+01 2.627836e+02
      vertex   -1.700000e+01 -4.729723e+01 2.627836e+02
    endloop
  endfacet
  facet normal -0.000000e+00 -8.009185e-01 -5.987733e-01
    outer loop
      vertex   -1.700000e+01 -4.729723e+01 2.627836e+02
      vertex   -2.000000e+01 -4.729723e+01 2.627836e+02
      vertex   -2.000000e+01 -4.709484e+01 2.625128e+02
    endloop
  endfacet
  facet normal 0.000000e+00 -8.009185e-01 -5.987733e-01
    outer loop
      vertex   -1.700000e+01 -4.729723e+01 2.627836e+02
      vertex   -2.000000e+01 -4.709484e+01 2.625128e+02
      vertex   -1.700000e+01 -4.709484e+01 2.625128e+02
    endloop
  endfacet
  facet normal -0.000000e+00 -8.568577e-01 -5.155530e-01
    outer loop
      vertex   -1.700000e+01 -4.709484e+01 2.625128e+02
      vertex   -2.000000e+01 -4.709484e+01 2.625128e+02
      vertex   -2.000000e+01 -4.691808e+01 2.622191e+02
    endloop
  endfacet
  facet normal 0.000000e+00 -8.568577e-01 -5.155530e-01
    outer loop
      vertex   -1.700000e+01 -4.709484e+01 2.625128e+02
      vertex   -2.000000e+01 -4.691808e+01 2.622191e+02
      vertex   -1.700000e+01 -4.691808e+01 2.622191e+02
    endloop
  endfacet
  facet normal -0.000000e+00 -9.040029e-01 -4.275263e-01
    outer loop
      vertex   -1.700000e+01 -4.691808e+01 2.622191e+02
      vertex   -2.000000e+01 -4.691808e+01 2.622191e+02
      vertex   -2.000000e+01 -4.676711e+01 2.618998e+02
    endloop
  endfacet
  facet normal 0.000000e+00 -9.040029e-01 -4.275263e-01
    outer loop
      vertex   -1.700000e+01 -4.691808e+01 2.622191e+02
      vertex   -2.000000e+01 -4.676711e+01 2.618998e+02
      vertex   -1.700000e+01 -4.676711e+01 2.618998e+02
    endloop
  endfacet
  facet normal -0.000000e+00 -9.411952e-01 -3.378633e-01
    outer loop
      vertex   -1.700000e+01 -4.676711e+01 2.618998e+02
      vertex   -2.000000e+01 -4.676711e+01 2.618998e+02
      vertex   -2.000000e+01 -4.664767e+01 2.615671e+02
    endloop
  endfacet
  facet normal 0.000000e+00 -9.411952e-01 -3.378633e-01
    outer loop
      vertex   -1.700000e+01 -4.676711e+01 2.618998e+02
      vertex   -2.000000e+01 -4.664767e+01 2.615671e+02
      vertex   -1.700000e+01 -4.664767e+01 2.615671e+02
    endloop
  endfacet
  facet normal -0.000000e+00 -9.702338e-01 -2.421700e-01
    outer loop
      vertex   -1.700000e+01 -4.664767e+01 2.615671e+02
      vertex   -2.000000e+01 -4.664767e+01 2.615671e+02
      vertex   -2.000000e+01 -4.656449e+01 2.612339e+02
    endloop
  endfacet
  facet normal 0.000000e+00 -9.702338e-01 -2.421700e-01
    outer loop
      vertex   -1.700000e+01 -4.664767e+01 2.615671e+02
      vertex   -2.000000e+01 -4.656449e+01 2.612339e+02
      vertex   -1.700000e+01 -4.656449e+01 2.612339e+02
    endloop
  endfacet
  facet normal -0.000000e+00 -9.896507e-01 -1.434972e-01
    outer loop
      vertex   -1.700000e+01 -4.656449e+01 2.612339e+02
      vertex   -2.000000e+01 -4.656449e+01 2.612339e+02
      vertex   -2.000000e+01 -4.651584e+01 2.608983e+02
    endloop
  endfacet
  facet normal 0.000000e+00 -9.896507e-01 -1.434972e-01
    outer loop
      vertex   -1.700000e+01 -4.656449e+01 2.612339e+02
      vertex   -2.000000e+01 -4.651584e+01 2.608983e+02
      vertex   -1.700000e+01 -4.651584e+01 2.608983e+02
    endloop
  endfacet
  facet normal -0.000000e+00 -9.989139e-01 -4.659377e-02
    outer loop
      vertex   -1.700000e+01 -4.651584e+01 2.608983e+02
      vertex   -2.000000e+01 -4.651584e+01 2.608983e+02
      vertex   -2.000000e+01 -4.650000e+01 2.605588e+02
    endloop
  endfacet
  facet normal 0.000000e+00 -9.989139e-01 -4.659377e-02
    outer loop
      vertex   -1.700000e+01 -4.651584e+01 2.608983e+02
      vertex   -2.000000e+01 -4.650000e+01 2.605588e+02
      vertex   -1.700000e+01 -4.650000e+01 2.605588e+02
    endloop
  endfacet
  facet normal -1.000000e+00 -2.078032e-15 2.260787e-14
    outer loop
      vertex   -1.700000e+01 -4.853390e+01 2.608700e+02
      vertex   -1.700000e+01 -4.651584e+01 2.608983e+02
      vertex   -1.700000e+01 -4.850000e+01 2.605588e+02
    endloop
  endfacet
  facet normal -1.000000e+00 1.776357e-15 8.285716e-17
    outer loop
      vertex   -1.700000e+01 -4.850000e+01 2.605588e+02
      vertex   -1.700000e+01 -4.651584e+01 2.608983e+02
      vertex   -1.700000e+01 -4.650000e+01 2.605588e+02
    endloop
  endfacet
  facet normal -1.000000e+00 1.776357e-15 -8.285716e-17
    outer loop
      vertex   -1.700000e+01 -4.850000e+01 2.605588e+02
      vertex   -1.700000e+01 -4.650000e+01 2.605588e+02
      vertex   -1.700000e+01 -4.651584e+01 2.602193e+02
    endloop
  endfacet
  facet normal -1.000000e+00 2.784549e-15 -1.262969e-14
    outer loop
      vertex   -1.700000e+01 -4.861460e+01 2.611335e+02
      vertex   -1.700000e+01 -4.664767e+01 2.615671e+02
      vertex   -1.700000e+01 -4.853390e+01 2.608700e+02
    endloop
  endfacet
  facet normal -1.000000e+00 -1.724419e-15 -4.304143e-16
    outer loop
      vertex   -1.700000e+01 -4.853390e+01 2.608700e+02
      vertex   -1.700000e+01 -4.664767e+01 2.615671e+02
      vertex   -1.700000e+01 -4.656449e+01 2.612339e+02
    endloop
  endfacet
  facet normal -1.000000e+00 -1.756878e-15 -2.547435e-16
    outer loop
      vertex   -1.700000e+01 -4.853390e+01 2.608700e+02
      vertex   -1.700000e+01 -4.656449e+01 2.612339e+02
      vertex   -1.700000e+01 -4.651584e+01 2.608983e+02
    endloop
  endfacet
  facet normal -1.000000e+00 0.000000e+00 0.000000e+00
    outer loop
      vertex   -1.700000e+01 -4.876310e+01 2.614055e+02
      vertex   -1.700000e+01 -4.691808e+01 2.622191e+02
      vertex   -1.700000e+01 -4.861460e+01 2.611335e+02
    endloop
  endfacet
  facet normal -1.000000e+00 0.000000e+00 0.000000e+00
    outer loop
      vertex   -1.700000e+01 -4.861460e+01 2.611335e+02
      vertex   -1.700000e+01 -4.691808e+01 2.622191e+02
      vertex   -1.700000e+01 -4.676711e+01 2.618998e+02
    endloop
  endfacet
  facet normal -1.000000e+00 0.000000e+00 0.000000e+00
    outer loop
      vertex   -1.700000e+01 -4.861460e+01 2.611335e+02
      vertex   -1.700000e+01 -4.676711e+01 2.618998e+02
      vertex   -1.700000e+01 -4.664767e+01 2.615671e+02
    endloop
  endfacet
  facet normal -1.000000e+00 0.000000e+00 0.000000e+00
    outer loop
      vertex   -1.700000e+01 -4.893949e+01 2.616193e+02
      vertex   -1.700000e+01 -4.729723e+01 2.627836e+02
      vertex   -1.700000e+01 -4.876310e+01 2.614055e+02
    endloop
  endfacet
  facet normal -1.000000e+00 0.000000e+00 0.000000e+00
    outer loop
      vertex   -1.700000e+01 -4.876310e+01 2.614055e+02
      vertex   -1.700000e+01 -4.729723e+01 2.627836e+02
      vertex   -1.700000e+01 -4.709484e+01 2.625128e+02
    endloop
  endfacet
  facet normal -1.000000e+00 0.000000e+00 0.000000e+00
    outer loop
      vertex   -1.700000e+01 -4.876310e+01 2.614055e+02
      vertex   -1.700000e+01 -4.709484e+01 2.625128e+02
      vertex   -1.700000e+01 -4.691808e+01 2.622191e+02
    endloop
  endfacet
  facet normal -1.000000e+00 0.000000e+00 0.000000e+00
    outer loop
      vertex   -1.700000e+01 -4.918124e+01 2.618145e+02
      vertex   -1.700000e+01 -4.777522e+01 2.632616e+02
      vertex   -1.700000e+01 -4.893949e+01 2.616193e+02
    endloop
  endfacet
  facet normal -1.000000e+00 0.000000e+00 0.000000e+00
    outer loop
      vertex   -1.700000e+01 -4.893949e+01 2.616193e+02
      vertex   -1.700000e+01 -4.777522e+01 2.632616e+02
      vertex   -1.700000e+01 -4.752513e+01 2.630337e+02
    endloop
  endfacet
  facet normal -1.000000e+00 0.000000e+00 0.000000e+00
    outer loop
      vertex   -1.700000e+01 -4.893949e+01 2.616193e+02
      vertex   -1.700000e+01 -4.752513e+01 2.630337e+02
      vertex   -1.700000e+01 -4.729723e+01 2.627836e+02
    endloop
  endfacet
  facet normal -1.000000e+00 8.297753e-16 1.563040e-15
    outer loop
      vertex   -1.700000e+01 -4.942536e+01 2.619441e+02
      vertex   -1.700000e+01 -4.833971e+01 2.636407e+02
      vertex   -1.700000e+01 -4.918124e+01 2.618145e+02
    endloop
  endfacet
  facet normal -1.000000e+00 -8.551980e-15 5.886216e-15
    outer loop
      vertex   -1.700000e+01 -4.918124e+01 2.618145e+02
      vertex   -1.700000e+01 -4.833971e+01 2.636407e+02
      vertex   -1.700000e+01 -4.804594e+01 2.634639e+02
    endloop
  endfacet
  facet normal -1.000000e+00 0.000000e+00 0.000000e+00
    outer loop
      vertex   -1.700000e+01 -4.918124e+01 2.618145e+02
      vertex   -1.700000e+01 -4.804594e+01 2.634639e+02
      vertex   -1.700000e+01 -4.777522e+01 2.632616e+02
    endloop
  endfacet
  facet normal -1.000000e+00 -1.132249e-14 2.496371e-15
    outer loop
      vertex   -1.700000e+01 -4.971987e+01 2.620315e+02
      vertex   -1.700000e+01 -4.899167e+01 2.639111e+02
      vertex   -1.700000e+01 -4.942536e+01 2.619441e+02
    endloop
  endfacet
  facet normal -1.000000e+00 0.000000e+00 0.000000e+00
    outer loop
      vertex   -1.700000e+01 -4.942536e+01 2.619441e+02
      vertex   -1.700000e+01 -4.899167e+01 2.639111e+02
      vertex   -1.700000e+01 -4.865896e+01 2.637917e+02
    endloop
  endfacet
  facet normal -1.000000e+00 9.303171e-15 -3.859049e-15
    outer loop
      vertex   -1.700000e+01 -4.942536e+01 2.619441e+02
      vertex   -1.700000e+01 -4.865896e+01 2.637917e+02
      vertex   -1.700000e+01 -4.833971e+01 2.636407e+02
    endloop
  endfacet
  facet normal -1.000000e+00 1.247651e-14 -2.134550e-15
    outer loop
      vertex   -1.700000e+01 -5.000000e+01 2.620585e+02
      vertex   -1.700000e+01 -4.966049e+01 2.640429e+02
      vertex   -1.700000e+01 -4.971987e+01 2.620315e+02
    endloop
  endfacet
  facet normal -1.000000e+00 -2.549958e-16 -1.758676e-15
    outer loop
      vertex   -1.700000e+01 -4.971987e+01 2.620315e+02
      vertex   -1.700000e+01 -4.966049e+01 2.640429e+02
      vertex   -1.700000e+01 -4.932495e+01 2.639943e+02
    endloop
  endfacet
  facet normal -1.000000e+00 -4.301621e-16 -1.723432e-15
    outer loop
      vertex   -1.700000e+01 -4.971987e+01 2.620315e+02
      vertex   -1.700000e+01 -4.932495e+01 2.639943e+02
      vertex   -1.700000e+01 -4.899167e+01 2.639111e+02
    endloop
  endfacet
  facet normal -1.000000e+00 0.000000e+00 0.000000e+00
    outer loop
      vertex   -1.700000e+01 -5.030621e+01 2.620263e+02
      vertex   -1.700000e+01 -5.033951e+01 2.640429e+02
      vertex   -1.700000e+01 -5.000000e+01 2.620585e+02
    endloop
  endfacet
  facet normal -1.000000e+00 0.000000e+00 0.000000e+00
    outer loop
      vertex   -1.700000e+01 -5.000000e+01 2.620585e+02
      vertex   -1.700000e+01 -5.033951e+01 2.640429e+02
      vertex   -1.700000e+01 -5.000000e+01 2.640588e+02
    endloop
  endfacet
  facet normal -1.000000e+00 0.000000e+00 0.000000e+00
    outer loop
      vertex   -1.700000e+01 -5.000000e+01 2.620585e+02
      vertex   -1.700000e+01 -5.000000e+01 2.640588e+02
      vertex   -1.700000e+01 -4.966049e+01 2.640429e+02
    endloop
  endfacet
  facet normal -1.000000e+00 -1.136173e-14 -6.117483e-15
    outer loop
      vertex   -1.700000e+01 -5.057474e+01 2.619443e+02
      vertex   -1.700000e+01 -5.100833e+01 2.639111e+02
      vertex   -1.700000e+01 -5.030621e+01 2.620263e+02
    endloop
  endfacet
  facet normal -1.000000e+00 1.018363e-14 1.908692e-15
    outer loop
      vertex   -1.700000e+01 -5.030621e+01 2.620263e+02
      vertex   -1.700000e+01 -5.100833e+01 2.639111e+02
      vertex   -1.700000e+01 -5.067505e+01 2.639943e+02
    endloop
  endfacet
  facet normal -1.000000e+00 0.000000e+00 0.000000e+00
    outer loop
      vertex   -1.700000e+01 -5.030621e+01 2.620263e+02
      vertex   -1.700000e+01 -5.067505e+01 2.639943e+02
      vertex   -1.700000e+01 -5.033951e+01 2.640429e+02
    endloop
  endfacet
  facet normal -1.000000e+00 1.236088e-14 3.721453e-15
    outer loop
      vertex   -1.700000e+01 -5.082260e+01 2.618129e+02
      vertex   -1.700000e+01 -5.166029e+01 2.636407e+02
      vertex   -1.700000e+01 -5.057474e+01 2.619443e+02
    endloop
  endfacet
  facet normal -1.000000e+00 1.006352e-14 2.251300e-15
    outer loop
      vertex   -1.700000e+01 -5.057474e+01 2.619443e+02
      vertex   -1.700000e+01 -5.166029e+01 2.636407e+02
      vertex   -1.700000e+01 -5.134104e+01 2.637917e+02
    endloop
  endfacet
  facet normal -1.000000e+00 -8.693237e-15 -5.529200e-15
    outer loop
      vertex   -1.700000e+01 -5.057474e+01 2.619443e+02
      vertex   -1.700000e+01 -5.134104e+01 2.637917e+02
      vertex   -1.700000e+01 -5.100833e+01 2.639111e+02
    endloop
  endfacet
  facet normal -1.000000e+00 -7.235292e-15 -9.455917e-15
    outer loop
      vertex   -1.700000e+01 -5.106042e+01 2.616192e+02
      vertex   -1.700000e+01 -5.222478e+01 2.632616e+02
      vertex   -1.700000e+01 -5.082260e+01 2.618129e+02
    endloop
  endfacet
  facet normal -1.000000e+00 8.677451e-15 5.946830e-15
    outer loop
      vertex   -1.700000e+01 -5.082260e+01 2.618129e+02
      vertex   -1.700000e+01 -5.222478e+01 2.632616e+02
      vertex   -1.700000e+01 -5.195406e+01 2.634639e+02
    endloop
  endfacet
  facet normal -1.000000e+00 -8.562790e-15 -5.868250e-15
    outer loop
      vertex   -1.700000e+01 -5.082260e+01 2.618129e+02
      vertex   -1.700000e+01 -5.195406e+01 2.634639e+02
      vertex   -1.700000e+01 -5.166029e+01 2.636407e+02
    endloop
  endfacet
  facet normal -1.000000e+00 6.727185e-15 9.488901e-15
    outer loop
      vertex   -1.700000e+01 -5.125332e+01 2.613816e+02
      vertex   -1.700000e+01 -5.270277e+01 2.627836e+02
      vertex   -1.700000e+01 -5.106042e+01 2.616192e+02
    endloop
  endfacet
  facet normal -1.000000e+00 -6.118246e-15 -8.629973e-15
    outer loop
      vertex   -1.700000e+01 -5.106042e+01 2.616192e+02
      vertex   -1.700000e+01 -5.270277e+01 2.627836e+02
      vertex   -1.700000e+01 -5.247487e+01 2.630337e+02
    endloop
  endfacet
  facet normal -1.000000e+00 -6.235077e-15 -8.746805e-15
    outer loop
      vertex   -1.700000e+01 -5.106042e+01 2.616192e+02
      vertex   -1.700000e+01 -5.247487e+01 2.630337e+02
      vertex   -1.700000e+01 -5.222478e+01 2.632616e+02
    endloop
  endfacet
  facet normal -1.000000e+00 0.000000e+00 0.000000e+00
    outer loop
      vertex   -1.700000e+01 -5.138519e+01 2.611334e+02
      vertex   -1.700000e+01 -5.308192e+01 2.622191e+02
      vertex   -1.700000e+01 -5.125332e+01 2.613816e+02
    endloop
  endfacet
  facet normal -1.000000e+00 4.342357e-15 9.480952e-15
    outer loop
      vertex   -1.700000e+01 -5.125332e+01 2.613816e+02
      vertex   -1.700000e+01 -5.308192e+01 2.622191e+02
      vertex   -1.700000e+01 -5.290516e+01 2.625128e+02
    endloop
  endfacet
  facet normal -1.000000e+00 -1.422450e-15 1.063435e-15
    outer loop
      vertex   -1.700000e+01 -5.125332e+01 2.613816e+02
      vertex   -1.700000e+01 -5.290516e+01 2.625128e+02
      vertex   -1.700000e+01 -5.270277e+01 2.627836e+02
    endloop
  endfacet
  facet normal -1.000000e+00 4.088208e-15 1.035016e-14
    outer loop
      vertex   -1.700000e+01 -5.147533e+01 2.608257e+02
      vertex   -1.700000e+01 -5.335232e+01 2.615671e+02
      vertex   -1.700000e+01 -5.138519e+01 2.611334e+02
    endloop
  endfacet
  facet normal -1.000000e+00 3.855419e-15 9.294407e-15
    outer loop
      vertex   -1.700000e+01 -5.138519e+01 2.611334e+02
      vertex   -1.700000e+01 -5.335232e+01 2.615671e+02
      vertex   -1.700000e+01 -5.323289e+01 2.618998e+02
    endloop
  endfacet
  facet normal -1.000000e+00 0.000000e+00 0.000000e+00
    outer loop
      vertex   -1.700000e+01 -5.138519e+01 2.611334e+02
      vertex   -1.700000e+01 -5.323289e+01 2.618998e+02
      vertex   -1.700000e+01 -5.308192e+01 2.622191e+02
    endloop
  endfacet
  facet normal -1.000000e+00 -4.268430e-16 -1.181498e-14
    outer loop
      vertex   -1.700000e+01 -5.149916e+01 2.605259e+02
      vertex   -1.700000e+01 -5.348416e+01 2.608983e+02
      vertex   -1.700000e+01 -5.147533e+01 2.608257e+02
    endloop
  endfacet
  facet normal -1.000000e+00 3.805168e-16 1.053268e-14
    outer loop
      vertex   -1.700000e+01 -5.147533e+01 2.608257e+02
      vertex   -1.700000e+01 -5.348416e+01 2.608983e+02
      vertex   -1.700000e+01 -5.343551e+01 2.612339e+02
    endloop
  endfacet
  facet normal -1.000000e+00 -3.832756e-15 -9.703427e-15
    outer loop
      vertex   -1.700000e+01 -5.147533e+01 2.608257e+02
      vertex   -1.700000e+01 -5.343551e+01 2.612339e+02
      vertex   -1.700000e+01 -5.335232e+01 2.615671e+02
    endloop
  endfacet
  facet normal -1.000000e+00 3.639516e-15 -1.197430e-14
    outer loop
      vertex   -1.700000e+01 -5.146497e+01 2.602396e+02
      vertex   -1.700000e+01 -5.348416e+01 2.602193e+02
      vertex   -1.700000e+01 -5.149916e+01 2.605259e+02
    endloop
  endfacet
  facet normal -1.000000e+00 1.721202e-16 1.047190e-14
    outer loop
      vertex   -1.700000e+01 -5.149916e+01 2.605259e+02
      vertex   -1.700000e+01 -5.348416e+01 2.602193e+02
      vertex   -1.700000e+01 -5.350000e+01 2.605588e+02
    endloop
  endfacet
  facet normal -1.000000e+00 -1.718564e-16 -1.045586e-14
    outer loop
      vertex   -1.700000e+01 -5.149916e+01 2.605259e+02
      vertex   -1.700000e+01 -5.350000e+01 2.605588e+02
      vertex   -1.700000e+01 -5.348416e+01 2.608983e+02
    endloop
  endfacet
  facet normal -1.000000e+00 3.379207e-15 1.055899e-15
    outer loop
      vertex   -1.700000e+01 -5.138517e+01 2.599842e+02
      vertex   -1.700000e+01 -5.335232e+01 2.595504e+02
      vertex   -1.700000e+01 -5.146497e+01 2.602396e+02
    endloop
  endfacet
  facet normal -1.000000e+00 -1.170104e-16 1.063088e-14
    outer loop
      vertex   -1.700000e+01 -5.146497e+01 2.602396e+02
      vertex   -1.700000e+01 -5.335232e+01 2.595504e+02
      vertex   -1.700000e+01 -5.343551e+01 2.598837e+02
    endloop
  endfacet
  facet normal -1.000000e+00 3.620271e-15 -1.006292e-14
    outer loop
      vertex   -1.700000e+01 -5.146497e+01 2.602396e+02
      vertex   -1.700000e+01 -5.343551e+01 2.598837e+02
      vertex   -1.700000e+01 -5.348416e+01 2.602193e+02
    endloop
  endfacet
  facet normal -1.000000e+00 3.112928e-15 1.679634e-15
    outer loop
      vertex   -1.700000e+01 -5.124226e+01 2.597193e+02
      vertex   -1.700000e+01 -5.308192e+01 2.588985e+02
      vertex   -1.700000e+01 -5.138517e+01 2.599842e+02
    endloop
  endfacet
  facet normal -1.000000e+00 -2.251790e-15 1.006369e-14
    outer loop
      vertex   -1.700000e+01 -5.138517e+01 2.599842e+02
      vertex   -1.700000e+01 -5.308192e+01 2.588985e+02
      vertex   -1.700000e+01 -5.323289e+01 2.592177e+02
    endloop
  endfacet
  facet normal -1.000000e+00 5.528982e-15 -8.693644e-15
    outer loop
      vertex   -1.700000e+01 -5.138517e+01 2.599842e+02
      vertex   -1.700000e+01 -5.323289e+01 2.592177e+02
      vertex   -1.700000e+01 -5.335232e+01 2.595504e+02
    endloop
  endfacet
  facet normal -1.000000e+00 2.731901e-15 2.248894e-15
    outer loop
      vertex   -1.700000e+01 -5.106038e+01 2.594984e+02
      vertex   -1.700000e+01 -5.270277e+01 2.583340e+02
      vertex   -1.700000e+01 -5.124226e+01 2.597193e+02
    endloop
  endfacet
  facet normal -1.000000e+00 -4.436563e-15 9.806358e-15
    outer loop
      vertex   -1.700000e+01 -5.124226e+01 2.597193e+02
      vertex   -1.700000e+01 -5.270277e+01 2.583340e+02
      vertex   -1.700000e+01 -5.290516e+01 2.586047e+02
    endloop
  endfacet
  facet normal -1.000000e+00 7.298975e-15 -7.702018e-15
    outer loop
      vertex   -1.700000e+01 -5.124226e+01 2.597193e+02
      vertex   -1.700000e+01 -5.290516e+01 2.586047e+02
      vertex   -1.700000e+01 -5.308192e+01 2.588985e+02
    endloop
  endfacet
  facet normal -1.000000e+00 -8.441681e-15 8.147995e-15
    outer loop
      vertex   -1.700000e+01 -5.082465e+01 2.593066e+02
      vertex   -1.700000e+01 -5.222478e+01 2.578560e+02
      vertex   -1.700000e+01 -5.106038e+01 2.594984e+02
    endloop
  endfacet
  facet normal -1.000000e+00 1.197490e-15 1.314165e-15
    outer loop
      vertex   -1.700000e+01 -5.106038e+01 2.594984e+02
      vertex   -1.700000e+01 -5.222478e+01 2.578560e+02
      vertex   -1.700000e+01 -5.247487e+01 2.580839e+02
    endloop
  endfacet
  facet normal -1.000000e+00 8.746625e-15 -6.234961e-15
    outer loop
      vertex   -1.700000e+01 -5.106038e+01 2.594984e+02
      vertex   -1.700000e+01 -5.247487e+01 2.580839e+02
      vertex   -1.700000e+01 -5.270277e+01 2.583340e+02
    endloop
  endfacet
  facet normal -1.000000e+00 -0.000000e+00 0.000000e+00
    outer loop
      vertex   -1.700000e+01 -5.057458e+01 2.591736e+02
      vertex   -1.700000e+01 -5.166029e+01 2.574769e+02
      vertex   -1.700000e+01 -5.082465e+01 2.593066e+02
    endloop
  endfacet
  facet normal -1.000000e+00 0.000000e+00 0.000000e+00
    outer loop
      vertex   -1.700000e+01 -5.082465e+01 2.593066e+02
      vertex   -1.700000e+01 -5.166029e+01 2.574769e+02
      vertex   -1.700000e+01 -5.195406e+01 2.576536e+02
    endloop
  endfacet
  facet normal -1.000000e+00 0.000000e+00 0.000000e+00
    outer loop
      vertex   -1.700000e+01 -5.082465e+01 2.593066e+02
      vertex   -1.700000e+01 -5.195406e+01 2.576536e+02
      vertex   -1.700000e+01 -5.222478e+01 2.578560e+02
    endloop
  endfacet
  facet normal -1.000000e+00 -0.000000e+00 0.000000e+00
    outer loop
      vertex   -1.700000e+01 -5.028602e+01 2.590870e+02
      vertex   -1.700000e+01 -5.100833e+01 2.572065e+02
      vertex   -1.700000e+01 -5.057458e+01 2.591736e+02
    endloop
  endfacet
  facet normal -1.000000e+00 0.000000e+00 0.000000e+00
    outer loop
      vertex   -1.700000e+01 -5.057458e+01 2.591736e+02
      vertex   -1.700000e+01 -5.100833e+01 2.572065e+02
      vertex   -1.700000e+01 -5.134104e+01 2.573259e+02
    endloop
  endfacet
  facet normal -1.000000e+00 0.000000e+00 0.000000e+00
    outer loop
      vertex   -1.700000e+01 -5.057458e+01 2.591736e+02
      vertex   -1.700000e+01 -5.134104e+01 2.573259e+02
      vertex   -1.700000e+01 -5.166029e+01 2.574769e+02
    endloop
  endfacet
  facet normal -1.000000e+00 -2.477849e-14 6.586574e-16
    outer loop
      vertex   -1.700000e+01 -5.000000e+01 2.590592e+02
      vertex   -1.700000e+01 -5.033951e+01 2.570746e+02
      vertex   -1.700000e+01 -5.028602e+01 2.590870e+02
    endloop
  endfacet
  facet normal -1.000000e+00 0.000000e+00 0.000000e+00
    outer loop
      vertex   -1.700000e+01 -5.028602e+01 2.590870e+02
      vertex   -1.700000e+01 -5.033951e+01 2.570746e+02
      vertex   -1.700000e+01 -5.067505e+01 2.571233e+02
    endloop
  endfacet
  facet normal -1.000000e+00 0.000000e+00 0.000000e+00
    outer loop
      vertex   -1.700000e+01 -5.028602e+01 2.590870e+02
      vertex   -1.700000e+01 -5.067505e+01 2.571233e+02
      vertex   -1.700000e+01 -5.100833e+01 2.572065e+02
    endloop
  endfacet
  facet normal -1.000000e+00 -4.828817e-14 -1.184134e-14
    outer loop
      vertex   -1.700000e+01 -4.971260e+01 2.590873e+02
      vertex   -1.700000e+01 -4.966049e+01 2.570746e+02
      vertex   -1.700000e+01 -5.000000e+01 2.590592e+02
    endloop
  endfacet
  facet normal -1.000000e+00 1.656714e-16 -3.551998e-15
    outer loop
      vertex   -1.700000e+01 -5.000000e+01 2.590592e+02
      vertex   -1.700000e+01 -4.966049e+01 2.570746e+02
      vertex   -1.700000e+01 -5.000000e+01 2.570588e+02
    endloop
  endfacet
  facet normal -1.000000e+00 -1.656714e-16 -3.551998e-15
    outer loop
      vertex   -1.700000e+01 -5.000000e+01 2.590592e+02
      vertex   -1.700000e+01 -5.000000e+01 2.570588e+02
      vertex   -1.700000e+01 -5.033951e+01 2.570746e+02
    endloop
  endfacet
  facet normal -1.000000e+00 1.529892e-15 -1.055148e-14
    outer loop
      vertex   -1.700000e+01 -4.966049e+01 2.570746e+02
      vertex   -1.700000e+01 -4.971260e+01 2.590873e+02
      vertex   -1.700000e+01 -4.932495e+01 2.571233e+02
    endloop
  endfacet
  facet normal -1.000000e+00 -2.288124e-14 -1.536969e-14
    outer loop
      vertex   -1.700000e+01 -4.932495e+01 2.571233e+02
      vertex   -1.700000e+01 -4.971260e+01 2.590873e+02
      vertex   -1.700000e+01 -4.957889e+01 2.591194e+02
    endloop
  endfacet
  facet normal -1.000000e+00 3.013952e-15 -1.207531e-14
    outer loop
      vertex   -1.700000e+01 -4.932495e+01 2.571233e+02
      vertex   -1.700000e+01 -4.957889e+01 2.591194e+02
      vertex   -1.700000e+01 -4.899167e+01 2.572065e+02
    endloop
  endfacet
  facet normal -1.000000e+00 4.051582e-15 -1.175678e-14
    outer loop
      vertex   -1.700000e+01 -4.899167e+01 2.572065e+02
      vertex   -1.700000e+01 -4.957889e+01 2.591194e+02
      vertex   -1.700000e+01 -4.942493e+01 2.591724e+02
    endloop
  endfacet
  facet normal -1.000000e+00 4.207976e-15 -1.172232e-14
    outer loop
      vertex   -1.700000e+01 -4.899167e+01 2.572065e+02
      vertex   -1.700000e+01 -4.942493e+01 2.591724e+02
      vertex   -1.700000e+01 -4.865896e+01 2.573259e+02
    endloop
  endfacet
  facet normal -1.000000e+00 5.280845e-15 -1.127728e-14
    outer loop
      vertex   -1.700000e+01 -4.865896e+01 2.573259e+02
      vertex   -1.700000e+01 -4.942493e+01 2.591724e+02
      vertex   -1.700000e+01 -4.931718e+01 2.592229e+02
    endloop
  endfacet
  facet normal -1.000000e+00 5.325911e-15 -1.126164e-14
    outer loop
      vertex   -1.700000e+01 -4.865896e+01 2.573259e+02
      vertex   -1.700000e+01 -4.931718e+01 2.592229e+02
      vertex   -1.700000e+01 -4.833971e+01 2.574769e+02
    endloop
  endfacet
  facet normal -1.000000e+00 2.697241e-14 8.566321e-16
    outer loop
      vertex   -1.700000e+01 -4.833971e+01 2.574769e+02
      vertex   -1.700000e+01 -4.931718e+01 2.592229e+02
      vertex   -1.700000e+01 -4.918785e+01 2.592981e+02
    endloop
  endfacet
  facet normal -1.000000e+00 5.500837e-15 -9.142450e-15
    outer loop
      vertex   -1.700000e+01 -4.833971e+01 2.574769e+02
      vertex   -1.700000e+01 -4.918785e+01 2.592981e+02
      vertex   -1.700000e+01 -4.804594e+01 2.576536e+02
    endloop
  endfacet
  facet normal -1.000000e+00 6.379101e-15 -8.532603e-15
    outer loop
      vertex   -1.700000e+01 -4.804594e+01 2.576536e+02
      vertex   -1.700000e+01 -4.918785e+01 2.592981e+02
      vertex   -1.700000e+01 -4.777522e+01 2.578560e+02
    endloop
  endfacet
  facet normal -1.000000e+00 5.461690e-14 3.871881e-14
    outer loop
      vertex   -1.700000e+01 -4.777522e+01 2.578560e+02
      vertex   -1.700000e+01 -4.918785e+01 2.592981e+02
      vertex   -1.700000e+01 -4.893934e+01 2.594981e+02
    endloop
  endfacet
  facet normal -1.000000e+00 0.000000e+00 0.000000e+00
    outer loop
      vertex   -1.700000e+01 -4.777522e+01 2.578560e+02
      vertex   -1.700000e+01 -4.893934e+01 2.594981e+02
      vertex   -1.700000e+01 -4.752513e+01 2.580839e+02
    endloop
  endfacet
  facet normal -1.000000e+00 0.000000e+00 0.000000e+00
    outer loop
      vertex   -1.700000e+01 -4.752513e+01 2.580839e+02
      vertex   -1.700000e+01 -4.893934e+01 2.594981e+02
      vertex   -1.700000e+01 -4.729723e+01 2.583340e+02
    endloop
  endfacet
  facet normal -1.000000e+00 7.733021e-15 1.090831e-14
    outer loop
      vertex   -1.700000e+01 -4.729723e+01 2.583340e+02
      vertex   -1.700000e+01 -4.893934e+01 2.594981e+02
      vertex   -1.700000e+01 -4.876813e+01 2.597024e+02
    endloop
  endfacet
  facet normal -1.000000e+00 -1.424537e-15 1.064995e-15
    outer loop
      vertex   -1.700000e+01 -4.729723e+01 2.583340e+02
      vertex   -1.700000e+01 -4.876813e+01 2.597024e+02
      vertex   -1.700000e+01 -4.709484e+01 2.586047e+02
    endloop
  endfacet
  facet normal -1.000000e+00 -1.421985e-14 -1.843962e-14
    outer loop
      vertex   -1.700000e+01 -4.709484e+01 2.586047e+02
      vertex   -1.700000e+01 -4.876813e+01 2.597024e+02
      vertex   -1.700000e+01 -4.868726e+01 2.598327e+02
    endloop
  endfacet
  facet normal -1.000000e+00 0.000000e+00 0.000000e+00
    outer loop
      vertex   -1.700000e+01 -4.709484e+01 2.586047e+02
      vertex   -1.700000e+01 -4.868726e+01 2.598327e+02
      vertex   -1.700000e+01 -4.691808e+01 2.588985e+02
    endloop
  endfacet
  facet normal -1.000000e+00 0.000000e+00 0.000000e+00
    outer loop
      vertex   -1.700000e+01 -4.691808e+01 2.588985e+02
      vertex   -1.700000e+01 -4.868726e+01 2.598327e+02
      vertex   -1.700000e+01 -4.861448e+01 2.599841e+02
    endloop
  endfacet
  facet normal -1.000000e+00 0.000000e+00 0.000000e+00
    outer loop
      vertex   -1.700000e+01 -4.691808e+01 2.588985e+02
      vertex   -1.700000e+01 -4.861448e+01 2.599841e+02
      vertex   -1.700000e+01 -4.676711e+01 2.592177e+02
    endloop
  endfacet
  facet normal -1.000000e+00 0.000000e+00 0.000000e+00
    outer loop
      vertex   -1.700000e+01 -4.676711e+01 2.592177e+02
      vertex   -1.700000e+01 -4.861448e+01 2.599841e+02
      vertex   -1.700000e+01 -4.664767e+01 2.595504e+02
    endloop
  endfacet
  facet normal -1.000000e+00 0.000000e+00 0.000000e+00
    outer loop
      vertex   -1.700000e+01 -4.664767e+01 2.595504e+02
      vertex   -1.700000e+01 -4.861448e+01 2.599841e+02
      vertex   -1.700000e+01 -4.853114e+01 2.602570e+02
    endloop
  endfacet
  facet normal -1.000000e+00 0.000000e+00 0.000000e+00
    outer loop
      vertex   -1.700000e+01 -4.664767e+01 2.595504e+02
      vertex   -1.700000e+01 -4.853114e+01 2.602570e+02
      vertex   -1.700000e+01 -4.656449e+01 2.598837e+02
    endloop
  endfacet
  facet normal -1.000000e+00 0.000000e+00 0.000000e+00
    outer loop
      vertex   -1.700000e+01 -4.656449e+01 2.598837e+02
      vertex   -1.700000e+01 -4.853114e+01 2.602570e+02
      vertex   -1.700000e+01 -4.651584e+01 2.602193e+02
    endloop
  endfacet
  facet normal -1.000000e+00 -2.200846e-16 -1.175004e-14
    outer loop
      vertex   -1.700000e+01 -4.651584e+01 2.602193e+02
      vertex   -1.700000e+01 -4.853114e+01 2.602570e+02
      vertex   -1.700000e+01 -4.850000e+01 2.605588e+02
    endloop
  endfacet
  facet normal -6.587227e-15 -9.956413e-01 -9.326555e-02
    outer loop
      vertex   7.603453e+00 -4.850000e+01 2.605588e+02
      vertex   1.700000e+01 -4.850000e+01 2.605588e+02
      vertex   7.608599e+00 -4.852603e+01 2.608366e+02
    endloop
  endfacet
  facet normal -1.483622e-04 -9.951632e-01 -9.823551e-02
    outer loop
      vertex   7.608599e+00 -4.852603e+01 2.608366e+02
      vertex   1.700000e+01 -4.850000e+01 2.605588e+02
      vertex   1.700000e+01 -4.852823e+01 2.608448e+02
    endloop
  endfacet
  facet normal 2.318262e-05 -9.584260e-01 -2.853412e-01
    outer loop
      vertex   7.608599e+00 -4.852603e+01 2.608366e+02
      vertex   1.700000e+01 -4.852823e+01 2.608448e+02
      vertex   7.625176e+00 -4.861442e+01 2.611335e+02
    endloop
  endfacet
  facet normal -4.928686e-05 -9.577802e-01 -2.875015e-01
    outer loop
      vertex   7.625176e+00 -4.861442e+01 2.611335e+02
      vertex   1.700000e+01 -4.852823e+01 2.608448e+02
      vertex   1.700000e+01 -4.861485e+01 2.611334e+02
    endloop
  endfacet
  facet normal -4.924790e-05 -8.838926e-01 -4.676900e-01
    outer loop
      vertex   7.625176e+00 -4.861442e+01 2.611335e+02
      vertex   1.700000e+01 -4.861485e+01 2.611334e+02
      vertex   7.647718e+00 -4.874459e+01 2.613795e+02
    endloop
  endfacet
  facet normal -1.100711e-04 -8.829347e-01 -4.694958e-01
    outer loop
      vertex   7.647718e+00 -4.874459e+01 2.613795e+02
      vertex   1.700000e+01 -4.861485e+01 2.611334e+02
      vertex   1.700000e+01 -4.874784e+01 2.613835e+02
    endloop
  endfacet
  facet normal -5.252319e-06 -7.755395e-01 -6.312991e-01
    outer loop
      vertex   7.647718e+00 -4.874459e+01 2.613795e+02
      vertex   1.700000e+01 -4.874784e+01 2.613835e+02
      vertex   7.677045e+00 -4.893963e+01 2.616192e+02
    endloop
  endfacet
  facet normal 2.437144e-06 -7.756884e-01 -6.311161e-01
    outer loop
      vertex   7.677045e+00 -4.893963e+01 2.616192e+02
      vertex   1.700000e+01 -4.874784e+01 2.613835e+02
      vertex   1.700000e+01 -4.893962e+01 2.616192e+02
    endloop
  endfacet
  facet normal 2.436841e-06 -6.355532e-01 -7.720571e-01
    outer loop
      vertex   7.677045e+00 -4.893963e+01 2.616192e+02
      vertex   1.700000e+01 -4.893962e+01 2.616192e+02
      vertex   1.700000e+01 -4.916056e+01 2.618010e+02
    endloop
  endfacet
  facet normal 2.137822e-04 -6.302223e-01 -7.764147e-01
    outer loop
      vertex   7.677045e+00 -4.893963e+01 2.616192e+02
      vertex   1.700000e+01 -4.916056e+01 2.618010e+02
      vertex   7.706093e+00 -4.917728e+01 2.618121e+02
    endloop
  endfacet
  facet normal -1.885838e-04 -4.748560e-01 -8.800635e-01
    outer loop
      vertex   7.706093e+00 -4.917728e+01 2.618121e+02
      vertex   1.700000e+01 -4.916056e+01 2.618010e+02
      vertex   1.700000e+01 -4.942542e+01 2.619440e+02
    endloop
  endfacet
  facet normal -3.593950e-06 -4.694628e-01 -8.829522e-01
    outer loop
      vertex   7.706093e+00 -4.917728e+01 2.618121e+02
      vertex   1.700000e+01 -4.942542e+01 2.619440e+02
      vertex   7.728590e+00 -4.942541e+01 2.619440e+02
    endloop
  endfacet
  facet normal -3.636566e-06 -2.931957e-01 -9.560524e-01
    outer loop
      vertex   7.728590e+00 -4.942541e+01 2.619440e+02
      vertex   1.700000e+01 -4.942542e+01 2.619440e+02
      vertex   1.700000e+01 -4.969599e+01 2.620269e+02
    endloop
  endfacet
  facet normal 2.088261e-04 -2.865344e-01 -9.580699e-01
    outer loop
      vertex   7.728590e+00 -4.942541e+01 2.619440e+02
      vertex   1.700000e+01 -4.969599e+01 2.620269e+02
      vertex   7.744679e+00 -4.971600e+01 2.620309e+02
    endloop
  endfacet
  facet normal -2.035385e-04 -1.030078e-01 -9.946805e-01
    outer loop
      vertex   7.744679e+00 -4.971600e+01 2.620309e+02
      vertex   1.700000e+01 -4.969599e+01 2.620269e+02
      vertex   1.700000e+01 -5.000000e+01 2.620584e+02
    endloop
  endfacet
  facet normal 2.873505e-06 -9.634568e-02 -9.953479e-01
    outer loop
      vertex   7.744679e+00 -4.971600e+01 2.620309e+02
      vertex   1.700000e+01 -5.000000e+01 2.620584e+02
      vertex   7.749919e+00 -5.000000e+01 2.620584e+02
    endloop
  endfacet
  facet normal 2.927191e-06 9.655291e-02 -9.953279e-01
    outer loop
      vertex   7.749919e+00 -5.000000e+01 2.620584e+02
      vertex   1.700000e+01 -5.000000e+01 2.620584e+02
      vertex   1.700000e+01 -5.028405e+01 2.620309e+02
    endloop
  endfacet
  facet normal 1.179476e-04 1.002630e-01 -9.949610e-01
    outer loop
      vertex   7.749919e+00 -5.000000e+01 2.620584e+02
      vertex   1.700000e+01 -5.028405e+01 2.620309e+02
      vertex   7.744237e+00 -5.029645e+01 2.620285e+02
    endloop
  endfacet
  facet normal -1.409921e-04 2.864940e-01 -9.580820e-01
    outer loop
      vertex   7.744237e+00 -5.029645e+01 2.620285e+02
      vertex   1.700000e+01 -5.028405e+01 2.620309e+02
      vertex   1.700000e+01 -5.057460e+01 2.619440e+02
    endloop
  endfacet
  facet normal 9.138590e-06 2.910704e-01 -9.567016e-01
    outer loop
      vertex   7.744237e+00 -5.029645e+01 2.620285e+02
      vertex   1.700000e+01 -5.057460e+01 2.619440e+02
      vertex   7.728610e+00 -5.057456e+01 2.619439e+02
    endloop
  endfacet
  facet normal 9.271170e-06 4.692562e-01 -8.830621e-01
    outer loop
      vertex   7.728610e+00 -5.057456e+01 2.619439e+02
      vertex   1.700000e+01 -5.057460e+01 2.619440e+02
      vertex   1.700000e+01 -5.082276e+01 2.618121e+02
    endloop
  endfacet
  facet normal 1.584292e-04 4.735959e-01 -8.807422e-01
    outer loop
      vertex   7.728610e+00 -5.057456e+01 2.619439e+02
      vertex   1.700000e+01 -5.082276e+01 2.618121e+02
      vertex   7.704634e+00 -5.083684e+01 2.618029e+02
    endloop
  endfacet
  facet normal -1.824852e-04 6.302124e-01 -7.764228e-01
    outer loop
      vertex   7.704634e+00 -5.083684e+01 2.618029e+02
      vertex   1.700000e+01 -5.082276e+01 2.618121e+02
      vertex   1.700000e+01 -5.106042e+01 2.616192e+02
    endloop
  endfacet
  facet normal 1.839075e-05 6.352097e-01 -7.723397e-01
    outer loop
      vertex   7.704634e+00 -5.083684e+01 2.618029e+02
      vertex   1.700000e+01 -5.106042e+01 2.616192e+02
      vertex   7.677123e+00 -5.106030e+01 2.616191e+02
    endloop
  endfacet
  facet normal 1.834903e-05 7.752004e-01 -6.317154e-01
    outer loop
      vertex   7.677123e+00 -5.106030e+01 2.616191e+02
      vertex   1.700000e+01 -5.106042e+01 2.616192e+02
      vertex   7.648280e+00 -5.125153e+01 2.613844e+02
    endloop
  endfacet
  facet normal 1.417352e-05 7.752819e-01 -6.316154e-01
    outer loop
      vertex   7.648280e+00 -5.125153e+01 2.613844e+02
      vertex   1.700000e+01 -5.106042e+01 2.616192e+02
      vertex   1.700000e+01 -5.125417e+01 2.613814e+02
    endloop
  endfacet
  facet normal 9.700067e-05 8.827870e-01 -4.697734e-01
    outer loop
      vertex   7.648280e+00 -5.125153e+01 2.613844e+02
      vertex   1.700000e+01 -5.125417e+01 2.613814e+02
      vertex   7.625245e+00 -5.138513e+01 2.611333e+02
    endloop
  endfacet
  facet normal 4.936231e-05 8.835339e-01 -4.683672e-01
    outer loop
      vertex   7.625245e+00 -5.138513e+01 2.611333e+02
      vertex   1.700000e+01 -5.125417e+01 2.613814e+02
      vertex   1.700000e+01 -5.138556e+01 2.611335e+02
    endloop
  endfacet
  facet normal 4.927103e-05 9.544131e-01 -2.984889e-01
    outer loop
      vertex   7.625245e+00 -5.138513e+01 2.611333e+02
      vertex   1.700000e+01 -5.138556e+01 2.611335e+02
      vertex   1.700000e+01 -5.146339e+01 2.608847e+02
    endloop
  endfacet
  facet normal 6.246874e-04 9.603850e-01 -2.786758e-01
    outer loop
      vertex   7.625245e+00 -5.138513e+01 2.611333e+02
      vertex   1.700000e+01 -5.146339e+01 2.608847e+02
      vertex   7.607923e+00 -5.147726e+01 2.608158e+02
    endloop
  endfacet
  facet normal -5.517137e-04 9.922061e-01 -1.246066e-01
    outer loop
      vertex   7.607923e+00 -5.147726e+01 2.608158e+02
      vertex   1.700000e+01 -5.146339e+01 2.608847e+02
      vertex   1.700000e+01 -5.149892e+01 2.606017e+02
    endloop
  endfacet
  facet normal 8.076575e-04 9.978495e-01 -6.554173e-02
    outer loop
      vertex   7.607923e+00 -5.147726e+01 2.608158e+02
      vertex   1.700000e+01 -5.149892e+01 2.606017e+02
      vertex   7.603912e+00 -5.149780e+01 2.605029e+02
    endloop
  endfacet
  facet normal -6.491509e-04 9.973303e-01 7.301938e-02
    outer loop
      vertex   7.603912e+00 -5.149780e+01 2.605029e+02
      vertex   1.700000e+01 -5.149892e+01 2.606017e+02
      vertex   1.700000e+01 -5.147695e+01 2.603017e+02
    endloop
  endfacet
  facet normal 6.139737e-04 9.913332e-01 1.313702e-01
    outer loop
      vertex   7.603912e+00 -5.149780e+01 2.605029e+02
      vertex   1.700000e+01 -5.147695e+01 2.603017e+02
      vertex   7.611239e+00 -5.146000e+01 2.602177e+02
    endloop
  endfacet
  facet normal -7.472135e-04 9.607849e-01 2.772936e-01
    outer loop
      vertex   7.611239e+00 -5.146000e+01 2.602177e+02
      vertex   1.700000e+01 -5.147695e+01 2.603017e+02
      vertex   1.700000e+01 -5.138530e+01 2.599841e+02
    endloop
  endfacet
  facet normal 2.566431e-05 9.521575e-01 3.056078e-01
    outer loop
      vertex   7.611239e+00 -5.146000e+01 2.602177e+02
      vertex   1.700000e+01 -5.138530e+01 2.599841e+02
      vertex   7.625229e+00 -5.138508e+01 2.599842e+02
    endloop
  endfacet
  facet normal 2.579279e-05 8.832544e-01 4.688942e-01
    outer loop
      vertex   7.625229e+00 -5.138508e+01 2.599842e+02
      vertex   1.700000e+01 -5.138530e+01 2.599841e+02
      vertex   1.700000e+01 -5.125570e+01 2.597400e+02
    endloop
  endfacet
  facet normal 1.517437e-04 8.812431e-01 4.726634e-01
    outer loop
      vertex   7.625229e+00 -5.138508e+01 2.599842e+02
      vertex   1.700000e+01 -5.125570e+01 2.597400e+02
      vertex   7.649292e+00 -5.124533e+01 2.597237e+02
    endloop
  endfacet
  facet normal -2.347268e-04 7.780283e-01 6.282291e-01
    outer loop
      vertex   7.649292e+00 -5.124533e+01 2.597237e+02
      vertex   1.700000e+01 -5.125570e+01 2.597400e+02
      vertex   1.700000e+01 -5.106051e+01 2.594983e+02
    endloop
  endfacet
  facet normal 3.638867e-05 7.725350e-01 6.349722e-01
    outer loop
      vertex   7.649292e+00 -5.124533e+01 2.597237e+02
      vertex   1.700000e+01 -5.106051e+01 2.594983e+02
      vertex   7.677059e+00 -5.106027e+01 2.594985e+02
    endloop
  endfacet
  facet normal 3.641028e-05 6.363922e-01 7.713657e-01
    outer loop
      vertex   7.677059e+00 -5.106027e+01 2.594985e+02
      vertex   1.700000e+01 -5.106051e+01 2.594983e+02
      vertex   1.700000e+01 -5.084671e+01 2.593219e+02
    endloop
  endfacet
  facet normal 1.341256e-04 6.338530e-01 7.734535e-01
    outer loop
      vertex   7.677059e+00 -5.106027e+01 2.594985e+02
      vertex   1.700000e+01 -5.084671e+01 2.593219e+02
      vertex   7.705174e+00 -5.083186e+01 2.593113e+02
    endloop
  endfacet
  facet normal -2.315546e-04 4.791723e-01 8.777208e-01
    outer loop
      vertex   7.705174e+00 -5.083186e+01 2.593113e+02
      vertex   1.700000e+01 -5.084671e+01 2.593219e+02
      vertex   1.700000e+01 -5.057468e+01 2.591734e+02
    endloop
  endfacet
  facet normal -3.790050e-05 4.737497e-01 8.806595e-01
    outer loop
      vertex   7.705174e+00 -5.083186e+01 2.593113e+02
      vertex   1.700000e+01 -5.057468e+01 2.591734e+02
      vertex   7.728732e+00 -5.057482e+01 2.591731e+02
    endloop
  endfacet
  facet normal -3.780063e-05 2.928164e-01 9.561687e-01
    outer loop
      vertex   7.728732e+00 -5.057482e+01 2.591731e+02
      vertex   1.700000e+01 -5.057468e+01 2.591734e+02
      vertex   1.700000e+01 -5.031118e+01 2.590927e+02
    endloop
  endfacet
  facet normal -2.242423e-05 2.923218e-01 9.563200e-01
    outer loop
      vertex   7.728732e+00 -5.057482e+01 2.591731e+02
      vertex   1.700000e+01 -5.031118e+01 2.590927e+02
      vertex   7.744009e+00 -5.030449e+01 2.590904e+02
    endloop
  endfacet
  facet normal -1.648416e-04 1.079682e-01 9.941543e-01
    outer loop
      vertex   7.744009e+00 -5.030449e+01 2.590904e+02
      vertex   1.700000e+01 -5.031118e+01 2.590927e+02
      vertex   1.700000e+01 -5.000000e+01 2.590589e+02
    endloop
  endfacet
  facet normal -1.144762e-05 1.033561e-01 9.946444e-01
    outer loop
      vertex   7.744009e+00 -5.030449e+01 2.590904e+02
      vertex   1.700000e+01 -5.000000e+01 2.590589e+02
      vertex   7.750000e+00 -5.000000e+01 2.590588e+02
    endloop
  endfacet
  facet normal -1.145594e-05 -8.900369e-02 9.960313e-01
    outer loop
      vertex   7.750000e+00 -5.000000e+01 2.590588e+02
      vertex   1.700000e+01 -5.000000e+01 2.590589e+02
      vertex   7.745331e+00 -4.973203e+01 2.590827e+02
    endloop
  endfacet
  facet normal -3.998356e-04 -1.023034e-01 9.947532e-01
    outer loop
      vertex   7.745331e+00 -4.973203e+01 2.590827e+02
      vertex   1.700000e+01 -5.000000e+01 2.590589e+02
      vertex   1.700000e+01 -4.969820e+01 2.590899e+02
    endloop
  endfacet
  facet normal 2.887787e-04 -2.830788e-01 9.590966e-01
    outer loop
      vertex   7.745331e+00 -4.973203e+01 2.590827e+02
      vertex   1.700000e+01 -4.969820e+01 2.590899e+02
      vertex   7.728656e+00 -4.942528e+01 2.591733e+02
    endloop
  endfacet
  facet normal 1.765144e-06 -2.920099e-01 9.564153e-01
    outer loop
      vertex   7.728656e+00 -4.942528e+01 2.591733e+02
      vertex   1.700000e+01 -4.969820e+01 2.590899e+02
      vertex   1.700000e+01 -4.942527e+01 2.591733e+02
    endloop
  endfacet
  facet normal 1.775500e-06 -4.334707e-01 9.011677e-01
    outer loop
      vertex   7.728656e+00 -4.942528e+01 2.591733e+02
      vertex   1.700000e+01 -4.942527e+01 2.591733e+02
      vertex   1.700000e+01 -4.927398e+01 2.592460e+02
    endloop
  endfacet
  facet normal 8.207016e-04 -4.737832e-01 8.806411e-01
    outer loop
      vertex   7.728656e+00 -4.942528e+01 2.591733e+02
      vertex   1.700000e+01 -4.927398e+01 2.592460e+02
      vertex   7.705011e+00 -4.916717e+01 2.593122e+02
    endloop
  endfacet
  facet normal -1.459886e-05 -5.273053e-01 8.496759e-01
    outer loop
      vertex   7.705011e+00 -4.916717e+01 2.593122e+02
      vertex   1.700000e+01 -4.927398e+01 2.592460e+02
      vertex   1.700000e+01 -4.914368e+01 2.593269e+02
    endloop
  endfacet
  facet normal 3.713604e-04 -6.327468e-01 7.743587e-01
    outer loop
      vertex   7.705011e+00 -4.916717e+01 2.593122e+02
      vertex   1.700000e+01 -4.914368e+01 2.593269e+02
      vertex   7.677091e+00 -4.893946e+01 2.594982e+02
    endloop
  endfacet
  facet normal 1.768883e-05 -6.422761e-01 7.664733e-01
    outer loop
      vertex   7.677091e+00 -4.893946e+01 2.594982e+02
      vertex   1.700000e+01 -4.914368e+01 2.593269e+02
      vertex   1.700000e+01 -4.893934e+01 2.594981e+02
    endloop
  endfacet
  facet normal 1.763787e-05 -7.789861e-01 6.270412e-01
    outer loop
      vertex   7.677091e+00 -4.893946e+01 2.594982e+02
      vertex   1.700000e+01 -4.893934e+01 2.594981e+02
      vertex   7.647514e+00 -4.874378e+01 2.597413e+02
    endloop
  endfacet
  facet normal 1.412337e-05 -7.790521e-01 6.269592e-01
    outer loop
      vertex   7.647514e+00 -4.874378e+01 2.597413e+02
      vertex   1.700000e+01 -4.893934e+01 2.594981e+02
      vertex   1.700000e+01 -4.873936e+01 2.597466e+02
    endloop
  endfacet
  facet normal 1.246744e-04 -8.643635e-01 5.028675e-01
    outer loop
      vertex   7.647514e+00 -4.874378e+01 2.597413e+02
      vertex   1.700000e+01 -4.873936e+01 2.597466e+02
      vertex   1.700000e+01 -4.866411e+01 2.598760e+02
    endloop
  endfacet
  facet normal 7.586551e-04 -8.828061e-01 4.697370e-01
    outer loop
      vertex   7.647514e+00 -4.874378e+01 2.597413e+02
      vertex   1.700000e+01 -4.866411e+01 2.598760e+02
      vertex   7.625179e+00 -4.861462e+01 2.599841e+02
    endloop
  endfacet
  facet normal 1.114456e-04 -9.056237e-01 4.240823e-01
    outer loop
      vertex   7.625179e+00 -4.861462e+01 2.599841e+02
      vertex   1.700000e+01 -4.866411e+01 2.598760e+02
      vertex   1.700000e+01 -4.861365e+01 2.599837e+02
    endloop
  endfacet
  facet normal 1.113344e-04 -9.454342e-01 3.258131e-01
    outer loop
      vertex   7.625179e+00 -4.861462e+01 2.599841e+02
      vertex   1.700000e+01 -4.861365e+01 2.599837e+02
      vertex   1.700000e+01 -4.856059e+01 2.601377e+02
    endloop
  endfacet
  facet normal 8.832450e-04 -9.589845e-01 2.834573e-01
    outer loop
      vertex   7.625179e+00 -4.861462e+01 2.599841e+02
      vertex   1.700000e+01 -4.856059e+01 2.601377e+02
      vertex   7.608812e+00 -4.852720e+01 2.602799e+02
    endloop
  endfacet
  facet normal 7.784055e-05 -9.723745e-01 2.334261e-01
    outer loop
      vertex   7.608812e+00 -4.852720e+01 2.602799e+02
      vertex   1.700000e+01 -4.856059e+01 2.601377e+02
      vertex   1.700000e+01 -4.852849e+01 2.602714e+02
    endloop
  endfacet
  facet normal -4.775937e-05 -9.951207e-01 9.866495e-02
    outer loop
      vertex   7.608812e+00 -4.852720e+01 2.602799e+02
      vertex   1.700000e+01 -4.852849e+01 2.602714e+02
      vertex   1.700000e+01 -4.850000e+01 2.605588e+02
    endloop
  endfacet
  facet normal -5.433599e-15 -9.952774e-01 9.707184e-02
    outer loop
      vertex   1.700000e+01 -4.850000e+01 2.605588e+02
      vertex   7.603453e+00 -4.850000e+01 2.605588e+02
      vertex   7.608812e+00 -4.852720e+01 2.602799e+02
    endloop
  endfacet
  facet normal 6.017442e-15 -9.947181e-01 1.026442e-01
    outer loop
      vertex   -1.700000e+01 -4.850000e+01 2.605588e+02
      vertex   -1.700000e+01 -4.853114e+01 2.602570e+02
      vertex   -7.603453e+00 -4.850000e+01 2.605588e+02
    endloop
  endfacet
  facet normal -2.115350e-04 -9.940242e-01 1.091593e-01
    outer loop
      vertex   -7.603453e+00 -4.850000e+01 2.605588e+02
      vertex   -1.700000e+01 -4.853114e+01 2.602570e+02
      vertex   -7.610258e+00 -4.853488e+01 2.602412e+02
    endloop
  endfacet
  facet normal 1.119767e-04 -9.564180e-01 2.920010e-01
    outer loop
      vertex   -7.610258e+00 -4.853488e+01 2.602412e+02
      vertex   -1.700000e+01 -4.853114e+01 2.602570e+02
      vertex   -1.700000e+01 -4.861448e+01 2.599841e+02
    endloop
  endfacet
  facet normal -5.092553e-05 -9.547431e-01 2.974316e-01
    outer loop
      vertex   -7.610258e+00 -4.853488e+01 2.602412e+02
      vertex   -1.700000e+01 -4.861448e+01 2.599841e+02
      vertex   -7.625229e+00 -4.861492e+01 2.599842e+02
    endloop
  endfacet
  facet normal -5.117441e-05 -9.011657e-01 4.334748e-01
    outer loop
      vertex   -7.625229e+00 -4.861492e+01 2.599842e+02
      vertex   -1.700000e+01 -4.861448e+01 2.599841e+02
      vertex   -1.700000e+01 -4.868726e+01 2.598327e+02
    endloop
  endfacet
  facet normal -8.392148e-04 -8.812163e-01 4.727125e-01
    outer loop
      vertex   -7.625229e+00 -4.861492e+01 2.599842e+02
      vertex   -1.700000e+01 -4.868726e+01 2.598327e+02
      vertex   -7.649292e+00 -4.875467e+01 2.597237e+02
    endloop
  endfacet
  facet normal 2.516708e-05 -8.496687e-01 5.273169e-01
    outer loop
      vertex   -7.649292e+00 -4.875467e+01 2.597237e+02
      vertex   -1.700000e+01 -4.868726e+01 2.598327e+02
      vertex   -1.700000e+01 -4.876813e+01 2.597024e+02
    endloop
  endfacet
  facet normal -3.303448e-04 -7.725172e-01 6.349938e-01
    outer loop
      vertex   -7.649292e+00 -4.875467e+01 2.597237e+02
      vertex   -1.700000e+01 -4.876813e+01 2.597024e+02
      vertex   -7.677059e+00 -4.893973e+01 2.594985e+02
    endloop
  endfacet
  facet normal -5.937999e-05 -7.664637e-01 6.422876e-01
    outer loop
      vertex   -7.677059e+00 -4.893973e+01 2.594985e+02
      vertex   -1.700000e+01 -4.876813e+01 2.597024e+02
      vertex   -1.700000e+01 -4.893934e+01 2.594981e+02
    endloop
  endfacet
  facet normal -5.931796e-05 -6.338585e-01 7.734490e-01
    outer loop
      vertex   -7.677059e+00 -4.893973e+01 2.594985e+02
      vertex   -1.700000e+01 -4.893934e+01 2.594981e+02
      vertex   -7.705174e+00 -4.916814e+01 2.593113e+02
    endloop
  endfacet
  facet normal 2.233087e-04 -6.269545e-01 7.790558e-01
    outer loop
      vertex   -7.705174e+00 -4.916814e+01 2.593113e+02
      vertex   -1.700000e+01 -4.893934e+01 2.594981e+02
      vertex   -1.700000e+01 -4.918785e+01 2.592981e+02
    endloop
  endfacet
  facet normal -1.609476e-04 -5.028634e-01 8.643659e-01
    outer loop
      vertex   -7.705174e+00 -4.916814e+01 2.593113e+02
      vertex   -1.700000e+01 -4.918785e+01 2.592981e+02
      vertex   -1.700000e+01 -4.931718e+01 2.592229e+02
    endloop
  endfacet
  facet normal -7.840280e-04 -4.736911e-01 8.806907e-01
    outer loop
      vertex   -7.705174e+00 -4.916814e+01 2.593113e+02
      vertex   -1.700000e+01 -4.931718e+01 2.592229e+02
      vertex   -7.728732e+00 -4.942518e+01 2.591731e+02
    endloop
  endfacet
  facet normal -7.206020e-05 -4.240796e-01 9.056249e-01
    outer loop
      vertex   -7.728732e+00 -4.942518e+01 2.591731e+02
      vertex   -1.700000e+01 -4.931718e+01 2.592229e+02
      vertex   -1.700000e+01 -4.942493e+01 2.591724e+02
    endloop
  endfacet
  facet normal -7.206138e-05 -3.258123e-01 9.454345e-01
    outer loop
      vertex   -7.728732e+00 -4.942518e+01 2.591731e+02
      vertex   -1.700000e+01 -4.942493e+01 2.591724e+02
      vertex   -1.700000e+01 -4.957889e+01 2.591194e+02
    endloop
  endfacet
  facet normal -5.174360e-04 -3.017285e-01 9.533938e-01
    outer loop
      vertex   -7.728732e+00 -4.942518e+01 2.591731e+02
      vertex   -1.700000e+01 -4.957889e+01 2.591194e+02
      vertex   -7.742795e+00 -4.966597e+01 2.590968e+02
    endloop
  endfacet
  facet normal 1.712127e-04 -2.334293e-01 9.723738e-01
    outer loop
      vertex   -7.742795e+00 -4.966597e+01 2.590968e+02
      vertex   -1.700000e+01 -4.957889e+01 2.591194e+02
      vertex   -1.700000e+01 -4.971260e+01 2.590873e+02
    endloop
  endfacet
  facet normal -3.529639e-04 -1.332060e-01 9.910883e-01
    outer loop
      vertex   -7.742795e+00 -4.966597e+01 2.590968e+02
      vertex   -1.700000e+01 -4.971260e+01 2.590873e+02
      vertex   -7.749759e+00 -4.993970e+01 2.590601e+02
    endloop
  endfacet
  facet normal 5.411631e-04 -9.728621e-02 9.952563e-01
    outer loop
      vertex   -7.749759e+00 -4.993970e+01 2.590601e+02
      vertex   -1.700000e+01 -4.971260e+01 2.590873e+02
      vertex   -1.700000e+01 -5.000000e+01 2.590592e+02
    endloop
  endfacet
  facet normal -4.644652e-04 5.692780e-02 9.983782e-01
    outer loop
      vertex   -7.749759e+00 -4.993970e+01 2.590601e+02
      vertex   -1.700000e+01 -5.000000e+01 2.590592e+02
      vertex   -7.746472e+00 -5.023269e+01 2.590768e+02
    endloop
  endfacet
  facet normal 5.451950e-04 9.684696e-02 9.952991e-01
    outer loop
      vertex   -7.746472e+00 -5.023269e+01 2.590768e+02
      vertex   -1.700000e+01 -5.000000e+01 2.590592e+02
      vertex   -1.700000e+01 -5.028602e+01 2.590870e+02
    endloop
  endfacet
  facet normal -1.339857e-04 2.112626e-01 9.774293e-01
    outer loop
      vertex   -7.746472e+00 -5.023269e+01 2.590768e+02
      vertex   -1.700000e+01 -5.028602e+01 2.590870e+02
      vertex   -7.739732e+00 -5.039839e+01 2.591126e+02
    endloop
  endfacet
  facet normal 8.453816e-04 2.874985e-01 9.577807e-01
    outer loop
      vertex   -7.739732e+00 -5.039839e+01 2.591126e+02
      vertex   -1.700000e+01 -5.028602e+01 2.590870e+02
      vertex   -1.700000e+01 -5.057458e+01 2.591736e+02
    endloop
  endfacet
  facet normal 4.190611e-05 3.254896e-01 9.455456e-01
    outer loop
      vertex   -7.739732e+00 -5.039839e+01 2.591126e+02
      vertex   -1.700000e+01 -5.057458e+01 2.591736e+02
      vertex   -7.728656e+00 -5.057472e+01 2.591733e+02
    endloop
  endfacet
  facet normal 4.176580e-05 4.694920e-01 8.829367e-01
    outer loop
      vertex   -7.728656e+00 -5.057472e+01 2.591733e+02
      vertex   -1.700000e+01 -5.057458e+01 2.591736e+02
      vertex   -1.700000e+01 -5.082465e+01 2.593066e+02
    endloop
  endfacet
  facet normal -1.086686e-04 4.738336e-01 8.806144e-01
    outer loop
      vertex   -7.728656e+00 -5.057472e+01 2.591733e+02
      vertex   -1.700000e+01 -5.082465e+01 2.593066e+02
      vertex   -7.705011e+00 -5.083283e+01 2.593122e+02
    endloop
  endfacet
  facet normal 9.225964e-05 6.311096e-01 7.756936e-01
    outer loop
      vertex   -7.705011e+00 -5.083283e+01 2.593122e+02
      vertex   -1.700000e+01 -5.082465e+01 2.593066e+02
      vertex   -1.700000e+01 -5.106038e+01 2.594984e+02
    endloop
  endfacet
  facet normal 2.425050e-05 6.327757e-01 7.743351e-01
    outer loop
      vertex   -7.705011e+00 -5.083283e+01 2.593122e+02
      vertex   -1.700000e+01 -5.106038e+01 2.594984e+02
      vertex   -7.677092e+00 -5.106054e+01 2.594982e+02
    endloop
  endfacet
  facet normal 2.424989e-05 7.720559e-01 6.355546e-01
    outer loop
      vertex   -7.677092e+00 -5.106054e+01 2.594982e+02
      vertex   -1.700000e+01 -5.106038e+01 2.594984e+02
      vertex   -1.700000e+01 -5.124226e+01 2.597193e+02
    endloop
  endfacet
  facet normal -3.118800e-04 7.789685e-01 6.270629e-01
    outer loop
      vertex   -7.677092e+00 -5.106054e+01 2.594982e+02
      vertex   -1.700000e+01 -5.124226e+01 2.597193e+02
      vertex   -7.647514e+00 -5.125622e+01 2.597413e+02
    endloop
  endfacet
  facet normal 1.967961e-04 8.800646e-01 4.748540e-01
    outer loop
      vertex   -7.647514e+00 -5.125622e+01 2.597413e+02
      vertex   -1.700000e+01 -5.124226e+01 2.597193e+02
      vertex   -1.700000e+01 -5.138517e+01 2.599842e+02
    endloop
  endfacet
  facet normal 2.424719e-05 8.828362e-01 4.696810e-01
    outer loop
      vertex   -7.647514e+00 -5.125622e+01 2.597413e+02
      vertex   -1.700000e+01 -5.138517e+01 2.599842e+02
      vertex   -7.625179e+00 -5.138538e+01 2.599841e+02
    endloop
  endfacet
  facet normal 2.426833e-05 9.544883e-01 2.982484e-01
    outer loop
      vertex   -7.625179e+00 -5.138538e+01 2.599841e+02
      vertex   -1.700000e+01 -5.138517e+01 2.599842e+02
      vertex   -1.700000e+01 -5.146497e+01 2.602396e+02
    endloop
  endfacet
  facet normal -3.681071e-04 9.584979e-01 2.850993e-01
    outer loop
      vertex   -7.625179e+00 -5.138538e+01 2.599841e+02
      vertex   -1.700000e+01 -5.146497e+01 2.602396e+02
      vertex   -7.609018e+00 -5.147174e+01 2.602745e+02
    endloop
  endfacet
  facet normal 2.755001e-04 9.929467e-01 1.185616e-01
    outer loop
      vertex   -7.609018e+00 -5.147174e+01 2.602745e+02
      vertex   -1.700000e+01 -5.146497e+01 2.602396e+02
      vertex   -1.700000e+01 -5.149916e+01 2.605259e+02
    endloop
  endfacet
  facet normal -1.591950e-04 9.947310e-01 1.025190e-01
    outer loop
      vertex   -7.609018e+00 -5.147174e+01 2.602745e+02
      vertex   -1.700000e+01 -5.149916e+01 2.605259e+02
      vertex   -7.603473e+00 -5.149999e+01 2.605486e+02
    endloop
  endfacet
  facet normal 2.790970e-04 9.968580e-01 -7.920857e-02
    outer loop
      vertex   -7.603473e+00 -5.149999e+01 2.605486e+02
      vertex   -1.700000e+01 -5.149916e+01 2.605259e+02
      vertex   -1.700000e+01 -5.147533e+01 2.608257e+02
    endloop
  endfacet
  facet normal 1.639157e-05 9.961162e-01 -8.804835e-02
    outer loop
      vertex   -7.603473e+00 -5.149999e+01 2.605486e+02
      vertex   -1.700000e+01 -5.147533e+01 2.608257e+02
      vertex   -7.608398e+00 -5.147501e+01 2.608311e+02
    endloop
  endfacet
  facet normal 1.277723e-04 9.596570e-01 -2.811731e-01
    outer loop
      vertex   -7.608398e+00 -5.147501e+01 2.608311e+02
      vertex   -1.700000e+01 -5.147533e+01 2.608257e+02
      vertex   -1.700000e+01 -5.138519e+01 2.611334e+02
    endloop
  endfacet
  facet normal 4.397057e-05 9.589523e-01 -2.835673e-01
    outer loop
      vertex   -7.608398e+00 -5.147501e+01 2.608311e+02
      vertex   -1.700000e+01 -5.138519e+01 2.611334e+02
      vertex   -7.625176e+00 -5.138558e+01 2.611335e+02
    endloop
  endfacet
  facet normal 4.394575e-05 8.838924e-01 -4.676904e-01
    outer loop
      vertex   -7.625176e+00 -5.138558e+01 2.611335e+02
      vertex   -1.700000e+01 -5.138519e+01 2.611334e+02
      vertex   -7.647719e+00 -5.125541e+01 2.613795e+02
    endloop
  endfacet
  facet normal 9.671263e-05 8.830616e-01 -4.692571e-01
    outer loop
      vertex   -7.647719e+00 -5.125541e+01 2.613795e+02
      vertex   -1.700000e+01 -5.138519e+01 2.611334e+02
      vertex   -1.700000e+01 -5.125332e+01 2.613816e+02
    endloop
  endfacet
  facet normal 3.792981e-05 7.755414e-01 -6.312967e-01
    outer loop
      vertex   -7.647719e+00 -5.125541e+01 2.613795e+02
      vertex   -1.700000e+01 -5.125332e+01 2.613816e+02
      vertex   -7.677046e+00 -5.106037e+01 2.616192e+02
    endloop
  endfacet
  facet normal -7.830261e-06 7.764206e-01 -6.302151e-01
    outer loop
      vertex   -7.677046e+00 -5.106037e+01 2.616192e+02
      vertex   -1.700000e+01 -5.125332e+01 2.613816e+02
      vertex   -1.700000e+01 -5.106042e+01 2.616192e+02
    endloop
  endfacet
  facet normal -7.828972e-06 6.316148e-01 -7.752824e-01
    outer loop
      vertex   -7.677046e+00 -5.106037e+01 2.616192e+02
      vertex   -1.700000e+01 -5.106042e+01 2.616192e+02
      vertex   -1.700000e+01 -5.082260e+01 2.618129e+02
    endloop
  endfacet
  facet normal -4.144136e-05 4.683696e-01 -8.835327e-01
    outer loop
      vertex   -1.700000e+01 -5.057474e+01 2.619443e+02
      vertex   -7.728591e+00 -5.057459e+01 2.619440e+02
      vertex   -1.700000e+01 -5.082260e+01 2.618129e+02
    endloop
  endfacet
  facet normal -7.868928e-05 4.694570e-01 -8.829553e-01
    outer loop
      vertex   -1.700000e+01 -5.082260e+01 2.618129e+02
      vertex   -7.728591e+00 -5.057459e+01 2.619440e+02
      vertex   -7.706093e+00 -5.082272e+01 2.618121e+02
    endloop
  endfacet
  facet normal -6.642378e-05 6.302331e-01 -7.764060e-01
    outer loop
      vertex   -1.700000e+01 -5.082260e+01 2.618129e+02
      vertex   -7.706093e+00 -5.082272e+01 2.618121e+02
      vertex   -7.677046e+00 -5.106037e+01 2.616192e+02
    endloop
  endfacet
  facet normal -4.136118e-05 2.920528e-01 -9.564022e-01
    outer loop
      vertex   -1.700000e+01 -5.057474e+01 2.619443e+02
      vertex   -1.700000e+01 -5.030621e+01 2.620263e+02
      vertex   -7.728591e+00 -5.057459e+01 2.619440e+02
    endloop
  endfacet
  facet normal -2.159365e-04 2.865340e-01 -9.580701e-01
    outer loop
      vertex   -7.728591e+00 -5.057459e+01 2.619440e+02
      vertex   -1.700000e+01 -5.030621e+01 2.620263e+02
      vertex   -7.744679e+00 -5.028400e+01 2.620309e+02
    endloop
  endfacet
  facet normal 2.389232e-04 1.044173e-01 -9.945335e-01
    outer loop
      vertex   -7.744679e+00 -5.028400e+01 2.620309e+02
      vertex   -1.700000e+01 -5.030621e+01 2.620263e+02
      vertex   -1.700000e+01 -5.000000e+01 2.620585e+02
    endloop
  endfacet
  facet normal -1.118914e-05 9.634551e-02 -9.953480e-01
    outer loop
      vertex   -7.744679e+00 -5.028400e+01 2.620309e+02
      vertex   -1.700000e+01 -5.000000e+01 2.620585e+02
      vertex   -7.749919e+00 -5.000000e+01 2.620584e+02
    endloop
  endfacet
  facet normal -1.124004e-05 -9.608718e-02 -9.953729e-01
    outer loop
      vertex   -7.749919e+00 -5.000000e+01 2.620584e+02
      vertex   -1.700000e+01 -5.000000e+01 2.620585e+02
      vertex   -1.700000e+01 -4.971987e+01 2.620315e+02
    endloop
  endfacet
  facet normal -1.388883e-04 -1.002626e-01 -9.949610e-01
    outer loop
      vertex   -7.749919e+00 -5.000000e+01 2.620584e+02
      vertex   -1.700000e+01 -4.971987e+01 2.620315e+02
      vertex   -7.744237e+00 -4.970355e+01 2.620285e+02
    endloop
  endfacet
  facet normal 1.973976e-04 -2.843859e-01 -9.587099e-01
    outer loop
      vertex   -7.744237e+00 -4.970355e+01 2.620285e+02
      vertex   -1.700000e+01 -4.971987e+01 2.620315e+02
      vertex   -1.700000e+01 -4.942536e+01 2.619441e+02
    endloop
  endfacet
  facet normal -2.180602e-05 -2.910698e-01 -9.567018e-01
    outer loop
      vertex   -7.744237e+00 -4.970355e+01 2.620285e+02
      vertex   -1.700000e+01 -4.942536e+01 2.619441e+02
      vertex   -7.728610e+00 -4.942544e+01 2.619439e+02
    endloop
  endfacet
  facet normal -2.193440e-05 -4.688953e-01 -8.832538e-01
    outer loop
      vertex   -7.728610e+00 -4.942544e+01 2.619439e+02
      vertex   -1.700000e+01 -4.942536e+01 2.619441e+02
      vertex   -1.700000e+01 -4.918124e+01 2.618145e+02
    endloop
  endfacet
  facet normal -1.807524e-04 -4.735944e-01 -8.807431e-01
    outer loop
      vertex   -7.728610e+00 -4.942544e+01 2.619439e+02
      vertex   -1.700000e+01 -4.918124e+01 2.618145e+02
      vertex   -7.704633e+00 -4.916316e+01 2.618029e+02
    endloop
  endfacet
  facet normal 2.484302e-04 -6.282262e-01 -7.780307e-01
    outer loop
      vertex   -7.704633e+00 -4.916316e+01 2.618029e+02
      vertex   -1.700000e+01 -4.918124e+01 2.618145e+02
      vertex   -1.700000e+01 -4.893949e+01 2.616193e+02
    endloop
  endfacet
  facet normal -3.195997e-05 -6.352087e-01 -7.723405e-01
    outer loop
      vertex   -7.704633e+00 -4.916316e+01 2.618029e+02
      vertex   -1.700000e+01 -4.893949e+01 2.616193e+02
      vertex   -7.677123e+00 -4.893970e+01 2.616191e+02
    endloop
  endfacet
  facet normal -3.192399e-05 -7.713658e-01 -6.363920e-01
    outer loop
      vertex   -7.677123e+00 -4.893970e+01 2.616191e+02
      vertex   -1.700000e+01 -4.893949e+01 2.616193e+02
      vertex   -1.700000e+01 -4.876310e+01 2.614055e+02
    endloop
  endfacet
  facet normal -2.111552e-04 -7.751888e-01 -6.317296e-01
    outer loop
      vertex   -7.677123e+00 -4.893970e+01 2.616191e+02
      vertex   -1.700000e+01 -4.876310e+01 2.614055e+02
      vertex   -7.648279e+00 -4.874847e+01 2.613844e+02
    endloop
  endfacet
  facet normal 2.931803e-04 -8.777218e-01 -4.791705e-01
    outer loop
      vertex   -7.648279e+00 -4.874847e+01 2.613844e+02
      vertex   -1.700000e+01 -4.876310e+01 2.614055e+02
      vertex   -1.700000e+01 -4.861460e+01 2.611335e+02
    endloop
  endfacet
  facet normal -3.165852e-05 -8.827895e-01 -4.697687e-01
    outer loop
      vertex   -7.648279e+00 -4.874847e+01 2.613844e+02
      vertex   -1.700000e+01 -4.861460e+01 2.611335e+02
      vertex   -7.625245e+00 -4.861487e+01 2.611333e+02
    endloop
  endfacet
  facet normal -3.155233e-05 -9.561687e-01 -2.928164e-01
    outer loop
      vertex   -7.625245e+00 -4.861487e+01 2.611333e+02
      vertex   -1.700000e+01 -4.861460e+01 2.611335e+02
      vertex   -1.700000e+01 -4.853390e+01 2.608700e+02
    endloop
  endfacet
  facet normal -1.874090e-04 -9.577079e-01 -2.877422e-01
    outer loop
      vertex   -7.625245e+00 -4.861487e+01 2.611333e+02
      vertex   -1.700000e+01 -4.853390e+01 2.608700e+02
      vertex   -7.608977e+00 -4.852814e+01 2.608447e+02
    endloop
  endfacet
  facet normal 3.179322e-04 -9.941180e-01 -1.083022e-01
    outer loop
      vertex   -7.608977e+00 -4.852814e+01 2.608447e+02
      vertex   -1.700000e+01 -4.853390e+01 2.608700e+02
      vertex   -1.700000e+01 -4.850000e+01 2.605588e+02
    endloop
  endfacet
  facet normal 6.020804e-15 -9.951899e-01 -9.796437e-02
    outer loop
      vertex   -7.608977e+00 -4.852814e+01 2.608447e+02
      vertex   -1.700000e+01 -4.850000e+01 2.605588e+02
      vertex   -7.603453e+00 -4.850000e+01 2.605588e+02
    endloop
  endfacet
  facet normal -9.934811e-01 -3.959890e-04 1.139960e-01
    outer loop
      vertex   1.466566e+00 -3.701431e+01 2.566868e+02
      vertex   1.471504e+00 -4.239092e+01 2.567111e+02
      vertex   1.499817e+00 -3.700000e+01 2.569766e+02
    endloop
  endfacet
  facet normal -9.951695e-01 3.922207e-04 9.817041e-02
    outer loop
      vertex   1.499817e+00 -3.700000e+01 2.569766e+02
      vertex   1.471504e+00 -4.239092e+01 2.567111e+02
      vertex   1.500000e+00 -4.239655e+01 2.570000e+02
    endloop
  endfacet
  facet normal -9.951711e-01 -4.595466e-04 -9.815398e-02
    outer loop
      vertex   1.499817e+00 -3.700000e+01 2.569766e+02
      vertex   1.500000e+00 -4.239655e+01 2.570000e+02
      vertex   1.471504e+00 -4.239092e+01 2.572889e+02
    endloop
  endfacet
  facet normal -9.576174e-01 4.255300e-04 2.880430e-01
    outer loop
      vertex   1.471504e+00 -4.239092e+01 2.567111e+02
      vertex   1.466566e+00 -3.701431e+01 2.566868e+02
      vertex   1.385551e+00 -4.237486e+01 2.564253e+02
    endloop
  endfacet
  facet normal -9.527990e-01 -4.060407e-04 3.036016e-01
    outer loop
      vertex   1.385551e+00 -4.237486e+01 2.564253e+02
      vertex   1.466566e+00 -3.701431e+01 2.566868e+02
      vertex   1.376440e+00 -3.705518e+01 2.564039e+02
    endloop
  endfacet
  facet normal -8.804164e-01 4.066844e-04 4.742012e-01
    outer loop
      vertex   1.385551e+00 -4.237486e+01 2.564253e+02
      vertex   1.376440e+00 -3.705518e+01 2.564039e+02
      vertex   1.244227e+00 -4.235056e+01 2.561629e+02
    endloop
  endfacet
  facet normal -8.736400e-01 -3.253892e-04 4.865728e-01
    outer loop
      vertex   1.244227e+00 -4.235056e+01 2.561629e+02
      vertex   1.376440e+00 -3.705518e+01 2.564039e+02
      vertex   1.233463e+00 -3.711711e+01 2.561471e+02
    endloop
  endfacet
  facet normal -7.728620e-01 3.295045e-04 6.345740e-01
    outer loop
      vertex   1.244227e+00 -4.235056e+01 2.561629e+02
      vertex   1.233463e+00 -3.711711e+01 2.561471e+02
      vertex   1.060680e+00 -4.232293e+01 2.559394e+02
    endloop
  endfacet
  facet normal -7.659631e-01 -2.310931e-04 6.428845e-01
    outer loop
      vertex   1.060680e+00 -4.232293e+01 2.559394e+02
      vertex   1.233463e+00 -3.711711e+01 2.561471e+02
      vertex   1.051475e+00 -3.718839e+01 2.559302e+02
    endloop
  endfacet
  facet normal -6.345582e-01 2.354217e-04 7.728751e-01
    outer loop
      vertex   1.060680e+00 -4.232293e+01 2.559394e+02
      vertex   1.051475e+00 -3.718839e+01 2.559302e+02
      vertex   8.371197e-01 -4.229540e+01 2.557558e+02
    endloop
  endfacet
  facet normal -6.293472e-01 -1.284339e-04 7.771243e-01
    outer loop
      vertex   8.371197e-01 -4.229540e+01 2.557558e+02
      vertex   1.051475e+00 -3.718839e+01 2.559302e+02
      vertex   8.308388e-01 -3.726166e+01 2.557515e+02
    endloop
  endfacet
  facet normal -4.741846e-01 1.524840e-04 8.804254e-01
    outer loop
      vertex   8.371197e-01 -4.229540e+01 2.557558e+02
      vertex   8.308388e-01 -3.726166e+01 2.557515e+02
      vertex   5.746993e-01 -4.227134e+01 2.556145e+02
    endloop
  endfacet
  facet normal -4.710366e-01 -5.467133e-05 8.821137e-01
    outer loop
      vertex   5.746993e-01 -4.227134e+01 2.556145e+02
      vertex   8.308388e-01 -3.726166e+01 2.557515e+02
      vertex   5.721600e-01 -3.732759e+01 2.556134e+02
    endloop
  endfacet
  facet normal -2.871903e-01 5.584719e-05 9.578736e-01
    outer loop
      vertex   5.746993e-01 -4.227134e+01 2.556145e+02
      vertex   5.721600e-01 -3.732759e+01 2.556134e+02
      vertex   2.889565e-01 -3.737245e+01 2.555285e+02
    endloop
  endfacet
  facet normal -2.880322e-01 2.305935e-06 9.576207e-01
    outer loop
      vertex   5.746993e-01 -4.227134e+01 2.556145e+02
      vertex   2.889565e-01 -3.737245e+01 2.555285e+02
      vertex   2.889012e-01 -4.225552e+01 2.555285e+02
    endloop
  endfacet
  facet normal -9.816448e-02 1.170054e-07 9.951702e-01
    outer loop
      vertex   2.889012e-01 -4.225552e+01 2.555285e+02
      vertex   2.889565e-01 -3.737245e+01 2.555285e+02
      vertex   -2.775558e-15 -3.738855e+01 2.555000e+02
    endloop
  endfacet
  facet normal -9.816644e-02 -5.959017e-15 9.951700e-01
    outer loop
      vertex   2.889012e-01 -4.225552e+01 2.555285e+02
      vertex   -2.775558e-15 -3.738855e+01 2.555000e+02
      vertex   4.186466e-15 -4.225000e+01 2.555000e+02
    endloop
  endfacet
  facet normal 9.816644e-02 -5.677519e-15 9.951700e-01
    outer loop
      vertex   4.186466e-15 -4.225000e+01 2.555000e+02
      vertex   -2.775558e-15 -3.738855e+01 2.555000e+02
      vertex   -2.889012e-01 -4.225552e+01 2.555285e+02
    endloop
  endfacet
  facet normal 9.816448e-02 1.170054e-07 9.951702e-01
    outer loop
      vertex   -2.889012e-01 -4.225552e+01 2.555285e+02
      vertex   -2.775558e-15 -3.738855e+01 2.555000e+02
      vertex   -2.889565e-01 -3.737245e+01 2.555285e+02
    endloop
  endfacet
  facet normal 2.871825e-01 2.296052e-06 9.578759e-01
    outer loop
      vertex   -2.889012e-01 -4.225552e+01 2.555285e+02
      vertex   -2.889565e-01 -3.737245e+01 2.555285e+02
      vertex   -5.721600e-01 -3.732759e+01 2.556134e+02
    endloop
  endfacet
  facet normal 2.880295e-01 5.536263e-05 9.576215e-01
    outer loop
      vertex   -2.889012e-01 -4.225552e+01 2.555285e+02
      vertex   -5.721600e-01 -3.732759e+01 2.556134e+02
      vertex   -5.746993e-01 -4.227134e+01 2.556145e+02
    endloop
  endfacet
  facet normal 4.710366e-01 -5.467133e-05 8.821137e-01
    outer loop
      vertex   -5.746993e-01 -4.227134e+01 2.556145e+02
      vertex   -5.721600e-01 -3.732759e+01 2.556134e+02
      vertex   -8.308388e-01 -3.726166e+01 2.557515e+02
    endloop
  endfacet
  facet normal 4.741846e-01 1.524840e-04 8.804254e-01
    outer loop
      vertex   -5.746993e-01 -4.227134e+01 2.556145e+02
      vertex   -8.308388e-01 -3.726166e+01 2.557515e+02
      vertex   -8.371197e-01 -4.229540e+01 2.557558e+02
    endloop
  endfacet
  facet normal 6.293472e-01 -1.284339e-04 7.771243e-01
    outer loop
      vertex   -8.371197e-01 -4.229540e+01 2.557558e+02
      vertex   -8.308388e-01 -3.726166e+01 2.557515e+02
      vertex   -1.051475e+00 -3.718839e+01 2.559302e+02
    endloop
  endfacet
  facet normal 6.345582e-01 2.354217e-04 7.728751e-01
    outer loop
      vertex   -8.371197e-01 -4.229540e+01 2.557558e+02
      vertex   -1.051475e+00 -3.718839e+01 2.559302e+02
      vertex   -1.060680e+00 -4.232293e+01 2.559394e+02
    endloop
  endfacet
  facet normal 7.659631e-01 -2.310931e-04 6.428845e-01
    outer loop
      vertex   -1.060680e+00 -4.232293e+01 2.559394e+02
      vertex   -1.051475e+00 -3.718839e+01 2.559302e+02
      vertex   -1.233463e+00 -3.711711e+01 2.561471e+02
    endloop
  endfacet
  facet normal 7.728620e-01 3.295045e-04 6.345740e-01
    outer loop
      vertex   -1.060680e+00 -4.232293e+01 2.559394e+02
      vertex   -1.233463e+00 -3.711711e+01 2.561471e+02
      vertex   -1.244227e+00 -4.235056e+01 2.561629e+02
    endloop
  endfacet
  facet normal 8.736400e-01 -3.253892e-04 4.865728e-01
    outer loop
      vertex   -1.244227e+00 -4.235056e+01 2.561629e+02
      vertex   -1.233463e+00 -3.711711e+01 2.561471e+02
      vertex   -1.376440e+00 -3.705518e+01 2.564039e+02
    endloop
  endfacet
  facet normal 8.804164e-01 4.066844e-04 4.742012e-01
    outer loop
      vertex   -1.244227e+00 -4.235056e+01 2.561629e+02
      vertex   -1.376440e+00 -3.705518e+01 2.564039e+02
      vertex   -1.385551e+00 -4.237486e+01 2.564253e+02
    endloop
  endfacet
  facet normal 9.527990e-01 -4.060407e-04 3.036016e-01
    outer loop
      vertex   -1.385551e+00 -4.237486e+01 2.564253e+02
      vertex   -1.376440e+00 -3.705518e+01 2.564039e+02
      vertex   -1.466566e+00 -3.701431e+01 2.566868e+02
    endloop
  endfacet
  facet normal 9.576174e-01 4.255300e-04 2.880430e-01
    outer loop
      vertex   -1.385551e+00 -4.237486e+01 2.564253e+02
      vertex   -1.466566e+00 -3.701431e+01 2.566868e+02
      vertex   -1.471504e+00 -4.239092e+01 2.567111e+02
    endloop
  endfacet
  facet normal 9.934811e-01 -3.959890e-04 1.139960e-01
    outer loop
      vertex   -1.471504e+00 -4.239092e+01 2.567111e+02
      vertex   -1.466566e+00 -3.701431e+01 2.566868e+02
      vertex   -1.499817e+00 -3.700000e+01 2.569766e+02
    endloop
  endfacet
  facet normal 9.951695e-01 3.922207e-04 9.817041e-02
    outer loop
      vertex   -1.471504e+00 -4.239092e+01 2.567111e+02
      vertex   -1.499817e+00 -3.700000e+01 2.569766e+02
      vertex   -1.500000e+00 -4.239655e+01 2.570000e+02
    endloop
  endfacet
  facet normal 9.951711e-01 -4.595466e-04 -9.815398e-02
    outer loop
      vertex   -1.500000e+00 -4.239655e+01 2.570000e+02
      vertex   -1.499817e+00 -3.700000e+01 2.569766e+02
      vertex   -1.471504e+00 -4.239092e+01 2.572889e+02
    endloop
  endfacet
  facet normal 9.952306e-01 -4.242338e-04 -9.754981e-02
    outer loop
      vertex   -1.471504e+00 -4.239092e+01 2.572889e+02
      vertex   -1.499817e+00 -3.700000e+01 2.569766e+02
      vertex   -1.466727e+00 -3.700000e+01 2.573142e+02
    endloop
  endfacet
  facet normal 9.576161e-01 5.028754e-04 -2.880470e-01
    outer loop
      vertex   -1.471504e+00 -4.239092e+01 2.572889e+02
      vertex   -1.466727e+00 -3.700000e+01 2.573142e+02
      vertex   -1.385551e+00 -4.237486e+01 2.575747e+02
    endloop
  endfacet
  facet normal 9.478624e-01 -1.128934e-03 -3.186780e-01
    outer loop
      vertex   -1.385551e+00 -4.237486e+01 2.575747e+02
      vertex   -1.466727e+00 -3.700000e+01 2.573142e+02
      vertex   -1.358626e+00 -3.700000e+01 2.576357e+02
    endloop
  endfacet
  facet normal 8.803940e-01 9.758340e-04 -4.742419e-01
    outer loop
      vertex   -1.385551e+00 -4.237486e+01 2.575747e+02
      vertex   -1.358626e+00 -3.700000e+01 2.576357e+02
      vertex   -1.244227e+00 -4.235056e+01 2.578371e+02
    endloop
  endfacet
  facet normal 8.520193e-01 -1.484924e-03 -5.235083e-01
    outer loop
      vertex   -1.244227e+00 -4.235056e+01 2.578371e+02
      vertex   -1.358626e+00 -3.700000e+01 2.576357e+02
      vertex   -1.181042e+00 -3.700000e+01 2.579247e+02
    endloop
  endfacet
  facet normal 7.728044e-01 1.271222e-03 -6.346431e-01
    outer loop
      vertex   -1.244227e+00 -4.235056e+01 2.578371e+02
      vertex   -1.181042e+00 -3.700000e+01 2.579247e+02
      vertex   -1.060680e+00 -4.232293e+01 2.580606e+02
    endloop
  endfacet
  facet normal 7.126028e-01 -1.798706e-03 -7.015654e-01
    outer loop
      vertex   -1.060680e+00 -4.232293e+01 2.580606e+02
      vertex   -1.181042e+00 -3.700000e+01 2.579247e+02
      vertex   -9.430591e-01 -3.700000e+01 2.581665e+02
    endloop
  endfacet
  facet normal 6.344759e-01 1.346676e-03 -7.729415e-01
    outer loop
      vertex   -1.060680e+00 -4.232293e+01 2.580606e+02
      vertex   -9.430591e-01 -3.700000e+01 2.581665e+02
      vertex   -8.371197e-01 -4.229540e+01 2.582442e+02
    endloop
  endfacet
  facet normal 5.367434e-01 -1.647919e-03 -8.437439e-01
    outer loop
      vertex   -8.371197e-01 -4.229540e+01 2.582442e+02
      vertex   -9.430591e-01 -3.700000e+01 2.581665e+02
      vertex   -6.568464e-01 -3.700000e+01 2.583485e+02
    endloop
  endfacet
  facet normal 4.741093e-01 1.207894e-03 -8.804652e-01
    outer loop
      vertex   -8.371197e-01 -4.229540e+01 2.582442e+02
      vertex   -6.568464e-01 -3.700000e+01 2.583485e+02
      vertex   -5.746993e-01 -4.227134e+01 2.583855e+02
    endloop
  endfacet
  facet normal 3.334341e-01 -1.421720e-03 -9.427724e-01
    outer loop
      vertex   -5.746993e-01 -4.227134e+01 2.583855e+02
      vertex   -6.568464e-01 -3.700000e+01 2.583485e+02
      vertex   -3.370416e-01 -3.700000e+01 2.584616e+02
    endloop
  endfacet
  facet normal 2.879894e-01 8.416973e-04 -9.576332e-01
    outer loop
      vertex   -5.746993e-01 -4.227134e+01 2.583855e+02
      vertex   -3.370416e-01 -3.700000e+01 2.584616e+02
      vertex   -2.889012e-01 -4.225552e+01 2.584715e+02
    endloop
  endfacet
  facet normal 1.130723e-01 -8.279787e-04 -9.935864e-01
    outer loop
      vertex   -2.889012e-01 -4.225552e+01 2.584715e+02
      vertex   -3.370416e-01 -3.700000e+01 2.584616e+02
      vertex   2.755455e-16 -3.700000e+01 2.585000e+02
    endloop
  endfacet
  facet normal 9.816644e-02 -2.617862e-16 -9.951700e-01
    outer loop
      vertex   -2.889012e-01 -4.225552e+01 2.584715e+02
      vertex   2.755455e-16 -3.700000e+01 2.585000e+02
      vertex   -1.373901e-14 -4.225000e+01 2.585000e+02
    endloop
  endfacet
  facet normal -9.816644e-02 2.620493e-16 -9.951700e-01
    outer loop
      vertex   -1.373901e-14 -4.225000e+01 2.585000e+02
      vertex   2.755455e-16 -3.700000e+01 2.585000e+02
      vertex   2.889012e-01 -4.225552e+01 2.584715e+02
    endloop
  endfacet
  facet normal -1.130723e-01 -8.279787e-04 -9.935864e-01
    outer loop
      vertex   2.889012e-01 -4.225552e+01 2.584715e+02
      vertex   2.755455e-16 -3.700000e+01 2.585000e+02
      vertex   3.370416e-01 -3.700000e+01 2.584616e+02
    endloop
  endfacet
  facet normal -2.879894e-01 8.416973e-04 -9.576332e-01
    outer loop
      vertex   2.889012e-01 -4.225552e+01 2.584715e+02
      vertex   3.370416e-01 -3.700000e+01 2.584616e+02
      vertex   5.746993e-01 -4.227134e+01 2.583855e+02
    endloop
  endfacet
  facet normal -3.334341e-01 -1.421720e-03 -9.427724e-01
    outer loop
      vertex   5.746993e-01 -4.227134e+01 2.583855e+02
      vertex   3.370416e-01 -3.700000e+01 2.584616e+02
      vertex   6.568464e-01 -3.700000e+01 2.583485e+02
    endloop
  endfacet
  facet normal -4.741093e-01 1.207894e-03 -8.804652e-01
    outer loop
      vertex   5.746993e-01 -4.227134e+01 2.583855e+02
      vertex   6.568464e-01 -3.700000e+01 2.583485e+02
      vertex   8.371197e-01 -4.229540e+01 2.582442e+02
    endloop
  endfacet
  facet normal -5.367434e-01 -1.647919e-03 -8.437439e-01
    outer loop
      vertex   8.371197e-01 -4.229540e+01 2.582442e+02
      vertex   6.568464e-01 -3.700000e+01 2.583485e+02
      vertex   9.430591e-01 -3.700000e+01 2.581665e+02
    endloop
  endfacet
  facet normal -6.344759e-01 1.346676e-03 -7.729415e-01
    outer loop
      vertex   8.371197e-01 -4.229540e+01 2.582442e+02
      vertex   9.430591e-01 -3.700000e+01 2.581665e+02
      vertex   1.060680e+00 -4.232293e+01 2.580606e+02
    endloop
  endfacet
  facet normal -7.126028e-01 -1.798706e-03 -7.015654e-01
    outer loop
      vertex   1.060680e+00 -4.232293e+01 2.580606e+02
      vertex   9.430591e-01 -3.700000e+01 2.581665e+02
      vertex   1.181042e+00 -3.700000e+01 2.579247e+02
    endloop
  endfacet
  facet normal -7.728044e-01 1.271222e-03 -6.346431e-01
    outer loop
      vertex   1.060680e+00 -4.232293e+01 2.580606e+02
      vertex   1.181042e+00 -3.700000e+01 2.579247e+02
      vertex   1.244227e+00 -4.235056e+01 2.578371e+02
    endloop
  endfacet
  facet normal -8.520193e-01 -1.484924e-03 -5.235083e-01
    outer loop
      vertex   1.244227e+00 -4.235056e+01 2.578371e+02
      vertex   1.181042e+00 -3.700000e+01 2.579247e+02
      vertex   1.358626e+00 -3.700000e+01 2.576357e+02
    endloop
  endfacet
  facet normal -8.803940e-01 9.758340e-04 -4.742419e-01
    outer loop
      vertex   1.244227e+00 -4.235056e+01 2.578371e+02
      vertex   1.358626e+00 -3.700000e+01 2.576357e+02
      vertex   1.385551e+00 -4.237486e+01 2.575747e+02
    endloop
  endfacet
  facet normal -9.478624e-01 -1.128934e-03 -3.186780e-01
    outer loop
      vertex   1.385551e+00 -4.237486e+01 2.575747e+02
      vertex   1.358626e+00 -3.700000e+01 2.576357e+02
      vertex   1.466727e+00 -3.700000e+01 2.573142e+02
    endloop
  endfacet
  facet normal -9.576161e-01 5.028754e-04 -2.880470e-01
    outer loop
      vertex   1.385551e+00 -4.237486e+01 2.575747e+02
      vertex   1.466727e+00 -3.700000e+01 2.573142e+02
      vertex   1.471504e+00 -4.239092e+01 2.572889e+02
    endloop
  endfacet
  facet normal -9.952306e-01 -4.242338e-04 -9.754981e-02
    outer loop
      vertex   1.471504e+00 -4.239092e+01 2.572889e+02
      vertex   1.466727e+00 -3.700000e+01 2.573142e+02
      vertex   1.499817e+00 -3.700000e+01 2.569766e+02
    endloop
  endfacet
  facet normal 3.840734e-16 1.000000e+00 -1.591181e-15
    outer loop
      vertex   2.000000e+01 -3.700000e+01 2.569766e+02
      vertex   1.499817e+00 -3.700000e+01 2.569766e+02
      vertex   1.200000e+01 -3.700000e+01 2.639766e+02
    endloop
  endfacet
  facet normal -1.380563e-14 1.000000e+00 1.969374e-14
    outer loop
      vertex   1.200000e+01 -3.700000e+01 2.639766e+02
      vertex   1.499817e+00 -3.700000e+01 2.569766e+02
      vertex   1.466727e+00 -3.700000e+01 2.573142e+02
    endloop
  endfacet
  facet normal -1.112551e-15 1.000000e+00 -3.740473e-16
    outer loop
      vertex   1.200000e+01 -3.700000e+01 2.639766e+02
      vertex   1.466727e+00 -3.700000e+01 2.573142e+02
      vertex   1.358626e+00 -3.700000e+01 2.576357e+02
    endloop
  endfacet
  facet normal -9.775369e-16 1.000000e+00 -6.006303e-16
    outer loop
      vertex   1.358626e+00 -3.700000e+01 2.576357e+02
      vertex   1.181042e+00 -3.700000e+01 2.579247e+02
      vertex   1.200000e+01 -3.700000e+01 2.639766e+02
    endloop
  endfacet
  facet normal -8.470403e-16 1.000000e+00 -8.339205e-16
    outer loop
      vertex   1.200000e+01 -3.700000e+01 2.639766e+02
      vertex   1.181042e+00 -3.700000e+01 2.579247e+02
      vertex   9.430591e-01 -3.700000e+01 2.581665e+02
    endloop
  endfacet
  facet normal -7.038466e-16 1.000000e+00 -1.106425e-15
    outer loop
      vertex   1.200000e+01 -3.700000e+01 2.639766e+02
      vertex   9.430591e-01 -3.700000e+01 2.581665e+02
      vertex   6.568464e-01 -3.700000e+01 2.583485e+02
    endloop
  endfacet
  facet normal -5.213796e-16 1.000000e+00 -1.474181e-15
    outer loop
      vertex   6.568464e-01 -3.700000e+01 2.583485e+02
      vertex   3.370416e-01 -3.700000e+01 2.584616e+02
      vertex   1.200000e+01 -3.700000e+01 2.639766e+02
    endloop
  endfacet
  facet normal -2.363602e-16 1.000000e+00 -2.076938e-15
    outer loop
      vertex   1.200000e+01 -3.700000e+01 2.639766e+02
      vertex   3.370416e-01 -3.700000e+01 2.584616e+02
      vertex   2.755455e-16 -3.700000e+01 2.585000e+02
    endloop
  endfacet
  facet normal 0.000000e+00 1.000000e+00 -2.594838e-15
    outer loop
      vertex   1.200000e+01 -3.700000e+01 2.639766e+02
      vertex   2.755455e-16 -3.700000e+01 2.585000e+02
      vertex   -1.200000e+01 -3.700000e+01 2.639766e+02
    endloop
  endfacet
  facet normal 2.363602e-16 1.000000e+00 -2.076938e-15
    outer loop
      vertex   -1.200000e+01 -3.700000e+01 2.639766e+02
      vertex   2.755455e-16 -3.700000e+01 2.585000e+02
      vertex   -3.370416e-01 -3.700000e+01 2.584616e+02
    endloop
  endfacet
  facet normal 5.213796e-16 1.000000e+00 -1.474181e-15
    outer loop
      vertex   -1.200000e+01 -3.700000e+01 2.639766e+02
      vertex   -3.370416e-01 -3.700000e+01 2.584616e+02
      vertex   -6.568464e-01 -3.700000e+01 2.583485e+02
    endloop
  endfacet
  facet normal 7.038466e-16 1.000000e+00 -1.106425e-15
    outer loop
      vertex   -6.568464e-01 -3.700000e+01 2.583485e+02
      vertex   -9.430591e-01 -3.700000e+01 2.581665e+02
      vertex   -1.200000e+01 -3.700000e+01 2.639766e+02
    endloop
  endfacet
  facet normal 8.470403e-16 1.000000e+00 -8.339205e-16
    outer loop
      vertex   -1.200000e+01 -3.700000e+01 2.639766e+02
      vertex   -9.430591e-01 -3.700000e+01 2.581665e+02
      vertex   -1.181042e+00 -3.700000e+01 2.579247e+02
    endloop
  endfacet
  facet normal 9.775369e-16 1.000000e+00 -6.006303e-16
    outer loop
      vertex   -1.200000e+01 -3.700000e+01 2.639766e+02
      vertex   -1.181042e+00 -3.700000e+01 2.579247e+02
      vertex   -1.358626e+00 -3.700000e+01 2.576357e+02
    endloop
  endfacet
  facet normal 1.112551e-15 1.000000e+00 -3.740473e-16
    outer loop
      vertex   -1.358626e+00 -3.700000e+01 2.576357e+02
      vertex   -1.466727e+00 -3.700000e+01 2.573142e+02
      vertex   -1.200000e+01 -3.700000e+01 2.639766e+02
    endloop
  endfacet
  facet normal 1.380563e-14 1.000000e+00 1.969374e-14
    outer loop
      vertex   -1.200000e+01 -3.700000e+01 2.639766e+02
      vertex   -1.466727e+00 -3.700000e+01 2.573142e+02
      vertex   -1.499817e+00 -3.700000e+01 2.569766e+02
    endloop
  endfacet
  facet normal -3.840734e-16 1.000000e+00 -1.591181e-15
    outer loop
      vertex   -1.200000e+01 -3.700000e+01 2.639766e+02
      vertex   -1.499817e+00 -3.700000e+01 2.569766e+02
      vertex   -2.000000e+01 -3.700000e+01 2.569766e+02
    endloop
  endfacet
  facet normal -1.480297e-16 1.000000e+00 -1.860945e-15
    outer loop
      vertex   -2.000000e+01 -3.700000e+01 2.569766e+02
      vertex   -2.000000e+01 -3.700000e+01 2.989766e+02
      vertex   -1.200000e+01 -3.700000e+01 2.639766e+02
    endloop
  endfacet
  facet normal 0.000000e+00 1.000000e+00 -1.827110e-15
    outer loop
      vertex   -1.200000e+01 -3.700000e+01 2.639766e+02
      vertex   -2.000000e+01 -3.700000e+01 2.989766e+02
      vertex   -1.200000e+01 -3.700000e+01 2.989766e+02
    endloop
  endfacet
  facet normal 0.000000e+00 1.000000e+00 -1.827110e-15
    outer loop
      vertex   1.200000e+01 -3.700000e+01 2.989766e+02
      vertex   2.000000e+01 -3.700000e+01 2.989766e+02
      vertex   1.200000e+01 -3.700000e+01 2.639766e+02
    endloop
  endfacet
  facet normal 1.480297e-16 1.000000e+00 -1.860945e-15
    outer loop
      vertex   1.200000e+01 -3.700000e+01 2.639766e+02
      vertex   2.000000e+01 -3.700000e+01 2.989766e+02
      vertex   2.000000e+01 -3.700000e+01 2.569766e+02
    endloop
  endfacet
  facet normal 9.925538e-17 9.969173e-01 -7.845910e-02
    outer loop
      vertex   -2.000000e+01 -3.700000e+01 2.569766e+02
      vertex   -1.499817e+00 -3.700000e+01 2.569766e+02
      vertex   -1.000000e+01 -3.703694e+01 2.565073e+02
    endloop
  endfacet
  facet normal -1.608183e-03 9.987740e-01 -4.947725e-02
    outer loop
      vertex   -1.000000e+01 -3.703694e+01 2.565073e+02
      vertex   -1.499817e+00 -3.700000e+01 2.569766e+02
      vertex   -1.466566e+00 -3.701431e+01 2.566868e+02
    endloop
  endfacet
  facet normal 3.802988e-04 9.897386e-01 -1.428897e-01
    outer loop
      vertex   -1.000000e+01 -3.703694e+01 2.565073e+02
      vertex   -1.466566e+00 -3.701431e+01 2.566868e+02
      vertex   -1.376440e+00 -3.705518e+01 2.564039e+02
    endloop
  endfacet
  facet normal -7.426045e-04 9.723697e-01 -2.334453e-01
    outer loop
      vertex   -1.000000e+01 -3.703694e+01 2.565073e+02
      vertex   -1.376440e+00 -3.705518e+01 2.564039e+02
      vertex   -1.000000e+01 -3.714683e+01 2.560495e+02
    endloop
  endfacet
  facet normal -6.814950e-04 9.720325e-01 -2.348454e-01
    outer loop
      vertex   -1.000000e+01 -3.714683e+01 2.560495e+02
      vertex   -1.376440e+00 -3.705518e+01 2.564039e+02
      vertex   -1.233463e+00 -3.711711e+01 2.561471e+02
    endloop
  endfacet
  facet normal 2.522248e-04 9.500629e-01 -3.120584e-01
    outer loop
      vertex   -1.000000e+01 -3.714683e+01 2.560495e+02
      vertex   -1.233463e+00 -3.711711e+01 2.561471e+02
      vertex   -1.051475e+00 -3.718839e+01 2.559302e+02
    endloop
  endfacet
  facet normal -8.125592e-04 9.238348e-01 -3.827905e-01
    outer loop
      vertex   -1.000000e+01 -3.714683e+01 2.560495e+02
      vertex   -1.051475e+00 -3.718839e+01 2.559302e+02
      vertex   -1.000000e+01 -3.732730e+01 2.556140e+02
    endloop
  endfacet
  facet normal -9.151858e-04 9.248495e-01 -3.803322e-01
    outer loop
      vertex   -1.000000e+01 -3.732730e+01 2.556140e+02
      vertex   -1.051475e+00 -3.718839e+01 2.559302e+02
      vertex   -8.308388e-01 -3.726166e+01 2.557515e+02
    endloop
  endfacet
  facet normal 1.786860e-06 9.024600e-01 -4.307736e-01
    outer loop
      vertex   -1.000000e+01 -3.732730e+01 2.556140e+02
      vertex   -8.308388e-01 -3.726166e+01 2.557515e+02
      vertex   -5.721600e-01 -3.732759e+01 2.556134e+02
    endloop
  endfacet
  facet normal -1.042085e-06 8.842059e-01 -4.670973e-01
    outer loop
      vertex   -5.721600e-01 -3.732759e+01 2.556134e+02
      vertex   -2.889565e-01 -3.737245e+01 2.555285e+02
      vertex   -1.000000e+01 -3.732730e+01 2.556140e+02
    endloop
  endfacet
  facet normal -3.080801e-04 8.693802e-01 -4.941437e-01
    outer loop
      vertex   -1.000000e+01 -3.732730e+01 2.556140e+02
      vertex   -2.889565e-01 -3.737245e+01 2.555285e+02
      vertex   -2.775558e-15 -3.738855e+01 2.555000e+02
    endloop
  endfacet
  facet normal -7.353417e-04 8.525793e-01 -5.225973e-01
    outer loop
      vertex   -1.000000e+01 -3.732730e+01 2.556140e+02
      vertex   -2.775558e-15 -3.738855e+01 2.555000e+02
      vertex   -1.000000e+01 -3.757295e+01 2.552132e+02
    endloop
  endfacet
  facet normal 0.000000e+00 8.411099e-01 -5.408643e-01
    outer loop
      vertex   -1.000000e+01 -3.757295e+01 2.552132e+02
      vertex   -2.775558e-15 -3.738855e+01 2.555000e+02
      vertex   0.000000e+00 -3.757295e+01 2.552132e+02
    endloop
  endfacet
  facet normal 0.000000e+00 7.604060e-01 -6.494480e-01
    outer loop
      vertex   -1.000000e+01 -3.757295e+01 2.552132e+02
      vertex   0.000000e+00 -3.757295e+01 2.552132e+02
      vertex   -1.000000e+01 -3.787868e+01 2.548553e+02
    endloop
  endfacet
  facet normal 0.000000e+00 7.604060e-01 -6.494480e-01
    outer loop
      vertex   -1.000000e+01 -3.787868e+01 2.548553e+02
      vertex   0.000000e+00 -3.757295e+01 2.552132e+02
      vertex   0.000000e+00 -3.787868e+01 2.548553e+02
    endloop
  endfacet
  facet normal 0.000000e+00 6.494480e-01 -7.604060e-01
    outer loop
      vertex   -1.000000e+01 -3.787868e+01 2.548553e+02
      vertex   0.000000e+00 -3.787868e+01 2.548553e+02
      vertex   -1.000000e+01 -3.823664e+01 2.545495e+02
    endloop
  endfacet
  facet normal 0.000000e+00 6.494480e-01 -7.604060e-01
    outer loop
      vertex   -1.000000e+01 -3.823664e+01 2.545495e+02
      vertex   0.000000e+00 -3.787868e+01 2.548553e+02
      vertex   0.000000e+00 -3.823664e+01 2.545495e+02
    endloop
  endfacet
  facet normal 0.000000e+00 5.224986e-01 -8.526402e-01
    outer loop
      vertex   -1.000000e+01 -3.823664e+01 2.545495e+02
      vertex   0.000000e+00 -3.823664e+01 2.545495e+02
      vertex   -1.000000e+01 -3.863803e+01 2.543036e+02
    endloop
  endfacet
  facet normal 0.000000e+00 5.224986e-01 -8.526402e-01
    outer loop
      vertex   -1.000000e+01 -3.863803e+01 2.543036e+02
      vertex   0.000000e+00 -3.823664e+01 2.545495e+02
      vertex   0.000000e+00 -3.863803e+01 2.543036e+02
    endloop
  endfacet
  facet normal 0.000000e+00 3.826834e-01 -9.238795e-01
    outer loop
      vertex   -1.000000e+01 -3.863803e+01 2.543036e+02
      vertex   0.000000e+00 -3.863803e+01 2.543036e+02
      vertex   -1.000000e+01 -3.907295e+01 2.541234e+02
    endloop
  endfacet
  facet normal 0.000000e+00 3.826834e-01 -9.238795e-01
    outer loop
      vertex   -1.000000e+01 -3.907295e+01 2.541234e+02
      vertex   0.000000e+00 -3.863803e+01 2.543036e+02
      vertex   0.000000e+00 -3.907295e+01 2.541234e+02
    endloop
  endfacet
  facet normal 0.000000e+00 2.334454e-01 -9.723699e-01
    outer loop
      vertex   -1.000000e+01 -3.907295e+01 2.541234e+02
      vertex   0.000000e+00 -3.907295e+01 2.541234e+02
      vertex   -1.000000e+01 -3.953070e+01 2.540135e+02
    endloop
  endfacet
  facet normal 0.000000e+00 2.334454e-01 -9.723699e-01
    outer loop
      vertex   -1.000000e+01 -3.953070e+01 2.540135e+02
      vertex   0.000000e+00 -3.907295e+01 2.541234e+02
      vertex   0.000000e+00 -3.953070e+01 2.540135e+02
    endloop
  endfacet
  facet normal 0.000000e+00 7.845910e-02 -9.969173e-01
    outer loop
      vertex   -1.000000e+01 -3.953070e+01 2.540135e+02
      vertex   0.000000e+00 -3.953070e+01 2.540135e+02
      vertex   -2.000000e+01 -4.000000e+01 2.539766e+02
    endloop
  endfacet
  facet normal -7.083524e-16 7.845910e-02 -9.969173e-01
    outer loop
      vertex   -2.000000e+01 -4.000000e+01 2.539766e+02
      vertex   0.000000e+00 -3.953070e+01 2.540135e+02
      vertex   2.000000e+01 -4.000000e+01 2.539766e+02
    endloop
  endfacet
  facet normal 0.000000e+00 7.845910e-02 -9.969173e-01
    outer loop
      vertex   2.000000e+01 -4.000000e+01 2.539766e+02
      vertex   0.000000e+00 -3.953070e+01 2.540135e+02
      vertex   1.000000e+01 -3.953070e+01 2.540135e+02
    endloop
  endfacet
  facet normal 0.000000e+00 7.845910e-02 -9.969173e-01
    outer loop
      vertex   2.000000e+01 -4.000000e+01 2.539766e+02
      vertex   1.000000e+01 -3.953070e+01 2.540135e+02
      vertex   2.000000e+01 -3.953070e+01 2.540135e+02
    endloop
  endfacet
  facet normal 0.000000e+00 2.334454e-01 -9.723699e-01
    outer loop
      vertex   2.000000e+01 -3.953070e+01 2.540135e+02
      vertex   1.000000e+01 -3.953070e+01 2.540135e+02
      vertex   2.000000e+01 -3.907295e+01 2.541234e+02
    endloop
  endfacet
  facet normal 0.000000e+00 2.334454e-01 -9.723699e-01
    outer loop
      vertex   2.000000e+01 -3.907295e+01 2.541234e+02
      vertex   1.000000e+01 -3.953070e+01 2.540135e+02
      vertex   1.000000e+01 -3.907295e+01 2.541234e+02
    endloop
  endfacet
  facet normal 0.000000e+00 3.826834e-01 -9.238795e-01
    outer loop
      vertex   2.000000e+01 -3.907295e+01 2.541234e+02
      vertex   1.000000e+01 -3.907295e+01 2.541234e+02
      vertex   2.000000e+01 -3.863803e+01 2.543036e+02
    endloop
  endfacet
  facet normal 0.000000e+00 3.826834e-01 -9.238795e-01
    outer loop
      vertex   2.000000e+01 -3.863803e+01 2.543036e+02
      vertex   1.000000e+01 -3.907295e+01 2.541234e+02
      vertex   1.000000e+01 -3.863803e+01 2.543036e+02
    endloop
  endfacet
  facet normal 0.000000e+00 5.224986e-01 -8.526402e-01
    outer loop
      vertex   2.000000e+01 -3.863803e+01 2.543036e+02
      vertex   1.000000e+01 -3.863803e+01 2.543036e+02
      vertex   2.000000e+01 -3.823664e+01 2.545495e+02
    endloop
  endfacet
  facet normal 0.000000e+00 5.224986e-01 -8.526402e-01
    outer loop
      vertex   2.000000e+01 -3.823664e+01 2.545495e+02
      vertex   1.000000e+01 -3.863803e+01 2.543036e+02
      vertex   1.000000e+01 -3.823664e+01 2.545495e+02
    endloop
  endfacet
  facet normal 0.000000e+00 6.494480e-01 -7.604060e-01
    outer loop
      vertex   2.000000e+01 -3.823664e+01 2.545495e+02
      vertex   1.000000e+01 -3.823664e+01 2.545495e+02
      vertex   2.000000e+01 -3.787868e+01 2.548553e+02
    endloop
  endfacet
  facet normal -9.229212e-16 6.494480e-01 -7.604060e-01
    outer loop
      vertex   2.000000e+01 -3.787868e+01 2.548553e+02
      vertex   1.000000e+01 -3.823664e+01 2.545495e+02
      vertex   1.000000e+01 -3.787868e+01 2.548553e+02
    endloop
  endfacet
  facet normal -1.080602e-15 7.604060e-01 -6.494480e-01
    outer loop
      vertex   2.000000e+01 -3.787868e+01 2.548553e+02
      vertex   1.000000e+01 -3.787868e+01 2.548553e+02
      vertex   2.000000e+01 -3.757295e+01 2.552132e+02
    endloop
  endfacet
  facet normal 5.403009e-16 7.604060e-01 -6.494480e-01
    outer loop
      vertex   2.000000e+01 -3.757295e+01 2.552132e+02
      vertex   1.000000e+01 -3.787868e+01 2.548553e+02
      vertex   1.000000e+01 -3.757295e+01 2.552132e+02
    endloop
  endfacet
  facet normal 6.057942e-16 8.525796e-01 -5.225975e-01
    outer loop
      vertex   2.000000e+01 -3.757295e+01 2.552132e+02
      vertex   1.000000e+01 -3.757295e+01 2.552132e+02
      vertex   1.000000e+01 -3.732730e+01 2.556140e+02
    endloop
  endfacet
  facet normal 7.353417e-04 8.525793e-01 -5.225973e-01
    outer loop
      vertex   1.000000e+01 -3.732730e+01 2.556140e+02
      vertex   1.000000e+01 -3.757295e+01 2.552132e+02
      vertex   -2.775558e-15 -3.738855e+01 2.555000e+02
    endloop
  endfacet
  facet normal 3.080801e-04 8.693802e-01 -4.941437e-01
    outer loop
      vertex   1.000000e+01 -3.732730e+01 2.556140e+02
      vertex   -2.775558e-15 -3.738855e+01 2.555000e+02
      vertex   2.889565e-01 -3.737245e+01 2.555285e+02
    endloop
  endfacet
  facet normal 1.042085e-06 8.842059e-01 -4.670973e-01
    outer loop
      vertex   2.889565e-01 -3.737245e+01 2.555285e+02
      vertex   5.721600e-01 -3.732759e+01 2.556134e+02
      vertex   1.000000e+01 -3.732730e+01 2.556140e+02
    endloop
  endfacet
  facet normal -1.786860e-06 9.024600e-01 -4.307736e-01
    outer loop
      vertex   1.000000e+01 -3.732730e+01 2.556140e+02
      vertex   5.721600e-01 -3.732759e+01 2.556134e+02
      vertex   8.308388e-01 -3.726166e+01 2.557515e+02
    endloop
  endfacet
  facet normal 9.151858e-04 9.248495e-01 -3.803322e-01
    outer loop
      vertex   1.000000e+01 -3.732730e+01 2.556140e+02
      vertex   8.308388e-01 -3.726166e+01 2.557515e+02
      vertex   1.051475e+00 -3.718839e+01 2.559302e+02
    endloop
  endfacet
  facet normal 8.125592e-04 9.238348e-01 -3.827905e-01
    outer loop
      vertex   1.000000e+01 -3.732730e+01 2.556140e+02
      vertex   1.051475e+00 -3.718839e+01 2.559302e+02
      vertex   1.000000e+01 -3.714683e+01 2.560495e+02
    endloop
  endfacet
  facet normal -2.522248e-04 9.500629e-01 -3.120584e-01
    outer loop
      vertex   1.000000e+01 -3.714683e+01 2.560495e+02
      vertex   1.051475e+00 -3.718839e+01 2.559302e+02
      vertex   1.233463e+00 -3.711711e+01 2.561471e+02
    endloop
  endfacet
  facet normal 6.814950e-04 9.720325e-01 -2.348454e-01
    outer loop
      vertex   1.000000e+01 -3.714683e+01 2.560495e+02
      vertex   1.233463e+00 -3.711711e+01 2.561471e+02
      vertex   1.376440e+00 -3.705518e+01 2.564039e+02
    endloop
  endfacet
  facet normal 7.426045e-04 9.723697e-01 -2.334453e-01
    outer loop
      vertex   1.000000e+01 -3.714683e+01 2.560495e+02
      vertex   1.376440e+00 -3.705518e+01 2.564039e+02
      vertex   1.000000e+01 -3.703694e+01 2.565073e+02
    endloop
  endfacet
  facet normal -3.802988e-04 9.897386e-01 -1.428897e-01
    outer loop
      vertex   1.000000e+01 -3.703694e+01 2.565073e+02
      vertex   1.376440e+00 -3.705518e+01 2.564039e+02
      vertex   1.466566e+00 -3.701431e+01 2.566868e+02
    endloop
  endfacet
  facet normal 6.853759e-04 9.956691e-01 -9.296497e-02
    outer loop
      vertex   1.000000e+01 -3.703694e+01 2.565073e+02
      vertex   1.466566e+00 -3.701431e+01 2.566868e+02
      vertex   2.000000e+01 -3.700000e+01 2.569766e+02
    endloop
  endfacet
  facet normal 8.069076e-17 9.987843e-01 -4.929327e-02
    outer loop
      vertex   2.000000e+01 -3.700000e+01 2.569766e+02
      vertex   1.466566e+00 -3.701431e+01 2.566868e+02
      vertex   1.499817e+00 -3.700000e+01 2.569766e+02
    endloop
  endfacet
  facet normal 2.623709e-16 9.969173e-01 -7.845910e-02
    outer loop
      vertex   2.000000e+01 -3.700000e+01 2.569766e+02
      vertex   2.000000e+01 -3.703694e+01 2.565073e+02
      vertex   1.000000e+01 -3.703694e+01 2.565073e+02
    endloop
  endfacet
  facet normal -6.360729e-16 9.723699e-01 -2.334454e-01
    outer loop
      vertex   1.000000e+01 -3.703694e+01 2.565073e+02
      vertex   2.000000e+01 -3.703694e+01 2.565073e+02
      vertex   1.000000e+01 -3.714683e+01 2.560495e+02
    endloop
  endfacet
  facet normal 7.458409e-16 9.723699e-01 -2.334454e-01
    outer loop
      vertex   2.000000e+01 -3.703694e+01 2.565073e+02
      vertex   2.000000e+01 -3.714683e+01 2.560495e+02
      vertex   1.000000e+01 -3.714683e+01 2.560495e+02
    endloop
  endfacet
  facet normal -2.059358e-16 9.238795e-01 -3.826834e-01
    outer loop
      vertex   1.000000e+01 -3.714683e+01 2.560495e+02
      vertex   2.000000e+01 -3.714683e+01 2.560495e+02
      vertex   2.000000e+01 -3.732698e+01 2.556146e+02
    endloop
  endfacet
  facet normal -5.459928e-06 9.238351e-01 -3.827906e-01
    outer loop
      vertex   1.000000e+01 -3.714683e+01 2.560495e+02
      vertex   2.000000e+01 -3.732698e+01 2.556146e+02
      vertex   1.000000e+01 -3.732730e+01 2.556140e+02
    endloop
  endfacet
  facet normal 5.451882e-06 8.526402e-01 -5.224986e-01
    outer loop
      vertex   1.000000e+01 -3.732730e+01 2.556140e+02
      vertex   2.000000e+01 -3.732698e+01 2.556146e+02
      vertex   2.000000e+01 -3.757295e+01 2.552132e+02
    endloop
  endfacet
  facet normal 0.000000e+00 7.845910e-02 -9.969173e-01
    outer loop
      vertex   -2.000000e+01 -4.000000e+01 2.539766e+02
      vertex   -2.000000e+01 -3.953070e+01 2.540135e+02
      vertex   -1.000000e+01 -3.953070e+01 2.540135e+02
    endloop
  endfacet
  facet normal 0.000000e+00 2.334454e-01 -9.723699e-01
    outer loop
      vertex   -1.000000e+01 -3.953070e+01 2.540135e+02
      vertex   -2.000000e+01 -3.953070e+01 2.540135e+02
      vertex   -1.000000e+01 -3.907295e+01 2.541234e+02
    endloop
  endfacet
  facet normal 0.000000e+00 2.334454e-01 -9.723699e-01
    outer loop
      vertex   -2.000000e+01 -3.953070e+01 2.540135e+02
      vertex   -2.000000e+01 -3.907295e+01 2.541234e+02
      vertex   -1.000000e+01 -3.907295e+01 2.541234e+02
    endloop
  endfacet
  facet normal 0.000000e+00 3.826834e-01 -9.238795e-01
    outer loop
      vertex   -1.000000e+01 -3.907295e+01 2.541234e+02
      vertex   -2.000000e+01 -3.907295e+01 2.541234e+02
      vertex   -1.000000e+01 -3.863803e+01 2.543036e+02
    endloop
  endfacet
  facet normal 0.000000e+00 3.826834e-01 -9.238795e-01
    outer loop
      vertex   -2.000000e+01 -3.907295e+01 2.541234e+02
      vertex   -2.000000e+01 -3.863803e+01 2.543036e+02
      vertex   -1.000000e+01 -3.863803e+01 2.543036e+02
    endloop
  endfacet
  facet normal 0.000000e+00 5.224986e-01 -8.526402e-01
    outer loop
      vertex   -1.000000e+01 -3.863803e+01 2.543036e+02
      vertex   -2.000000e+01 -3.863803e+01 2.543036e+02
      vertex   -1.000000e+01 -3.823664e+01 2.545495e+02
    endloop
  endfacet
  facet normal 0.000000e+00 5.224986e-01 -8.526402e-01
    outer loop
      vertex   -2.000000e+01 -3.863803e+01 2.543036e+02
      vertex   -2.000000e+01 -3.823664e+01 2.545495e+02
      vertex   -1.000000e+01 -3.823664e+01 2.545495e+02
    endloop
  endfacet
  facet normal 0.000000e+00 6.494480e-01 -7.604060e-01
    outer loop
      vertex   -1.000000e+01 -3.823664e+01 2.545495e+02
      vertex   -2.000000e+01 -3.823664e+01 2.545495e+02
      vertex   -1.000000e+01 -3.787868e+01 2.548553e+02
    endloop
  endfacet
  facet normal 9.256682e-16 6.494480e-01 -7.604060e-01
    outer loop
      vertex   -2.000000e+01 -3.823664e+01 2.545495e+02
      vertex   -2.000000e+01 -3.787868e+01 2.548553e+02
      vertex   -1.000000e+01 -3.787868e+01 2.548553e+02
    endloop
  endfacet
  facet normal 1.080602e-15 7.604060e-01 -6.494480e-01
    outer loop
      vertex   -1.000000e+01 -3.787868e+01 2.548553e+02
      vertex   -2.000000e+01 -3.787868e+01 2.548553e+02
      vertex   -1.000000e+01 -3.757295e+01 2.552132e+02
    endloop
  endfacet
  facet normal -5.424298e-16 7.604060e-01 -6.494480e-01
    outer loop
      vertex   -2.000000e+01 -3.787868e+01 2.548553e+02
      vertex   -2.000000e+01 -3.757295e+01 2.552132e+02
      vertex   -1.000000e+01 -3.757295e+01 2.552132e+02
    endloop
  endfacet
  facet normal -6.057942e-16 8.525796e-01 -5.225975e-01
    outer loop
      vertex   -1.000000e+01 -3.757295e+01 2.552132e+02
      vertex   -2.000000e+01 -3.757295e+01 2.552132e+02
      vertex   -1.000000e+01 -3.732730e+01 2.556140e+02
    endloop
  endfacet
  facet normal -5.451882e-06 8.526402e-01 -5.224986e-01
    outer loop
      vertex   -2.000000e+01 -3.757295e+01 2.552132e+02
      vertex   -2.000000e+01 -3.732698e+01 2.556146e+02
      vertex   -1.000000e+01 -3.732730e+01 2.556140e+02
    endloop
  endfacet
  facet normal 5.459928e-06 9.238351e-01 -3.827906e-01
    outer loop
      vertex   -1.000000e+01 -3.732730e+01 2.556140e+02
      vertex   -2.000000e+01 -3.732698e+01 2.556146e+02
      vertex   -1.000000e+01 -3.714683e+01 2.560495e+02
    endloop
  endfacet
  facet normal 2.063591e-16 9.238795e-01 -3.826834e-01
    outer loop
      vertex   -2.000000e+01 -3.732698e+01 2.556146e+02
      vertex   -2.000000e+01 -3.714683e+01 2.560495e+02
      vertex   -1.000000e+01 -3.714683e+01 2.560495e+02
    endloop
  endfacet
  facet normal -7.457479e-16 9.723699e-01 -2.334454e-01
    outer loop
      vertex   -1.000000e+01 -3.714683e+01 2.560495e+02
      vertex   -2.000000e+01 -3.714683e+01 2.560495e+02
      vertex   -1.000000e+01 -3.703694e+01 2.565073e+02
    endloop
  endfacet
  facet normal 6.352914e-16 9.723699e-01 -2.334454e-01
    outer loop
      vertex   -2.000000e+01 -3.714683e+01 2.560495e+02
      vertex   -2.000000e+01 -3.703694e+01 2.565073e+02
      vertex   -1.000000e+01 -3.703694e+01 2.565073e+02
    endloop
  endfacet
  facet normal -2.623640e-16 9.969173e-01 -7.845910e-02
    outer loop
      vertex   -1.000000e+01 -3.703694e+01 2.565073e+02
      vertex   -2.000000e+01 -3.703694e+01 2.565073e+02
      vertex   -2.000000e+01 -3.700000e+01 2.569766e+02
    endloop
  endfacet
  facet normal 0.000000e+00 7.604060e-01 -6.494480e-01
    outer loop
      vertex   0.000000e+00 -3.787868e+01 2.548553e+02
      vertex   0.000000e+00 -3.757295e+01 2.552132e+02
      vertex   1.000000e+01 -3.757295e+01 2.552132e+02
    endloop
  endfacet
  facet normal 0.000000e+00 8.411099e-01 -5.408643e-01
    outer loop
      vertex   1.000000e+01 -3.757295e+01 2.552132e+02
      vertex   0.000000e+00 -3.757295e+01 2.552132e+02
      vertex   -2.775558e-15 -3.738855e+01 2.555000e+02
    endloop
  endfacet
  facet normal 0.000000e+00 7.604060e-01 -6.494480e-01
    outer loop
      vertex   0.000000e+00 -3.787868e+01 2.548553e+02
      vertex   1.000000e+01 -3.757295e+01 2.552132e+02
      vertex   1.000000e+01 -3.787868e+01 2.548553e+02
    endloop
  endfacet
  facet normal 0.000000e+00 6.494480e-01 -7.604060e-01
    outer loop
      vertex   0.000000e+00 -3.823664e+01 2.545495e+02
      vertex   0.000000e+00 -3.787868e+01 2.548553e+02
      vertex   1.000000e+01 -3.787868e+01 2.548553e+02
    endloop
  endfacet
  facet normal 0.000000e+00 6.494480e-01 -7.604060e-01
    outer loop
      vertex   0.000000e+00 -3.823664e+01 2.545495e+02
      vertex   1.000000e+01 -3.787868e+01 2.548553e+02
      vertex   1.000000e+01 -3.823664e+01 2.545495e+02
    endloop
  endfacet
  facet normal 0.000000e+00 5.224986e-01 -8.526402e-01
    outer loop
      vertex   0.000000e+00 -3.863803e+01 2.543036e+02
      vertex   0.000000e+00 -3.823664e+01 2.545495e+02
      vertex   1.000000e+01 -3.823664e+01 2.545495e+02
    endloop
  endfacet
  facet normal 0.000000e+00 5.224986e-01 -8.526402e-01
    outer loop
      vertex   0.000000e+00 -3.863803e+01 2.543036e+02
      vertex   1.000000e+01 -3.823664e+01 2.545495e+02
      vertex   1.000000e+01 -3.863803e+01 2.543036e+02
    endloop
  endfacet
  facet normal 0.000000e+00 3.826834e-01 -9.238795e-01
    outer loop
      vertex   0.000000e+00 -3.907295e+01 2.541234e+02
      vertex   0.000000e+00 -3.863803e+01 2.543036e+02
      vertex   1.000000e+01 -3.863803e+01 2.543036e+02
    endloop
  endfacet
  facet normal 0.000000e+00 3.826834e-01 -9.238795e-01
    outer loop
      vertex   0.000000e+00 -3.907295e+01 2.541234e+02
      vertex   1.000000e+01 -3.863803e+01 2.543036e+02
      vertex   1.000000e+01 -3.907295e+01 2.541234e+02
    endloop
  endfacet
  facet normal 0.000000e+00 2.334454e-01 -9.723699e-01
    outer loop
      vertex   0.000000e+00 -3.953070e+01 2.540135e+02
      vertex   0.000000e+00 -3.907295e+01 2.541234e+02
      vertex   1.000000e+01 -3.907295e+01 2.541234e+02
    endloop
  endfacet
  facet normal 0.000000e+00 2.334454e-01 -9.723699e-01
    outer loop
      vertex   0.000000e+00 -3.953070e+01 2.540135e+02
      vertex   1.000000e+01 -3.907295e+01 2.541234e+02
      vertex   1.000000e+01 -3.953070e+01 2.540135e+02
    endloop
  endfacet
  facet normal -1.000000e+00 0.000000e+00 0.000000e+00
    outer loop
      vertex   -2.000000e+01 -4.651584e+01 2.608983e+02
      vertex   -2.000000e+01 -4.111083e+01 2.652179e+02
      vertex   -2.000000e+01 -4.650000e+01 2.605588e+02
    endloop
  endfacet
  facet normal -1.000000e+00 0.000000e+00 0.000000e+00
    outer loop
      vertex   -2.000000e+01 -4.650000e+01 2.605588e+02
      vertex   -2.000000e+01 -4.111083e+01 2.652179e+02
      vertex   -2.000000e+01 -4.072934e+01 2.650307e+02
    endloop
  endfacet
  facet normal -1.000000e+00 0.000000e+00 -0.000000e+00
    outer loop
      vertex   -2.000000e+01 -4.650000e+01 2.605588e+02
      vertex   -2.000000e+01 -4.072934e+01 2.650307e+02
      vertex   -2.000000e+01 -4.651584e+01 2.602193e+02
    endloop
  endfacet
  facet normal -1.000000e+00 0.000000e+00 0.000000e+00
    outer loop
      vertex   -2.000000e+01 -4.651584e+01 2.602193e+02
      vertex   -2.000000e+01 -4.072934e+01 2.650307e+02
      vertex   -2.000000e+01 -4.000000e+01 2.539766e+02
    endloop
  endfacet
  facet normal -1.000000e+00 0.000000e+00 -0.000000e+00
    outer loop
      vertex   -2.000000e+01 -4.651584e+01 2.602193e+02
      vertex   -2.000000e+01 -4.000000e+01 2.539766e+02
      vertex   -2.000000e+01 -4.656449e+01 2.598837e+02
    endloop
  endfacet
  facet normal -1.000000e+00 0.000000e+00 -0.000000e+00
    outer loop
      vertex   -2.000000e+01 -4.656449e+01 2.598837e+02
      vertex   -2.000000e+01 -4.000000e+01 2.539766e+02
      vertex   -2.000000e+01 -4.664767e+01 2.595504e+02
    endloop
  endfacet
  facet normal -1.000000e+00 0.000000e+00 -0.000000e+00
    outer loop
      vertex   -2.000000e+01 -4.664767e+01 2.595504e+02
      vertex   -2.000000e+01 -4.000000e+01 2.539766e+02
      vertex   -2.000000e+01 -4.676711e+01 2.592177e+02
    endloop
  endfacet
  facet normal -1.000000e+00 0.000000e+00 -0.000000e+00
    outer loop
      vertex   -2.000000e+01 -4.676711e+01 2.592177e+02
      vertex   -2.000000e+01 -4.000000e+01 2.539766e+02
      vertex   -2.000000e+01 -4.691808e+01 2.588985e+02
    endloop
  endfacet
  facet normal -1.000000e+00 0.000000e+00 -0.000000e+00
    outer loop
      vertex   -2.000000e+01 -4.691808e+01 2.588985e+02
      vertex   -2.000000e+01 -4.000000e+01 2.539766e+02
      vertex   -2.000000e+01 -4.709484e+01 2.586047e+02
    endloop
  endfacet
  facet normal -1.000000e+00 0.000000e+00 -0.000000e+00
    outer loop
      vertex   -2.000000e+01 -4.709484e+01 2.586047e+02
      vertex   -2.000000e+01 -4.000000e+01 2.539766e+02
      vertex   -2.000000e+01 -4.729723e+01 2.583340e+02
    endloop
  endfacet
  facet normal -1.000000e+00 0.000000e+00 -0.000000e+00
    outer loop
      vertex   -2.000000e+01 -4.729723e+01 2.583340e+02
      vertex   -2.000000e+01 -4.000000e+01 2.539766e+02
      vertex   -2.000000e+01 -4.752513e+01 2.580839e+02
    endloop
  endfacet
  facet normal -1.000000e+00 0.000000e+00 -0.000000e+00
    outer loop
      vertex   -2.000000e+01 -4.752513e+01 2.580839e+02
      vertex   -2.000000e+01 -4.000000e+01 2.539766e+02
      vertex   -2.000000e+01 -4.777522e+01 2.578560e+02
    endloop
  endfacet
  facet normal -1.000000e+00 0.000000e+00 -0.000000e+00
    outer loop
      vertex   -2.000000e+01 -4.777522e+01 2.578560e+02
      vertex   -2.000000e+01 -4.000000e+01 2.539766e+02
      vertex   -2.000000e+01 -4.804594e+01 2.576536e+02
    endloop
  endfacet
  facet normal -1.000000e+00 0.000000e+00 -0.000000e+00
    outer loop
      vertex   -2.000000e+01 -4.804594e+01 2.576536e+02
      vertex   -2.000000e+01 -4.000000e+01 2.539766e+02
      vertex   -2.000000e+01 -4.833971e+01 2.574769e+02
    endloop
  endfacet
  facet normal -1.000000e+00 0.000000e+00 -0.000000e+00
    outer loop
      vertex   -2.000000e+01 -4.833971e+01 2.574769e+02
      vertex   -2.000000e+01 -4.000000e+01 2.539766e+02
      vertex   -2.000000e+01 -4.865896e+01 2.573259e+02
    endloop
  endfacet
  facet normal -1.000000e+00 0.000000e+00 -0.000000e+00
    outer loop
      vertex   -2.000000e+01 -4.865896e+01 2.573259e+02
      vertex   -2.000000e+01 -4.000000e+01 2.539766e+02
      vertex   -2.000000e+01 -4.899167e+01 2.572065e+02
    endloop
  endfacet
  facet normal -1.000000e+00 0.000000e+00 -0.000000e+00
    outer loop
      vertex   -2.000000e+01 -4.899167e+01 2.572065e+02
      vertex   -2.000000e+01 -4.000000e+01 2.539766e+02
      vertex   -2.000000e+01 -4.932495e+01 2.571233e+02
    endloop
  endfacet
  facet normal -1.000000e+00 0.000000e+00 -0.000000e+00
    outer loop
      vertex   -2.000000e+01 -4.932495e+01 2.571233e+02
      vertex   -2.000000e+01 -4.000000e+01 2.539766e+02
      vertex   -2.000000e+01 -4.966049e+01 2.570746e+02
    endloop
  endfacet
  facet normal -1.000000e+00 0.000000e+00 -0.000000e+00
    outer loop
      vertex   -2.000000e+01 -4.966049e+01 2.570746e+02
      vertex   -2.000000e+01 -4.000000e+01 2.539766e+02
      vertex   -2.000000e+01 -5.000000e+01 2.570588e+02
    endloop
  endfacet
  facet normal -1.000000e+00 -0.000000e+00 -0.000000e+00
    outer loop
      vertex   -2.000000e+01 -5.000000e+01 2.570588e+02
      vertex   -2.000000e+01 -4.000000e+01 2.539766e+02
      vertex   -2.000000e+01 -5.033951e+01 2.570746e+02
    endloop
  endfacet
  facet normal -1.000000e+00 -0.000000e+00 -0.000000e+00
    outer loop
      vertex   -2.000000e+01 -5.033951e+01 2.570746e+02
      vertex   -2.000000e+01 -4.000000e+01 2.539766e+02
      vertex   -2.000000e+01 -5.067505e+01 2.571233e+02
    endloop
  endfacet
  facet normal -1.000000e+00 0.000000e+00 -0.000000e+00
    outer loop
      vertex   -2.000000e+01 -5.067505e+01 2.571233e+02
      vertex   -2.000000e+01 -4.000000e+01 2.539766e+02
      vertex   -2.000000e+01 -7.300000e+01 2.539766e+02
    endloop
  endfacet
  facet normal -1.000000e+00 -0.000000e+00 0.000000e+00
    outer loop
      vertex   -2.000000e+01 -5.067505e+01 2.571233e+02
      vertex   -2.000000e+01 -7.300000e+01 2.539766e+02
      vertex   -2.000000e+01 -5.100833e+01 2.572065e+02
    endloop
  endfacet
  facet normal -1.000000e+00 -0.000000e+00 0.000000e+00
    outer loop
      vertex   -2.000000e+01 -5.100833e+01 2.572065e+02
      vertex   -2.000000e+01 -7.300000e+01 2.539766e+02
      vertex   -2.000000e+01 -5.134104e+01 2.573259e+02
    endloop
  endfacet
  facet normal -1.000000e+00 -0.000000e+00 0.000000e+00
    outer loop
      vertex   -2.000000e+01 -5.134104e+01 2.573259e+02
      vertex   -2.000000e+01 -7.300000e+01 2.539766e+02
      vertex   -2.000000e+01 -5.166029e+01 2.574769e+02
    endloop
  endfacet
  facet normal -1.000000e+00 -0.000000e+00 0.000000e+00
    outer loop
      vertex   -2.000000e+01 -5.166029e+01 2.574769e+02
      vertex   -2.000000e+01 -7.300000e+01 2.539766e+02
      vertex   -2.000000e+01 -5.195406e+01 2.576536e+02
    endloop
  endfacet
  facet normal -1.000000e+00 -0.000000e+00 0.000000e+00
    outer loop
      vertex   -2.000000e+01 -5.195406e+01 2.576536e+02
      vertex   -2.000000e+01 -7.300000e+01 2.539766e+02
      vertex   -2.000000e+01 -5.222478e+01 2.578560e+02
    endloop
  endfacet
  facet normal -1.000000e+00 -0.000000e+00 0.000000e+00
    outer loop
      vertex   -2.000000e+01 -5.222478e+01 2.578560e+02
      vertex   -2.000000e+01 -7.300000e+01 2.539766e+02
      vertex   -2.000000e+01 -5.247487e+01 2.580839e+02
    endloop
  endfacet
  facet normal -1.000000e+00 -0.000000e+00 0.000000e+00
    outer loop
      vertex   -2.000000e+01 -5.247487e+01 2.580839e+02
      vertex   -2.000000e+01 -7.300000e+01 2.539766e+02
      vertex   -2.000000e+01 -5.270277e+01 2.583340e+02
    endloop
  endfacet
  facet normal -1.000000e+00 -0.000000e+00 0.000000e+00
    outer loop
      vertex   -2.000000e+01 -5.270277e+01 2.583340e+02
      vertex   -2.000000e+01 -7.300000e+01 2.539766e+02
      vertex   -2.000000e+01 -5.290516e+01 2.586047e+02
    endloop
  endfacet
  facet normal -1.000000e+00 -0.000000e+00 0.000000e+00
    outer loop
      vertex   -2.000000e+01 -5.290516e+01 2.586047e+02
      vertex   -2.000000e+01 -7.300000e+01 2.539766e+02
      vertex   -2.000000e+01 -5.308192e+01 2.588985e+02
    endloop
  endfacet
  facet normal -1.000000e+00 -0.000000e+00 0.000000e+00
    outer loop
      vertex   -2.000000e+01 -5.308192e+01 2.588985e+02
      vertex   -2.000000e+01 -7.300000e+01 2.539766e+02
      vertex   -2.000000e+01 -5.323289e+01 2.592177e+02
    endloop
  endfacet
  facet normal -1.000000e+00 -0.000000e+00 0.000000e+00
    outer loop
      vertex   -2.000000e+01 -5.323289e+01 2.592177e+02
      vertex   -2.000000e+01 -7.300000e+01 2.539766e+02
      vertex   -2.000000e+01 -5.853191e+01 2.655975e+02
    endloop
  endfacet
  facet normal -1.000000e+00 0.000000e+00 0.000000e+00
    outer loop
      vertex   -2.000000e+01 -5.323289e+01 2.592177e+02
      vertex   -2.000000e+01 -5.853191e+01 2.655975e+02
      vertex   -2.000000e+01 -5.335232e+01 2.595504e+02
    endloop
  endfacet
  facet normal -1.000000e+00 0.000000e+00 0.000000e+00
    outer loop
      vertex   -2.000000e+01 -5.335232e+01 2.595504e+02
      vertex   -2.000000e+01 -5.853191e+01 2.655975e+02
      vertex   -2.000000e+01 -5.343551e+01 2.598837e+02
    endloop
  endfacet
  facet normal -1.000000e+00 0.000000e+00 0.000000e+00
    outer loop
      vertex   -2.000000e+01 -5.343551e+01 2.598837e+02
      vertex   -2.000000e+01 -5.853191e+01 2.655975e+02
      vertex   -2.000000e+01 -5.818081e+01 2.655109e+02
    endloop
  endfacet
  facet normal -1.000000e+00 0.000000e+00 0.000000e+00
    outer loop
      vertex   -2.000000e+01 -5.343551e+01 2.598837e+02
      vertex   -2.000000e+01 -5.818081e+01 2.655109e+02
      vertex   -2.000000e+01 -5.348416e+01 2.602193e+02
    endloop
  endfacet
  facet normal -1.000000e+00 0.000000e+00 0.000000e+00
    outer loop
      vertex   -2.000000e+01 -5.348416e+01 2.602193e+02
      vertex   -2.000000e+01 -5.818081e+01 2.655109e+02
      vertex   -2.000000e+01 -5.781920e+01 2.655109e+02
    endloop
  endfacet
  facet normal -1.000000e+00 0.000000e+00 0.000000e+00
    outer loop
      vertex   -2.000000e+01 -5.348416e+01 2.602193e+02
      vertex   -2.000000e+01 -5.781920e+01 2.655109e+02
      vertex   -2.000000e+01 -5.350000e+01 2.605588e+02
    endloop
  endfacet
  facet normal -1.000000e+00 0.000000e+00 0.000000e+00
    outer loop
      vertex   -2.000000e+01 -5.350000e+01 2.605588e+02
      vertex   -2.000000e+01 -5.781920e+01 2.655109e+02
      vertex   -2.000000e+01 -5.348416e+01 2.608983e+02
    endloop
  endfacet
  facet normal -1.000000e+00 0.000000e+00 0.000000e+00
    outer loop
      vertex   -2.000000e+01 -5.348416e+01 2.608983e+02
      vertex   -2.000000e+01 -5.781920e+01 2.655109e+02
      vertex   -2.000000e+01 -5.746809e+01 2.655975e+02
    endloop
  endfacet
  facet normal -1.000000e+00 0.000000e+00 0.000000e+00
    outer loop
      vertex   -2.000000e+01 -5.348416e+01 2.608983e+02
      vertex   -2.000000e+01 -5.746809e+01 2.655975e+02
      vertex   -2.000000e+01 -5.343551e+01 2.612339e+02
    endloop
  endfacet
  facet normal -1.000000e+00 0.000000e+00 0.000000e+00
    outer loop
      vertex   -2.000000e+01 -5.343551e+01 2.612339e+02
      vertex   -2.000000e+01 -5.746809e+01 2.655975e+02
      vertex   -2.000000e+01 -5.714790e+01 2.657655e+02
    endloop
  endfacet
  facet normal -1.000000e+00 0.000000e+00 0.000000e+00
    outer loop
      vertex   -2.000000e+01 -5.343551e+01 2.612339e+02
      vertex   -2.000000e+01 -5.714790e+01 2.657655e+02
      vertex   -2.000000e+01 -5.335232e+01 2.615671e+02
    endloop
  endfacet
  facet normal -1.000000e+00 0.000000e+00 0.000000e+00
    outer loop
      vertex   -2.000000e+01 -5.335232e+01 2.615671e+02
      vertex   -2.000000e+01 -5.714790e+01 2.657655e+02
      vertex   -2.000000e+01 -5.323289e+01 2.618998e+02
    endloop
  endfacet
  facet normal -1.000000e+00 0.000000e+00 0.000000e+00
    outer loop
      vertex   -2.000000e+01 -5.323289e+01 2.618998e+02
      vertex   -2.000000e+01 -5.714790e+01 2.657655e+02
      vertex   -2.000000e+01 -5.687723e+01 2.660053e+02
    endloop
  endfacet
  facet normal -1.000000e+00 0.000000e+00 0.000000e+00
    outer loop
      vertex   -2.000000e+01 -5.323289e+01 2.618998e+02
      vertex   -2.000000e+01 -5.687723e+01 2.660053e+02
      vertex   -2.000000e+01 -5.308192e+01 2.622191e+02
    endloop
  endfacet
  facet normal -1.000000e+00 0.000000e+00 0.000000e+00
    outer loop
      vertex   -2.000000e+01 -5.308192e+01 2.622191e+02
      vertex   -2.000000e+01 -5.687723e+01 2.660053e+02
      vertex   -2.000000e+01 -5.667182e+01 2.663029e+02
    endloop
  endfacet
  facet normal -1.000000e+00 0.000000e+00 0.000000e+00
    outer loop
      vertex   -2.000000e+01 -5.308192e+01 2.622191e+02
      vertex   -2.000000e+01 -5.667182e+01 2.663029e+02
      vertex   -2.000000e+01 -5.290516e+01 2.625128e+02
    endloop
  endfacet
  facet normal -1.000000e+00 0.000000e+00 0.000000e+00
    outer loop
      vertex   -2.000000e+01 -5.290516e+01 2.625128e+02
      vertex   -2.000000e+01 -5.667182e+01 2.663029e+02
      vertex   -2.000000e+01 -5.270277e+01 2.627836e+02
    endloop
  endfacet
  facet normal -1.000000e+00 0.000000e+00 0.000000e+00
    outer loop
      vertex   -2.000000e+01 -5.270277e+01 2.627836e+02
      vertex   -2.000000e+01 -5.667182e+01 2.663029e+02
      vertex   -2.000000e+01 -5.654359e+01 2.666410e+02
    endloop
  endfacet
  facet normal -1.000000e+00 0.000000e+00 0.000000e+00
    outer loop
      vertex   -2.000000e+01 -5.270277e+01 2.627836e+02
      vertex   -2.000000e+01 -5.654359e+01 2.666410e+02
      vertex   -2.000000e+01 -5.247487e+01 2.630337e+02
    endloop
  endfacet
  facet normal -1.000000e+00 0.000000e+00 0.000000e+00
    outer loop
      vertex   -2.000000e+01 -5.247487e+01 2.630337e+02
      vertex   -2.000000e+01 -5.654359e+01 2.666410e+02
      vertex   -2.000000e+01 -5.222478e+01 2.632616e+02
    endloop
  endfacet
  facet normal -1.000000e+00 0.000000e+00 0.000000e+00
    outer loop
      vertex   -2.000000e+01 -5.222478e+01 2.632616e+02
      vertex   -2.000000e+01 -5.654359e+01 2.666410e+02
      vertex   -2.000000e+01 -5.650000e+01 2.670000e+02
    endloop
  endfacet
  facet normal -1.000000e+00 0.000000e+00 0.000000e+00
    outer loop
      vertex   -2.000000e+01 -5.222478e+01 2.632616e+02
      vertex   -2.000000e+01 -5.650000e+01 2.670000e+02
      vertex   -2.000000e+01 -5.195406e+01 2.634639e+02
    endloop
  endfacet
  facet normal -1.000000e+00 0.000000e+00 0.000000e+00
    outer loop
      vertex   -2.000000e+01 -5.195406e+01 2.634639e+02
      vertex   -2.000000e+01 -5.650000e+01 2.670000e+02
      vertex   -2.000000e+01 -5.166029e+01 2.636407e+02
    endloop
  endfacet
  facet normal -1.000000e+00 0.000000e+00 0.000000e+00
    outer loop
      vertex   -2.000000e+01 -5.166029e+01 2.636407e+02
      vertex   -2.000000e+01 -5.650000e+01 2.670000e+02
      vertex   -2.000000e+01 -5.645796e+01 2.681771e+02
    endloop
  endfacet
  facet normal -1.000000e+00 0.000000e+00 0.000000e+00
    outer loop
      vertex   -2.000000e+01 -5.166029e+01 2.636407e+02
      vertex   -2.000000e+01 -5.645796e+01 2.681771e+02
      vertex   -2.000000e+01 -5.134104e+01 2.637917e+02
    endloop
  endfacet
  facet normal -1.000000e+00 0.000000e+00 0.000000e+00
    outer loop
      vertex   -2.000000e+01 -5.134104e+01 2.637917e+02
      vertex   -2.000000e+01 -5.645796e+01 2.681771e+02
      vertex   -2.000000e+01 -5.633205e+01 2.693482e+02
    endloop
  endfacet
  facet normal -1.000000e+00 0.000000e+00 0.000000e+00
    outer loop
      vertex   -2.000000e+01 -5.134104e+01 2.637917e+02
      vertex   -2.000000e+01 -5.633205e+01 2.693482e+02
      vertex   -2.000000e+01 -5.100833e+01 2.639111e+02
    endloop
  endfacet
  facet normal -1.000000e+00 0.000000e+00 0.000000e+00
    outer loop
      vertex   -2.000000e+01 -5.100833e+01 2.639111e+02
      vertex   -2.000000e+01 -5.633205e+01 2.693482e+02
      vertex   -2.000000e+01 -5.612292e+01 2.705073e+02
    endloop
  endfacet
  facet normal -1.000000e+00 0.000000e+00 0.000000e+00
    outer loop
      vertex   -2.000000e+01 -5.100833e+01 2.639111e+02
      vertex   -2.000000e+01 -5.612292e+01 2.705073e+02
      vertex   -2.000000e+01 -5.583163e+01 2.716486e+02
    endloop
  endfacet
  facet normal -1.000000e+00 -0.000000e+00 0.000000e+00
    outer loop
      vertex   -2.000000e+01 -4.111083e+01 2.652179e+02
      vertex   -2.000000e+01 -4.651584e+01 2.608983e+02
      vertex   -2.000000e+01 -4.144683e+01 2.654779e+02
    endloop
  endfacet
  facet normal -1.000000e+00 0.000000e+00 0.000000e+00
    outer loop
      vertex   -2.000000e+01 -4.144683e+01 2.654779e+02
      vertex   -2.000000e+01 -4.651584e+01 2.608983e+02
      vertex   -2.000000e+01 -4.656449e+01 2.612339e+02
    endloop
  endfacet
  facet normal -1.000000e+00 0.000000e+00 0.000000e+00
    outer loop
      vertex   -2.000000e+01 -4.144683e+01 2.654779e+02
      vertex   -2.000000e+01 -4.656449e+01 2.612339e+02
      vertex   -2.000000e+01 -4.664767e+01 2.615671e+02
    endloop
  endfacet
  facet normal -1.000000e+00 -0.000000e+00 0.000000e+00
    outer loop
      vertex   -2.000000e+01 -4.144683e+01 2.654779e+02
      vertex   -2.000000e+01 -4.664767e+01 2.615671e+02
      vertex   -2.000000e+01 -4.172360e+01 2.658003e+02
    endloop
  endfacet
  facet normal -1.000000e+00 0.000000e+00 0.000000e+00
    outer loop
      vertex   -2.000000e+01 -4.172360e+01 2.658003e+02
      vertex   -2.000000e+01 -4.664767e+01 2.615671e+02
      vertex   -2.000000e+01 -4.676711e+01 2.618998e+02
    endloop
  endfacet
  facet normal -1.000000e+00 -0.000000e+00 0.000000e+00
    outer loop
      vertex   -2.000000e+01 -4.172360e+01 2.658003e+02
      vertex   -2.000000e+01 -4.676711e+01 2.618998e+02
      vertex   -2.000000e+01 -4.192981e+01 2.661719e+02
    endloop
  endfacet
  facet normal -1.000000e+00 0.000000e+00 0.000000e+00
    outer loop
      vertex   -2.000000e+01 -4.192981e+01 2.661719e+02
      vertex   -2.000000e+01 -4.676711e+01 2.618998e+02
      vertex   -2.000000e+01 -4.691808e+01 2.622191e+02
    endloop
  endfacet
  facet normal -1.000000e+00 0.000000e+00 0.000000e+00
    outer loop
      vertex   -2.000000e+01 -4.192981e+01 2.661719e+02
      vertex   -2.000000e+01 -4.691808e+01 2.622191e+02
      vertex   -2.000000e+01 -4.709484e+01 2.625128e+02
    endloop
  endfacet
  facet normal -1.000000e+00 -0.000000e+00 0.000000e+00
    outer loop
      vertex   -2.000000e+01 -4.192981e+01 2.661719e+02
      vertex   -2.000000e+01 -4.709484e+01 2.625128e+02
      vertex   -2.000000e+01 -4.205701e+01 2.665773e+02
    endloop
  endfacet
  facet normal -1.000000e+00 0.000000e+00 0.000000e+00
    outer loop
      vertex   -2.000000e+01 -4.205701e+01 2.665773e+02
      vertex   -2.000000e+01 -4.709484e+01 2.625128e+02
      vertex   -2.000000e+01 -4.729723e+01 2.627836e+02
    endloop
  endfacet
  facet normal -1.000000e+00 0.000000e+00 0.000000e+00
    outer loop
      vertex   -2.000000e+01 -4.205701e+01 2.665773e+02
      vertex   -2.000000e+01 -4.729723e+01 2.627836e+02
      vertex   -2.000000e+01 -4.752513e+01 2.630337e+02
    endloop
  endfacet
  facet normal -1.000000e+00 -0.000000e+00 0.000000e+00
    outer loop
      vertex   -2.000000e+01 -4.205701e+01 2.665773e+02
      vertex   -2.000000e+01 -4.752513e+01 2.630337e+02
      vertex   -2.000000e+01 -4.210000e+01 2.670000e+02
    endloop
  endfacet
  facet normal -1.000000e+00 0.000000e+00 0.000000e+00
    outer loop
      vertex   -2.000000e+01 -4.210000e+01 2.670000e+02
      vertex   -2.000000e+01 -4.752513e+01 2.630337e+02
      vertex   -2.000000e+01 -4.777522e+01 2.632616e+02
    endloop
  endfacet
  facet normal -1.000000e+00 0.000000e+00 0.000000e+00
    outer loop
      vertex   -2.000000e+01 -4.210000e+01 2.670000e+02
      vertex   -2.000000e+01 -4.777522e+01 2.632616e+02
      vertex   -2.000000e+01 -4.804594e+01 2.634639e+02
    endloop
  endfacet
  facet normal -1.000000e+00 -0.000000e+00 0.000000e+00
    outer loop
      vertex   -2.000000e+01 -4.210000e+01 2.670000e+02
      vertex   -2.000000e+01 -4.804594e+01 2.634639e+02
      vertex   -2.000000e+01 -4.205701e+01 2.674227e+02
    endloop
  endfacet
  facet normal -1.000000e+00 0.000000e+00 0.000000e+00
    outer loop
      vertex   -2.000000e+01 -4.205701e+01 2.674227e+02
      vertex   -2.000000e+01 -4.804594e+01 2.634639e+02
      vertex   -2.000000e+01 -4.833971e+01 2.636407e+02
    endloop
  endfacet
  facet normal -1.000000e+00 0.000000e+00 0.000000e+00
    outer loop
      vertex   -2.000000e+01 -4.205701e+01 2.674227e+02
      vertex   -2.000000e+01 -4.833971e+01 2.636407e+02
      vertex   -2.000000e+01 -4.865896e+01 2.637917e+02
    endloop
  endfacet
  facet normal -1.000000e+00 -0.000000e+00 0.000000e+00
    outer loop
      vertex   -2.000000e+01 -4.205701e+01 2.674227e+02
      vertex   -2.000000e+01 -4.865896e+01 2.637917e+02
      vertex   -2.000000e+01 -4.192981e+01 2.678282e+02
    endloop
  endfacet
  facet normal -1.000000e+00 0.000000e+00 0.000000e+00
    outer loop
      vertex   -2.000000e+01 -4.192981e+01 2.678282e+02
      vertex   -2.000000e+01 -4.865896e+01 2.637917e+02
      vertex   -2.000000e+01 -4.899167e+01 2.639111e+02
    endloop
  endfacet
  facet normal -1.000000e+00 -0.000000e+00 0.000000e+00
    outer loop
      vertex   -2.000000e+01 -4.192981e+01 2.678282e+02
      vertex   -2.000000e+01 -4.899167e+01 2.639111e+02
      vertex   -2.000000e+01 -5.166726e+01 2.786673e+02
    endloop
  endfacet
  facet normal -1.000000e+00 0.000000e+00 -0.000000e+00
    outer loop
      vertex   -2.000000e+01 -5.166726e+01 2.786673e+02
      vertex   -2.000000e+01 -4.899167e+01 2.639111e+02
      vertex   -2.000000e+01 -5.246987e+01 2.778052e+02
    endloop
  endfacet
  facet normal -1.000000e+00 0.000000e+00 0.000000e+00
    outer loop
      vertex   -2.000000e+01 -5.246987e+01 2.778052e+02
      vertex   -2.000000e+01 -4.899167e+01 2.639111e+02
      vertex   -2.000000e+01 -4.932495e+01 2.639943e+02
    endloop
  endfacet
  facet normal -1.000000e+00 0.000000e+00 -0.000000e+00
    outer loop
      vertex   -2.000000e+01 -5.246987e+01 2.778052e+02
      vertex   -2.000000e+01 -4.932495e+01 2.639943e+02
      vertex   -2.000000e+01 -5.320893e+01 2.768881e+02
    endloop
  endfacet
  facet normal -1.000000e+00 0.000000e+00 0.000000e+00
    outer loop
      vertex   -2.000000e+01 -5.320893e+01 2.768881e+02
      vertex   -2.000000e+01 -4.932495e+01 2.639943e+02
      vertex   -2.000000e+01 -4.966049e+01 2.640429e+02
    endloop
  endfacet
  facet normal -1.000000e+00 0.000000e+00 -0.000000e+00
    outer loop
      vertex   -2.000000e+01 -5.320893e+01 2.768881e+02
      vertex   -2.000000e+01 -4.966049e+01 2.640429e+02
      vertex   -2.000000e+01 -5.388068e+01 2.759206e+02
    endloop
  endfacet
  facet normal -1.000000e+00 0.000000e+00 0.000000e+00
    outer loop
      vertex   -2.000000e+01 -5.388068e+01 2.759206e+02
      vertex   -2.000000e+01 -4.966049e+01 2.640429e+02
      vertex   -2.000000e+01 -5.000000e+01 2.640588e+02
    endloop
  endfacet
  facet normal -1.000000e+00 0.000000e+00 -0.000000e+00
    outer loop
      vertex   -2.000000e+01 -5.388068e+01 2.759206e+02
      vertex   -2.000000e+01 -5.000000e+01 2.640588e+02
      vertex   -2.000000e+01 -5.448170e+01 2.749076e+02
    endloop
  endfacet
  facet normal -1.000000e+00 0.000000e+00 -0.000000e+00
    outer loop
      vertex   -2.000000e+01 -5.448170e+01 2.749076e+02
      vertex   -2.000000e+01 -5.000000e+01 2.640588e+02
      vertex   -2.000000e+01 -5.500893e+01 2.738544e+02
    endloop
  endfacet
  facet normal -1.000000e+00 0.000000e+00 0.000000e+00
    outer loop
      vertex   -2.000000e+01 -5.500893e+01 2.738544e+02
      vertex   -2.000000e+01 -5.000000e+01 2.640588e+02
      vertex   -2.000000e+01 -5.033951e+01 2.640429e+02
    endloop
  endfacet
  facet normal -1.000000e+00 0.000000e+00 -0.000000e+00
    outer loop
      vertex   -2.000000e+01 -5.500893e+01 2.738544e+02
      vertex   -2.000000e+01 -5.033951e+01 2.640429e+02
      vertex   -2.000000e+01 -5.545967e+01 2.727662e+02
    endloop
  endfacet
  facet normal -1.000000e+00 0.000000e+00 0.000000e+00
    outer loop
      vertex   -2.000000e+01 -5.545967e+01 2.727662e+02
      vertex   -2.000000e+01 -5.033951e+01 2.640429e+02
      vertex   -2.000000e+01 -5.067505e+01 2.639943e+02
    endloop
  endfacet
  facet normal -1.000000e+00 0.000000e+00 -0.000000e+00
    outer loop
      vertex   -2.000000e+01 -5.545967e+01 2.727662e+02
      vertex   -2.000000e+01 -5.067505e+01 2.639943e+02
      vertex   -2.000000e+01 -5.583163e+01 2.716486e+02
    endloop
  endfacet
  facet normal -1.000000e+00 0.000000e+00 0.000000e+00
    outer loop
      vertex   -2.000000e+01 -5.583163e+01 2.716486e+02
      vertex   -2.000000e+01 -5.067505e+01 2.639943e+02
      vertex   -2.000000e+01 -5.100833e+01 2.639111e+02
    endloop
  endfacet
  facet normal -1.000000e+00 0.000000e+00 0.000000e+00
    outer loop
      vertex   -2.000000e+01 -4.127536e+01 2.864583e+02
      vertex   -2.000000e+01 -4.148587e+01 2.934583e+02
      vertex   -2.000000e+01 -4.000000e+01 2.865000e+02
    endloop
  endfacet
  facet normal -1.000000e+00 0.000000e+00 0.000000e+00
    outer loop
      vertex   -2.000000e+01 -4.000000e+01 2.865000e+02
      vertex   -2.000000e+01 -4.148587e+01 2.934583e+02
      vertex   -2.000000e+01 -4.000000e+01 2.935000e+02
    endloop
  endfacet
  facet normal -1.000000e+00 0.000000e+00 0.000000e+00
    outer loop
      vertex   -2.000000e+01 -4.000000e+01 2.865000e+02
      vertex   -2.000000e+01 -4.000000e+01 2.935000e+02
      vertex   -2.000000e+01 -3.964103e+01 2.864564e+02
    endloop
  endfacet
  facet normal -1.000000e+00 0.000000e+00 0.000000e+00
    outer loop
      vertex   -2.000000e+01 -3.964103e+01 2.864564e+02
      vertex   -2.000000e+01 -4.000000e+01 2.935000e+02
      vertex   -2.000000e+01 -3.964103e+01 2.935436e+02
    endloop
  endfacet
  facet normal -1.000000e+00 0.000000e+00 0.000000e+00
    outer loop
      vertex   -2.000000e+01 -3.964103e+01 2.864564e+02
      vertex   -2.000000e+01 -3.964103e+01 2.935436e+02
      vertex   -2.000000e+01 -3.930292e+01 2.863282e+02
    endloop
  endfacet
  facet normal -1.000000e+00 0.000000e+00 0.000000e+00
    outer loop
      vertex   -2.000000e+01 -3.930292e+01 2.863282e+02
      vertex   -2.000000e+01 -3.964103e+01 2.935436e+02
      vertex   -2.000000e+01 -3.930292e+01 2.936718e+02
    endloop
  endfacet
  facet normal -1.000000e+00 0.000000e+00 0.000000e+00
    outer loop
      vertex   -2.000000e+01 -3.930292e+01 2.863282e+02
      vertex   -2.000000e+01 -3.930292e+01 2.936718e+02
      vertex   -2.000000e+01 -3.900532e+01 2.861228e+02
    endloop
  endfacet
  facet normal -1.000000e+00 0.000000e+00 0.000000e+00
    outer loop
      vertex   -2.000000e+01 -3.900532e+01 2.861228e+02
      vertex   -2.000000e+01 -3.930292e+01 2.936718e+02
      vertex   -2.000000e+01 -3.900532e+01 2.938772e+02
    endloop
  endfacet
  facet normal -1.000000e+00 0.000000e+00 0.000000e+00
    outer loop
      vertex   -2.000000e+01 -3.900532e+01 2.861228e+02
      vertex   -2.000000e+01 -3.900532e+01 2.938772e+02
      vertex   -2.000000e+01 -3.876552e+01 2.858521e+02
    endloop
  endfacet
  facet normal -1.000000e+00 0.000000e+00 0.000000e+00
    outer loop
      vertex   -2.000000e+01 -3.876552e+01 2.858521e+02
      vertex   -2.000000e+01 -3.900532e+01 2.938772e+02
      vertex   -2.000000e+01 -3.876552e+01 2.941479e+02
    endloop
  endfacet
  facet normal -1.000000e+00 0.000000e+00 0.000000e+00
    outer loop
      vertex   -2.000000e+01 -3.876552e+01 2.858521e+02
      vertex   -2.000000e+01 -3.876552e+01 2.941479e+02
      vertex   -2.000000e+01 -3.859748e+01 2.855319e+02
    endloop
  endfacet
  facet normal -1.000000e+00 0.000000e+00 0.000000e+00
    outer loop
      vertex   -2.000000e+01 -3.859748e+01 2.855319e+02
      vertex   -2.000000e+01 -3.876552e+01 2.941479e+02
      vertex   -2.000000e+01 -3.859748e+01 2.944681e+02
    endloop
  endfacet
  facet normal -1.000000e+00 0.000000e+00 0.000000e+00
    outer loop
      vertex   -2.000000e+01 -3.859748e+01 2.855319e+02
      vertex   -2.000000e+01 -3.859748e+01 2.944681e+02
      vertex   -2.000000e+01 -3.851094e+01 2.851808e+02
    endloop
  endfacet
  facet normal -1.000000e+00 0.000000e+00 0.000000e+00
    outer loop
      vertex   -2.000000e+01 -3.851094e+01 2.851808e+02
      vertex   -2.000000e+01 -3.859748e+01 2.944681e+02
      vertex   -2.000000e+01 -3.851094e+01 2.948192e+02
    endloop
  endfacet
  facet normal -1.000000e+00 0.000000e+00 0.000000e+00
    outer loop
      vertex   -2.000000e+01 -3.851094e+01 2.851808e+02
      vertex   -2.000000e+01 -3.851094e+01 2.948192e+02
      vertex   -2.000000e+01 -3.700000e+01 2.989766e+02
    endloop
  endfacet
  facet normal -1.000000e+00 0.000000e+00 0.000000e+00
    outer loop
      vertex   -2.000000e+01 -3.700000e+01 2.989766e+02
      vertex   -2.000000e+01 -3.851094e+01 2.948192e+02
      vertex   -2.000000e+01 -3.851094e+01 2.951808e+02
    endloop
  endfacet
  facet normal -1.000000e+00 0.000000e+00 0.000000e+00
    outer loop
      vertex   -2.000000e+01 -3.700000e+01 2.989766e+02
      vertex   -2.000000e+01 -3.851094e+01 2.951808e+02
      vertex   -2.000000e+01 -3.859748e+01 2.955319e+02
    endloop
  endfacet
  facet normal -1.000000e+00 0.000000e+00 -0.000000e+00
    outer loop
      vertex   -2.000000e+01 -4.148587e+01 2.934583e+02
      vertex   -2.000000e+01 -4.127536e+01 2.864583e+02
      vertex   -2.000000e+01 -4.296706e+01 2.933334e+02
    endloop
  endfacet
  facet normal -1.000000e+00 0.000000e+00 0.000000e+00
    outer loop
      vertex   -2.000000e+01 -4.296706e+01 2.933334e+02
      vertex   -2.000000e+01 -4.127536e+01 2.864583e+02
      vertex   -2.000000e+01 -4.254526e+01 2.863332e+02
    endloop
  endfacet
  facet normal -1.000000e+00 0.000000e+00 -0.000000e+00
    outer loop
      vertex   -2.000000e+01 -4.296706e+01 2.933334e+02
      vertex   -2.000000e+01 -4.254526e+01 2.863332e+02
      vertex   -2.000000e+01 -4.443892e+01 2.931256e+02
    endloop
  endfacet
  facet normal -1.000000e+00 0.000000e+00 0.000000e+00
    outer loop
      vertex   -2.000000e+01 -4.443892e+01 2.931256e+02
      vertex   -2.000000e+01 -4.254526e+01 2.863332e+02
      vertex   -2.000000e+01 -4.380426e+01 2.861253e+02
    endloop
  endfacet
  facet normal -1.000000e+00 0.000000e+00 -0.000000e+00
    outer loop
      vertex   -2.000000e+01 -4.443892e+01 2.931256e+02
      vertex   -2.000000e+01 -4.380426e+01 2.861253e+02
      vertex   -2.000000e+01 -4.589681e+01 2.928356e+02
    endloop
  endfacet
  facet normal -1.000000e+00 0.000000e+00 0.000000e+00
    outer loop
      vertex   -2.000000e+01 -4.589681e+01 2.928356e+02
      vertex   -2.000000e+01 -4.380426e+01 2.861253e+02
      vertex   -2.000000e+01 -4.504697e+01 2.858356e+02
    endloop
  endfacet
  facet normal -1.000000e+00 0.000000e+00 -0.000000e+00
    outer loop
      vertex   -2.000000e+01 -4.589681e+01 2.928356e+02
      vertex   -2.000000e+01 -4.504697e+01 2.858356e+02
      vertex   -2.000000e+01 -4.733614e+01 2.924643e+02
    endloop
  endfacet
  facet normal -1.000000e+00 0.000000e+00 0.000000e+00
    outer loop
      vertex   -2.000000e+01 -4.733614e+01 2.924643e+02
      vertex   -2.000000e+01 -4.504697e+01 2.858356e+02
      vertex   -2.000000e+01 -4.626807e+01 2.854651e+02
    endloop
  endfacet
  facet normal -1.000000e+00 0.000000e+00 -0.000000e+00
    outer loop
      vertex   -2.000000e+01 -4.733614e+01 2.924643e+02
      vertex   -2.000000e+01 -4.626807e+01 2.854651e+02
      vertex   -2.000000e+01 -4.875240e+01 2.920129e+02
    endloop
  endfacet
  facet normal -1.000000e+00 0.000000e+00 0.000000e+00
    outer loop
      vertex   -2.000000e+01 -4.875240e+01 2.920129e+02
      vertex   -2.000000e+01 -4.626807e+01 2.854651e+02
      vertex   -2.000000e+01 -4.746233e+01 2.850157e+02
    endloop
  endfacet
  facet normal -1.000000e+00 0.000000e+00 -0.000000e+00
    outer loop
      vertex   -2.000000e+01 -4.875240e+01 2.920129e+02
      vertex   -2.000000e+01 -4.746233e+01 2.850157e+02
      vertex   -2.000000e+01 -5.014111e+01 2.914828e+02
    endloop
  endfacet
  facet normal -1.000000e+00 0.000000e+00 0.000000e+00
    outer loop
      vertex   -2.000000e+01 -5.014111e+01 2.914828e+02
      vertex   -2.000000e+01 -4.746233e+01 2.850157e+02
      vertex   -2.000000e+01 -4.862463e+01 2.844890e+02
    endloop
  endfacet
  facet normal -1.000000e+00 0.000000e+00 -0.000000e+00
    outer loop
      vertex   -2.000000e+01 -5.014111e+01 2.914828e+02
      vertex   -2.000000e+01 -4.862463e+01 2.844890e+02
      vertex   -2.000000e+01 -5.149792e+01 2.908757e+02
    endloop
  endfacet
  facet normal -1.000000e+00 0.000000e+00 0.000000e+00
    outer loop
      vertex   -2.000000e+01 -5.149792e+01 2.908757e+02
      vertex   -2.000000e+01 -4.862463e+01 2.844890e+02
      vertex   -2.000000e+01 -4.975000e+01 2.838875e+02
    endloop
  endfacet
  facet normal -1.000000e+00 0.000000e+00 -0.000000e+00
    outer loop
      vertex   -2.000000e+01 -5.149792e+01 2.908757e+02
      vertex   -2.000000e+01 -4.975000e+01 2.838875e+02
      vertex   -2.000000e+01 -5.281855e+01 2.901934e+02
    endloop
  endfacet
  facet normal -1.000000e+00 0.000000e+00 0.000000e+00
    outer loop
      vertex   -2.000000e+01 -5.281855e+01 2.901934e+02
      vertex   -2.000000e+01 -4.975000e+01 2.838875e+02
      vertex   -2.000000e+01 -5.083362e+01 2.832137e+02
    endloop
  endfacet
  facet normal -1.000000e+00 0.000000e+00 -0.000000e+00
    outer loop
      vertex   -2.000000e+01 -5.281855e+01 2.901934e+02
      vertex   -2.000000e+01 -5.083362e+01 2.832137e+02
      vertex   -2.000000e+01 -5.409885e+01 2.894382e+02
    endloop
  endfacet
  facet normal -1.000000e+00 0.000000e+00 0.000000e+00
    outer loop
      vertex   -2.000000e+01 -5.409885e+01 2.894382e+02
      vertex   -2.000000e+01 -5.083362e+01 2.832137e+02
      vertex   -2.000000e+01 -5.187085e+01 2.824704e+02
    endloop
  endfacet
  facet normal -1.000000e+00 0.000000e+00 -0.000000e+00
    outer loop
      vertex   -2.000000e+01 -5.409885e+01 2.894382e+02
      vertex   -2.000000e+01 -5.187085e+01 2.824704e+02
      vertex   -2.000000e+01 -5.533479e+01 2.886124e+02
    endloop
  endfacet
  facet normal -1.000000e+00 0.000000e+00 0.000000e+00
    outer loop
      vertex   -2.000000e+01 -5.533479e+01 2.886124e+02
      vertex   -2.000000e+01 -5.187085e+01 2.824704e+02
      vertex   -2.000000e+01 -5.285724e+01 2.816609e+02
    endloop
  endfacet
  facet normal -1.000000e+00 0.000000e+00 -0.000000e+00
    outer loop
      vertex   -2.000000e+01 -5.533479e+01 2.886124e+02
      vertex   -2.000000e+01 -5.285724e+01 2.816609e+02
      vertex   -2.000000e+01 -5.652248e+01 2.877185e+02
    endloop
  endfacet
  facet normal -1.000000e+00 0.000000e+00 0.000000e+00
    outer loop
      vertex   -2.000000e+01 -5.652248e+01 2.877185e+02
      vertex   -2.000000e+01 -5.285724e+01 2.816609e+02
      vertex   -2.000000e+01 -5.378858e+01 2.807886e+02
    endloop
  endfacet
  facet normal -1.000000e+00 0.000000e+00 -0.000000e+00
    outer loop
      vertex   -2.000000e+01 -5.652248e+01 2.877185e+02
      vertex   -2.000000e+01 -5.378858e+01 2.807886e+02
      vertex   -2.000000e+01 -5.765819e+01 2.867595e+02
    endloop
  endfacet
  facet normal -1.000000e+00 0.000000e+00 0.000000e+00
    outer loop
      vertex   -2.000000e+01 -5.765819e+01 2.867595e+02
      vertex   -2.000000e+01 -5.378858e+01 2.807886e+02
      vertex   -2.000000e+01 -5.466088e+01 2.798572e+02
    endloop
  endfacet
  facet normal -1.000000e+00 0.000000e+00 -0.000000e+00
    outer loop
      vertex   -2.000000e+01 -5.765819e+01 2.867595e+02
      vertex   -2.000000e+01 -5.466088e+01 2.798572e+02
      vertex   -2.000000e+01 -5.873833e+01 2.857383e+02
    endloop
  endfacet
  facet normal -1.000000e+00 0.000000e+00 -0.000000e+00
    outer loop
      vertex   -2.000000e+01 -5.873833e+01 2.857383e+02
      vertex   -2.000000e+01 -5.466088e+01 2.798572e+02
      vertex   -2.000000e+01 -5.975952e+01 2.846582e+02
    endloop
  endfacet
  facet normal -1.000000e+00 0.000000e+00 0.000000e+00
    outer loop
      vertex   -2.000000e+01 -5.975952e+01 2.846582e+02
      vertex   -2.000000e+01 -5.466088e+01 2.798572e+02
      vertex   -2.000000e+01 -5.547039e+01 2.788709e+02
    endloop
  endfacet
  facet normal -1.000000e+00 0.000000e+00 -0.000000e+00
    outer loop
      vertex   -2.000000e+01 -5.975952e+01 2.846582e+02
      vertex   -2.000000e+01 -5.547039e+01 2.788709e+02
      vertex   -2.000000e+01 -6.071854e+01 2.835225e+02
    endloop
  endfacet
  facet normal -1.000000e+00 0.000000e+00 0.000000e+00
    outer loop
      vertex   -2.000000e+01 -6.071854e+01 2.835225e+02
      vertex   -2.000000e+01 -5.547039e+01 2.788709e+02
      vertex   -2.000000e+01 -5.621366e+01 2.778336e+02
    endloop
  endfacet
  facet normal -1.000000e+00 0.000000e+00 -0.000000e+00
    outer loop
      vertex   -2.000000e+01 -6.071854e+01 2.835225e+02
      vertex   -2.000000e+01 -5.621366e+01 2.778336e+02
      vertex   -2.000000e+01 -6.161236e+01 2.823348e+02
    endloop
  endfacet
  facet normal -1.000000e+00 0.000000e+00 0.000000e+00
    outer loop
      vertex   -2.000000e+01 -6.161236e+01 2.823348e+02
      vertex   -2.000000e+01 -5.621366e+01 2.778336e+02
      vertex   -2.000000e+01 -5.688750e+01 2.767500e+02
    endloop
  endfacet
  facet normal -1.000000e+00 0.000000e+00 -0.000000e+00
    outer loop
      vertex   -2.000000e+01 -6.161236e+01 2.823348e+02
      vertex   -2.000000e+01 -5.688750e+01 2.767500e+02
      vertex   -2.000000e+01 -6.243819e+01 2.810989e+02
    endloop
  endfacet
  facet normal -1.000000e+00 0.000000e+00 0.000000e+00
    outer loop
      vertex   -2.000000e+01 -6.243819e+01 2.810989e+02
      vertex   -2.000000e+01 -5.688750e+01 2.767500e+02
      vertex   -2.000000e+01 -5.748902e+01 2.756246e+02
    endloop
  endfacet
  facet normal -1.000000e+00 0.000000e+00 -0.000000e+00
    outer loop
      vertex   -2.000000e+01 -6.243819e+01 2.810989e+02
      vertex   -2.000000e+01 -5.748902e+01 2.756246e+02
      vertex   -2.000000e+01 -6.319342e+01 2.798186e+02
    endloop
  endfacet
  facet normal -1.000000e+00 0.000000e+00 0.000000e+00
    outer loop
      vertex   -2.000000e+01 -6.319342e+01 2.798186e+02
      vertex   -2.000000e+01 -5.748902e+01 2.756246e+02
      vertex   -2.000000e+01 -5.801565e+01 2.744623e+02
    endloop
  endfacet
  facet normal -1.000000e+00 0.000000e+00 -0.000000e+00
    outer loop
      vertex   -2.000000e+01 -6.319342e+01 2.798186e+02
      vertex   -2.000000e+01 -5.801565e+01 2.744623e+02
      vertex   -2.000000e+01 -6.387568e+01 2.784979e+02
    endloop
  endfacet
  facet normal -1.000000e+00 0.000000e+00 -0.000000e+00
    outer loop
      vertex   -2.000000e+01 -6.387568e+01 2.784979e+02
      vertex   -2.000000e+01 -5.801565e+01 2.744623e+02
      vertex   -2.000000e+01 -6.448281e+01 2.771411e+02
    endloop
  endfacet
  facet normal -1.000000e+00 0.000000e+00 0.000000e+00
    outer loop
      vertex   -2.000000e+01 -6.448281e+01 2.771411e+02
      vertex   -2.000000e+01 -5.801565e+01 2.744623e+02
      vertex   -2.000000e+01 -5.846514e+01 2.732681e+02
    endloop
  endfacet
  facet normal -1.000000e+00 0.000000e+00 -0.000000e+00
    outer loop
      vertex   -2.000000e+01 -6.448281e+01 2.771411e+02
      vertex   -2.000000e+01 -5.846514e+01 2.732681e+02
      vertex   -2.000000e+01 -6.501291e+01 2.757524e+02
    endloop
  endfacet
  facet normal -1.000000e+00 0.000000e+00 0.000000e+00
    outer loop
      vertex   -2.000000e+01 -6.501291e+01 2.757524e+02
      vertex   -2.000000e+01 -5.846514e+01 2.732681e+02
      vertex   -2.000000e+01 -5.883555e+01 2.720470e+02
    endloop
  endfacet
  facet normal -1.000000e+00 0.000000e+00 -0.000000e+00
    outer loop
      vertex   -2.000000e+01 -6.501291e+01 2.757524e+02
      vertex   -2.000000e+01 -5.883555e+01 2.720470e+02
      vertex   -2.000000e+01 -6.546431e+01 2.743361e+02
    endloop
  endfacet
  facet normal -1.000000e+00 0.000000e+00 0.000000e+00
    outer loop
      vertex   -2.000000e+01 -6.546431e+01 2.743361e+02
      vertex   -2.000000e+01 -5.883555e+01 2.720470e+02
      vertex   -2.000000e+01 -5.912531e+01 2.708043e+02
    endloop
  endfacet
  facet normal -1.000000e+00 0.000000e+00 -0.000000e+00
    outer loop
      vertex   -2.000000e+01 -6.546431e+01 2.743361e+02
      vertex   -2.000000e+01 -5.912531e+01 2.708043e+02
      vertex   -2.000000e+01 -6.583559e+01 2.728968e+02
    endloop
  endfacet
  facet normal -1.000000e+00 0.000000e+00 -0.000000e+00
    outer loop
      vertex   -2.000000e+01 -6.583559e+01 2.728968e+02
      vertex   -2.000000e+01 -5.912531e+01 2.708043e+02
      vertex   -2.000000e+01 -6.612558e+01 2.714389e+02
    endloop
  endfacet
  facet normal -1.000000e+00 0.000000e+00 0.000000e+00
    outer loop
      vertex   -2.000000e+01 -6.612558e+01 2.714389e+02
      vertex   -2.000000e+01 -5.912531e+01 2.708043e+02
      vertex   -2.000000e+01 -5.933318e+01 2.695453e+02
    endloop
  endfacet
  facet normal -1.000000e+00 0.000000e+00 -0.000000e+00
    outer loop
      vertex   -2.000000e+01 -6.612558e+01 2.714389e+02
      vertex   -2.000000e+01 -5.933318e+01 2.695453e+02
      vertex   -2.000000e+01 -6.633337e+01 2.699671e+02
    endloop
  endfacet
  facet normal -1.000000e+00 0.000000e+00 0.000000e+00
    outer loop
      vertex   -2.000000e+01 -6.633337e+01 2.699671e+02
      vertex   -2.000000e+01 -5.933318e+01 2.695453e+02
      vertex   -2.000000e+01 -5.945825e+01 2.682754e+02
    endloop
  endfacet
  facet normal -1.000000e+00 0.000000e+00 -0.000000e+00
    outer loop
      vertex   -2.000000e+01 -6.633337e+01 2.699671e+02
      vertex   -2.000000e+01 -5.945825e+01 2.682754e+02
      vertex   -2.000000e+01 -6.645831e+01 2.684859e+02
    endloop
  endfacet
  facet normal -1.000000e+00 0.000000e+00 0.000000e+00
    outer loop
      vertex   -2.000000e+01 -6.645831e+01 2.684859e+02
      vertex   -2.000000e+01 -5.945825e+01 2.682754e+02
      vertex   -2.000000e+01 -5.950000e+01 2.670000e+02
    endloop
  endfacet
  facet normal -1.000000e+00 0.000000e+00 -0.000000e+00
    outer loop
      vertex   -2.000000e+01 -6.645831e+01 2.684859e+02
      vertex   -2.000000e+01 -5.950000e+01 2.670000e+02
      vertex   -2.000000e+01 -6.650000e+01 2.670000e+02
    endloop
  endfacet
  facet normal -1.000000e+00 0.000000e+00 -0.000000e+00
    outer loop
      vertex   -2.000000e+01 -6.650000e+01 2.670000e+02
      vertex   -2.000000e+01 -5.950000e+01 2.670000e+02
      vertex   -2.000000e+01 -6.654359e+01 2.666410e+02
    endloop
  endfacet
  facet normal -1.000000e+00 0.000000e+00 0.000000e+00
    outer loop
      vertex   -2.000000e+01 -6.654359e+01 2.666410e+02
      vertex   -2.000000e+01 -5.950000e+01 2.670000e+02
      vertex   -2.000000e+01 -5.945641e+01 2.666410e+02
    endloop
  endfacet
  facet normal -1.000000e+00 0.000000e+00 -0.000000e+00
    outer loop
      vertex   -2.000000e+01 -6.654359e+01 2.666410e+02
      vertex   -2.000000e+01 -5.945641e+01 2.666410e+02
      vertex   -2.000000e+01 -6.667182e+01 2.663029e+02
    endloop
  endfacet
  facet normal -1.000000e+00 0.000000e+00 0.000000e+00
    outer loop
      vertex   -2.000000e+01 -6.667182e+01 2.663029e+02
      vertex   -2.000000e+01 -5.945641e+01 2.666410e+02
      vertex   -2.000000e+01 -5.932818e+01 2.663029e+02
    endloop
  endfacet
  facet normal -1.000000e+00 0.000000e+00 -0.000000e+00
    outer loop
      vertex   -2.000000e+01 -6.667182e+01 2.663029e+02
      vertex   -2.000000e+01 -5.932818e+01 2.663029e+02
      vertex   -2.000000e+01 -6.687723e+01 2.660053e+02
    endloop
  endfacet
  facet normal -1.000000e+00 0.000000e+00 0.000000e+00
    outer loop
      vertex   -2.000000e+01 -6.687723e+01 2.660053e+02
      vertex   -2.000000e+01 -5.932818e+01 2.663029e+02
      vertex   -2.000000e+01 -5.912277e+01 2.660053e+02
    endloop
  endfacet
  facet normal -1.000000e+00 0.000000e+00 -0.000000e+00
    outer loop
      vertex   -2.000000e+01 -6.687723e+01 2.660053e+02
      vertex   -2.000000e+01 -5.912277e+01 2.660053e+02
      vertex   -2.000000e+01 -6.714790e+01 2.657655e+02
    endloop
  endfacet
  facet normal -1.000000e+00 0.000000e+00 0.000000e+00
    outer loop
      vertex   -2.000000e+01 -6.714790e+01 2.657655e+02
      vertex   -2.000000e+01 -5.912277e+01 2.660053e+02
      vertex   -2.000000e+01 -5.885210e+01 2.657655e+02
    endloop
  endfacet
  facet normal -1.000000e+00 0.000000e+00 -0.000000e+00
    outer loop
      vertex   -2.000000e+01 -6.714790e+01 2.657655e+02
      vertex   -2.000000e+01 -5.885210e+01 2.657655e+02
      vertex   -2.000000e+01 -7.300000e+01 2.539766e+02
    endloop
  endfacet
  facet normal -1.000000e+00 0.000000e+00 0.000000e+00
    outer loop
      vertex   -2.000000e+01 -7.300000e+01 2.539766e+02
      vertex   -2.000000e+01 -5.885210e+01 2.657655e+02
      vertex   -2.000000e+01 -5.853191e+01 2.655975e+02
    endloop
  endfacet
  facet normal -1.000000e+00 0.000000e+00 0.000000e+00
    outer loop
      vertex   -2.000000e+01 -5.166726e+01 2.786673e+02
      vertex   -2.000000e+01 -5.080520e+01 2.794699e+02
      vertex   -2.000000e+01 -4.192981e+01 2.678282e+02
    endloop
  endfacet
  facet normal -1.000000e+00 0.000000e+00 0.000000e+00
    outer loop
      vertex   -2.000000e+01 -4.192981e+01 2.678282e+02
      vertex   -2.000000e+01 -5.080520e+01 2.794699e+02
      vertex   -2.000000e+01 -4.172360e+01 2.681997e+02
    endloop
  endfacet
  facet normal -1.000000e+00 0.000000e+00 0.000000e+00
    outer loop
      vertex   -2.000000e+01 -4.172360e+01 2.681997e+02
      vertex   -2.000000e+01 -5.080520e+01 2.794699e+02
      vertex   -2.000000e+01 -4.988808e+01 2.802089e+02
    endloop
  endfacet
  facet normal -1.000000e+00 0.000000e+00 0.000000e+00
    outer loop
      vertex   -2.000000e+01 -4.172360e+01 2.681997e+02
      vertex   -2.000000e+01 -4.988808e+01 2.802089e+02
      vertex   -2.000000e+01 -4.892057e+01 2.808807e+02
    endloop
  endfacet
  facet normal -1.000000e+00 0.000000e+00 0.000000e+00
    outer loop
      vertex   -2.000000e+01 -4.172360e+01 2.681997e+02
      vertex   -2.000000e+01 -4.892057e+01 2.808807e+02
      vertex   -2.000000e+01 -4.144683e+01 2.685221e+02
    endloop
  endfacet
  facet normal -1.000000e+00 0.000000e+00 0.000000e+00
    outer loop
      vertex   -2.000000e+01 -4.144683e+01 2.685221e+02
      vertex   -2.000000e+01 -4.892057e+01 2.808807e+02
      vertex   -2.000000e+01 -4.790761e+01 2.814817e+02
    endloop
  endfacet
  facet normal -1.000000e+00 0.000000e+00 0.000000e+00
    outer loop
      vertex   -2.000000e+01 -4.144683e+01 2.685221e+02
      vertex   -2.000000e+01 -4.790761e+01 2.814817e+02
      vertex   -2.000000e+01 -4.685435e+01 2.820089e+02
    endloop
  endfacet
  facet normal -1.000000e+00 0.000000e+00 0.000000e+00
    outer loop
      vertex   -2.000000e+01 -4.144683e+01 2.685221e+02
      vertex   -2.000000e+01 -4.685435e+01 2.820089e+02
      vertex   -2.000000e+01 -4.111083e+01 2.687822e+02
    endloop
  endfacet
  facet normal -1.000000e+00 0.000000e+00 0.000000e+00
    outer loop
      vertex   -2.000000e+01 -4.111083e+01 2.687822e+02
      vertex   -2.000000e+01 -4.685435e+01 2.820089e+02
      vertex   -2.000000e+01 -4.576616e+01 2.824597e+02
    endloop
  endfacet
  facet normal -1.000000e+00 0.000000e+00 0.000000e+00
    outer loop
      vertex   -2.000000e+01 -4.111083e+01 2.687822e+02
      vertex   -2.000000e+01 -4.576616e+01 2.824597e+02
      vertex   -2.000000e+01 -4.464859e+01 2.828316e+02
    endloop
  endfacet
  facet normal -1.000000e+00 0.000000e+00 0.000000e+00
    outer loop
      vertex   -2.000000e+01 -4.111083e+01 2.687822e+02
      vertex   -2.000000e+01 -4.464859e+01 2.828316e+02
      vertex   -2.000000e+01 -4.072934e+01 2.689693e+02
    endloop
  endfacet
  facet normal -1.000000e+00 0.000000e+00 0.000000e+00
    outer loop
      vertex   -2.000000e+01 -4.072934e+01 2.689693e+02
      vertex   -2.000000e+01 -4.464859e+01 2.828316e+02
      vertex   -2.000000e+01 -4.350733e+01 2.831229e+02
    endloop
  endfacet
  facet normal -1.000000e+00 0.000000e+00 0.000000e+00
    outer loop
      vertex   -2.000000e+01 -4.072934e+01 2.689693e+02
      vertex   -2.000000e+01 -4.350733e+01 2.831229e+02
      vertex   -2.000000e+01 -4.234820e+01 2.833321e+02
    endloop
  endfacet
  facet normal -1.000000e+00 0.000000e+00 0.000000e+00
    outer loop
      vertex   -2.000000e+01 -4.072934e+01 2.689693e+02
      vertex   -2.000000e+01 -4.234820e+01 2.833321e+02
      vertex   -2.000000e+01 -4.031800e+01 2.690758e+02
    endloop
  endfacet
  facet normal -1.000000e+00 0.000000e+00 0.000000e+00
    outer loop
      vertex   -2.000000e+01 -4.031800e+01 2.690758e+02
      vertex   -2.000000e+01 -4.234820e+01 2.833321e+02
      vertex   -2.000000e+01 -4.117710e+01 2.834580e+02
    endloop
  endfacet
  facet normal -1.000000e+00 0.000000e+00 0.000000e+00
    outer loop
      vertex   -2.000000e+01 -4.031800e+01 2.690758e+02
      vertex   -2.000000e+01 -4.117710e+01 2.834580e+02
      vertex   -2.000000e+01 -4.000000e+01 2.835000e+02
    endloop
  endfacet
  facet normal -1.000000e+00 0.000000e+00 0.000000e+00
    outer loop
      vertex   -2.000000e+01 -4.031800e+01 2.690758e+02
      vertex   -2.000000e+01 -4.000000e+01 2.835000e+02
      vertex   -2.000000e+01 -3.989364e+01 2.690973e+02
    endloop
  endfacet
  facet normal -1.000000e+00 0.000000e+00 0.000000e+00
    outer loop
      vertex   -2.000000e+01 -3.989364e+01 2.690973e+02
      vertex   -2.000000e+01 -4.000000e+01 2.835000e+02
      vertex   -2.000000e+01 -3.964103e+01 2.835436e+02
    endloop
  endfacet
  facet normal -1.000000e+00 0.000000e+00 0.000000e+00
    outer loop
      vertex   -2.000000e+01 -3.989364e+01 2.690973e+02
      vertex   -2.000000e+01 -3.964103e+01 2.835436e+02
      vertex   -2.000000e+01 -3.947363e+01 2.690330e+02
    endloop
  endfacet
  facet normal -1.000000e+00 0.000000e+00 0.000000e+00
    outer loop
      vertex   -2.000000e+01 -3.947363e+01 2.690330e+02
      vertex   -2.000000e+01 -3.964103e+01 2.835436e+02
      vertex   -2.000000e+01 -3.930292e+01 2.836718e+02
    endloop
  endfacet
  facet normal -1.000000e+00 0.000000e+00 0.000000e+00
    outer loop
      vertex   -2.000000e+01 -3.947363e+01 2.690330e+02
      vertex   -2.000000e+01 -3.930292e+01 2.836718e+02
      vertex   -2.000000e+01 -3.907517e+01 2.688854e+02
    endloop
  endfacet
  facet normal -1.000000e+00 0.000000e+00 0.000000e+00
    outer loop
      vertex   -2.000000e+01 -3.907517e+01 2.688854e+02
      vertex   -2.000000e+01 -3.930292e+01 2.836718e+02
      vertex   -2.000000e+01 -3.900532e+01 2.838772e+02
    endloop
  endfacet
  facet normal -1.000000e+00 0.000000e+00 0.000000e+00
    outer loop
      vertex   -2.000000e+01 -3.907517e+01 2.688854e+02
      vertex   -2.000000e+01 -3.900532e+01 2.838772e+02
      vertex   -2.000000e+01 -3.871458e+01 2.686606e+02
    endloop
  endfacet
  facet normal -1.000000e+00 0.000000e+00 0.000000e+00
    outer loop
      vertex   -2.000000e+01 -3.871458e+01 2.686606e+02
      vertex   -2.000000e+01 -3.900532e+01 2.838772e+02
      vertex   -2.000000e+01 -3.840661e+01 2.683679e+02
    endloop
  endfacet
  facet normal -1.000000e+00 0.000000e+00 0.000000e+00
    outer loop
      vertex   -2.000000e+01 -3.840661e+01 2.683679e+02
      vertex   -2.000000e+01 -3.900532e+01 2.838772e+02
      vertex   -2.000000e+01 -3.876552e+01 2.841479e+02
    endloop
  endfacet
  facet normal -1.000000e+00 0.000000e+00 0.000000e+00
    outer loop
      vertex   -2.000000e+01 -3.840661e+01 2.683679e+02
      vertex   -2.000000e+01 -3.876552e+01 2.841479e+02
      vertex   -2.000000e+01 -3.816387e+01 2.680191e+02
    endloop
  endfacet
  facet normal -1.000000e+00 0.000000e+00 0.000000e+00
    outer loop
      vertex   -2.000000e+01 -3.816387e+01 2.680191e+02
      vertex   -2.000000e+01 -3.876552e+01 2.841479e+02
      vertex   -2.000000e+01 -3.859748e+01 2.844681e+02
    endloop
  endfacet
  facet normal -1.000000e+00 0.000000e+00 0.000000e+00
    outer loop
      vertex   -2.000000e+01 -3.816387e+01 2.680191e+02
      vertex   -2.000000e+01 -3.859748e+01 2.844681e+02
      vertex   -2.000000e+01 -3.799631e+01 2.676287e+02
    endloop
  endfacet
  facet normal -1.000000e+00 0.000000e+00 0.000000e+00
    outer loop
      vertex   -2.000000e+01 -3.799631e+01 2.676287e+02
      vertex   -2.000000e+01 -3.859748e+01 2.844681e+02
      vertex   -2.000000e+01 -3.851094e+01 2.848192e+02
    endloop
  endfacet
  facet normal -1.000000e+00 0.000000e+00 0.000000e+00
    outer loop
      vertex   -2.000000e+01 -3.799631e+01 2.676287e+02
      vertex   -2.000000e+01 -3.851094e+01 2.848192e+02
      vertex   -2.000000e+01 -3.791078e+01 2.672125e+02
    endloop
  endfacet
  facet normal -1.000000e+00 0.000000e+00 0.000000e+00
    outer loop
      vertex   -2.000000e+01 -3.791078e+01 2.672125e+02
      vertex   -2.000000e+01 -3.851094e+01 2.848192e+02
      vertex   -2.000000e+01 -3.700000e+01 2.989766e+02
    endloop
  endfacet
  facet normal -1.000000e+00 0.000000e+00 0.000000e+00
    outer loop
      vertex   -2.000000e+01 -3.791078e+01 2.672125e+02
      vertex   -2.000000e+01 -3.700000e+01 2.989766e+02
      vertex   -2.000000e+01 -3.700000e+01 2.569766e+02
    endloop
  endfacet
  facet normal -1.000000e+00 0.000000e+00 0.000000e+00
    outer loop
      vertex   -2.000000e+01 -3.851094e+01 2.848192e+02
      vertex   -2.000000e+01 -3.851094e+01 2.851808e+02
      vertex   -2.000000e+01 -3.700000e+01 2.989766e+02
    endloop
  endfacet
  facet normal -1.000000e+00 0.000000e+00 0.000000e+00
    outer loop
      vertex   -2.000000e+01 -3.964103e+01 2.964564e+02
      vertex   -2.000000e+01 -4.000000e+01 2.965000e+02
      vertex   -2.000000e+01 -4.200000e+01 2.989766e+02
    endloop
  endfacet
  facet normal -1.000000e+00 0.000000e+00 0.000000e+00
    outer loop
      vertex   -2.000000e+01 -4.200000e+01 2.989766e+02
      vertex   -2.000000e+01 -4.000000e+01 2.965000e+02
      vertex   -2.000000e+01 -4.159710e+01 2.964567e+02
    endloop
  endfacet
  facet normal -1.000000e+00 0.000000e+00 -0.000000e+00
    outer loop
      vertex   -2.000000e+01 -4.200000e+01 2.989766e+02
      vertex   -2.000000e+01 -4.159710e+01 2.964567e+02
      vertex   -2.000000e+01 -4.318951e+01 2.963271e+02
    endloop
  endfacet
  facet normal -1.000000e+00 0.000000e+00 0.000000e+00
    outer loop
      vertex   -2.000000e+01 -4.200000e+01 2.989766e+02
      vertex   -2.000000e+01 -4.318951e+01 2.963271e+02
      vertex   -2.000000e+01 -4.362242e+01 2.989341e+02
    endloop
  endfacet
  facet normal -1.000000e+00 0.000000e+00 -0.000000e+00
    outer loop
      vertex   -2.000000e+01 -4.362242e+01 2.989341e+02
      vertex   -2.000000e+01 -4.318951e+01 2.963271e+02
      vertex   -2.000000e+01 -4.477257e+01 2.961114e+02
    endloop
  endfacet
  facet normal -1.000000e+00 0.000000e+00 0.000000e+00
    outer loop
      vertex   -2.000000e+01 -4.362242e+01 2.989341e+02
      vertex   -2.000000e+01 -4.477257e+01 2.961114e+02
      vertex   -2.000000e+01 -4.524038e+01 2.988068e+02
    endloop
  endfacet
  facet normal -1.000000e+00 0.000000e+00 -0.000000e+00
    outer loop
      vertex   -2.000000e+01 -4.524038e+01 2.988068e+02
      vertex   -2.000000e+01 -4.477257e+01 2.961114e+02
      vertex   -2.000000e+01 -4.634163e+01 2.958103e+02
    endloop
  endfacet
  facet normal -1.000000e+00 0.000000e+00 0.000000e+00
    outer loop
      vertex   -2.000000e+01 -4.524038e+01 2.988068e+02
      vertex   -2.000000e+01 -4.634163e+01 2.958103e+02
      vertex   -2.000000e+01 -4.684947e+01 2.985949e+02
    endloop
  endfacet
  facet normal -1.000000e+00 0.000000e+00 -0.000000e+00
    outer loop
      vertex   -2.000000e+01 -4.684947e+01 2.985949e+02
      vertex   -2.000000e+01 -4.634163e+01 2.958103e+02
      vertex   -2.000000e+01 -4.789209e+01 2.954247e+02
    endloop
  endfacet
  facet normal -1.000000e+00 0.000000e+00 0.000000e+00
    outer loop
      vertex   -2.000000e+01 -4.684947e+01 2.985949e+02
      vertex   -2.000000e+01 -4.789209e+01 2.954247e+02
      vertex   -2.000000e+01 -4.844526e+01 2.982992e+02
    endloop
  endfacet
  facet normal -1.000000e+00 0.000000e+00 -0.000000e+00
    outer loop
      vertex   -2.000000e+01 -4.844526e+01 2.982992e+02
      vertex   -2.000000e+01 -4.789209e+01 2.954247e+02
      vertex   -2.000000e+01 -4.941940e+01 2.949558e+02
    endloop
  endfacet
  facet normal -1.000000e+00 0.000000e+00 0.000000e+00
    outer loop
      vertex   -2.000000e+01 -4.844526e+01 2.982992e+02
      vertex   -2.000000e+01 -4.941940e+01 2.949558e+02
      vertex   -2.000000e+01 -5.002339e+01 2.979203e+02
    endloop
  endfacet
  facet normal -1.000000e+00 0.000000e+00 -0.000000e+00
    outer loop
      vertex   -2.000000e+01 -5.002339e+01 2.979203e+02
      vertex   -2.000000e+01 -4.941940e+01 2.949558e+02
      vertex   -2.000000e+01 -5.157953e+01 2.974593e+02
    endloop
  endfacet
  facet normal -1.000000e+00 0.000000e+00 0.000000e+00
    outer loop
      vertex   -2.000000e+01 -5.157953e+01 2.974593e+02
      vertex   -2.000000e+01 -4.941940e+01 2.949558e+02
      vertex   -2.000000e+01 -5.091908e+01 2.944048e+02
    endloop
  endfacet
  facet normal -1.000000e+00 0.000000e+00 -0.000000e+00
    outer loop
      vertex   -2.000000e+01 -5.157953e+01 2.974593e+02
      vertex   -2.000000e+01 -5.091908e+01 2.944048e+02
      vertex   -2.000000e+01 -5.310941e+01 2.969176e+02
    endloop
  endfacet
  facet normal -1.000000e+00 0.000000e+00 0.000000e+00
    outer loop
      vertex   -2.000000e+01 -5.310941e+01 2.969176e+02
      vertex   -2.000000e+01 -5.091908e+01 2.944048e+02
      vertex   -2.000000e+01 -5.238673e+01 2.937735e+02
    endloop
  endfacet
  facet normal -1.000000e+00 0.000000e+00 -0.000000e+00
    outer loop
      vertex   -2.000000e+01 -5.310941e+01 2.969176e+02
      vertex   -2.000000e+01 -5.238673e+01 2.937735e+02
      vertex   -2.000000e+01 -5.460884e+01 2.962965e+02
    endloop
  endfacet
  facet normal -1.000000e+00 0.000000e+00 0.000000e+00
    outer loop
      vertex   -2.000000e+01 -5.460884e+01 2.962965e+02
      vertex   -2.000000e+01 -5.238673e+01 2.937735e+02
      vertex   -2.000000e+01 -5.381805e+01 2.930636e+02
    endloop
  endfacet
  facet normal -1.000000e+00 0.000000e+00 -0.000000e+00
    outer loop
      vertex   -2.000000e+01 -5.460884e+01 2.962965e+02
      vertex   -2.000000e+01 -5.381805e+01 2.930636e+02
      vertex   -2.000000e+01 -5.607371e+01 2.955978e+02
    endloop
  endfacet
  facet normal -1.000000e+00 0.000000e+00 0.000000e+00
    outer loop
      vertex   -2.000000e+01 -5.607371e+01 2.955978e+02
      vertex   -2.000000e+01 -5.381805e+01 2.930636e+02
      vertex   -2.000000e+01 -5.520884e+01 2.922773e+02
    endloop
  endfacet
  facet normal -1.000000e+00 0.000000e+00 -0.000000e+00
    outer loop
      vertex   -2.000000e+01 -5.607371e+01 2.955978e+02
      vertex   -2.000000e+01 -5.520884e+01 2.922773e+02
      vertex   -2.000000e+01 -5.750000e+01 2.948234e+02
    endloop
  endfacet
  facet normal -1.000000e+00 0.000000e+00 0.000000e+00
    outer loop
      vertex   -2.000000e+01 -5.750000e+01 2.948234e+02
      vertex   -2.000000e+01 -5.520884e+01 2.922773e+02
      vertex   -2.000000e+01 -5.655502e+01 2.914168e+02
    endloop
  endfacet
  facet normal -1.000000e+00 0.000000e+00 -0.000000e+00
    outer loop
      vertex   -2.000000e+01 -5.750000e+01 2.948234e+02
      vertex   -2.000000e+01 -5.655502e+01 2.914168e+02
      vertex   -2.000000e+01 -5.888381e+01 2.939754e+02
    endloop
  endfacet
  facet normal -1.000000e+00 0.000000e+00 0.000000e+00
    outer loop
      vertex   -2.000000e+01 -5.888381e+01 2.939754e+02
      vertex   -2.000000e+01 -5.655502e+01 2.914168e+02
      vertex   -2.000000e+01 -5.785264e+01 2.904847e+02
    endloop
  endfacet
  facet normal -1.000000e+00 0.000000e+00 -0.000000e+00
    outer loop
      vertex   -2.000000e+01 -5.888381e+01 2.939754e+02
      vertex   -2.000000e+01 -5.785264e+01 2.904847e+02
      vertex   -2.000000e+01 -6.022134e+01 2.930561e+02
    endloop
  endfacet
  facet normal -1.000000e+00 0.000000e+00 0.000000e+00
    outer loop
      vertex   -2.000000e+01 -6.022134e+01 2.930561e+02
      vertex   -2.000000e+01 -5.785264e+01 2.904847e+02
      vertex   -2.000000e+01 -5.909790e+01 2.894838e+02
    endloop
  endfacet
  facet normal -1.000000e+00 0.000000e+00 -0.000000e+00
    outer loop
      vertex   -2.000000e+01 -6.022134e+01 2.930561e+02
      vertex   -2.000000e+01 -5.909790e+01 2.894838e+02
      vertex   -2.000000e+01 -6.150893e+01 2.920681e+02
    endloop
  endfacet
  facet normal -1.000000e+00 0.000000e+00 0.000000e+00
    outer loop
      vertex   -2.000000e+01 -6.150893e+01 2.920681e+02
      vertex   -2.000000e+01 -5.909790e+01 2.894838e+02
      vertex   -2.000000e+01 -6.028713e+01 2.884169e+02
    endloop
  endfacet
  facet normal -1.000000e+00 0.000000e+00 -0.000000e+00
    outer loop
      vertex   -2.000000e+01 -6.150893e+01 2.920681e+02
      vertex   -2.000000e+01 -6.028713e+01 2.884169e+02
      vertex   -2.000000e+01 -6.274305e+01 2.910141e+02
    endloop
  endfacet
  facet normal -1.000000e+00 0.000000e+00 0.000000e+00
    outer loop
      vertex   -2.000000e+01 -6.274305e+01 2.910141e+02
      vertex   -2.000000e+01 -6.028713e+01 2.884169e+02
      vertex   -2.000000e+01 -6.141687e+01 2.872871e+02
    endloop
  endfacet
  facet normal -1.000000e+00 0.000000e+00 -0.000000e+00
    outer loop
      vertex   -2.000000e+01 -6.274305e+01 2.910141e+02
      vertex   -2.000000e+01 -6.141687e+01 2.872871e+02
      vertex   -2.000000e+01 -6.392031e+01 2.898969e+02
    endloop
  endfacet
  facet normal -1.000000e+00 0.000000e+00 0.000000e+00
    outer loop
      vertex   -2.000000e+01 -6.392031e+01 2.898969e+02
      vertex   -2.000000e+01 -6.141687e+01 2.872871e+02
      vertex   -2.000000e+01 -6.248378e+01 2.860979e+02
    endloop
  endfacet
  facet normal -1.000000e+00 0.000000e+00 -0.000000e+00
    outer loop
      vertex   -2.000000e+01 -6.392031e+01 2.898969e+02
      vertex   -2.000000e+01 -6.248378e+01 2.860979e+02
      vertex   -2.000000e+01 -6.503749e+01 2.887196e+02
    endloop
  endfacet
  facet normal -1.000000e+00 0.000000e+00 0.000000e+00
    outer loop
      vertex   -2.000000e+01 -6.503749e+01 2.887196e+02
      vertex   -2.000000e+01 -6.248378e+01 2.860979e+02
      vertex   -2.000000e+01 -6.348475e+01 2.848526e+02
    endloop
  endfacet
  facet normal -1.000000e+00 0.000000e+00 -0.000000e+00
    outer loop
      vertex   -2.000000e+01 -6.503749e+01 2.887196e+02
      vertex   -2.000000e+01 -6.348475e+01 2.848526e+02
      vertex   -2.000000e+01 -6.609153e+01 2.874855e+02
    endloop
  endfacet
  facet normal -1.000000e+00 0.000000e+00 0.000000e+00
    outer loop
      vertex   -2.000000e+01 -6.609153e+01 2.874855e+02
      vertex   -2.000000e+01 -6.348475e+01 2.848526e+02
      vertex   -2.000000e+01 -6.441683e+01 2.835550e+02
    endloop
  endfacet
  facet normal -1.000000e+00 0.000000e+00 -0.000000e+00
    outer loop
      vertex   -2.000000e+01 -6.609153e+01 2.874855e+02
      vertex   -2.000000e+01 -6.441683e+01 2.835550e+02
      vertex   -2.000000e+01 -6.707953e+01 2.861979e+02
    endloop
  endfacet
  facet normal -1.000000e+00 0.000000e+00 0.000000e+00
    outer loop
      vertex   -2.000000e+01 -6.707953e+01 2.861979e+02
      vertex   -2.000000e+01 -6.441683e+01 2.835550e+02
      vertex   -2.000000e+01 -6.527729e+01 2.822088e+02
    endloop
  endfacet
  facet normal -1.000000e+00 0.000000e+00 -0.000000e+00
    outer loop
      vertex   -2.000000e+01 -6.707953e+01 2.861979e+02
      vertex   -2.000000e+01 -6.527729e+01 2.822088e+02
      vertex   -2.000000e+01 -6.799879e+01 2.848604e+02
    endloop
  endfacet
  facet normal -1.000000e+00 0.000000e+00 -0.000000e+00
    outer loop
      vertex   -2.000000e+01 -6.799879e+01 2.848604e+02
      vertex   -2.000000e+01 -6.527729e+01 2.822088e+02
      vertex   -2.000000e+01 -6.884679e+01 2.834766e+02
    endloop
  endfacet
  facet normal -1.000000e+00 0.000000e+00 0.000000e+00
    outer loop
      vertex   -2.000000e+01 -6.884679e+01 2.834766e+02
      vertex   -2.000000e+01 -6.527729e+01 2.822088e+02
      vertex   -2.000000e+01 -6.606361e+01 2.808181e+02
    endloop
  endfacet
  facet normal -1.000000e+00 0.000000e+00 -0.000000e+00
    outer loop
      vertex   -2.000000e+01 -6.884679e+01 2.834766e+02
      vertex   -2.000000e+01 -6.606361e+01 2.808181e+02
      vertex   -2.000000e+01 -6.962120e+01 2.820503e+02
    endloop
  endfacet
  facet normal -1.000000e+00 0.000000e+00 0.000000e+00
    outer loop
      vertex   -2.000000e+01 -6.962120e+01 2.820503e+02
      vertex   -2.000000e+01 -6.606361e+01 2.808181e+02
      vertex   -2.000000e+01 -6.677348e+01 2.793867e+02
    endloop
  endfacet
  facet normal -1.000000e+00 0.000000e+00 -0.000000e+00
    outer loop
      vertex   -2.000000e+01 -6.962120e+01 2.820503e+02
      vertex   -2.000000e+01 -6.677348e+01 2.793867e+02
      vertex   -2.000000e+01 -7.031991e+01 2.805854e+02
    endloop
  endfacet
  facet normal -1.000000e+00 0.000000e+00 0.000000e+00
    outer loop
      vertex   -2.000000e+01 -7.031991e+01 2.805854e+02
      vertex   -2.000000e+01 -6.677348e+01 2.793867e+02
      vertex   -2.000000e+01 -6.740481e+01 2.779191e+02
    endloop
  endfacet
  facet normal -1.000000e+00 0.000000e+00 -0.000000e+00
    outer loop
      vertex   -2.000000e+01 -7.031991e+01 2.805854e+02
      vertex   -2.000000e+01 -6.740481e+01 2.779191e+02
      vertex   -2.000000e+01 -7.094099e+01 2.790860e+02
    endloop
  endfacet
  facet normal -1.000000e+00 0.000000e+00 0.000000e+00
    outer loop
      vertex   -2.000000e+01 -7.094099e+01 2.790860e+02
      vertex   -2.000000e+01 -6.740481e+01 2.779191e+02
      vertex   -2.000000e+01 -6.795577e+01 2.764194e+02
    endloop
  endfacet
  facet normal -1.000000e+00 0.000000e+00 -0.000000e+00
    outer loop
      vertex   -2.000000e+01 -7.094099e+01 2.790860e+02
      vertex   -2.000000e+01 -6.795577e+01 2.764194e+02
      vertex   -2.000000e+01 -7.148275e+01 2.775561e+02
    endloop
  endfacet
  facet normal -1.000000e+00 0.000000e+00 0.000000e+00
    outer loop
      vertex   -2.000000e+01 -7.148275e+01 2.775561e+02
      vertex   -2.000000e+01 -6.795577e+01 2.764194e+02
      vertex   -2.000000e+01 -6.842473e+01 2.748921e+02
    endloop
  endfacet
  facet normal -1.000000e+00 0.000000e+00 -0.000000e+00
    outer loop
      vertex   -2.000000e+01 -7.148275e+01 2.775561e+02
      vertex   -2.000000e+01 -6.842473e+01 2.748921e+02
      vertex   -2.000000e+01 -7.194370e+01 2.760000e+02
    endloop
  endfacet
  facet normal -1.000000e+00 0.000000e+00 0.000000e+00
    outer loop
      vertex   -2.000000e+01 -7.194370e+01 2.760000e+02
      vertex   -2.000000e+01 -6.842473e+01 2.748921e+02
      vertex   -2.000000e+01 -6.881031e+01 2.733416e+02
    endloop
  endfacet
  facet normal -1.000000e+00 0.000000e+00 -0.000000e+00
    outer loop
      vertex   -2.000000e+01 -7.194370e+01 2.760000e+02
      vertex   -2.000000e+01 -6.881031e+01 2.733416e+02
      vertex   -2.000000e+01 -7.232258e+01 2.744219e+02
    endloop
  endfacet
  facet normal -1.000000e+00 0.000000e+00 -0.000000e+00
    outer loop
      vertex   -2.000000e+01 -7.232258e+01 2.744219e+02
      vertex   -2.000000e+01 -6.881031e+01 2.733416e+02
      vertex   -2.000000e+01 -7.261834e+01 2.728261e+02
    endloop
  endfacet
  facet normal -1.000000e+00 0.000000e+00 0.000000e+00
    outer loop
      vertex   -2.000000e+01 -7.261834e+01 2.728261e+02
      vertex   -2.000000e+01 -6.881031e+01 2.733416e+02
      vertex   -2.000000e+01 -6.911138e+01 2.717726e+02
    endloop
  endfacet
  facet normal -1.000000e+00 0.000000e+00 -0.000000e+00
    outer loop
      vertex   -2.000000e+01 -7.261834e+01 2.728261e+02
      vertex   -2.000000e+01 -6.911138e+01 2.717726e+02
      vertex   -2.000000e+01 -7.283018e+01 2.712170e+02
    endloop
  endfacet
  facet normal -1.000000e+00 0.000000e+00 0.000000e+00
    outer loop
      vertex   -2.000000e+01 -7.283018e+01 2.712170e+02
      vertex   -2.000000e+01 -6.911138e+01 2.717726e+02
      vertex   -2.000000e+01 -6.932707e+01 2.701895e+02
    endloop
  endfacet
  facet normal -1.000000e+00 0.000000e+00 -0.000000e+00
    outer loop
      vertex   -2.000000e+01 -7.283018e+01 2.712170e+02
      vertex   -2.000000e+01 -6.932707e+01 2.701895e+02
      vertex   -2.000000e+01 -7.295752e+01 2.695990e+02
    endloop
  endfacet
  facet normal -1.000000e+00 0.000000e+00 0.000000e+00
    outer loop
      vertex   -2.000000e+01 -7.295752e+01 2.695990e+02
      vertex   -2.000000e+01 -6.932707e+01 2.701895e+02
      vertex   -2.000000e+01 -6.945674e+01 2.685971e+02
    endloop
  endfacet
  facet normal -1.000000e+00 0.000000e+00 -0.000000e+00
    outer loop
      vertex   -2.000000e+01 -7.295752e+01 2.695990e+02
      vertex   -2.000000e+01 -6.945674e+01 2.685971e+02
      vertex   -2.000000e+01 -7.300000e+01 2.679766e+02
    endloop
  endfacet
  facet normal -1.000000e+00 0.000000e+00 0.000000e+00
    outer loop
      vertex   -2.000000e+01 -7.300000e+01 2.679766e+02
      vertex   -2.000000e+01 -6.945674e+01 2.685971e+02
      vertex   -2.000000e+01 -6.950000e+01 2.670000e+02
    endloop
  endfacet
  facet normal -1.000000e+00 0.000000e+00 0.000000e+00
    outer loop
      vertex   -2.000000e+01 -7.300000e+01 2.679766e+02
      vertex   -2.000000e+01 -6.950000e+01 2.670000e+02
      vertex   -2.000000e+01 -6.945641e+01 2.666410e+02
    endloop
  endfacet
  facet normal -1.000000e+00 -0.000000e+00 -0.000000e+00
    outer loop
      vertex   -2.000000e+01 -6.945641e+01 2.666410e+02
      vertex   -2.000000e+01 -6.932819e+01 2.663029e+02
      vertex   -2.000000e+01 -7.300000e+01 2.679766e+02
    endloop
  endfacet
  facet normal -1.000000e+00 0.000000e+00 0.000000e+00
    outer loop
      vertex   -2.000000e+01 -7.300000e+01 2.679766e+02
      vertex   -2.000000e+01 -6.932819e+01 2.663029e+02
      vertex   -2.000000e+01 -6.912277e+01 2.660053e+02
    endloop
  endfacet
  facet normal -1.000000e+00 0.000000e+00 -0.000000e+00
    outer loop
      vertex   -2.000000e+01 -7.300000e+01 2.679766e+02
      vertex   -2.000000e+01 -6.912277e+01 2.660053e+02
      vertex   -2.000000e+01 -7.300000e+01 2.539766e+02
    endloop
  endfacet
  facet normal -1.000000e+00 0.000000e+00 0.000000e+00
    outer loop
      vertex   -2.000000e+01 -7.300000e+01 2.539766e+02
      vertex   -2.000000e+01 -6.912277e+01 2.660053e+02
      vertex   -2.000000e+01 -6.885210e+01 2.657655e+02
    endloop
  endfacet
  facet normal -1.000000e+00 0.000000e+00 0.000000e+00
    outer loop
      vertex   -2.000000e+01 -7.300000e+01 2.539766e+02
      vertex   -2.000000e+01 -6.885210e+01 2.657655e+02
      vertex   -2.000000e+01 -6.853191e+01 2.655975e+02
    endloop
  endfacet
  facet normal -1.000000e+00 0.000000e+00 -0.000000e+00
    outer loop
      vertex   -2.000000e+01 -6.853191e+01 2.655975e+02
      vertex   -2.000000e+01 -6.818081e+01 2.655109e+02
      vertex   -2.000000e+01 -7.300000e+01 2.539766e+02
    endloop
  endfacet
  facet normal -1.000000e+00 0.000000e+00 0.000000e+00
    outer loop
      vertex   -2.000000e+01 -7.300000e+01 2.539766e+02
      vertex   -2.000000e+01 -6.818081e+01 2.655109e+02
      vertex   -2.000000e+01 -6.781920e+01 2.655109e+02
    endloop
  endfacet
  facet normal -1.000000e+00 0.000000e+00 0.000000e+00
    outer loop
      vertex   -2.000000e+01 -7.300000e+01 2.539766e+02
      vertex   -2.000000e+01 -6.781920e+01 2.655109e+02
      vertex   -2.000000e+01 -6.746809e+01 2.655975e+02
    endloop
  endfacet
  facet normal -1.000000e+00 0.000000e+00 -0.000000e+00
    outer loop
      vertex   -2.000000e+01 -6.746809e+01 2.655975e+02
      vertex   -2.000000e+01 -6.714790e+01 2.657655e+02
      vertex   -2.000000e+01 -7.300000e+01 2.539766e+02
    endloop
  endfacet
  facet normal -1.000000e+00 0.000000e+00 0.000000e+00
    outer loop
      vertex   -2.000000e+01 -3.859748e+01 2.955319e+02
      vertex   -2.000000e+01 -3.876552e+01 2.958521e+02
      vertex   -2.000000e+01 -3.700000e+01 2.989766e+02
    endloop
  endfacet
  facet normal -1.000000e+00 0.000000e+00 0.000000e+00
    outer loop
      vertex   -2.000000e+01 -3.700000e+01 2.989766e+02
      vertex   -2.000000e+01 -3.876552e+01 2.958521e+02
      vertex   -2.000000e+01 -3.900532e+01 2.961228e+02
    endloop
  endfacet
  facet normal -1.000000e+00 0.000000e+00 0.000000e+00
    outer loop
      vertex   -2.000000e+01 -3.700000e+01 2.989766e+02
      vertex   -2.000000e+01 -3.900532e+01 2.961228e+02
      vertex   -2.000000e+01 -3.930292e+01 2.963282e+02
    endloop
  endfacet
  facet normal -1.000000e+00 0.000000e+00 0.000000e+00
    outer loop
      vertex   -2.000000e+01 -3.930292e+01 2.963282e+02
      vertex   -2.000000e+01 -3.964103e+01 2.964564e+02
      vertex   -2.000000e+01 -3.700000e+01 2.989766e+02
    endloop
  endfacet
  facet normal -1.000000e+00 -0.000000e+00 0.000000e+00
    outer loop
      vertex   -2.000000e+01 -3.700000e+01 2.989766e+02
      vertex   -2.000000e+01 -3.964103e+01 2.964564e+02
      vertex   -2.000000e+01 -4.200000e+01 2.989766e+02
    endloop
  endfacet
  facet normal -1.000000e+00 -0.000000e+00 0.000000e+00
    outer loop
      vertex   -2.000000e+01 -3.703694e+01 2.565073e+02
      vertex   -2.000000e+01 -3.714683e+01 2.560495e+02
      vertex   -2.000000e+01 -3.700000e+01 2.569766e+02
    endloop
  endfacet
  facet normal -1.000000e+00 0.000000e+00 0.000000e+00
    outer loop
      vertex   -2.000000e+01 -3.700000e+01 2.569766e+02
      vertex   -2.000000e+01 -3.714683e+01 2.560495e+02
      vertex   -2.000000e+01 -3.732698e+01 2.556146e+02
    endloop
  endfacet
  facet normal -1.000000e+00 0.000000e+00 0.000000e+00
    outer loop
      vertex   -2.000000e+01 -3.700000e+01 2.569766e+02
      vertex   -2.000000e+01 -3.732698e+01 2.556146e+02
      vertex   -2.000000e+01 -3.757295e+01 2.552132e+02
    endloop
  endfacet
  facet normal -1.000000e+00 -0.000000e+00 0.000000e+00
    outer loop
      vertex   -2.000000e+01 -3.757295e+01 2.552132e+02
      vertex   -2.000000e+01 -3.787868e+01 2.548553e+02
      vertex   -2.000000e+01 -3.700000e+01 2.569766e+02
    endloop
  endfacet
  facet normal -1.000000e+00 0.000000e+00 0.000000e+00
    outer loop
      vertex   -2.000000e+01 -3.700000e+01 2.569766e+02
      vertex   -2.000000e+01 -3.787868e+01 2.548553e+02
      vertex   -2.000000e+01 -3.823664e+01 2.545495e+02
    endloop
  endfacet
  facet normal -1.000000e+00 0.000000e+00 0.000000e+00
    outer loop
      vertex   -2.000000e+01 -3.700000e+01 2.569766e+02
      vertex   -2.000000e+01 -3.823664e+01 2.545495e+02
      vertex   -2.000000e+01 -3.863803e+01 2.543036e+02
    endloop
  endfacet
  facet normal -1.000000e+00 -0.000000e+00 0.000000e+00
    outer loop
      vertex   -2.000000e+01 -3.863803e+01 2.543036e+02
      vertex   -2.000000e+01 -3.907295e+01 2.541234e+02
      vertex   -2.000000e+01 -3.700000e+01 2.569766e+02
    endloop
  endfacet
  facet normal -1.000000e+00 0.000000e+00 0.000000e+00
    outer loop
      vertex   -2.000000e+01 -3.700000e+01 2.569766e+02
      vertex   -2.000000e+01 -3.907295e+01 2.541234e+02
      vertex   -2.000000e+01 -3.953070e+01 2.540135e+02
    endloop
  endfacet
  facet normal -1.000000e+00 0.000000e+00 0.000000e+00
    outer loop
      vertex   -2.000000e+01 -3.700000e+01 2.569766e+02
      vertex   -2.000000e+01 -3.953070e+01 2.540135e+02
      vertex   -2.000000e+01 -4.000000e+01 2.539766e+02
    endloop
  endfacet
  facet normal -1.000000e+00 0.000000e+00 0.000000e+00
    outer loop
      vertex   -2.000000e+01 -4.072934e+01 2.650307e+02
      vertex   -2.000000e+01 -4.031800e+01 2.649242e+02
      vertex   -2.000000e+01 -4.000000e+01 2.539766e+02
    endloop
  endfacet
  facet normal -1.000000e+00 0.000000e+00 0.000000e+00
    outer loop
      vertex   -2.000000e+01 -4.000000e+01 2.539766e+02
      vertex   -2.000000e+01 -4.031800e+01 2.649242e+02
      vertex   -2.000000e+01 -3.700000e+01 2.569766e+02
    endloop
  endfacet
  facet normal -1.000000e+00 0.000000e+00 0.000000e+00
    outer loop
      vertex   -2.000000e+01 -4.031800e+01 2.649242e+02
      vertex   -2.000000e+01 -3.989364e+01 2.649027e+02
      vertex   -2.000000e+01 -3.700000e+01 2.569766e+02
    endloop
  endfacet
  facet normal -1.000000e+00 0.000000e+00 0.000000e+00
    outer loop
      vertex   -2.000000e+01 -3.700000e+01 2.569766e+02
      vertex   -2.000000e+01 -3.989364e+01 2.649027e+02
      vertex   -2.000000e+01 -3.947363e+01 2.649670e+02
    endloop
  endfacet
  facet normal -1.000000e+00 0.000000e+00 0.000000e+00
    outer loop
      vertex   -2.000000e+01 -3.700000e+01 2.569766e+02
      vertex   -2.000000e+01 -3.947363e+01 2.649670e+02
      vertex   -2.000000e+01 -3.907517e+01 2.651146e+02
    endloop
  endfacet
  facet normal -1.000000e+00 0.000000e+00 0.000000e+00
    outer loop
      vertex   -2.000000e+01 -3.907517e+01 2.651146e+02
      vertex   -2.000000e+01 -3.871458e+01 2.653394e+02
      vertex   -2.000000e+01 -3.700000e+01 2.569766e+02
    endloop
  endfacet
  facet normal -1.000000e+00 0.000000e+00 0.000000e+00
    outer loop
      vertex   -2.000000e+01 -3.700000e+01 2.569766e+02
      vertex   -2.000000e+01 -3.871458e+01 2.653394e+02
      vertex   -2.000000e+01 -3.840661e+01 2.656321e+02
    endloop
  endfacet
  facet normal -1.000000e+00 0.000000e+00 0.000000e+00
    outer loop
      vertex   -2.000000e+01 -3.700000e+01 2.569766e+02
      vertex   -2.000000e+01 -3.840661e+01 2.656321e+02
      vertex   -2.000000e+01 -3.816387e+01 2.659809e+02
    endloop
  endfacet
  facet normal -1.000000e+00 0.000000e+00 0.000000e+00
    outer loop
      vertex   -2.000000e+01 -3.816387e+01 2.659809e+02
      vertex   -2.000000e+01 -3.799631e+01 2.663713e+02
      vertex   -2.000000e+01 -3.700000e+01 2.569766e+02
    endloop
  endfacet
  facet normal -1.000000e+00 0.000000e+00 0.000000e+00
    outer loop
      vertex   -2.000000e+01 -3.700000e+01 2.569766e+02
      vertex   -2.000000e+01 -3.799631e+01 2.663713e+02
      vertex   -2.000000e+01 -3.791078e+01 2.667876e+02
    endloop
  endfacet
  facet normal -1.000000e+00 0.000000e+00 0.000000e+00
    outer loop
      vertex   -2.000000e+01 -3.700000e+01 2.569766e+02
      vertex   -2.000000e+01 -3.791078e+01 2.667876e+02
      vertex   -2.000000e+01 -3.791078e+01 2.672125e+02
    endloop
  endfacet
  facet normal 0.000000e+00 9.948693e-01 -1.011683e-01
    outer loop
      vertex   -2.000000e+01 -4.205701e+01 2.674227e+02
      vertex   -1.200000e+01 -4.205701e+01 2.674227e+02
      vertex   -2.000000e+01 -4.210000e+01 2.670000e+02
    endloop
  endfacet
  facet normal 0.000000e+00 9.948693e-01 -1.011683e-01
    outer loop
      vertex   -2.000000e+01 -4.210000e+01 2.670000e+02
      vertex   -1.200000e+01 -4.205701e+01 2.674227e+02
      vertex   -1.200000e+01 -4.210000e+01 2.670000e+02
    endloop
  endfacet
  facet normal -0.000000e+00 9.948693e-01 1.011683e-01
    outer loop
      vertex   -2.000000e+01 -4.210000e+01 2.670000e+02
      vertex   -1.200000e+01 -4.210000e+01 2.670000e+02
      vertex   -2.000000e+01 -4.205701e+01 2.665773e+02
    endloop
  endfacet
  facet normal -0.000000e+00 9.948693e-01 1.011683e-01
    outer loop
      vertex   -2.000000e+01 -4.205701e+01 2.665773e+02
      vertex   -1.200000e+01 -4.210000e+01 2.670000e+02
      vertex   -1.200000e+01 -4.205701e+01 2.665773e+02
    endloop
  endfacet
  facet normal -0.000000e+00 9.541393e-01 2.993631e-01
    outer loop
      vertex   -2.000000e+01 -4.205701e+01 2.665773e+02
      vertex   -1.200000e+01 -4.205701e+01 2.665773e+02
      vertex   -2.000000e+01 -4.192981e+01 2.661719e+02
    endloop
  endfacet
  facet normal -0.000000e+00 9.541393e-01 2.993631e-01
    outer loop
      vertex   -2.000000e+01 -4.192981e+01 2.661719e+02
      vertex   -1.200000e+01 -4.205701e+01 2.665773e+02
      vertex   -1.200000e+01 -4.192981e+01 2.661719e+02
    endloop
  endfacet
  facet normal -0.000000e+00 8.743466e-01 4.853020e-01
    outer loop
      vertex   -2.000000e+01 -4.192981e+01 2.661719e+02
      vertex   -1.200000e+01 -4.192981e+01 2.661719e+02
      vertex   -2.000000e+01 -4.172360e+01 2.658003e+02
    endloop
  endfacet
  facet normal -0.000000e+00 8.743466e-01 4.853020e-01
    outer loop
      vertex   -2.000000e+01 -4.172360e+01 2.658003e+02
      vertex   -1.200000e+01 -4.192981e+01 2.661719e+02
      vertex   -1.200000e+01 -4.172360e+01 2.658003e+02
    endloop
  endfacet
  facet normal -0.000000e+00 7.587581e-01 6.513725e-01
    outer loop
      vertex   -2.000000e+01 -4.172360e+01 2.658003e+02
      vertex   -1.200000e+01 -4.172360e+01 2.658003e+02
      vertex   -2.000000e+01 -4.144683e+01 2.654779e+02
    endloop
  endfacet
  facet normal -0.000000e+00 7.587581e-01 6.513725e-01
    outer loop
      vertex   -2.000000e+01 -4.144683e+01 2.654779e+02
      vertex   -1.200000e+01 -4.172360e+01 2.658003e+02
      vertex   -1.200000e+01 -4.144683e+01 2.654779e+02
    endloop
  endfacet
  facet normal -0.000000e+00 6.121060e-01 7.907757e-01
    outer loop
      vertex   -2.000000e+01 -4.144683e+01 2.654779e+02
      vertex   -1.200000e+01 -4.144683e+01 2.654779e+02
      vertex   -2.000000e+01 -4.111083e+01 2.652179e+02
    endloop
  endfacet
  facet normal -0.000000e+00 6.121060e-01 7.907757e-01
    outer loop
      vertex   -2.000000e+01 -4.111083e+01 2.652179e+02
      vertex   -1.200000e+01 -4.144683e+01 2.654779e+02
      vertex   -1.200000e+01 -4.111083e+01 2.652179e+02
    endloop
  endfacet
  facet normal -0.000000e+00 4.403942e-01 8.978045e-01
    outer loop
      vertex   -2.000000e+01 -4.111083e+01 2.652179e+02
      vertex   -1.200000e+01 -4.111083e+01 2.652179e+02
      vertex   -2.000000e+01 -4.072934e+01 2.650307e+02
    endloop
  endfacet
  facet normal -0.000000e+00 4.403942e-01 8.978045e-01
    outer loop
      vertex   -2.000000e+01 -4.072934e+01 2.650307e+02
      vertex   -1.200000e+01 -4.111083e+01 2.652179e+02
      vertex   -1.200000e+01 -4.072934e+01 2.650307e+02
    endloop
  endfacet
  facet normal -0.000000e+00 2.506525e-01 9.680771e-01
    outer loop
      vertex   -2.000000e+01 -4.072934e+01 2.650307e+02
      vertex   -1.200000e+01 -4.072934e+01 2.650307e+02
      vertex   -2.000000e+01 -4.031800e+01 2.649242e+02
    endloop
  endfacet
  facet normal -0.000000e+00 2.506525e-01 9.680771e-01
    outer loop
      vertex   -2.000000e+01 -4.031800e+01 2.649242e+02
      vertex   -1.200000e+01 -4.072934e+01 2.650307e+02
      vertex   -1.200000e+01 -4.031800e+01 2.649242e+02
    endloop
  endfacet
  facet normal -0.000000e+00 5.064917e-02 9.987165e-01
    outer loop
      vertex   -2.000000e+01 -4.031800e+01 2.649242e+02
      vertex   -1.200000e+01 -4.031800e+01 2.649242e+02
      vertex   -2.000000e+01 -3.989364e+01 2.649027e+02
    endloop
  endfacet
  facet normal 4.498550e-17 5.064917e-02 9.987165e-01
    outer loop
      vertex   -2.000000e+01 -3.989364e+01 2.649027e+02
      vertex   -1.200000e+01 -4.031800e+01 2.649242e+02
      vertex   -1.200000e+01 -3.989364e+01 2.649027e+02
    endloop
  endfacet
  facet normal -1.344949e-16 -1.514278e-01 9.884683e-01
    outer loop
      vertex   -2.000000e+01 -3.989364e+01 2.649027e+02
      vertex   -1.200000e+01 -3.989364e+01 2.649027e+02
      vertex   -2.000000e+01 -3.947363e+01 2.649670e+02
    endloop
  endfacet
  facet normal 0.000000e+00 -1.514278e-01 9.884683e-01
    outer loop
      vertex   -2.000000e+01 -3.947363e+01 2.649670e+02
      vertex   -1.200000e+01 -3.989364e+01 2.649027e+02
      vertex   -1.200000e+01 -3.947363e+01 2.649670e+02
    endloop
  endfacet
  facet normal 0.000000e+00 -3.473053e-01 9.377521e-01
    outer loop
      vertex   -2.000000e+01 -3.947363e+01 2.649670e+02
      vertex   -1.200000e+01 -3.947363e+01 2.649670e+02
      vertex   -2.000000e+01 -3.907517e+01 2.651146e+02
    endloop
  endfacet
  facet normal 0.000000e+00 -3.473053e-01 9.377521e-01
    outer loop
      vertex   -2.000000e+01 -3.907517e+01 2.651146e+02
      vertex   -1.200000e+01 -3.947363e+01 2.649670e+02
      vertex   -1.200000e+01 -3.907517e+01 2.651146e+02
    endloop
  endfacet
  facet normal 0.000000e+00 -5.289640e-01 8.486443e-01
    outer loop
      vertex   -2.000000e+01 -3.907517e+01 2.651146e+02
      vertex   -1.200000e+01 -3.907517e+01 2.651146e+02
      vertex   -2.000000e+01 -3.871458e+01 2.653394e+02
    endloop
  endfacet
  facet normal 0.000000e+00 -5.289640e-01 8.486443e-01
    outer loop
      vertex   -2.000000e+01 -3.871458e+01 2.653394e+02
      vertex   -1.200000e+01 -3.907517e+01 2.651146e+02
      vertex   -1.200000e+01 -3.871458e+01 2.653394e+02
    endloop
  endfacet
  facet normal 0.000000e+00 -6.889669e-01 7.247928e-01
    outer loop
      vertex   -2.000000e+01 -3.871458e+01 2.653394e+02
      vertex   -1.200000e+01 -3.871458e+01 2.653394e+02
      vertex   -2.000000e+01 -3.840661e+01 2.656321e+02
    endloop
  endfacet
  facet normal 0.000000e+00 -6.889669e-01 7.247928e-01
    outer loop
      vertex   -2.000000e+01 -3.840661e+01 2.656321e+02
      vertex   -1.200000e+01 -3.871458e+01 2.653394e+02
      vertex   -1.200000e+01 -3.840661e+01 2.656321e+02
    endloop
  endfacet
  facet normal 0.000000e+00 -8.207634e-01 5.712682e-01
    outer loop
      vertex   -2.000000e+01 -3.840661e+01 2.656321e+02
      vertex   -1.200000e+01 -3.840661e+01 2.656321e+02
      vertex   -2.000000e+01 -3.816387e+01 2.659809e+02
    endloop
  endfacet
  facet normal 0.000000e+00 -8.207634e-01 5.712682e-01
    outer loop
      vertex   -2.000000e+01 -3.816387e+01 2.659809e+02
      vertex   -1.200000e+01 -3.840661e+01 2.656321e+02
      vertex   -1.200000e+01 -3.816387e+01 2.659809e+02
    endloop
  endfacet
  facet normal 0.000000e+00 -9.189578e-01 3.943559e-01
    outer loop
      vertex   -2.000000e+01 -3.816387e+01 2.659809e+02
      vertex   -1.200000e+01 -3.816387e+01 2.659809e+02
      vertex   -2.000000e+01 -3.799631e+01 2.663713e+02
    endloop
  endfacet
  facet normal 0.000000e+00 -9.189578e-01 3.943559e-01
    outer loop
      vertex   -2.000000e+01 -3.799631e+01 2.663713e+02
      vertex   -1.200000e+01 -3.816387e+01 2.659809e+02
      vertex   -1.200000e+01 -3.799631e+01 2.663713e+02
    endloop
  endfacet
  facet normal 0.000000e+00 -9.795299e-01 2.012985e-01
    outer loop
      vertex   -2.000000e+01 -3.799631e+01 2.663713e+02
      vertex   -1.200000e+01 -3.799631e+01 2.663713e+02
      vertex   -2.000000e+01 -3.791078e+01 2.667876e+02
    endloop
  endfacet
  facet normal 0.000000e+00 -9.795299e-01 2.012985e-01
    outer loop
      vertex   -2.000000e+01 -3.791078e+01 2.667876e+02
      vertex   -1.200000e+01 -3.799631e+01 2.663713e+02
      vertex   -1.200000e+01 -3.791078e+01 2.667876e+02
    endloop
  endfacet
  facet normal 0.000000e+00 -1.000000e+00 0.000000e+00
    outer loop
      vertex   -2.000000e+01 -3.791078e+01 2.667876e+02
      vertex   -1.200000e+01 -3.791078e+01 2.667876e+02
      vertex   -2.000000e+01 -3.791078e+01 2.672125e+02
    endloop
  endfacet
  facet normal 0.000000e+00 -1.000000e+00 0.000000e+00
    outer loop
      vertex   -2.000000e+01 -3.791078e+01 2.672125e+02
      vertex   -1.200000e+01 -3.791078e+01 2.667876e+02
      vertex   -1.200000e+01 -3.791078e+01 2.672125e+02
    endloop
  endfacet
  facet normal 0.000000e+00 -9.795299e-01 -2.012985e-01
    outer loop
      vertex   -2.000000e+01 -3.791078e+01 2.672125e+02
      vertex   -1.200000e+01 -3.791078e+01 2.672125e+02
      vertex   -2.000000e+01 -3.799631e+01 2.676287e+02
    endloop
  endfacet
  facet normal 0.000000e+00 -9.795299e-01 -2.012985e-01
    outer loop
      vertex   -2.000000e+01 -3.799631e+01 2.676287e+02
      vertex   -1.200000e+01 -3.791078e+01 2.672125e+02
      vertex   -1.200000e+01 -3.799631e+01 2.676287e+02
    endloop
  endfacet
  facet normal 0.000000e+00 -9.189578e-01 -3.943559e-01
    outer loop
      vertex   -2.000000e+01 -3.799631e+01 2.676287e+02
      vertex   -1.200000e+01 -3.799631e+01 2.676287e+02
      vertex   -2.000000e+01 -3.816387e+01 2.680191e+02
    endloop
  endfacet
  facet normal 0.000000e+00 -9.189578e-01 -3.943559e-01
    outer loop
      vertex   -2.000000e+01 -3.816387e+01 2.680191e+02
      vertex   -1.200000e+01 -3.799631e+01 2.676287e+02
      vertex   -1.200000e+01 -3.816387e+01 2.680191e+02
    endloop
  endfacet
  facet normal 0.000000e+00 -8.207634e-01 -5.712682e-01
    outer loop
      vertex   -2.000000e+01 -3.816387e+01 2.680191e+02
      vertex   -1.200000e+01 -3.816387e+01 2.680191e+02
      vertex   -2.000000e+01 -3.840661e+01 2.683679e+02
    endloop
  endfacet
  facet normal 0.000000e+00 -8.207634e-01 -5.712682e-01
    outer loop
      vertex   -2.000000e+01 -3.840661e+01 2.683679e+02
      vertex   -1.200000e+01 -3.816387e+01 2.680191e+02
      vertex   -1.200000e+01 -3.840661e+01 2.683679e+02
    endloop
  endfacet
  facet normal 0.000000e+00 -6.889669e-01 -7.247928e-01
    outer loop
      vertex   -2.000000e+01 -3.840661e+01 2.683679e+02
      vertex   -1.200000e+01 -3.840661e+01 2.683679e+02
      vertex   -2.000000e+01 -3.871458e+01 2.686606e+02
    endloop
  endfacet
  facet normal 0.000000e+00 -6.889669e-01 -7.247928e-01
    outer loop
      vertex   -2.000000e+01 -3.871458e+01 2.686606e+02
      vertex   -1.200000e+01 -3.840661e+01 2.683679e+02
      vertex   -1.200000e+01 -3.871458e+01 2.686606e+02
    endloop
  endfacet
  facet normal 0.000000e+00 -5.289640e-01 -8.486443e-01
    outer loop
      vertex   -2.000000e+01 -3.871458e+01 2.686606e+02
      vertex   -1.200000e+01 -3.871458e+01 2.686606e+02
      vertex   -2.000000e+01 -3.907517e+01 2.688854e+02
    endloop
  endfacet
  facet normal 0.000000e+00 -5.289640e-01 -8.486443e-01
    outer loop
      vertex   -2.000000e+01 -3.907517e+01 2.688854e+02
      vertex   -1.200000e+01 -3.871458e+01 2.686606e+02
      vertex   -1.200000e+01 -3.907517e+01 2.688854e+02
    endloop
  endfacet
  facet normal 0.000000e+00 -3.473053e-01 -9.377521e-01
    outer loop
      vertex   -2.000000e+01 -3.907517e+01 2.688854e+02
      vertex   -1.200000e+01 -3.907517e+01 2.688854e+02
      vertex   -2.000000e+01 -3.947363e+01 2.690330e+02
    endloop
  endfacet
  facet normal 0.000000e+00 -3.473053e-01 -9.377521e-01
    outer loop
      vertex   -2.000000e+01 -3.947363e+01 2.690330e+02
      vertex   -1.200000e+01 -3.907517e+01 2.688854e+02
      vertex   -1.200000e+01 -3.947363e+01 2.690330e+02
    endloop
  endfacet
  facet normal 0.000000e+00 -1.514278e-01 -9.884683e-01
    outer loop
      vertex   -2.000000e+01 -3.947363e+01 2.690330e+02
      vertex   -1.200000e+01 -3.947363e+01 2.690330e+02
      vertex   -2.000000e+01 -3.989364e+01 2.690973e+02
    endloop
  endfacet
  facet normal 1.344949e-16 -1.514278e-01 -9.884683e-01
    outer loop
      vertex   -2.000000e+01 -3.989364e+01 2.690973e+02
      vertex   -1.200000e+01 -3.947363e+01 2.690330e+02
      vertex   -1.200000e+01 -3.989364e+01 2.690973e+02
    endloop
  endfacet
  facet normal -4.498550e-17 5.064917e-02 -9.987165e-01
    outer loop
      vertex   -2.000000e+01 -3.989364e+01 2.690973e+02
      vertex   -1.200000e+01 -3.989364e+01 2.690973e+02
      vertex   -2.000000e+01 -4.031800e+01 2.690758e+02
    endloop
  endfacet
  facet normal 0.000000e+00 5.064917e-02 -9.987165e-01
    outer loop
      vertex   -2.000000e+01 -4.031800e+01 2.690758e+02
      vertex   -1.200000e+01 -3.989364e+01 2.690973e+02
      vertex   -1.200000e+01 -4.031800e+01 2.690758e+02
    endloop
  endfacet
  facet normal 0.000000e+00 2.506525e-01 -9.680771e-01
    outer loop
      vertex   -2.000000e+01 -4.031800e+01 2.690758e+02
      vertex   -1.200000e+01 -4.031800e+01 2.690758e+02
      vertex   -2.000000e+01 -4.072934e+01 2.689693e+02
    endloop
  endfacet
  facet normal 0.000000e+00 2.506525e-01 -9.680771e-01
    outer loop
      vertex   -2.000000e+01 -4.072934e+01 2.689693e+02
      vertex   -1.200000e+01 -4.031800e+01 2.690758e+02
      vertex   -1.200000e+01 -4.072934e+01 2.689693e+02
    endloop
  endfacet
  facet normal 0.000000e+00 4.403942e-01 -8.978045e-01
    outer loop
      vertex   -2.000000e+01 -4.072934e+01 2.689693e+02
      vertex   -1.200000e+01 -4.072934e+01 2.689693e+02
      vertex   -2.000000e+01 -4.111083e+01 2.687822e+02
    endloop
  endfacet
  facet normal 0.000000e+00 4.403942e-01 -8.978045e-01
    outer loop
      vertex   -2.000000e+01 -4.111083e+01 2.687822e+02
      vertex   -1.200000e+01 -4.072934e+01 2.689693e+02
      vertex   -1.200000e+01 -4.111083e+01 2.687822e+02
    endloop
  endfacet
  facet normal 0.000000e+00 6.121060e-01 -7.907757e-01
    outer loop
      vertex   -2.000000e+01 -4.111083e+01 2.687822e+02
      vertex   -1.200000e+01 -4.111083e+01 2.687822e+02
      vertex   -2.000000e+01 -4.144683e+01 2.685221e+02
    endloop
  endfacet
  facet normal 0.000000e+00 6.121060e-01 -7.907757e-01
    outer loop
      vertex   -2.000000e+01 -4.144683e+01 2.685221e+02
      vertex   -1.200000e+01 -4.111083e+01 2.687822e+02
      vertex   -1.200000e+01 -4.144683e+01 2.685221e+02
    endloop
  endfacet
  facet normal 0.000000e+00 7.587581e-01 -6.513725e-01
    outer loop
      vertex   -2.000000e+01 -4.144683e+01 2.685221e+02
      vertex   -1.200000e+01 -4.144683e+01 2.685221e+02
      vertex   -2.000000e+01 -4.172360e+01 2.681997e+02
    endloop
  endfacet
  facet normal 0.000000e+00 7.587581e-01 -6.513725e-01
    outer loop
      vertex   -2.000000e+01 -4.172360e+01 2.681997e+02
      vertex   -1.200000e+01 -4.144683e+01 2.685221e+02
      vertex   -1.200000e+01 -4.172360e+01 2.681997e+02
    endloop
  endfacet
  facet normal 0.000000e+00 8.743466e-01 -4.853020e-01
    outer loop
      vertex   -2.000000e+01 -4.172360e+01 2.681997e+02
      vertex   -1.200000e+01 -4.172360e+01 2.681997e+02
      vertex   -2.000000e+01 -4.192981e+01 2.678282e+02
    endloop
  endfacet
  facet normal 0.000000e+00 8.743466e-01 -4.853020e-01
    outer loop
      vertex   -2.000000e+01 -4.192981e+01 2.678282e+02
      vertex   -1.200000e+01 -4.172360e+01 2.681997e+02
      vertex   -1.200000e+01 -4.192981e+01 2.678282e+02
    endloop
  endfacet
  facet normal 0.000000e+00 9.541393e-01 -2.993631e-01
    outer loop
      vertex   -2.000000e+01 -4.192981e+01 2.678282e+02
      vertex   -1.200000e+01 -4.192981e+01 2.678282e+02
      vertex   -2.000000e+01 -4.205701e+01 2.674227e+02
    endloop
  endfacet
  facet normal 0.000000e+00 9.541393e-01 -2.993631e-01
    outer loop
      vertex   -2.000000e+01 -4.205701e+01 2.674227e+02
      vertex   -1.200000e+01 -4.192981e+01 2.678282e+02
      vertex   -1.200000e+01 -4.205701e+01 2.674227e+02
    endloop
  endfacet
  facet normal 0.000000e+00 9.948693e-01 -1.011683e-01
    outer loop
      vertex   1.200000e+01 -4.205701e+01 2.674227e+02
      vertex   2.000000e+01 -4.205701e+01 2.674227e+02
      vertex   1.200000e+01 -4.210000e+01 2.670000e+02
    endloop
  endfacet
  facet normal 0.000000e+00 9.948693e-01 -1.011683e-01
    outer loop
      vertex   1.200000e+01 -4.210000e+01 2.670000e+02
      vertex   2.000000e+01 -4.205701e+01 2.674227e+02
      vertex   2.000000e+01 -4.210000e+01 2.670000e+02
    endloop
  endfacet
  facet normal -0.000000e+00 9.948693e-01 1.011683e-01
    outer loop
      vertex   1.200000e+01 -4.210000e+01 2.670000e+02
      vertex   2.000000e+01 -4.210000e+01 2.670000e+02
      vertex   1.200000e+01 -4.205701e+01 2.665773e+02
    endloop
  endfacet
  facet normal -0.000000e+00 9.948693e-01 1.011683e-01
    outer loop
      vertex   1.200000e+01 -4.205701e+01 2.665773e+02
      vertex   2.000000e+01 -4.210000e+01 2.670000e+02
      vertex   2.000000e+01 -4.205701e+01 2.665773e+02
    endloop
  endfacet
  facet normal -0.000000e+00 9.541393e-01 2.993631e-01
    outer loop
      vertex   1.200000e+01 -4.205701e+01 2.665773e+02
      vertex   2.000000e+01 -4.205701e+01 2.665773e+02
      vertex   1.200000e+01 -4.192981e+01 2.661719e+02
    endloop
  endfacet
  facet normal -0.000000e+00 9.541393e-01 2.993631e-01
    outer loop
      vertex   1.200000e+01 -4.192981e+01 2.661719e+02
      vertex   2.000000e+01 -4.205701e+01 2.665773e+02
      vertex   2.000000e+01 -4.192981e+01 2.661719e+02
    endloop
  endfacet
  facet normal -0.000000e+00 8.743466e-01 4.853020e-01
    outer loop
      vertex   1.200000e+01 -4.192981e+01 2.661719e+02
      vertex   2.000000e+01 -4.192981e+01 2.661719e+02
      vertex   1.200000e+01 -4.172360e+01 2.658003e+02
    endloop
  endfacet
  facet normal -0.000000e+00 8.743466e-01 4.853020e-01
    outer loop
      vertex   1.200000e+01 -4.172360e+01 2.658003e+02
      vertex   2.000000e+01 -4.192981e+01 2.661719e+02
      vertex   2.000000e+01 -4.172360e+01 2.658003e+02
    endloop
  endfacet
  facet normal -0.000000e+00 7.587581e-01 6.513725e-01
    outer loop
      vertex   1.200000e+01 -4.172360e+01 2.658003e+02
      vertex   2.000000e+01 -4.172360e+01 2.658003e+02
      vertex   1.200000e+01 -4.144683e+01 2.654779e+02
    endloop
  endfacet
  facet normal -0.000000e+00 7.587581e-01 6.513725e-01
    outer loop
      vertex   1.200000e+01 -4.144683e+01 2.654779e+02
      vertex   2.000000e+01 -4.172360e+01 2.658003e+02
      vertex   2.000000e+01 -4.144683e+01 2.654779e+02
    endloop
  endfacet
  facet normal -0.000000e+00 6.121060e-01 7.907757e-01
    outer loop
      vertex   1.200000e+01 -4.144683e+01 2.654779e+02
      vertex   2.000000e+01 -4.144683e+01 2.654779e+02
      vertex   1.200000e+01 -4.111083e+01 2.652179e+02
    endloop
  endfacet
  facet normal -0.000000e+00 6.121060e-01 7.907757e-01
    outer loop
      vertex   1.200000e+01 -4.111083e+01 2.652179e+02
      vertex   2.000000e+01 -4.144683e+01 2.654779e+02
      vertex   2.000000e+01 -4.111083e+01 2.652179e+02
    endloop
  endfacet
  facet normal -0.000000e+00 4.403942e-01 8.978045e-01
    outer loop
      vertex   1.200000e+01 -4.111083e+01 2.652179e+02
      vertex   2.000000e+01 -4.111083e+01 2.652179e+02
      vertex   1.200000e+01 -4.072934e+01 2.650307e+02
    endloop
  endfacet
  facet normal -0.000000e+00 4.403942e-01 8.978045e-01
    outer loop
      vertex   1.200000e+01 -4.072934e+01 2.650307e+02
      vertex   2.000000e+01 -4.111083e+01 2.652179e+02
      vertex   2.000000e+01 -4.072934e+01 2.650307e+02
    endloop
  endfacet
  facet normal -0.000000e+00 2.506525e-01 9.680771e-01
    outer loop
      vertex   1.200000e+01 -4.072934e+01 2.650307e+02
      vertex   2.000000e+01 -4.072934e+01 2.650307e+02
      vertex   1.200000e+01 -4.031800e+01 2.649242e+02
    endloop
  endfacet
  facet normal -0.000000e+00 2.506525e-01 9.680771e-01
    outer loop
      vertex   1.200000e+01 -4.031800e+01 2.649242e+02
      vertex   2.000000e+01 -4.072934e+01 2.650307e+02
      vertex   2.000000e+01 -4.031800e+01 2.649242e+02
    endloop
  endfacet
  facet normal -0.000000e+00 5.064917e-02 9.987165e-01
    outer loop
      vertex   1.200000e+01 -4.031800e+01 2.649242e+02
      vertex   2.000000e+01 -4.031800e+01 2.649242e+02
      vertex   1.200000e+01 -3.989364e+01 2.649027e+02
    endloop
  endfacet
  facet normal 4.498550e-17 5.064917e-02 9.987165e-01
    outer loop
      vertex   1.200000e+01 -3.989364e+01 2.649027e+02
      vertex   2.000000e+01 -4.031800e+01 2.649242e+02
      vertex   2.000000e+01 -3.989364e+01 2.649027e+02
    endloop
  endfacet
  facet normal -1.344949e-16 -1.514278e-01 9.884683e-01
    outer loop
      vertex   1.200000e+01 -3.989364e+01 2.649027e+02
      vertex   2.000000e+01 -3.989364e+01 2.649027e+02
      vertex   1.200000e+01 -3.947363e+01 2.649670e+02
    endloop
  endfacet
  facet normal 0.000000e+00 -1.514278e-01 9.884683e-01
    outer loop
      vertex   1.200000e+01 -3.947363e+01 2.649670e+02
      vertex   2.000000e+01 -3.989364e+01 2.649027e+02
      vertex   2.000000e+01 -3.947363e+01 2.649670e+02
    endloop
  endfacet
  facet normal 0.000000e+00 -3.473053e-01 9.377521e-01
    outer loop
      vertex   1.200000e+01 -3.947363e+01 2.649670e+02
      vertex   2.000000e+01 -3.947363e+01 2.649670e+02
      vertex   1.200000e+01 -3.907517e+01 2.651146e+02
    endloop
  endfacet
  facet normal 0.000000e+00 -3.473053e-01 9.377521e-01
    outer loop
      vertex   1.200000e+01 -3.907517e+01 2.651146e+02
      vertex   2.000000e+01 -3.947363e+01 2.649670e+02
      vertex   2.000000e+01 -3.907517e+01 2.651146e+02
    endloop
  endfacet
  facet normal 0.000000e+00 -5.289640e-01 8.486443e-01
    outer loop
      vertex   1.200000e+01 -3.907517e+01 2.651146e+02
      vertex   2.000000e+01 -3.907517e+01 2.651146e+02
      vertex   1.200000e+01 -3.871458e+01 2.653394e+02
    endloop
  endfacet
  facet normal 0.000000e+00 -5.289640e-01 8.486443e-01
    outer loop
      vertex   1.200000e+01 -3.871458e+01 2.653394e+02
      vertex   2.000000e+01 -3.907517e+01 2.651146e+02
      vertex   2.000000e+01 -3.871458e+01 2.653394e+02
    endloop
  endfacet
  facet normal 0.000000e+00 -6.889669e-01 7.247928e-01
    outer loop
      vertex   1.200000e+01 -3.871458e+01 2.653394e+02
      vertex   2.000000e+01 -3.871458e+01 2.653394e+02
      vertex   1.200000e+01 -3.840661e+01 2.656321e+02
    endloop
  endfacet
  facet normal 0.000000e+00 -6.889669e-01 7.247928e-01
    outer loop
      vertex   1.200000e+01 -3.840661e+01 2.656321e+02
      vertex   2.000000e+01 -3.871458e+01 2.653394e+02
      vertex   2.000000e+01 -3.840661e+01 2.656321e+02
    endloop
  endfacet
  facet normal 0.000000e+00 -8.207634e-01 5.712682e-01
    outer loop
      vertex   1.200000e+01 -3.840661e+01 2.656321e+02
      vertex   2.000000e+01 -3.840661e+01 2.656321e+02
      vertex   1.200000e+01 -3.816387e+01 2.659809e+02
    endloop
  endfacet
  facet normal 0.000000e+00 -8.207634e-01 5.712682e-01
    outer loop
      vertex   1.200000e+01 -3.816387e+01 2.659809e+02
      vertex   2.000000e+01 -3.840661e+01 2.656321e+02
      vertex   2.000000e+01 -3.816387e+01 2.659809e+02
    endloop
  endfacet
  facet normal 0.000000e+00 -9.189578e-01 3.943559e-01
    outer loop
      vertex   1.200000e+01 -3.816387e+01 2.659809e+02
      vertex   2.000000e+01 -3.816387e+01 2.659809e+02
      vertex   1.200000e+01 -3.799631e+01 2.663713e+02
    endloop
  endfacet
  facet normal 0.000000e+00 -9.189578e-01 3.943559e-01
    outer loop
      vertex   1.200000e+01 -3.799631e+01 2.663713e+02
      vertex   2.000000e+01 -3.816387e+01 2.659809e+02
      vertex   2.000000e+01 -3.799631e+01 2.663713e+02
    endloop
  endfacet
  facet normal 0.000000e+00 -9.795299e-01 2.012985e-01
    outer loop
      vertex   1.200000e+01 -3.799631e+01 2.663713e+02
      vertex   2.000000e+01 -3.799631e+01 2.663713e+02
      vertex   1.200000e+01 -3.791078e+01 2.667876e+02
    endloop
  endfacet
  facet normal 0.000000e+00 -9.795299e-01 2.012985e-01
    outer loop
      vertex   1.200000e+01 -3.791078e+01 2.667876e+02
      vertex   2.000000e+01 -3.799631e+01 2.663713e+02
      vertex   2.000000e+01 -3.791078e+01 2.667876e+02
    endloop
  endfacet
  facet normal 0.000000e+00 -1.000000e+00 0.000000e+00
    outer loop
      vertex   1.200000e+01 -3.791078e+01 2.667876e+02
      vertex   2.000000e+01 -3.791078e+01 2.667876e+02
      vertex   1.200000e+01 -3.791078e+01 2.672125e+02
    endloop
  endfacet
  facet normal 0.000000e+00 -1.000000e+00 0.000000e+00
    outer loop
      vertex   1.200000e+01 -3.791078e+01 2.672125e+02
      vertex   2.000000e+01 -3.791078e+01 2.667876e+02
      vertex   2.000000e+01 -3.791078e+01 2.672125e+02
    endloop
  endfacet
  facet normal 0.000000e+00 -9.795299e-01 -2.012985e-01
    outer loop
      vertex   1.200000e+01 -3.791078e+01 2.672125e+02
      vertex   2.000000e+01 -3.791078e+01 2.672125e+02
      vertex   1.200000e+01 -3.799631e+01 2.676287e+02
    endloop
  endfacet
  facet normal 0.000000e+00 -9.795299e-01 -2.012985e-01
    outer loop
      vertex   1.200000e+01 -3.799631e+01 2.676287e+02
      vertex   2.000000e+01 -3.791078e+01 2.672125e+02
      vertex   2.000000e+01 -3.799631e+01 2.676287e+02
    endloop
  endfacet
  facet normal 0.000000e+00 -9.189578e-01 -3.943559e-01
    outer loop
      vertex   1.200000e+01 -3.799631e+01 2.676287e+02
      vertex   2.000000e+01 -3.799631e+01 2.676287e+02
      vertex   1.200000e+01 -3.816387e+01 2.680191e+02
    endloop
  endfacet
  facet normal 0.000000e+00 -9.189578e-01 -3.943559e-01
    outer loop
      vertex   1.200000e+01 -3.816387e+01 2.680191e+02
      vertex   2.000000e+01 -3.799631e+01 2.676287e+02
      vertex   2.000000e+01 -3.816387e+01 2.680191e+02
    endloop
  endfacet
  facet normal 0.000000e+00 -8.207634e-01 -5.712682e-01
    outer loop
      vertex   1.200000e+01 -3.816387e+01 2.680191e+02
      vertex   2.000000e+01 -3.816387e+01 2.680191e+02
      vertex   1.200000e+01 -3.840661e+01 2.683679e+02
    endloop
  endfacet
  facet normal 0.000000e+00 -8.207634e-01 -5.712682e-01
    outer loop
      vertex   1.200000e+01 -3.840661e+01 2.683679e+02
      vertex   2.000000e+01 -3.816387e+01 2.680191e+02
      vertex   2.000000e+01 -3.840661e+01 2.683679e+02
    endloop
  endfacet
  facet normal 0.000000e+00 -6.889669e-01 -7.247928e-01
    outer loop
      vertex   1.200000e+01 -3.840661e+01 2.683679e+02
      vertex   2.000000e+01 -3.840661e+01 2.683679e+02
      vertex   1.200000e+01 -3.871458e+01 2.686606e+02
    endloop
  endfacet
  facet normal 0.000000e+00 -6.889669e-01 -7.247928e-01
    outer loop
      vertex   1.200000e+01 -3.871458e+01 2.686606e+02
      vertex   2.000000e+01 -3.840661e+01 2.683679e+02
      vertex   2.000000e+01 -3.871458e+01 2.686606e+02
    endloop
  endfacet
  facet normal 0.000000e+00 -5.289640e-01 -8.486443e-01
    outer loop
      vertex   1.200000e+01 -3.871458e+01 2.686606e+02
      vertex   2.000000e+01 -3.871458e+01 2.686606e+02
      vertex   1.200000e+01 -3.907517e+01 2.688854e+02
    endloop
  endfacet
  facet normal 0.000000e+00 -5.289640e-01 -8.486443e-01
    outer loop
      vertex   1.200000e+01 -3.907517e+01 2.688854e+02
      vertex   2.000000e+01 -3.871458e+01 2.686606e+02
      vertex   2.000000e+01 -3.907517e+01 2.688854e+02
    endloop
  endfacet
  facet normal 0.000000e+00 -3.473053e-01 -9.377521e-01
    outer loop
      vertex   1.200000e+01 -3.907517e+01 2.688854e+02
      vertex   2.000000e+01 -3.907517e+01 2.688854e+02
      vertex   1.200000e+01 -3.947363e+01 2.690330e+02
    endloop
  endfacet
  facet normal 0.000000e+00 -3.473053e-01 -9.377521e-01
    outer loop
      vertex   1.200000e+01 -3.947363e+01 2.690330e+02
      vertex   2.000000e+01 -3.907517e+01 2.688854e+02
      vertex   2.000000e+01 -3.947363e+01 2.690330e+02
    endloop
  endfacet
  facet normal 0.000000e+00 -1.514278e-01 -9.884683e-01
    outer loop
      vertex   1.200000e+01 -3.947363e+01 2.690330e+02
      vertex   2.000000e+01 -3.947363e+01 2.690330e+02
      vertex   1.200000e+01 -3.989364e+01 2.690973e+02
    endloop
  endfacet
  facet normal 1.344949e-16 -1.514278e-01 -9.884683e-01
    outer loop
      vertex   1.200000e+01 -3.989364e+01 2.690973e+02
      vertex   2.000000e+01 -3.947363e+01 2.690330e+02
      vertex   2.000000e+01 -3.989364e+01 2.690973e+02
    endloop
  endfacet
  facet normal -4.498550e-17 5.064917e-02 -9.987165e-01
    outer loop
      vertex   1.200000e+01 -3.989364e+01 2.690973e+02
      vertex   2.000000e+01 -3.989364e+01 2.690973e+02
      vertex   1.200000e+01 -4.031800e+01 2.690758e+02
    endloop
  endfacet
  facet normal 0.000000e+00 5.064917e-02 -9.987165e-01
    outer loop
      vertex   1.200000e+01 -4.031800e+01 2.690758e+02
      vertex   2.000000e+01 -3.989364e+01 2.690973e+02
      vertex   2.000000e+01 -4.031800e+01 2.690758e+02
    endloop
  endfacet
  facet normal 0.000000e+00 2.506525e-01 -9.680771e-01
    outer loop
      vertex   1.200000e+01 -4.031800e+01 2.690758e+02
      vertex   2.000000e+01 -4.031800e+01 2.690758e+02
      vertex   1.200000e+01 -4.072934e+01 2.689693e+02
    endloop
  endfacet
  facet normal 0.000000e+00 2.506525e-01 -9.680771e-01
    outer loop
      vertex   1.200000e+01 -4.072934e+01 2.689693e+02
      vertex   2.000000e+01 -4.031800e+01 2.690758e+02
      vertex   2.000000e+01 -4.072934e+01 2.689693e+02
    endloop
  endfacet
  facet normal 0.000000e+00 4.403942e-01 -8.978045e-01
    outer loop
      vertex   1.200000e+01 -4.072934e+01 2.689693e+02
      vertex   2.000000e+01 -4.072934e+01 2.689693e+02
      vertex   1.200000e+01 -4.111083e+01 2.687822e+02
    endloop
  endfacet
  facet normal 0.000000e+00 4.403942e-01 -8.978045e-01
    outer loop
      vertex   1.200000e+01 -4.111083e+01 2.687822e+02
      vertex   2.000000e+01 -4.072934e+01 2.689693e+02
      vertex   2.000000e+01 -4.111083e+01 2.687822e+02
    endloop
  endfacet
  facet normal 0.000000e+00 6.121060e-01 -7.907757e-01
    outer loop
      vertex   1.200000e+01 -4.111083e+01 2.687822e+02
      vertex   2.000000e+01 -4.111083e+01 2.687822e+02
      vertex   1.200000e+01 -4.144683e+01 2.685221e+02
    endloop
  endfacet
  facet normal 0.000000e+00 6.121060e-01 -7.907757e-01
    outer loop
      vertex   1.200000e+01 -4.144683e+01 2.685221e+02
      vertex   2.000000e+01 -4.111083e+01 2.687822e+02
      vertex   2.000000e+01 -4.144683e+01 2.685221e+02
    endloop
  endfacet
  facet normal 0.000000e+00 7.587581e-01 -6.513725e-01
    outer loop
      vertex   1.200000e+01 -4.144683e+01 2.685221e+02
      vertex   2.000000e+01 -4.144683e+01 2.685221e+02
      vertex   1.200000e+01 -4.172360e+01 2.681997e+02
    endloop
  endfacet
  facet normal 0.000000e+00 7.587581e-01 -6.513725e-01
    outer loop
      vertex   1.200000e+01 -4.172360e+01 2.681997e+02
      vertex   2.000000e+01 -4.144683e+01 2.685221e+02
      vertex   2.000000e+01 -4.172360e+01 2.681997e+02
    endloop
  endfacet
  facet normal 0.000000e+00 8.743466e-01 -4.853020e-01
    outer loop
      vertex   1.200000e+01 -4.172360e+01 2.681997e+02
      vertex   2.000000e+01 -4.172360e+01 2.681997e+02
      vertex   1.200000e+01 -4.192981e+01 2.678282e+02
    endloop
  endfacet
  facet normal 0.000000e+00 8.743466e-01 -4.853020e-01
    outer loop
      vertex   1.200000e+01 -4.192981e+01 2.678282e+02
      vertex   2.000000e+01 -4.172360e+01 2.681997e+02
      vertex   2.000000e+01 -4.192981e+01 2.678282e+02
    endloop
  endfacet
  facet normal 0.000000e+00 9.541393e-01 -2.993631e-01
    outer loop
      vertex   1.200000e+01 -4.192981e+01 2.678282e+02
      vertex   2.000000e+01 -4.192981e+01 2.678282e+02
      vertex   1.200000e+01 -4.205701e+01 2.674227e+02
    endloop
  endfacet
  facet normal 0.000000e+00 9.541393e-01 -2.993631e-01
    outer loop
      vertex   1.200000e+01 -4.205701e+01 2.674227e+02
      vertex   2.000000e+01 -4.192981e+01 2.678282e+02
      vertex   2.000000e+01 -4.205701e+01 2.674227e+02
    endloop
  endfacet
  facet normal 0.000000e+00 -9.996573e-01 2.617695e-02
    outer loop
      vertex   1.200000e+01 -7.300000e+01 2.679766e+02
      vertex   2.000000e+01 -7.300000e+01 2.679766e+02
      vertex   1.200000e+01 -7.295752e+01 2.695990e+02
    endloop
  endfacet
  facet normal 0.000000e+00 -9.996573e-01 2.617695e-02
    outer loop
      vertex   1.200000e+01 -7.295752e+01 2.695990e+02
      vertex   2.000000e+01 -7.300000e+01 2.679766e+02
      vertex   2.000000e+01 -7.295752e+01 2.695990e+02
    endloop
  endfacet
  facet normal 0.000000e+00 -9.969173e-01 7.845910e-02
    outer loop
      vertex   1.200000e+01 -7.295752e+01 2.695990e+02
      vertex   2.000000e+01 -7.295752e+01 2.695990e+02
      vertex   1.200000e+01 -7.283018e+01 2.712170e+02
    endloop
  endfacet
  facet normal 0.000000e+00 -9.969173e-01 7.845910e-02
    outer loop
      vertex   1.200000e+01 -7.283018e+01 2.712170e+02
      vertex   2.000000e+01 -7.295752e+01 2.695990e+02
      vertex   2.000000e+01 -7.283018e+01 2.712170e+02
    endloop
  endfacet
  facet normal 0.000000e+00 -9.914449e-01 1.305262e-01
    outer loop
      vertex   1.200000e+01 -7.283018e+01 2.712170e+02
      vertex   2.000000e+01 -7.283018e+01 2.712170e+02
      vertex   1.200000e+01 -7.261834e+01 2.728261e+02
    endloop
  endfacet
  facet normal 0.000000e+00 -9.914449e-01 1.305262e-01
    outer loop
      vertex   1.200000e+01 -7.261834e+01 2.728261e+02
      vertex   2.000000e+01 -7.283018e+01 2.712170e+02
      vertex   2.000000e+01 -7.261834e+01 2.728261e+02
    endloop
  endfacet
  facet normal 0.000000e+00 -9.832549e-01 1.822355e-01
    outer loop
      vertex   1.200000e+01 -7.261834e+01 2.728261e+02
      vertex   2.000000e+01 -7.261834e+01 2.728261e+02
      vertex   1.200000e+01 -7.232258e+01 2.744219e+02
    endloop
  endfacet
  facet normal -1.746612e-15 -9.832549e-01 1.822355e-01
    outer loop
      vertex   1.200000e+01 -7.232258e+01 2.744219e+02
      vertex   2.000000e+01 -7.261834e+01 2.728261e+02
      vertex   2.000000e+01 -7.232258e+01 2.744219e+02
    endloop
  endfacet
  facet normal -1.727276e-15 -9.723699e-01 2.334454e-01
    outer loop
      vertex   1.200000e+01 -7.232258e+01 2.744219e+02
      vertex   2.000000e+01 -7.232258e+01 2.744219e+02
      vertex   1.200000e+01 -7.194370e+01 2.760000e+02
    endloop
  endfacet
  facet normal -1.727276e-15 -9.723699e-01 2.334454e-01
    outer loop
      vertex   1.200000e+01 -7.194370e+01 2.760000e+02
      vertex   2.000000e+01 -7.232258e+01 2.744219e+02
      vertex   2.000000e+01 -7.194370e+01 2.760000e+02
    endloop
  endfacet
  facet normal -1.703206e-15 -9.588197e-01 2.840153e-01
    outer loop
      vertex   1.200000e+01 -7.194370e+01 2.760000e+02
      vertex   2.000000e+01 -7.194370e+01 2.760000e+02
      vertex   1.200000e+01 -7.148275e+01 2.775561e+02
    endloop
  endfacet
  facet normal -1.703206e-15 -9.588197e-01 2.840153e-01
    outer loop
      vertex   1.200000e+01 -7.148275e+01 2.775561e+02
      vertex   2.000000e+01 -7.194370e+01 2.760000e+02
      vertex   2.000000e+01 -7.148275e+01 2.775561e+02
    endloop
  endfacet
  facet normal -1.674468e-15 -9.426415e-01 3.338069e-01
    outer loop
      vertex   1.200000e+01 -7.148275e+01 2.775561e+02
      vertex   2.000000e+01 -7.148275e+01 2.775561e+02
      vertex   1.200000e+01 -7.094099e+01 2.790860e+02
    endloop
  endfacet
  facet normal 0.000000e+00 -9.426415e-01 3.338069e-01
    outer loop
      vertex   1.200000e+01 -7.094099e+01 2.790860e+02
      vertex   2.000000e+01 -7.148275e+01 2.775561e+02
      vertex   2.000000e+01 -7.094099e+01 2.790860e+02
    endloop
  endfacet
  facet normal 0.000000e+00 -9.238795e-01 3.826834e-01
    outer loop
      vertex   1.200000e+01 -7.094099e+01 2.790860e+02
      vertex   2.000000e+01 -7.094099e+01 2.790860e+02
      vertex   1.200000e+01 -7.031991e+01 2.805854e+02
    endloop
  endfacet
  facet normal 1.077990e-15 -9.238795e-01 3.826834e-01
    outer loop
      vertex   1.200000e+01 -7.031991e+01 2.805854e+02
      vertex   2.000000e+01 -7.094099e+01 2.790860e+02
      vertex   2.000000e+01 -7.031991e+01 2.805854e+02
    endloop
  endfacet
  facet normal 1.455652e-15 -9.025853e-01 4.305111e-01
    outer loop
      vertex   1.200000e+01 -7.031991e+01 2.805854e+02
      vertex   2.000000e+01 -7.031991e+01 2.805854e+02
      vertex   1.200000e+01 -6.962120e+01 2.820503e+02
    endloop
  endfacet
  facet normal -1.603314e-15 -9.025853e-01 4.305111e-01
    outer loop
      vertex   1.200000e+01 -6.962120e+01 2.820503e+02
      vertex   2.000000e+01 -7.031991e+01 2.805854e+02
      vertex   2.000000e+01 -6.962120e+01 2.820503e+02
    endloop
  endfacet
  facet normal -1.561093e-15 -8.788171e-01 4.771588e-01
    outer loop
      vertex   1.200000e+01 -6.962120e+01 2.820503e+02
      vertex   2.000000e+01 -6.962120e+01 2.820503e+02
      vertex   1.200000e+01 -6.884679e+01 2.834766e+02
    endloop
  endfacet
  facet normal 0.000000e+00 -8.788171e-01 4.771588e-01
    outer loop
      vertex   1.200000e+01 -6.884679e+01 2.834766e+02
      vertex   2.000000e+01 -6.962120e+01 2.820503e+02
      vertex   2.000000e+01 -6.884679e+01 2.834766e+02
    endloop
  endfacet
  facet normal 0.000000e+00 -8.526402e-01 5.224986e-01
    outer loop
      vertex   1.200000e+01 -6.884679e+01 2.834766e+02
      vertex   2.000000e+01 -6.884679e+01 2.834766e+02
      vertex   1.200000e+01 -6.799879e+01 2.848604e+02
    endloop
  endfacet
  facet normal 3.712576e-15 -8.526402e-01 5.224986e-01
    outer loop
      vertex   1.200000e+01 -6.799879e+01 2.848604e+02
      vertex   2.000000e+01 -6.884679e+01 2.834766e+02
      vertex   2.000000e+01 -6.799879e+01 2.848604e+02
    endloop
  endfacet
  facet normal 4.024558e-15 -8.241262e-01 5.664062e-01
    outer loop
      vertex   1.200000e+01 -6.799879e+01 2.848604e+02
      vertex   2.000000e+01 -6.799879e+01 2.848604e+02
      vertex   1.200000e+01 -6.707953e+01 2.861979e+02
    endloop
  endfacet
  facet normal -1.463942e-15 -8.241262e-01 5.664062e-01
    outer loop
      vertex   1.200000e+01 -6.707953e+01 2.861979e+02
      vertex   2.000000e+01 -6.799879e+01 2.848604e+02
      vertex   2.000000e+01 -6.707953e+01 2.861979e+02
    endloop
  endfacet
  facet normal -1.409279e-15 -7.933533e-01 6.087614e-01
    outer loop
      vertex   1.200000e+01 -6.707953e+01 2.861979e+02
      vertex   2.000000e+01 -6.707953e+01 2.861979e+02
      vertex   1.200000e+01 -6.609153e+01 2.874855e+02
    endloop
  endfacet
  facet normal 0.000000e+00 -7.933533e-01 6.087614e-01
    outer loop
      vertex   1.200000e+01 -6.609153e+01 2.874855e+02
      vertex   2.000000e+01 -6.707953e+01 2.861979e+02
      vertex   2.000000e+01 -6.609153e+01 2.874855e+02
    endloop
  endfacet
  facet normal 0.000000e+00 -7.604060e-01 6.494480e-01
    outer loop
      vertex   1.200000e+01 -6.609153e+01 2.874855e+02
      vertex   2.000000e+01 -6.609153e+01 2.874855e+02
      vertex   1.200000e+01 -6.503749e+01 2.887196e+02
    endloop
  endfacet
  facet normal -1.350752e-15 -7.604060e-01 6.494480e-01
    outer loop
      vertex   1.200000e+01 -6.503749e+01 2.887196e+02
      vertex   2.000000e+01 -6.609153e+01 2.874855e+02
      vertex   2.000000e+01 -6.503749e+01 2.887196e+02
    endloop
  endfacet
  facet normal -1.288524e-15 -7.253744e-01 6.883546e-01
    outer loop
      vertex   1.200000e+01 -6.503749e+01 2.887196e+02
      vertex   2.000000e+01 -6.503749e+01 2.887196e+02
      vertex   1.200000e+01 -6.392031e+01 2.898969e+02
    endloop
  endfacet
  facet normal -1.288524e-15 -7.253744e-01 6.883546e-01
    outer loop
      vertex   1.200000e+01 -6.392031e+01 2.898969e+02
      vertex   2.000000e+01 -6.503749e+01 2.887196e+02
      vertex   2.000000e+01 -6.392031e+01 2.898969e+02
    endloop
  endfacet
  facet normal -1.222763e-15 -6.883546e-01 7.253744e-01
    outer loop
      vertex   1.200000e+01 -6.392031e+01 2.898969e+02
      vertex   2.000000e+01 -6.392031e+01 2.898969e+02
      vertex   1.200000e+01 -6.274305e+01 2.910141e+02
    endloop
  endfacet
  facet normal 3.931331e-15 -6.883546e-01 7.253744e-01
    outer loop
      vertex   1.200000e+01 -6.274305e+01 2.910141e+02
      vertex   2.000000e+01 -6.392031e+01 2.898969e+02
      vertex   2.000000e+01 -6.274305e+01 2.910141e+02
    endloop
  endfacet
  facet normal 4.249358e-15 -6.494480e-01 7.604060e-01
    outer loop
      vertex   1.200000e+01 -6.274305e+01 2.910141e+02
      vertex   2.000000e+01 -6.274305e+01 2.910141e+02
      vertex   1.200000e+01 -6.150893e+01 2.920681e+02
    endloop
  endfacet
  facet normal -1.153651e-15 -6.494480e-01 7.604060e-01
    outer loop
      vertex   1.200000e+01 -6.150893e+01 2.920681e+02
      vertex   2.000000e+01 -6.274305e+01 2.910141e+02
      vertex   2.000000e+01 -6.150893e+01 2.920681e+02
    endloop
  endfacet
  facet normal -1.081378e-15 -6.087614e-01 7.933533e-01
    outer loop
      vertex   1.200000e+01 -6.150893e+01 2.920681e+02
      vertex   2.000000e+01 -6.150893e+01 2.920681e+02
      vertex   1.200000e+01 -6.022134e+01 2.930561e+02
    endloop
  endfacet
  facet normal 5.096426e-15 -6.087614e-01 7.933533e-01
    outer loop
      vertex   1.200000e+01 -6.022134e+01 2.930561e+02
      vertex   2.000000e+01 -6.150893e+01 2.920681e+02
      vertex   2.000000e+01 -6.022134e+01 2.930561e+02
    endloop
  endfacet
  facet normal 5.352699e-15 -5.664062e-01 8.241262e-01
    outer loop
      vertex   1.200000e+01 -6.022134e+01 2.930561e+02
      vertex   2.000000e+01 -6.022134e+01 2.930561e+02
      vertex   1.200000e+01 -5.888381e+01 2.939754e+02
    endloop
  endfacet
  facet normal 4.849629e-15 -5.664062e-01 8.241262e-01
    outer loop
      vertex   1.200000e+01 -5.888381e+01 2.939754e+02
      vertex   2.000000e+01 -6.022134e+01 2.930561e+02
      vertex   2.000000e+01 -5.888381e+01 2.939754e+02
    endloop
  endfacet
  facet normal 5.130229e-15 -5.224986e-01 8.526402e-01
    outer loop
      vertex   1.200000e+01 -5.888381e+01 2.939754e+02
      vertex   2.000000e+01 -5.888381e+01 2.939754e+02
      vertex   1.200000e+01 -5.750000e+01 2.948234e+02
    endloop
  endfacet
  facet normal -1.392216e-15 -5.224986e-01 8.526402e-01
    outer loop
      vertex   1.200000e+01 -5.750000e+01 2.948234e+02
      vertex   2.000000e+01 -5.888381e+01 2.939754e+02
      vertex   2.000000e+01 -5.750000e+01 2.948234e+02
    endloop
  endfacet
  facet normal -1.271406e-15 -4.771588e-01 8.788171e-01
    outer loop
      vertex   1.200000e+01 -5.750000e+01 2.948234e+02
      vertex   2.000000e+01 -5.750000e+01 2.948234e+02
      vertex   1.200000e+01 -5.607371e+01 2.955978e+02
    endloop
  endfacet
  facet normal 4.972965e-15 -4.771588e-01 8.788171e-01
    outer loop
      vertex   1.200000e+01 -5.607371e+01 2.955978e+02
      vertex   2.000000e+01 -5.750000e+01 2.948234e+02
      vertex   2.000000e+01 -5.607371e+01 2.955978e+02
    endloop
  endfacet
  facet normal 5.266142e-15 -4.305111e-01 9.025853e-01
    outer loop
      vertex   1.200000e+01 -5.607371e+01 2.955978e+02
      vertex   2.000000e+01 -5.607371e+01 2.955978e+02
      vertex   1.200000e+01 -5.460884e+01 2.962965e+02
    endloop
  endfacet
  facet normal 4.883771e-15 -4.305111e-01 9.025853e-01
    outer loop
      vertex   1.200000e+01 -5.460884e+01 2.962965e+02
      vertex   2.000000e+01 -5.607371e+01 2.955978e+02
      vertex   2.000000e+01 -5.460884e+01 2.962965e+02
    endloop
  endfacet
  facet normal 5.204994e-15 -3.826834e-01 9.238795e-01
    outer loop
      vertex   1.200000e+01 -5.460884e+01 2.962965e+02
      vertex   2.000000e+01 -5.460884e+01 2.962965e+02
      vertex   1.200000e+01 -5.310941e+01 2.969176e+02
    endloop
  endfacet
  facet normal -6.797823e-16 -3.826834e-01 9.238795e-01
    outer loop
      vertex   1.200000e+01 -5.310941e+01 2.969176e+02
      vertex   2.000000e+01 -5.460884e+01 2.962965e+02
      vertex   2.000000e+01 -5.310941e+01 2.969176e+02
    endloop
  endfacet
  facet normal -5.929601e-16 -3.338069e-01 9.426415e-01
    outer loop
      vertex   1.200000e+01 -5.310941e+01 2.969176e+02
      vertex   2.000000e+01 -5.310941e+01 2.969176e+02
      vertex   1.200000e+01 -5.157953e+01 2.974593e+02
    endloop
  endfacet
  facet normal 5.808430e-15 -3.338069e-01 9.426415e-01
    outer loop
      vertex   1.200000e+01 -5.157953e+01 2.974593e+02
      vertex   2.000000e+01 -5.310941e+01 2.969176e+02
      vertex   2.000000e+01 -5.157953e+01 2.974593e+02
    endloop
  endfacet
  facet normal 6.056055e-15 -2.840153e-01 9.588197e-01
    outer loop
      vertex   1.200000e+01 -5.157953e+01 2.974593e+02
      vertex   2.000000e+01 -5.157953e+01 2.974593e+02
      vertex   1.200000e+01 -5.002339e+01 2.979203e+02
    endloop
  endfacet
  facet normal -2.522563e-16 -2.840153e-01 9.588197e-01
    outer loop
      vertex   1.200000e+01 -5.002339e+01 2.979203e+02
      vertex   2.000000e+01 -5.157953e+01 2.974593e+02
      vertex   2.000000e+01 -5.002339e+01 2.979203e+02
    endloop
  endfacet
  facet normal -2.073411e-16 -2.334454e-01 9.723699e-01
    outer loop
      vertex   1.200000e+01 -5.002339e+01 2.979203e+02
      vertex   2.000000e+01 -5.002339e+01 2.979203e+02
      vertex   1.200000e+01 -4.844526e+01 2.982992e+02
    endloop
  endfacet
  facet normal -2.073411e-16 -2.334454e-01 9.723699e-01
    outer loop
      vertex   1.200000e+01 -4.844526e+01 2.982992e+02
      vertex   2.000000e+01 -5.002339e+01 2.979203e+02
      vertex   2.000000e+01 -4.844526e+01 2.982992e+02
    endloop
  endfacet
  facet normal -1.618577e-16 -1.822355e-01 9.832549e-01
    outer loop
      vertex   1.200000e+01 -4.844526e+01 2.982992e+02
      vertex   2.000000e+01 -4.844526e+01 2.982992e+02
      vertex   1.200000e+01 -4.684947e+01 2.985949e+02
    endloop
  endfacet
  facet normal -3.237153e-16 -1.822355e-01 9.832549e-01
    outer loop
      vertex   1.200000e+01 -4.684947e+01 2.985949e+02
      vertex   2.000000e+01 -4.844526e+01 2.982992e+02
      vertex   2.000000e+01 -4.684947e+01 2.985949e+02
    endloop
  endfacet
  facet normal -2.318611e-16 -1.305262e-01 9.914449e-01
    outer loop
      vertex   1.200000e+01 -4.684947e+01 2.985949e+02
      vertex   2.000000e+01 -4.684947e+01 2.985949e+02
      vertex   1.200000e+01 -4.524038e+01 2.988068e+02
    endloop
  endfacet
  facet normal -3.477916e-16 -1.305262e-01 9.914449e-01
    outer loop
      vertex   1.200000e+01 -4.524038e+01 2.988068e+02
      vertex   2.000000e+01 -4.684947e+01 2.985949e+02
      vertex   2.000000e+01 -4.524038e+01 2.988068e+02
    endloop
  endfacet
  facet normal -2.090570e-16 -7.845910e-02 9.969173e-01
    outer loop
      vertex   1.200000e+01 -4.524038e+01 2.988068e+02
      vertex   2.000000e+01 -4.524038e+01 2.988068e+02
      vertex   1.200000e+01 -4.362242e+01 2.989341e+02
    endloop
  endfacet
  facet normal -1.393713e-16 -7.845910e-02 9.969173e-01
    outer loop
      vertex   1.200000e+01 -4.362242e+01 2.989341e+02
      vertex   2.000000e+01 -4.524038e+01 2.988068e+02
      vertex   2.000000e+01 -4.362242e+01 2.989341e+02
    endloop
  endfacet
  facet normal -4.649960e-17 -2.617695e-02 9.996573e-01
    outer loop
      vertex   1.200000e+01 -4.362242e+01 2.989341e+02
      vertex   2.000000e+01 -4.362242e+01 2.989341e+02
      vertex   1.200000e+01 -4.200000e+01 2.989766e+02
    endloop
  endfacet
  facet normal 0.000000e+00 -2.617695e-02 9.996573e-01
    outer loop
      vertex   1.200000e+01 -4.200000e+01 2.989766e+02
      vertex   2.000000e+01 -4.362242e+01 2.989341e+02
      vertex   2.000000e+01 -4.200000e+01 2.989766e+02
    endloop
  endfacet
  facet normal -4.693552e-15 -1.000000e+00 3.796473e-14
    outer loop
      vertex   -1.556872e+00 -7.300000e+01 2.566310e+02
      vertex   -1.600000e+00 -7.300000e+01 2.570000e+02
      vertex   -2.000000e+01 -7.300000e+01 2.539766e+02
    endloop
  endfacet
  facet normal 8.027180e-15 -1.000000e+00 -3.945157e-14
    outer loop
      vertex   -2.000000e+01 -7.300000e+01 2.539766e+02
      vertex   -1.600000e+00 -7.300000e+01 2.570000e+02
      vertex   -1.556872e+00 -7.300000e+01 2.573690e+02
    endloop
  endfacet
  facet normal 8.258094e-16 -1.000000e+00 -3.005700e-16
    outer loop
      vertex   -2.000000e+01 -7.300000e+01 2.539766e+02
      vertex   -1.556872e+00 -7.300000e+01 2.573690e+02
      vertex   -1.429812e+00 -7.300000e+01 2.577181e+02
    endloop
  endfacet
  facet normal 2.296268e-16 -1.000000e+00 2.658470e-15
    outer loop
      vertex   -2.000000e+01 -7.300000e+01 2.539766e+02
      vertex   -1.429812e+00 -7.300000e+01 2.577181e+02
      vertex   -1.200000e+01 -7.300000e+01 2.639766e+02
    endloop
  endfacet
  facet normal -9.676152e-16 -1.000000e+00 6.364105e-16
    outer loop
      vertex   -1.200000e+01 -7.300000e+01 2.639766e+02
      vertex   -1.429812e+00 -7.300000e+01 2.577181e+02
      vertex   -1.225671e+00 -7.300000e+01 2.580285e+02
    endloop
  endfacet
  facet normal 1.858152e-14 -1.000000e+00 3.604737e-14
    outer loop
      vertex   -1.200000e+01 -7.300000e+01 2.639766e+02
      vertex   -1.225671e+00 -7.300000e+01 2.580285e+02
      vertex   -9.554537e-01 -7.300000e+01 2.582834e+02
    endloop
  endfacet
  facet normal 0.000000e+00 -1.000000e+00 0.000000e+00
    outer loop
      vertex   -9.554537e-01 -7.300000e+01 2.582834e+02
      vertex   -6.337276e-01 -7.300000e+01 2.584691e+02
      vertex   -1.200000e+01 -7.300000e+01 2.639766e+02
    endloop
  endfacet
  facet normal 0.000000e+00 -1.000000e+00 0.000000e+00
    outer loop
      vertex   -1.200000e+01 -7.300000e+01 2.639766e+02
      vertex   -6.337276e-01 -7.300000e+01 2.584691e+02
      vertex   -2.778371e-01 -7.300000e+01 2.585757e+02
    endloop
  endfacet
  facet normal 0.000000e+00 -1.000000e+00 0.000000e+00
    outer loop
      vertex   -1.200000e+01 -7.300000e+01 2.639766e+02
      vertex   -2.778371e-01 -7.300000e+01 2.585757e+02
      vertex   9.303173e-02 -7.300000e+01 2.585973e+02
    endloop
  endfacet
  facet normal 0.000000e+00 -1.000000e+00 0.000000e+00
    outer loop
      vertex   -1.200000e+01 -7.300000e+01 2.639766e+02
      vertex   9.303173e-02 -7.300000e+01 2.585973e+02
      vertex   1.200000e+01 -7.300000e+01 2.639766e+02
    endloop
  endfacet
  facet normal 0.000000e+00 -1.000000e+00 0.000000e+00
    outer loop
      vertex   1.200000e+01 -7.300000e+01 2.639766e+02
      vertex   9.303173e-02 -7.300000e+01 2.585973e+02
      vertex   4.588852e-01 -7.300000e+01 2.585328e+02
    endloop
  endfacet
  facet normal 0.000000e+00 -1.000000e+00 0.000000e+00
    outer loop
      vertex   1.200000e+01 -7.300000e+01 2.639766e+02
      vertex   4.588852e-01 -7.300000e+01 2.585328e+02
      vertex   8.000000e-01 -7.300000e+01 2.583856e+02
    endloop
  endfacet
  facet normal -1.914201e-14 -1.000000e+00 3.834603e-14
    outer loop
      vertex   8.000000e-01 -7.300000e+01 2.583856e+02
      vertex   1.097987e+00 -7.300000e+01 2.581638e+02
      vertex   1.200000e+01 -7.300000e+01 2.639766e+02
    endloop
  endfacet
  facet normal 9.005884e-16 -1.000000e+00 7.556834e-16
    outer loop
      vertex   1.200000e+01 -7.300000e+01 2.639766e+02
      vertex   1.097987e+00 -7.300000e+01 2.581638e+02
      vertex   1.336780e+00 -7.300000e+01 2.578792e+02
    endloop
  endfacet
  facet normal -2.006883e-16 -1.000000e+00 2.681620e-15
    outer loop
      vertex   1.200000e+01 -7.300000e+01 2.639766e+02
      vertex   1.336780e+00 -7.300000e+01 2.578792e+02
      vertex   2.000000e+01 -7.300000e+01 2.539766e+02
    endloop
  endfacet
  facet normal -8.507840e-16 -1.000000e+00 -4.272798e-16
    outer loop
      vertex   2.000000e+01 -7.300000e+01 2.539766e+02
      vertex   1.336780e+00 -7.300000e+01 2.578792e+02
      vertex   1.503508e+00 -7.300000e+01 2.575472e+02
    endloop
  endfacet
  facet normal -8.051369e-16 -1.000000e+00 -1.908210e-16
    outer loop
      vertex   2.000000e+01 -7.300000e+01 2.539766e+02
      vertex   1.503508e+00 -7.300000e+01 2.575472e+02
      vertex   1.589181e+00 -7.300000e+01 2.571858e+02
    endloop
  endfacet
  facet normal -7.718752e-16 -1.000000e+00 -0.000000e+00
    outer loop
      vertex   1.589181e+00 -7.300000e+01 2.571858e+02
      vertex   1.589181e+00 -7.300000e+01 2.568143e+02
      vertex   2.000000e+01 -7.300000e+01 2.539766e+02
    endloop
  endfacet
  facet normal -7.446727e-16 -1.000000e+00 1.764907e-16
    outer loop
      vertex   2.000000e+01 -7.300000e+01 2.539766e+02
      vertex   1.589181e+00 -7.300000e+01 2.568143e+02
      vertex   1.503508e+00 -7.300000e+01 2.564528e+02
    endloop
  endfacet
  facet normal -7.198986e-16 -1.000000e+00 3.615467e-16
    outer loop
      vertex   2.000000e+01 -7.300000e+01 2.539766e+02
      vertex   1.503508e+00 -7.300000e+01 2.564528e+02
      vertex   1.336780e+00 -7.300000e+01 2.561208e+02
    endloop
  endfacet
  facet normal -6.944857e-16 -1.000000e+00 5.827427e-16
    outer loop
      vertex   1.336780e+00 -7.300000e+01 2.561208e+02
      vertex   1.097987e+00 -7.300000e+01 2.558362e+02
      vertex   2.000000e+01 -7.300000e+01 2.539766e+02
    endloop
  endfacet
  facet normal 4.902487e-15 -1.000000e+00 5.747303e-14
    outer loop
      vertex   2.000000e+01 -7.300000e+01 2.539766e+02
      vertex   1.097987e+00 -7.300000e+01 2.558362e+02
      vertex   8.000000e-01 -7.300000e+01 2.556144e+02
    endloop
  endfacet
  facet normal 0.000000e+00 -1.000000e+00 0.000000e+00
    outer loop
      vertex   2.000000e+01 -7.300000e+01 2.539766e+02
      vertex   8.000000e-01 -7.300000e+01 2.556144e+02
      vertex   4.588852e-01 -7.300000e+01 2.554672e+02
    endloop
  endfacet
  facet normal 0.000000e+00 -1.000000e+00 -0.000000e+00
    outer loop
      vertex   4.588852e-01 -7.300000e+01 2.554672e+02
      vertex   9.303173e-02 -7.300000e+01 2.554027e+02
      vertex   2.000000e+01 -7.300000e+01 2.539766e+02
    endloop
  endfacet
  facet normal 0.000000e+00 -1.000000e+00 0.000000e+00
    outer loop
      vertex   2.000000e+01 -7.300000e+01 2.539766e+02
      vertex   9.303173e-02 -7.300000e+01 2.554027e+02
      vertex   -2.000000e+01 -7.300000e+01 2.539766e+02
    endloop
  endfacet
  facet normal 0.000000e+00 -1.000000e+00 0.000000e+00
    outer loop
      vertex   -2.000000e+01 -7.300000e+01 2.539766e+02
      vertex   9.303173e-02 -7.300000e+01 2.554027e+02
      vertex   -2.778371e-01 -7.300000e+01 2.554243e+02
    endloop
  endfacet
  facet normal 0.000000e+00 -1.000000e+00 0.000000e+00
    outer loop
      vertex   -2.000000e+01 -7.300000e+01 2.539766e+02
      vertex   -2.778371e-01 -7.300000e+01 2.554243e+02
      vertex   -6.337276e-01 -7.300000e+01 2.555309e+02
    endloop
  endfacet
  facet normal -0.000000e+00 -1.000000e+00 0.000000e+00
    outer loop
      vertex   -6.337276e-01 -7.300000e+01 2.555309e+02
      vertex   -9.554537e-01 -7.300000e+01 2.557166e+02
      vertex   -2.000000e+01 -7.300000e+01 2.539766e+02
    endloop
  endfacet
  facet normal -4.643293e-15 -1.000000e+00 5.082103e-14
    outer loop
      vertex   -2.000000e+01 -7.300000e+01 2.539766e+02
      vertex   -9.554537e-01 -7.300000e+01 2.557166e+02
      vertex   -1.225671e+00 -7.300000e+01 2.559715e+02
    endloop
  endfacet
  facet normal 7.074853e-16 -1.000000e+00 4.653204e-16
    outer loop
      vertex   -2.000000e+01 -7.300000e+01 2.539766e+02
      vertex   -1.225671e+00 -7.300000e+01 2.559715e+02
      vertex   -1.429812e+00 -7.300000e+01 2.562819e+02
    endloop
  endfacet
  facet normal 7.321688e-16 -1.000000e+00 2.664876e-16
    outer loop
      vertex   -1.429812e+00 -7.300000e+01 2.562819e+02
      vertex   -1.556872e+00 -7.300000e+01 2.566310e+02
      vertex   -2.000000e+01 -7.300000e+01 2.539766e+02
    endloop
  endfacet
  facet normal 0.000000e+00 -1.000000e+00 0.000000e+00
    outer loop
      vertex   1.200000e+01 -7.300000e+01 2.679766e+02
      vertex   1.200000e+01 -7.300000e+01 2.639766e+02
      vertex   2.000000e+01 -7.300000e+01 2.679766e+02
    endloop
  endfacet
  facet normal -1.015061e-15 -1.000000e+00 2.030122e-15
    outer loop
      vertex   2.000000e+01 -7.300000e+01 2.679766e+02
      vertex   1.200000e+01 -7.300000e+01 2.639766e+02
      vertex   2.000000e+01 -7.300000e+01 2.539766e+02
    endloop
  endfacet
  facet normal -0.000000e+00 -1.000000e+00 -0.000000e+00
    outer loop
      vertex   -1.200000e+01 -7.300000e+01 2.679766e+02
      vertex   -2.000000e+01 -7.300000e+01 2.679766e+02
      vertex   -1.200000e+01 -7.300000e+01 2.639766e+02
    endloop
  endfacet
  facet normal 1.015061e-15 -1.000000e+00 2.030122e-15
    outer loop
      vertex   -1.200000e+01 -7.300000e+01 2.639766e+02
      vertex   -2.000000e+01 -7.300000e+01 2.679766e+02
      vertex   -2.000000e+01 -7.300000e+01 2.539766e+02
    endloop
  endfacet
  facet normal -1.000000e+00 0.000000e+00 0.000000e+00
    outer loop
      vertex   1.200000e+01 -4.205701e+01 2.665773e+02
      vertex   1.200000e+01 -5.650000e+01 2.670000e+02
      vertex   1.200000e+01 -4.210000e+01 2.670000e+02
    endloop
  endfacet
  facet normal -1.000000e+00 0.000000e+00 0.000000e+00
    outer loop
      vertex   1.200000e+01 -4.210000e+01 2.670000e+02
      vertex   1.200000e+01 -5.650000e+01 2.670000e+02
      vertex   1.200000e+01 -5.645796e+01 2.681771e+02
    endloop
  endfacet
  facet normal -1.000000e+00 0.000000e+00 0.000000e+00
    outer loop
      vertex   1.200000e+01 -4.210000e+01 2.670000e+02
      vertex   1.200000e+01 -5.645796e+01 2.681771e+02
      vertex   1.200000e+01 -4.205701e+01 2.674227e+02
    endloop
  endfacet
  facet normal -1.000000e+00 0.000000e+00 0.000000e+00
    outer loop
      vertex   1.200000e+01 -4.205701e+01 2.674227e+02
      vertex   1.200000e+01 -5.645796e+01 2.681771e+02
      vertex   1.200000e+01 -5.633205e+01 2.693482e+02
    endloop
  endfacet
  facet normal -1.000000e+00 0.000000e+00 0.000000e+00
    outer loop
      vertex   1.200000e+01 -4.205701e+01 2.674227e+02
      vertex   1.200000e+01 -5.633205e+01 2.693482e+02
      vertex   1.200000e+01 -5.612292e+01 2.705073e+02
    endloop
  endfacet
  facet normal -1.000000e+00 0.000000e+00 -0.000000e+00
    outer loop
      vertex   1.200000e+01 -5.650000e+01 2.670000e+02
      vertex   1.200000e+01 -4.205701e+01 2.665773e+02
      vertex   1.200000e+01 -5.654359e+01 2.666410e+02
    endloop
  endfacet
  facet normal -1.000000e+00 0.000000e+00 0.000000e+00
    outer loop
      vertex   1.200000e+01 -5.654359e+01 2.666410e+02
      vertex   1.200000e+01 -4.205701e+01 2.665773e+02
      vertex   1.200000e+01 -4.192981e+01 2.661719e+02
    endloop
  endfacet
  facet normal -1.000000e+00 0.000000e+00 -0.000000e+00
    outer loop
      vertex   1.200000e+01 -5.654359e+01 2.666410e+02
      vertex   1.200000e+01 -4.192981e+01 2.661719e+02
      vertex   1.200000e+01 -5.667182e+01 2.663029e+02
    endloop
  endfacet
  facet normal -1.000000e+00 0.000000e+00 0.000000e+00
    outer loop
      vertex   1.200000e+01 -5.667182e+01 2.663029e+02
      vertex   1.200000e+01 -4.192981e+01 2.661719e+02
      vertex   1.200000e+01 -4.172360e+01 2.658003e+02
    endloop
  endfacet
  facet normal -1.000000e+00 0.000000e+00 -0.000000e+00
    outer loop
      vertex   1.200000e+01 -5.667182e+01 2.663029e+02
      vertex   1.200000e+01 -4.172360e+01 2.658003e+02
      vertex   1.200000e+01 -5.687723e+01 2.660053e+02
    endloop
  endfacet
  facet normal -1.000000e+00 0.000000e+00 0.000000e+00
    outer loop
      vertex   1.200000e+01 -5.687723e+01 2.660053e+02
      vertex   1.200000e+01 -4.172360e+01 2.658003e+02
      vertex   1.200000e+01 -4.144683e+01 2.654779e+02
    endloop
  endfacet
  facet normal -1.000000e+00 0.000000e+00 -0.000000e+00
    outer loop
      vertex   1.200000e+01 -5.687723e+01 2.660053e+02
      vertex   1.200000e+01 -4.144683e+01 2.654779e+02
      vertex   1.200000e+01 -5.714790e+01 2.657655e+02
    endloop
  endfacet
  facet normal -1.000000e+00 0.000000e+00 0.000000e+00
    outer loop
      vertex   1.200000e+01 -5.714790e+01 2.657655e+02
      vertex   1.200000e+01 -4.144683e+01 2.654779e+02
      vertex   1.200000e+01 -4.111083e+01 2.652179e+02
    endloop
  endfacet
  facet normal -1.000000e+00 0.000000e+00 -0.000000e+00
    outer loop
      vertex   1.200000e+01 -5.714790e+01 2.657655e+02
      vertex   1.200000e+01 -4.111083e+01 2.652179e+02
      vertex   1.200000e+01 -5.746809e+01 2.655975e+02
    endloop
  endfacet
  facet normal -1.000000e+00 0.000000e+00 0.000000e+00
    outer loop
      vertex   1.200000e+01 -5.746809e+01 2.655975e+02
      vertex   1.200000e+01 -4.111083e+01 2.652179e+02
      vertex   1.200000e+01 -4.072934e+01 2.650307e+02
    endloop
  endfacet
  facet normal -1.000000e+00 0.000000e+00 -0.000000e+00
    outer loop
      vertex   1.200000e+01 -5.746809e+01 2.655975e+02
      vertex   1.200000e+01 -4.072934e+01 2.650307e+02
      vertex   1.200000e+01 -5.781920e+01 2.655109e+02
    endloop
  endfacet
  facet normal -1.000000e+00 0.000000e+00 0.000000e+00
    outer loop
      vertex   1.200000e+01 -5.781920e+01 2.655109e+02
      vertex   1.200000e+01 -4.072934e+01 2.650307e+02
      vertex   1.200000e+01 -4.031800e+01 2.649242e+02
    endloop
  endfacet
  facet normal -1.000000e+00 0.000000e+00 0.000000e+00
    outer loop
      vertex   1.200000e+01 -5.781920e+01 2.655109e+02
      vertex   1.200000e+01 -4.031800e+01 2.649242e+02
      vertex   1.200000e+01 -3.700000e+01 2.639766e+02
    endloop
  endfacet
  facet normal -1.000000e+00 0.000000e+00 0.000000e+00
    outer loop
      vertex   1.200000e+01 -3.700000e+01 2.639766e+02
      vertex   1.200000e+01 -4.031800e+01 2.649242e+02
      vertex   1.200000e+01 -3.989364e+01 2.649027e+02
    endloop
  endfacet
  facet normal -1.000000e+00 0.000000e+00 0.000000e+00
    outer loop
      vertex   1.200000e+01 -3.700000e+01 2.639766e+02
      vertex   1.200000e+01 -3.989364e+01 2.649027e+02
      vertex   1.200000e+01 -3.947363e+01 2.649670e+02
    endloop
  endfacet
  facet normal -1.000000e+00 0.000000e+00 0.000000e+00
    outer loop
      vertex   1.200000e+01 -3.947363e+01 2.649670e+02
      vertex   1.200000e+01 -3.907517e+01 2.651146e+02
      vertex   1.200000e+01 -3.700000e+01 2.639766e+02
    endloop
  endfacet
  facet normal -1.000000e+00 0.000000e+00 0.000000e+00
    outer loop
      vertex   1.200000e+01 -3.700000e+01 2.639766e+02
      vertex   1.200000e+01 -3.907517e+01 2.651146e+02
      vertex   1.200000e+01 -3.871458e+01 2.653394e+02
    endloop
  endfacet
  facet normal -1.000000e+00 0.000000e+00 0.000000e+00
    outer loop
      vertex   1.200000e+01 -3.700000e+01 2.639766e+02
      vertex   1.200000e+01 -3.871458e+01 2.653394e+02
      vertex   1.200000e+01 -3.840661e+01 2.656321e+02
    endloop
  endfacet
  facet normal -1.000000e+00 0.000000e+00 0.000000e+00
    outer loop
      vertex   1.200000e+01 -3.840661e+01 2.656321e+02
      vertex   1.200000e+01 -3.816387e+01 2.659809e+02
      vertex   1.200000e+01 -3.700000e+01 2.639766e+02
    endloop
  endfacet
  facet normal -1.000000e+00 0.000000e+00 0.000000e+00
    outer loop
      vertex   1.200000e+01 -3.700000e+01 2.639766e+02
      vertex   1.200000e+01 -3.816387e+01 2.659809e+02
      vertex   1.200000e+01 -3.799631e+01 2.663713e+02
    endloop
  endfacet
  facet normal -1.000000e+00 0.000000e+00 0.000000e+00
    outer loop
      vertex   1.200000e+01 -3.700000e+01 2.639766e+02
      vertex   1.200000e+01 -3.799631e+01 2.663713e+02
      vertex   1.200000e+01 -3.791078e+01 2.667876e+02
    endloop
  endfacet
  facet normal -1.000000e+00 0.000000e+00 0.000000e+00
    outer loop
      vertex   1.200000e+01 -3.791078e+01 2.667876e+02
      vertex   1.200000e+01 -3.791078e+01 2.672125e+02
      vertex   1.200000e+01 -3.700000e+01 2.639766e+02
    endloop
  endfacet
  facet normal -1.000000e+00 0.000000e+00 0.000000e+00
    outer loop
      vertex   1.200000e+01 -3.700000e+01 2.639766e+02
      vertex   1.200000e+01 -3.791078e+01 2.672125e+02
      vertex   1.200000e+01 -3.799631e+01 2.676287e+02
    endloop
  endfacet
  facet normal -1.000000e+00 0.000000e+00 0.000000e+00
    outer loop
      vertex   1.200000e+01 -3.700000e+01 2.639766e+02
      vertex   1.200000e+01 -3.799631e+01 2.676287e+02
      vertex   1.200000e+01 -3.851094e+01 2.848192e+02
    endloop
  endfacet
  facet normal -1.000000e+00 0.000000e+00 -0.000000e+00
    outer loop
      vertex   1.200000e+01 -3.851094e+01 2.848192e+02
      vertex   1.200000e+01 -3.799631e+01 2.676287e+02
      vertex   1.200000e+01 -3.859748e+01 2.844681e+02
    endloop
  endfacet
  facet normal -1.000000e+00 0.000000e+00 0.000000e+00
    outer loop
      vertex   1.200000e+01 -3.859748e+01 2.844681e+02
      vertex   1.200000e+01 -3.799631e+01 2.676287e+02
      vertex   1.200000e+01 -3.816387e+01 2.680191e+02
    endloop
  endfacet
  facet normal -1.000000e+00 0.000000e+00 -0.000000e+00
    outer loop
      vertex   1.200000e+01 -3.859748e+01 2.844681e+02
      vertex   1.200000e+01 -3.816387e+01 2.680191e+02
      vertex   1.200000e+01 -3.876552e+01 2.841479e+02
    endloop
  endfacet
  facet normal -1.000000e+00 0.000000e+00 0.000000e+00
    outer loop
      vertex   1.200000e+01 -3.876552e+01 2.841479e+02
      vertex   1.200000e+01 -3.816387e+01 2.680191e+02
      vertex   1.200000e+01 -3.840661e+01 2.683679e+02
    endloop
  endfacet
  facet normal -1.000000e+00 0.000000e+00 -0.000000e+00
    outer loop
      vertex   1.200000e+01 -3.876552e+01 2.841479e+02
      vertex   1.200000e+01 -3.840661e+01 2.683679e+02
      vertex   1.200000e+01 -3.900532e+01 2.838772e+02
    endloop
  endfacet
  facet normal -1.000000e+00 0.000000e+00 0.000000e+00
    outer loop
      vertex   1.200000e+01 -3.900532e+01 2.838772e+02
      vertex   1.200000e+01 -3.840661e+01 2.683679e+02
      vertex   1.200000e+01 -3.871458e+01 2.686606e+02
    endloop
  endfacet
  facet normal -1.000000e+00 0.000000e+00 -0.000000e+00
    outer loop
      vertex   1.200000e+01 -3.900532e+01 2.838772e+02
      vertex   1.200000e+01 -3.871458e+01 2.686606e+02
      vertex   1.200000e+01 -3.930292e+01 2.836718e+02
    endloop
  endfacet
  facet normal -1.000000e+00 0.000000e+00 0.000000e+00
    outer loop
      vertex   1.200000e+01 -3.930292e+01 2.836718e+02
      vertex   1.200000e+01 -3.871458e+01 2.686606e+02
      vertex   1.200000e+01 -3.907517e+01 2.688854e+02
    endloop
  endfacet
  facet normal -1.000000e+00 0.000000e+00 -0.000000e+00
    outer loop
      vertex   1.200000e+01 -3.930292e+01 2.836718e+02
      vertex   1.200000e+01 -3.907517e+01 2.688854e+02
      vertex   1.200000e+01 -3.947363e+01 2.690330e+02
    endloop
  endfacet
  facet normal -1.000000e+00 0.000000e+00 0.000000e+00
    outer loop
      vertex   1.200000e+01 -3.930292e+01 2.836718e+02
      vertex   1.200000e+01 -3.947363e+01 2.690330e+02
      vertex   1.200000e+01 -3.964103e+01 2.835436e+02
    endloop
  endfacet
  facet normal -1.000000e+00 0.000000e+00 -0.000000e+00
    outer loop
      vertex   1.200000e+01 -3.964103e+01 2.835436e+02
      vertex   1.200000e+01 -3.947363e+01 2.690330e+02
      vertex   1.200000e+01 -3.989364e+01 2.690973e+02
    endloop
  endfacet
  facet normal -1.000000e+00 0.000000e+00 0.000000e+00
    outer loop
      vertex   1.200000e+01 -3.964103e+01 2.835436e+02
      vertex   1.200000e+01 -3.989364e+01 2.690973e+02
      vertex   1.200000e+01 -4.000000e+01 2.835000e+02
    endloop
  endfacet
  facet normal -1.000000e+00 0.000000e+00 -0.000000e+00
    outer loop
      vertex   1.200000e+01 -4.000000e+01 2.835000e+02
      vertex   1.200000e+01 -3.989364e+01 2.690973e+02
      vertex   1.200000e+01 -4.117710e+01 2.834580e+02
    endloop
  endfacet
  facet normal -1.000000e+00 0.000000e+00 0.000000e+00
    outer loop
      vertex   1.200000e+01 -4.117710e+01 2.834580e+02
      vertex   1.200000e+01 -3.989364e+01 2.690973e+02
      vertex   1.200000e+01 -4.031800e+01 2.690758e+02
    endloop
  endfacet
  facet normal -1.000000e+00 0.000000e+00 -0.000000e+00
    outer loop
      vertex   1.200000e+01 -4.117710e+01 2.834580e+02
      vertex   1.200000e+01 -4.031800e+01 2.690758e+02
      vertex   1.200000e+01 -4.234820e+01 2.833321e+02
    endloop
  endfacet
  facet normal -1.000000e+00 0.000000e+00 -0.000000e+00
    outer loop
      vertex   1.200000e+01 -4.234820e+01 2.833321e+02
      vertex   1.200000e+01 -4.031800e+01 2.690758e+02
      vertex   1.200000e+01 -4.350733e+01 2.831229e+02
    endloop
  endfacet
  facet normal -1.000000e+00 0.000000e+00 -0.000000e+00
    outer loop
      vertex   1.200000e+01 -4.350733e+01 2.831229e+02
      vertex   1.200000e+01 -4.031800e+01 2.690758e+02
      vertex   1.200000e+01 -4.464859e+01 2.828316e+02
    endloop
  endfacet
  facet normal -1.000000e+00 0.000000e+00 0.000000e+00
    outer loop
      vertex   1.200000e+01 -4.464859e+01 2.828316e+02
      vertex   1.200000e+01 -4.031800e+01 2.690758e+02
      vertex   1.200000e+01 -4.072934e+01 2.689693e+02
    endloop
  endfacet
  facet normal -1.000000e+00 0.000000e+00 -0.000000e+00
    outer loop
      vertex   1.200000e+01 -4.464859e+01 2.828316e+02
      vertex   1.200000e+01 -4.072934e+01 2.689693e+02
      vertex   1.200000e+01 -4.576616e+01 2.824597e+02
    endloop
  endfacet
  facet normal -1.000000e+00 0.000000e+00 -0.000000e+00
    outer loop
      vertex   1.200000e+01 -4.576616e+01 2.824597e+02
      vertex   1.200000e+01 -4.072934e+01 2.689693e+02
      vertex   1.200000e+01 -4.685435e+01 2.820089e+02
    endloop
  endfacet
  facet normal -1.000000e+00 0.000000e+00 -0.000000e+00
    outer loop
      vertex   1.200000e+01 -4.685435e+01 2.820089e+02
      vertex   1.200000e+01 -4.072934e+01 2.689693e+02
      vertex   1.200000e+01 -4.790761e+01 2.814817e+02
    endloop
  endfacet
  facet normal -1.000000e+00 0.000000e+00 0.000000e+00
    outer loop
      vertex   1.200000e+01 -4.790761e+01 2.814817e+02
      vertex   1.200000e+01 -4.072934e+01 2.689693e+02
      vertex   1.200000e+01 -4.111083e+01 2.687822e+02
    endloop
  endfacet
  facet normal -1.000000e+00 0.000000e+00 -0.000000e+00
    outer loop
      vertex   1.200000e+01 -4.790761e+01 2.814817e+02
      vertex   1.200000e+01 -4.111083e+01 2.687822e+02
      vertex   1.200000e+01 -4.892057e+01 2.808807e+02
    endloop
  endfacet
  facet normal -1.000000e+00 0.000000e+00 -0.000000e+00
    outer loop
      vertex   1.200000e+01 -4.892057e+01 2.808807e+02
      vertex   1.200000e+01 -4.111083e+01 2.687822e+02
      vertex   1.200000e+01 -4.988808e+01 2.802089e+02
    endloop
  endfacet
  facet normal -1.000000e+00 0.000000e+00 -0.000000e+00
    outer loop
      vertex   1.200000e+01 -4.988808e+01 2.802089e+02
      vertex   1.200000e+01 -4.111083e+01 2.687822e+02
      vertex   1.200000e+01 -5.080520e+01 2.794699e+02
    endloop
  endfacet
  facet normal -1.000000e+00 0.000000e+00 0.000000e+00
    outer loop
      vertex   1.200000e+01 -5.080520e+01 2.794699e+02
      vertex   1.200000e+01 -4.111083e+01 2.687822e+02
      vertex   1.200000e+01 -4.144683e+01 2.685221e+02
    endloop
  endfacet
  facet normal -1.000000e+00 0.000000e+00 -0.000000e+00
    outer loop
      vertex   1.200000e+01 -5.080520e+01 2.794699e+02
      vertex   1.200000e+01 -4.144683e+01 2.685221e+02
      vertex   1.200000e+01 -5.166726e+01 2.786673e+02
    endloop
  endfacet
  facet normal -1.000000e+00 0.000000e+00 -0.000000e+00
    outer loop
      vertex   1.200000e+01 -5.166726e+01 2.786673e+02
      vertex   1.200000e+01 -4.144683e+01 2.685221e+02
      vertex   1.200000e+01 -5.246987e+01 2.778052e+02
    endloop
  endfacet
  facet normal -1.000000e+00 0.000000e+00 -0.000000e+00
    outer loop
      vertex   1.200000e+01 -5.246987e+01 2.778052e+02
      vertex   1.200000e+01 -4.144683e+01 2.685221e+02
      vertex   1.200000e+01 -5.320893e+01 2.768881e+02
    endloop
  endfacet
  facet normal -1.000000e+00 0.000000e+00 0.000000e+00
    outer loop
      vertex   1.200000e+01 -5.320893e+01 2.768881e+02
      vertex   1.200000e+01 -4.144683e+01 2.685221e+02
      vertex   1.200000e+01 -4.172360e+01 2.681997e+02
    endloop
  endfacet
  facet normal -1.000000e+00 0.000000e+00 -0.000000e+00
    outer loop
      vertex   1.200000e+01 -5.320893e+01 2.768881e+02
      vertex   1.200000e+01 -4.172360e+01 2.681997e+02
      vertex   1.200000e+01 -5.388068e+01 2.759206e+02
    endloop
  endfacet
  facet normal -1.000000e+00 0.000000e+00 -0.000000e+00
    outer loop
      vertex   1.200000e+01 -5.388068e+01 2.759206e+02
      vertex   1.200000e+01 -4.172360e+01 2.681997e+02
      vertex   1.200000e+01 -5.448170e+01 2.749076e+02
    endloop
  endfacet
  facet normal -1.000000e+00 0.000000e+00 0.000000e+00
    outer loop
      vertex   1.200000e+01 -5.448170e+01 2.749076e+02
      vertex   1.200000e+01 -4.172360e+01 2.681997e+02
      vertex   1.200000e+01 -4.192981e+01 2.678282e+02
    endloop
  endfacet
  facet normal -1.000000e+00 0.000000e+00 -0.000000e+00
    outer loop
      vertex   1.200000e+01 -5.448170e+01 2.749076e+02
      vertex   1.200000e+01 -4.192981e+01 2.678282e+02
      vertex   1.200000e+01 -5.500893e+01 2.738544e+02
    endloop
  endfacet
  facet normal -1.000000e+00 0.000000e+00 -0.000000e+00
    outer loop
      vertex   1.200000e+01 -5.500893e+01 2.738544e+02
      vertex   1.200000e+01 -4.192981e+01 2.678282e+02
      vertex   1.200000e+01 -5.545967e+01 2.727662e+02
    endloop
  endfacet
  facet normal -1.000000e+00 0.000000e+00 -0.000000e+00
    outer loop
      vertex   1.200000e+01 -5.545967e+01 2.727662e+02
      vertex   1.200000e+01 -4.192981e+01 2.678282e+02
      vertex   1.200000e+01 -5.583163e+01 2.716486e+02
    endloop
  endfacet
  facet normal -1.000000e+00 0.000000e+00 0.000000e+00
    outer loop
      vertex   1.200000e+01 -5.583163e+01 2.716486e+02
      vertex   1.200000e+01 -4.192981e+01 2.678282e+02
      vertex   1.200000e+01 -4.205701e+01 2.674227e+02
    endloop
  endfacet
  facet normal -1.000000e+00 0.000000e+00 -0.000000e+00
    outer loop
      vertex   1.200000e+01 -5.583163e+01 2.716486e+02
      vertex   1.200000e+01 -4.205701e+01 2.674227e+02
      vertex   1.200000e+01 -5.612292e+01 2.705073e+02
    endloop
  endfacet
  facet normal -1.000000e+00 0.000000e+00 -0.000000e+00
    outer loop
      vertex   1.200000e+01 -7.295752e+01 2.695990e+02
      vertex   1.200000e+01 -6.945674e+01 2.685971e+02
      vertex   1.200000e+01 -7.300000e+01 2.679766e+02
    endloop
  endfacet
  facet normal -1.000000e+00 0.000000e+00 0.000000e+00
    outer loop
      vertex   1.200000e+01 -7.300000e+01 2.679766e+02
      vertex   1.200000e+01 -6.945674e+01 2.685971e+02
      vertex   1.200000e+01 -6.950000e+01 2.670000e+02
    endloop
  endfacet
  facet normal -1.000000e+00 0.000000e+00 0.000000e+00
    outer loop
      vertex   1.200000e+01 -7.300000e+01 2.679766e+02
      vertex   1.200000e+01 -6.950000e+01 2.670000e+02
      vertex   1.200000e+01 -6.945641e+01 2.666410e+02
    endloop
  endfacet
  facet normal -1.000000e+00 0.000000e+00 0.000000e+00
    outer loop
      vertex   1.200000e+01 -6.945674e+01 2.685971e+02
      vertex   1.200000e+01 -7.295752e+01 2.695990e+02
      vertex   1.200000e+01 -6.932707e+01 2.701895e+02
    endloop
  endfacet
  facet normal -1.000000e+00 -0.000000e+00 0.000000e+00
    outer loop
      vertex   1.200000e+01 -6.932707e+01 2.701895e+02
      vertex   1.200000e+01 -7.295752e+01 2.695990e+02
      vertex   1.200000e+01 -7.283018e+01 2.712170e+02
    endloop
  endfacet
  facet normal -1.000000e+00 0.000000e+00 0.000000e+00
    outer loop
      vertex   1.200000e+01 -6.932707e+01 2.701895e+02
      vertex   1.200000e+01 -7.283018e+01 2.712170e+02
      vertex   1.200000e+01 -6.911138e+01 2.717726e+02
    endloop
  endfacet
  facet normal -1.000000e+00 -0.000000e+00 0.000000e+00
    outer loop
      vertex   1.200000e+01 -6.911138e+01 2.717726e+02
      vertex   1.200000e+01 -7.283018e+01 2.712170e+02
      vertex   1.200000e+01 -7.261834e+01 2.728261e+02
    endloop
  endfacet
  facet normal -1.000000e+00 0.000000e+00 0.000000e+00
    outer loop
      vertex   1.200000e+01 -6.911138e+01 2.717726e+02
      vertex   1.200000e+01 -7.261834e+01 2.728261e+02
      vertex   1.200000e+01 -6.881031e+01 2.733416e+02
    endloop
  endfacet
  facet normal -1.000000e+00 -0.000000e+00 0.000000e+00
    outer loop
      vertex   1.200000e+01 -6.881031e+01 2.733416e+02
      vertex   1.200000e+01 -7.261834e+01 2.728261e+02
      vertex   1.200000e+01 -7.232258e+01 2.744219e+02
    endloop
  endfacet
  facet normal -1.000000e+00 0.000000e+00 0.000000e+00
    outer loop
      vertex   1.200000e+01 -6.881031e+01 2.733416e+02
      vertex   1.200000e+01 -7.232258e+01 2.744219e+02
      vertex   1.200000e+01 -6.842473e+01 2.748921e+02
    endloop
  endfacet
  facet normal -1.000000e+00 -0.000000e+00 0.000000e+00
    outer loop
      vertex   1.200000e+01 -6.842473e+01 2.748921e+02
      vertex   1.200000e+01 -7.232258e+01 2.744219e+02
      vertex   1.200000e+01 -7.194370e+01 2.760000e+02
    endloop
  endfacet
  facet normal -1.000000e+00 0.000000e+00 0.000000e+00
    outer loop
      vertex   1.200000e+01 -6.842473e+01 2.748921e+02
      vertex   1.200000e+01 -7.194370e+01 2.760000e+02
      vertex   1.200000e+01 -6.795577e+01 2.764194e+02
    endloop
  endfacet
  facet normal -1.000000e+00 -0.000000e+00 0.000000e+00
    outer loop
      vertex   1.200000e+01 -6.795577e+01 2.764194e+02
      vertex   1.200000e+01 -7.194370e+01 2.760000e+02
      vertex   1.200000e+01 -7.148275e+01 2.775561e+02
    endloop
  endfacet
  facet normal -1.000000e+00 0.000000e+00 0.000000e+00
    outer loop
      vertex   1.200000e+01 -6.795577e+01 2.764194e+02
      vertex   1.200000e+01 -7.148275e+01 2.775561e+02
      vertex   1.200000e+01 -7.094099e+01 2.790860e+02
    endloop
  endfacet
  facet normal -1.000000e+00 0.000000e+00 0.000000e+00
    outer loop
      vertex   1.200000e+01 -6.795577e+01 2.764194e+02
      vertex   1.200000e+01 -7.094099e+01 2.790860e+02
      vertex   1.200000e+01 -6.740481e+01 2.779191e+02
    endloop
  endfacet
  facet normal -1.000000e+00 0.000000e+00 0.000000e+00
    outer loop
      vertex   1.200000e+01 -6.740481e+01 2.779191e+02
      vertex   1.200000e+01 -7.094099e+01 2.790860e+02
      vertex   1.200000e+01 -7.031991e+01 2.805854e+02
    endloop
  endfacet
  facet normal -1.000000e+00 0.000000e+00 0.000000e+00
    outer loop
      vertex   1.200000e+01 -6.740481e+01 2.779191e+02
      vertex   1.200000e+01 -7.031991e+01 2.805854e+02
      vertex   1.200000e+01 -6.677348e+01 2.793867e+02
    endloop
  endfacet
  facet normal -1.000000e+00 0.000000e+00 0.000000e+00
    outer loop
      vertex   1.200000e+01 -6.677348e+01 2.793867e+02
      vertex   1.200000e+01 -7.031991e+01 2.805854e+02
      vertex   1.200000e+01 -6.962120e+01 2.820503e+02
    endloop
  endfacet
  facet normal -1.000000e+00 0.000000e+00 0.000000e+00
    outer loop
      vertex   1.200000e+01 -6.677348e+01 2.793867e+02
      vertex   1.200000e+01 -6.962120e+01 2.820503e+02
      vertex   1.200000e+01 -6.606361e+01 2.808181e+02
    endloop
  endfacet
  facet normal -1.000000e+00 0.000000e+00 0.000000e+00
    outer loop
      vertex   1.200000e+01 -6.606361e+01 2.808181e+02
      vertex   1.200000e+01 -6.962120e+01 2.820503e+02
      vertex   1.200000e+01 -6.884679e+01 2.834766e+02
    endloop
  endfacet
  facet normal -1.000000e+00 0.000000e+00 0.000000e+00
    outer loop
      vertex   1.200000e+01 -6.606361e+01 2.808181e+02
      vertex   1.200000e+01 -6.884679e+01 2.834766e+02
      vertex   1.200000e+01 -6.527729e+01 2.822088e+02
    endloop
  endfacet
  facet normal -1.000000e+00 0.000000e+00 0.000000e+00
    outer loop
      vertex   1.200000e+01 -6.527729e+01 2.822088e+02
      vertex   1.200000e+01 -6.884679e+01 2.834766e+02
      vertex   1.200000e+01 -6.799879e+01 2.848604e+02
    endloop
  endfacet
  facet normal -1.000000e+00 0.000000e+00 0.000000e+00
    outer loop
      vertex   1.200000e+01 -6.527729e+01 2.822088e+02
      vertex   1.200000e+01 -6.799879e+01 2.848604e+02
      vertex   1.200000e+01 -6.441683e+01 2.835550e+02
    endloop
  endfacet
  facet normal -1.000000e+00 0.000000e+00 0.000000e+00
    outer loop
      vertex   1.200000e+01 -6.441683e+01 2.835550e+02
      vertex   1.200000e+01 -6.799879e+01 2.848604e+02
      vertex   1.200000e+01 -6.707953e+01 2.861979e+02
    endloop
  endfacet
  facet normal -1.000000e+00 0.000000e+00 0.000000e+00
    outer loop
      vertex   1.200000e+01 -6.441683e+01 2.835550e+02
      vertex   1.200000e+01 -6.707953e+01 2.861979e+02
      vertex   1.200000e+01 -6.348475e+01 2.848526e+02
    endloop
  endfacet
  facet normal -1.000000e+00 0.000000e+00 0.000000e+00
    outer loop
      vertex   1.200000e+01 -6.348475e+01 2.848526e+02
      vertex   1.200000e+01 -6.707953e+01 2.861979e+02
      vertex   1.200000e+01 -6.609153e+01 2.874855e+02
    endloop
  endfacet
  facet normal -1.000000e+00 0.000000e+00 0.000000e+00
    outer loop
      vertex   1.200000e+01 -6.348475e+01 2.848526e+02
      vertex   1.200000e+01 -6.609153e+01 2.874855e+02
      vertex   1.200000e+01 -6.248378e+01 2.860979e+02
    endloop
  endfacet
  facet normal -1.000000e+00 0.000000e+00 0.000000e+00
    outer loop
      vertex   1.200000e+01 -6.248378e+01 2.860979e+02
      vertex   1.200000e+01 -6.609153e+01 2.874855e+02
      vertex   1.200000e+01 -6.503749e+01 2.887196e+02
    endloop
  endfacet
  facet normal -1.000000e+00 0.000000e+00 0.000000e+00
    outer loop
      vertex   1.200000e+01 -6.248378e+01 2.860979e+02
      vertex   1.200000e+01 -6.503749e+01 2.887196e+02
      vertex   1.200000e+01 -6.141687e+01 2.872871e+02
    endloop
  endfacet
  facet normal -1.000000e+00 0.000000e+00 0.000000e+00
    outer loop
      vertex   1.200000e+01 -6.141687e+01 2.872871e+02
      vertex   1.200000e+01 -6.503749e+01 2.887196e+02
      vertex   1.200000e+01 -6.392031e+01 2.898969e+02
    endloop
  endfacet
  facet normal -1.000000e+00 0.000000e+00 0.000000e+00
    outer loop
      vertex   1.200000e+01 -6.141687e+01 2.872871e+02
      vertex   1.200000e+01 -6.392031e+01 2.898969e+02
      vertex   1.200000e+01 -6.028713e+01 2.884169e+02
    endloop
  endfacet
  facet normal -1.000000e+00 0.000000e+00 0.000000e+00
    outer loop
      vertex   1.200000e+01 -6.028713e+01 2.884169e+02
      vertex   1.200000e+01 -6.392031e+01 2.898969e+02
      vertex   1.200000e+01 -6.274305e+01 2.910141e+02
    endloop
  endfacet
  facet normal -1.000000e+00 0.000000e+00 0.000000e+00
    outer loop
      vertex   1.200000e+01 -6.028713e+01 2.884169e+02
      vertex   1.200000e+01 -6.274305e+01 2.910141e+02
      vertex   1.200000e+01 -6.150893e+01 2.920681e+02
    endloop
  endfacet
  facet normal -1.000000e+00 0.000000e+00 0.000000e+00
    outer loop
      vertex   1.200000e+01 -6.028713e+01 2.884169e+02
      vertex   1.200000e+01 -6.150893e+01 2.920681e+02
      vertex   1.200000e+01 -5.909790e+01 2.894838e+02
    endloop
  endfacet
  facet normal -1.000000e+00 0.000000e+00 0.000000e+00
    outer loop
      vertex   1.200000e+01 -5.909790e+01 2.894838e+02
      vertex   1.200000e+01 -6.150893e+01 2.920681e+02
      vertex   1.200000e+01 -6.022134e+01 2.930561e+02
    endloop
  endfacet
  facet normal -1.000000e+00 0.000000e+00 0.000000e+00
    outer loop
      vertex   1.200000e+01 -5.909790e+01 2.894838e+02
      vertex   1.200000e+01 -6.022134e+01 2.930561e+02
      vertex   1.200000e+01 -5.785264e+01 2.904847e+02
    endloop
  endfacet
  facet normal -1.000000e+00 0.000000e+00 0.000000e+00
    outer loop
      vertex   1.200000e+01 -5.785264e+01 2.904847e+02
      vertex   1.200000e+01 -6.022134e+01 2.930561e+02
      vertex   1.200000e+01 -5.888381e+01 2.939754e+02
    endloop
  endfacet
  facet normal -1.000000e+00 0.000000e+00 0.000000e+00
    outer loop
      vertex   1.200000e+01 -5.785264e+01 2.904847e+02
      vertex   1.200000e+01 -5.888381e+01 2.939754e+02
      vertex   1.200000e+01 -5.655502e+01 2.914168e+02
    endloop
  endfacet
  facet normal -1.000000e+00 0.000000e+00 0.000000e+00
    outer loop
      vertex   1.200000e+01 -5.655502e+01 2.914168e+02
      vertex   1.200000e+01 -5.888381e+01 2.939754e+02
      vertex   1.200000e+01 -5.750000e+01 2.948234e+02
    endloop
  endfacet
  facet normal -1.000000e+00 0.000000e+00 0.000000e+00
    outer loop
      vertex   1.200000e+01 -5.655502e+01 2.914168e+02
      vertex   1.200000e+01 -5.750000e+01 2.948234e+02
      vertex   1.200000e+01 -5.520884e+01 2.922773e+02
    endloop
  endfacet
  facet normal -1.000000e+00 0.000000e+00 0.000000e+00
    outer loop
      vertex   1.200000e+01 -5.520884e+01 2.922773e+02
      vertex   1.200000e+01 -5.750000e+01 2.948234e+02
      vertex   1.200000e+01 -5.607371e+01 2.955978e+02
    endloop
  endfacet
  facet normal -1.000000e+00 0.000000e+00 0.000000e+00
    outer loop
      vertex   1.200000e+01 -5.520884e+01 2.922773e+02
      vertex   1.200000e+01 -5.607371e+01 2.955978e+02
      vertex   1.200000e+01 -5.381805e+01 2.930636e+02
    endloop
  endfacet
  facet normal -1.000000e+00 0.000000e+00 0.000000e+00
    outer loop
      vertex   1.200000e+01 -5.381805e+01 2.930636e+02
      vertex   1.200000e+01 -5.607371e+01 2.955978e+02
      vertex   1.200000e+01 -5.460884e+01 2.962965e+02
    endloop
  endfacet
  facet normal -1.000000e+00 0.000000e+00 0.000000e+00
    outer loop
      vertex   1.200000e+01 -5.381805e+01 2.930636e+02
      vertex   1.200000e+01 -5.460884e+01 2.962965e+02
      vertex   1.200000e+01 -5.238673e+01 2.937735e+02
    endloop
  endfacet
  facet normal -1.000000e+00 0.000000e+00 0.000000e+00
    outer loop
      vertex   1.200000e+01 -5.238673e+01 2.937735e+02
      vertex   1.200000e+01 -5.460884e+01 2.962965e+02
      vertex   1.200000e+01 -5.310941e+01 2.969176e+02
    endloop
  endfacet
  facet normal -1.000000e+00 0.000000e+00 0.000000e+00
    outer loop
      vertex   1.200000e+01 -5.238673e+01 2.937735e+02
      vertex   1.200000e+01 -5.310941e+01 2.969176e+02
      vertex   1.200000e+01 -5.091908e+01 2.944048e+02
    endloop
  endfacet
  facet normal -1.000000e+00 0.000000e+00 0.000000e+00
    outer loop
      vertex   1.200000e+01 -5.091908e+01 2.944048e+02
      vertex   1.200000e+01 -5.310941e+01 2.969176e+02
      vertex   1.200000e+01 -5.157953e+01 2.974593e+02
    endloop
  endfacet
  facet normal -1.000000e+00 0.000000e+00 0.000000e+00
    outer loop
      vertex   1.200000e+01 -5.091908e+01 2.944048e+02
      vertex   1.200000e+01 -5.157953e+01 2.974593e+02
      vertex   1.200000e+01 -4.941940e+01 2.949558e+02
    endloop
  endfacet
  facet normal -1.000000e+00 0.000000e+00 0.000000e+00
    outer loop
      vertex   1.200000e+01 -4.941940e+01 2.949558e+02
      vertex   1.200000e+01 -5.157953e+01 2.974593e+02
      vertex   1.200000e+01 -5.002339e+01 2.979203e+02
    endloop
  endfacet
  facet normal -1.000000e+00 0.000000e+00 0.000000e+00
    outer loop
      vertex   1.200000e+01 -4.941940e+01 2.949558e+02
      vertex   1.200000e+01 -5.002339e+01 2.979203e+02
      vertex   1.200000e+01 -4.789209e+01 2.954247e+02
    endloop
  endfacet
  facet normal -1.000000e+00 0.000000e+00 0.000000e+00
    outer loop
      vertex   1.200000e+01 -4.789209e+01 2.954247e+02
      vertex   1.200000e+01 -5.002339e+01 2.979203e+02
      vertex   1.200000e+01 -4.844526e+01 2.982992e+02
    endloop
  endfacet
  facet normal -1.000000e+00 0.000000e+00 0.000000e+00
    outer loop
      vertex   1.200000e+01 -4.789209e+01 2.954247e+02
      vertex   1.200000e+01 -4.844526e+01 2.982992e+02
      vertex   1.200000e+01 -4.634163e+01 2.958103e+02
    endloop
  endfacet
  facet normal -1.000000e+00 0.000000e+00 0.000000e+00
    outer loop
      vertex   1.200000e+01 -4.634163e+01 2.958103e+02
      vertex   1.200000e+01 -4.844526e+01 2.982992e+02
      vertex   1.200000e+01 -4.684947e+01 2.985949e+02
    endloop
  endfacet
  facet normal -1.000000e+00 0.000000e+00 0.000000e+00
    outer loop
      vertex   1.200000e+01 -4.634163e+01 2.958103e+02
      vertex   1.200000e+01 -4.684947e+01 2.985949e+02
      vertex   1.200000e+01 -4.477257e+01 2.961114e+02
    endloop
  endfacet
  facet normal -1.000000e+00 0.000000e+00 0.000000e+00
    outer loop
      vertex   1.200000e+01 -4.477257e+01 2.961114e+02
      vertex   1.200000e+01 -4.684947e+01 2.985949e+02
      vertex   1.200000e+01 -4.524038e+01 2.988068e+02
    endloop
  endfacet
  facet normal -1.000000e+00 0.000000e+00 0.000000e+00
    outer loop
      vertex   1.200000e+01 -4.477257e+01 2.961114e+02
      vertex   1.200000e+01 -4.524038e+01 2.988068e+02
      vertex   1.200000e+01 -4.362242e+01 2.989341e+02
    endloop
  endfacet
  facet normal -1.000000e+00 0.000000e+00 0.000000e+00
    outer loop
      vertex   1.200000e+01 -4.477257e+01 2.961114e+02
      vertex   1.200000e+01 -4.362242e+01 2.989341e+02
      vertex   1.200000e+01 -4.318951e+01 2.963271e+02
    endloop
  endfacet
  facet normal -1.000000e+00 0.000000e+00 0.000000e+00
    outer loop
      vertex   1.200000e+01 -4.318951e+01 2.963271e+02
      vertex   1.200000e+01 -4.362242e+01 2.989341e+02
      vertex   1.200000e+01 -4.200000e+01 2.989766e+02
    endloop
  endfacet
  facet normal -1.000000e+00 0.000000e+00 0.000000e+00
    outer loop
      vertex   1.200000e+01 -4.318951e+01 2.963271e+02
      vertex   1.200000e+01 -4.200000e+01 2.989766e+02
      vertex   1.200000e+01 -4.159710e+01 2.964567e+02
    endloop
  endfacet
  facet normal -1.000000e+00 0.000000e+00 0.000000e+00
    outer loop
      vertex   1.200000e+01 -4.159710e+01 2.964567e+02
      vertex   1.200000e+01 -4.200000e+01 2.989766e+02
      vertex   1.200000e+01 -4.000000e+01 2.965000e+02
    endloop
  endfacet
  facet normal -1.000000e+00 0.000000e+00 0.000000e+00
    outer loop
      vertex   1.200000e+01 -4.000000e+01 2.965000e+02
      vertex   1.200000e+01 -4.200000e+01 2.989766e+02
      vertex   1.200000e+01 -3.964103e+01 2.964564e+02
    endloop
  endfacet
  facet normal -1.000000e+00 0.000000e+00 0.000000e+00
    outer loop
      vertex   1.200000e+01 -3.964103e+01 2.964564e+02
      vertex   1.200000e+01 -4.200000e+01 2.989766e+02
      vertex   1.200000e+01 -3.700000e+01 2.989766e+02
    endloop
  endfacet
  facet normal -1.000000e+00 0.000000e+00 0.000000e+00
    outer loop
      vertex   1.200000e+01 -3.964103e+01 2.964564e+02
      vertex   1.200000e+01 -3.700000e+01 2.989766e+02
      vertex   1.200000e+01 -3.930292e+01 2.963282e+02
    endloop
  endfacet
  facet normal -1.000000e+00 0.000000e+00 0.000000e+00
    outer loop
      vertex   1.200000e+01 -3.930292e+01 2.963282e+02
      vertex   1.200000e+01 -3.700000e+01 2.989766e+02
      vertex   1.200000e+01 -3.900532e+01 2.961228e+02
    endloop
  endfacet
  facet normal -1.000000e+00 0.000000e+00 0.000000e+00
    outer loop
      vertex   1.200000e+01 -3.900532e+01 2.961228e+02
      vertex   1.200000e+01 -3.700000e+01 2.989766e+02
      vertex   1.200000e+01 -3.876552e+01 2.958521e+02
    endloop
  endfacet
  facet normal -1.000000e+00 0.000000e+00 0.000000e+00
    outer loop
      vertex   1.200000e+01 -3.876552e+01 2.958521e+02
      vertex   1.200000e+01 -3.700000e+01 2.989766e+02
      vertex   1.200000e+01 -3.859748e+01 2.955319e+02
    endloop
  endfacet
  facet normal -1.000000e+00 0.000000e+00 0.000000e+00
    outer loop
      vertex   1.200000e+01 -3.859748e+01 2.955319e+02
      vertex   1.200000e+01 -3.700000e+01 2.989766e+02
      vertex   1.200000e+01 -3.851094e+01 2.951808e+02
    endloop
  endfacet
  facet normal -1.000000e+00 0.000000e+00 0.000000e+00
    outer loop
      vertex   1.200000e+01 -3.851094e+01 2.951808e+02
      vertex   1.200000e+01 -3.700000e+01 2.989766e+02
      vertex   1.200000e+01 -3.851094e+01 2.948192e+02
    endloop
  endfacet
  facet normal -1.000000e+00 0.000000e+00 -0.000000e+00
    outer loop
      vertex   1.200000e+01 -3.851094e+01 2.948192e+02
      vertex   1.200000e+01 -3.700000e+01 2.989766e+02
      vertex   1.200000e+01 -3.851094e+01 2.851808e+02
    endloop
  endfacet
  facet normal -1.000000e+00 0.000000e+00 0.000000e+00
    outer loop
      vertex   1.200000e+01 -3.851094e+01 2.948192e+02
      vertex   1.200000e+01 -3.851094e+01 2.851808e+02
      vertex   1.200000e+01 -3.859748e+01 2.944681e+02
    endloop
  endfacet
  facet normal -1.000000e+00 0.000000e+00 -0.000000e+00
    outer loop
      vertex   1.200000e+01 -3.859748e+01 2.944681e+02
      vertex   1.200000e+01 -3.851094e+01 2.851808e+02
      vertex   1.200000e+01 -3.859748e+01 2.855319e+02
    endloop
  endfacet
  facet normal -1.000000e+00 0.000000e+00 0.000000e+00
    outer loop
      vertex   1.200000e+01 -3.859748e+01 2.944681e+02
      vertex   1.200000e+01 -3.859748e+01 2.855319e+02
      vertex   1.200000e+01 -3.876552e+01 2.941479e+02
    endloop
  endfacet
  facet normal -1.000000e+00 0.000000e+00 -0.000000e+00
    outer loop
      vertex   1.200000e+01 -3.876552e+01 2.941479e+02
      vertex   1.200000e+01 -3.859748e+01 2.855319e+02
      vertex   1.200000e+01 -3.876552e+01 2.858521e+02
    endloop
  endfacet
  facet normal -1.000000e+00 0.000000e+00 0.000000e+00
    outer loop
      vertex   1.200000e+01 -3.876552e+01 2.941479e+02
      vertex   1.200000e+01 -3.876552e+01 2.858521e+02
      vertex   1.200000e+01 -3.900532e+01 2.938772e+02
    endloop
  endfacet
  facet normal -1.000000e+00 0.000000e+00 -0.000000e+00
    outer loop
      vertex   1.200000e+01 -3.900532e+01 2.938772e+02
      vertex   1.200000e+01 -3.876552e+01 2.858521e+02
      vertex   1.200000e+01 -3.900532e+01 2.861228e+02
    endloop
  endfacet
  facet normal -1.000000e+00 0.000000e+00 0.000000e+00
    outer loop
      vertex   1.200000e+01 -3.900532e+01 2.938772e+02
      vertex   1.200000e+01 -3.900532e+01 2.861228e+02
      vertex   1.200000e+01 -3.930292e+01 2.936718e+02
    endloop
  endfacet
  facet normal -1.000000e+00 0.000000e+00 -0.000000e+00
    outer loop
      vertex   1.200000e+01 -3.930292e+01 2.936718e+02
      vertex   1.200000e+01 -3.900532e+01 2.861228e+02
      vertex   1.200000e+01 -3.930292e+01 2.863282e+02
    endloop
  endfacet
  facet normal -1.000000e+00 0.000000e+00 0.000000e+00
    outer loop
      vertex   1.200000e+01 -3.930292e+01 2.936718e+02
      vertex   1.200000e+01 -3.930292e+01 2.863282e+02
      vertex   1.200000e+01 -3.964103e+01 2.935436e+02
    endloop
  endfacet
  facet normal -1.000000e+00 0.000000e+00 -0.000000e+00
    outer loop
      vertex   1.200000e+01 -3.964103e+01 2.935436e+02
      vertex   1.200000e+01 -3.930292e+01 2.863282e+02
      vertex   1.200000e+01 -3.964103e+01 2.864564e+02
    endloop
  endfacet
  facet normal -1.000000e+00 0.000000e+00 0.000000e+00
    outer loop
      vertex   1.200000e+01 -3.964103e+01 2.935436e+02
      vertex   1.200000e+01 -3.964103e+01 2.864564e+02
      vertex   1.200000e+01 -4.000000e+01 2.935000e+02
    endloop
  endfacet
  facet normal -1.000000e+00 0.000000e+00 -0.000000e+00
    outer loop
      vertex   1.200000e+01 -4.000000e+01 2.935000e+02
      vertex   1.200000e+01 -3.964103e+01 2.864564e+02
      vertex   1.200000e+01 -4.000000e+01 2.865000e+02
    endloop
  endfacet
  facet normal -1.000000e+00 0.000000e+00 0.000000e+00
    outer loop
      vertex   1.200000e+01 -4.000000e+01 2.935000e+02
      vertex   1.200000e+01 -4.000000e+01 2.865000e+02
      vertex   1.200000e+01 -4.148587e+01 2.934583e+02
    endloop
  endfacet
  facet normal -1.000000e+00 0.000000e+00 0.000000e+00
    outer loop
      vertex   1.200000e+01 -4.148587e+01 2.934583e+02
      vertex   1.200000e+01 -4.000000e+01 2.865000e+02
      vertex   1.200000e+01 -4.127536e+01 2.864583e+02
    endloop
  endfacet
  facet normal -1.000000e+00 0.000000e+00 -0.000000e+00
    outer loop
      vertex   1.200000e+01 -4.148587e+01 2.934583e+02
      vertex   1.200000e+01 -4.127536e+01 2.864583e+02
      vertex   1.200000e+01 -4.296706e+01 2.933334e+02
    endloop
  endfacet
  facet normal -1.000000e+00 0.000000e+00 0.000000e+00
    outer loop
      vertex   1.200000e+01 -4.296706e+01 2.933334e+02
      vertex   1.200000e+01 -4.127536e+01 2.864583e+02
      vertex   1.200000e+01 -4.254526e+01 2.863332e+02
    endloop
  endfacet
  facet normal -1.000000e+00 0.000000e+00 -0.000000e+00
    outer loop
      vertex   1.200000e+01 -4.296706e+01 2.933334e+02
      vertex   1.200000e+01 -4.254526e+01 2.863332e+02
      vertex   1.200000e+01 -4.443892e+01 2.931256e+02
    endloop
  endfacet
  facet normal -1.000000e+00 0.000000e+00 0.000000e+00
    outer loop
      vertex   1.200000e+01 -4.443892e+01 2.931256e+02
      vertex   1.200000e+01 -4.254526e+01 2.863332e+02
      vertex   1.200000e+01 -4.380426e+01 2.861253e+02
    endloop
  endfacet
  facet normal -1.000000e+00 0.000000e+00 -0.000000e+00
    outer loop
      vertex   1.200000e+01 -4.443892e+01 2.931256e+02
      vertex   1.200000e+01 -4.380426e+01 2.861253e+02
      vertex   1.200000e+01 -4.589681e+01 2.928356e+02
    endloop
  endfacet
  facet normal -1.000000e+00 0.000000e+00 0.000000e+00
    outer loop
      vertex   1.200000e+01 -4.589681e+01 2.928356e+02
      vertex   1.200000e+01 -4.380426e+01 2.861253e+02
      vertex   1.200000e+01 -4.504697e+01 2.858356e+02
    endloop
  endfacet
  facet normal -1.000000e+00 0.000000e+00 -0.000000e+00
    outer loop
      vertex   1.200000e+01 -4.589681e+01 2.928356e+02
      vertex   1.200000e+01 -4.504697e+01 2.858356e+02
      vertex   1.200000e+01 -4.733614e+01 2.924643e+02
    endloop
  endfacet
  facet normal -1.000000e+00 0.000000e+00 0.000000e+00
    outer loop
      vertex   1.200000e+01 -4.733614e+01 2.924643e+02
      vertex   1.200000e+01 -4.504697e+01 2.858356e+02
      vertex   1.200000e+01 -4.626807e+01 2.854651e+02
    endloop
  endfacet
  facet normal -1.000000e+00 0.000000e+00 -0.000000e+00
    outer loop
      vertex   1.200000e+01 -4.733614e+01 2.924643e+02
      vertex   1.200000e+01 -4.626807e+01 2.854651e+02
      vertex   1.200000e+01 -4.875240e+01 2.920129e+02
    endloop
  endfacet
  facet normal -1.000000e+00 0.000000e+00 -0.000000e+00
    outer loop
      vertex   1.200000e+01 -4.875240e+01 2.920129e+02
      vertex   1.200000e+01 -4.626807e+01 2.854651e+02
      vertex   1.200000e+01 -5.014111e+01 2.914828e+02
    endloop
  endfacet
  facet normal -1.000000e+00 0.000000e+00 0.000000e+00
    outer loop
      vertex   1.200000e+01 -5.014111e+01 2.914828e+02
      vertex   1.200000e+01 -4.626807e+01 2.854651e+02
      vertex   1.200000e+01 -4.746233e+01 2.850157e+02
    endloop
  endfacet
  facet normal -1.000000e+00 0.000000e+00 -0.000000e+00
    outer loop
      vertex   1.200000e+01 -5.014111e+01 2.914828e+02
      vertex   1.200000e+01 -4.746233e+01 2.850157e+02
      vertex   1.200000e+01 -5.149792e+01 2.908757e+02
    endloop
  endfacet
  facet normal -1.000000e+00 0.000000e+00 0.000000e+00
    outer loop
      vertex   1.200000e+01 -5.149792e+01 2.908757e+02
      vertex   1.200000e+01 -4.746233e+01 2.850157e+02
      vertex   1.200000e+01 -4.862463e+01 2.844890e+02
    endloop
  endfacet
  facet normal -1.000000e+00 0.000000e+00 -0.000000e+00
    outer loop
      vertex   1.200000e+01 -5.149792e+01 2.908757e+02
      vertex   1.200000e+01 -4.862463e+01 2.844890e+02
      vertex   1.200000e+01 -5.281855e+01 2.901934e+02
    endloop
  endfacet
  facet normal -1.000000e+00 0.000000e+00 0.000000e+00
    outer loop
      vertex   1.200000e+01 -5.281855e+01 2.901934e+02
      vertex   1.200000e+01 -4.862463e+01 2.844890e+02
      vertex   1.200000e+01 -4.975000e+01 2.838875e+02
    endloop
  endfacet
  facet normal -1.000000e+00 0.000000e+00 -0.000000e+00
    outer loop
      vertex   1.200000e+01 -5.281855e+01 2.901934e+02
      vertex   1.200000e+01 -4.975000e+01 2.838875e+02
      vertex   1.200000e+01 -5.409885e+01 2.894382e+02
    endloop
  endfacet
  facet normal -1.000000e+00 0.000000e+00 0.000000e+00
    outer loop
      vertex   1.200000e+01 -5.409885e+01 2.894382e+02
      vertex   1.200000e+01 -4.975000e+01 2.838875e+02
      vertex   1.200000e+01 -5.083362e+01 2.832137e+02
    endloop
  endfacet
  facet normal -1.000000e+00 0.000000e+00 -0.000000e+00
    outer loop
      vertex   1.200000e+01 -5.409885e+01 2.894382e+02
      vertex   1.200000e+01 -5.083362e+01 2.832137e+02
      vertex   1.200000e+01 -5.533479e+01 2.886124e+02
    endloop
  endfacet
  facet normal -1.000000e+00 0.000000e+00 0.000000e+00
    outer loop
      vertex   1.200000e+01 -5.533479e+01 2.886124e+02
      vertex   1.200000e+01 -5.083362e+01 2.832137e+02
      vertex   1.200000e+01 -5.187085e+01 2.824704e+02
    endloop
  endfacet
  facet normal -1.000000e+00 0.000000e+00 -0.000000e+00
    outer loop
      vertex   1.200000e+01 -5.533479e+01 2.886124e+02
      vertex   1.200000e+01 -5.187085e+01 2.824704e+02
      vertex   1.200000e+01 -5.652248e+01 2.877185e+02
    endloop
  endfacet
  facet normal -1.000000e+00 0.000000e+00 0.000000e+00
    outer loop
      vertex   1.200000e+01 -5.652248e+01 2.877185e+02
      vertex   1.200000e+01 -5.187085e+01 2.824704e+02
      vertex   1.200000e+01 -5.285724e+01 2.816609e+02
    endloop
  endfacet
  facet normal -1.000000e+00 0.000000e+00 -0.000000e+00
    outer loop
      vertex   1.200000e+01 -5.652248e+01 2.877185e+02
      vertex   1.200000e+01 -5.285724e+01 2.816609e+02
      vertex   1.200000e+01 -5.765819e+01 2.867595e+02
    endloop
  endfacet
  facet normal -1.000000e+00 0.000000e+00 -0.000000e+00
    outer loop
      vertex   1.200000e+01 -5.765819e+01 2.867595e+02
      vertex   1.200000e+01 -5.285724e+01 2.816609e+02
      vertex   1.200000e+01 -5.873833e+01 2.857383e+02
    endloop
  endfacet
  facet normal -1.000000e+00 0.000000e+00 0.000000e+00
    outer loop
      vertex   1.200000e+01 -5.873833e+01 2.857383e+02
      vertex   1.200000e+01 -5.285724e+01 2.816609e+02
      vertex   1.200000e+01 -5.378858e+01 2.807886e+02
    endloop
  endfacet
  facet normal -1.000000e+00 0.000000e+00 -0.000000e+00
    outer loop
      vertex   1.200000e+01 -5.873833e+01 2.857383e+02
      vertex   1.200000e+01 -5.378858e+01 2.807886e+02
      vertex   1.200000e+01 -5.975952e+01 2.846582e+02
    endloop
  endfacet
  facet normal -1.000000e+00 0.000000e+00 0.000000e+00
    outer loop
      vertex   1.200000e+01 -5.975952e+01 2.846582e+02
      vertex   1.200000e+01 -5.378858e+01 2.807886e+02
      vertex   1.200000e+01 -5.466088e+01 2.798572e+02
    endloop
  endfacet
  facet normal -1.000000e+00 0.000000e+00 -0.000000e+00
    outer loop
      vertex   1.200000e+01 -5.975952e+01 2.846582e+02
      vertex   1.200000e+01 -5.466088e+01 2.798572e+02
      vertex   1.200000e+01 -6.071854e+01 2.835225e+02
    endloop
  endfacet
  facet normal -1.000000e+00 0.000000e+00 0.000000e+00
    outer loop
      vertex   1.200000e+01 -6.071854e+01 2.835225e+02
      vertex   1.200000e+01 -5.466088e+01 2.798572e+02
      vertex   1.200000e+01 -5.547039e+01 2.788709e+02
    endloop
  endfacet
  facet normal -1.000000e+00 0.000000e+00 -0.000000e+00
    outer loop
      vertex   1.200000e+01 -6.071854e+01 2.835225e+02
      vertex   1.200000e+01 -5.547039e+01 2.788709e+02
      vertex   1.200000e+01 -6.161236e+01 2.823348e+02
    endloop
  endfacet
  facet normal -1.000000e+00 0.000000e+00 0.000000e+00
    outer loop
      vertex   1.200000e+01 -6.161236e+01 2.823348e+02
      vertex   1.200000e+01 -5.547039e+01 2.788709e+02
      vertex   1.200000e+01 -5.621366e+01 2.778336e+02
    endloop
  endfacet
  facet normal -1.000000e+00 0.000000e+00 -0.000000e+00
    outer loop
      vertex   1.200000e+01 -6.161236e+01 2.823348e+02
      vertex   1.200000e+01 -5.621366e+01 2.778336e+02
      vertex   1.200000e+01 -6.243819e+01 2.810989e+02
    endloop
  endfacet
  facet normal -1.000000e+00 0.000000e+00 0.000000e+00
    outer loop
      vertex   1.200000e+01 -6.243819e+01 2.810989e+02
      vertex   1.200000e+01 -5.621366e+01 2.778336e+02
      vertex   1.200000e+01 -5.688750e+01 2.767500e+02
    endloop
  endfacet
  facet normal -1.000000e+00 0.000000e+00 -0.000000e+00
    outer loop
      vertex   1.200000e+01 -6.243819e+01 2.810989e+02
      vertex   1.200000e+01 -5.688750e+01 2.767500e+02
      vertex   1.200000e+01 -6.319342e+01 2.798186e+02
    endloop
  endfacet
  facet normal -1.000000e+00 0.000000e+00 0.000000e+00
    outer loop
      vertex   1.200000e+01 -6.319342e+01 2.798186e+02
      vertex   1.200000e+01 -5.688750e+01 2.767500e+02
      vertex   1.200000e+01 -5.748902e+01 2.756246e+02
    endloop
  endfacet
  facet normal -1.000000e+00 0.000000e+00 -0.000000e+00
    outer loop
      vertex   1.200000e+01 -6.319342e+01 2.798186e+02
      vertex   1.200000e+01 -5.748902e+01 2.756246e+02
      vertex   1.200000e+01 -6.387568e+01 2.784979e+02
    endloop
  endfacet
  facet normal -1.000000e+00 0.000000e+00 -0.000000e+00
    outer loop
      vertex   1.200000e+01 -6.387568e+01 2.784979e+02
      vertex   1.200000e+01 -5.748902e+01 2.756246e+02
      vertex   1.200000e+01 -6.448281e+01 2.771411e+02
    endloop
  endfacet
  facet normal -1.000000e+00 0.000000e+00 0.000000e+00
    outer loop
      vertex   1.200000e+01 -6.448281e+01 2.771411e+02
      vertex   1.200000e+01 -5.748902e+01 2.756246e+02
      vertex   1.200000e+01 -5.801565e+01 2.744623e+02
    endloop
  endfacet
  facet normal -1.000000e+00 0.000000e+00 -0.000000e+00
    outer loop
      vertex   1.200000e+01 -6.448281e+01 2.771411e+02
      vertex   1.200000e+01 -5.801565e+01 2.744623e+02
      vertex   1.200000e+01 -6.501291e+01 2.757524e+02
    endloop
  endfacet
  facet normal -1.000000e+00 0.000000e+00 0.000000e+00
    outer loop
      vertex   1.200000e+01 -6.501291e+01 2.757524e+02
      vertex   1.200000e+01 -5.801565e+01 2.744623e+02
      vertex   1.200000e+01 -5.846514e+01 2.732681e+02
    endloop
  endfacet
  facet normal -1.000000e+00 0.000000e+00 -0.000000e+00
    outer loop
      vertex   1.200000e+01 -6.501291e+01 2.757524e+02
      vertex   1.200000e+01 -5.846514e+01 2.732681e+02
      vertex   1.200000e+01 -6.546431e+01 2.743361e+02
    endloop
  endfacet
  facet normal -1.000000e+00 0.000000e+00 0.000000e+00
    outer loop
      vertex   1.200000e+01 -6.546431e+01 2.743361e+02
      vertex   1.200000e+01 -5.846514e+01 2.732681e+02
      vertex   1.200000e+01 -5.883555e+01 2.720470e+02
    endloop
  endfacet
  facet normal -1.000000e+00 0.000000e+00 -0.000000e+00
    outer loop
      vertex   1.200000e+01 -6.546431e+01 2.743361e+02
      vertex   1.200000e+01 -5.883555e+01 2.720470e+02
      vertex   1.200000e+01 -6.583559e+01 2.728968e+02
    endloop
  endfacet
  facet normal -1.000000e+00 0.000000e+00 0.000000e+00
    outer loop
      vertex   1.200000e+01 -6.583559e+01 2.728968e+02
      vertex   1.200000e+01 -5.883555e+01 2.720470e+02
      vertex   1.200000e+01 -5.912531e+01 2.708043e+02
    endloop
  endfacet
  facet normal -1.000000e+00 0.000000e+00 -0.000000e+00
    outer loop
      vertex   1.200000e+01 -6.583559e+01 2.728968e+02
      vertex   1.200000e+01 -5.912531e+01 2.708043e+02
      vertex   1.200000e+01 -6.612558e+01 2.714389e+02
    endloop
  endfacet
  facet normal -1.000000e+00 0.000000e+00 0.000000e+00
    outer loop
      vertex   1.200000e+01 -6.612558e+01 2.714389e+02
      vertex   1.200000e+01 -5.912531e+01 2.708043e+02
      vertex   1.200000e+01 -5.933318e+01 2.695453e+02
    endloop
  endfacet
  facet normal -1.000000e+00 0.000000e+00 -0.000000e+00
    outer loop
      vertex   1.200000e+01 -6.612558e+01 2.714389e+02
      vertex   1.200000e+01 -5.933318e+01 2.695453e+02
      vertex   1.200000e+01 -6.633337e+01 2.699671e+02
    endloop
  endfacet
  facet normal -1.000000e+00 0.000000e+00 0.000000e+00
    outer loop
      vertex   1.200000e+01 -6.633337e+01 2.699671e+02
      vertex   1.200000e+01 -5.933318e+01 2.695453e+02
      vertex   1.200000e+01 -5.945825e+01 2.682754e+02
    endloop
  endfacet
  facet normal -1.000000e+00 0.000000e+00 -0.000000e+00
    outer loop
      vertex   1.200000e+01 -6.633337e+01 2.699671e+02
      vertex   1.200000e+01 -5.945825e+01 2.682754e+02
      vertex   1.200000e+01 -6.645831e+01 2.684859e+02
    endloop
  endfacet
  facet normal -1.000000e+00 0.000000e+00 0.000000e+00
    outer loop
      vertex   1.200000e+01 -6.645831e+01 2.684859e+02
      vertex   1.200000e+01 -5.945825e+01 2.682754e+02
      vertex   1.200000e+01 -5.950000e+01 2.670000e+02
    endloop
  endfacet
  facet normal -1.000000e+00 0.000000e+00 -0.000000e+00
    outer loop
      vertex   1.200000e+01 -6.645831e+01 2.684859e+02
      vertex   1.200000e+01 -5.950000e+01 2.670000e+02
      vertex   1.200000e+01 -6.650000e+01 2.670000e+02
    endloop
  endfacet
  facet normal -1.000000e+00 0.000000e+00 -0.000000e+00
    outer loop
      vertex   1.200000e+01 -6.650000e+01 2.670000e+02
      vertex   1.200000e+01 -5.950000e+01 2.670000e+02
      vertex   1.200000e+01 -6.654359e+01 2.666410e+02
    endloop
  endfacet
  facet normal -1.000000e+00 0.000000e+00 0.000000e+00
    outer loop
      vertex   1.200000e+01 -6.654359e+01 2.666410e+02
      vertex   1.200000e+01 -5.950000e+01 2.670000e+02
      vertex   1.200000e+01 -5.945641e+01 2.666410e+02
    endloop
  endfacet
  facet normal -1.000000e+00 0.000000e+00 -0.000000e+00
    outer loop
      vertex   1.200000e+01 -6.654359e+01 2.666410e+02
      vertex   1.200000e+01 -5.945641e+01 2.666410e+02
      vertex   1.200000e+01 -6.667182e+01 2.663029e+02
    endloop
  endfacet
  facet normal -1.000000e+00 0.000000e+00 0.000000e+00
    outer loop
      vertex   1.200000e+01 -6.667182e+01 2.663029e+02
      vertex   1.200000e+01 -5.945641e+01 2.666410e+02
      vertex   1.200000e+01 -5.932818e+01 2.663029e+02
    endloop
  endfacet
  facet normal -1.000000e+00 0.000000e+00 -0.000000e+00
    outer loop
      vertex   1.200000e+01 -6.667182e+01 2.663029e+02
      vertex   1.200000e+01 -5.932818e+01 2.663029e+02
      vertex   1.200000e+01 -6.687723e+01 2.660053e+02
    endloop
  endfacet
  facet normal -1.000000e+00 0.000000e+00 0.000000e+00
    outer loop
      vertex   1.200000e+01 -6.687723e+01 2.660053e+02
      vertex   1.200000e+01 -5.932818e+01 2.663029e+02
      vertex   1.200000e+01 -5.912277e+01 2.660053e+02
    endloop
  endfacet
  facet normal -1.000000e+00 0.000000e+00 -0.000000e+00
    outer loop
      vertex   1.200000e+01 -6.687723e+01 2.660053e+02
      vertex   1.200000e+01 -5.912277e+01 2.660053e+02
      vertex   1.200000e+01 -6.714790e+01 2.657655e+02
    endloop
  endfacet
  facet normal -1.000000e+00 0.000000e+00 0.000000e+00
    outer loop
      vertex   1.200000e+01 -6.714790e+01 2.657655e+02
      vertex   1.200000e+01 -5.912277e+01 2.660053e+02
      vertex   1.200000e+01 -5.885210e+01 2.657655e+02
    endloop
  endfacet
  facet normal -1.000000e+00 0.000000e+00 -0.000000e+00
    outer loop
      vertex   1.200000e+01 -6.714790e+01 2.657655e+02
      vertex   1.200000e+01 -5.885210e+01 2.657655e+02
      vertex   1.200000e+01 -6.746809e+01 2.655975e+02
    endloop
  endfacet
  facet normal -1.000000e+00 0.000000e+00 0.000000e+00
    outer loop
      vertex   1.200000e+01 -6.746809e+01 2.655975e+02
      vertex   1.200000e+01 -5.885210e+01 2.657655e+02
      vertex   1.200000e+01 -5.853191e+01 2.655975e+02
    endloop
  endfacet
  facet normal -1.000000e+00 0.000000e+00 -0.000000e+00
    outer loop
      vertex   1.200000e+01 -6.746809e+01 2.655975e+02
      vertex   1.200000e+01 -5.853191e+01 2.655975e+02
      vertex   1.200000e+01 -6.781920e+01 2.655109e+02
    endloop
  endfacet
  facet normal -1.000000e+00 0.000000e+00 0.000000e+00
    outer loop
      vertex   1.200000e+01 -6.781920e+01 2.655109e+02
      vertex   1.200000e+01 -5.853191e+01 2.655975e+02
      vertex   1.200000e+01 -5.818081e+01 2.655109e+02
    endloop
  endfacet
  facet normal -1.000000e+00 0.000000e+00 -0.000000e+00
    outer loop
      vertex   1.200000e+01 -6.781920e+01 2.655109e+02
      vertex   1.200000e+01 -5.818081e+01 2.655109e+02
      vertex   1.200000e+01 -7.300000e+01 2.639766e+02
    endloop
  endfacet
  facet normal -1.000000e+00 0.000000e+00 0.000000e+00
    outer loop
      vertex   1.200000e+01 -7.300000e+01 2.639766e+02
      vertex   1.200000e+01 -5.818081e+01 2.655109e+02
      vertex   1.200000e+01 -5.781920e+01 2.655109e+02
    endloop
  endfacet
  facet normal -1.000000e+00 0.000000e+00 0.000000e+00
    outer loop
      vertex   1.200000e+01 -7.300000e+01 2.639766e+02
      vertex   1.200000e+01 -5.781920e+01 2.655109e+02
      vertex   1.200000e+01 -3.700000e+01 2.639766e+02
    endloop
  endfacet
  facet normal -1.000000e+00 0.000000e+00 0.000000e+00
    outer loop
      vertex   1.200000e+01 -3.851094e+01 2.851808e+02
      vertex   1.200000e+01 -3.700000e+01 2.989766e+02
      vertex   1.200000e+01 -3.851094e+01 2.848192e+02
    endloop
  endfacet
  facet normal -1.000000e+00 0.000000e+00 0.000000e+00
    outer loop
      vertex   1.200000e+01 -3.851094e+01 2.848192e+02
      vertex   1.200000e+01 -3.700000e+01 2.989766e+02
      vertex   1.200000e+01 -3.700000e+01 2.639766e+02
    endloop
  endfacet
  facet normal -1.000000e+00 0.000000e+00 0.000000e+00
    outer loop
      vertex   1.200000e+01 -7.300000e+01 2.679766e+02
      vertex   1.200000e+01 -6.945641e+01 2.666410e+02
      vertex   1.200000e+01 -7.300000e+01 2.639766e+02
    endloop
  endfacet
  facet normal -1.000000e+00 0.000000e+00 0.000000e+00
    outer loop
      vertex   1.200000e+01 -7.300000e+01 2.639766e+02
      vertex   1.200000e+01 -6.945641e+01 2.666410e+02
      vertex   1.200000e+01 -6.932819e+01 2.663029e+02
    endloop
  endfacet
  facet normal -1.000000e+00 0.000000e+00 0.000000e+00
    outer loop
      vertex   1.200000e+01 -7.300000e+01 2.639766e+02
      vertex   1.200000e+01 -6.932819e+01 2.663029e+02
      vertex   1.200000e+01 -6.912277e+01 2.660053e+02
    endloop
  endfacet
  facet normal -1.000000e+00 0.000000e+00 -0.000000e+00
    outer loop
      vertex   1.200000e+01 -6.912277e+01 2.660053e+02
      vertex   1.200000e+01 -6.885210e+01 2.657655e+02
      vertex   1.200000e+01 -7.300000e+01 2.639766e+02
    endloop
  endfacet
  facet normal -1.000000e+00 0.000000e+00 0.000000e+00
    outer loop
      vertex   1.200000e+01 -7.300000e+01 2.639766e+02
      vertex   1.200000e+01 -6.885210e+01 2.657655e+02
      vertex   1.200000e+01 -6.853191e+01 2.655975e+02
    endloop
  endfacet
  facet normal -1.000000e+00 0.000000e+00 0.000000e+00
    outer loop
      vertex   1.200000e+01 -7.300000e+01 2.639766e+02
      vertex   1.200000e+01 -6.853191e+01 2.655975e+02
      vertex   1.200000e+01 -6.818081e+01 2.655109e+02
    endloop
  endfacet
  facet normal -1.000000e+00 0.000000e+00 -0.000000e+00
    outer loop
      vertex   1.200000e+01 -6.818081e+01 2.655109e+02
      vertex   1.200000e+01 -6.781920e+01 2.655109e+02
      vertex   1.200000e+01 -7.300000e+01 2.639766e+02
    endloop
  endfacet
  facet normal 0.000000e+00 -2.617695e-02 9.996573e-01
    outer loop
      vertex   -1.200000e+01 -4.200000e+01 2.989766e+02
      vertex   -2.000000e+01 -4.200000e+01 2.989766e+02
      vertex   -1.200000e+01 -4.362242e+01 2.989341e+02
    endloop
  endfacet
  facet normal 2.324980e-17 -2.617695e-02 9.996573e-01
    outer loop
      vertex   -1.200000e+01 -4.362242e+01 2.989341e+02
      vertex   -2.000000e+01 -4.200000e+01 2.989766e+02
      vertex   -2.000000e+01 -4.362242e+01 2.989341e+02
    endloop
  endfacet
  facet normal 6.968567e-17 -7.845910e-02 9.969173e-01
    outer loop
      vertex   -1.200000e+01 -4.362242e+01 2.989341e+02
      vertex   -2.000000e+01 -4.362242e+01 2.989341e+02
      vertex   -1.200000e+01 -4.524038e+01 2.988068e+02
    endloop
  endfacet
  facet normal 0.000000e+00 -7.845910e-02 9.969173e-01
    outer loop
      vertex   -1.200000e+01 -4.524038e+01 2.988068e+02
      vertex   -2.000000e+01 -4.362242e+01 2.989341e+02
      vertex   -2.000000e+01 -4.524038e+01 2.988068e+02
    endloop
  endfacet
  facet normal 0.000000e+00 -1.305262e-01 9.914449e-01
    outer loop
      vertex   -1.200000e+01 -4.524038e+01 2.988068e+02
      vertex   -2.000000e+01 -4.524038e+01 2.988068e+02
      vertex   -1.200000e+01 -4.684947e+01 2.985949e+02
    endloop
  endfacet
  facet normal 0.000000e+00 -1.305262e-01 9.914449e-01
    outer loop
      vertex   -1.200000e+01 -4.684947e+01 2.985949e+02
      vertex   -2.000000e+01 -4.524038e+01 2.988068e+02
      vertex   -2.000000e+01 -4.684947e+01 2.985949e+02
    endloop
  endfacet
  facet normal 0.000000e+00 -1.822355e-01 9.832549e-01
    outer loop
      vertex   -1.200000e+01 -4.684947e+01 2.985949e+02
      vertex   -2.000000e+01 -4.684947e+01 2.985949e+02
      vertex   -1.200000e+01 -4.844526e+01 2.982992e+02
    endloop
  endfacet
  facet normal 0.000000e+00 -1.822355e-01 9.832549e-01
    outer loop
      vertex   -1.200000e+01 -4.844526e+01 2.982992e+02
      vertex   -2.000000e+01 -4.684947e+01 2.985949e+02
      vertex   -2.000000e+01 -4.844526e+01 2.982992e+02
    endloop
  endfacet
  facet normal 0.000000e+00 -2.334454e-01 9.723699e-01
    outer loop
      vertex   -1.200000e+01 -4.844526e+01 2.982992e+02
      vertex   -2.000000e+01 -4.844526e+01 2.982992e+02
      vertex   -1.200000e+01 -5.002339e+01 2.979203e+02
    endloop
  endfacet
  facet normal 0.000000e+00 -2.334454e-01 9.723699e-01
    outer loop
      vertex   -1.200000e+01 -5.002339e+01 2.979203e+02
      vertex   -2.000000e+01 -4.844526e+01 2.982992e+02
      vertex   -2.000000e+01 -5.002339e+01 2.979203e+02
    endloop
  endfacet
  facet normal 0.000000e+00 -2.840153e-01 9.588197e-01
    outer loop
      vertex   -1.200000e+01 -5.002339e+01 2.979203e+02
      vertex   -2.000000e+01 -5.002339e+01 2.979203e+02
      vertex   -1.200000e+01 -5.157953e+01 2.974593e+02
    endloop
  endfacet
  facet normal 0.000000e+00 -2.840153e-01 9.588197e-01
    outer loop
      vertex   -1.200000e+01 -5.157953e+01 2.974593e+02
      vertex   -2.000000e+01 -5.002339e+01 2.979203e+02
      vertex   -2.000000e+01 -5.157953e+01 2.974593e+02
    endloop
  endfacet
  facet normal 0.000000e+00 -3.338069e-01 9.426415e-01
    outer loop
      vertex   -1.200000e+01 -5.157953e+01 2.974593e+02
      vertex   -2.000000e+01 -5.157953e+01 2.974593e+02
      vertex   -1.200000e+01 -5.310941e+01 2.969176e+02
    endloop
  endfacet
  facet normal 0.000000e+00 -3.338069e-01 9.426415e-01
    outer loop
      vertex   -1.200000e+01 -5.310941e+01 2.969176e+02
      vertex   -2.000000e+01 -5.157953e+01 2.974593e+02
      vertex   -2.000000e+01 -5.310941e+01 2.969176e+02
    endloop
  endfacet
  facet normal 0.000000e+00 -3.826834e-01 9.238795e-01
    outer loop
      vertex   -1.200000e+01 -5.310941e+01 2.969176e+02
      vertex   -2.000000e+01 -5.310941e+01 2.969176e+02
      vertex   -1.200000e+01 -5.460884e+01 2.962965e+02
    endloop
  endfacet
  facet normal 3.398912e-16 -3.826834e-01 9.238795e-01
    outer loop
      vertex   -1.200000e+01 -5.460884e+01 2.962965e+02
      vertex   -2.000000e+01 -5.310941e+01 2.969176e+02
      vertex   -2.000000e+01 -5.460884e+01 2.962965e+02
    endloop
  endfacet
  facet normal 3.823707e-16 -4.305111e-01 9.025853e-01
    outer loop
      vertex   -1.200000e+01 -5.460884e+01 2.962965e+02
      vertex   -2.000000e+01 -5.460884e+01 2.962965e+02
      vertex   -1.200000e+01 -5.607371e+01 2.955978e+02
    endloop
  endfacet
  facet normal 0.000000e+00 -4.305111e-01 9.025853e-01
    outer loop
      vertex   -1.200000e+01 -5.607371e+01 2.955978e+02
      vertex   -2.000000e+01 -5.460884e+01 2.962965e+02
      vertex   -2.000000e+01 -5.607371e+01 2.955978e+02
    endloop
  endfacet
  facet normal 0.000000e+00 -4.771588e-01 8.788171e-01
    outer loop
      vertex   -1.200000e+01 -5.607371e+01 2.955978e+02
      vertex   -2.000000e+01 -5.607371e+01 2.955978e+02
      vertex   -1.200000e+01 -5.750000e+01 2.948234e+02
    endloop
  endfacet
  facet normal 0.000000e+00 -4.771588e-01 8.788171e-01
    outer loop
      vertex   -1.200000e+01 -5.750000e+01 2.948234e+02
      vertex   -2.000000e+01 -5.607371e+01 2.955978e+02
      vertex   -2.000000e+01 -5.750000e+01 2.948234e+02
    endloop
  endfacet
  facet normal 0.000000e+00 -5.224986e-01 8.526402e-01
    outer loop
      vertex   -1.200000e+01 -5.750000e+01 2.948234e+02
      vertex   -2.000000e+01 -5.750000e+01 2.948234e+02
      vertex   -1.200000e+01 -5.888381e+01 2.939754e+02
    endloop
  endfacet
  facet normal 4.640719e-16 -5.224986e-01 8.526402e-01
    outer loop
      vertex   -1.200000e+01 -5.888381e+01 2.939754e+02
      vertex   -2.000000e+01 -5.750000e+01 2.948234e+02
      vertex   -2.000000e+01 -5.888381e+01 2.939754e+02
    endloop
  endfacet
  facet normal 5.030698e-16 -5.664062e-01 8.241262e-01
    outer loop
      vertex   -1.200000e+01 -5.888381e+01 2.939754e+02
      vertex   -2.000000e+01 -5.888381e+01 2.939754e+02
      vertex   -1.200000e+01 -6.022134e+01 2.930561e+02
    endloop
  endfacet
  facet normal 0.000000e+00 -5.664062e-01 8.241262e-01
    outer loop
      vertex   -1.200000e+01 -6.022134e+01 2.930561e+02
      vertex   -2.000000e+01 -5.888381e+01 2.939754e+02
      vertex   -2.000000e+01 -6.022134e+01 2.930561e+02
    endloop
  endfacet
  facet normal 0.000000e+00 -6.087614e-01 7.933533e-01
    outer loop
      vertex   -1.200000e+01 -6.022134e+01 2.930561e+02
      vertex   -2.000000e+01 -6.022134e+01 2.930561e+02
      vertex   -1.200000e+01 -6.150893e+01 2.920681e+02
    endloop
  endfacet
  facet normal 0.000000e+00 -6.087614e-01 7.933533e-01
    outer loop
      vertex   -1.200000e+01 -6.150893e+01 2.920681e+02
      vertex   -2.000000e+01 -6.022134e+01 2.930561e+02
      vertex   -2.000000e+01 -6.150893e+01 2.920681e+02
    endloop
  endfacet
  facet normal 0.000000e+00 -6.494480e-01 7.604060e-01
    outer loop
      vertex   -1.200000e+01 -6.150893e+01 2.920681e+02
      vertex   -2.000000e+01 -6.150893e+01 2.920681e+02
      vertex   -1.200000e+01 -6.274305e+01 2.910141e+02
    endloop
  endfacet
  facet normal 0.000000e+00 -6.494480e-01 7.604060e-01
    outer loop
      vertex   -1.200000e+01 -6.274305e+01 2.910141e+02
      vertex   -2.000000e+01 -6.150893e+01 2.920681e+02
      vertex   -2.000000e+01 -6.274305e+01 2.910141e+02
    endloop
  endfacet
  facet normal 0.000000e+00 -6.883546e-01 7.253744e-01
    outer loop
      vertex   -1.200000e+01 -6.274305e+01 2.910141e+02
      vertex   -2.000000e+01 -6.274305e+01 2.910141e+02
      vertex   -1.200000e+01 -6.392031e+01 2.898969e+02
    endloop
  endfacet
  facet normal 0.000000e+00 -6.883546e-01 7.253744e-01
    outer loop
      vertex   -1.200000e+01 -6.392031e+01 2.898969e+02
      vertex   -2.000000e+01 -6.274305e+01 2.910141e+02
      vertex   -2.000000e+01 -6.392031e+01 2.898969e+02
    endloop
  endfacet
  facet normal 0.000000e+00 -7.253744e-01 6.883546e-01
    outer loop
      vertex   -1.200000e+01 -6.392031e+01 2.898969e+02
      vertex   -2.000000e+01 -6.392031e+01 2.898969e+02
      vertex   -1.200000e+01 -6.503749e+01 2.887196e+02
    endloop
  endfacet
  facet normal 0.000000e+00 -7.253744e-01 6.883546e-01
    outer loop
      vertex   -1.200000e+01 -6.503749e+01 2.887196e+02
      vertex   -2.000000e+01 -6.392031e+01 2.898969e+02
      vertex   -2.000000e+01 -6.503749e+01 2.887196e+02
    endloop
  endfacet
  facet normal 0.000000e+00 -7.604060e-01 6.494480e-01
    outer loop
      vertex   -1.200000e+01 -6.503749e+01 2.887196e+02
      vertex   -2.000000e+01 -6.503749e+01 2.887196e+02
      vertex   -1.200000e+01 -6.609153e+01 2.874855e+02
    endloop
  endfacet
  facet normal 0.000000e+00 -7.604060e-01 6.494480e-01
    outer loop
      vertex   -1.200000e+01 -6.609153e+01 2.874855e+02
      vertex   -2.000000e+01 -6.503749e+01 2.887196e+02
      vertex   -2.000000e+01 -6.609153e+01 2.874855e+02
    endloop
  endfacet
  facet normal 0.000000e+00 -7.933533e-01 6.087614e-01
    outer loop
      vertex   -1.200000e+01 -6.609153e+01 2.874855e+02
      vertex   -2.000000e+01 -6.609153e+01 2.874855e+02
      vertex   -1.200000e+01 -6.707953e+01 2.861979e+02
    endloop
  endfacet
  facet normal 0.000000e+00 -7.933533e-01 6.087614e-01
    outer loop
      vertex   -1.200000e+01 -6.707953e+01 2.861979e+02
      vertex   -2.000000e+01 -6.609153e+01 2.874855e+02
      vertex   -2.000000e+01 -6.707953e+01 2.861979e+02
    endloop
  endfacet
  facet normal 0.000000e+00 -8.241262e-01 5.664062e-01
    outer loop
      vertex   -1.200000e+01 -6.707953e+01 2.861979e+02
      vertex   -2.000000e+01 -6.707953e+01 2.861979e+02
      vertex   -1.200000e+01 -6.799879e+01 2.848604e+02
    endloop
  endfacet
  facet normal 0.000000e+00 -8.241262e-01 5.664062e-01
    outer loop
      vertex   -1.200000e+01 -6.799879e+01 2.848604e+02
      vertex   -2.000000e+01 -6.707953e+01 2.861979e+02
      vertex   -2.000000e+01 -6.799879e+01 2.848604e+02
    endloop
  endfacet
  facet normal 0.000000e+00 -8.526402e-01 5.224986e-01
    outer loop
      vertex   -1.200000e+01 -6.799879e+01 2.848604e+02
      vertex   -2.000000e+01 -6.799879e+01 2.848604e+02
      vertex   -1.200000e+01 -6.884679e+01 2.834766e+02
    endloop
  endfacet
  facet normal 0.000000e+00 -8.526402e-01 5.224986e-01
    outer loop
      vertex   -1.200000e+01 -6.884679e+01 2.834766e+02
      vertex   -2.000000e+01 -6.799879e+01 2.848604e+02
      vertex   -2.000000e+01 -6.884679e+01 2.834766e+02
    endloop
  endfacet
  facet normal 0.000000e+00 -8.788171e-01 4.771588e-01
    outer loop
      vertex   -1.200000e+01 -6.884679e+01 2.834766e+02
      vertex   -2.000000e+01 -6.884679e+01 2.834766e+02
      vertex   -1.200000e+01 -6.962120e+01 2.820503e+02
    endloop
  endfacet
  facet normal 0.000000e+00 -8.788171e-01 4.771588e-01
    outer loop
      vertex   -1.200000e+01 -6.962120e+01 2.820503e+02
      vertex   -2.000000e+01 -6.884679e+01 2.834766e+02
      vertex   -2.000000e+01 -6.962120e+01 2.820503e+02
    endloop
  endfacet
  facet normal 0.000000e+00 -9.025853e-01 4.305111e-01
    outer loop
      vertex   -1.200000e+01 -6.962120e+01 2.820503e+02
      vertex   -2.000000e+01 -6.962120e+01 2.820503e+02
      vertex   -1.200000e+01 -7.031991e+01 2.805854e+02
    endloop
  endfacet
  facet normal -3.058965e-15 -9.025853e-01 4.305111e-01
    outer loop
      vertex   -1.200000e+01 -7.031991e+01 2.805854e+02
      vertex   -2.000000e+01 -6.962120e+01 2.820503e+02
      vertex   -2.000000e+01 -7.031991e+01 2.805854e+02
    endloop
  endfacet
  facet normal -2.719129e-15 -9.238795e-01 3.826834e-01
    outer loop
      vertex   -1.200000e+01 -7.031991e+01 2.805854e+02
      vertex   -2.000000e+01 -7.031991e+01 2.805854e+02
      vertex   -1.200000e+01 -7.094099e+01 2.790860e+02
    endloop
  endfacet
  facet normal 0.000000e+00 -9.238795e-01 3.826834e-01
    outer loop
      vertex   -1.200000e+01 -7.094099e+01 2.790860e+02
      vertex   -2.000000e+01 -7.031991e+01 2.805854e+02
      vertex   -2.000000e+01 -7.094099e+01 2.790860e+02
    endloop
  endfacet
  facet normal 0.000000e+00 -9.426415e-01 3.338069e-01
    outer loop
      vertex   -1.200000e+01 -7.094099e+01 2.790860e+02
      vertex   -2.000000e+01 -7.094099e+01 2.790860e+02
      vertex   -1.200000e+01 -7.148275e+01 2.775561e+02
    endloop
  endfacet
  facet normal 0.000000e+00 -9.426415e-01 3.338069e-01
    outer loop
      vertex   -1.200000e+01 -7.148275e+01 2.775561e+02
      vertex   -2.000000e+01 -7.094099e+01 2.790860e+02
      vertex   -2.000000e+01 -7.148275e+01 2.775561e+02
    endloop
  endfacet
  facet normal 0.000000e+00 -9.588197e-01 2.840153e-01
    outer loop
      vertex   -1.200000e+01 -7.148275e+01 2.775561e+02
      vertex   -2.000000e+01 -7.148275e+01 2.775561e+02
      vertex   -1.200000e+01 -7.194370e+01 2.760000e+02
    endloop
  endfacet
  facet normal 0.000000e+00 -9.588197e-01 2.840153e-01
    outer loop
      vertex   -1.200000e+01 -7.194370e+01 2.760000e+02
      vertex   -2.000000e+01 -7.148275e+01 2.775561e+02
      vertex   -2.000000e+01 -7.194370e+01 2.760000e+02
    endloop
  endfacet
  facet normal 0.000000e+00 -9.723699e-01 2.334454e-01
    outer loop
      vertex   -1.200000e+01 -7.194370e+01 2.760000e+02
      vertex   -2.000000e+01 -7.194370e+01 2.760000e+02
      vertex   -1.200000e+01 -7.232258e+01 2.744219e+02
    endloop
  endfacet
  facet normal 0.000000e+00 -9.723699e-01 2.334454e-01
    outer loop
      vertex   -1.200000e+01 -7.232258e+01 2.744219e+02
      vertex   -2.000000e+01 -7.194370e+01 2.760000e+02
      vertex   -2.000000e+01 -7.232258e+01 2.744219e+02
    endloop
  endfacet
  facet normal 0.000000e+00 -9.832549e-01 1.822355e-01
    outer loop
      vertex   -1.200000e+01 -7.232258e+01 2.744219e+02
      vertex   -2.000000e+01 -7.232258e+01 2.744219e+02
      vertex   -1.200000e+01 -7.261834e+01 2.728261e+02
    endloop
  endfacet
  facet normal 0.000000e+00 -9.832549e-01 1.822355e-01
    outer loop
      vertex   -1.200000e+01 -7.261834e+01 2.728261e+02
      vertex   -2.000000e+01 -7.232258e+01 2.744219e+02
      vertex   -2.000000e+01 -7.261834e+01 2.728261e+02
    endloop
  endfacet
  facet normal 0.000000e+00 -9.914449e-01 1.305262e-01
    outer loop
      vertex   -1.200000e+01 -7.261834e+01 2.728261e+02
      vertex   -2.000000e+01 -7.261834e+01 2.728261e+02
      vertex   -1.200000e+01 -7.283018e+01 2.712170e+02
    endloop
  endfacet
  facet normal 0.000000e+00 -9.914449e-01 1.305262e-01
    outer loop
      vertex   -1.200000e+01 -7.283018e+01 2.712170e+02
      vertex   -2.000000e+01 -7.261834e+01 2.728261e+02
      vertex   -2.000000e+01 -7.283018e+01 2.712170e+02
    endloop
  endfacet
  facet normal 0.000000e+00 -9.969173e-01 7.845910e-02
    outer loop
      vertex   -1.200000e+01 -7.283018e+01 2.712170e+02
      vertex   -2.000000e+01 -7.283018e+01 2.712170e+02
      vertex   -1.200000e+01 -7.295752e+01 2.695990e+02
    endloop
  endfacet
  facet normal 0.000000e+00 -9.969173e-01 7.845910e-02
    outer loop
      vertex   -1.200000e+01 -7.295752e+01 2.695990e+02
      vertex   -2.000000e+01 -7.283018e+01 2.712170e+02
      vertex   -2.000000e+01 -7.295752e+01 2.695990e+02
    endloop
  endfacet
  facet normal 0.000000e+00 -9.996573e-01 2.617695e-02
    outer loop
      vertex   -1.200000e+01 -7.295752e+01 2.695990e+02
      vertex   -2.000000e+01 -7.295752e+01 2.695990e+02
      vertex   -1.200000e+01 -7.300000e+01 2.679766e+02
    endloop
  endfacet
  facet normal 0.000000e+00 -9.996573e-01 2.617695e-02
    outer loop
      vertex   -1.200000e+01 -7.300000e+01 2.679766e+02
      vertex   -2.000000e+01 -7.295752e+01 2.695990e+02
      vertex   -2.000000e+01 -7.300000e+01 2.679766e+02
    endloop
  endfacet
  facet normal 0.000000e+00 0.000000e+00 1.000000e+00
    outer loop
      vertex   -2.000000e+01 -4.200000e+01 2.989766e+02
      vertex   -1.200000e+01 -4.200000e+01 2.989766e+02
      vertex   -2.000000e+01 -3.700000e+01 2.989766e+02
    endloop
  endfacet
  facet normal -0.000000e+00 0.000000e+00 1.000000e+00
    outer loop
      vertex   -2.000000e+01 -3.700000e+01 2.989766e+02
      vertex   -1.200000e+01 -4.200000e+01 2.989766e+02
      vertex   -1.200000e+01 -3.700000e+01 2.989766e+02
    endloop
  endfacet
  facet normal 1.000000e+00 0.000000e+00 0.000000e+00
    outer loop
      vertex   -1.200000e+01 -4.205701e+01 2.674227e+02
      vertex   -1.200000e+01 -5.645796e+01 2.681771e+02
      vertex   -1.200000e+01 -4.210000e+01 2.670000e+02
    endloop
  endfacet
  facet normal 1.000000e+00 0.000000e+00 0.000000e+00
    outer loop
      vertex   -1.200000e+01 -4.210000e+01 2.670000e+02
      vertex   -1.200000e+01 -5.645796e+01 2.681771e+02
      vertex   -1.200000e+01 -5.650000e+01 2.670000e+02
    endloop
  endfacet
  facet normal 1.000000e+00 0.000000e+00 0.000000e+00
    outer loop
      vertex   -1.200000e+01 -4.210000e+01 2.670000e+02
      vertex   -1.200000e+01 -5.650000e+01 2.670000e+02
      vertex   -1.200000e+01 -4.205701e+01 2.665773e+02
    endloop
  endfacet
  facet normal 1.000000e+00 0.000000e+00 0.000000e+00
    outer loop
      vertex   -1.200000e+01 -4.205701e+01 2.665773e+02
      vertex   -1.200000e+01 -5.650000e+01 2.670000e+02
      vertex   -1.200000e+01 -5.654359e+01 2.666410e+02
    endloop
  endfacet
  facet normal 1.000000e+00 0.000000e+00 0.000000e+00
    outer loop
      vertex   -1.200000e+01 -4.205701e+01 2.665773e+02
      vertex   -1.200000e+01 -5.654359e+01 2.666410e+02
      vertex   -1.200000e+01 -4.192981e+01 2.661719e+02
    endloop
  endfacet
  facet normal 1.000000e+00 0.000000e+00 0.000000e+00
    outer loop
      vertex   -1.200000e+01 -4.192981e+01 2.661719e+02
      vertex   -1.200000e+01 -5.654359e+01 2.666410e+02
      vertex   -1.200000e+01 -5.667182e+01 2.663029e+02
    endloop
  endfacet
  facet normal 1.000000e+00 0.000000e+00 0.000000e+00
    outer loop
      vertex   -1.200000e+01 -4.192981e+01 2.661719e+02
      vertex   -1.200000e+01 -5.667182e+01 2.663029e+02
      vertex   -1.200000e+01 -4.172360e+01 2.658003e+02
    endloop
  endfacet
  facet normal 1.000000e+00 0.000000e+00 0.000000e+00
    outer loop
      vertex   -1.200000e+01 -4.172360e+01 2.658003e+02
      vertex   -1.200000e+01 -5.667182e+01 2.663029e+02
      vertex   -1.200000e+01 -5.687723e+01 2.660053e+02
    endloop
  endfacet
  facet normal 1.000000e+00 0.000000e+00 0.000000e+00
    outer loop
      vertex   -1.200000e+01 -4.172360e+01 2.658003e+02
      vertex   -1.200000e+01 -5.687723e+01 2.660053e+02
      vertex   -1.200000e+01 -4.144683e+01 2.654779e+02
    endloop
  endfacet
  facet normal 1.000000e+00 0.000000e+00 0.000000e+00
    outer loop
      vertex   -1.200000e+01 -4.144683e+01 2.654779e+02
      vertex   -1.200000e+01 -5.687723e+01 2.660053e+02
      vertex   -1.200000e+01 -5.714790e+01 2.657655e+02
    endloop
  endfacet
  facet normal 1.000000e+00 0.000000e+00 0.000000e+00
    outer loop
      vertex   -1.200000e+01 -4.144683e+01 2.654779e+02
      vertex   -1.200000e+01 -5.714790e+01 2.657655e+02
      vertex   -1.200000e+01 -4.111083e+01 2.652179e+02
    endloop
  endfacet
  facet normal 1.000000e+00 0.000000e+00 0.000000e+00
    outer loop
      vertex   -1.200000e+01 -4.111083e+01 2.652179e+02
      vertex   -1.200000e+01 -5.714790e+01 2.657655e+02
      vertex   -1.200000e+01 -5.746809e+01 2.655975e+02
    endloop
  endfacet
  facet normal 1.000000e+00 0.000000e+00 0.000000e+00
    outer loop
      vertex   -1.200000e+01 -4.111083e+01 2.652179e+02
      vertex   -1.200000e+01 -5.746809e+01 2.655975e+02
      vertex   -1.200000e+01 -4.072934e+01 2.650307e+02
    endloop
  endfacet
  facet normal 1.000000e+00 0.000000e+00 0.000000e+00
    outer loop
      vertex   -1.200000e+01 -4.072934e+01 2.650307e+02
      vertex   -1.200000e+01 -5.746809e+01 2.655975e+02
      vertex   -1.200000e+01 -5.781920e+01 2.655109e+02
    endloop
  endfacet
  facet normal 1.000000e+00 0.000000e+00 0.000000e+00
    outer loop
      vertex   -1.200000e+01 -4.072934e+01 2.650307e+02
      vertex   -1.200000e+01 -5.781920e+01 2.655109e+02
      vertex   -1.200000e+01 -4.031800e+01 2.649242e+02
    endloop
  endfacet
  facet normal 1.000000e+00 0.000000e+00 0.000000e+00
    outer loop
      vertex   -1.200000e+01 -4.031800e+01 2.649242e+02
      vertex   -1.200000e+01 -5.781920e+01 2.655109e+02
      vertex   -1.200000e+01 -3.700000e+01 2.639766e+02
    endloop
  endfacet
  facet normal 1.000000e+00 0.000000e+00 0.000000e+00
    outer loop
      vertex   -1.200000e+01 -4.031800e+01 2.649242e+02
      vertex   -1.200000e+01 -3.700000e+01 2.639766e+02
      vertex   -1.200000e+01 -3.989364e+01 2.649027e+02
    endloop
  endfacet
  facet normal 1.000000e+00 -0.000000e+00 0.000000e+00
    outer loop
      vertex   -1.200000e+01 -3.989364e+01 2.649027e+02
      vertex   -1.200000e+01 -3.700000e+01 2.639766e+02
      vertex   -1.200000e+01 -3.947363e+01 2.649670e+02
    endloop
  endfacet
  facet normal 1.000000e+00 -0.000000e+00 0.000000e+00
    outer loop
      vertex   -1.200000e+01 -3.947363e+01 2.649670e+02
      vertex   -1.200000e+01 -3.700000e+01 2.639766e+02
      vertex   -1.200000e+01 -3.907517e+01 2.651146e+02
    endloop
  endfacet
  facet normal 1.000000e+00 -0.000000e+00 0.000000e+00
    outer loop
      vertex   -1.200000e+01 -3.907517e+01 2.651146e+02
      vertex   -1.200000e+01 -3.700000e+01 2.639766e+02
      vertex   -1.200000e+01 -3.871458e+01 2.653394e+02
    endloop
  endfacet
  facet normal 1.000000e+00 -0.000000e+00 0.000000e+00
    outer loop
      vertex   -1.200000e+01 -3.871458e+01 2.653394e+02
      vertex   -1.200000e+01 -3.700000e+01 2.639766e+02
      vertex   -1.200000e+01 -3.840661e+01 2.656321e+02
    endloop
  endfacet
  facet normal 1.000000e+00 -0.000000e+00 0.000000e+00
    outer loop
      vertex   -1.200000e+01 -3.840661e+01 2.656321e+02
      vertex   -1.200000e+01 -3.700000e+01 2.639766e+02
      vertex   -1.200000e+01 -3.816387e+01 2.659809e+02
    endloop
  endfacet
  facet normal 1.000000e+00 -0.000000e+00 0.000000e+00
    outer loop
      vertex   -1.200000e+01 -3.816387e+01 2.659809e+02
      vertex   -1.200000e+01 -3.700000e+01 2.639766e+02
      vertex   -1.200000e+01 -3.799631e+01 2.663713e+02
    endloop
  endfacet
  facet normal 1.000000e+00 -0.000000e+00 0.000000e+00
    outer loop
      vertex   -1.200000e+01 -3.799631e+01 2.663713e+02
      vertex   -1.200000e+01 -3.700000e+01 2.639766e+02
      vertex   -1.200000e+01 -3.791078e+01 2.667876e+02
    endloop
  endfacet
  facet normal 1.000000e+00 -0.000000e+00 0.000000e+00
    outer loop
      vertex   -1.200000e+01 -3.791078e+01 2.667876e+02
      vertex   -1.200000e+01 -3.700000e+01 2.639766e+02
      vertex   -1.200000e+01 -3.791078e+01 2.672125e+02
    endloop
  endfacet
  facet normal 1.000000e+00 -0.000000e+00 -0.000000e+00
    outer loop
      vertex   -1.200000e+01 -3.791078e+01 2.672125e+02
      vertex   -1.200000e+01 -3.700000e+01 2.639766e+02
      vertex   -1.200000e+01 -3.799631e+01 2.676287e+02
    endloop
  endfacet
  facet normal 1.000000e+00 -0.000000e+00 -0.000000e+00
    outer loop
      vertex   -1.200000e+01 -3.799631e+01 2.676287e+02
      vertex   -1.200000e+01 -3.700000e+01 2.639766e+02
      vertex   -1.200000e+01 -3.851094e+01 2.848192e+02
    endloop
  endfacet
  facet normal 1.000000e+00 0.000000e+00 0.000000e+00
    outer loop
      vertex   -1.200000e+01 -3.799631e+01 2.676287e+02
      vertex   -1.200000e+01 -3.851094e+01 2.848192e+02
      vertex   -1.200000e+01 -3.859748e+01 2.844681e+02
    endloop
  endfacet
  facet normal 1.000000e+00 0.000000e+00 0.000000e+00
    outer loop
      vertex   -1.200000e+01 -4.192981e+01 2.678282e+02
      vertex   -1.200000e+01 -5.583163e+01 2.716486e+02
      vertex   -1.200000e+01 -4.205701e+01 2.674227e+02
    endloop
  endfacet
  facet normal 1.000000e+00 0.000000e+00 0.000000e+00
    outer loop
      vertex   -1.200000e+01 -4.205701e+01 2.674227e+02
      vertex   -1.200000e+01 -5.583163e+01 2.716486e+02
      vertex   -1.200000e+01 -5.612292e+01 2.705073e+02
    endloop
  endfacet
  facet normal 1.000000e+00 0.000000e+00 0.000000e+00
    outer loop
      vertex   -1.200000e+01 -4.205701e+01 2.674227e+02
      vertex   -1.200000e+01 -5.612292e+01 2.705073e+02
      vertex   -1.200000e+01 -5.633205e+01 2.693482e+02
    endloop
  endfacet
  facet normal 1.000000e+00 0.000000e+00 0.000000e+00
    outer loop
      vertex   -1.200000e+01 -4.172360e+01 2.681997e+02
      vertex   -1.200000e+01 -5.448170e+01 2.749076e+02
      vertex   -1.200000e+01 -4.192981e+01 2.678282e+02
    endloop
  endfacet
  facet normal 1.000000e+00 0.000000e+00 0.000000e+00
    outer loop
      vertex   -1.200000e+01 -4.192981e+01 2.678282e+02
      vertex   -1.200000e+01 -5.448170e+01 2.749076e+02
      vertex   -1.200000e+01 -5.500893e+01 2.738544e+02
    endloop
  endfacet
  facet normal 1.000000e+00 0.000000e+00 0.000000e+00
    outer loop
      vertex   -1.200000e+01 -4.192981e+01 2.678282e+02
      vertex   -1.200000e+01 -5.500893e+01 2.738544e+02
      vertex   -1.200000e+01 -5.545967e+01 2.727662e+02
    endloop
  endfacet
  facet normal 1.000000e+00 0.000000e+00 0.000000e+00
    outer loop
      vertex   -1.200000e+01 -4.144683e+01 2.685221e+02
      vertex   -1.200000e+01 -5.320893e+01 2.768881e+02
      vertex   -1.200000e+01 -4.172360e+01 2.681997e+02
    endloop
  endfacet
  facet normal 1.000000e+00 0.000000e+00 0.000000e+00
    outer loop
      vertex   -1.200000e+01 -4.172360e+01 2.681997e+02
      vertex   -1.200000e+01 -5.320893e+01 2.768881e+02
      vertex   -1.200000e+01 -5.388068e+01 2.759206e+02
    endloop
  endfacet
  facet normal 1.000000e+00 0.000000e+00 0.000000e+00
    outer loop
      vertex   -1.200000e+01 -4.172360e+01 2.681997e+02
      vertex   -1.200000e+01 -5.388068e+01 2.759206e+02
      vertex   -1.200000e+01 -5.448170e+01 2.749076e+02
    endloop
  endfacet
  facet normal 1.000000e+00 0.000000e+00 0.000000e+00
    outer loop
      vertex   -1.200000e+01 -4.111083e+01 2.687822e+02
      vertex   -1.200000e+01 -5.080520e+01 2.794699e+02
      vertex   -1.200000e+01 -4.144683e+01 2.685221e+02
    endloop
  endfacet
  facet normal 1.000000e+00 0.000000e+00 0.000000e+00
    outer loop
      vertex   -1.200000e+01 -4.144683e+01 2.685221e+02
      vertex   -1.200000e+01 -5.080520e+01 2.794699e+02
      vertex   -1.200000e+01 -5.166726e+01 2.786673e+02
    endloop
  endfacet
  facet normal 1.000000e+00 0.000000e+00 0.000000e+00
    outer loop
      vertex   -1.200000e+01 -4.144683e+01 2.685221e+02
      vertex   -1.200000e+01 -5.166726e+01 2.786673e+02
      vertex   -1.200000e+01 -5.246987e+01 2.778052e+02
    endloop
  endfacet
  facet normal 1.000000e+00 0.000000e+00 0.000000e+00
    outer loop
      vertex   -1.200000e+01 -4.072934e+01 2.689693e+02
      vertex   -1.200000e+01 -4.790761e+01 2.814817e+02
      vertex   -1.200000e+01 -4.111083e+01 2.687822e+02
    endloop
  endfacet
  facet normal 1.000000e+00 0.000000e+00 0.000000e+00
    outer loop
      vertex   -1.200000e+01 -4.111083e+01 2.687822e+02
      vertex   -1.200000e+01 -4.790761e+01 2.814817e+02
      vertex   -1.200000e+01 -4.892057e+01 2.808807e+02
    endloop
  endfacet
  facet normal 1.000000e+00 0.000000e+00 0.000000e+00
    outer loop
      vertex   -1.200000e+01 -4.111083e+01 2.687822e+02
      vertex   -1.200000e+01 -4.892057e+01 2.808807e+02
      vertex   -1.200000e+01 -4.988808e+01 2.802089e+02
    endloop
  endfacet
  facet normal 1.000000e+00 0.000000e+00 0.000000e+00
    outer loop
      vertex   -1.200000e+01 -4.031800e+01 2.690758e+02
      vertex   -1.200000e+01 -4.464859e+01 2.828316e+02
      vertex   -1.200000e+01 -4.072934e+01 2.689693e+02
    endloop
  endfacet
  facet normal 1.000000e+00 0.000000e+00 0.000000e+00
    outer loop
      vertex   -1.200000e+01 -4.072934e+01 2.689693e+02
      vertex   -1.200000e+01 -4.464859e+01 2.828316e+02
      vertex   -1.200000e+01 -4.576616e+01 2.824597e+02
    endloop
  endfacet
  facet normal 1.000000e+00 0.000000e+00 0.000000e+00
    outer loop
      vertex   -1.200000e+01 -4.072934e+01 2.689693e+02
      vertex   -1.200000e+01 -4.576616e+01 2.824597e+02
      vertex   -1.200000e+01 -4.685435e+01 2.820089e+02
    endloop
  endfacet
  facet normal 1.000000e+00 0.000000e+00 0.000000e+00
    outer loop
      vertex   -1.200000e+01 -3.989364e+01 2.690973e+02
      vertex   -1.200000e+01 -4.117710e+01 2.834580e+02
      vertex   -1.200000e+01 -4.031800e+01 2.690758e+02
    endloop
  endfacet
  facet normal 1.000000e+00 0.000000e+00 0.000000e+00
    outer loop
      vertex   -1.200000e+01 -4.031800e+01 2.690758e+02
      vertex   -1.200000e+01 -4.117710e+01 2.834580e+02
      vertex   -1.200000e+01 -4.234820e+01 2.833321e+02
    endloop
  endfacet
  facet normal 1.000000e+00 0.000000e+00 0.000000e+00
    outer loop
      vertex   -1.200000e+01 -4.031800e+01 2.690758e+02
      vertex   -1.200000e+01 -4.234820e+01 2.833321e+02
      vertex   -1.200000e+01 -4.350733e+01 2.831229e+02
    endloop
  endfacet
  facet normal 1.000000e+00 0.000000e+00 0.000000e+00
    outer loop
      vertex   -1.200000e+01 -3.947363e+01 2.690330e+02
      vertex   -1.200000e+01 -3.964103e+01 2.835436e+02
      vertex   -1.200000e+01 -3.989364e+01 2.690973e+02
    endloop
  endfacet
  facet normal 1.000000e+00 0.000000e+00 -0.000000e+00
    outer loop
      vertex   -1.200000e+01 -3.989364e+01 2.690973e+02
      vertex   -1.200000e+01 -3.964103e+01 2.835436e+02
      vertex   -1.200000e+01 -4.000000e+01 2.835000e+02
    endloop
  endfacet
  facet normal 1.000000e+00 0.000000e+00 0.000000e+00
    outer loop
      vertex   -1.200000e+01 -3.989364e+01 2.690973e+02
      vertex   -1.200000e+01 -4.000000e+01 2.835000e+02
      vertex   -1.200000e+01 -4.117710e+01 2.834580e+02
    endloop
  endfacet
  facet normal 1.000000e+00 -0.000000e+00 0.000000e+00
    outer loop
      vertex   -1.200000e+01 -3.964103e+01 2.835436e+02
      vertex   -1.200000e+01 -3.947363e+01 2.690330e+02
      vertex   -1.200000e+01 -3.930292e+01 2.836718e+02
    endloop
  endfacet
  facet normal 1.000000e+00 0.000000e+00 0.000000e+00
    outer loop
      vertex   -1.200000e+01 -3.930292e+01 2.836718e+02
      vertex   -1.200000e+01 -3.947363e+01 2.690330e+02
      vertex   -1.200000e+01 -3.907517e+01 2.688854e+02
    endloop
  endfacet
  facet normal 1.000000e+00 0.000000e+00 0.000000e+00
    outer loop
      vertex   -1.200000e+01 -3.930292e+01 2.836718e+02
      vertex   -1.200000e+01 -3.907517e+01 2.688854e+02
      vertex   -1.200000e+01 -3.871458e+01 2.686606e+02
    endloop
  endfacet
  facet normal 1.000000e+00 -0.000000e+00 0.000000e+00
    outer loop
      vertex   -1.200000e+01 -3.930292e+01 2.836718e+02
      vertex   -1.200000e+01 -3.871458e+01 2.686606e+02
      vertex   -1.200000e+01 -3.900532e+01 2.838772e+02
    endloop
  endfacet
  facet normal 1.000000e+00 0.000000e+00 0.000000e+00
    outer loop
      vertex   -1.200000e+01 -3.900532e+01 2.838772e+02
      vertex   -1.200000e+01 -3.871458e+01 2.686606e+02
      vertex   -1.200000e+01 -3.840661e+01 2.683679e+02
    endloop
  endfacet
  facet normal 1.000000e+00 -0.000000e+00 0.000000e+00
    outer loop
      vertex   -1.200000e+01 -3.900532e+01 2.838772e+02
      vertex   -1.200000e+01 -3.840661e+01 2.683679e+02
      vertex   -1.200000e+01 -3.876552e+01 2.841479e+02
    endloop
  endfacet
  facet normal 1.000000e+00 0.000000e+00 0.000000e+00
    outer loop
      vertex   -1.200000e+01 -3.876552e+01 2.841479e+02
      vertex   -1.200000e+01 -3.840661e+01 2.683679e+02
      vertex   -1.200000e+01 -3.816387e+01 2.680191e+02
    endloop
  endfacet
  facet normal 1.000000e+00 -0.000000e+00 0.000000e+00
    outer loop
      vertex   -1.200000e+01 -3.876552e+01 2.841479e+02
      vertex   -1.200000e+01 -3.816387e+01 2.680191e+02
      vertex   -1.200000e+01 -3.859748e+01 2.844681e+02
    endloop
  endfacet
  facet normal 1.000000e+00 0.000000e+00 0.000000e+00
    outer loop
      vertex   -1.200000e+01 -3.859748e+01 2.844681e+02
      vertex   -1.200000e+01 -3.816387e+01 2.680191e+02
      vertex   -1.200000e+01 -3.799631e+01 2.676287e+02
    endloop
  endfacet
  facet normal 1.000000e+00 -0.000000e+00 0.000000e+00
    outer loop
      vertex   -1.200000e+01 -4.362242e+01 2.989341e+02
      vertex   -1.200000e+01 -4.318951e+01 2.963271e+02
      vertex   -1.200000e+01 -4.200000e+01 2.989766e+02
    endloop
  endfacet
  facet normal 1.000000e+00 0.000000e+00 0.000000e+00
    outer loop
      vertex   -1.200000e+01 -4.200000e+01 2.989766e+02
      vertex   -1.200000e+01 -4.318951e+01 2.963271e+02
      vertex   -1.200000e+01 -4.159710e+01 2.964567e+02
    endloop
  endfacet
  facet normal 1.000000e+00 0.000000e+00 0.000000e+00
    outer loop
      vertex   -1.200000e+01 -4.200000e+01 2.989766e+02
      vertex   -1.200000e+01 -4.159710e+01 2.964567e+02
      vertex   -1.200000e+01 -4.000000e+01 2.965000e+02
    endloop
  endfacet
  facet normal 1.000000e+00 0.000000e+00 0.000000e+00
    outer loop
      vertex   -1.200000e+01 -4.318951e+01 2.963271e+02
      vertex   -1.200000e+01 -4.362242e+01 2.989341e+02
      vertex   -1.200000e+01 -4.477257e+01 2.961114e+02
    endloop
  endfacet
  facet normal 1.000000e+00 0.000000e+00 -0.000000e+00
    outer loop
      vertex   -1.200000e+01 -4.477257e+01 2.961114e+02
      vertex   -1.200000e+01 -4.362242e+01 2.989341e+02
      vertex   -1.200000e+01 -4.524038e+01 2.988068e+02
    endloop
  endfacet
  facet normal 1.000000e+00 0.000000e+00 0.000000e+00
    outer loop
      vertex   -1.200000e+01 -4.477257e+01 2.961114e+02
      vertex   -1.200000e+01 -4.524038e+01 2.988068e+02
      vertex   -1.200000e+01 -4.684947e+01 2.985949e+02
    endloop
  endfacet
  facet normal 1.000000e+00 0.000000e+00 0.000000e+00
    outer loop
      vertex   -1.200000e+01 -4.477257e+01 2.961114e+02
      vertex   -1.200000e+01 -4.684947e+01 2.985949e+02
      vertex   -1.200000e+01 -4.634163e+01 2.958103e+02
    endloop
  endfacet
  facet normal 1.000000e+00 0.000000e+00 0.000000e+00
    outer loop
      vertex   -1.200000e+01 -4.634163e+01 2.958103e+02
      vertex   -1.200000e+01 -4.684947e+01 2.985949e+02
      vertex   -1.200000e+01 -4.844526e+01 2.982992e+02
    endloop
  endfacet
  facet normal 1.000000e+00 0.000000e+00 0.000000e+00
    outer loop
      vertex   -1.200000e+01 -4.634163e+01 2.958103e+02
      vertex   -1.200000e+01 -4.844526e+01 2.982992e+02
      vertex   -1.200000e+01 -4.789209e+01 2.954247e+02
    endloop
  endfacet
  facet normal 1.000000e+00 0.000000e+00 0.000000e+00
    outer loop
      vertex   -1.200000e+01 -4.789209e+01 2.954247e+02
      vertex   -1.200000e+01 -4.844526e+01 2.982992e+02
      vertex   -1.200000e+01 -5.002339e+01 2.979203e+02
    endloop
  endfacet
  facet normal 1.000000e+00 0.000000e+00 0.000000e+00
    outer loop
      vertex   -1.200000e+01 -4.789209e+01 2.954247e+02
      vertex   -1.200000e+01 -5.002339e+01 2.979203e+02
      vertex   -1.200000e+01 -4.941940e+01 2.949558e+02
    endloop
  endfacet
  facet normal 1.000000e+00 0.000000e+00 0.000000e+00
    outer loop
      vertex   -1.200000e+01 -4.941940e+01 2.949558e+02
      vertex   -1.200000e+01 -5.002339e+01 2.979203e+02
      vertex   -1.200000e+01 -5.157953e+01 2.974593e+02
    endloop
  endfacet
  facet normal 1.000000e+00 0.000000e+00 0.000000e+00
    outer loop
      vertex   -1.200000e+01 -4.941940e+01 2.949558e+02
      vertex   -1.200000e+01 -5.157953e+01 2.974593e+02
      vertex   -1.200000e+01 -5.091908e+01 2.944048e+02
    endloop
  endfacet
  facet normal 1.000000e+00 0.000000e+00 0.000000e+00
    outer loop
      vertex   -1.200000e+01 -5.091908e+01 2.944048e+02
      vertex   -1.200000e+01 -5.157953e+01 2.974593e+02
      vertex   -1.200000e+01 -5.310941e+01 2.969176e+02
    endloop
  endfacet
  facet normal 1.000000e+00 0.000000e+00 0.000000e+00
    outer loop
      vertex   -1.200000e+01 -5.091908e+01 2.944048e+02
      vertex   -1.200000e+01 -5.310941e+01 2.969176e+02
      vertex   -1.200000e+01 -5.238673e+01 2.937735e+02
    endloop
  endfacet
  facet normal 1.000000e+00 0.000000e+00 0.000000e+00
    outer loop
      vertex   -1.200000e+01 -5.238673e+01 2.937735e+02
      vertex   -1.200000e+01 -5.310941e+01 2.969176e+02
      vertex   -1.200000e+01 -5.460884e+01 2.962965e+02
    endloop
  endfacet
  facet normal 1.000000e+00 0.000000e+00 0.000000e+00
    outer loop
      vertex   -1.200000e+01 -5.238673e+01 2.937735e+02
      vertex   -1.200000e+01 -5.460884e+01 2.962965e+02
      vertex   -1.200000e+01 -5.381805e+01 2.930636e+02
    endloop
  endfacet
  facet normal 1.000000e+00 0.000000e+00 0.000000e+00
    outer loop
      vertex   -1.200000e+01 -5.381805e+01 2.930636e+02
      vertex   -1.200000e+01 -5.460884e+01 2.962965e+02
      vertex   -1.200000e+01 -5.607371e+01 2.955978e+02
    endloop
  endfacet
  facet normal 1.000000e+00 0.000000e+00 0.000000e+00
    outer loop
      vertex   -1.200000e+01 -5.381805e+01 2.930636e+02
      vertex   -1.200000e+01 -5.607371e+01 2.955978e+02
      vertex   -1.200000e+01 -5.520884e+01 2.922773e+02
    endloop
  endfacet
  facet normal 1.000000e+00 0.000000e+00 0.000000e+00
    outer loop
      vertex   -1.200000e+01 -5.520884e+01 2.922773e+02
      vertex   -1.200000e+01 -5.607371e+01 2.955978e+02
      vertex   -1.200000e+01 -5.750000e+01 2.948234e+02
    endloop
  endfacet
  facet normal 1.000000e+00 0.000000e+00 0.000000e+00
    outer loop
      vertex   -1.200000e+01 -5.520884e+01 2.922773e+02
      vertex   -1.200000e+01 -5.750000e+01 2.948234e+02
      vertex   -1.200000e+01 -5.655502e+01 2.914168e+02
    endloop
  endfacet
  facet normal 1.000000e+00 0.000000e+00 0.000000e+00
    outer loop
      vertex   -1.200000e+01 -5.655502e+01 2.914168e+02
      vertex   -1.200000e+01 -5.750000e+01 2.948234e+02
      vertex   -1.200000e+01 -5.888381e+01 2.939754e+02
    endloop
  endfacet
  facet normal 1.000000e+00 0.000000e+00 0.000000e+00
    outer loop
      vertex   -1.200000e+01 -5.655502e+01 2.914168e+02
      vertex   -1.200000e+01 -5.888381e+01 2.939754e+02
      vertex   -1.200000e+01 -5.785264e+01 2.904847e+02
    endloop
  endfacet
  facet normal 1.000000e+00 0.000000e+00 0.000000e+00
    outer loop
      vertex   -1.200000e+01 -5.785264e+01 2.904847e+02
      vertex   -1.200000e+01 -5.888381e+01 2.939754e+02
      vertex   -1.200000e+01 -6.022134e+01 2.930561e+02
    endloop
  endfacet
  facet normal 1.000000e+00 0.000000e+00 0.000000e+00
    outer loop
      vertex   -1.200000e+01 -5.785264e+01 2.904847e+02
      vertex   -1.200000e+01 -6.022134e+01 2.930561e+02
      vertex   -1.200000e+01 -5.909790e+01 2.894838e+02
    endloop
  endfacet
  facet normal 1.000000e+00 0.000000e+00 0.000000e+00
    outer loop
      vertex   -1.200000e+01 -5.909790e+01 2.894838e+02
      vertex   -1.200000e+01 -6.022134e+01 2.930561e+02
      vertex   -1.200000e+01 -6.150893e+01 2.920681e+02
    endloop
  endfacet
  facet normal 1.000000e+00 0.000000e+00 0.000000e+00
    outer loop
      vertex   -1.200000e+01 -5.909790e+01 2.894838e+02
      vertex   -1.200000e+01 -6.150893e+01 2.920681e+02
      vertex   -1.200000e+01 -6.028713e+01 2.884169e+02
    endloop
  endfacet
  facet normal 1.000000e+00 0.000000e+00 0.000000e+00
    outer loop
      vertex   -1.200000e+01 -6.028713e+01 2.884169e+02
      vertex   -1.200000e+01 -6.150893e+01 2.920681e+02
      vertex   -1.200000e+01 -6.274305e+01 2.910141e+02
    endloop
  endfacet
  facet normal 1.000000e+00 0.000000e+00 0.000000e+00
    outer loop
      vertex   -1.200000e+01 -6.028713e+01 2.884169e+02
      vertex   -1.200000e+01 -6.274305e+01 2.910141e+02
      vertex   -1.200000e+01 -6.392031e+01 2.898969e+02
    endloop
  endfacet
  facet normal 1.000000e+00 0.000000e+00 0.000000e+00
    outer loop
      vertex   -1.200000e+01 -6.028713e+01 2.884169e+02
      vertex   -1.200000e+01 -6.392031e+01 2.898969e+02
      vertex   -1.200000e+01 -6.141687e+01 2.872871e+02
    endloop
  endfacet
  facet normal 1.000000e+00 0.000000e+00 0.000000e+00
    outer loop
      vertex   -1.200000e+01 -6.141687e+01 2.872871e+02
      vertex   -1.200000e+01 -6.392031e+01 2.898969e+02
      vertex   -1.200000e+01 -6.503749e+01 2.887196e+02
    endloop
  endfacet
  facet normal 1.000000e+00 0.000000e+00 0.000000e+00
    outer loop
      vertex   -1.200000e+01 -6.141687e+01 2.872871e+02
      vertex   -1.200000e+01 -6.503749e+01 2.887196e+02
      vertex   -1.200000e+01 -6.248378e+01 2.860979e+02
    endloop
  endfacet
  facet normal 1.000000e+00 0.000000e+00 0.000000e+00
    outer loop
      vertex   -1.200000e+01 -6.248378e+01 2.860979e+02
      vertex   -1.200000e+01 -6.503749e+01 2.887196e+02
      vertex   -1.200000e+01 -6.609153e+01 2.874855e+02
    endloop
  endfacet
  facet normal 1.000000e+00 0.000000e+00 0.000000e+00
    outer loop
      vertex   -1.200000e+01 -6.248378e+01 2.860979e+02
      vertex   -1.200000e+01 -6.609153e+01 2.874855e+02
      vertex   -1.200000e+01 -6.348475e+01 2.848526e+02
    endloop
  endfacet
  facet normal 1.000000e+00 0.000000e+00 0.000000e+00
    outer loop
      vertex   -1.200000e+01 -6.348475e+01 2.848526e+02
      vertex   -1.200000e+01 -6.609153e+01 2.874855e+02
      vertex   -1.200000e+01 -6.707953e+01 2.861979e+02
    endloop
  endfacet
  facet normal 1.000000e+00 0.000000e+00 0.000000e+00
    outer loop
      vertex   -1.200000e+01 -6.348475e+01 2.848526e+02
      vertex   -1.200000e+01 -6.707953e+01 2.861979e+02
      vertex   -1.200000e+01 -6.441683e+01 2.835550e+02
    endloop
  endfacet
  facet normal 1.000000e+00 0.000000e+00 0.000000e+00
    outer loop
      vertex   -1.200000e+01 -6.441683e+01 2.835550e+02
      vertex   -1.200000e+01 -6.707953e+01 2.861979e+02
      vertex   -1.200000e+01 -6.799879e+01 2.848604e+02
    endloop
  endfacet
  facet normal 1.000000e+00 0.000000e+00 0.000000e+00
    outer loop
      vertex   -1.200000e+01 -6.441683e+01 2.835550e+02
      vertex   -1.200000e+01 -6.799879e+01 2.848604e+02
      vertex   -1.200000e+01 -6.527729e+01 2.822088e+02
    endloop
  endfacet
  facet normal 1.000000e+00 0.000000e+00 0.000000e+00
    outer loop
      vertex   -1.200000e+01 -6.527729e+01 2.822088e+02
      vertex   -1.200000e+01 -6.799879e+01 2.848604e+02
      vertex   -1.200000e+01 -6.884679e+01 2.834766e+02
    endloop
  endfacet
  facet normal 1.000000e+00 0.000000e+00 0.000000e+00
    outer loop
      vertex   -1.200000e+01 -6.527729e+01 2.822088e+02
      vertex   -1.200000e+01 -6.884679e+01 2.834766e+02
      vertex   -1.200000e+01 -6.606361e+01 2.808181e+02
    endloop
  endfacet
  facet normal 1.000000e+00 0.000000e+00 0.000000e+00
    outer loop
      vertex   -1.200000e+01 -6.606361e+01 2.808181e+02
      vertex   -1.200000e+01 -6.884679e+01 2.834766e+02
      vertex   -1.200000e+01 -6.962120e+01 2.820503e+02
    endloop
  endfacet
  facet normal 1.000000e+00 0.000000e+00 0.000000e+00
    outer loop
      vertex   -1.200000e+01 -6.606361e+01 2.808181e+02
      vertex   -1.200000e+01 -6.962120e+01 2.820503e+02
      vertex   -1.200000e+01 -6.677348e+01 2.793867e+02
    endloop
  endfacet
  facet normal 1.000000e+00 0.000000e+00 0.000000e+00
    outer loop
      vertex   -1.200000e+01 -6.677348e+01 2.793867e+02
      vertex   -1.200000e+01 -6.962120e+01 2.820503e+02
      vertex   -1.200000e+01 -7.031991e+01 2.805854e+02
    endloop
  endfacet
  facet normal 1.000000e+00 0.000000e+00 0.000000e+00
    outer loop
      vertex   -1.200000e+01 -6.677348e+01 2.793867e+02
      vertex   -1.200000e+01 -7.031991e+01 2.805854e+02
      vertex   -1.200000e+01 -6.740481e+01 2.779191e+02
    endloop
  endfacet
  facet normal 1.000000e+00 0.000000e+00 0.000000e+00
    outer loop
      vertex   -1.200000e+01 -6.740481e+01 2.779191e+02
      vertex   -1.200000e+01 -7.031991e+01 2.805854e+02
      vertex   -1.200000e+01 -7.094099e+01 2.790860e+02
    endloop
  endfacet
  facet normal 1.000000e+00 0.000000e+00 0.000000e+00
    outer loop
      vertex   -1.200000e+01 -6.740481e+01 2.779191e+02
      vertex   -1.200000e+01 -7.094099e+01 2.790860e+02
      vertex   -1.200000e+01 -6.795577e+01 2.764194e+02
    endloop
  endfacet
  facet normal 1.000000e+00 0.000000e+00 0.000000e+00
    outer loop
      vertex   -1.200000e+01 -6.795577e+01 2.764194e+02
      vertex   -1.200000e+01 -7.094099e+01 2.790860e+02
      vertex   -1.200000e+01 -7.148275e+01 2.775561e+02
    endloop
  endfacet
  facet normal 1.000000e+00 0.000000e+00 0.000000e+00
    outer loop
      vertex   -1.200000e+01 -6.795577e+01 2.764194e+02
      vertex   -1.200000e+01 -7.148275e+01 2.775561e+02
      vertex   -1.200000e+01 -7.194370e+01 2.760000e+02
    endloop
  endfacet
  facet normal 1.000000e+00 0.000000e+00 0.000000e+00
    outer loop
      vertex   -1.200000e+01 -6.795577e+01 2.764194e+02
      vertex   -1.200000e+01 -7.194370e+01 2.760000e+02
      vertex   -1.200000e+01 -6.842473e+01 2.748921e+02
    endloop
  endfacet
  facet normal 1.000000e+00 0.000000e+00 0.000000e+00
    outer loop
      vertex   -1.200000e+01 -6.842473e+01 2.748921e+02
      vertex   -1.200000e+01 -7.194370e+01 2.760000e+02
      vertex   -1.200000e+01 -7.232258e+01 2.744219e+02
    endloop
  endfacet
  facet normal 1.000000e+00 0.000000e+00 0.000000e+00
    outer loop
      vertex   -1.200000e+01 -6.842473e+01 2.748921e+02
      vertex   -1.200000e+01 -7.232258e+01 2.744219e+02
      vertex   -1.200000e+01 -6.881031e+01 2.733416e+02
    endloop
  endfacet
  facet normal 1.000000e+00 0.000000e+00 0.000000e+00
    outer loop
      vertex   -1.200000e+01 -6.881031e+01 2.733416e+02
      vertex   -1.200000e+01 -7.232258e+01 2.744219e+02
      vertex   -1.200000e+01 -7.261834e+01 2.728261e+02
    endloop
  endfacet
  facet normal 1.000000e+00 0.000000e+00 0.000000e+00
    outer loop
      vertex   -1.200000e+01 -6.881031e+01 2.733416e+02
      vertex   -1.200000e+01 -7.261834e+01 2.728261e+02
      vertex   -1.200000e+01 -6.911138e+01 2.717726e+02
    endloop
  endfacet
  facet normal 1.000000e+00 0.000000e+00 0.000000e+00
    outer loop
      vertex   -1.200000e+01 -6.911138e+01 2.717726e+02
      vertex   -1.200000e+01 -7.261834e+01 2.728261e+02
      vertex   -1.200000e+01 -7.283018e+01 2.712170e+02
    endloop
  endfacet
  facet normal 1.000000e+00 0.000000e+00 0.000000e+00
    outer loop
      vertex   -1.200000e+01 -6.911138e+01 2.717726e+02
      vertex   -1.200000e+01 -7.283018e+01 2.712170e+02
      vertex   -1.200000e+01 -6.932707e+01 2.701895e+02
    endloop
  endfacet
  facet normal 1.000000e+00 0.000000e+00 0.000000e+00
    outer loop
      vertex   -1.200000e+01 -6.932707e+01 2.701895e+02
      vertex   -1.200000e+01 -7.283018e+01 2.712170e+02
      vertex   -1.200000e+01 -7.295752e+01 2.695990e+02
    endloop
  endfacet
  facet normal 1.000000e+00 0.000000e+00 0.000000e+00
    outer loop
      vertex   -1.200000e+01 -6.932707e+01 2.701895e+02
      vertex   -1.200000e+01 -7.295752e+01 2.695990e+02
      vertex   -1.200000e+01 -6.945674e+01 2.685971e+02
    endloop
  endfacet
  facet normal 1.000000e+00 0.000000e+00 0.000000e+00
    outer loop
      vertex   -1.200000e+01 -6.945674e+01 2.685971e+02
      vertex   -1.200000e+01 -7.295752e+01 2.695990e+02
      vertex   -1.200000e+01 -7.300000e+01 2.679766e+02
    endloop
  endfacet
  facet normal 1.000000e+00 0.000000e+00 0.000000e+00
    outer loop
      vertex   -1.200000e+01 -6.945674e+01 2.685971e+02
      vertex   -1.200000e+01 -7.300000e+01 2.679766e+02
      vertex   -1.200000e+01 -6.950000e+01 2.670000e+02
    endloop
  endfacet
  facet normal 1.000000e+00 0.000000e+00 0.000000e+00
    outer loop
      vertex   -1.200000e+01 -6.950000e+01 2.670000e+02
      vertex   -1.200000e+01 -7.300000e+01 2.679766e+02
      vertex   -1.200000e+01 -6.945641e+01 2.666410e+02
    endloop
  endfacet
  facet normal 1.000000e+00 0.000000e+00 0.000000e+00
    outer loop
      vertex   -1.200000e+01 -6.945641e+01 2.666410e+02
      vertex   -1.200000e+01 -7.300000e+01 2.679766e+02
      vertex   -1.200000e+01 -7.300000e+01 2.639766e+02
    endloop
  endfacet
  facet normal 1.000000e+00 0.000000e+00 0.000000e+00
    outer loop
      vertex   -1.200000e+01 -6.945641e+01 2.666410e+02
      vertex   -1.200000e+01 -7.300000e+01 2.639766e+02
      vertex   -1.200000e+01 -6.932819e+01 2.663029e+02
    endloop
  endfacet
  facet normal 1.000000e+00 0.000000e+00 0.000000e+00
    outer loop
      vertex   -1.200000e+01 -6.932819e+01 2.663029e+02
      vertex   -1.200000e+01 -7.300000e+01 2.639766e+02
      vertex   -1.200000e+01 -6.912277e+01 2.660053e+02
    endloop
  endfacet
  facet normal 1.000000e+00 0.000000e+00 0.000000e+00
    outer loop
      vertex   -1.200000e+01 -6.912277e+01 2.660053e+02
      vertex   -1.200000e+01 -7.300000e+01 2.639766e+02
      vertex   -1.200000e+01 -6.885210e+01 2.657655e+02
    endloop
  endfacet
  facet normal 1.000000e+00 0.000000e+00 0.000000e+00
    outer loop
      vertex   -1.200000e+01 -6.885210e+01 2.657655e+02
      vertex   -1.200000e+01 -7.300000e+01 2.639766e+02
      vertex   -1.200000e+01 -6.853191e+01 2.655975e+02
    endloop
  endfacet
  facet normal 1.000000e+00 0.000000e+00 0.000000e+00
    outer loop
      vertex   -1.200000e+01 -6.853191e+01 2.655975e+02
      vertex   -1.200000e+01 -7.300000e+01 2.639766e+02
      vertex   -1.200000e+01 -6.818081e+01 2.655109e+02
    endloop
  endfacet
  facet normal 1.000000e+00 -0.000000e+00 0.000000e+00
    outer loop
      vertex   -1.200000e+01 -6.818081e+01 2.655109e+02
      vertex   -1.200000e+01 -7.300000e+01 2.639766e+02
      vertex   -1.200000e+01 -6.781920e+01 2.655109e+02
    endloop
  endfacet
  facet normal 1.000000e+00 -0.000000e+00 0.000000e+00
    outer loop
      vertex   -1.200000e+01 -6.781920e+01 2.655109e+02
      vertex   -1.200000e+01 -7.300000e+01 2.639766e+02
      vertex   -1.200000e+01 -5.818081e+01 2.655109e+02
    endloop
  endfacet
  facet normal 1.000000e+00 0.000000e+00 0.000000e+00
    outer loop
      vertex   -1.200000e+01 -6.781920e+01 2.655109e+02
      vertex   -1.200000e+01 -5.818081e+01 2.655109e+02
      vertex   -1.200000e+01 -6.746809e+01 2.655975e+02
    endloop
  endfacet
  facet normal 1.000000e+00 -0.000000e+00 0.000000e+00
    outer loop
      vertex   -1.200000e+01 -6.746809e+01 2.655975e+02
      vertex   -1.200000e+01 -5.818081e+01 2.655109e+02
      vertex   -1.200000e+01 -5.853191e+01 2.655975e+02
    endloop
  endfacet
  facet normal 1.000000e+00 0.000000e+00 0.000000e+00
    outer loop
      vertex   -1.200000e+01 -6.746809e+01 2.655975e+02
      vertex   -1.200000e+01 -5.853191e+01 2.655975e+02
      vertex   -1.200000e+01 -6.714790e+01 2.657655e+02
    endloop
  endfacet
  facet normal 1.000000e+00 -0.000000e+00 0.000000e+00
    outer loop
      vertex   -1.200000e+01 -6.714790e+01 2.657655e+02
      vertex   -1.200000e+01 -5.853191e+01 2.655975e+02
      vertex   -1.200000e+01 -5.885210e+01 2.657655e+02
    endloop
  endfacet
  facet normal 1.000000e+00 0.000000e+00 0.000000e+00
    outer loop
      vertex   -1.200000e+01 -6.714790e+01 2.657655e+02
      vertex   -1.200000e+01 -5.885210e+01 2.657655e+02
      vertex   -1.200000e+01 -6.687723e+01 2.660053e+02
    endloop
  endfacet
  facet normal 1.000000e+00 -0.000000e+00 0.000000e+00
    outer loop
      vertex   -1.200000e+01 -6.687723e+01 2.660053e+02
      vertex   -1.200000e+01 -5.885210e+01 2.657655e+02
      vertex   -1.200000e+01 -5.912277e+01 2.660053e+02
    endloop
  endfacet
  facet normal 1.000000e+00 0.000000e+00 0.000000e+00
    outer loop
      vertex   -1.200000e+01 -6.687723e+01 2.660053e+02
      vertex   -1.200000e+01 -5.912277e+01 2.660053e+02
      vertex   -1.200000e+01 -6.667182e+01 2.663029e+02
    endloop
  endfacet
  facet normal 1.000000e+00 -0.000000e+00 0.000000e+00
    outer loop
      vertex   -1.200000e+01 -6.667182e+01 2.663029e+02
      vertex   -1.200000e+01 -5.912277e+01 2.660053e+02
      vertex   -1.200000e+01 -5.932818e+01 2.663029e+02
    endloop
  endfacet
  facet normal 1.000000e+00 0.000000e+00 0.000000e+00
    outer loop
      vertex   -1.200000e+01 -6.667182e+01 2.663029e+02
      vertex   -1.200000e+01 -5.932818e+01 2.663029e+02
      vertex   -1.200000e+01 -6.654359e+01 2.666410e+02
    endloop
  endfacet
  facet normal 1.000000e+00 -0.000000e+00 0.000000e+00
    outer loop
      vertex   -1.200000e+01 -6.654359e+01 2.666410e+02
      vertex   -1.200000e+01 -5.932818e+01 2.663029e+02
      vertex   -1.200000e+01 -5.945641e+01 2.666410e+02
    endloop
  endfacet
  facet normal 1.000000e+00 0.000000e+00 0.000000e+00
    outer loop
      vertex   -1.200000e+01 -6.654359e+01 2.666410e+02
      vertex   -1.200000e+01 -5.945641e+01 2.666410e+02
      vertex   -1.200000e+01 -6.650000e+01 2.670000e+02
    endloop
  endfacet
  facet normal 1.000000e+00 -0.000000e+00 0.000000e+00
    outer loop
      vertex   -1.200000e+01 -6.650000e+01 2.670000e+02
      vertex   -1.200000e+01 -5.945641e+01 2.666410e+02
      vertex   -1.200000e+01 -5.950000e+01 2.670000e+02
    endloop
  endfacet
  facet normal 1.000000e+00 0.000000e+00 0.000000e+00
    outer loop
      vertex   -1.200000e+01 -6.650000e+01 2.670000e+02
      vertex   -1.200000e+01 -5.950000e+01 2.670000e+02
      vertex   -1.200000e+01 -6.645831e+01 2.684859e+02
    endloop
  endfacet
  facet normal 1.000000e+00 0.000000e+00 0.000000e+00
    outer loop
      vertex   -1.200000e+01 -6.645831e+01 2.684859e+02
      vertex   -1.200000e+01 -5.950000e+01 2.670000e+02
      vertex   -1.200000e+01 -5.945825e+01 2.682754e+02
    endloop
  endfacet
  facet normal 1.000000e+00 -0.000000e+00 0.000000e+00
    outer loop
      vertex   -1.200000e+01 -6.645831e+01 2.684859e+02
      vertex   -1.200000e+01 -5.945825e+01 2.682754e+02
      vertex   -1.200000e+01 -6.633337e+01 2.699671e+02
    endloop
  endfacet
  facet normal 1.000000e+00 0.000000e+00 0.000000e+00
    outer loop
      vertex   -1.200000e+01 -6.633337e+01 2.699671e+02
      vertex   -1.200000e+01 -5.945825e+01 2.682754e+02
      vertex   -1.200000e+01 -5.933318e+01 2.695453e+02
    endloop
  endfacet
  facet normal 1.000000e+00 -0.000000e+00 0.000000e+00
    outer loop
      vertex   -1.200000e+01 -6.633337e+01 2.699671e+02
      vertex   -1.200000e+01 -5.933318e+01 2.695453e+02
      vertex   -1.200000e+01 -6.612558e+01 2.714389e+02
    endloop
  endfacet
  facet normal 1.000000e+00 0.000000e+00 0.000000e+00
    outer loop
      vertex   -1.200000e+01 -6.612558e+01 2.714389e+02
      vertex   -1.200000e+01 -5.933318e+01 2.695453e+02
      vertex   -1.200000e+01 -5.912531e+01 2.708043e+02
    endloop
  endfacet
  facet normal 1.000000e+00 -0.000000e+00 0.000000e+00
    outer loop
      vertex   -1.200000e+01 -6.612558e+01 2.714389e+02
      vertex   -1.200000e+01 -5.912531e+01 2.708043e+02
      vertex   -1.200000e+01 -6.583559e+01 2.728968e+02
    endloop
  endfacet
  facet normal 1.000000e+00 0.000000e+00 0.000000e+00
    outer loop
      vertex   -1.200000e+01 -6.583559e+01 2.728968e+02
      vertex   -1.200000e+01 -5.912531e+01 2.708043e+02
      vertex   -1.200000e+01 -5.883555e+01 2.720470e+02
    endloop
  endfacet
  facet normal 1.000000e+00 -0.000000e+00 0.000000e+00
    outer loop
      vertex   -1.200000e+01 -6.583559e+01 2.728968e+02
      vertex   -1.200000e+01 -5.883555e+01 2.720470e+02
      vertex   -1.200000e+01 -6.546431e+01 2.743361e+02
    endloop
  endfacet
  facet normal 1.000000e+00 0.000000e+00 0.000000e+00
    outer loop
      vertex   -1.200000e+01 -6.546431e+01 2.743361e+02
      vertex   -1.200000e+01 -5.883555e+01 2.720470e+02
      vertex   -1.200000e+01 -5.846514e+01 2.732681e+02
    endloop
  endfacet
  facet normal 1.000000e+00 -0.000000e+00 0.000000e+00
    outer loop
      vertex   -1.200000e+01 -6.546431e+01 2.743361e+02
      vertex   -1.200000e+01 -5.846514e+01 2.732681e+02
      vertex   -1.200000e+01 -6.501291e+01 2.757524e+02
    endloop
  endfacet
  facet normal 1.000000e+00 0.000000e+00 0.000000e+00
    outer loop
      vertex   -1.200000e+01 -6.501291e+01 2.757524e+02
      vertex   -1.200000e+01 -5.846514e+01 2.732681e+02
      vertex   -1.200000e+01 -5.801565e+01 2.744623e+02
    endloop
  endfacet
  facet normal 1.000000e+00 -0.000000e+00 0.000000e+00
    outer loop
      vertex   -1.200000e+01 -6.501291e+01 2.757524e+02
      vertex   -1.200000e+01 -5.801565e+01 2.744623e+02
      vertex   -1.200000e+01 -6.448281e+01 2.771411e+02
    endloop
  endfacet
  facet normal 1.000000e+00 0.000000e+00 0.000000e+00
    outer loop
      vertex   -1.200000e+01 -6.448281e+01 2.771411e+02
      vertex   -1.200000e+01 -5.801565e+01 2.744623e+02
      vertex   -1.200000e+01 -5.748902e+01 2.756246e+02
    endloop
  endfacet
  facet normal 1.000000e+00 -0.000000e+00 0.000000e+00
    outer loop
      vertex   -1.200000e+01 -6.448281e+01 2.771411e+02
      vertex   -1.200000e+01 -5.748902e+01 2.756246e+02
      vertex   -1.200000e+01 -6.387568e+01 2.784979e+02
    endloop
  endfacet
  facet normal 1.000000e+00 -0.000000e+00 0.000000e+00
    outer loop
      vertex   -1.200000e+01 -6.387568e+01 2.784979e+02
      vertex   -1.200000e+01 -5.748902e+01 2.756246e+02
      vertex   -1.200000e+01 -6.319342e+01 2.798186e+02
    endloop
  endfacet
  facet normal 1.000000e+00 0.000000e+00 0.000000e+00
    outer loop
      vertex   -1.200000e+01 -6.319342e+01 2.798186e+02
      vertex   -1.200000e+01 -5.748902e+01 2.756246e+02
      vertex   -1.200000e+01 -5.688750e+01 2.767500e+02
    endloop
  endfacet
  facet normal 1.000000e+00 -0.000000e+00 0.000000e+00
    outer loop
      vertex   -1.200000e+01 -6.319342e+01 2.798186e+02
      vertex   -1.200000e+01 -5.688750e+01 2.767500e+02
      vertex   -1.200000e+01 -6.243819e+01 2.810989e+02
    endloop
  endfacet
  facet normal 1.000000e+00 0.000000e+00 0.000000e+00
    outer loop
      vertex   -1.200000e+01 -6.243819e+01 2.810989e+02
      vertex   -1.200000e+01 -5.688750e+01 2.767500e+02
      vertex   -1.200000e+01 -5.621366e+01 2.778336e+02
    endloop
  endfacet
  facet normal 1.000000e+00 -0.000000e+00 0.000000e+00
    outer loop
      vertex   -1.200000e+01 -6.243819e+01 2.810989e+02
      vertex   -1.200000e+01 -5.621366e+01 2.778336e+02
      vertex   -1.200000e+01 -6.161236e+01 2.823348e+02
    endloop
  endfacet
  facet normal 1.000000e+00 0.000000e+00 0.000000e+00
    outer loop
      vertex   -1.200000e+01 -6.161236e+01 2.823348e+02
      vertex   -1.200000e+01 -5.621366e+01 2.778336e+02
      vertex   -1.200000e+01 -5.547039e+01 2.788709e+02
    endloop
  endfacet
  facet normal 1.000000e+00 -0.000000e+00 0.000000e+00
    outer loop
      vertex   -1.200000e+01 -6.161236e+01 2.823348e+02
      vertex   -1.200000e+01 -5.547039e+01 2.788709e+02
      vertex   -1.200000e+01 -6.071854e+01 2.835225e+02
    endloop
  endfacet
  facet normal 1.000000e+00 0.000000e+00 0.000000e+00
    outer loop
      vertex   -1.200000e+01 -6.071854e+01 2.835225e+02
      vertex   -1.200000e+01 -5.547039e+01 2.788709e+02
      vertex   -1.200000e+01 -5.466088e+01 2.798572e+02
    endloop
  endfacet
  facet normal 1.000000e+00 -0.000000e+00 0.000000e+00
    outer loop
      vertex   -1.200000e+01 -6.071854e+01 2.835225e+02
      vertex   -1.200000e+01 -5.466088e+01 2.798572e+02
      vertex   -1.200000e+01 -5.975952e+01 2.846582e+02
    endloop
  endfacet
  facet normal 1.000000e+00 0.000000e+00 0.000000e+00
    outer loop
      vertex   -1.200000e+01 -5.975952e+01 2.846582e+02
      vertex   -1.200000e+01 -5.466088e+01 2.798572e+02
      vertex   -1.200000e+01 -5.378858e+01 2.807886e+02
    endloop
  endfacet
  facet normal 1.000000e+00 -0.000000e+00 0.000000e+00
    outer loop
      vertex   -1.200000e+01 -5.975952e+01 2.846582e+02
      vertex   -1.200000e+01 -5.378858e+01 2.807886e+02
      vertex   -1.200000e+01 -5.873833e+01 2.857383e+02
    endloop
  endfacet
  facet normal 1.000000e+00 0.000000e+00 0.000000e+00
    outer loop
      vertex   -1.200000e+01 -5.873833e+01 2.857383e+02
      vertex   -1.200000e+01 -5.378858e+01 2.807886e+02
      vertex   -1.200000e+01 -5.285724e+01 2.816609e+02
    endloop
  endfacet
  facet normal 1.000000e+00 -0.000000e+00 0.000000e+00
    outer loop
      vertex   -1.200000e+01 -5.873833e+01 2.857383e+02
      vertex   -1.200000e+01 -5.285724e+01 2.816609e+02
      vertex   -1.200000e+01 -5.765819e+01 2.867595e+02
    endloop
  endfacet
  facet normal 1.000000e+00 -0.000000e+00 0.000000e+00
    outer loop
      vertex   -1.200000e+01 -5.765819e+01 2.867595e+02
      vertex   -1.200000e+01 -5.285724e+01 2.816609e+02
      vertex   -1.200000e+01 -5.652248e+01 2.877185e+02
    endloop
  endfacet
  facet normal 1.000000e+00 0.000000e+00 0.000000e+00
    outer loop
      vertex   -1.200000e+01 -5.652248e+01 2.877185e+02
      vertex   -1.200000e+01 -5.285724e+01 2.816609e+02
      vertex   -1.200000e+01 -5.187085e+01 2.824704e+02
    endloop
  endfacet
  facet normal 1.000000e+00 -0.000000e+00 0.000000e+00
    outer loop
      vertex   -1.200000e+01 -5.652248e+01 2.877185e+02
      vertex   -1.200000e+01 -5.187085e+01 2.824704e+02
      vertex   -1.200000e+01 -5.533479e+01 2.886124e+02
    endloop
  endfacet
  facet normal 1.000000e+00 0.000000e+00 0.000000e+00
    outer loop
      vertex   -1.200000e+01 -5.533479e+01 2.886124e+02
      vertex   -1.200000e+01 -5.187085e+01 2.824704e+02
      vertex   -1.200000e+01 -5.083362e+01 2.832137e+02
    endloop
  endfacet
  facet normal 1.000000e+00 -0.000000e+00 0.000000e+00
    outer loop
      vertex   -1.200000e+01 -5.533479e+01 2.886124e+02
      vertex   -1.200000e+01 -5.083362e+01 2.832137e+02
      vertex   -1.200000e+01 -5.409885e+01 2.894382e+02
    endloop
  endfacet
  facet normal 1.000000e+00 0.000000e+00 0.000000e+00
    outer loop
      vertex   -1.200000e+01 -5.409885e+01 2.894382e+02
      vertex   -1.200000e+01 -5.083362e+01 2.832137e+02
      vertex   -1.200000e+01 -4.975000e+01 2.838875e+02
    endloop
  endfacet
  facet normal 1.000000e+00 -0.000000e+00 0.000000e+00
    outer loop
      vertex   -1.200000e+01 -5.409885e+01 2.894382e+02
      vertex   -1.200000e+01 -4.975000e+01 2.838875e+02
      vertex   -1.200000e+01 -5.281855e+01 2.901934e+02
    endloop
  endfacet
  facet normal 1.000000e+00 0.000000e+00 0.000000e+00
    outer loop
      vertex   -1.200000e+01 -5.281855e+01 2.901934e+02
      vertex   -1.200000e+01 -4.975000e+01 2.838875e+02
      vertex   -1.200000e+01 -4.862463e+01 2.844890e+02
    endloop
  endfacet
  facet normal 1.000000e+00 -0.000000e+00 0.000000e+00
    outer loop
      vertex   -1.200000e+01 -5.281855e+01 2.901934e+02
      vertex   -1.200000e+01 -4.862463e+01 2.844890e+02
      vertex   -1.200000e+01 -5.149792e+01 2.908757e+02
    endloop
  endfacet
  facet normal 1.000000e+00 0.000000e+00 0.000000e+00
    outer loop
      vertex   -1.200000e+01 -5.149792e+01 2.908757e+02
      vertex   -1.200000e+01 -4.862463e+01 2.844890e+02
      vertex   -1.200000e+01 -4.746233e+01 2.850157e+02
    endloop
  endfacet
  facet normal 1.000000e+00 -0.000000e+00 0.000000e+00
    outer loop
      vertex   -1.200000e+01 -5.149792e+01 2.908757e+02
      vertex   -1.200000e+01 -4.746233e+01 2.850157e+02
      vertex   -1.200000e+01 -5.014111e+01 2.914828e+02
    endloop
  endfacet
  facet normal 1.000000e+00 0.000000e+00 0.000000e+00
    outer loop
      vertex   -1.200000e+01 -5.014111e+01 2.914828e+02
      vertex   -1.200000e+01 -4.746233e+01 2.850157e+02
      vertex   -1.200000e+01 -4.626807e+01 2.854651e+02
    endloop
  endfacet
  facet normal 1.000000e+00 -0.000000e+00 0.000000e+00
    outer loop
      vertex   -1.200000e+01 -5.014111e+01 2.914828e+02
      vertex   -1.200000e+01 -4.626807e+01 2.854651e+02
      vertex   -1.200000e+01 -4.875240e+01 2.920129e+02
    endloop
  endfacet
  facet normal 1.000000e+00 -0.000000e+00 0.000000e+00
    outer loop
      vertex   -1.200000e+01 -4.875240e+01 2.920129e+02
      vertex   -1.200000e+01 -4.626807e+01 2.854651e+02
      vertex   -1.200000e+01 -4.733614e+01 2.924643e+02
    endloop
  endfacet
  facet normal 1.000000e+00 0.000000e+00 0.000000e+00
    outer loop
      vertex   -1.200000e+01 -4.733614e+01 2.924643e+02
      vertex   -1.200000e+01 -4.626807e+01 2.854651e+02
      vertex   -1.200000e+01 -4.504697e+01 2.858356e+02
    endloop
  endfacet
  facet normal 1.000000e+00 -0.000000e+00 0.000000e+00
    outer loop
      vertex   -1.200000e+01 -4.733614e+01 2.924643e+02
      vertex   -1.200000e+01 -4.504697e+01 2.858356e+02
      vertex   -1.200000e+01 -4.589681e+01 2.928356e+02
    endloop
  endfacet
  facet normal 1.000000e+00 0.000000e+00 0.000000e+00
    outer loop
      vertex   -1.200000e+01 -4.589681e+01 2.928356e+02
      vertex   -1.200000e+01 -4.504697e+01 2.858356e+02
      vertex   -1.200000e+01 -4.380426e+01 2.861253e+02
    endloop
  endfacet
  facet normal 1.000000e+00 -0.000000e+00 0.000000e+00
    outer loop
      vertex   -1.200000e+01 -4.589681e+01 2.928356e+02
      vertex   -1.200000e+01 -4.380426e+01 2.861253e+02
      vertex   -1.200000e+01 -4.443892e+01 2.931256e+02
    endloop
  endfacet
  facet normal 1.000000e+00 0.000000e+00 0.000000e+00
    outer loop
      vertex   -1.200000e+01 -4.443892e+01 2.931256e+02
      vertex   -1.200000e+01 -4.380426e+01 2.861253e+02
      vertex   -1.200000e+01 -4.254526e+01 2.863332e+02
    endloop
  endfacet
  facet normal 1.000000e+00 -0.000000e+00 0.000000e+00
    outer loop
      vertex   -1.200000e+01 -4.443892e+01 2.931256e+02
      vertex   -1.200000e+01 -4.254526e+01 2.863332e+02
      vertex   -1.200000e+01 -4.296706e+01 2.933334e+02
    endloop
  endfacet
  facet normal 1.000000e+00 0.000000e+00 0.000000e+00
    outer loop
      vertex   -1.200000e+01 -4.296706e+01 2.933334e+02
      vertex   -1.200000e+01 -4.254526e+01 2.863332e+02
      vertex   -1.200000e+01 -4.127536e+01 2.864583e+02
    endloop
  endfacet
  facet normal 1.000000e+00 -0.000000e+00 0.000000e+00
    outer loop
      vertex   -1.200000e+01 -4.296706e+01 2.933334e+02
      vertex   -1.200000e+01 -4.127536e+01 2.864583e+02
      vertex   -1.200000e+01 -4.148587e+01 2.934583e+02
    endloop
  endfacet
  facet normal 1.000000e+00 0.000000e+00 0.000000e+00
    outer loop
      vertex   -1.200000e+01 -4.148587e+01 2.934583e+02
      vertex   -1.200000e+01 -4.127536e+01 2.864583e+02
      vertex   -1.200000e+01 -4.000000e+01 2.865000e+02
    endloop
  endfacet
  facet normal 1.000000e+00 -0.000000e+00 0.000000e+00
    outer loop
      vertex   -1.200000e+01 -4.148587e+01 2.934583e+02
      vertex   -1.200000e+01 -4.000000e+01 2.865000e+02
      vertex   -1.200000e+01 -4.000000e+01 2.935000e+02
    endloop
  endfacet
  facet normal 1.000000e+00 0.000000e+00 0.000000e+00
    outer loop
      vertex   -1.200000e+01 -4.000000e+01 2.935000e+02
      vertex   -1.200000e+01 -4.000000e+01 2.865000e+02
      vertex   -1.200000e+01 -3.964103e+01 2.864564e+02
    endloop
  endfacet
  facet normal 1.000000e+00 -0.000000e+00 0.000000e+00
    outer loop
      vertex   -1.200000e+01 -4.000000e+01 2.935000e+02
      vertex   -1.200000e+01 -3.964103e+01 2.864564e+02
      vertex   -1.200000e+01 -3.964103e+01 2.935436e+02
    endloop
  endfacet
  facet normal 1.000000e+00 0.000000e+00 0.000000e+00
    outer loop
      vertex   -1.200000e+01 -3.964103e+01 2.935436e+02
      vertex   -1.200000e+01 -3.964103e+01 2.864564e+02
      vertex   -1.200000e+01 -3.930292e+01 2.863282e+02
    endloop
  endfacet
  facet normal 1.000000e+00 -0.000000e+00 0.000000e+00
    outer loop
      vertex   -1.200000e+01 -3.964103e+01 2.935436e+02
      vertex   -1.200000e+01 -3.930292e+01 2.863282e+02
      vertex   -1.200000e+01 -3.930292e+01 2.936718e+02
    endloop
  endfacet
  facet normal 1.000000e+00 0.000000e+00 0.000000e+00
    outer loop
      vertex   -1.200000e+01 -3.930292e+01 2.936718e+02
      vertex   -1.200000e+01 -3.930292e+01 2.863282e+02
      vertex   -1.200000e+01 -3.900532e+01 2.861228e+02
    endloop
  endfacet
  facet normal 1.000000e+00 -0.000000e+00 0.000000e+00
    outer loop
      vertex   -1.200000e+01 -3.930292e+01 2.936718e+02
      vertex   -1.200000e+01 -3.900532e+01 2.861228e+02
      vertex   -1.200000e+01 -3.900532e+01 2.938772e+02
    endloop
  endfacet
  facet normal 1.000000e+00 0.000000e+00 0.000000e+00
    outer loop
      vertex   -1.200000e+01 -3.900532e+01 2.938772e+02
      vertex   -1.200000e+01 -3.900532e+01 2.861228e+02
      vertex   -1.200000e+01 -3.876552e+01 2.858521e+02
    endloop
  endfacet
  facet normal 1.000000e+00 -0.000000e+00 0.000000e+00
    outer loop
      vertex   -1.200000e+01 -3.900532e+01 2.938772e+02
      vertex   -1.200000e+01 -3.876552e+01 2.858521e+02
      vertex   -1.200000e+01 -3.876552e+01 2.941479e+02
    endloop
  endfacet
  facet normal 1.000000e+00 0.000000e+00 0.000000e+00
    outer loop
      vertex   -1.200000e+01 -3.876552e+01 2.941479e+02
      vertex   -1.200000e+01 -3.876552e+01 2.858521e+02
      vertex   -1.200000e+01 -3.859748e+01 2.855319e+02
    endloop
  endfacet
  facet normal 1.000000e+00 -0.000000e+00 0.000000e+00
    outer loop
      vertex   -1.200000e+01 -3.876552e+01 2.941479e+02
      vertex   -1.200000e+01 -3.859748e+01 2.855319e+02
      vertex   -1.200000e+01 -3.859748e+01 2.944681e+02
    endloop
  endfacet
  facet normal 1.000000e+00 0.000000e+00 0.000000e+00
    outer loop
      vertex   -1.200000e+01 -3.859748e+01 2.944681e+02
      vertex   -1.200000e+01 -3.859748e+01 2.855319e+02
      vertex   -1.200000e+01 -3.851094e+01 2.851808e+02
    endloop
  endfacet
  facet normal 1.000000e+00 -0.000000e+00 0.000000e+00
    outer loop
      vertex   -1.200000e+01 -3.859748e+01 2.944681e+02
      vertex   -1.200000e+01 -3.851094e+01 2.851808e+02
      vertex   -1.200000e+01 -3.851094e+01 2.948192e+02
    endloop
  endfacet
  facet normal 1.000000e+00 -0.000000e+00 0.000000e+00
    outer loop
      vertex   -1.200000e+01 -3.851094e+01 2.948192e+02
      vertex   -1.200000e+01 -3.851094e+01 2.851808e+02
      vertex   -1.200000e+01 -3.700000e+01 2.989766e+02
    endloop
  endfacet
  facet normal 1.000000e+00 0.000000e+00 0.000000e+00
    outer loop
      vertex   -1.200000e+01 -3.851094e+01 2.948192e+02
      vertex   -1.200000e+01 -3.700000e+01 2.989766e+02
      vertex   -1.200000e+01 -3.851094e+01 2.951808e+02
    endloop
  endfacet
  facet normal 1.000000e+00 0.000000e+00 -0.000000e+00
    outer loop
      vertex   -1.200000e+01 -3.851094e+01 2.951808e+02
      vertex   -1.200000e+01 -3.700000e+01 2.989766e+02
      vertex   -1.200000e+01 -3.859748e+01 2.955319e+02
    endloop
  endfacet
  facet normal 1.000000e+00 0.000000e+00 -0.000000e+00
    outer loop
      vertex   -1.200000e+01 -3.859748e+01 2.955319e+02
      vertex   -1.200000e+01 -3.700000e+01 2.989766e+02
      vertex   -1.200000e+01 -3.876552e+01 2.958521e+02
    endloop
  endfacet
  facet normal 1.000000e+00 0.000000e+00 -0.000000e+00
    outer loop
      vertex   -1.200000e+01 -3.876552e+01 2.958521e+02
      vertex   -1.200000e+01 -3.700000e+01 2.989766e+02
      vertex   -1.200000e+01 -3.900532e+01 2.961228e+02
    endloop
  endfacet
  facet normal 1.000000e+00 0.000000e+00 -0.000000e+00
    outer loop
      vertex   -1.200000e+01 -3.900532e+01 2.961228e+02
      vertex   -1.200000e+01 -3.700000e+01 2.989766e+02
      vertex   -1.200000e+01 -3.930292e+01 2.963282e+02
    endloop
  endfacet
  facet normal 1.000000e+00 0.000000e+00 -0.000000e+00
    outer loop
      vertex   -1.200000e+01 -3.930292e+01 2.963282e+02
      vertex   -1.200000e+01 -3.700000e+01 2.989766e+02
      vertex   -1.200000e+01 -3.964103e+01 2.964564e+02
    endloop
  endfacet
  facet normal 1.000000e+00 0.000000e+00 -0.000000e+00
    outer loop
      vertex   -1.200000e+01 -3.964103e+01 2.964564e+02
      vertex   -1.200000e+01 -3.700000e+01 2.989766e+02
      vertex   -1.200000e+01 -4.200000e+01 2.989766e+02
    endloop
  endfacet
  facet normal 1.000000e+00 0.000000e+00 0.000000e+00
    outer loop
      vertex   -1.200000e+01 -3.964103e+01 2.964564e+02
      vertex   -1.200000e+01 -4.200000e+01 2.989766e+02
      vertex   -1.200000e+01 -4.000000e+01 2.965000e+02
    endloop
  endfacet
  facet normal 1.000000e+00 -0.000000e+00 0.000000e+00
    outer loop
      vertex   -1.200000e+01 -5.818081e+01 2.655109e+02
      vertex   -1.200000e+01 -7.300000e+01 2.639766e+02
      vertex   -1.200000e+01 -5.781920e+01 2.655109e+02
    endloop
  endfacet
  facet normal 1.000000e+00 0.000000e+00 0.000000e+00
    outer loop
      vertex   -1.200000e+01 -5.781920e+01 2.655109e+02
      vertex   -1.200000e+01 -7.300000e+01 2.639766e+02
      vertex   -1.200000e+01 -3.700000e+01 2.639766e+02
    endloop
  endfacet
  facet normal 1.000000e+00 0.000000e+00 -0.000000e+00
    outer loop
      vertex   -1.200000e+01 -3.700000e+01 2.639766e+02
      vertex   -1.200000e+01 -3.700000e+01 2.989766e+02
      vertex   -1.200000e+01 -3.851094e+01 2.848192e+02
    endloop
  endfacet
  facet normal 1.000000e+00 0.000000e+00 0.000000e+00
    outer loop
      vertex   -1.200000e+01 -3.851094e+01 2.848192e+02
      vertex   -1.200000e+01 -3.700000e+01 2.989766e+02
      vertex   -1.200000e+01 -3.851094e+01 2.851808e+02
    endloop
  endfacet
  facet normal 1.000000e+00 0.000000e+00 0.000000e+00
    outer loop
      vertex   -1.200000e+01 -4.350733e+01 2.831229e+02
      vertex   -1.200000e+01 -4.464859e+01 2.828316e+02
      vertex   -1.200000e+01 -4.031800e+01 2.690758e+02
    endloop
  endfacet
  facet normal 1.000000e+00 0.000000e+00 0.000000e+00
    outer loop
      vertex   -1.200000e+01 -4.685435e+01 2.820089e+02
      vertex   -1.200000e+01 -4.790761e+01 2.814817e+02
      vertex   -1.200000e+01 -4.072934e+01 2.689693e+02
    endloop
  endfacet
  facet normal 1.000000e+00 0.000000e+00 0.000000e+00
    outer loop
      vertex   -1.200000e+01 -4.988808e+01 2.802089e+02
      vertex   -1.200000e+01 -5.080520e+01 2.794699e+02
      vertex   -1.200000e+01 -4.111083e+01 2.687822e+02
    endloop
  endfacet
  facet normal 1.000000e+00 0.000000e+00 0.000000e+00
    outer loop
      vertex   -1.200000e+01 -5.246987e+01 2.778052e+02
      vertex   -1.200000e+01 -5.320893e+01 2.768881e+02
      vertex   -1.200000e+01 -4.144683e+01 2.685221e+02
    endloop
  endfacet
  facet normal 1.000000e+00 0.000000e+00 0.000000e+00
    outer loop
      vertex   -1.200000e+01 -5.545967e+01 2.727662e+02
      vertex   -1.200000e+01 -5.583163e+01 2.716486e+02
      vertex   -1.200000e+01 -4.192981e+01 2.678282e+02
    endloop
  endfacet
  facet normal 1.000000e+00 0.000000e+00 0.000000e+00
    outer loop
      vertex   -1.200000e+01 -5.633205e+01 2.693482e+02
      vertex   -1.200000e+01 -5.645796e+01 2.681771e+02
      vertex   -1.200000e+01 -4.205701e+01 2.674227e+02
    endloop
  endfacet
  facet normal 0.000000e+00 -2.804626e-02 9.996066e-01
    outer loop
      vertex   2.000000e+01 -4.000000e+01 2.935000e+02
      vertex   1.200000e+01 -4.000000e+01 2.935000e+02
      vertex   2.000000e+01 -4.148587e+01 2.934583e+02
    endloop
  endfacet
  facet normal 2.491008e-17 -2.804626e-02 9.996066e-01
    outer loop
      vertex   2.000000e+01 -4.148587e+01 2.934583e+02
      vertex   1.200000e+01 -4.000000e+01 2.935000e+02
      vertex   1.200000e+01 -4.148587e+01 2.934583e+02
    endloop
  endfacet
  facet normal 7.465186e-17 -8.405052e-02 9.964615e-01
    outer loop
      vertex   2.000000e+01 -4.148587e+01 2.934583e+02
      vertex   1.200000e+01 -4.148587e+01 2.934583e+02
      vertex   2.000000e+01 -4.296706e+01 2.933334e+02
    endloop
  endfacet
  facet normal 0.000000e+00 -8.405052e-02 9.964615e-01
    outer loop
      vertex   2.000000e+01 -4.296706e+01 2.933334e+02
      vertex   1.200000e+01 -4.148587e+01 2.934583e+02
      vertex   1.200000e+01 -4.296706e+01 2.933334e+02
    endloop
  endfacet
  facet normal 0.000000e+00 -1.397903e-01 9.901811e-01
    outer loop
      vertex   2.000000e+01 -4.296706e+01 2.933334e+02
      vertex   1.200000e+01 -4.296706e+01 2.933334e+02
      vertex   2.000000e+01 -4.443892e+01 2.931256e+02
    endloop
  endfacet
  facet normal 0.000000e+00 -1.397903e-01 9.901811e-01
    outer loop
      vertex   2.000000e+01 -4.443892e+01 2.931256e+02
      vertex   1.200000e+01 -4.296706e+01 2.933334e+02
      vertex   1.200000e+01 -4.443892e+01 2.931256e+02
    endloop
  endfacet
  facet normal 0.000000e+00 -1.950903e-01 9.807853e-01
    outer loop
      vertex   2.000000e+01 -4.443892e+01 2.931256e+02
      vertex   1.200000e+01 -4.443892e+01 2.931256e+02
      vertex   2.000000e+01 -4.589681e+01 2.928356e+02
    endloop
  endfacet
  facet normal 0.000000e+00 -1.950903e-01 9.807853e-01
    outer loop
      vertex   2.000000e+01 -4.589681e+01 2.928356e+02
      vertex   1.200000e+01 -4.443892e+01 2.931256e+02
      vertex   1.200000e+01 -4.589681e+01 2.928356e+02
    endloop
  endfacet
  facet normal 0.000000e+00 -2.497765e-01 9.683035e-01
    outer loop
      vertex   2.000000e+01 -4.589681e+01 2.928356e+02
      vertex   1.200000e+01 -4.589681e+01 2.928356e+02
      vertex   2.000000e+01 -4.733614e+01 2.924643e+02
    endloop
  endfacet
  facet normal 2.218461e-16 -2.497765e-01 9.683035e-01
    outer loop
      vertex   2.000000e+01 -4.733614e+01 2.924643e+02
      vertex   1.200000e+01 -4.589681e+01 2.928356e+02
      vertex   1.200000e+01 -4.733614e+01 2.924643e+02
    endloop
  endfacet
  facet normal 2.697191e-16 -3.036767e-01 9.527751e-01
    outer loop
      vertex   2.000000e+01 -4.733614e+01 2.924643e+02
      vertex   1.200000e+01 -4.733614e+01 2.924643e+02
      vertex   2.000000e+01 -4.875240e+01 2.920129e+02
    endloop
  endfacet
  facet normal 0.000000e+00 -3.036767e-01 9.527751e-01
    outer loop
      vertex   2.000000e+01 -4.875240e+01 2.920129e+02
      vertex   1.200000e+01 -4.733614e+01 2.924643e+02
      vertex   1.200000e+01 -4.875240e+01 2.920129e+02
    endloop
  endfacet
  facet normal 0.000000e+00 -3.566215e-01 9.342489e-01
    outer loop
      vertex   2.000000e+01 -4.875240e+01 2.920129e+02
      vertex   1.200000e+01 -4.875240e+01 2.920129e+02
      vertex   2.000000e+01 -5.014111e+01 2.914828e+02
    endloop
  endfacet
  facet normal 0.000000e+00 -3.566215e-01 9.342489e-01
    outer loop
      vertex   2.000000e+01 -5.014111e+01 2.914828e+02
      vertex   1.200000e+01 -4.875240e+01 2.920129e+02
      vertex   1.200000e+01 -5.014111e+01 2.914828e+02
    endloop
  endfacet
  facet normal 0.000000e+00 -4.084443e-01 9.127833e-01
    outer loop
      vertex   2.000000e+01 -5.014111e+01 2.914828e+02
      vertex   1.200000e+01 -5.014111e+01 2.914828e+02
      vertex   2.000000e+01 -5.149792e+01 2.908757e+02
    endloop
  endfacet
  facet normal 0.000000e+00 -4.084443e-01 9.127833e-01
    outer loop
      vertex   2.000000e+01 -5.149792e+01 2.908757e+02
      vertex   1.200000e+01 -5.014111e+01 2.914828e+02
      vertex   1.200000e+01 -5.149792e+01 2.908757e+02
    endloop
  endfacet
  facet normal 0.000000e+00 -4.589819e-01 8.884456e-01
    outer loop
      vertex   2.000000e+01 -5.149792e+01 2.908757e+02
      vertex   1.200000e+01 -5.149792e+01 2.908757e+02
      vertex   2.000000e+01 -5.281855e+01 2.901934e+02
    endloop
  endfacet
  facet normal 0.000000e+00 -4.589819e-01 8.884456e-01
    outer loop
      vertex   2.000000e+01 -5.281855e+01 2.901934e+02
      vertex   1.200000e+01 -5.149792e+01 2.908757e+02
      vertex   1.200000e+01 -5.281855e+01 2.901934e+02
    endloop
  endfacet
  facet normal 0.000000e+00 -5.080753e-01 8.613126e-01
    outer loop
      vertex   2.000000e+01 -5.281855e+01 2.901934e+02
      vertex   1.200000e+01 -5.281855e+01 2.901934e+02
      vertex   2.000000e+01 -5.409885e+01 2.894382e+02
    endloop
  endfacet
  facet normal 0.000000e+00 -5.080753e-01 8.613126e-01
    outer loop
      vertex   2.000000e+01 -5.409885e+01 2.894382e+02
      vertex   1.200000e+01 -5.281855e+01 2.901934e+02
      vertex   1.200000e+01 -5.409885e+01 2.894382e+02
    endloop
  endfacet
  facet normal 0.000000e+00 -5.555702e-01 8.314696e-01
    outer loop
      vertex   2.000000e+01 -5.409885e+01 2.894382e+02
      vertex   1.200000e+01 -5.409885e+01 2.894382e+02
      vertex   2.000000e+01 -5.533479e+01 2.886124e+02
    endloop
  endfacet
  facet normal 0.000000e+00 -5.555702e-01 8.314696e-01
    outer loop
      vertex   2.000000e+01 -5.533479e+01 2.886124e+02
      vertex   1.200000e+01 -5.409885e+01 2.894382e+02
      vertex   1.200000e+01 -5.533479e+01 2.886124e+02
    endloop
  endfacet
  facet normal 0.000000e+00 -6.013171e-01 7.990105e-01
    outer loop
      vertex   2.000000e+01 -5.533479e+01 2.886124e+02
      vertex   1.200000e+01 -5.533479e+01 2.886124e+02
      vertex   2.000000e+01 -5.652248e+01 2.877185e+02
    endloop
  endfacet
  facet normal 0.000000e+00 -6.013171e-01 7.990105e-01
    outer loop
      vertex   2.000000e+01 -5.652248e+01 2.877185e+02
      vertex   1.200000e+01 -5.533479e+01 2.886124e+02
      vertex   1.200000e+01 -5.652248e+01 2.877185e+02
    endloop
  endfacet
  facet normal 0.000000e+00 -6.451720e-01 7.640374e-01
    outer loop
      vertex   2.000000e+01 -5.652248e+01 2.877185e+02
      vertex   1.200000e+01 -5.652248e+01 2.877185e+02
      vertex   2.000000e+01 -5.765819e+01 2.867595e+02
    endloop
  endfacet
  facet normal 0.000000e+00 -6.451720e-01 7.640374e-01
    outer loop
      vertex   2.000000e+01 -5.765819e+01 2.867595e+02
      vertex   1.200000e+01 -5.652248e+01 2.877185e+02
      vertex   1.200000e+01 -5.765819e+01 2.867595e+02
    endloop
  endfacet
  facet normal 0.000000e+00 -6.869969e-01 7.266603e-01
    outer loop
      vertex   2.000000e+01 -5.765819e+01 2.867595e+02
      vertex   1.200000e+01 -5.765819e+01 2.867595e+02
      vertex   2.000000e+01 -5.873833e+01 2.857383e+02
    endloop
  endfacet
  facet normal 0.000000e+00 -6.869969e-01 7.266603e-01
    outer loop
      vertex   2.000000e+01 -5.873833e+01 2.857383e+02
      vertex   1.200000e+01 -5.765819e+01 2.867595e+02
      vertex   1.200000e+01 -5.873833e+01 2.857383e+02
    endloop
  endfacet
  facet normal 0.000000e+00 -7.266603e-01 6.869969e-01
    outer loop
      vertex   2.000000e+01 -5.873833e+01 2.857383e+02
      vertex   1.200000e+01 -5.873833e+01 2.857383e+02
      vertex   2.000000e+01 -5.975952e+01 2.846582e+02
    endloop
  endfacet
  facet normal 6.454040e-16 -7.266603e-01 6.869969e-01
    outer loop
      vertex   2.000000e+01 -5.975952e+01 2.846582e+02
      vertex   1.200000e+01 -5.873833e+01 2.857383e+02
      vertex   1.200000e+01 -5.975952e+01 2.846582e+02
    endloop
  endfacet
  facet normal 6.786015e-16 -7.640374e-01 6.451720e-01
    outer loop
      vertex   2.000000e+01 -5.975952e+01 2.846582e+02
      vertex   1.200000e+01 -5.975952e+01 2.846582e+02
      vertex   2.000000e+01 -6.071854e+01 2.835225e+02
    endloop
  endfacet
  facet normal 0.000000e+00 -7.640374e-01 6.451720e-01
    outer loop
      vertex   2.000000e+01 -6.071854e+01 2.835225e+02
      vertex   1.200000e+01 -5.975952e+01 2.846582e+02
      vertex   1.200000e+01 -6.071854e+01 2.835225e+02
    endloop
  endfacet
  facet normal 0.000000e+00 -7.990105e-01 6.013171e-01
    outer loop
      vertex   2.000000e+01 -6.071854e+01 2.835225e+02
      vertex   1.200000e+01 -6.071854e+01 2.835225e+02
      vertex   2.000000e+01 -6.161236e+01 2.823348e+02
    endloop
  endfacet
  facet normal 0.000000e+00 -7.990105e-01 6.013171e-01
    outer loop
      vertex   2.000000e+01 -6.161236e+01 2.823348e+02
      vertex   1.200000e+01 -6.071854e+01 2.835225e+02
      vertex   1.200000e+01 -6.161236e+01 2.823348e+02
    endloop
  endfacet
  facet normal 0.000000e+00 -8.314696e-01 5.555702e-01
    outer loop
      vertex   2.000000e+01 -6.161236e+01 2.823348e+02
      vertex   1.200000e+01 -6.161236e+01 2.823348e+02
      vertex   2.000000e+01 -6.243819e+01 2.810989e+02
    endloop
  endfacet
  facet normal 0.000000e+00 -8.314696e-01 5.555702e-01
    outer loop
      vertex   2.000000e+01 -6.243819e+01 2.810989e+02
      vertex   1.200000e+01 -6.161236e+01 2.823348e+02
      vertex   1.200000e+01 -6.243819e+01 2.810989e+02
    endloop
  endfacet
  facet normal 0.000000e+00 -8.613126e-01 5.080753e-01
    outer loop
      vertex   2.000000e+01 -6.243819e+01 2.810989e+02
      vertex   1.200000e+01 -6.243819e+01 2.810989e+02
      vertex   2.000000e+01 -6.319342e+01 2.798186e+02
    endloop
  endfacet
  facet normal 0.000000e+00 -8.613126e-01 5.080753e-01
    outer loop
      vertex   2.000000e+01 -6.319342e+01 2.798186e+02
      vertex   1.200000e+01 -6.243819e+01 2.810989e+02
      vertex   1.200000e+01 -6.319342e+01 2.798186e+02
    endloop
  endfacet
  facet normal 0.000000e+00 -8.884456e-01 4.589819e-01
    outer loop
      vertex   2.000000e+01 -6.319342e+01 2.798186e+02
      vertex   1.200000e+01 -6.319342e+01 2.798186e+02
      vertex   2.000000e+01 -6.387568e+01 2.784979e+02
    endloop
  endfacet
  facet normal 0.000000e+00 -8.884456e-01 4.589819e-01
    outer loop
      vertex   2.000000e+01 -6.387568e+01 2.784979e+02
      vertex   1.200000e+01 -6.319342e+01 2.798186e+02
      vertex   1.200000e+01 -6.387568e+01 2.784979e+02
    endloop
  endfacet
  facet normal 0.000000e+00 -9.127833e-01 4.084443e-01
    outer loop
      vertex   2.000000e+01 -6.387568e+01 2.784979e+02
      vertex   1.200000e+01 -6.387568e+01 2.784979e+02
      vertex   2.000000e+01 -6.448281e+01 2.771411e+02
    endloop
  endfacet
  facet normal 0.000000e+00 -9.127833e-01 4.084443e-01
    outer loop
      vertex   2.000000e+01 -6.448281e+01 2.771411e+02
      vertex   1.200000e+01 -6.387568e+01 2.784979e+02
      vertex   1.200000e+01 -6.448281e+01 2.771411e+02
    endloop
  endfacet
  facet normal 0.000000e+00 -9.342489e-01 3.566215e-01
    outer loop
      vertex   2.000000e+01 -6.448281e+01 2.771411e+02
      vertex   1.200000e+01 -6.448281e+01 2.771411e+02
      vertex   2.000000e+01 -6.501291e+01 2.757524e+02
    endloop
  endfacet
  facet normal 0.000000e+00 -9.342489e-01 3.566215e-01
    outer loop
      vertex   2.000000e+01 -6.501291e+01 2.757524e+02
      vertex   1.200000e+01 -6.448281e+01 2.771411e+02
      vertex   1.200000e+01 -6.501291e+01 2.757524e+02
    endloop
  endfacet
  facet normal 0.000000e+00 -9.527751e-01 3.036767e-01
    outer loop
      vertex   2.000000e+01 -6.501291e+01 2.757524e+02
      vertex   1.200000e+01 -6.501291e+01 2.757524e+02
      vertex   2.000000e+01 -6.546431e+01 2.743361e+02
    endloop
  endfacet
  facet normal 0.000000e+00 -9.527751e-01 3.036767e-01
    outer loop
      vertex   2.000000e+01 -6.546431e+01 2.743361e+02
      vertex   1.200000e+01 -6.501291e+01 2.757524e+02
      vertex   1.200000e+01 -6.546431e+01 2.743361e+02
    endloop
  endfacet
  facet normal 0.000000e+00 -9.683035e-01 2.497765e-01
    outer loop
      vertex   2.000000e+01 -6.546431e+01 2.743361e+02
      vertex   1.200000e+01 -6.546431e+01 2.743361e+02
      vertex   2.000000e+01 -6.583559e+01 2.728968e+02
    endloop
  endfacet
  facet normal 0.000000e+00 -9.683035e-01 2.497765e-01
    outer loop
      vertex   2.000000e+01 -6.583559e+01 2.728968e+02
      vertex   1.200000e+01 -6.546431e+01 2.743361e+02
      vertex   1.200000e+01 -6.583559e+01 2.728968e+02
    endloop
  endfacet
  facet normal 0.000000e+00 -9.807853e-01 1.950903e-01
    outer loop
      vertex   2.000000e+01 -6.583559e+01 2.728968e+02
      vertex   1.200000e+01 -6.583559e+01 2.728968e+02
      vertex   2.000000e+01 -6.612558e+01 2.714389e+02
    endloop
  endfacet
  facet normal 0.000000e+00 -9.807853e-01 1.950903e-01
    outer loop
      vertex   2.000000e+01 -6.612558e+01 2.714389e+02
      vertex   1.200000e+01 -6.583559e+01 2.728968e+02
      vertex   1.200000e+01 -6.612558e+01 2.714389e+02
    endloop
  endfacet
  facet normal 0.000000e+00 -9.901811e-01 1.397903e-01
    outer loop
      vertex   2.000000e+01 -6.612558e+01 2.714389e+02
      vertex   1.200000e+01 -6.612558e+01 2.714389e+02
      vertex   2.000000e+01 -6.633337e+01 2.699671e+02
    endloop
  endfacet
  facet normal 0.000000e+00 -9.901811e-01 1.397903e-01
    outer loop
      vertex   2.000000e+01 -6.633337e+01 2.699671e+02
      vertex   1.200000e+01 -6.612558e+01 2.714389e+02
      vertex   1.200000e+01 -6.633337e+01 2.699671e+02
    endloop
  endfacet
  facet normal 0.000000e+00 -9.964615e-01 8.405052e-02
    outer loop
      vertex   2.000000e+01 -6.633337e+01 2.699671e+02
      vertex   1.200000e+01 -6.633337e+01 2.699671e+02
      vertex   2.000000e+01 -6.645831e+01 2.684859e+02
    endloop
  endfacet
  facet normal 0.000000e+00 -9.964615e-01 8.405052e-02
    outer loop
      vertex   2.000000e+01 -6.645831e+01 2.684859e+02
      vertex   1.200000e+01 -6.633337e+01 2.699671e+02
      vertex   1.200000e+01 -6.645831e+01 2.684859e+02
    endloop
  endfacet
  facet normal 0.000000e+00 -9.996066e-01 2.804626e-02
    outer loop
      vertex   2.000000e+01 -6.645831e+01 2.684859e+02
      vertex   1.200000e+01 -6.645831e+01 2.684859e+02
      vertex   2.000000e+01 -6.650000e+01 2.670000e+02
    endloop
  endfacet
  facet normal 0.000000e+00 -9.996066e-01 2.804626e-02
    outer loop
      vertex   2.000000e+01 -6.650000e+01 2.670000e+02
      vertex   1.200000e+01 -6.645831e+01 2.684859e+02
      vertex   1.200000e+01 -6.650000e+01 2.670000e+02
    endloop
  endfacet
  facet normal 0.000000e+00 -9.996066e-01 2.804626e-02
    outer loop
      vertex   -2.000000e+01 -6.650000e+01 2.670000e+02
      vertex   -1.200000e+01 -6.650000e+01 2.670000e+02
      vertex   -2.000000e+01 -6.645831e+01 2.684859e+02
    endloop
  endfacet
  facet normal 0.000000e+00 -9.996066e-01 2.804626e-02
    outer loop
      vertex   -2.000000e+01 -6.645831e+01 2.684859e+02
      vertex   -1.200000e+01 -6.650000e+01 2.670000e+02
      vertex   -1.200000e+01 -6.645831e+01 2.684859e+02
    endloop
  endfacet
  facet normal 0.000000e+00 -9.964615e-01 8.405052e-02
    outer loop
      vertex   -2.000000e+01 -6.645831e+01 2.684859e+02
      vertex   -1.200000e+01 -6.645831e+01 2.684859e+02
      vertex   -2.000000e+01 -6.633337e+01 2.699671e+02
    endloop
  endfacet
  facet normal 0.000000e+00 -9.964615e-01 8.405052e-02
    outer loop
      vertex   -2.000000e+01 -6.633337e+01 2.699671e+02
      vertex   -1.200000e+01 -6.645831e+01 2.684859e+02
      vertex   -1.200000e+01 -6.633337e+01 2.699671e+02
    endloop
  endfacet
  facet normal 0.000000e+00 -9.901811e-01 1.397903e-01
    outer loop
      vertex   -2.000000e+01 -6.633337e+01 2.699671e+02
      vertex   -1.200000e+01 -6.633337e+01 2.699671e+02
      vertex   -2.000000e+01 -6.612558e+01 2.714389e+02
    endloop
  endfacet
  facet normal 0.000000e+00 -9.901811e-01 1.397903e-01
    outer loop
      vertex   -2.000000e+01 -6.612558e+01 2.714389e+02
      vertex   -1.200000e+01 -6.633337e+01 2.699671e+02
      vertex   -1.200000e+01 -6.612558e+01 2.714389e+02
    endloop
  endfacet
  facet normal 0.000000e+00 -9.807853e-01 1.950903e-01
    outer loop
      vertex   -2.000000e+01 -6.612558e+01 2.714389e+02
      vertex   -1.200000e+01 -6.612558e+01 2.714389e+02
      vertex   -2.000000e+01 -6.583559e+01 2.728968e+02
    endloop
  endfacet
  facet normal 0.000000e+00 -9.807853e-01 1.950903e-01
    outer loop
      vertex   -2.000000e+01 -6.583559e+01 2.728968e+02
      vertex   -1.200000e+01 -6.612558e+01 2.714389e+02
      vertex   -1.200000e+01 -6.583559e+01 2.728968e+02
    endloop
  endfacet
  facet normal 0.000000e+00 -9.683035e-01 2.497765e-01
    outer loop
      vertex   -2.000000e+01 -6.583559e+01 2.728968e+02
      vertex   -1.200000e+01 -6.583559e+01 2.728968e+02
      vertex   -2.000000e+01 -6.546431e+01 2.743361e+02
    endloop
  endfacet
  facet normal 0.000000e+00 -9.683035e-01 2.497765e-01
    outer loop
      vertex   -2.000000e+01 -6.546431e+01 2.743361e+02
      vertex   -1.200000e+01 -6.583559e+01 2.728968e+02
      vertex   -1.200000e+01 -6.546431e+01 2.743361e+02
    endloop
  endfacet
  facet normal 0.000000e+00 -9.527751e-01 3.036767e-01
    outer loop
      vertex   -2.000000e+01 -6.546431e+01 2.743361e+02
      vertex   -1.200000e+01 -6.546431e+01 2.743361e+02
      vertex   -2.000000e+01 -6.501291e+01 2.757524e+02
    endloop
  endfacet
  facet normal 0.000000e+00 -9.527751e-01 3.036767e-01
    outer loop
      vertex   -2.000000e+01 -6.501291e+01 2.757524e+02
      vertex   -1.200000e+01 -6.546431e+01 2.743361e+02
      vertex   -1.200000e+01 -6.501291e+01 2.757524e+02
    endloop
  endfacet
  facet normal 0.000000e+00 -9.342489e-01 3.566215e-01
    outer loop
      vertex   -2.000000e+01 -6.501291e+01 2.757524e+02
      vertex   -1.200000e+01 -6.501291e+01 2.757524e+02
      vertex   -2.000000e+01 -6.448281e+01 2.771411e+02
    endloop
  endfacet
  facet normal 0.000000e+00 -9.342489e-01 3.566215e-01
    outer loop
      vertex   -2.000000e+01 -6.448281e+01 2.771411e+02
      vertex   -1.200000e+01 -6.501291e+01 2.757524e+02
      vertex   -1.200000e+01 -6.448281e+01 2.771411e+02
    endloop
  endfacet
  facet normal 0.000000e+00 -9.127833e-01 4.084443e-01
    outer loop
      vertex   -2.000000e+01 -6.448281e+01 2.771411e+02
      vertex   -1.200000e+01 -6.448281e+01 2.771411e+02
      vertex   -2.000000e+01 -6.387568e+01 2.784979e+02
    endloop
  endfacet
  facet normal 0.000000e+00 -9.127833e-01 4.084443e-01
    outer loop
      vertex   -2.000000e+01 -6.387568e+01 2.784979e+02
      vertex   -1.200000e+01 -6.448281e+01 2.771411e+02
      vertex   -1.200000e+01 -6.387568e+01 2.784979e+02
    endloop
  endfacet
  facet normal 0.000000e+00 -8.884456e-01 4.589819e-01
    outer loop
      vertex   -2.000000e+01 -6.387568e+01 2.784979e+02
      vertex   -1.200000e+01 -6.387568e+01 2.784979e+02
      vertex   -2.000000e+01 -6.319342e+01 2.798186e+02
    endloop
  endfacet
  facet normal 0.000000e+00 -8.884456e-01 4.589819e-01
    outer loop
      vertex   -2.000000e+01 -6.319342e+01 2.798186e+02
      vertex   -1.200000e+01 -6.387568e+01 2.784979e+02
      vertex   -1.200000e+01 -6.319342e+01 2.798186e+02
    endloop
  endfacet
  facet normal 0.000000e+00 -8.613126e-01 5.080753e-01
    outer loop
      vertex   -2.000000e+01 -6.319342e+01 2.798186e+02
      vertex   -1.200000e+01 -6.319342e+01 2.798186e+02
      vertex   -2.000000e+01 -6.243819e+01 2.810989e+02
    endloop
  endfacet
  facet normal 0.000000e+00 -8.613126e-01 5.080753e-01
    outer loop
      vertex   -2.000000e+01 -6.243819e+01 2.810989e+02
      vertex   -1.200000e+01 -6.319342e+01 2.798186e+02
      vertex   -1.200000e+01 -6.243819e+01 2.810989e+02
    endloop
  endfacet
  facet normal 0.000000e+00 -8.314696e-01 5.555702e-01
    outer loop
      vertex   -2.000000e+01 -6.243819e+01 2.810989e+02
      vertex   -1.200000e+01 -6.243819e+01 2.810989e+02
      vertex   -2.000000e+01 -6.161236e+01 2.823348e+02
    endloop
  endfacet
  facet normal 0.000000e+00 -8.314696e-01 5.555702e-01
    outer loop
      vertex   -2.000000e+01 -6.161236e+01 2.823348e+02
      vertex   -1.200000e+01 -6.243819e+01 2.810989e+02
      vertex   -1.200000e+01 -6.161236e+01 2.823348e+02
    endloop
  endfacet
  facet normal 0.000000e+00 -7.990105e-01 6.013171e-01
    outer loop
      vertex   -2.000000e+01 -6.161236e+01 2.823348e+02
      vertex   -1.200000e+01 -6.161236e+01 2.823348e+02
      vertex   -2.000000e+01 -6.071854e+01 2.835225e+02
    endloop
  endfacet
  facet normal 0.000000e+00 -7.990105e-01 6.013171e-01
    outer loop
      vertex   -2.000000e+01 -6.071854e+01 2.835225e+02
      vertex   -1.200000e+01 -6.161236e+01 2.823348e+02
      vertex   -1.200000e+01 -6.071854e+01 2.835225e+02
    endloop
  endfacet
  facet normal 0.000000e+00 -7.640374e-01 6.451720e-01
    outer loop
      vertex   -2.000000e+01 -6.071854e+01 2.835225e+02
      vertex   -1.200000e+01 -6.071854e+01 2.835225e+02
      vertex   -2.000000e+01 -5.975952e+01 2.846582e+02
    endloop
  endfacet
  facet normal 6.786015e-16 -7.640374e-01 6.451720e-01
    outer loop
      vertex   -2.000000e+01 -5.975952e+01 2.846582e+02
      vertex   -1.200000e+01 -6.071854e+01 2.835225e+02
      vertex   -1.200000e+01 -5.975952e+01 2.846582e+02
    endloop
  endfacet
  facet normal 6.454040e-16 -7.266603e-01 6.869969e-01
    outer loop
      vertex   -2.000000e+01 -5.975952e+01 2.846582e+02
      vertex   -1.200000e+01 -5.975952e+01 2.846582e+02
      vertex   -2.000000e+01 -5.873833e+01 2.857383e+02
    endloop
  endfacet
  facet normal 0.000000e+00 -7.266603e-01 6.869969e-01
    outer loop
      vertex   -2.000000e+01 -5.873833e+01 2.857383e+02
      vertex   -1.200000e+01 -5.975952e+01 2.846582e+02
      vertex   -1.200000e+01 -5.873833e+01 2.857383e+02
    endloop
  endfacet
  facet normal 0.000000e+00 -6.869969e-01 7.266603e-01
    outer loop
      vertex   -2.000000e+01 -5.873833e+01 2.857383e+02
      vertex   -1.200000e+01 -5.873833e+01 2.857383e+02
      vertex   -2.000000e+01 -5.765819e+01 2.867595e+02
    endloop
  endfacet
  facet normal 0.000000e+00 -6.869969e-01 7.266603e-01
    outer loop
      vertex   -2.000000e+01 -5.765819e+01 2.867595e+02
      vertex   -1.200000e+01 -5.873833e+01 2.857383e+02
      vertex   -1.200000e+01 -5.765819e+01 2.867595e+02
    endloop
  endfacet
  facet normal 0.000000e+00 -6.451720e-01 7.640374e-01
    outer loop
      vertex   -2.000000e+01 -5.765819e+01 2.867595e+02
      vertex   -1.200000e+01 -5.765819e+01 2.867595e+02
      vertex   -2.000000e+01 -5.652248e+01 2.877185e+02
    endloop
  endfacet
  facet normal 0.000000e+00 -6.451720e-01 7.640374e-01
    outer loop
      vertex   -2.000000e+01 -5.652248e+01 2.877185e+02
      vertex   -1.200000e+01 -5.765819e+01 2.867595e+02
      vertex   -1.200000e+01 -5.652248e+01 2.877185e+02
    endloop
  endfacet
  facet normal 0.000000e+00 -6.013171e-01 7.990105e-01
    outer loop
      vertex   -2.000000e+01 -5.652248e+01 2.877185e+02
      vertex   -1.200000e+01 -5.652248e+01 2.877185e+02
      vertex   -2.000000e+01 -5.533479e+01 2.886124e+02
    endloop
  endfacet
  facet normal 0.000000e+00 -6.013171e-01 7.990105e-01
    outer loop
      vertex   -2.000000e+01 -5.533479e+01 2.886124e+02
      vertex   -1.200000e+01 -5.652248e+01 2.877185e+02
      vertex   -1.200000e+01 -5.533479e+01 2.886124e+02
    endloop
  endfacet
  facet normal 0.000000e+00 -5.555702e-01 8.314696e-01
    outer loop
      vertex   -2.000000e+01 -5.533479e+01 2.886124e+02
      vertex   -1.200000e+01 -5.533479e+01 2.886124e+02
      vertex   -2.000000e+01 -5.409885e+01 2.894382e+02
    endloop
  endfacet
  facet normal 0.000000e+00 -5.555702e-01 8.314696e-01
    outer loop
      vertex   -2.000000e+01 -5.409885e+01 2.894382e+02
      vertex   -1.200000e+01 -5.533479e+01 2.886124e+02
      vertex   -1.200000e+01 -5.409885e+01 2.894382e+02
    endloop
  endfacet
  facet normal 0.000000e+00 -5.080753e-01 8.613126e-01
    outer loop
      vertex   -2.000000e+01 -5.409885e+01 2.894382e+02
      vertex   -1.200000e+01 -5.409885e+01 2.894382e+02
      vertex   -2.000000e+01 -5.281855e+01 2.901934e+02
    endloop
  endfacet
  facet normal 0.000000e+00 -5.080753e-01 8.613126e-01
    outer loop
      vertex   -2.000000e+01 -5.281855e+01 2.901934e+02
      vertex   -1.200000e+01 -5.409885e+01 2.894382e+02
      vertex   -1.200000e+01 -5.281855e+01 2.901934e+02
    endloop
  endfacet
  facet normal 0.000000e+00 -4.589819e-01 8.884456e-01
    outer loop
      vertex   -2.000000e+01 -5.281855e+01 2.901934e+02
      vertex   -1.200000e+01 -5.281855e+01 2.901934e+02
      vertex   -2.000000e+01 -5.149792e+01 2.908757e+02
    endloop
  endfacet
  facet normal 0.000000e+00 -4.589819e-01 8.884456e-01
    outer loop
      vertex   -2.000000e+01 -5.149792e+01 2.908757e+02
      vertex   -1.200000e+01 -5.281855e+01 2.901934e+02
      vertex   -1.200000e+01 -5.149792e+01 2.908757e+02
    endloop
  endfacet
  facet normal 0.000000e+00 -4.084443e-01 9.127833e-01
    outer loop
      vertex   -2.000000e+01 -5.149792e+01 2.908757e+02
      vertex   -1.200000e+01 -5.149792e+01 2.908757e+02
      vertex   -2.000000e+01 -5.014111e+01 2.914828e+02
    endloop
  endfacet
  facet normal 0.000000e+00 -4.084443e-01 9.127833e-01
    outer loop
      vertex   -2.000000e+01 -5.014111e+01 2.914828e+02
      vertex   -1.200000e+01 -5.149792e+01 2.908757e+02
      vertex   -1.200000e+01 -5.014111e+01 2.914828e+02
    endloop
  endfacet
  facet normal 0.000000e+00 -3.566215e-01 9.342489e-01
    outer loop
      vertex   -2.000000e+01 -5.014111e+01 2.914828e+02
      vertex   -1.200000e+01 -5.014111e+01 2.914828e+02
      vertex   -2.000000e+01 -4.875240e+01 2.920129e+02
    endloop
  endfacet
  facet normal 0.000000e+00 -3.566215e-01 9.342489e-01
    outer loop
      vertex   -2.000000e+01 -4.875240e+01 2.920129e+02
      vertex   -1.200000e+01 -5.014111e+01 2.914828e+02
      vertex   -1.200000e+01 -4.875240e+01 2.920129e+02
    endloop
  endfacet
  facet normal 0.000000e+00 -3.036767e-01 9.527751e-01
    outer loop
      vertex   -2.000000e+01 -4.875240e+01 2.920129e+02
      vertex   -1.200000e+01 -4.875240e+01 2.920129e+02
      vertex   -2.000000e+01 -4.733614e+01 2.924643e+02
    endloop
  endfacet
  facet normal 2.697191e-16 -3.036767e-01 9.527751e-01
    outer loop
      vertex   -2.000000e+01 -4.733614e+01 2.924643e+02
      vertex   -1.200000e+01 -4.875240e+01 2.920129e+02
      vertex   -1.200000e+01 -4.733614e+01 2.924643e+02
    endloop
  endfacet
  facet normal 2.218461e-16 -2.497765e-01 9.683035e-01
    outer loop
      vertex   -2.000000e+01 -4.733614e+01 2.924643e+02
      vertex   -1.200000e+01 -4.733614e+01 2.924643e+02
      vertex   -2.000000e+01 -4.589681e+01 2.928356e+02
    endloop
  endfacet
  facet normal 0.000000e+00 -2.497765e-01 9.683035e-01
    outer loop
      vertex   -2.000000e+01 -4.589681e+01 2.928356e+02
      vertex   -1.200000e+01 -4.733614e+01 2.924643e+02
      vertex   -1.200000e+01 -4.589681e+01 2.928356e+02
    endloop
  endfacet
  facet normal 0.000000e+00 -1.950903e-01 9.807853e-01
    outer loop
      vertex   -2.000000e+01 -4.589681e+01 2.928356e+02
      vertex   -1.200000e+01 -4.589681e+01 2.928356e+02
      vertex   -2.000000e+01 -4.443892e+01 2.931256e+02
    endloop
  endfacet
  facet normal 0.000000e+00 -1.950903e-01 9.807853e-01
    outer loop
      vertex   -2.000000e+01 -4.443892e+01 2.931256e+02
      vertex   -1.200000e+01 -4.589681e+01 2.928356e+02
      vertex   -1.200000e+01 -4.443892e+01 2.931256e+02
    endloop
  endfacet
  facet normal 0.000000e+00 -1.397903e-01 9.901811e-01
    outer loop
      vertex   -2.000000e+01 -4.443892e+01 2.931256e+02
      vertex   -1.200000e+01 -4.443892e+01 2.931256e+02
      vertex   -2.000000e+01 -4.296706e+01 2.933334e+02
    endloop
  endfacet
  facet normal 0.000000e+00 -1.397903e-01 9.901811e-01
    outer loop
      vertex   -2.000000e+01 -4.296706e+01 2.933334e+02
      vertex   -1.200000e+01 -4.443892e+01 2.931256e+02
      vertex   -1.200000e+01 -4.296706e+01 2.933334e+02
    endloop
  endfacet
  facet normal 0.000000e+00 -8.405052e-02 9.964615e-01
    outer loop
      vertex   -2.000000e+01 -4.296706e+01 2.933334e+02
      vertex   -1.200000e+01 -4.296706e+01 2.933334e+02
      vertex   -2.000000e+01 -4.148587e+01 2.934583e+02
    endloop
  endfacet
  facet normal 7.465186e-17 -8.405052e-02 9.964615e-01
    outer loop
      vertex   -2.000000e+01 -4.148587e+01 2.934583e+02
      vertex   -1.200000e+01 -4.296706e+01 2.933334e+02
      vertex   -1.200000e+01 -4.148587e+01 2.934583e+02
    endloop
  endfacet
  facet normal 2.491008e-17 -2.804626e-02 9.996066e-01
    outer loop
      vertex   -2.000000e+01 -4.148587e+01 2.934583e+02
      vertex   -1.200000e+01 -4.148587e+01 2.934583e+02
      vertex   -2.000000e+01 -4.000000e+01 2.935000e+02
    endloop
  endfacet
  facet normal 0.000000e+00 -2.804626e-02 9.996066e-01
    outer loop
      vertex   -2.000000e+01 -4.000000e+01 2.935000e+02
      vertex   -1.200000e+01 -4.148587e+01 2.934583e+02
      vertex   -1.200000e+01 -4.000000e+01 2.935000e+02
    endloop
  endfacet
  facet normal 0.000000e+00 -9.927089e-01 1.205367e-01
    outer loop
      vertex   2.000000e+01 -6.650000e+01 2.670000e+02
      vertex   1.200000e+01 -6.650000e+01 2.670000e+02
      vertex   2.000000e+01 -6.654359e+01 2.666410e+02
    endloop
  endfacet
  facet normal 0.000000e+00 -9.927089e-01 1.205367e-01
    outer loop
      vertex   2.000000e+01 -6.654359e+01 2.666410e+02
      vertex   1.200000e+01 -6.650000e+01 2.670000e+02
      vertex   1.200000e+01 -6.654359e+01 2.666410e+02
    endloop
  endfacet
  facet normal 0.000000e+00 -9.350162e-01 3.546049e-01
    outer loop
      vertex   2.000000e+01 -6.654359e+01 2.666410e+02
      vertex   1.200000e+01 -6.654359e+01 2.666410e+02
      vertex   2.000000e+01 -6.667182e+01 2.663029e+02
    endloop
  endfacet
  facet normal 0.000000e+00 -9.350162e-01 3.546049e-01
    outer loop
      vertex   2.000000e+01 -6.667182e+01 2.663029e+02
      vertex   1.200000e+01 -6.654359e+01 2.666410e+02
      vertex   1.200000e+01 -6.667182e+01 2.663029e+02
    endloop
  endfacet
  facet normal 0.000000e+00 -8.229839e-01 5.680647e-01
    outer loop
      vertex   2.000000e+01 -6.667182e+01 2.663029e+02
      vertex   1.200000e+01 -6.667182e+01 2.663029e+02
      vertex   2.000000e+01 -6.687723e+01 2.660053e+02
    endloop
  endfacet
  facet normal 0.000000e+00 -8.229839e-01 5.680647e-01
    outer loop
      vertex   2.000000e+01 -6.687723e+01 2.660053e+02
      vertex   1.200000e+01 -6.667182e+01 2.663029e+02
      vertex   1.200000e+01 -6.687723e+01 2.660053e+02
    endloop
  endfacet
  facet normal 0.000000e+00 -6.631227e-01 7.485107e-01
    outer loop
      vertex   2.000000e+01 -6.687723e+01 2.660053e+02
      vertex   1.200000e+01 -6.687723e+01 2.660053e+02
      vertex   2.000000e+01 -6.714790e+01 2.657655e+02
    endloop
  endfacet
  facet normal 0.000000e+00 -6.631227e-01 7.485107e-01
    outer loop
      vertex   2.000000e+01 -6.714790e+01 2.657655e+02
      vertex   1.200000e+01 -6.687723e+01 2.660053e+02
      vertex   1.200000e+01 -6.714790e+01 2.657655e+02
    endloop
  endfacet
  facet normal 0.000000e+00 -4.647232e-01 8.854560e-01
    outer loop
      vertex   2.000000e+01 -6.714790e+01 2.657655e+02
      vertex   1.200000e+01 -6.714790e+01 2.657655e+02
      vertex   2.000000e+01 -6.746809e+01 2.655975e+02
    endloop
  endfacet
  facet normal 0.000000e+00 -4.647232e-01 8.854560e-01
    outer loop
      vertex   2.000000e+01 -6.746809e+01 2.655975e+02
      vertex   1.200000e+01 -6.714790e+01 2.657655e+02
      vertex   1.200000e+01 -6.746809e+01 2.655975e+02
    endloop
  endfacet
  facet normal 0.000000e+00 -2.393157e-01 9.709418e-01
    outer loop
      vertex   2.000000e+01 -6.746809e+01 2.655975e+02
      vertex   1.200000e+01 -6.746809e+01 2.655975e+02
      vertex   2.000000e+01 -6.781920e+01 2.655109e+02
    endloop
  endfacet
  facet normal 0.000000e+00 -2.393157e-01 9.709418e-01
    outer loop
      vertex   2.000000e+01 -6.781920e+01 2.655109e+02
      vertex   1.200000e+01 -6.746809e+01 2.655975e+02
      vertex   1.200000e+01 -6.781920e+01 2.655109e+02
    endloop
  endfacet
  facet normal 0.000000e+00 0.000000e+00 1.000000e+00
    outer loop
      vertex   2.000000e+01 -6.781920e+01 2.655109e+02
      vertex   1.200000e+01 -6.781920e+01 2.655109e+02
      vertex   2.000000e+01 -6.818081e+01 2.655109e+02
    endloop
  endfacet
  facet normal 0.000000e+00 0.000000e+00 1.000000e+00
    outer loop
      vertex   2.000000e+01 -6.818081e+01 2.655109e+02
      vertex   1.200000e+01 -6.781920e+01 2.655109e+02
      vertex   1.200000e+01 -6.818081e+01 2.655109e+02
    endloop
  endfacet
  facet normal 0.000000e+00 2.393157e-01 9.709418e-01
    outer loop
      vertex   2.000000e+01 -6.818081e+01 2.655109e+02
      vertex   1.200000e+01 -6.818081e+01 2.655109e+02
      vertex   2.000000e+01 -6.853191e+01 2.655975e+02
    endloop
  endfacet
  facet normal 0.000000e+00 2.393157e-01 9.709418e-01
    outer loop
      vertex   2.000000e+01 -6.853191e+01 2.655975e+02
      vertex   1.200000e+01 -6.818081e+01 2.655109e+02
      vertex   1.200000e+01 -6.853191e+01 2.655975e+02
    endloop
  endfacet
  facet normal 0.000000e+00 4.647232e-01 8.854560e-01
    outer loop
      vertex   2.000000e+01 -6.853191e+01 2.655975e+02
      vertex   1.200000e+01 -6.853191e+01 2.655975e+02
      vertex   2.000000e+01 -6.885210e+01 2.657655e+02
    endloop
  endfacet
  facet normal 0.000000e+00 4.647232e-01 8.854560e-01
    outer loop
      vertex   2.000000e+01 -6.885210e+01 2.657655e+02
      vertex   1.200000e+01 -6.853191e+01 2.655975e+02
      vertex   1.200000e+01 -6.885210e+01 2.657655e+02
    endloop
  endfacet
  facet normal 0.000000e+00 6.631227e-01 7.485107e-01
    outer loop
      vertex   2.000000e+01 -6.885210e+01 2.657655e+02
      vertex   1.200000e+01 -6.885210e+01 2.657655e+02
      vertex   2.000000e+01 -6.912277e+01 2.660053e+02
    endloop
  endfacet
  facet normal 0.000000e+00 6.631227e-01 7.485107e-01
    outer loop
      vertex   2.000000e+01 -6.912277e+01 2.660053e+02
      vertex   1.200000e+01 -6.885210e+01 2.657655e+02
      vertex   1.200000e+01 -6.912277e+01 2.660053e+02
    endloop
  endfacet
  facet normal 0.000000e+00 8.229839e-01 5.680647e-01
    outer loop
      vertex   2.000000e+01 -6.912277e+01 2.660053e+02
      vertex   1.200000e+01 -6.912277e+01 2.660053e+02
      vertex   2.000000e+01 -6.932819e+01 2.663029e+02
    endloop
  endfacet
  facet normal 0.000000e+00 8.229839e-01 5.680647e-01
    outer loop
      vertex   2.000000e+01 -6.932819e+01 2.663029e+02
      vertex   1.200000e+01 -6.912277e+01 2.660053e+02
      vertex   1.200000e+01 -6.932819e+01 2.663029e+02
    endloop
  endfacet
  facet normal 0.000000e+00 9.350162e-01 3.546049e-01
    outer loop
      vertex   2.000000e+01 -6.932819e+01 2.663029e+02
      vertex   1.200000e+01 -6.932819e+01 2.663029e+02
      vertex   2.000000e+01 -6.945641e+01 2.666410e+02
    endloop
  endfacet
  facet normal 0.000000e+00 9.350162e-01 3.546049e-01
    outer loop
      vertex   2.000000e+01 -6.945641e+01 2.666410e+02
      vertex   1.200000e+01 -6.932819e+01 2.663029e+02
      vertex   1.200000e+01 -6.945641e+01 2.666410e+02
    endloop
  endfacet
  facet normal 0.000000e+00 9.927089e-01 1.205367e-01
    outer loop
      vertex   2.000000e+01 -6.945641e+01 2.666410e+02
      vertex   1.200000e+01 -6.945641e+01 2.666410e+02
      vertex   2.000000e+01 -6.950000e+01 2.670000e+02
    endloop
  endfacet
  facet normal 0.000000e+00 9.927089e-01 1.205367e-01
    outer loop
      vertex   2.000000e+01 -6.950000e+01 2.670000e+02
      vertex   1.200000e+01 -6.945641e+01 2.666410e+02
      vertex   1.200000e+01 -6.950000e+01 2.670000e+02
    endloop
  endfacet
  facet normal -0.000000e+00 9.927089e-01 1.205367e-01
    outer loop
      vertex   -2.000000e+01 -6.950000e+01 2.670000e+02
      vertex   -1.200000e+01 -6.950000e+01 2.670000e+02
      vertex   -2.000000e+01 -6.945641e+01 2.666410e+02
    endloop
  endfacet
  facet normal -0.000000e+00 9.927089e-01 1.205367e-01
    outer loop
      vertex   -2.000000e+01 -6.945641e+01 2.666410e+02
      vertex   -1.200000e+01 -6.950000e+01 2.670000e+02
      vertex   -1.200000e+01 -6.945641e+01 2.666410e+02
    endloop
  endfacet
  facet normal -0.000000e+00 9.350162e-01 3.546049e-01
    outer loop
      vertex   -2.000000e+01 -6.945641e+01 2.666410e+02
      vertex   -1.200000e+01 -6.945641e+01 2.666410e+02
      vertex   -2.000000e+01 -6.932819e+01 2.663029e+02
    endloop
  endfacet
  facet normal -0.000000e+00 9.350162e-01 3.546049e-01
    outer loop
      vertex   -2.000000e+01 -6.932819e+01 2.663029e+02
      vertex   -1.200000e+01 -6.945641e+01 2.666410e+02
      vertex   -1.200000e+01 -6.932819e+01 2.663029e+02
    endloop
  endfacet
  facet normal -0.000000e+00 8.229839e-01 5.680647e-01
    outer loop
      vertex   -2.000000e+01 -6.932819e+01 2.663029e+02
      vertex   -1.200000e+01 -6.932819e+01 2.663029e+02
      vertex   -2.000000e+01 -6.912277e+01 2.660053e+02
    endloop
  endfacet
  facet normal -0.000000e+00 8.229839e-01 5.680647e-01
    outer loop
      vertex   -2.000000e+01 -6.912277e+01 2.660053e+02
      vertex   -1.200000e+01 -6.932819e+01 2.663029e+02
      vertex   -1.200000e+01 -6.912277e+01 2.660053e+02
    endloop
  endfacet
  facet normal -0.000000e+00 6.631227e-01 7.485107e-01
    outer loop
      vertex   -2.000000e+01 -6.912277e+01 2.660053e+02
      vertex   -1.200000e+01 -6.912277e+01 2.660053e+02
      vertex   -2.000000e+01 -6.885210e+01 2.657655e+02
    endloop
  endfacet
  facet normal -0.000000e+00 6.631227e-01 7.485107e-01
    outer loop
      vertex   -2.000000e+01 -6.885210e+01 2.657655e+02
      vertex   -1.200000e+01 -6.912277e+01 2.660053e+02
      vertex   -1.200000e+01 -6.885210e+01 2.657655e+02
    endloop
  endfacet
  facet normal -0.000000e+00 4.647232e-01 8.854560e-01
    outer loop
      vertex   -2.000000e+01 -6.885210e+01 2.657655e+02
      vertex   -1.200000e+01 -6.885210e+01 2.657655e+02
      vertex   -2.000000e+01 -6.853191e+01 2.655975e+02
    endloop
  endfacet
  facet normal -0.000000e+00 4.647232e-01 8.854560e-01
    outer loop
      vertex   -2.000000e+01 -6.853191e+01 2.655975e+02
      vertex   -1.200000e+01 -6.885210e+01 2.657655e+02
      vertex   -1.200000e+01 -6.853191e+01 2.655975e+02
    endloop
  endfacet
  facet normal -0.000000e+00 2.393157e-01 9.709418e-01
    outer loop
      vertex   -2.000000e+01 -6.853191e+01 2.655975e+02
      vertex   -1.200000e+01 -6.853191e+01 2.655975e+02
      vertex   -2.000000e+01 -6.818081e+01 2.655109e+02
    endloop
  endfacet
  facet normal -0.000000e+00 2.393157e-01 9.709418e-01
    outer loop
      vertex   -2.000000e+01 -6.818081e+01 2.655109e+02
      vertex   -1.200000e+01 -6.853191e+01 2.655975e+02
      vertex   -1.200000e+01 -6.818081e+01 2.655109e+02
    endloop
  endfacet
  facet normal 0.000000e+00 0.000000e+00 1.000000e+00
    outer loop
      vertex   -2.000000e+01 -6.818081e+01 2.655109e+02
      vertex   -1.200000e+01 -6.818081e+01 2.655109e+02
      vertex   -2.000000e+01 -6.781920e+01 2.655109e+02
    endloop
  endfacet
  facet normal -0.000000e+00 0.000000e+00 1.000000e+00
    outer loop
      vertex   -2.000000e+01 -6.781920e+01 2.655109e+02
      vertex   -1.200000e+01 -6.818081e+01 2.655109e+02
      vertex   -1.200000e+01 -6.781920e+01 2.655109e+02
    endloop
  endfacet
  facet normal 0.000000e+00 -2.393157e-01 9.709418e-01
    outer loop
      vertex   -2.000000e+01 -6.781920e+01 2.655109e+02
      vertex   -1.200000e+01 -6.781920e+01 2.655109e+02
      vertex   -2.000000e+01 -6.746809e+01 2.655975e+02
    endloop
  endfacet
  facet normal 0.000000e+00 -2.393157e-01 9.709418e-01
    outer loop
      vertex   -2.000000e+01 -6.746809e+01 2.655975e+02
      vertex   -1.200000e+01 -6.781920e+01 2.655109e+02
      vertex   -1.200000e+01 -6.746809e+01 2.655975e+02
    endloop
  endfacet
  facet normal 0.000000e+00 -4.647232e-01 8.854560e-01
    outer loop
      vertex   -2.000000e+01 -6.746809e+01 2.655975e+02
      vertex   -1.200000e+01 -6.746809e+01 2.655975e+02
      vertex   -2.000000e+01 -6.714790e+01 2.657655e+02
    endloop
  endfacet
  facet normal 0.000000e+00 -4.647232e-01 8.854560e-01
    outer loop
      vertex   -2.000000e+01 -6.714790e+01 2.657655e+02
      vertex   -1.200000e+01 -6.746809e+01 2.655975e+02
      vertex   -1.200000e+01 -6.714790e+01 2.657655e+02
    endloop
  endfacet
  facet normal 0.000000e+00 -6.631227e-01 7.485107e-01
    outer loop
      vertex   -2.000000e+01 -6.714790e+01 2.657655e+02
      vertex   -1.200000e+01 -6.714790e+01 2.657655e+02
      vertex   -2.000000e+01 -6.687723e+01 2.660053e+02
    endloop
  endfacet
  facet normal 0.000000e+00 -6.631227e-01 7.485107e-01
    outer loop
      vertex   -2.000000e+01 -6.687723e+01 2.660053e+02
      vertex   -1.200000e+01 -6.714790e+01 2.657655e+02
      vertex   -1.200000e+01 -6.687723e+01 2.660053e+02
    endloop
  endfacet
  facet normal 0.000000e+00 -8.229839e-01 5.680647e-01
    outer loop
      vertex   -2.000000e+01 -6.687723e+01 2.660053e+02
      vertex   -1.200000e+01 -6.687723e+01 2.660053e+02
      vertex   -2.000000e+01 -6.667182e+01 2.663029e+02
    endloop
  endfacet
  facet normal 0.000000e+00 -8.229839e-01 5.680647e-01
    outer loop
      vertex   -2.000000e+01 -6.667182e+01 2.663029e+02
      vertex   -1.200000e+01 -6.687723e+01 2.660053e+02
      vertex   -1.200000e+01 -6.667182e+01 2.663029e+02
    endloop
  endfacet
  facet normal 0.000000e+00 -9.350162e-01 3.546049e-01
    outer loop
      vertex   -2.000000e+01 -6.667182e+01 2.663029e+02
      vertex   -1.200000e+01 -6.667182e+01 2.663029e+02
      vertex   -2.000000e+01 -6.654359e+01 2.666410e+02
    endloop
  endfacet
  facet normal 0.000000e+00 -9.350162e-01 3.546049e-01
    outer loop
      vertex   -2.000000e+01 -6.654359e+01 2.666410e+02
      vertex   -1.200000e+01 -6.667182e+01 2.663029e+02
      vertex   -1.200000e+01 -6.654359e+01 2.666410e+02
    endloop
  endfacet
  facet normal 0.000000e+00 -9.927089e-01 1.205367e-01
    outer loop
      vertex   -2.000000e+01 -6.654359e+01 2.666410e+02
      vertex   -1.200000e+01 -6.654359e+01 2.666410e+02
      vertex   -2.000000e+01 -6.650000e+01 2.670000e+02
    endloop
  endfacet
  facet normal 0.000000e+00 -9.927089e-01 1.205367e-01
    outer loop
      vertex   -2.000000e+01 -6.650000e+01 2.670000e+02
      vertex   -1.200000e+01 -6.654359e+01 2.666410e+02
      vertex   -1.200000e+01 -6.650000e+01 2.670000e+02
    endloop
  endfacet
  facet normal -0.000000e+00 -1.205367e-01 -9.927089e-01
    outer loop
      vertex   2.000000e+01 -4.000000e+01 2.965000e+02
      vertex   1.200000e+01 -4.000000e+01 2.965000e+02
      vertex   2.000000e+01 -3.964103e+01 2.964564e+02
    endloop
  endfacet
  facet normal -0.000000e+00 -1.205367e-01 -9.927089e-01
    outer loop
      vertex   2.000000e+01 -3.964103e+01 2.964564e+02
      vertex   1.200000e+01 -4.000000e+01 2.965000e+02
      vertex   1.200000e+01 -3.964103e+01 2.964564e+02
    endloop
  endfacet
  facet normal -0.000000e+00 -3.546049e-01 -9.350162e-01
    outer loop
      vertex   2.000000e+01 -3.964103e+01 2.964564e+02
      vertex   1.200000e+01 -3.964103e+01 2.964564e+02
      vertex   2.000000e+01 -3.930292e+01 2.963282e+02
    endloop
  endfacet
  facet normal -0.000000e+00 -3.546049e-01 -9.350162e-01
    outer loop
      vertex   2.000000e+01 -3.930292e+01 2.963282e+02
      vertex   1.200000e+01 -3.964103e+01 2.964564e+02
      vertex   1.200000e+01 -3.930292e+01 2.963282e+02
    endloop
  endfacet
  facet normal -0.000000e+00 -5.680647e-01 -8.229839e-01
    outer loop
      vertex   2.000000e+01 -3.930292e+01 2.963282e+02
      vertex   1.200000e+01 -3.930292e+01 2.963282e+02
      vertex   2.000000e+01 -3.900532e+01 2.961228e+02
    endloop
  endfacet
  facet normal -0.000000e+00 -5.680647e-01 -8.229839e-01
    outer loop
      vertex   2.000000e+01 -3.900532e+01 2.961228e+02
      vertex   1.200000e+01 -3.930292e+01 2.963282e+02
      vertex   1.200000e+01 -3.900532e+01 2.961228e+02
    endloop
  endfacet
  facet normal -0.000000e+00 -7.485107e-01 -6.631227e-01
    outer loop
      vertex   2.000000e+01 -3.900532e+01 2.961228e+02
      vertex   1.200000e+01 -3.900532e+01 2.961228e+02
      vertex   2.000000e+01 -3.876552e+01 2.958521e+02
    endloop
  endfacet
  facet normal -0.000000e+00 -7.485107e-01 -6.631227e-01
    outer loop
      vertex   2.000000e+01 -3.876552e+01 2.958521e+02
      vertex   1.200000e+01 -3.900532e+01 2.961228e+02
      vertex   1.200000e+01 -3.876552e+01 2.958521e+02
    endloop
  endfacet
  facet normal -0.000000e+00 -8.854560e-01 -4.647232e-01
    outer loop
      vertex   2.000000e+01 -3.876552e+01 2.958521e+02
      vertex   1.200000e+01 -3.876552e+01 2.958521e+02
      vertex   2.000000e+01 -3.859748e+01 2.955319e+02
    endloop
  endfacet
  facet normal -0.000000e+00 -8.854560e-01 -4.647232e-01
    outer loop
      vertex   2.000000e+01 -3.859748e+01 2.955319e+02
      vertex   1.200000e+01 -3.876552e+01 2.958521e+02
      vertex   1.200000e+01 -3.859748e+01 2.955319e+02
    endloop
  endfacet
  facet normal -0.000000e+00 -9.709418e-01 -2.393157e-01
    outer loop
      vertex   2.000000e+01 -3.859748e+01 2.955319e+02
      vertex   1.200000e+01 -3.859748e+01 2.955319e+02
      vertex   2.000000e+01 -3.851094e+01 2.951808e+02
    endloop
  endfacet
  facet normal -0.000000e+00 -9.709418e-01 -2.393157e-01
    outer loop
      vertex   2.000000e+01 -3.851094e+01 2.951808e+02
      vertex   1.200000e+01 -3.859748e+01 2.955319e+02
      vertex   1.200000e+01 -3.851094e+01 2.951808e+02
    endloop
  endfacet
  facet normal -0.000000e+00 -1.000000e+00 -0.000000e+00
    outer loop
      vertex   2.000000e+01 -3.851094e+01 2.951808e+02
      vertex   1.200000e+01 -3.851094e+01 2.951808e+02
      vertex   2.000000e+01 -3.851094e+01 2.948192e+02
    endloop
  endfacet
  facet normal 0.000000e+00 -1.000000e+00 0.000000e+00
    outer loop
      vertex   2.000000e+01 -3.851094e+01 2.948192e+02
      vertex   1.200000e+01 -3.851094e+01 2.951808e+02
      vertex   1.200000e+01 -3.851094e+01 2.948192e+02
    endloop
  endfacet
  facet normal 0.000000e+00 -9.709418e-01 2.393157e-01
    outer loop
      vertex   2.000000e+01 -3.851094e+01 2.948192e+02
      vertex   1.200000e+01 -3.851094e+01 2.948192e+02
      vertex   2.000000e+01 -3.859748e+01 2.944681e+02
    endloop
  endfacet
  facet normal 0.000000e+00 -9.709418e-01 2.393157e-01
    outer loop
      vertex   2.000000e+01 -3.859748e+01 2.944681e+02
      vertex   1.200000e+01 -3.851094e+01 2.948192e+02
      vertex   1.200000e+01 -3.859748e+01 2.944681e+02
    endloop
  endfacet
  facet normal 0.000000e+00 -8.854560e-01 4.647232e-01
    outer loop
      vertex   2.000000e+01 -3.859748e+01 2.944681e+02
      vertex   1.200000e+01 -3.859748e+01 2.944681e+02
      vertex   2.000000e+01 -3.876552e+01 2.941479e+02
    endloop
  endfacet
  facet normal 0.000000e+00 -8.854560e-01 4.647232e-01
    outer loop
      vertex   2.000000e+01 -3.876552e+01 2.941479e+02
      vertex   1.200000e+01 -3.859748e+01 2.944681e+02
      vertex   1.200000e+01 -3.876552e+01 2.941479e+02
    endloop
  endfacet
  facet normal 0.000000e+00 -7.485107e-01 6.631227e-01
    outer loop
      vertex   2.000000e+01 -3.876552e+01 2.941479e+02
      vertex   1.200000e+01 -3.876552e+01 2.941479e+02
      vertex   2.000000e+01 -3.900532e+01 2.938772e+02
    endloop
  endfacet
  facet normal 0.000000e+00 -7.485107e-01 6.631227e-01
    outer loop
      vertex   2.000000e+01 -3.900532e+01 2.938772e+02
      vertex   1.200000e+01 -3.876552e+01 2.941479e+02
      vertex   1.200000e+01 -3.900532e+01 2.938772e+02
    endloop
  endfacet
  facet normal 0.000000e+00 -5.680647e-01 8.229839e-01
    outer loop
      vertex   2.000000e+01 -3.900532e+01 2.938772e+02
      vertex   1.200000e+01 -3.900532e+01 2.938772e+02
      vertex   2.000000e+01 -3.930292e+01 2.936718e+02
    endloop
  endfacet
  facet normal 0.000000e+00 -5.680647e-01 8.229839e-01
    outer loop
      vertex   2.000000e+01 -3.930292e+01 2.936718e+02
      vertex   1.200000e+01 -3.900532e+01 2.938772e+02
      vertex   1.200000e+01 -3.930292e+01 2.936718e+02
    endloop
  endfacet
  facet normal 0.000000e+00 -3.546049e-01 9.350162e-01
    outer loop
      vertex   2.000000e+01 -3.930292e+01 2.936718e+02
      vertex   1.200000e+01 -3.930292e+01 2.936718e+02
      vertex   2.000000e+01 -3.964103e+01 2.935436e+02
    endloop
  endfacet
  facet normal 0.000000e+00 -3.546049e-01 9.350162e-01
    outer loop
      vertex   2.000000e+01 -3.964103e+01 2.935436e+02
      vertex   1.200000e+01 -3.930292e+01 2.936718e+02
      vertex   1.200000e+01 -3.964103e+01 2.935436e+02
    endloop
  endfacet
  facet normal 0.000000e+00 -1.205367e-01 9.927089e-01
    outer loop
      vertex   2.000000e+01 -3.964103e+01 2.935436e+02
      vertex   1.200000e+01 -3.964103e+01 2.935436e+02
      vertex   2.000000e+01 -4.000000e+01 2.935000e+02
    endloop
  endfacet
  facet normal 0.000000e+00 -1.205367e-01 9.927089e-01
    outer loop
      vertex   2.000000e+01 -4.000000e+01 2.935000e+02
      vertex   1.200000e+01 -3.964103e+01 2.935436e+02
      vertex   1.200000e+01 -4.000000e+01 2.935000e+02
    endloop
  endfacet
  facet normal 0.000000e+00 9.996333e-01 -2.707938e-02
    outer loop
      vertex   2.000000e+01 -6.950000e+01 2.670000e+02
      vertex   1.200000e+01 -6.950000e+01 2.670000e+02
      vertex   2.000000e+01 -6.945674e+01 2.685971e+02
    endloop
  endfacet
  facet normal 0.000000e+00 9.996333e-01 -2.707938e-02
    outer loop
      vertex   2.000000e+01 -6.945674e+01 2.685971e+02
      vertex   1.200000e+01 -6.950000e+01 2.670000e+02
      vertex   1.200000e+01 -6.945674e+01 2.685971e+02
    endloop
  endfacet
  facet normal 0.000000e+00 9.967012e-01 -8.115873e-02
    outer loop
      vertex   2.000000e+01 -6.945674e+01 2.685971e+02
      vertex   1.200000e+01 -6.945674e+01 2.685971e+02
      vertex   2.000000e+01 -6.932707e+01 2.701895e+02
    endloop
  endfacet
  facet normal 0.000000e+00 9.967012e-01 -8.115873e-02
    outer loop
      vertex   2.000000e+01 -6.932707e+01 2.701895e+02
      vertex   1.200000e+01 -6.945674e+01 2.685971e+02
      vertex   1.200000e+01 -6.932707e+01 2.701895e+02
    endloop
  endfacet
  facet normal 0.000000e+00 9.908456e-01 -1.350000e-01
    outer loop
      vertex   2.000000e+01 -6.932707e+01 2.701895e+02
      vertex   1.200000e+01 -6.932707e+01 2.701895e+02
      vertex   2.000000e+01 -6.911138e+01 2.717726e+02
    endloop
  endfacet
  facet normal 0.000000e+00 9.908456e-01 -1.350000e-01
    outer loop
      vertex   2.000000e+01 -6.911138e+01 2.717726e+02
      vertex   1.200000e+01 -6.932707e+01 2.701895e+02
      vertex   1.200000e+01 -6.911138e+01 2.717726e+02
    endloop
  endfacet
  facet normal 0.000000e+00 9.820837e-01 -1.884453e-01
    outer loop
      vertex   2.000000e+01 -6.911138e+01 2.717726e+02
      vertex   1.200000e+01 -6.911138e+01 2.717726e+02
      vertex   2.000000e+01 -6.881031e+01 2.733416e+02
    endloop
  endfacet
  facet normal 0.000000e+00 9.820837e-01 -1.884453e-01
    outer loop
      vertex   2.000000e+01 -6.881031e+01 2.733416e+02
      vertex   1.200000e+01 -6.911138e+01 2.717726e+02
      vertex   1.200000e+01 -6.881031e+01 2.733416e+02
    endloop
  endfacet
  facet normal 0.000000e+00 9.704411e-01 -2.413379e-01
    outer loop
      vertex   2.000000e+01 -6.881031e+01 2.733416e+02
      vertex   1.200000e+01 -6.881031e+01 2.733416e+02
      vertex   2.000000e+01 -6.842473e+01 2.748921e+02
    endloop
  endfacet
  facet normal 0.000000e+00 9.704411e-01 -2.413379e-01
    outer loop
      vertex   2.000000e+01 -6.842473e+01 2.748921e+02
      vertex   1.200000e+01 -6.881031e+01 2.733416e+02
      vertex   1.200000e+01 -6.842473e+01 2.748921e+02
    endloop
  endfacet
  facet normal 0.000000e+00 9.559521e-01 -2.935226e-01
    outer loop
      vertex   2.000000e+01 -6.842473e+01 2.748921e+02
      vertex   1.200000e+01 -6.842473e+01 2.748921e+02
      vertex   2.000000e+01 -6.795577e+01 2.764194e+02
    endloop
  endfacet
  facet normal 0.000000e+00 9.559521e-01 -2.935226e-01
    outer loop
      vertex   2.000000e+01 -6.795577e+01 2.764194e+02
      vertex   1.200000e+01 -6.842473e+01 2.748921e+02
      vertex   1.200000e+01 -6.795577e+01 2.764194e+02
    endloop
  endfacet
  facet normal 0.000000e+00 9.386592e-01 -3.448463e-01
    outer loop
      vertex   2.000000e+01 -6.795577e+01 2.764194e+02
      vertex   1.200000e+01 -6.795577e+01 2.764194e+02
      vertex   2.000000e+01 -6.740481e+01 2.779191e+02
    endloop
  endfacet
  facet normal 0.000000e+00 9.386592e-01 -3.448463e-01
    outer loop
      vertex   2.000000e+01 -6.740481e+01 2.779191e+02
      vertex   1.200000e+01 -6.795577e+01 2.764194e+02
      vertex   1.200000e+01 -6.740481e+01 2.779191e+02
    endloop
  endfacet
  facet normal 0.000000e+00 9.186129e-01 -3.951585e-01
    outer loop
      vertex   2.000000e+01 -6.740481e+01 2.779191e+02
      vertex   1.200000e+01 -6.740481e+01 2.779191e+02
      vertex   2.000000e+01 -6.677348e+01 2.793867e+02
    endloop
  endfacet
  facet normal 2.807770e-15 9.186129e-01 -3.951585e-01
    outer loop
      vertex   2.000000e+01 -6.677348e+01 2.793867e+02
      vertex   1.200000e+01 -6.740481e+01 2.779191e+02
      vertex   1.200000e+01 -6.677348e+01 2.793867e+02
    endloop
  endfacet
  facet normal 3.157025e-15 8.958723e-01 -4.443117e-01
    outer loop
      vertex   2.000000e+01 -6.677348e+01 2.793867e+02
      vertex   1.200000e+01 -6.677348e+01 2.793867e+02
      vertex   2.000000e+01 -6.606361e+01 2.808181e+02
    endloop
  endfacet
  facet normal 0.000000e+00 8.958723e-01 -4.443117e-01
    outer loop
      vertex   2.000000e+01 -6.606361e+01 2.808181e+02
      vertex   1.200000e+01 -6.677348e+01 2.793867e+02
      vertex   1.200000e+01 -6.606361e+01 2.808181e+02
    endloop
  endfacet
  facet normal 0.000000e+00 8.705038e-01 -4.921616e-01
    outer loop
      vertex   2.000000e+01 -6.606361e+01 2.808181e+02
      vertex   1.200000e+01 -6.606361e+01 2.808181e+02
      vertex   2.000000e+01 -6.527729e+01 2.822088e+02
    endloop
  endfacet
  facet normal 0.000000e+00 8.705038e-01 -4.921616e-01
    outer loop
      vertex   2.000000e+01 -6.527729e+01 2.822088e+02
      vertex   1.200000e+01 -6.606361e+01 2.808181e+02
      vertex   1.200000e+01 -6.527729e+01 2.822088e+02
    endloop
  endfacet
  facet normal 0.000000e+00 8.425821e-01 -5.385680e-01
    outer loop
      vertex   2.000000e+01 -6.527729e+01 2.822088e+02
      vertex   1.200000e+01 -6.527729e+01 2.822088e+02
      vertex   2.000000e+01 -6.441683e+01 2.835550e+02
    endloop
  endfacet
  facet normal 0.000000e+00 8.425821e-01 -5.385680e-01
    outer loop
      vertex   2.000000e+01 -6.441683e+01 2.835550e+02
      vertex   1.200000e+01 -6.527729e+01 2.822088e+02
      vertex   1.200000e+01 -6.441683e+01 2.835550e+02
    endloop
  endfacet
  facet normal 0.000000e+00 8.121889e-01 -5.833946e-01
    outer loop
      vertex   2.000000e+01 -6.441683e+01 2.835550e+02
      vertex   1.200000e+01 -6.441683e+01 2.835550e+02
      vertex   2.000000e+01 -6.348475e+01 2.848526e+02
    endloop
  endfacet
  facet normal 0.000000e+00 8.121889e-01 -5.833946e-01
    outer loop
      vertex   2.000000e+01 -6.348475e+01 2.848526e+02
      vertex   1.200000e+01 -6.441683e+01 2.835550e+02
      vertex   1.200000e+01 -6.348475e+01 2.848526e+02
    endloop
  endfacet
  facet normal 0.000000e+00 7.794134e-01 -6.265100e-01
    outer loop
      vertex   2.000000e+01 -6.348475e+01 2.848526e+02
      vertex   1.200000e+01 -6.348475e+01 2.848526e+02
      vertex   2.000000e+01 -6.248378e+01 2.860979e+02
    endloop
  endfacet
  facet normal 0.000000e+00 7.794134e-01 -6.265100e-01
    outer loop
      vertex   2.000000e+01 -6.248378e+01 2.860979e+02
      vertex   1.200000e+01 -6.348475e+01 2.848526e+02
      vertex   1.200000e+01 -6.248378e+01 2.860979e+02
    endloop
  endfacet
  facet normal 0.000000e+00 7.443517e-01 -6.677878e-01
    outer loop
      vertex   2.000000e+01 -6.248378e+01 2.860979e+02
      vertex   1.200000e+01 -6.248378e+01 2.860979e+02
      vertex   2.000000e+01 -6.141687e+01 2.872871e+02
    endloop
  endfacet
  facet normal 0.000000e+00 7.443517e-01 -6.677878e-01
    outer loop
      vertex   2.000000e+01 -6.141687e+01 2.872871e+02
      vertex   1.200000e+01 -6.248378e+01 2.860979e+02
      vertex   1.200000e+01 -6.141687e+01 2.872871e+02
    endloop
  endfacet
  facet normal 0.000000e+00 7.071068e-01 -7.071068e-01
    outer loop
      vertex   2.000000e+01 -6.141687e+01 2.872871e+02
      vertex   1.200000e+01 -6.141687e+01 2.872871e+02
      vertex   2.000000e+01 -6.028713e+01 2.884169e+02
    endloop
  endfacet
  facet normal 0.000000e+00 7.071068e-01 -7.071068e-01
    outer loop
      vertex   2.000000e+01 -6.028713e+01 2.884169e+02
      vertex   1.200000e+01 -6.141687e+01 2.872871e+02
      vertex   1.200000e+01 -6.028713e+01 2.884169e+02
    endloop
  endfacet
  facet normal 0.000000e+00 6.677878e-01 -7.443517e-01
    outer loop
      vertex   2.000000e+01 -6.028713e+01 2.884169e+02
      vertex   1.200000e+01 -6.028713e+01 2.884169e+02
      vertex   2.000000e+01 -5.909790e+01 2.894838e+02
    endloop
  endfacet
  facet normal -5.931147e-16 6.677878e-01 -7.443517e-01
    outer loop
      vertex   2.000000e+01 -5.909790e+01 2.894838e+02
      vertex   1.200000e+01 -6.028713e+01 2.884169e+02
      vertex   1.200000e+01 -5.909790e+01 2.894838e+02
    endloop
  endfacet
  facet normal -5.564527e-16 6.265100e-01 -7.794134e-01
    outer loop
      vertex   2.000000e+01 -5.909790e+01 2.894838e+02
      vertex   1.200000e+01 -5.909790e+01 2.894838e+02
      vertex   2.000000e+01 -5.785264e+01 2.904847e+02
    endloop
  endfacet
  facet normal 0.000000e+00 6.265100e-01 -7.794134e-01
    outer loop
      vertex   2.000000e+01 -5.785264e+01 2.904847e+02
      vertex   1.200000e+01 -5.909790e+01 2.894838e+02
      vertex   1.200000e+01 -5.785264e+01 2.904847e+02
    endloop
  endfacet
  facet normal 0.000000e+00 5.833946e-01 -8.121889e-01
    outer loop
      vertex   2.000000e+01 -5.785264e+01 2.904847e+02
      vertex   1.200000e+01 -5.785264e+01 2.904847e+02
      vertex   2.000000e+01 -5.655502e+01 2.914168e+02
    endloop
  endfacet
  facet normal 0.000000e+00 5.833946e-01 -8.121889e-01
    outer loop
      vertex   2.000000e+01 -5.655502e+01 2.914168e+02
      vertex   1.200000e+01 -5.785264e+01 2.904847e+02
      vertex   1.200000e+01 -5.655502e+01 2.914168e+02
    endloop
  endfacet
  facet normal 0.000000e+00 5.385680e-01 -8.425821e-01
    outer loop
      vertex   2.000000e+01 -5.655502e+01 2.914168e+02
      vertex   1.200000e+01 -5.655502e+01 2.914168e+02
      vertex   2.000000e+01 -5.520884e+01 2.922773e+02
    endloop
  endfacet
  facet normal 0.000000e+00 5.385680e-01 -8.425821e-01
    outer loop
      vertex   2.000000e+01 -5.520884e+01 2.922773e+02
      vertex   1.200000e+01 -5.655502e+01 2.914168e+02
      vertex   1.200000e+01 -5.520884e+01 2.922773e+02
    endloop
  endfacet
  facet normal 0.000000e+00 4.921616e-01 -8.705038e-01
    outer loop
      vertex   2.000000e+01 -5.520884e+01 2.922773e+02
      vertex   1.200000e+01 -5.520884e+01 2.922773e+02
      vertex   2.000000e+01 -5.381805e+01 2.930636e+02
    endloop
  endfacet
  facet normal -4.371273e-16 4.921616e-01 -8.705038e-01
    outer loop
      vertex   2.000000e+01 -5.381805e+01 2.930636e+02
      vertex   1.200000e+01 -5.520884e+01 2.922773e+02
      vertex   1.200000e+01 -5.381805e+01 2.930636e+02
    endloop
  endfacet
  facet normal -3.946281e-16 4.443117e-01 -8.958723e-01
    outer loop
      vertex   2.000000e+01 -5.381805e+01 2.930636e+02
      vertex   1.200000e+01 -5.381805e+01 2.930636e+02
      vertex   2.000000e+01 -5.238673e+01 2.937735e+02
    endloop
  endfacet
  facet normal 0.000000e+00 4.443117e-01 -8.958723e-01
    outer loop
      vertex   2.000000e+01 -5.238673e+01 2.937735e+02
      vertex   1.200000e+01 -5.381805e+01 2.930636e+02
      vertex   1.200000e+01 -5.238673e+01 2.937735e+02
    endloop
  endfacet
  facet normal 0.000000e+00 3.951585e-01 -9.186129e-01
    outer loop
      vertex   2.000000e+01 -5.238673e+01 2.937735e+02
      vertex   1.200000e+01 -5.238673e+01 2.937735e+02
      vertex   2.000000e+01 -5.091908e+01 2.944048e+02
    endloop
  endfacet
  facet normal 0.000000e+00 3.951585e-01 -9.186129e-01
    outer loop
      vertex   2.000000e+01 -5.091908e+01 2.944048e+02
      vertex   1.200000e+01 -5.238673e+01 2.937735e+02
      vertex   1.200000e+01 -5.091908e+01 2.944048e+02
    endloop
  endfacet
  facet normal 0.000000e+00 3.448463e-01 -9.386592e-01
    outer loop
      vertex   2.000000e+01 -5.091908e+01 2.944048e+02
      vertex   1.200000e+01 -5.091908e+01 2.944048e+02
      vertex   2.000000e+01 -4.941940e+01 2.949558e+02
    endloop
  endfacet
  facet normal 0.000000e+00 3.448463e-01 -9.386592e-01
    outer loop
      vertex   2.000000e+01 -4.941940e+01 2.949558e+02
      vertex   1.200000e+01 -5.091908e+01 2.944048e+02
      vertex   1.200000e+01 -4.941940e+01 2.949558e+02
    endloop
  endfacet
  facet normal 0.000000e+00 2.935226e-01 -9.559521e-01
    outer loop
      vertex   2.000000e+01 -4.941940e+01 2.949558e+02
      vertex   1.200000e+01 -4.941940e+01 2.949558e+02
      vertex   2.000000e+01 -4.789209e+01 2.954247e+02
    endloop
  endfacet
  facet normal 0.000000e+00 2.935226e-01 -9.559521e-01
    outer loop
      vertex   2.000000e+01 -4.789209e+01 2.954247e+02
      vertex   1.200000e+01 -4.941940e+01 2.949558e+02
      vertex   1.200000e+01 -4.789209e+01 2.954247e+02
    endloop
  endfacet
  facet normal 0.000000e+00 2.413379e-01 -9.704411e-01
    outer loop
      vertex   2.000000e+01 -4.789209e+01 2.954247e+02
      vertex   1.200000e+01 -4.789209e+01 2.954247e+02
      vertex   2.000000e+01 -4.634163e+01 2.958103e+02
    endloop
  endfacet
  facet normal 0.000000e+00 2.413379e-01 -9.704411e-01
    outer loop
      vertex   2.000000e+01 -4.634163e+01 2.958103e+02
      vertex   1.200000e+01 -4.789209e+01 2.954247e+02
      vertex   1.200000e+01 -4.634163e+01 2.958103e+02
    endloop
  endfacet
  facet normal 0.000000e+00 1.884453e-01 -9.820837e-01
    outer loop
      vertex   2.000000e+01 -4.634163e+01 2.958103e+02
      vertex   1.200000e+01 -4.634163e+01 2.958103e+02
      vertex   2.000000e+01 -4.477257e+01 2.961114e+02
    endloop
  endfacet
  facet normal 0.000000e+00 1.884453e-01 -9.820837e-01
    outer loop
      vertex   2.000000e+01 -4.477257e+01 2.961114e+02
      vertex   1.200000e+01 -4.634163e+01 2.958103e+02
      vertex   1.200000e+01 -4.477257e+01 2.961114e+02
    endloop
  endfacet
  facet normal 0.000000e+00 1.350000e-01 -9.908456e-01
    outer loop
      vertex   2.000000e+01 -4.477257e+01 2.961114e+02
      vertex   1.200000e+01 -4.477257e+01 2.961114e+02
      vertex   2.000000e+01 -4.318951e+01 2.963271e+02
    endloop
  endfacet
  facet normal 0.000000e+00 1.350000e-01 -9.908456e-01
    outer loop
      vertex   2.000000e+01 -4.318951e+01 2.963271e+02
      vertex   1.200000e+01 -4.477257e+01 2.961114e+02
      vertex   1.200000e+01 -4.318951e+01 2.963271e+02
    endloop
  endfacet
  facet normal 0.000000e+00 8.115873e-02 -9.967012e-01
    outer loop
      vertex   2.000000e+01 -4.318951e+01 2.963271e+02
      vertex   1.200000e+01 -4.318951e+01 2.963271e+02
      vertex   2.000000e+01 -4.159710e+01 2.964567e+02
    endloop
  endfacet
  facet normal 0.000000e+00 8.115873e-02 -9.967012e-01
    outer loop
      vertex   2.000000e+01 -4.159710e+01 2.964567e+02
      vertex   1.200000e+01 -4.318951e+01 2.963271e+02
      vertex   1.200000e+01 -4.159710e+01 2.964567e+02
    endloop
  endfacet
  facet normal 0.000000e+00 2.707938e-02 -9.996333e-01
    outer loop
      vertex   2.000000e+01 -4.159710e+01 2.964567e+02
      vertex   1.200000e+01 -4.159710e+01 2.964567e+02
      vertex   2.000000e+01 -4.000000e+01 2.965000e+02
    endloop
  endfacet
  facet normal 0.000000e+00 2.707938e-02 -9.996333e-01
    outer loop
      vertex   2.000000e+01 -4.000000e+01 2.965000e+02
      vertex   1.200000e+01 -4.159710e+01 2.964567e+02
      vertex   1.200000e+01 -4.000000e+01 2.965000e+02
    endloop
  endfacet
  facet normal 0.000000e+00 2.707938e-02 -9.996333e-01
    outer loop
      vertex   -2.000000e+01 -4.000000e+01 2.965000e+02
      vertex   -1.200000e+01 -4.000000e+01 2.965000e+02
      vertex   -2.000000e+01 -4.159710e+01 2.964567e+02
    endloop
  endfacet
  facet normal 0.000000e+00 2.707938e-02 -9.996333e-01
    outer loop
      vertex   -2.000000e+01 -4.159710e+01 2.964567e+02
      vertex   -1.200000e+01 -4.000000e+01 2.965000e+02
      vertex   -1.200000e+01 -4.159710e+01 2.964567e+02
    endloop
  endfacet
  facet normal 0.000000e+00 8.115873e-02 -9.967012e-01
    outer loop
      vertex   -2.000000e+01 -4.159710e+01 2.964567e+02
      vertex   -1.200000e+01 -4.159710e+01 2.964567e+02
      vertex   -2.000000e+01 -4.318951e+01 2.963271e+02
    endloop
  endfacet
  facet normal 0.000000e+00 8.115873e-02 -9.967012e-01
    outer loop
      vertex   -2.000000e+01 -4.318951e+01 2.963271e+02
      vertex   -1.200000e+01 -4.159710e+01 2.964567e+02
      vertex   -1.200000e+01 -4.318951e+01 2.963271e+02
    endloop
  endfacet
  facet normal 0.000000e+00 1.350000e-01 -9.908456e-01
    outer loop
      vertex   -2.000000e+01 -4.318951e+01 2.963271e+02
      vertex   -1.200000e+01 -4.318951e+01 2.963271e+02
      vertex   -2.000000e+01 -4.477257e+01 2.961114e+02
    endloop
  endfacet
  facet normal 0.000000e+00 1.350000e-01 -9.908456e-01
    outer loop
      vertex   -2.000000e+01 -4.477257e+01 2.961114e+02
      vertex   -1.200000e+01 -4.318951e+01 2.963271e+02
      vertex   -1.200000e+01 -4.477257e+01 2.961114e+02
    endloop
  endfacet
  facet normal 0.000000e+00 1.884453e-01 -9.820837e-01
    outer loop
      vertex   -2.000000e+01 -4.477257e+01 2.961114e+02
      vertex   -1.200000e+01 -4.477257e+01 2.961114e+02
      vertex   -2.000000e+01 -4.634163e+01 2.958103e+02
    endloop
  endfacet
  facet normal 0.000000e+00 1.884453e-01 -9.820837e-01
    outer loop
      vertex   -2.000000e+01 -4.634163e+01 2.958103e+02
      vertex   -1.200000e+01 -4.477257e+01 2.961114e+02
      vertex   -1.200000e+01 -4.634163e+01 2.958103e+02
    endloop
  endfacet
  facet normal 0.000000e+00 2.413379e-01 -9.704411e-01
    outer loop
      vertex   -2.000000e+01 -4.634163e+01 2.958103e+02
      vertex   -1.200000e+01 -4.634163e+01 2.958103e+02
      vertex   -2.000000e+01 -4.789209e+01 2.954247e+02
    endloop
  endfacet
  facet normal 0.000000e+00 2.413379e-01 -9.704411e-01
    outer loop
      vertex   -2.000000e+01 -4.789209e+01 2.954247e+02
      vertex   -1.200000e+01 -4.634163e+01 2.958103e+02
      vertex   -1.200000e+01 -4.789209e+01 2.954247e+02
    endloop
  endfacet
  facet normal 0.000000e+00 2.935226e-01 -9.559521e-01
    outer loop
      vertex   -2.000000e+01 -4.789209e+01 2.954247e+02
      vertex   -1.200000e+01 -4.789209e+01 2.954247e+02
      vertex   -2.000000e+01 -4.941940e+01 2.949558e+02
    endloop
  endfacet
  facet normal 0.000000e+00 2.935226e-01 -9.559521e-01
    outer loop
      vertex   -2.000000e+01 -4.941940e+01 2.949558e+02
      vertex   -1.200000e+01 -4.789209e+01 2.954247e+02
      vertex   -1.200000e+01 -4.941940e+01 2.949558e+02
    endloop
  endfacet
  facet normal 0.000000e+00 3.448463e-01 -9.386592e-01
    outer loop
      vertex   -2.000000e+01 -4.941940e+01 2.949558e+02
      vertex   -1.200000e+01 -4.941940e+01 2.949558e+02
      vertex   -2.000000e+01 -5.091908e+01 2.944048e+02
    endloop
  endfacet
  facet normal 0.000000e+00 3.448463e-01 -9.386592e-01
    outer loop
      vertex   -2.000000e+01 -5.091908e+01 2.944048e+02
      vertex   -1.200000e+01 -4.941940e+01 2.949558e+02
      vertex   -1.200000e+01 -5.091908e+01 2.944048e+02
    endloop
  endfacet
  facet normal 0.000000e+00 3.951585e-01 -9.186129e-01
    outer loop
      vertex   -2.000000e+01 -5.091908e+01 2.944048e+02
      vertex   -1.200000e+01 -5.091908e+01 2.944048e+02
      vertex   -2.000000e+01 -5.238673e+01 2.937735e+02
    endloop
  endfacet
  facet normal 0.000000e+00 3.951585e-01 -9.186129e-01
    outer loop
      vertex   -2.000000e+01 -5.238673e+01 2.937735e+02
      vertex   -1.200000e+01 -5.091908e+01 2.944048e+02
      vertex   -1.200000e+01 -5.238673e+01 2.937735e+02
    endloop
  endfacet
  facet normal 0.000000e+00 4.443117e-01 -8.958723e-01
    outer loop
      vertex   -2.000000e+01 -5.238673e+01 2.937735e+02
      vertex   -1.200000e+01 -5.238673e+01 2.937735e+02
      vertex   -2.000000e+01 -5.381805e+01 2.930636e+02
    endloop
  endfacet
  facet normal -3.946281e-16 4.443117e-01 -8.958723e-01
    outer loop
      vertex   -2.000000e+01 -5.381805e+01 2.930636e+02
      vertex   -1.200000e+01 -5.238673e+01 2.937735e+02
      vertex   -1.200000e+01 -5.381805e+01 2.930636e+02
    endloop
  endfacet
  facet normal -4.371273e-16 4.921616e-01 -8.705038e-01
    outer loop
      vertex   -2.000000e+01 -5.381805e+01 2.930636e+02
      vertex   -1.200000e+01 -5.381805e+01 2.930636e+02
      vertex   -2.000000e+01 -5.520884e+01 2.922773e+02
    endloop
  endfacet
  facet normal 0.000000e+00 4.921616e-01 -8.705038e-01
    outer loop
      vertex   -2.000000e+01 -5.520884e+01 2.922773e+02
      vertex   -1.200000e+01 -5.381805e+01 2.930636e+02
      vertex   -1.200000e+01 -5.520884e+01 2.922773e+02
    endloop
  endfacet
  facet normal 0.000000e+00 5.385680e-01 -8.425821e-01
    outer loop
      vertex   -2.000000e+01 -5.520884e+01 2.922773e+02
      vertex   -1.200000e+01 -5.520884e+01 2.922773e+02
      vertex   -2.000000e+01 -5.655502e+01 2.914168e+02
    endloop
  endfacet
  facet normal 0.000000e+00 5.385680e-01 -8.425821e-01
    outer loop
      vertex   -2.000000e+01 -5.655502e+01 2.914168e+02
      vertex   -1.200000e+01 -5.520884e+01 2.922773e+02
      vertex   -1.200000e+01 -5.655502e+01 2.914168e+02
    endloop
  endfacet
  facet normal 0.000000e+00 5.833946e-01 -8.121889e-01
    outer loop
      vertex   -2.000000e+01 -5.655502e+01 2.914168e+02
      vertex   -1.200000e+01 -5.655502e+01 2.914168e+02
      vertex   -2.000000e+01 -5.785264e+01 2.904847e+02
    endloop
  endfacet
  facet normal 0.000000e+00 5.833946e-01 -8.121889e-01
    outer loop
      vertex   -2.000000e+01 -5.785264e+01 2.904847e+02
      vertex   -1.200000e+01 -5.655502e+01 2.914168e+02
      vertex   -1.200000e+01 -5.785264e+01 2.904847e+02
    endloop
  endfacet
  facet normal 0.000000e+00 6.265100e-01 -7.794134e-01
    outer loop
      vertex   -2.000000e+01 -5.785264e+01 2.904847e+02
      vertex   -1.200000e+01 -5.785264e+01 2.904847e+02
      vertex   -2.000000e+01 -5.909790e+01 2.894838e+02
    endloop
  endfacet
  facet normal -5.564527e-16 6.265100e-01 -7.794134e-01
    outer loop
      vertex   -2.000000e+01 -5.909790e+01 2.894838e+02
      vertex   -1.200000e+01 -5.785264e+01 2.904847e+02
      vertex   -1.200000e+01 -5.909790e+01 2.894838e+02
    endloop
  endfacet
  facet normal -5.931147e-16 6.677878e-01 -7.443517e-01
    outer loop
      vertex   -2.000000e+01 -5.909790e+01 2.894838e+02
      vertex   -1.200000e+01 -5.909790e+01 2.894838e+02
      vertex   -2.000000e+01 -6.028713e+01 2.884169e+02
    endloop
  endfacet
  facet normal 0.000000e+00 6.677878e-01 -7.443517e-01
    outer loop
      vertex   -2.000000e+01 -6.028713e+01 2.884169e+02
      vertex   -1.200000e+01 -5.909790e+01 2.894838e+02
      vertex   -1.200000e+01 -6.028713e+01 2.884169e+02
    endloop
  endfacet
  facet normal 0.000000e+00 7.071068e-01 -7.071068e-01
    outer loop
      vertex   -2.000000e+01 -6.028713e+01 2.884169e+02
      vertex   -1.200000e+01 -6.028713e+01 2.884169e+02
      vertex   -2.000000e+01 -6.141687e+01 2.872871e+02
    endloop
  endfacet
  facet normal 0.000000e+00 7.071068e-01 -7.071068e-01
    outer loop
      vertex   -2.000000e+01 -6.141687e+01 2.872871e+02
      vertex   -1.200000e+01 -6.028713e+01 2.884169e+02
      vertex   -1.200000e+01 -6.141687e+01 2.872871e+02
    endloop
  endfacet
  facet normal 0.000000e+00 7.443517e-01 -6.677878e-01
    outer loop
      vertex   -2.000000e+01 -6.141687e+01 2.872871e+02
      vertex   -1.200000e+01 -6.141687e+01 2.872871e+02
      vertex   -2.000000e+01 -6.248378e+01 2.860979e+02
    endloop
  endfacet
  facet normal 0.000000e+00 7.443517e-01 -6.677878e-01
    outer loop
      vertex   -2.000000e+01 -6.248378e+01 2.860979e+02
      vertex   -1.200000e+01 -6.141687e+01 2.872871e+02
      vertex   -1.200000e+01 -6.248378e+01 2.860979e+02
    endloop
  endfacet
  facet normal 0.000000e+00 7.794134e-01 -6.265100e-01
    outer loop
      vertex   -2.000000e+01 -6.248378e+01 2.860979e+02
      vertex   -1.200000e+01 -6.248378e+01 2.860979e+02
      vertex   -2.000000e+01 -6.348475e+01 2.848526e+02
    endloop
  endfacet
  facet normal 0.000000e+00 7.794134e-01 -6.265100e-01
    outer loop
      vertex   -2.000000e+01 -6.348475e+01 2.848526e+02
      vertex   -1.200000e+01 -6.248378e+01 2.860979e+02
      vertex   -1.200000e+01 -6.348475e+01 2.848526e+02
    endloop
  endfacet
  facet normal 0.000000e+00 8.121889e-01 -5.833946e-01
    outer loop
      vertex   -2.000000e+01 -6.348475e+01 2.848526e+02
      vertex   -1.200000e+01 -6.348475e+01 2.848526e+02
      vertex   -2.000000e+01 -6.441683e+01 2.835550e+02
    endloop
  endfacet
  facet normal 0.000000e+00 8.121889e-01 -5.833946e-01
    outer loop
      vertex   -2.000000e+01 -6.441683e+01 2.835550e+02
      vertex   -1.200000e+01 -6.348475e+01 2.848526e+02
      vertex   -1.200000e+01 -6.441683e+01 2.835550e+02
    endloop
  endfacet
  facet normal 0.000000e+00 8.425821e-01 -5.385680e-01
    outer loop
      vertex   -2.000000e+01 -6.441683e+01 2.835550e+02
      vertex   -1.200000e+01 -6.441683e+01 2.835550e+02
      vertex   -2.000000e+01 -6.527729e+01 2.822088e+02
    endloop
  endfacet
  facet normal 0.000000e+00 8.425821e-01 -5.385680e-01
    outer loop
      vertex   -2.000000e+01 -6.527729e+01 2.822088e+02
      vertex   -1.200000e+01 -6.441683e+01 2.835550e+02
      vertex   -1.200000e+01 -6.527729e+01 2.822088e+02
    endloop
  endfacet
  facet normal 0.000000e+00 8.705038e-01 -4.921616e-01
    outer loop
      vertex   -2.000000e+01 -6.527729e+01 2.822088e+02
      vertex   -1.200000e+01 -6.527729e+01 2.822088e+02
      vertex   -2.000000e+01 -6.606361e+01 2.808181e+02
    endloop
  endfacet
  facet normal 0.000000e+00 8.705038e-01 -4.921616e-01
    outer loop
      vertex   -2.000000e+01 -6.606361e+01 2.808181e+02
      vertex   -1.200000e+01 -6.527729e+01 2.822088e+02
      vertex   -1.200000e+01 -6.606361e+01 2.808181e+02
    endloop
  endfacet
  facet normal 0.000000e+00 8.958723e-01 -4.443117e-01
    outer loop
      vertex   -2.000000e+01 -6.606361e+01 2.808181e+02
      vertex   -1.200000e+01 -6.606361e+01 2.808181e+02
      vertex   -2.000000e+01 -6.677348e+01 2.793867e+02
    endloop
  endfacet
  facet normal 3.157025e-15 8.958723e-01 -4.443117e-01
    outer loop
      vertex   -2.000000e+01 -6.677348e+01 2.793867e+02
      vertex   -1.200000e+01 -6.606361e+01 2.808181e+02
      vertex   -1.200000e+01 -6.677348e+01 2.793867e+02
    endloop
  endfacet
  facet normal 2.807770e-15 9.186129e-01 -3.951585e-01
    outer loop
      vertex   -2.000000e+01 -6.677348e+01 2.793867e+02
      vertex   -1.200000e+01 -6.677348e+01 2.793867e+02
      vertex   -2.000000e+01 -6.740481e+01 2.779191e+02
    endloop
  endfacet
  facet normal 0.000000e+00 9.186129e-01 -3.951585e-01
    outer loop
      vertex   -2.000000e+01 -6.740481e+01 2.779191e+02
      vertex   -1.200000e+01 -6.677348e+01 2.793867e+02
      vertex   -1.200000e+01 -6.740481e+01 2.779191e+02
    endloop
  endfacet
  facet normal 0.000000e+00 9.386592e-01 -3.448463e-01
    outer loop
      vertex   -2.000000e+01 -6.740481e+01 2.779191e+02
      vertex   -1.200000e+01 -6.740481e+01 2.779191e+02
      vertex   -2.000000e+01 -6.795577e+01 2.764194e+02
    endloop
  endfacet
  facet normal 0.000000e+00 9.386592e-01 -3.448463e-01
    outer loop
      vertex   -2.000000e+01 -6.795577e+01 2.764194e+02
      vertex   -1.200000e+01 -6.740481e+01 2.779191e+02
      vertex   -1.200000e+01 -6.795577e+01 2.764194e+02
    endloop
  endfacet
  facet normal 0.000000e+00 9.559521e-01 -2.935226e-01
    outer loop
      vertex   -2.000000e+01 -6.795577e+01 2.764194e+02
      vertex   -1.200000e+01 -6.795577e+01 2.764194e+02
      vertex   -2.000000e+01 -6.842473e+01 2.748921e+02
    endloop
  endfacet
  facet normal 0.000000e+00 9.559521e-01 -2.935226e-01
    outer loop
      vertex   -2.000000e+01 -6.842473e+01 2.748921e+02
      vertex   -1.200000e+01 -6.795577e+01 2.764194e+02
      vertex   -1.200000e+01 -6.842473e+01 2.748921e+02
    endloop
  endfacet
  facet normal 0.000000e+00 9.704411e-01 -2.413379e-01
    outer loop
      vertex   -2.000000e+01 -6.842473e+01 2.748921e+02
      vertex   -1.200000e+01 -6.842473e+01 2.748921e+02
      vertex   -2.000000e+01 -6.881031e+01 2.733416e+02
    endloop
  endfacet
  facet normal 0.000000e+00 9.704411e-01 -2.413379e-01
    outer loop
      vertex   -2.000000e+01 -6.881031e+01 2.733416e+02
      vertex   -1.200000e+01 -6.842473e+01 2.748921e+02
      vertex   -1.200000e+01 -6.881031e+01 2.733416e+02
    endloop
  endfacet
  facet normal 0.000000e+00 9.820837e-01 -1.884453e-01
    outer loop
      vertex   -2.000000e+01 -6.881031e+01 2.733416e+02
      vertex   -1.200000e+01 -6.881031e+01 2.733416e+02
      vertex   -2.000000e+01 -6.911138e+01 2.717726e+02
    endloop
  endfacet
  facet normal 0.000000e+00 9.820837e-01 -1.884453e-01
    outer loop
      vertex   -2.000000e+01 -6.911138e+01 2.717726e+02
      vertex   -1.200000e+01 -6.881031e+01 2.733416e+02
      vertex   -1.200000e+01 -6.911138e+01 2.717726e+02
    endloop
  endfacet
  facet normal 0.000000e+00 9.908456e-01 -1.350000e-01
    outer loop
      vertex   -2.000000e+01 -6.911138e+01 2.717726e+02
      vertex   -1.200000e+01 -6.911138e+01 2.717726e+02
      vertex   -2.000000e+01 -6.932707e+01 2.701895e+02
    endloop
  endfacet
  facet normal 0.000000e+00 9.908456e-01 -1.350000e-01
    outer loop
      vertex   -2.000000e+01 -6.932707e+01 2.701895e+02
      vertex   -1.200000e+01 -6.911138e+01 2.717726e+02
      vertex   -1.200000e+01 -6.932707e+01 2.701895e+02
    endloop
  endfacet
  facet normal 0.000000e+00 9.967012e-01 -8.115873e-02
    outer loop
      vertex   -2.000000e+01 -6.932707e+01 2.701895e+02
      vertex   -1.200000e+01 -6.932707e+01 2.701895e+02
      vertex   -2.000000e+01 -6.945674e+01 2.685971e+02
    endloop
  endfacet
  facet normal 0.000000e+00 9.967012e-01 -8.115873e-02
    outer loop
      vertex   -2.000000e+01 -6.945674e+01 2.685971e+02
      vertex   -1.200000e+01 -6.932707e+01 2.701895e+02
      vertex   -1.200000e+01 -6.945674e+01 2.685971e+02
    endloop
  endfacet
  facet normal 0.000000e+00 9.996333e-01 -2.707938e-02
    outer loop
      vertex   -2.000000e+01 -6.945674e+01 2.685971e+02
      vertex   -1.200000e+01 -6.945674e+01 2.685971e+02
      vertex   -2.000000e+01 -6.950000e+01 2.670000e+02
    endloop
  endfacet
  facet normal 0.000000e+00 9.996333e-01 -2.707938e-02
    outer loop
      vertex   -2.000000e+01 -6.950000e+01 2.670000e+02
      vertex   -1.200000e+01 -6.945674e+01 2.685971e+02
      vertex   -1.200000e+01 -6.950000e+01 2.670000e+02
    endloop
  endfacet
  facet normal 0.000000e+00 -1.205367e-01 9.927089e-01
    outer loop
      vertex   -2.000000e+01 -4.000000e+01 2.935000e+02
      vertex   -1.200000e+01 -4.000000e+01 2.935000e+02
      vertex   -2.000000e+01 -3.964103e+01 2.935436e+02
    endloop
  endfacet
  facet normal 0.000000e+00 -1.205367e-01 9.927089e-01
    outer loop
      vertex   -2.000000e+01 -3.964103e+01 2.935436e+02
      vertex   -1.200000e+01 -4.000000e+01 2.935000e+02
      vertex   -1.200000e+01 -3.964103e+01 2.935436e+02
    endloop
  endfacet
  facet normal 0.000000e+00 -3.546049e-01 9.350162e-01
    outer loop
      vertex   -2.000000e+01 -3.964103e+01 2.935436e+02
      vertex   -1.200000e+01 -3.964103e+01 2.935436e+02
      vertex   -2.000000e+01 -3.930292e+01 2.936718e+02
    endloop
  endfacet
  facet normal 0.000000e+00 -3.546049e-01 9.350162e-01
    outer loop
      vertex   -2.000000e+01 -3.930292e+01 2.936718e+02
      vertex   -1.200000e+01 -3.964103e+01 2.935436e+02
      vertex   -1.200000e+01 -3.930292e+01 2.936718e+02
    endloop
  endfacet
  facet normal 0.000000e+00 -5.680647e-01 8.229839e-01
    outer loop
      vertex   -2.000000e+01 -3.930292e+01 2.936718e+02
      vertex   -1.200000e+01 -3.930292e+01 2.936718e+02
      vertex   -2.000000e+01 -3.900532e+01 2.938772e+02
    endloop
  endfacet
  facet normal 0.000000e+00 -5.680647e-01 8.229839e-01
    outer loop
      vertex   -2.000000e+01 -3.900532e+01 2.938772e+02
      vertex   -1.200000e+01 -3.930292e+01 2.936718e+02
      vertex   -1.200000e+01 -3.900532e+01 2.938772e+02
    endloop
  endfacet
  facet normal 0.000000e+00 -7.485107e-01 6.631227e-01
    outer loop
      vertex   -2.000000e+01 -3.900532e+01 2.938772e+02
      vertex   -1.200000e+01 -3.900532e+01 2.938772e+02
      vertex   -2.000000e+01 -3.876552e+01 2.941479e+02
    endloop
  endfacet
  facet normal 0.000000e+00 -7.485107e-01 6.631227e-01
    outer loop
      vertex   -2.000000e+01 -3.876552e+01 2.941479e+02
      vertex   -1.200000e+01 -3.900532e+01 2.938772e+02
      vertex   -1.200000e+01 -3.876552e+01 2.941479e+02
    endloop
  endfacet
  facet normal 0.000000e+00 -8.854560e-01 4.647232e-01
    outer loop
      vertex   -2.000000e+01 -3.876552e+01 2.941479e+02
      vertex   -1.200000e+01 -3.876552e+01 2.941479e+02
      vertex   -2.000000e+01 -3.859748e+01 2.944681e+02
    endloop
  endfacet
  facet normal 0.000000e+00 -8.854560e-01 4.647232e-01
    outer loop
      vertex   -2.000000e+01 -3.859748e+01 2.944681e+02
      vertex   -1.200000e+01 -3.876552e+01 2.941479e+02
      vertex   -1.200000e+01 -3.859748e+01 2.944681e+02
    endloop
  endfacet
  facet normal 0.000000e+00 -9.709418e-01 2.393157e-01
    outer loop
      vertex   -2.000000e+01 -3.859748e+01 2.944681e+02
      vertex   -1.200000e+01 -3.859748e+01 2.944681e+02
      vertex   -2.000000e+01 -3.851094e+01 2.948192e+02
    endloop
  endfacet
  facet normal 0.000000e+00 -9.709418e-01 2.393157e-01
    outer loop
      vertex   -2.000000e+01 -3.851094e+01 2.948192e+02
      vertex   -1.200000e+01 -3.859748e+01 2.944681e+02
      vertex   -1.200000e+01 -3.851094e+01 2.948192e+02
    endloop
  endfacet
  facet normal 0.000000e+00 -1.000000e+00 0.000000e+00
    outer loop
      vertex   -2.000000e+01 -3.851094e+01 2.948192e+02
      vertex   -1.200000e+01 -3.851094e+01 2.948192e+02
      vertex   -2.000000e+01 -3.851094e+01 2.951808e+02
    endloop
  endfacet
  facet normal 0.000000e+00 -1.000000e+00 0.000000e+00
    outer loop
      vertex   -2.000000e+01 -3.851094e+01 2.951808e+02
      vertex   -1.200000e+01 -3.851094e+01 2.948192e+02
      vertex   -1.200000e+01 -3.851094e+01 2.951808e+02
    endloop
  endfacet
  facet normal 0.000000e+00 -9.709418e-01 -2.393157e-01
    outer loop
      vertex   -2.000000e+01 -3.851094e+01 2.951808e+02
      vertex   -1.200000e+01 -3.851094e+01 2.951808e+02
      vertex   -2.000000e+01 -3.859748e+01 2.955319e+02
    endloop
  endfacet
  facet normal 0.000000e+00 -9.709418e-01 -2.393157e-01
    outer loop
      vertex   -2.000000e+01 -3.859748e+01 2.955319e+02
      vertex   -1.200000e+01 -3.851094e+01 2.951808e+02
      vertex   -1.200000e+01 -3.859748e+01 2.955319e+02
    endloop
  endfacet
  facet normal 0.000000e+00 -8.854560e-01 -4.647232e-01
    outer loop
      vertex   -2.000000e+01 -3.859748e+01 2.955319e+02
      vertex   -1.200000e+01 -3.859748e+01 2.955319e+02
      vertex   -2.000000e+01 -3.876552e+01 2.958521e+02
    endloop
  endfacet
  facet normal 0.000000e+00 -8.854560e-01 -4.647232e-01
    outer loop
      vertex   -2.000000e+01 -3.876552e+01 2.958521e+02
      vertex   -1.200000e+01 -3.859748e+01 2.955319e+02
      vertex   -1.200000e+01 -3.876552e+01 2.958521e+02
    endloop
  endfacet
  facet normal 0.000000e+00 -7.485107e-01 -6.631227e-01
    outer loop
      vertex   -2.000000e+01 -3.876552e+01 2.958521e+02
      vertex   -1.200000e+01 -3.876552e+01 2.958521e+02
      vertex   -2.000000e+01 -3.900532e+01 2.961228e+02
    endloop
  endfacet
  facet normal 0.000000e+00 -7.485107e-01 -6.631227e-01
    outer loop
      vertex   -2.000000e+01 -3.900532e+01 2.961228e+02
      vertex   -1.200000e+01 -3.876552e+01 2.958521e+02
      vertex   -1.200000e+01 -3.900532e+01 2.961228e+02
    endloop
  endfacet
  facet normal 0.000000e+00 -5.680647e-01 -8.229839e-01
    outer loop
      vertex   -2.000000e+01 -3.900532e+01 2.961228e+02
      vertex   -1.200000e+01 -3.900532e+01 2.961228e+02
      vertex   -2.000000e+01 -3.930292e+01 2.963282e+02
    endloop
  endfacet
  facet normal 0.000000e+00 -5.680647e-01 -8.229839e-01
    outer loop
      vertex   -2.000000e+01 -3.930292e+01 2.963282e+02
      vertex   -1.200000e+01 -3.900532e+01 2.961228e+02
      vertex   -1.200000e+01 -3.930292e+01 2.963282e+02
    endloop
  endfacet
  facet normal 0.000000e+00 -3.546049e-01 -9.350162e-01
    outer loop
      vertex   -2.000000e+01 -3.930292e+01 2.963282e+02
      vertex   -1.200000e+01 -3.930292e+01 2.963282e+02
      vertex   -2.000000e+01 -3.964103e+01 2.964564e+02
    endloop
  endfacet
  facet normal 0.000000e+00 -3.546049e-01 -9.350162e-01
    outer loop
      vertex   -2.000000e+01 -3.964103e+01 2.964564e+02
      vertex   -1.200000e+01 -3.930292e+01 2.963282e+02
      vertex   -1.200000e+01 -3.964103e+01 2.964564e+02
    endloop
  endfacet
  facet normal 0.000000e+00 -1.205367e-01 -9.927089e-01
    outer loop
      vertex   -2.000000e+01 -3.964103e+01 2.964564e+02
      vertex   -1.200000e+01 -3.964103e+01 2.964564e+02
      vertex   -2.000000e+01 -4.000000e+01 2.965000e+02
    endloop
  endfacet
  facet normal 0.000000e+00 -1.205367e-01 -9.927089e-01
    outer loop
      vertex   -2.000000e+01 -4.000000e+01 2.965000e+02
      vertex   -1.200000e+01 -3.964103e+01 2.964564e+02
      vertex   -1.200000e+01 -4.000000e+01 2.965000e+02
    endloop
  endfacet
  facet normal 0.000000e+00 -3.569233e-02 9.993628e-01
    outer loop
      vertex   2.000000e+01 -4.000000e+01 2.835000e+02
      vertex   1.200000e+01 -4.000000e+01 2.835000e+02
      vertex   2.000000e+01 -4.117710e+01 2.834580e+02
    endloop
  endfacet
  facet normal 0.000000e+00 -3.569233e-02 9.993628e-01
    outer loop
      vertex   2.000000e+01 -4.117710e+01 2.834580e+02
      vertex   1.200000e+01 -4.000000e+01 2.835000e+02
      vertex   1.200000e+01 -4.117710e+01 2.834580e+02
    endloop
  endfacet
  facet normal 0.000000e+00 -1.068951e-01 9.942703e-01
    outer loop
      vertex   2.000000e+01 -4.117710e+01 2.834580e+02
      vertex   1.200000e+01 -4.117710e+01 2.834580e+02
      vertex   2.000000e+01 -4.234820e+01 2.833321e+02
    endloop
  endfacet
  facet normal 9.494194e-17 -1.068951e-01 9.942703e-01
    outer loop
      vertex   2.000000e+01 -4.234820e+01 2.833321e+02
      vertex   1.200000e+01 -4.117710e+01 2.834580e+02
      vertex   1.200000e+01 -4.234820e+01 2.833321e+02
    endloop
  endfacet
  facet normal 1.576989e-16 -1.775532e-01 9.841112e-01
    outer loop
      vertex   2.000000e+01 -4.234820e+01 2.833321e+02
      vertex   1.200000e+01 -4.234820e+01 2.833321e+02
      vertex   2.000000e+01 -4.350733e+01 2.831229e+02
    endloop
  endfacet
  facet normal 0.000000e+00 -1.775532e-01 9.841112e-01
    outer loop
      vertex   2.000000e+01 -4.350733e+01 2.831229e+02
      vertex   1.200000e+01 -4.234820e+01 2.833321e+02
      vertex   1.200000e+01 -4.350733e+01 2.831229e+02
    endloop
  endfacet
  facet normal 0.000000e+00 -2.473065e-01 9.689373e-01
    outer loop
      vertex   2.000000e+01 -4.350733e+01 2.831229e+02
      vertex   1.200000e+01 -4.350733e+01 2.831229e+02
      vertex   2.000000e+01 -4.464859e+01 2.828316e+02
    endloop
  endfacet
  facet normal 2.196523e-16 -2.473065e-01 9.689373e-01
    outer loop
      vertex   2.000000e+01 -4.464859e+01 2.828316e+02
      vertex   1.200000e+01 -4.350733e+01 2.831229e+02
      vertex   1.200000e+01 -4.464859e+01 2.828316e+02
    endloop
  endfacet
  facet normal 2.804864e-16 -3.157996e-01 9.488259e-01
    outer loop
      vertex   2.000000e+01 -4.464859e+01 2.828316e+02
      vertex   1.200000e+01 -4.464859e+01 2.828316e+02
      vertex   2.000000e+01 -4.576616e+01 2.824597e+02
    endloop
  endfacet
  facet normal 0.000000e+00 -3.157996e-01 9.488259e-01
    outer loop
      vertex   2.000000e+01 -4.576616e+01 2.824597e+02
      vertex   1.200000e+01 -4.464859e+01 2.828316e+02
      vertex   1.200000e+01 -4.576616e+01 2.824597e+02
    endloop
  endfacet
  facet normal 0.000000e+00 -3.826834e-01 9.238795e-01
    outer loop
      vertex   2.000000e+01 -4.576616e+01 2.824597e+02
      vertex   1.200000e+01 -4.576616e+01 2.824597e+02
      vertex   2.000000e+01 -4.685435e+01 2.820089e+02
    endloop
  endfacet
  facet normal 0.000000e+00 -3.826834e-01 9.238795e-01
    outer loop
      vertex   2.000000e+01 -4.685435e+01 2.820089e+02
      vertex   1.200000e+01 -4.576616e+01 2.824597e+02
      vertex   1.200000e+01 -4.685435e+01 2.820089e+02
    endloop
  endfacet
  facet normal 0.000000e+00 -4.476172e-01 8.942253e-01
    outer loop
      vertex   2.000000e+01 -4.685435e+01 2.820089e+02
      vertex   1.200000e+01 -4.685435e+01 2.820089e+02
      vertex   2.000000e+01 -4.790761e+01 2.814817e+02
    endloop
  endfacet
  facet normal 0.000000e+00 -4.476172e-01 8.942253e-01
    outer loop
      vertex   2.000000e+01 -4.790761e+01 2.814817e+02
      vertex   1.200000e+01 -4.685435e+01 2.820089e+02
      vertex   1.200000e+01 -4.790761e+01 2.814817e+02
    endloop
  endfacet
  facet normal 0.000000e+00 -5.102700e-01 8.600142e-01
    outer loop
      vertex   2.000000e+01 -4.790761e+01 2.814817e+02
      vertex   1.200000e+01 -4.790761e+01 2.814817e+02
      vertex   2.000000e+01 -4.892057e+01 2.808807e+02
    endloop
  endfacet
  facet normal 0.000000e+00 -5.102700e-01 8.600142e-01
    outer loop
      vertex   2.000000e+01 -4.892057e+01 2.808807e+02
      vertex   1.200000e+01 -4.790761e+01 2.814817e+02
      vertex   1.200000e+01 -4.892057e+01 2.808807e+02
    endloop
  endfacet
  facet normal 0.000000e+00 -5.703226e-01 8.214208e-01
    outer loop
      vertex   2.000000e+01 -4.892057e+01 2.808807e+02
      vertex   1.200000e+01 -4.892057e+01 2.808807e+02
      vertex   2.000000e+01 -4.988808e+01 2.802089e+02
    endloop
  endfacet
  facet normal 5.065483e-16 -5.703226e-01 8.214208e-01
    outer loop
      vertex   2.000000e+01 -4.988808e+01 2.802089e+02
      vertex   1.200000e+01 -4.892057e+01 2.808807e+02
      vertex   1.200000e+01 -4.988808e+01 2.802089e+02
    endloop
  endfacet
  facet normal 5.573044e-16 -6.274690e-01 7.786415e-01
    outer loop
      vertex   2.000000e+01 -4.988808e+01 2.802089e+02
      vertex   1.200000e+01 -4.988808e+01 2.802089e+02
      vertex   2.000000e+01 -5.080520e+01 2.794699e+02
    endloop
  endfacet
  facet normal 0.000000e+00 -6.274690e-01 7.786415e-01
    outer loop
      vertex   2.000000e+01 -5.080520e+01 2.794699e+02
      vertex   1.200000e+01 -4.988808e+01 2.802089e+02
      vertex   1.200000e+01 -5.080520e+01 2.794699e+02
    endloop
  endfacet
  facet normal 0.000000e+00 -6.814179e-01 7.318945e-01
    outer loop
      vertex   2.000000e+01 -5.080520e+01 2.794699e+02
      vertex   1.200000e+01 -5.080520e+01 2.794699e+02
      vertex   2.000000e+01 -5.166726e+01 2.786673e+02
    endloop
  endfacet
  facet normal 0.000000e+00 -6.814179e-01 7.318945e-01
    outer loop
      vertex   2.000000e+01 -5.166726e+01 2.786673e+02
      vertex   1.200000e+01 -5.080520e+01 2.794699e+02
      vertex   1.200000e+01 -5.166726e+01 2.786673e+02
    endloop
  endfacet
  facet normal 0.000000e+00 -7.318945e-01 6.814179e-01
    outer loop
      vertex   2.000000e+01 -5.166726e+01 2.786673e+02
      vertex   1.200000e+01 -5.166726e+01 2.786673e+02
      vertex   2.000000e+01 -5.246987e+01 2.778052e+02
    endloop
  endfacet
  facet normal 0.000000e+00 -7.318945e-01 6.814179e-01
    outer loop
      vertex   2.000000e+01 -5.246987e+01 2.778052e+02
      vertex   1.200000e+01 -5.166726e+01 2.786673e+02
      vertex   1.200000e+01 -5.246987e+01 2.778052e+02
    endloop
  endfacet
  facet normal 0.000000e+00 -7.786415e-01 6.274690e-01
    outer loop
      vertex   2.000000e+01 -5.246987e+01 2.778052e+02
      vertex   1.200000e+01 -5.246987e+01 2.778052e+02
      vertex   2.000000e+01 -5.320893e+01 2.768881e+02
    endloop
  endfacet
  facet normal 0.000000e+00 -7.786415e-01 6.274690e-01
    outer loop
      vertex   2.000000e+01 -5.320893e+01 2.768881e+02
      vertex   1.200000e+01 -5.246987e+01 2.778052e+02
      vertex   1.200000e+01 -5.320893e+01 2.768881e+02
    endloop
  endfacet
  facet normal 0.000000e+00 -8.214208e-01 5.703226e-01
    outer loop
      vertex   2.000000e+01 -5.320893e+01 2.768881e+02
      vertex   1.200000e+01 -5.320893e+01 2.768881e+02
      vertex   2.000000e+01 -5.388068e+01 2.759206e+02
    endloop
  endfacet
  facet normal 0.000000e+00 -8.214208e-01 5.703226e-01
    outer loop
      vertex   2.000000e+01 -5.388068e+01 2.759206e+02
      vertex   1.200000e+01 -5.320893e+01 2.768881e+02
      vertex   1.200000e+01 -5.388068e+01 2.759206e+02
    endloop
  endfacet
  facet normal 0.000000e+00 -8.600142e-01 5.102700e-01
    outer loop
      vertex   2.000000e+01 -5.388068e+01 2.759206e+02
      vertex   1.200000e+01 -5.388068e+01 2.759206e+02
      vertex   2.000000e+01 -5.448170e+01 2.749076e+02
    endloop
  endfacet
  facet normal 0.000000e+00 -8.600142e-01 5.102700e-01
    outer loop
      vertex   2.000000e+01 -5.448170e+01 2.749076e+02
      vertex   1.200000e+01 -5.388068e+01 2.759206e+02
      vertex   1.200000e+01 -5.448170e+01 2.749076e+02
    endloop
  endfacet
  facet normal 0.000000e+00 -8.942253e-01 4.476172e-01
    outer loop
      vertex   2.000000e+01 -5.448170e+01 2.749076e+02
      vertex   1.200000e+01 -5.448170e+01 2.749076e+02
      vertex   2.000000e+01 -5.500893e+01 2.738544e+02
    endloop
  endfacet
  facet normal 0.000000e+00 -8.942253e-01 4.476172e-01
    outer loop
      vertex   2.000000e+01 -5.500893e+01 2.738544e+02
      vertex   1.200000e+01 -5.448170e+01 2.749076e+02
      vertex   1.200000e+01 -5.500893e+01 2.738544e+02
    endloop
  endfacet
  facet normal 0.000000e+00 -9.238795e-01 3.826834e-01
    outer loop
      vertex   2.000000e+01 -5.500893e+01 2.738544e+02
      vertex   1.200000e+01 -5.500893e+01 2.738544e+02
      vertex   2.000000e+01 -5.545967e+01 2.727662e+02
    endloop
  endfacet
  facet normal 0.000000e+00 -9.238795e-01 3.826834e-01
    outer loop
      vertex   2.000000e+01 -5.545967e+01 2.727662e+02
      vertex   1.200000e+01 -5.500893e+01 2.738544e+02
      vertex   1.200000e+01 -5.545967e+01 2.727662e+02
    endloop
  endfacet
  facet normal 0.000000e+00 -9.488259e-01 3.157996e-01
    outer loop
      vertex   2.000000e+01 -5.545967e+01 2.727662e+02
      vertex   1.200000e+01 -5.545967e+01 2.727662e+02
      vertex   2.000000e+01 -5.583163e+01 2.716486e+02
    endloop
  endfacet
  facet normal 1.685453e-15 -9.488259e-01 3.157996e-01
    outer loop
      vertex   2.000000e+01 -5.583163e+01 2.716486e+02
      vertex   1.200000e+01 -5.545967e+01 2.727662e+02
      vertex   1.200000e+01 -5.583163e+01 2.716486e+02
    endloop
  endfacet
  facet normal 1.721178e-15 -9.689373e-01 2.473065e-01
    outer loop
      vertex   2.000000e+01 -5.583163e+01 2.716486e+02
      vertex   1.200000e+01 -5.583163e+01 2.716486e+02
      vertex   2.000000e+01 -5.612292e+01 2.705073e+02
    endloop
  endfacet
  facet normal 0.000000e+00 -9.689373e-01 2.473065e-01
    outer loop
      vertex   2.000000e+01 -5.612292e+01 2.705073e+02
      vertex   1.200000e+01 -5.583163e+01 2.716486e+02
      vertex   1.200000e+01 -5.612292e+01 2.705073e+02
    endloop
  endfacet
  facet normal 0.000000e+00 -9.841112e-01 1.775532e-01
    outer loop
      vertex   2.000000e+01 -5.612292e+01 2.705073e+02
      vertex   1.200000e+01 -5.612292e+01 2.705073e+02
      vertex   2.000000e+01 -5.633205e+01 2.693482e+02
    endloop
  endfacet
  facet normal 0.000000e+00 -9.841112e-01 1.775532e-01
    outer loop
      vertex   2.000000e+01 -5.633205e+01 2.693482e+02
      vertex   1.200000e+01 -5.612292e+01 2.705073e+02
      vertex   1.200000e+01 -5.633205e+01 2.693482e+02
    endloop
  endfacet
  facet normal 0.000000e+00 -9.942703e-01 1.068951e-01
    outer loop
      vertex   2.000000e+01 -5.633205e+01 2.693482e+02
      vertex   1.200000e+01 -5.633205e+01 2.693482e+02
      vertex   2.000000e+01 -5.645796e+01 2.681771e+02
    endloop
  endfacet
  facet normal 0.000000e+00 -9.942703e-01 1.068951e-01
    outer loop
      vertex   2.000000e+01 -5.645796e+01 2.681771e+02
      vertex   1.200000e+01 -5.633205e+01 2.693482e+02
      vertex   1.200000e+01 -5.645796e+01 2.681771e+02
    endloop
  endfacet
  facet normal 0.000000e+00 -9.993628e-01 3.569233e-02
    outer loop
      vertex   2.000000e+01 -5.645796e+01 2.681771e+02
      vertex   1.200000e+01 -5.645796e+01 2.681771e+02
      vertex   2.000000e+01 -5.650000e+01 2.670000e+02
    endloop
  endfacet
  facet normal 0.000000e+00 -9.993628e-01 3.569233e-02
    outer loop
      vertex   2.000000e+01 -5.650000e+01 2.670000e+02
      vertex   1.200000e+01 -5.645796e+01 2.681771e+02
      vertex   1.200000e+01 -5.650000e+01 2.670000e+02
    endloop
  endfacet
  facet normal 0.000000e+00 -9.993628e-01 3.569233e-02
    outer loop
      vertex   -2.000000e+01 -5.650000e+01 2.670000e+02
      vertex   -1.200000e+01 -5.650000e+01 2.670000e+02
      vertex   -2.000000e+01 -5.645796e+01 2.681771e+02
    endloop
  endfacet
  facet normal 0.000000e+00 -9.993628e-01 3.569233e-02
    outer loop
      vertex   -2.000000e+01 -5.645796e+01 2.681771e+02
      vertex   -1.200000e+01 -5.650000e+01 2.670000e+02
      vertex   -1.200000e+01 -5.645796e+01 2.681771e+02
    endloop
  endfacet
  facet normal 0.000000e+00 -9.942703e-01 1.068951e-01
    outer loop
      vertex   -2.000000e+01 -5.645796e+01 2.681771e+02
      vertex   -1.200000e+01 -5.645796e+01 2.681771e+02
      vertex   -2.000000e+01 -5.633205e+01 2.693482e+02
    endloop
  endfacet
  facet normal 0.000000e+00 -9.942703e-01 1.068951e-01
    outer loop
      vertex   -2.000000e+01 -5.633205e+01 2.693482e+02
      vertex   -1.200000e+01 -5.645796e+01 2.681771e+02
      vertex   -1.200000e+01 -5.633205e+01 2.693482e+02
    endloop
  endfacet
  facet normal 0.000000e+00 -9.841112e-01 1.775532e-01
    outer loop
      vertex   -2.000000e+01 -5.633205e+01 2.693482e+02
      vertex   -1.200000e+01 -5.633205e+01 2.693482e+02
      vertex   -2.000000e+01 -5.612292e+01 2.705073e+02
    endloop
  endfacet
  facet normal 0.000000e+00 -9.841112e-01 1.775532e-01
    outer loop
      vertex   -2.000000e+01 -5.612292e+01 2.705073e+02
      vertex   -1.200000e+01 -5.633205e+01 2.693482e+02
      vertex   -1.200000e+01 -5.612292e+01 2.705073e+02
    endloop
  endfacet
  facet normal 0.000000e+00 -9.689373e-01 2.473065e-01
    outer loop
      vertex   -2.000000e+01 -5.612292e+01 2.705073e+02
      vertex   -1.200000e+01 -5.612292e+01 2.705073e+02
      vertex   -2.000000e+01 -5.583163e+01 2.716486e+02
    endloop
  endfacet
  facet normal 1.721178e-15 -9.689373e-01 2.473065e-01
    outer loop
      vertex   -2.000000e+01 -5.583163e+01 2.716486e+02
      vertex   -1.200000e+01 -5.612292e+01 2.705073e+02
      vertex   -1.200000e+01 -5.583163e+01 2.716486e+02
    endloop
  endfacet
  facet normal 1.685453e-15 -9.488259e-01 3.157996e-01
    outer loop
      vertex   -2.000000e+01 -5.583163e+01 2.716486e+02
      vertex   -1.200000e+01 -5.583163e+01 2.716486e+02
      vertex   -2.000000e+01 -5.545967e+01 2.727662e+02
    endloop
  endfacet
  facet normal 0.000000e+00 -9.488259e-01 3.157996e-01
    outer loop
      vertex   -2.000000e+01 -5.545967e+01 2.727662e+02
      vertex   -1.200000e+01 -5.583163e+01 2.716486e+02
      vertex   -1.200000e+01 -5.545967e+01 2.727662e+02
    endloop
  endfacet
  facet normal 0.000000e+00 -9.238795e-01 3.826834e-01
    outer loop
      vertex   -2.000000e+01 -5.545967e+01 2.727662e+02
      vertex   -1.200000e+01 -5.545967e+01 2.727662e+02
      vertex   -2.000000e+01 -5.500893e+01 2.738544e+02
    endloop
  endfacet
  facet normal 0.000000e+00 -9.238795e-01 3.826834e-01
    outer loop
      vertex   -2.000000e+01 -5.500893e+01 2.738544e+02
      vertex   -1.200000e+01 -5.545967e+01 2.727662e+02
      vertex   -1.200000e+01 -5.500893e+01 2.738544e+02
    endloop
  endfacet
  facet normal 0.000000e+00 -8.942253e-01 4.476172e-01
    outer loop
      vertex   -2.000000e+01 -5.500893e+01 2.738544e+02
      vertex   -1.200000e+01 -5.500893e+01 2.738544e+02
      vertex   -2.000000e+01 -5.448170e+01 2.749076e+02
    endloop
  endfacet
  facet normal 0.000000e+00 -8.942253e-01 4.476172e-01
    outer loop
      vertex   -2.000000e+01 -5.448170e+01 2.749076e+02
      vertex   -1.200000e+01 -5.500893e+01 2.738544e+02
      vertex   -1.200000e+01 -5.448170e+01 2.749076e+02
    endloop
  endfacet
  facet normal 0.000000e+00 -8.600142e-01 5.102700e-01
    outer loop
      vertex   -2.000000e+01 -5.448170e+01 2.749076e+02
      vertex   -1.200000e+01 -5.448170e+01 2.749076e+02
      vertex   -2.000000e+01 -5.388068e+01 2.759206e+02
    endloop
  endfacet
  facet normal 0.000000e+00 -8.600142e-01 5.102700e-01
    outer loop
      vertex   -2.000000e+01 -5.388068e+01 2.759206e+02
      vertex   -1.200000e+01 -5.448170e+01 2.749076e+02
      vertex   -1.200000e+01 -5.388068e+01 2.759206e+02
    endloop
  endfacet
  facet normal 0.000000e+00 -8.214208e-01 5.703226e-01
    outer loop
      vertex   -2.000000e+01 -5.388068e+01 2.759206e+02
      vertex   -1.200000e+01 -5.388068e+01 2.759206e+02
      vertex   -2.000000e+01 -5.320893e+01 2.768881e+02
    endloop
  endfacet
  facet normal 0.000000e+00 -8.214208e-01 5.703226e-01
    outer loop
      vertex   -2.000000e+01 -5.320893e+01 2.768881e+02
      vertex   -1.200000e+01 -5.388068e+01 2.759206e+02
      vertex   -1.200000e+01 -5.320893e+01 2.768881e+02
    endloop
  endfacet
  facet normal 0.000000e+00 -7.786415e-01 6.274690e-01
    outer loop
      vertex   -2.000000e+01 -5.320893e+01 2.768881e+02
      vertex   -1.200000e+01 -5.320893e+01 2.768881e+02
      vertex   -2.000000e+01 -5.246987e+01 2.778052e+02
    endloop
  endfacet
  facet normal 0.000000e+00 -7.786415e-01 6.274690e-01
    outer loop
      vertex   -2.000000e+01 -5.246987e+01 2.778052e+02
      vertex   -1.200000e+01 -5.320893e+01 2.768881e+02
      vertex   -1.200000e+01 -5.246987e+01 2.778052e+02
    endloop
  endfacet
  facet normal 0.000000e+00 -7.318945e-01 6.814179e-01
    outer loop
      vertex   -2.000000e+01 -5.246987e+01 2.778052e+02
      vertex   -1.200000e+01 -5.246987e+01 2.778052e+02
      vertex   -2.000000e+01 -5.166726e+01 2.786673e+02
    endloop
  endfacet
  facet normal 0.000000e+00 -7.318945e-01 6.814179e-01
    outer loop
      vertex   -2.000000e+01 -5.166726e+01 2.786673e+02
      vertex   -1.200000e+01 -5.246987e+01 2.778052e+02
      vertex   -1.200000e+01 -5.166726e+01 2.786673e+02
    endloop
  endfacet
  facet normal 0.000000e+00 -6.814179e-01 7.318945e-01
    outer loop
      vertex   -2.000000e+01 -5.166726e+01 2.786673e+02
      vertex   -1.200000e+01 -5.166726e+01 2.786673e+02
      vertex   -2.000000e+01 -5.080520e+01 2.794699e+02
    endloop
  endfacet
  facet normal 0.000000e+00 -6.814179e-01 7.318945e-01
    outer loop
      vertex   -2.000000e+01 -5.080520e+01 2.794699e+02
      vertex   -1.200000e+01 -5.166726e+01 2.786673e+02
      vertex   -1.200000e+01 -5.080520e+01 2.794699e+02
    endloop
  endfacet
  facet normal 0.000000e+00 -6.274690e-01 7.786415e-01
    outer loop
      vertex   -2.000000e+01 -5.080520e+01 2.794699e+02
      vertex   -1.200000e+01 -5.080520e+01 2.794699e+02
      vertex   -2.000000e+01 -4.988808e+01 2.802089e+02
    endloop
  endfacet
  facet normal 5.573044e-16 -6.274690e-01 7.786415e-01
    outer loop
      vertex   -2.000000e+01 -4.988808e+01 2.802089e+02
      vertex   -1.200000e+01 -5.080520e+01 2.794699e+02
      vertex   -1.200000e+01 -4.988808e+01 2.802089e+02
    endloop
  endfacet
  facet normal 5.065483e-16 -5.703226e-01 8.214208e-01
    outer loop
      vertex   -2.000000e+01 -4.988808e+01 2.802089e+02
      vertex   -1.200000e+01 -4.988808e+01 2.802089e+02
      vertex   -2.000000e+01 -4.892057e+01 2.808807e+02
    endloop
  endfacet
  facet normal 0.000000e+00 -5.703226e-01 8.214208e-01
    outer loop
      vertex   -2.000000e+01 -4.892057e+01 2.808807e+02
      vertex   -1.200000e+01 -4.988808e+01 2.802089e+02
      vertex   -1.200000e+01 -4.892057e+01 2.808807e+02
    endloop
  endfacet
  facet normal 0.000000e+00 -5.102700e-01 8.600142e-01
    outer loop
      vertex   -2.000000e+01 -4.892057e+01 2.808807e+02
      vertex   -1.200000e+01 -4.892057e+01 2.808807e+02
      vertex   -2.000000e+01 -4.790761e+01 2.814817e+02
    endloop
  endfacet
  facet normal 0.000000e+00 -5.102700e-01 8.600142e-01
    outer loop
      vertex   -2.000000e+01 -4.790761e+01 2.814817e+02
      vertex   -1.200000e+01 -4.892057e+01 2.808807e+02
      vertex   -1.200000e+01 -4.790761e+01 2.814817e+02
    endloop
  endfacet
  facet normal 0.000000e+00 -4.476172e-01 8.942253e-01
    outer loop
      vertex   -2.000000e+01 -4.790761e+01 2.814817e+02
      vertex   -1.200000e+01 -4.790761e+01 2.814817e+02
      vertex   -2.000000e+01 -4.685435e+01 2.820089e+02
    endloop
  endfacet
  facet normal 0.000000e+00 -4.476172e-01 8.942253e-01
    outer loop
      vertex   -2.000000e+01 -4.685435e+01 2.820089e+02
      vertex   -1.200000e+01 -4.790761e+01 2.814817e+02
      vertex   -1.200000e+01 -4.685435e+01 2.820089e+02
    endloop
  endfacet
  facet normal 0.000000e+00 -3.826834e-01 9.238795e-01
    outer loop
      vertex   -2.000000e+01 -4.685435e+01 2.820089e+02
      vertex   -1.200000e+01 -4.685435e+01 2.820089e+02
      vertex   -2.000000e+01 -4.576616e+01 2.824597e+02
    endloop
  endfacet
  facet normal 0.000000e+00 -3.826834e-01 9.238795e-01
    outer loop
      vertex   -2.000000e+01 -4.576616e+01 2.824597e+02
      vertex   -1.200000e+01 -4.685435e+01 2.820089e+02
      vertex   -1.200000e+01 -4.576616e+01 2.824597e+02
    endloop
  endfacet
  facet normal 0.000000e+00 -3.157996e-01 9.488259e-01
    outer loop
      vertex   -2.000000e+01 -4.576616e+01 2.824597e+02
      vertex   -1.200000e+01 -4.576616e+01 2.824597e+02
      vertex   -2.000000e+01 -4.464859e+01 2.828316e+02
    endloop
  endfacet
  facet normal 2.804864e-16 -3.157996e-01 9.488259e-01
    outer loop
      vertex   -2.000000e+01 -4.464859e+01 2.828316e+02
      vertex   -1.200000e+01 -4.576616e+01 2.824597e+02
      vertex   -1.200000e+01 -4.464859e+01 2.828316e+02
    endloop
  endfacet
  facet normal 2.196523e-16 -2.473065e-01 9.689373e-01
    outer loop
      vertex   -2.000000e+01 -4.464859e+01 2.828316e+02
      vertex   -1.200000e+01 -4.464859e+01 2.828316e+02
      vertex   -2.000000e+01 -4.350733e+01 2.831229e+02
    endloop
  endfacet
  facet normal 0.000000e+00 -2.473065e-01 9.689373e-01
    outer loop
      vertex   -2.000000e+01 -4.350733e+01 2.831229e+02
      vertex   -1.200000e+01 -4.464859e+01 2.828316e+02
      vertex   -1.200000e+01 -4.350733e+01 2.831229e+02
    endloop
  endfacet
  facet normal 0.000000e+00 -1.775532e-01 9.841112e-01
    outer loop
      vertex   -2.000000e+01 -4.350733e+01 2.831229e+02
      vertex   -1.200000e+01 -4.350733e+01 2.831229e+02
      vertex   -2.000000e+01 -4.234820e+01 2.833321e+02
    endloop
  endfacet
  facet normal 1.576989e-16 -1.775532e-01 9.841112e-01
    outer loop
      vertex   -2.000000e+01 -4.234820e+01 2.833321e+02
      vertex   -1.200000e+01 -4.350733e+01 2.831229e+02
      vertex   -1.200000e+01 -4.234820e+01 2.833321e+02
    endloop
  endfacet
  facet normal 9.494194e-17 -1.068951e-01 9.942703e-01
    outer loop
      vertex   -2.000000e+01 -4.234820e+01 2.833321e+02
      vertex   -1.200000e+01 -4.234820e+01 2.833321e+02
      vertex   -2.000000e+01 -4.117710e+01 2.834580e+02
    endloop
  endfacet
  facet normal 0.000000e+00 -1.068951e-01 9.942703e-01
    outer loop
      vertex   -2.000000e+01 -4.117710e+01 2.834580e+02
      vertex   -1.200000e+01 -4.234820e+01 2.833321e+02
      vertex   -1.200000e+01 -4.117710e+01 2.834580e+02
    endloop
  endfacet
  facet normal 0.000000e+00 -3.569233e-02 9.993628e-01
    outer loop
      vertex   -2.000000e+01 -4.117710e+01 2.834580e+02
      vertex   -1.200000e+01 -4.117710e+01 2.834580e+02
      vertex   -2.000000e+01 -4.000000e+01 2.835000e+02
    endloop
  endfacet
  facet normal 0.000000e+00 -3.569233e-02 9.993628e-01
    outer loop
      vertex   -2.000000e+01 -4.000000e+01 2.835000e+02
      vertex   -1.200000e+01 -4.117710e+01 2.834580e+02
      vertex   -1.200000e+01 -4.000000e+01 2.835000e+02
    endloop
  endfacet
  facet normal 0.000000e+00 -9.927089e-01 1.205367e-01
    outer loop
      vertex   2.000000e+01 -5.650000e+01 2.670000e+02
      vertex   1.200000e+01 -5.650000e+01 2.670000e+02
      vertex   2.000000e+01 -5.654359e+01 2.666410e+02
    endloop
  endfacet
  facet normal 0.000000e+00 -9.927089e-01 1.205367e-01
    outer loop
      vertex   2.000000e+01 -5.654359e+01 2.666410e+02
      vertex   1.200000e+01 -5.650000e+01 2.670000e+02
      vertex   1.200000e+01 -5.654359e+01 2.666410e+02
    endloop
  endfacet
  facet normal 0.000000e+00 -9.350162e-01 3.546049e-01
    outer loop
      vertex   2.000000e+01 -5.654359e+01 2.666410e+02
      vertex   1.200000e+01 -5.654359e+01 2.666410e+02
      vertex   2.000000e+01 -5.667182e+01 2.663029e+02
    endloop
  endfacet
  facet normal 0.000000e+00 -9.350162e-01 3.546049e-01
    outer loop
      vertex   2.000000e+01 -5.667182e+01 2.663029e+02
      vertex   1.200000e+01 -5.654359e+01 2.666410e+02
      vertex   1.200000e+01 -5.667182e+01 2.663029e+02
    endloop
  endfacet
  facet normal 0.000000e+00 -8.229839e-01 5.680647e-01
    outer loop
      vertex   2.000000e+01 -5.667182e+01 2.663029e+02
      vertex   1.200000e+01 -5.667182e+01 2.663029e+02
      vertex   2.000000e+01 -5.687723e+01 2.660053e+02
    endloop
  endfacet
  facet normal 0.000000e+00 -8.229839e-01 5.680647e-01
    outer loop
      vertex   2.000000e+01 -5.687723e+01 2.660053e+02
      vertex   1.200000e+01 -5.667182e+01 2.663029e+02
      vertex   1.200000e+01 -5.687723e+01 2.660053e+02
    endloop
  endfacet
  facet normal 0.000000e+00 -6.631227e-01 7.485107e-01
    outer loop
      vertex   2.000000e+01 -5.687723e+01 2.660053e+02
      vertex   1.200000e+01 -5.687723e+01 2.660053e+02
      vertex   2.000000e+01 -5.714790e+01 2.657655e+02
    endloop
  endfacet
  facet normal 0.000000e+00 -6.631227e-01 7.485107e-01
    outer loop
      vertex   2.000000e+01 -5.714790e+01 2.657655e+02
      vertex   1.200000e+01 -5.687723e+01 2.660053e+02
      vertex   1.200000e+01 -5.714790e+01 2.657655e+02
    endloop
  endfacet
  facet normal 0.000000e+00 -4.647232e-01 8.854560e-01
    outer loop
      vertex   2.000000e+01 -5.714790e+01 2.657655e+02
      vertex   1.200000e+01 -5.714790e+01 2.657655e+02
      vertex   2.000000e+01 -5.746809e+01 2.655975e+02
    endloop
  endfacet
  facet normal 0.000000e+00 -4.647232e-01 8.854560e-01
    outer loop
      vertex   2.000000e+01 -5.746809e+01 2.655975e+02
      vertex   1.200000e+01 -5.714790e+01 2.657655e+02
      vertex   1.200000e+01 -5.746809e+01 2.655975e+02
    endloop
  endfacet
  facet normal 0.000000e+00 -2.393157e-01 9.709418e-01
    outer loop
      vertex   2.000000e+01 -5.746809e+01 2.655975e+02
      vertex   1.200000e+01 -5.746809e+01 2.655975e+02
      vertex   2.000000e+01 -5.781920e+01 2.655109e+02
    endloop
  endfacet
  facet normal 0.000000e+00 -2.393157e-01 9.709418e-01
    outer loop
      vertex   2.000000e+01 -5.781920e+01 2.655109e+02
      vertex   1.200000e+01 -5.746809e+01 2.655975e+02
      vertex   1.200000e+01 -5.781920e+01 2.655109e+02
    endloop
  endfacet
  facet normal 0.000000e+00 0.000000e+00 1.000000e+00
    outer loop
      vertex   2.000000e+01 -5.781920e+01 2.655109e+02
      vertex   1.200000e+01 -5.781920e+01 2.655109e+02
      vertex   2.000000e+01 -5.818081e+01 2.655109e+02
    endloop
  endfacet
  facet normal 0.000000e+00 0.000000e+00 1.000000e+00
    outer loop
      vertex   2.000000e+01 -5.818081e+01 2.655109e+02
      vertex   1.200000e+01 -5.781920e+01 2.655109e+02
      vertex   1.200000e+01 -5.818081e+01 2.655109e+02
    endloop
  endfacet
  facet normal 0.000000e+00 2.393157e-01 9.709418e-01
    outer loop
      vertex   2.000000e+01 -5.818081e+01 2.655109e+02
      vertex   1.200000e+01 -5.818081e+01 2.655109e+02
      vertex   2.000000e+01 -5.853191e+01 2.655975e+02
    endloop
  endfacet
  facet normal 0.000000e+00 2.393157e-01 9.709418e-01
    outer loop
      vertex   2.000000e+01 -5.853191e+01 2.655975e+02
      vertex   1.200000e+01 -5.818081e+01 2.655109e+02
      vertex   1.200000e+01 -5.853191e+01 2.655975e+02
    endloop
  endfacet
  facet normal 0.000000e+00 4.647232e-01 8.854560e-01
    outer loop
      vertex   2.000000e+01 -5.853191e+01 2.655975e+02
      vertex   1.200000e+01 -5.853191e+01 2.655975e+02
      vertex   2.000000e+01 -5.885210e+01 2.657655e+02
    endloop
  endfacet
  facet normal 0.000000e+00 4.647232e-01 8.854560e-01
    outer loop
      vertex   2.000000e+01 -5.885210e+01 2.657655e+02
      vertex   1.200000e+01 -5.853191e+01 2.655975e+02
      vertex   1.200000e+01 -5.885210e+01 2.657655e+02
    endloop
  endfacet
  facet normal 0.000000e+00 6.631227e-01 7.485107e-01
    outer loop
      vertex   2.000000e+01 -5.885210e+01 2.657655e+02
      vertex   1.200000e+01 -5.885210e+01 2.657655e+02
      vertex   2.000000e+01 -5.912277e+01 2.660053e+02
    endloop
  endfacet
  facet normal 0.000000e+00 6.631227e-01 7.485107e-01
    outer loop
      vertex   2.000000e+01 -5.912277e+01 2.660053e+02
      vertex   1.200000e+01 -5.885210e+01 2.657655e+02
      vertex   1.200000e+01 -5.912277e+01 2.660053e+02
    endloop
  endfacet
  facet normal 0.000000e+00 8.229839e-01 5.680647e-01
    outer loop
      vertex   2.000000e+01 -5.912277e+01 2.660053e+02
      vertex   1.200000e+01 -5.912277e+01 2.660053e+02
      vertex   2.000000e+01 -5.932818e+01 2.663029e+02
    endloop
  endfacet
  facet normal 0.000000e+00 8.229839e-01 5.680647e-01
    outer loop
      vertex   2.000000e+01 -5.932818e+01 2.663029e+02
      vertex   1.200000e+01 -5.912277e+01 2.660053e+02
      vertex   1.200000e+01 -5.932818e+01 2.663029e+02
    endloop
  endfacet
  facet normal 0.000000e+00 9.350162e-01 3.546049e-01
    outer loop
      vertex   2.000000e+01 -5.932818e+01 2.663029e+02
      vertex   1.200000e+01 -5.932818e+01 2.663029e+02
      vertex   2.000000e+01 -5.945641e+01 2.666410e+02
    endloop
  endfacet
  facet normal 0.000000e+00 9.350162e-01 3.546049e-01
    outer loop
      vertex   2.000000e+01 -5.945641e+01 2.666410e+02
      vertex   1.200000e+01 -5.932818e+01 2.663029e+02
      vertex   1.200000e+01 -5.945641e+01 2.666410e+02
    endloop
  endfacet
  facet normal 0.000000e+00 9.927089e-01 1.205367e-01
    outer loop
      vertex   2.000000e+01 -5.945641e+01 2.666410e+02
      vertex   1.200000e+01 -5.945641e+01 2.666410e+02
      vertex   2.000000e+01 -5.950000e+01 2.670000e+02
    endloop
  endfacet
  facet normal 0.000000e+00 9.927089e-01 1.205367e-01
    outer loop
      vertex   2.000000e+01 -5.950000e+01 2.670000e+02
      vertex   1.200000e+01 -5.945641e+01 2.666410e+02
      vertex   1.200000e+01 -5.950000e+01 2.670000e+02
    endloop
  endfacet
  facet normal -0.000000e+00 9.927089e-01 1.205367e-01
    outer loop
      vertex   -2.000000e+01 -5.950000e+01 2.670000e+02
      vertex   -1.200000e+01 -5.950000e+01 2.670000e+02
      vertex   -2.000000e+01 -5.945641e+01 2.666410e+02
    endloop
  endfacet
  facet normal -0.000000e+00 9.927089e-01 1.205367e-01
    outer loop
      vertex   -2.000000e+01 -5.945641e+01 2.666410e+02
      vertex   -1.200000e+01 -5.950000e+01 2.670000e+02
      vertex   -1.200000e+01 -5.945641e+01 2.666410e+02
    endloop
  endfacet
  facet normal -0.000000e+00 9.350162e-01 3.546049e-01
    outer loop
      vertex   -2.000000e+01 -5.945641e+01 2.666410e+02
      vertex   -1.200000e+01 -5.945641e+01 2.666410e+02
      vertex   -2.000000e+01 -5.932818e+01 2.663029e+02
    endloop
  endfacet
  facet normal -0.000000e+00 9.350162e-01 3.546049e-01
    outer loop
      vertex   -2.000000e+01 -5.932818e+01 2.663029e+02
      vertex   -1.200000e+01 -5.945641e+01 2.666410e+02
      vertex   -1.200000e+01 -5.932818e+01 2.663029e+02
    endloop
  endfacet
  facet normal -0.000000e+00 8.229839e-01 5.680647e-01
    outer loop
      vertex   -2.000000e+01 -5.932818e+01 2.663029e+02
      vertex   -1.200000e+01 -5.932818e+01 2.663029e+02
      vertex   -2.000000e+01 -5.912277e+01 2.660053e+02
    endloop
  endfacet
  facet normal -0.000000e+00 8.229839e-01 5.680647e-01
    outer loop
      vertex   -2.000000e+01 -5.912277e+01 2.660053e+02
      vertex   -1.200000e+01 -5.932818e+01 2.663029e+02
      vertex   -1.200000e+01 -5.912277e+01 2.660053e+02
    endloop
  endfacet
  facet normal -0.000000e+00 6.631227e-01 7.485107e-01
    outer loop
      vertex   -2.000000e+01 -5.912277e+01 2.660053e+02
      vertex   -1.200000e+01 -5.912277e+01 2.660053e+02
      vertex   -2.000000e+01 -5.885210e+01 2.657655e+02
    endloop
  endfacet
  facet normal -0.000000e+00 6.631227e-01 7.485107e-01
    outer loop
      vertex   -2.000000e+01 -5.885210e+01 2.657655e+02
      vertex   -1.200000e+01 -5.912277e+01 2.660053e+02
      vertex   -1.200000e+01 -5.885210e+01 2.657655e+02
    endloop
  endfacet
  facet normal -0.000000e+00 4.647232e-01 8.854560e-01
    outer loop
      vertex   -2.000000e+01 -5.885210e+01 2.657655e+02
      vertex   -1.200000e+01 -5.885210e+01 2.657655e+02
      vertex   -2.000000e+01 -5.853191e+01 2.655975e+02
    endloop
  endfacet
  facet normal -0.000000e+00 4.647232e-01 8.854560e-01
    outer loop
      vertex   -2.000000e+01 -5.853191e+01 2.655975e+02
      vertex   -1.200000e+01 -5.885210e+01 2.657655e+02
      vertex   -1.200000e+01 -5.853191e+01 2.655975e+02
    endloop
  endfacet
  facet normal -0.000000e+00 2.393157e-01 9.709418e-01
    outer loop
      vertex   -2.000000e+01 -5.853191e+01 2.655975e+02
      vertex   -1.200000e+01 -5.853191e+01 2.655975e+02
      vertex   -2.000000e+01 -5.818081e+01 2.655109e+02
    endloop
  endfacet
  facet normal -0.000000e+00 2.393157e-01 9.709418e-01
    outer loop
      vertex   -2.000000e+01 -5.818081e+01 2.655109e+02
      vertex   -1.200000e+01 -5.853191e+01 2.655975e+02
      vertex   -1.200000e+01 -5.818081e+01 2.655109e+02
    endloop
  endfacet
  facet normal 0.000000e+00 0.000000e+00 1.000000e+00
    outer loop
      vertex   -2.000000e+01 -5.818081e+01 2.655109e+02
      vertex   -1.200000e+01 -5.818081e+01 2.655109e+02
      vertex   -2.000000e+01 -5.781920e+01 2.655109e+02
    endloop
  endfacet
  facet normal -0.000000e+00 0.000000e+00 1.000000e+00
    outer loop
      vertex   -2.000000e+01 -5.781920e+01 2.655109e+02
      vertex   -1.200000e+01 -5.818081e+01 2.655109e+02
      vertex   -1.200000e+01 -5.781920e+01 2.655109e+02
    endloop
  endfacet
  facet normal 0.000000e+00 -2.393157e-01 9.709418e-01
    outer loop
      vertex   -2.000000e+01 -5.781920e+01 2.655109e+02
      vertex   -1.200000e+01 -5.781920e+01 2.655109e+02
      vertex   -2.000000e+01 -5.746809e+01 2.655975e+02
    endloop
  endfacet
  facet normal 0.000000e+00 -2.393157e-01 9.709418e-01
    outer loop
      vertex   -2.000000e+01 -5.746809e+01 2.655975e+02
      vertex   -1.200000e+01 -5.781920e+01 2.655109e+02
      vertex   -1.200000e+01 -5.746809e+01 2.655975e+02
    endloop
  endfacet
  facet normal 0.000000e+00 -4.647232e-01 8.854560e-01
    outer loop
      vertex   -2.000000e+01 -5.746809e+01 2.655975e+02
      vertex   -1.200000e+01 -5.746809e+01 2.655975e+02
      vertex   -2.000000e+01 -5.714790e+01 2.657655e+02
    endloop
  endfacet
  facet normal 0.000000e+00 -4.647232e-01 8.854560e-01
    outer loop
      vertex   -2.000000e+01 -5.714790e+01 2.657655e+02
      vertex   -1.200000e+01 -5.746809e+01 2.655975e+02
      vertex   -1.200000e+01 -5.714790e+01 2.657655e+02
    endloop
  endfacet
  facet normal 0.000000e+00 -6.631227e-01 7.485107e-01
    outer loop
      vertex   -2.000000e+01 -5.714790e+01 2.657655e+02
      vertex   -1.200000e+01 -5.714790e+01 2.657655e+02
      vertex   -2.000000e+01 -5.687723e+01 2.660053e+02
    endloop
  endfacet
  facet normal 0.000000e+00 -6.631227e-01 7.485107e-01
    outer loop
      vertex   -2.000000e+01 -5.687723e+01 2.660053e+02
      vertex   -1.200000e+01 -5.714790e+01 2.657655e+02
      vertex   -1.200000e+01 -5.687723e+01 2.660053e+02
    endloop
  endfacet
  facet normal 0.000000e+00 -8.229839e-01 5.680647e-01
    outer loop
      vertex   -2.000000e+01 -5.687723e+01 2.660053e+02
      vertex   -1.200000e+01 -5.687723e+01 2.660053e+02
      vertex   -2.000000e+01 -5.667182e+01 2.663029e+02
    endloop
  endfacet
  facet normal 0.000000e+00 -8.229839e-01 5.680647e-01
    outer loop
      vertex   -2.000000e+01 -5.667182e+01 2.663029e+02
      vertex   -1.200000e+01 -5.687723e+01 2.660053e+02
      vertex   -1.200000e+01 -5.667182e+01 2.663029e+02
    endloop
  endfacet
  facet normal 0.000000e+00 -9.350162e-01 3.546049e-01
    outer loop
      vertex   -2.000000e+01 -5.667182e+01 2.663029e+02
      vertex   -1.200000e+01 -5.667182e+01 2.663029e+02
      vertex   -2.000000e+01 -5.654359e+01 2.666410e+02
    endloop
  endfacet
  facet normal 0.000000e+00 -9.350162e-01 3.546049e-01
    outer loop
      vertex   -2.000000e+01 -5.654359e+01 2.666410e+02
      vertex   -1.200000e+01 -5.667182e+01 2.663029e+02
      vertex   -1.200000e+01 -5.654359e+01 2.666410e+02
    endloop
  endfacet
  facet normal 0.000000e+00 -9.927089e-01 1.205367e-01
    outer loop
      vertex   -2.000000e+01 -5.654359e+01 2.666410e+02
      vertex   -1.200000e+01 -5.654359e+01 2.666410e+02
      vertex   -2.000000e+01 -5.650000e+01 2.670000e+02
    endloop
  endfacet
  facet normal 0.000000e+00 -9.927089e-01 1.205367e-01
    outer loop
      vertex   -2.000000e+01 -5.650000e+01 2.670000e+02
      vertex   -1.200000e+01 -5.654359e+01 2.666410e+02
      vertex   -1.200000e+01 -5.650000e+01 2.670000e+02
    endloop
  endfacet
  facet normal -0.000000e+00 -1.205367e-01 -9.927089e-01
    outer loop
      vertex   2.000000e+01 -4.000000e+01 2.865000e+02
      vertex   1.200000e+01 -4.000000e+01 2.865000e+02
      vertex   2.000000e+01 -3.964103e+01 2.864564e+02
    endloop
  endfacet
  facet normal -0.000000e+00 -1.205367e-01 -9.927089e-01
    outer loop
      vertex   2.000000e+01 -3.964103e+01 2.864564e+02
      vertex   1.200000e+01 -4.000000e+01 2.865000e+02
      vertex   1.200000e+01 -3.964103e+01 2.864564e+02
    endloop
  endfacet
  facet normal -0.000000e+00 -3.546049e-01 -9.350162e-01
    outer loop
      vertex   2.000000e+01 -3.964103e+01 2.864564e+02
      vertex   1.200000e+01 -3.964103e+01 2.864564e+02
      vertex   2.000000e+01 -3.930292e+01 2.863282e+02
    endloop
  endfacet
  facet normal -0.000000e+00 -3.546049e-01 -9.350162e-01
    outer loop
      vertex   2.000000e+01 -3.930292e+01 2.863282e+02
      vertex   1.200000e+01 -3.964103e+01 2.864564e+02
      vertex   1.200000e+01 -3.930292e+01 2.863282e+02
    endloop
  endfacet
  facet normal -0.000000e+00 -5.680647e-01 -8.229839e-01
    outer loop
      vertex   2.000000e+01 -3.930292e+01 2.863282e+02
      vertex   1.200000e+01 -3.930292e+01 2.863282e+02
      vertex   2.000000e+01 -3.900532e+01 2.861228e+02
    endloop
  endfacet
  facet normal -0.000000e+00 -5.680647e-01 -8.229839e-01
    outer loop
      vertex   2.000000e+01 -3.900532e+01 2.861228e+02
      vertex   1.200000e+01 -3.930292e+01 2.863282e+02
      vertex   1.200000e+01 -3.900532e+01 2.861228e+02
    endloop
  endfacet
  facet normal -0.000000e+00 -7.485107e-01 -6.631227e-01
    outer loop
      vertex   2.000000e+01 -3.900532e+01 2.861228e+02
      vertex   1.200000e+01 -3.900532e+01 2.861228e+02
      vertex   2.000000e+01 -3.876552e+01 2.858521e+02
    endloop
  endfacet
  facet normal -0.000000e+00 -7.485107e-01 -6.631227e-01
    outer loop
      vertex   2.000000e+01 -3.876552e+01 2.858521e+02
      vertex   1.200000e+01 -3.900532e+01 2.861228e+02
      vertex   1.200000e+01 -3.876552e+01 2.858521e+02
    endloop
  endfacet
  facet normal -0.000000e+00 -8.854560e-01 -4.647232e-01
    outer loop
      vertex   2.000000e+01 -3.876552e+01 2.858521e+02
      vertex   1.200000e+01 -3.876552e+01 2.858521e+02
      vertex   2.000000e+01 -3.859748e+01 2.855319e+02
    endloop
  endfacet
  facet normal -0.000000e+00 -8.854560e-01 -4.647232e-01
    outer loop
      vertex   2.000000e+01 -3.859748e+01 2.855319e+02
      vertex   1.200000e+01 -3.876552e+01 2.858521e+02
      vertex   1.200000e+01 -3.859748e+01 2.855319e+02
    endloop
  endfacet
  facet normal -0.000000e+00 -9.709418e-01 -2.393157e-01
    outer loop
      vertex   2.000000e+01 -3.859748e+01 2.855319e+02
      vertex   1.200000e+01 -3.859748e+01 2.855319e+02
      vertex   2.000000e+01 -3.851094e+01 2.851808e+02
    endloop
  endfacet
  facet normal -0.000000e+00 -9.709418e-01 -2.393157e-01
    outer loop
      vertex   2.000000e+01 -3.851094e+01 2.851808e+02
      vertex   1.200000e+01 -3.859748e+01 2.855319e+02
      vertex   1.200000e+01 -3.851094e+01 2.851808e+02
    endloop
  endfacet
  facet normal -0.000000e+00 -1.000000e+00 -0.000000e+00
    outer loop
      vertex   2.000000e+01 -3.851094e+01 2.851808e+02
      vertex   1.200000e+01 -3.851094e+01 2.851808e+02
      vertex   2.000000e+01 -3.851094e+01 2.848192e+02
    endloop
  endfacet
  facet normal 0.000000e+00 -1.000000e+00 0.000000e+00
    outer loop
      vertex   2.000000e+01 -3.851094e+01 2.848192e+02
      vertex   1.200000e+01 -3.851094e+01 2.851808e+02
      vertex   1.200000e+01 -3.851094e+01 2.848192e+02
    endloop
  endfacet
  facet normal 0.000000e+00 -9.709418e-01 2.393157e-01
    outer loop
      vertex   2.000000e+01 -3.851094e+01 2.848192e+02
      vertex   1.200000e+01 -3.851094e+01 2.848192e+02
      vertex   2.000000e+01 -3.859748e+01 2.844681e+02
    endloop
  endfacet
  facet normal 0.000000e+00 -9.709418e-01 2.393157e-01
    outer loop
      vertex   2.000000e+01 -3.859748e+01 2.844681e+02
      vertex   1.200000e+01 -3.851094e+01 2.848192e+02
      vertex   1.200000e+01 -3.859748e+01 2.844681e+02
    endloop
  endfacet
  facet normal 0.000000e+00 -8.854560e-01 4.647232e-01
    outer loop
      vertex   2.000000e+01 -3.859748e+01 2.844681e+02
      vertex   1.200000e+01 -3.859748e+01 2.844681e+02
      vertex   2.000000e+01 -3.876552e+01 2.841479e+02
    endloop
  endfacet
  facet normal 0.000000e+00 -8.854560e-01 4.647232e-01
    outer loop
      vertex   2.000000e+01 -3.876552e+01 2.841479e+02
      vertex   1.200000e+01 -3.859748e+01 2.844681e+02
      vertex   1.200000e+01 -3.876552e+01 2.841479e+02
    endloop
  endfacet
  facet normal 0.000000e+00 -7.485107e-01 6.631227e-01
    outer loop
      vertex   2.000000e+01 -3.876552e+01 2.841479e+02
      vertex   1.200000e+01 -3.876552e+01 2.841479e+02
      vertex   2.000000e+01 -3.900532e+01 2.838772e+02
    endloop
  endfacet
  facet normal 0.000000e+00 -7.485107e-01 6.631227e-01
    outer loop
      vertex   2.000000e+01 -3.900532e+01 2.838772e+02
      vertex   1.200000e+01 -3.876552e+01 2.841479e+02
      vertex   1.200000e+01 -3.900532e+01 2.838772e+02
    endloop
  endfacet
  facet normal 0.000000e+00 -5.680647e-01 8.229839e-01
    outer loop
      vertex   2.000000e+01 -3.900532e+01 2.838772e+02
      vertex   1.200000e+01 -3.900532e+01 2.838772e+02
      vertex   2.000000e+01 -3.930292e+01 2.836718e+02
    endloop
  endfacet
  facet normal 0.000000e+00 -5.680647e-01 8.229839e-01
    outer loop
      vertex   2.000000e+01 -3.930292e+01 2.836718e+02
      vertex   1.200000e+01 -3.900532e+01 2.838772e+02
      vertex   1.200000e+01 -3.930292e+01 2.836718e+02
    endloop
  endfacet
  facet normal 0.000000e+00 -3.546049e-01 9.350162e-01
    outer loop
      vertex   2.000000e+01 -3.930292e+01 2.836718e+02
      vertex   1.200000e+01 -3.930292e+01 2.836718e+02
      vertex   2.000000e+01 -3.964103e+01 2.835436e+02
    endloop
  endfacet
  facet normal 0.000000e+00 -3.546049e-01 9.350162e-01
    outer loop
      vertex   2.000000e+01 -3.964103e+01 2.835436e+02
      vertex   1.200000e+01 -3.930292e+01 2.836718e+02
      vertex   1.200000e+01 -3.964103e+01 2.835436e+02
    endloop
  endfacet
  facet normal 0.000000e+00 -1.205367e-01 9.927089e-01
    outer loop
      vertex   2.000000e+01 -3.964103e+01 2.835436e+02
      vertex   1.200000e+01 -3.964103e+01 2.835436e+02
      vertex   2.000000e+01 -4.000000e+01 2.835000e+02
    endloop
  endfacet
  facet normal 0.000000e+00 -1.205367e-01 9.927089e-01
    outer loop
      vertex   2.000000e+01 -4.000000e+01 2.835000e+02
      vertex   1.200000e+01 -3.964103e+01 2.835436e+02
      vertex   1.200000e+01 -4.000000e+01 2.835000e+02
    endloop
  endfacet
  facet normal 0.000000e+00 9.994646e-01 -3.271908e-02
    outer loop
      vertex   2.000000e+01 -5.950000e+01 2.670000e+02
      vertex   1.200000e+01 -5.950000e+01 2.670000e+02
      vertex   2.000000e+01 -5.945825e+01 2.682754e+02
    endloop
  endfacet
  facet normal 0.000000e+00 9.994646e-01 -3.271908e-02
    outer loop
      vertex   2.000000e+01 -5.945825e+01 2.682754e+02
      vertex   1.200000e+01 -5.950000e+01 2.670000e+02
      vertex   1.200000e+01 -5.945825e+01 2.682754e+02
    endloop
  endfacet
  facet normal 0.000000e+00 9.951847e-01 -9.801714e-02
    outer loop
      vertex   2.000000e+01 -5.945825e+01 2.682754e+02
      vertex   1.200000e+01 -5.945825e+01 2.682754e+02
      vertex   2.000000e+01 -5.933318e+01 2.695453e+02
    endloop
  endfacet
  facet normal 0.000000e+00 9.951847e-01 -9.801714e-02
    outer loop
      vertex   2.000000e+01 -5.933318e+01 2.695453e+02
      vertex   1.200000e+01 -5.945825e+01 2.682754e+02
      vertex   1.200000e+01 -5.933318e+01 2.695453e+02
    endloop
  endfacet
  facet normal 0.000000e+00 9.866433e-01 -1.628955e-01
    outer loop
      vertex   2.000000e+01 -5.933318e+01 2.695453e+02
      vertex   1.200000e+01 -5.933318e+01 2.695453e+02
      vertex   2.000000e+01 -5.912531e+01 2.708043e+02
    endloop
  endfacet
  facet normal 0.000000e+00 9.866433e-01 -1.628955e-01
    outer loop
      vertex   2.000000e+01 -5.912531e+01 2.708043e+02
      vertex   1.200000e+01 -5.933318e+01 2.695453e+02
      vertex   1.200000e+01 -5.912531e+01 2.708043e+02
    endloop
  endfacet
  facet normal 0.000000e+00 9.738770e-01 -2.270763e-01
    outer loop
      vertex   2.000000e+01 -5.912531e+01 2.708043e+02
      vertex   1.200000e+01 -5.912531e+01 2.708043e+02
      vertex   2.000000e+01 -5.883555e+01 2.720470e+02
    endloop
  endfacet
  facet normal 0.000000e+00 9.738770e-01 -2.270763e-01
    outer loop
      vertex   2.000000e+01 -5.883555e+01 2.720470e+02
      vertex   1.200000e+01 -5.912531e+01 2.708043e+02
      vertex   1.200000e+01 -5.883555e+01 2.720470e+02
    endloop
  endfacet
  facet normal 0.000000e+00 9.569403e-01 -2.902847e-01
    outer loop
      vertex   2.000000e+01 -5.883555e+01 2.720470e+02
      vertex   1.200000e+01 -5.883555e+01 2.720470e+02
      vertex   2.000000e+01 -5.846514e+01 2.732681e+02
    endloop
  endfacet
  facet normal 2.062597e-15 9.569403e-01 -2.902847e-01
    outer loop
      vertex   2.000000e+01 -5.846514e+01 2.732681e+02
      vertex   1.200000e+01 -5.883555e+01 2.720470e+02
      vertex   1.200000e+01 -5.846514e+01 2.732681e+02
    endloop
  endfacet
  facet normal 2.502887e-15 9.359059e-01 -3.522500e-01
    outer loop
      vertex   2.000000e+01 -5.846514e+01 2.732681e+02
      vertex   1.200000e+01 -5.846514e+01 2.732681e+02
      vertex   2.000000e+01 -5.801565e+01 2.744623e+02
    endloop
  endfacet
  facet normal 0.000000e+00 9.359059e-01 -3.522500e-01
    outer loop
      vertex   2.000000e+01 -5.801565e+01 2.744623e+02
      vertex   1.200000e+01 -5.846514e+01 2.732681e+02
      vertex   1.200000e+01 -5.801565e+01 2.744623e+02
    endloop
  endfacet
  facet normal 0.000000e+00 9.108638e-01 -4.127070e-01
    outer loop
      vertex   2.000000e+01 -5.801565e+01 2.744623e+02
      vertex   1.200000e+01 -5.801565e+01 2.744623e+02
      vertex   2.000000e+01 -5.748902e+01 2.756246e+02
    endloop
  endfacet
  facet normal 0.000000e+00 9.108638e-01 -4.127070e-01
    outer loop
      vertex   2.000000e+01 -5.748902e+01 2.756246e+02
      vertex   1.200000e+01 -5.801565e+01 2.744623e+02
      vertex   1.200000e+01 -5.748902e+01 2.756246e+02
    endloop
  endfacet
  facet normal 0.000000e+00 8.819213e-01 -4.713967e-01
    outer loop
      vertex   2.000000e+01 -5.748902e+01 2.756246e+02
      vertex   1.200000e+01 -5.748902e+01 2.756246e+02
      vertex   2.000000e+01 -5.688750e+01 2.767500e+02
    endloop
  endfacet
  facet normal 0.000000e+00 8.819213e-01 -4.713967e-01
    outer loop
      vertex   2.000000e+01 -5.688750e+01 2.767500e+02
      vertex   1.200000e+01 -5.748902e+01 2.756246e+02
      vertex   1.200000e+01 -5.688750e+01 2.767500e+02
    endloop
  endfacet
  facet normal 0.000000e+00 8.492022e-01 -5.280679e-01
    outer loop
      vertex   2.000000e+01 -5.688750e+01 2.767500e+02
      vertex   1.200000e+01 -5.688750e+01 2.767500e+02
      vertex   2.000000e+01 -5.621366e+01 2.778336e+02
    endloop
  endfacet
  facet normal 0.000000e+00 8.492022e-01 -5.280679e-01
    outer loop
      vertex   2.000000e+01 -5.621366e+01 2.778336e+02
      vertex   1.200000e+01 -5.688750e+01 2.767500e+02
      vertex   1.200000e+01 -5.621366e+01 2.778336e+02
    endloop
  endfacet
  facet normal 0.000000e+00 8.128467e-01 -5.824777e-01
    outer loop
      vertex   2.000000e+01 -5.621366e+01 2.778336e+02
      vertex   1.200000e+01 -5.621366e+01 2.778336e+02
      vertex   2.000000e+01 -5.547039e+01 2.788709e+02
    endloop
  endfacet
  facet normal 0.000000e+00 8.128467e-01 -5.824777e-01
    outer loop
      vertex   2.000000e+01 -5.547039e+01 2.788709e+02
      vertex   1.200000e+01 -5.621366e+01 2.778336e+02
      vertex   1.200000e+01 -5.547039e+01 2.788709e+02
    endloop
  endfacet
  facet normal 0.000000e+00 7.730105e-01 -6.343933e-01
    outer loop
      vertex   2.000000e+01 -5.547039e+01 2.788709e+02
      vertex   1.200000e+01 -5.547039e+01 2.788709e+02
      vertex   2.000000e+01 -5.466088e+01 2.798572e+02
    endloop
  endfacet
  facet normal 0.000000e+00 7.730105e-01 -6.343933e-01
    outer loop
      vertex   2.000000e+01 -5.466088e+01 2.798572e+02
      vertex   1.200000e+01 -5.547039e+01 2.788709e+02
      vertex   1.200000e+01 -5.466088e+01 2.798572e+02
    endloop
  endfacet
  facet normal 0.000000e+00 7.298641e-01 -6.835923e-01
    outer loop
      vertex   2.000000e+01 -5.466088e+01 2.798572e+02
      vertex   1.200000e+01 -5.466088e+01 2.798572e+02
      vertex   2.000000e+01 -5.378858e+01 2.807886e+02
    endloop
  endfacet
  facet normal 0.000000e+00 7.298641e-01 -6.835923e-01
    outer loop
      vertex   2.000000e+01 -5.378858e+01 2.807886e+02
      vertex   1.200000e+01 -5.466088e+01 2.798572e+02
      vertex   1.200000e+01 -5.378858e+01 2.807886e+02
    endloop
  endfacet
  facet normal 0.000000e+00 6.835923e-01 -7.298641e-01
    outer loop
      vertex   2.000000e+01 -5.378858e+01 2.807886e+02
      vertex   1.200000e+01 -5.378858e+01 2.807886e+02
      vertex   2.000000e+01 -5.285724e+01 2.816609e+02
    endloop
  endfacet
  facet normal 0.000000e+00 6.835923e-01 -7.298641e-01
    outer loop
      vertex   2.000000e+01 -5.285724e+01 2.816609e+02
      vertex   1.200000e+01 -5.378858e+01 2.807886e+02
      vertex   1.200000e+01 -5.285724e+01 2.816609e+02
    endloop
  endfacet
  facet normal 0.000000e+00 6.343933e-01 -7.730105e-01
    outer loop
      vertex   2.000000e+01 -5.285724e+01 2.816609e+02
      vertex   1.200000e+01 -5.285724e+01 2.816609e+02
      vertex   2.000000e+01 -5.187085e+01 2.824704e+02
    endloop
  endfacet
  facet normal 0.000000e+00 6.343933e-01 -7.730105e-01
    outer loop
      vertex   2.000000e+01 -5.187085e+01 2.824704e+02
      vertex   1.200000e+01 -5.285724e+01 2.816609e+02
      vertex   1.200000e+01 -5.187085e+01 2.824704e+02
    endloop
  endfacet
  facet normal 0.000000e+00 5.824777e-01 -8.128467e-01
    outer loop
      vertex   2.000000e+01 -5.187085e+01 2.824704e+02
      vertex   1.200000e+01 -5.187085e+01 2.824704e+02
      vertex   2.000000e+01 -5.083362e+01 2.832137e+02
    endloop
  endfacet
  facet normal 0.000000e+00 5.824777e-01 -8.128467e-01
    outer loop
      vertex   2.000000e+01 -5.083362e+01 2.832137e+02
      vertex   1.200000e+01 -5.187085e+01 2.824704e+02
      vertex   1.200000e+01 -5.083362e+01 2.832137e+02
    endloop
  endfacet
  facet normal 0.000000e+00 5.280679e-01 -8.492022e-01
    outer loop
      vertex   2.000000e+01 -5.083362e+01 2.832137e+02
      vertex   1.200000e+01 -5.083362e+01 2.832137e+02
      vertex   2.000000e+01 -4.975000e+01 2.838875e+02
    endloop
  endfacet
  facet normal 0.000000e+00 5.280679e-01 -8.492022e-01
    outer loop
      vertex   2.000000e+01 -4.975000e+01 2.838875e+02
      vertex   1.200000e+01 -5.083362e+01 2.832137e+02
      vertex   1.200000e+01 -4.975000e+01 2.838875e+02
    endloop
  endfacet
  facet normal 0.000000e+00 4.713967e-01 -8.819213e-01
    outer loop
      vertex   2.000000e+01 -4.975000e+01 2.838875e+02
      vertex   1.200000e+01 -4.975000e+01 2.838875e+02
      vertex   2.000000e+01 -4.862463e+01 2.844890e+02
    endloop
  endfacet
  facet normal 0.000000e+00 4.713967e-01 -8.819213e-01
    outer loop
      vertex   2.000000e+01 -4.862463e+01 2.844890e+02
      vertex   1.200000e+01 -4.975000e+01 2.838875e+02
      vertex   1.200000e+01 -4.862463e+01 2.844890e+02
    endloop
  endfacet
  facet normal 0.000000e+00 4.127070e-01 -9.108638e-01
    outer loop
      vertex   2.000000e+01 -4.862463e+01 2.844890e+02
      vertex   1.200000e+01 -4.862463e+01 2.844890e+02
      vertex   2.000000e+01 -4.746233e+01 2.850157e+02
    endloop
  endfacet
  facet normal 0.000000e+00 4.127070e-01 -9.108638e-01
    outer loop
      vertex   2.000000e+01 -4.746233e+01 2.850157e+02
      vertex   1.200000e+01 -4.862463e+01 2.844890e+02
      vertex   1.200000e+01 -4.746233e+01 2.850157e+02
    endloop
  endfacet
  facet normal 0.000000e+00 3.522500e-01 -9.359059e-01
    outer loop
      vertex   2.000000e+01 -4.746233e+01 2.850157e+02
      vertex   1.200000e+01 -4.746233e+01 2.850157e+02
      vertex   2.000000e+01 -4.626807e+01 2.854651e+02
    endloop
  endfacet
  facet normal -6.257218e-16 3.522500e-01 -9.359059e-01
    outer loop
      vertex   2.000000e+01 -4.626807e+01 2.854651e+02
      vertex   1.200000e+01 -4.746233e+01 2.850157e+02
      vertex   1.200000e+01 -4.626807e+01 2.854651e+02
    endloop
  endfacet
  facet normal -5.156492e-16 2.902847e-01 -9.569403e-01
    outer loop
      vertex   2.000000e+01 -4.626807e+01 2.854651e+02
      vertex   1.200000e+01 -4.626807e+01 2.854651e+02
      vertex   2.000000e+01 -4.504697e+01 2.858356e+02
    endloop
  endfacet
  facet normal 0.000000e+00 2.902847e-01 -9.569403e-01
    outer loop
      vertex   2.000000e+01 -4.504697e+01 2.858356e+02
      vertex   1.200000e+01 -4.626807e+01 2.854651e+02
      vertex   1.200000e+01 -4.504697e+01 2.858356e+02
    endloop
  endfacet
  facet normal 0.000000e+00 2.270763e-01 -9.738770e-01
    outer loop
      vertex   2.000000e+01 -4.504697e+01 2.858356e+02
      vertex   1.200000e+01 -4.504697e+01 2.858356e+02
      vertex   2.000000e+01 -4.380426e+01 2.861253e+02
    endloop
  endfacet
  facet normal 0.000000e+00 2.270763e-01 -9.738770e-01
    outer loop
      vertex   2.000000e+01 -4.380426e+01 2.861253e+02
      vertex   1.200000e+01 -4.504697e+01 2.858356e+02
      vertex   1.200000e+01 -4.380426e+01 2.861253e+02
    endloop
  endfacet
  facet normal 0.000000e+00 1.628955e-01 -9.866433e-01
    outer loop
      vertex   2.000000e+01 -4.380426e+01 2.861253e+02
      vertex   1.200000e+01 -4.380426e+01 2.861253e+02
      vertex   2.000000e+01 -4.254526e+01 2.863332e+02
    endloop
  endfacet
  facet normal 0.000000e+00 1.628955e-01 -9.866433e-01
    outer loop
      vertex   2.000000e+01 -4.254526e+01 2.863332e+02
      vertex   1.200000e+01 -4.380426e+01 2.861253e+02
      vertex   1.200000e+01 -4.254526e+01 2.863332e+02
    endloop
  endfacet
  facet normal 0.000000e+00 9.801714e-02 -9.951847e-01
    outer loop
      vertex   2.000000e+01 -4.254526e+01 2.863332e+02
      vertex   1.200000e+01 -4.254526e+01 2.863332e+02
      vertex   2.000000e+01 -4.127536e+01 2.864583e+02
    endloop
  endfacet
  facet normal 0.000000e+00 9.801714e-02 -9.951847e-01
    outer loop
      vertex   2.000000e+01 -4.127536e+01 2.864583e+02
      vertex   1.200000e+01 -4.254526e+01 2.863332e+02
      vertex   1.200000e+01 -4.127536e+01 2.864583e+02
    endloop
  endfacet
  facet normal 0.000000e+00 3.271908e-02 -9.994646e-01
    outer loop
      vertex   2.000000e+01 -4.127536e+01 2.864583e+02
      vertex   1.200000e+01 -4.127536e+01 2.864583e+02
      vertex   2.000000e+01 -4.000000e+01 2.865000e+02
    endloop
  endfacet
  facet normal 0.000000e+00 3.271908e-02 -9.994646e-01
    outer loop
      vertex   2.000000e+01 -4.000000e+01 2.865000e+02
      vertex   1.200000e+01 -4.127536e+01 2.864583e+02
      vertex   1.200000e+01 -4.000000e+01 2.865000e+02
    endloop
  endfacet
  facet normal 0.000000e+00 3.271908e-02 -9.994646e-01
    outer loop
      vertex   -2.000000e+01 -4.000000e+01 2.865000e+02
      vertex   -1.200000e+01 -4.000000e+01 2.865000e+02
      vertex   -2.000000e+01 -4.127536e+01 2.864583e+02
    endloop
  endfacet
  facet normal 0.000000e+00 3.271908e-02 -9.994646e-01
    outer loop
      vertex   -2.000000e+01 -4.127536e+01 2.864583e+02
      vertex   -1.200000e+01 -4.000000e+01 2.865000e+02
      vertex   -1.200000e+01 -4.127536e+01 2.864583e+02
    endloop
  endfacet
  facet normal 0.000000e+00 9.801714e-02 -9.951847e-01
    outer loop
      vertex   -2.000000e+01 -4.127536e+01 2.864583e+02
      vertex   -1.200000e+01 -4.127536e+01 2.864583e+02
      vertex   -2.000000e+01 -4.254526e+01 2.863332e+02
    endloop
  endfacet
  facet normal 0.000000e+00 9.801714e-02 -9.951847e-01
    outer loop
      vertex   -2.000000e+01 -4.254526e+01 2.863332e+02
      vertex   -1.200000e+01 -4.127536e+01 2.864583e+02
      vertex   -1.200000e+01 -4.254526e+01 2.863332e+02
    endloop
  endfacet
  facet normal 0.000000e+00 1.628955e-01 -9.866433e-01
    outer loop
      vertex   -2.000000e+01 -4.254526e+01 2.863332e+02
      vertex   -1.200000e+01 -4.254526e+01 2.863332e+02
      vertex   -2.000000e+01 -4.380426e+01 2.861253e+02
    endloop
  endfacet
  facet normal 0.000000e+00 1.628955e-01 -9.866433e-01
    outer loop
      vertex   -2.000000e+01 -4.380426e+01 2.861253e+02
      vertex   -1.200000e+01 -4.254526e+01 2.863332e+02
      vertex   -1.200000e+01 -4.380426e+01 2.861253e+02
    endloop
  endfacet
  facet normal 0.000000e+00 2.270763e-01 -9.738770e-01
    outer loop
      vertex   -2.000000e+01 -4.380426e+01 2.861253e+02
      vertex   -1.200000e+01 -4.380426e+01 2.861253e+02
      vertex   -2.000000e+01 -4.504697e+01 2.858356e+02
    endloop
  endfacet
  facet normal 0.000000e+00 2.270763e-01 -9.738770e-01
    outer loop
      vertex   -2.000000e+01 -4.504697e+01 2.858356e+02
      vertex   -1.200000e+01 -4.380426e+01 2.861253e+02
      vertex   -1.200000e+01 -4.504697e+01 2.858356e+02
    endloop
  endfacet
  facet normal 0.000000e+00 2.902847e-01 -9.569403e-01
    outer loop
      vertex   -2.000000e+01 -4.504697e+01 2.858356e+02
      vertex   -1.200000e+01 -4.504697e+01 2.858356e+02
      vertex   -2.000000e+01 -4.626807e+01 2.854651e+02
    endloop
  endfacet
  facet normal -5.156492e-16 2.902847e-01 -9.569403e-01
    outer loop
      vertex   -2.000000e+01 -4.626807e+01 2.854651e+02
      vertex   -1.200000e+01 -4.504697e+01 2.858356e+02
      vertex   -1.200000e+01 -4.626807e+01 2.854651e+02
    endloop
  endfacet
  facet normal -6.257218e-16 3.522500e-01 -9.359059e-01
    outer loop
      vertex   -2.000000e+01 -4.626807e+01 2.854651e+02
      vertex   -1.200000e+01 -4.626807e+01 2.854651e+02
      vertex   -2.000000e+01 -4.746233e+01 2.850157e+02
    endloop
  endfacet
  facet normal 0.000000e+00 3.522500e-01 -9.359059e-01
    outer loop
      vertex   -2.000000e+01 -4.746233e+01 2.850157e+02
      vertex   -1.200000e+01 -4.626807e+01 2.854651e+02
      vertex   -1.200000e+01 -4.746233e+01 2.850157e+02
    endloop
  endfacet
  facet normal 0.000000e+00 4.127070e-01 -9.108638e-01
    outer loop
      vertex   -2.000000e+01 -4.746233e+01 2.850157e+02
      vertex   -1.200000e+01 -4.746233e+01 2.850157e+02
      vertex   -2.000000e+01 -4.862463e+01 2.844890e+02
    endloop
  endfacet
  facet normal 0.000000e+00 4.127070e-01 -9.108638e-01
    outer loop
      vertex   -2.000000e+01 -4.862463e+01 2.844890e+02
      vertex   -1.200000e+01 -4.746233e+01 2.850157e+02
      vertex   -1.200000e+01 -4.862463e+01 2.844890e+02
    endloop
  endfacet
  facet normal 0.000000e+00 4.713967e-01 -8.819213e-01
    outer loop
      vertex   -2.000000e+01 -4.862463e+01 2.844890e+02
      vertex   -1.200000e+01 -4.862463e+01 2.844890e+02
      vertex   -2.000000e+01 -4.975000e+01 2.838875e+02
    endloop
  endfacet
  facet normal 0.000000e+00 4.713967e-01 -8.819213e-01
    outer loop
      vertex   -2.000000e+01 -4.975000e+01 2.838875e+02
      vertex   -1.200000e+01 -4.862463e+01 2.844890e+02
      vertex   -1.200000e+01 -4.975000e+01 2.838875e+02
    endloop
  endfacet
  facet normal 0.000000e+00 5.280679e-01 -8.492022e-01
    outer loop
      vertex   -2.000000e+01 -4.975000e+01 2.838875e+02
      vertex   -1.200000e+01 -4.975000e+01 2.838875e+02
      vertex   -2.000000e+01 -5.083362e+01 2.832137e+02
    endloop
  endfacet
  facet normal 0.000000e+00 5.280679e-01 -8.492022e-01
    outer loop
      vertex   -2.000000e+01 -5.083362e+01 2.832137e+02
      vertex   -1.200000e+01 -4.975000e+01 2.838875e+02
      vertex   -1.200000e+01 -5.083362e+01 2.832137e+02
    endloop
  endfacet
  facet normal 0.000000e+00 5.824777e-01 -8.128467e-01
    outer loop
      vertex   -2.000000e+01 -5.083362e+01 2.832137e+02
      vertex   -1.200000e+01 -5.083362e+01 2.832137e+02
      vertex   -2.000000e+01 -5.187085e+01 2.824704e+02
    endloop
  endfacet
  facet normal 0.000000e+00 5.824777e-01 -8.128467e-01
    outer loop
      vertex   -2.000000e+01 -5.187085e+01 2.824704e+02
      vertex   -1.200000e+01 -5.083362e+01 2.832137e+02
      vertex   -1.200000e+01 -5.187085e+01 2.824704e+02
    endloop
  endfacet
  facet normal 0.000000e+00 6.343933e-01 -7.730105e-01
    outer loop
      vertex   -2.000000e+01 -5.187085e+01 2.824704e+02
      vertex   -1.200000e+01 -5.187085e+01 2.824704e+02
      vertex   -2.000000e+01 -5.285724e+01 2.816609e+02
    endloop
  endfacet
  facet normal 0.000000e+00 6.343933e-01 -7.730105e-01
    outer loop
      vertex   -2.000000e+01 -5.285724e+01 2.816609e+02
      vertex   -1.200000e+01 -5.187085e+01 2.824704e+02
      vertex   -1.200000e+01 -5.285724e+01 2.816609e+02
    endloop
  endfacet
  facet normal 0.000000e+00 6.835923e-01 -7.298641e-01
    outer loop
      vertex   -2.000000e+01 -5.285724e+01 2.816609e+02
      vertex   -1.200000e+01 -5.285724e+01 2.816609e+02
      vertex   -2.000000e+01 -5.378858e+01 2.807886e+02
    endloop
  endfacet
  facet normal 0.000000e+00 6.835923e-01 -7.298641e-01
    outer loop
      vertex   -2.000000e+01 -5.378858e+01 2.807886e+02
      vertex   -1.200000e+01 -5.285724e+01 2.816609e+02
      vertex   -1.200000e+01 -5.378858e+01 2.807886e+02
    endloop
  endfacet
  facet normal 0.000000e+00 7.298641e-01 -6.835923e-01
    outer loop
      vertex   -2.000000e+01 -5.378858e+01 2.807886e+02
      vertex   -1.200000e+01 -5.378858e+01 2.807886e+02
      vertex   -2.000000e+01 -5.466088e+01 2.798572e+02
    endloop
  endfacet
  facet normal 0.000000e+00 7.298641e-01 -6.835923e-01
    outer loop
      vertex   -2.000000e+01 -5.466088e+01 2.798572e+02
      vertex   -1.200000e+01 -5.378858e+01 2.807886e+02
      vertex   -1.200000e+01 -5.466088e+01 2.798572e+02
    endloop
  endfacet
  facet normal 0.000000e+00 7.730105e-01 -6.343933e-01
    outer loop
      vertex   -2.000000e+01 -5.466088e+01 2.798572e+02
      vertex   -1.200000e+01 -5.466088e+01 2.798572e+02
      vertex   -2.000000e+01 -5.547039e+01 2.788709e+02
    endloop
  endfacet
  facet normal 0.000000e+00 7.730105e-01 -6.343933e-01
    outer loop
      vertex   -2.000000e+01 -5.547039e+01 2.788709e+02
      vertex   -1.200000e+01 -5.466088e+01 2.798572e+02
      vertex   -1.200000e+01 -5.547039e+01 2.788709e+02
    endloop
  endfacet
  facet normal 0.000000e+00 8.128467e-01 -5.824777e-01
    outer loop
      vertex   -2.000000e+01 -5.547039e+01 2.788709e+02
      vertex   -1.200000e+01 -5.547039e+01 2.788709e+02
      vertex   -2.000000e+01 -5.621366e+01 2.778336e+02
    endloop
  endfacet
  facet normal 0.000000e+00 8.128467e-01 -5.824777e-01
    outer loop
      vertex   -2.000000e+01 -5.621366e+01 2.778336e+02
      vertex   -1.200000e+01 -5.547039e+01 2.788709e+02
      vertex   -1.200000e+01 -5.621366e+01 2.778336e+02
    endloop
  endfacet
  facet normal 0.000000e+00 8.492022e-01 -5.280679e-01
    outer loop
      vertex   -2.000000e+01 -5.621366e+01 2.778336e+02
      vertex   -1.200000e+01 -5.621366e+01 2.778336e+02
      vertex   -2.000000e+01 -5.688750e+01 2.767500e+02
    endloop
  endfacet
  facet normal 0.000000e+00 8.492022e-01 -5.280679e-01
    outer loop
      vertex   -2.000000e+01 -5.688750e+01 2.767500e+02
      vertex   -1.200000e+01 -5.621366e+01 2.778336e+02
      vertex   -1.200000e+01 -5.688750e+01 2.767500e+02
    endloop
  endfacet
  facet normal 0.000000e+00 8.819213e-01 -4.713967e-01
    outer loop
      vertex   -2.000000e+01 -5.688750e+01 2.767500e+02
      vertex   -1.200000e+01 -5.688750e+01 2.767500e+02
      vertex   -2.000000e+01 -5.748902e+01 2.756246e+02
    endloop
  endfacet
  facet normal 0.000000e+00 8.819213e-01 -4.713967e-01
    outer loop
      vertex   -2.000000e+01 -5.748902e+01 2.756246e+02
      vertex   -1.200000e+01 -5.688750e+01 2.767500e+02
      vertex   -1.200000e+01 -5.748902e+01 2.756246e+02
    endloop
  endfacet
  facet normal 0.000000e+00 9.108638e-01 -4.127070e-01
    outer loop
      vertex   -2.000000e+01 -5.748902e+01 2.756246e+02
      vertex   -1.200000e+01 -5.748902e+01 2.756246e+02
      vertex   -2.000000e+01 -5.801565e+01 2.744623e+02
    endloop
  endfacet
  facet normal 0.000000e+00 9.108638e-01 -4.127070e-01
    outer loop
      vertex   -2.000000e+01 -5.801565e+01 2.744623e+02
      vertex   -1.200000e+01 -5.748902e+01 2.756246e+02
      vertex   -1.200000e+01 -5.801565e+01 2.744623e+02
    endloop
  endfacet
  facet normal 0.000000e+00 9.359059e-01 -3.522500e-01
    outer loop
      vertex   -2.000000e+01 -5.801565e+01 2.744623e+02
      vertex   -1.200000e+01 -5.801565e+01 2.744623e+02
      vertex   -2.000000e+01 -5.846514e+01 2.732681e+02
    endloop
  endfacet
  facet normal 2.502887e-15 9.359059e-01 -3.522500e-01
    outer loop
      vertex   -2.000000e+01 -5.846514e+01 2.732681e+02
      vertex   -1.200000e+01 -5.801565e+01 2.744623e+02
      vertex   -1.200000e+01 -5.846514e+01 2.732681e+02
    endloop
  endfacet
  facet normal 2.062597e-15 9.569403e-01 -2.902847e-01
    outer loop
      vertex   -2.000000e+01 -5.846514e+01 2.732681e+02
      vertex   -1.200000e+01 -5.846514e+01 2.732681e+02
      vertex   -2.000000e+01 -5.883555e+01 2.720470e+02
    endloop
  endfacet
  facet normal 0.000000e+00 9.569403e-01 -2.902847e-01
    outer loop
      vertex   -2.000000e+01 -5.883555e+01 2.720470e+02
      vertex   -1.200000e+01 -5.846514e+01 2.732681e+02
      vertex   -1.200000e+01 -5.883555e+01 2.720470e+02
    endloop
  endfacet
  facet normal 0.000000e+00 9.738770e-01 -2.270763e-01
    outer loop
      vertex   -2.000000e+01 -5.883555e+01 2.720470e+02
      vertex   -1.200000e+01 -5.883555e+01 2.720470e+02
      vertex   -2.000000e+01 -5.912531e+01 2.708043e+02
    endloop
  endfacet
  facet normal 0.000000e+00 9.738770e-01 -2.270763e-01
    outer loop
      vertex   -2.000000e+01 -5.912531e+01 2.708043e+02
      vertex   -1.200000e+01 -5.883555e+01 2.720470e+02
      vertex   -1.200000e+01 -5.912531e+01 2.708043e+02
    endloop
  endfacet
  facet normal 0.000000e+00 9.866433e-01 -1.628955e-01
    outer loop
      vertex   -2.000000e+01 -5.912531e+01 2.708043e+02
      vertex   -1.200000e+01 -5.912531e+01 2.708043e+02
      vertex   -2.000000e+01 -5.933318e+01 2.695453e+02
    endloop
  endfacet
  facet normal 0.000000e+00 9.866433e-01 -1.628955e-01
    outer loop
      vertex   -2.000000e+01 -5.933318e+01 2.695453e+02
      vertex   -1.200000e+01 -5.912531e+01 2.708043e+02
      vertex   -1.200000e+01 -5.933318e+01 2.695453e+02
    endloop
  endfacet
  facet normal 0.000000e+00 9.951847e-01 -9.801714e-02
    outer loop
      vertex   -2.000000e+01 -5.933318e+01 2.695453e+02
      vertex   -1.200000e+01 -5.933318e+01 2.695453e+02
      vertex   -2.000000e+01 -5.945825e+01 2.682754e+02
    endloop
  endfacet
  facet normal 0.000000e+00 9.951847e-01 -9.801714e-02
    outer loop
      vertex   -2.000000e+01 -5.945825e+01 2.682754e+02
      vertex   -1.200000e+01 -5.933318e+01 2.695453e+02
      vertex   -1.200000e+01 -5.945825e+01 2.682754e+02
    endloop
  endfacet
  facet normal 0.000000e+00 9.994646e-01 -3.271908e-02
    outer loop
      vertex   -2.000000e+01 -5.945825e+01 2.682754e+02
      vertex   -1.200000e+01 -5.945825e+01 2.682754e+02
      vertex   -2.000000e+01 -5.950000e+01 2.670000e+02
    endloop
  endfacet
  facet normal 0.000000e+00 9.994646e-01 -3.271908e-02
    outer loop
      vertex   -2.000000e+01 -5.950000e+01 2.670000e+02
      vertex   -1.200000e+01 -5.945825e+01 2.682754e+02
      vertex   -1.200000e+01 -5.950000e+01 2.670000e+02
    endloop
  endfacet
  facet normal 0.000000e+00 -1.205367e-01 9.927089e-01
    outer loop
      vertex   -2.000000e+01 -4.000000e+01 2.835000e+02
      vertex   -1.200000e+01 -4.000000e+01 2.835000e+02
      vertex   -2.000000e+01 -3.964103e+01 2.835436e+02
    endloop
  endfacet
  facet normal 0.000000e+00 -1.205367e-01 9.927089e-01
    outer loop
      vertex   -2.000000e+01 -3.964103e+01 2.835436e+02
      vertex   -1.200000e+01 -4.000000e+01 2.835000e+02
      vertex   -1.200000e+01 -3.964103e+01 2.835436e+02
    endloop
  endfacet
  facet normal 0.000000e+00 -3.546049e-01 9.350162e-01
    outer loop
      vertex   -2.000000e+01 -3.964103e+01 2.835436e+02
      vertex   -1.200000e+01 -3.964103e+01 2.835436e+02
      vertex   -2.000000e+01 -3.930292e+01 2.836718e+02
    endloop
  endfacet
  facet normal 0.000000e+00 -3.546049e-01 9.350162e-01
    outer loop
      vertex   -2.000000e+01 -3.930292e+01 2.836718e+02
      vertex   -1.200000e+01 -3.964103e+01 2.835436e+02
      vertex   -1.200000e+01 -3.930292e+01 2.836718e+02
    endloop
  endfacet
  facet normal 0.000000e+00 -5.680647e-01 8.229839e-01
    outer loop
      vertex   -2.000000e+01 -3.930292e+01 2.836718e+02
      vertex   -1.200000e+01 -3.930292e+01 2.836718e+02
      vertex   -2.000000e+01 -3.900532e+01 2.838772e+02
    endloop
  endfacet
  facet normal 0.000000e+00 -5.680647e-01 8.229839e-01
    outer loop
      vertex   -2.000000e+01 -3.900532e+01 2.838772e+02
      vertex   -1.200000e+01 -3.930292e+01 2.836718e+02
      vertex   -1.200000e+01 -3.900532e+01 2.838772e+02
    endloop
  endfacet
  facet normal 0.000000e+00 -7.485107e-01 6.631227e-01
    outer loop
      vertex   -2.000000e+01 -3.900532e+01 2.838772e+02
      vertex   -1.200000e+01 -3.900532e+01 2.838772e+02
      vertex   -2.000000e+01 -3.876552e+01 2.841479e+02
    endloop
  endfacet
  facet normal 0.000000e+00 -7.485107e-01 6.631227e-01
    outer loop
      vertex   -2.000000e+01 -3.876552e+01 2.841479e+02
      vertex   -1.200000e+01 -3.900532e+01 2.838772e+02
      vertex   -1.200000e+01 -3.876552e+01 2.841479e+02
    endloop
  endfacet
  facet normal 0.000000e+00 -8.854560e-01 4.647232e-01
    outer loop
      vertex   -2.000000e+01 -3.876552e+01 2.841479e+02
      vertex   -1.200000e+01 -3.876552e+01 2.841479e+02
      vertex   -2.000000e+01 -3.859748e+01 2.844681e+02
    endloop
  endfacet
  facet normal 0.000000e+00 -8.854560e-01 4.647232e-01
    outer loop
      vertex   -2.000000e+01 -3.859748e+01 2.844681e+02
      vertex   -1.200000e+01 -3.876552e+01 2.841479e+02
      vertex   -1.200000e+01 -3.859748e+01 2.844681e+02
    endloop
  endfacet
  facet normal 0.000000e+00 -9.709418e-01 2.393157e-01
    outer loop
      vertex   -2.000000e+01 -3.859748e+01 2.844681e+02
      vertex   -1.200000e+01 -3.859748e+01 2.844681e+02
      vertex   -2.000000e+01 -3.851094e+01 2.848192e+02
    endloop
  endfacet
  facet normal 0.000000e+00 -9.709418e-01 2.393157e-01
    outer loop
      vertex   -2.000000e+01 -3.851094e+01 2.848192e+02
      vertex   -1.200000e+01 -3.859748e+01 2.844681e+02
      vertex   -1.200000e+01 -3.851094e+01 2.848192e+02
    endloop
  endfacet
  facet normal 0.000000e+00 -1.000000e+00 0.000000e+00
    outer loop
      vertex   -2.000000e+01 -3.851094e+01 2.848192e+02
      vertex   -1.200000e+01 -3.851094e+01 2.848192e+02
      vertex   -2.000000e+01 -3.851094e+01 2.851808e+02
    endloop
  endfacet
  facet normal 0.000000e+00 -1.000000e+00 0.000000e+00
    outer loop
      vertex   -2.000000e+01 -3.851094e+01 2.851808e+02
      vertex   -1.200000e+01 -3.851094e+01 2.848192e+02
      vertex   -1.200000e+01 -3.851094e+01 2.851808e+02
    endloop
  endfacet
  facet normal 0.000000e+00 -9.709418e-01 -2.393157e-01
    outer loop
      vertex   -2.000000e+01 -3.851094e+01 2.851808e+02
      vertex   -1.200000e+01 -3.851094e+01 2.851808e+02
      vertex   -2.000000e+01 -3.859748e+01 2.855319e+02
    endloop
  endfacet
  facet normal 0.000000e+00 -9.709418e-01 -2.393157e-01
    outer loop
      vertex   -2.000000e+01 -3.859748e+01 2.855319e+02
      vertex   -1.200000e+01 -3.851094e+01 2.851808e+02
      vertex   -1.200000e+01 -3.859748e+01 2.855319e+02
    endloop
  endfacet
  facet normal 0.000000e+00 -8.854560e-01 -4.647232e-01
    outer loop
      vertex   -2.000000e+01 -3.859748e+01 2.855319e+02
      vertex   -1.200000e+01 -3.859748e+01 2.855319e+02
      vertex   -2.000000e+01 -3.876552e+01 2.858521e+02
    endloop
  endfacet
  facet normal 0.000000e+00 -8.854560e-01 -4.647232e-01
    outer loop
      vertex   -2.000000e+01 -3.876552e+01 2.858521e+02
      vertex   -1.200000e+01 -3.859748e+01 2.855319e+02
      vertex   -1.200000e+01 -3.876552e+01 2.858521e+02
    endloop
  endfacet
  facet normal 0.000000e+00 -7.485107e-01 -6.631227e-01
    outer loop
      vertex   -2.000000e+01 -3.876552e+01 2.858521e+02
      vertex   -1.200000e+01 -3.876552e+01 2.858521e+02
      vertex   -2.000000e+01 -3.900532e+01 2.861228e+02
    endloop
  endfacet
  facet normal 0.000000e+00 -7.485107e-01 -6.631227e-01
    outer loop
      vertex   -2.000000e+01 -3.900532e+01 2.861228e+02
      vertex   -1.200000e+01 -3.876552e+01 2.858521e+02
      vertex   -1.200000e+01 -3.900532e+01 2.861228e+02
    endloop
  endfacet
  facet normal 0.000000e+00 -5.680647e-01 -8.229839e-01
    outer loop
      vertex   -2.000000e+01 -3.900532e+01 2.861228e+02
      vertex   -1.200000e+01 -3.900532e+01 2.861228e+02
      vertex   -2.000000e+01 -3.930292e+01 2.863282e+02
    endloop
  endfacet
  facet normal 0.000000e+00 -5.680647e-01 -8.229839e-01
    outer loop
      vertex   -2.000000e+01 -3.930292e+01 2.863282e+02
      vertex   -1.200000e+01 -3.900532e+01 2.861228e+02
      vertex   -1.200000e+01 -3.930292e+01 2.863282e+02
    endloop
  endfacet
  facet normal 0.000000e+00 -3.546049e-01 -9.350162e-01
    outer loop
      vertex   -2.000000e+01 -3.930292e+01 2.863282e+02
      vertex   -1.200000e+01 -3.930292e+01 2.863282e+02
      vertex   -2.000000e+01 -3.964103e+01 2.864564e+02
    endloop
  endfacet
  facet normal 0.000000e+00 -3.546049e-01 -9.350162e-01
    outer loop
      vertex   -2.000000e+01 -3.964103e+01 2.864564e+02
      vertex   -1.200000e+01 -3.930292e+01 2.863282e+02
      vertex   -1.200000e+01 -3.964103e+01 2.864564e+02
    endloop
  endfacet
  facet normal 0.000000e+00 -1.205367e-01 -9.927089e-01
    outer loop
      vertex   -2.000000e+01 -3.964103e+01 2.864564e+02
      vertex   -1.200000e+01 -3.964103e+01 2.864564e+02
      vertex   -2.000000e+01 -4.000000e+01 2.865000e+02
    endloop
  endfacet
  facet normal 0.000000e+00 -1.205367e-01 -9.927089e-01
    outer loop
      vertex   -2.000000e+01 -4.000000e+01 2.865000e+02
      vertex   -1.200000e+01 -3.964103e+01 2.864564e+02
      vertex   -1.200000e+01 -4.000000e+01 2.865000e+02
    endloop
  endfacet
  facet normal 0.000000e+00 0.000000e+00 1.000000e+00
    outer loop
      vertex   1.200000e+01 -4.200000e+01 2.989766e+02
      vertex   2.000000e+01 -4.200000e+01 2.989766e+02
      vertex   1.200000e+01 -3.700000e+01 2.989766e+02
    endloop
  endfacet
  facet normal -0.000000e+00 0.000000e+00 1.000000e+00
    outer loop
      vertex   1.200000e+01 -3.700000e+01 2.989766e+02
      vertex   2.000000e+01 -4.200000e+01 2.989766e+02
      vertex   2.000000e+01 -3.700000e+01 2.989766e+02
    endloop
  endfacet
  facet normal -8.370212e-15 1.578984e-15 1.000000e+00
    outer loop
      vertex   -1.200000e+01 -7.300000e+01 2.639766e+02
      vertex   -7.739016e+00 -5.041247e+01 2.639766e+02
      vertex   -1.200000e+01 -3.700000e+01 2.639766e+02
    endloop
  endfacet
  facet normal -1.334044e-14 0.000000e+00 1.000000e+00
    outer loop
      vertex   -1.200000e+01 -3.700000e+01 2.639766e+02
      vertex   -7.739016e+00 -5.041247e+01 2.639766e+02
      vertex   -7.739016e+00 -4.958753e+01 2.639766e+02
    endloop
  endfacet
  facet normal -1.013870e-14 1.083818e-15 1.000000e+00
    outer loop
      vertex   -1.200000e+01 -3.700000e+01 2.639766e+02
      vertex   -7.739016e+00 -4.958753e+01 2.639766e+02
      vertex   -7.651330e+00 -4.876726e+01 2.639766e+02
    endloop
  endfacet
  facet normal 0.000000e+00 0.000000e+00 1.000000e+00
    outer loop
      vertex   1.200000e+01 -7.300000e+01 2.639766e+02
      vertex   -2.063090e-01 -5.774725e+01 2.639766e+02
      vertex   -1.200000e+01 -7.300000e+01 2.639766e+02
    endloop
  endfacet
  facet normal 0.000000e+00 0.000000e+00 1.000000e+00
    outer loop
      vertex   -1.200000e+01 -7.300000e+01 2.639766e+02
      vertex   -2.063090e-01 -5.774725e+01 2.639766e+02
      vertex   -1.028623e+00 -5.768144e+01 2.639766e+02
    endloop
  endfacet
  facet normal 0.000000e+00 0.000000e+00 1.000000e+00
    outer loop
      vertex   -1.200000e+01 -7.300000e+01 2.639766e+02
      vertex   -1.028623e+00 -5.768144e+01 2.639766e+02
      vertex   -1.839282e+00 -5.752858e+01 2.639766e+02
    endloop
  endfacet
  facet normal 8.154791e-15 1.578984e-15 1.000000e+00
    outer loop
      vertex   1.200000e+01 -3.700000e+01 2.639766e+02
      vertex   7.706095e+00 -5.082378e+01 2.639766e+02
      vertex   1.200000e+01 -7.300000e+01 2.639766e+02
    endloop
  endfacet
  facet normal 0.000000e+00 0.000000e+00 1.000000e+00
    outer loop
      vertex   1.200000e+01 -7.300000e+01 2.639766e+02
      vertex   7.706095e+00 -5.082378e+01 2.639766e+02
      vertex   7.574876e+00 -5.163822e+01 2.639766e+02
    endloop
  endfacet
  facet normal 0.000000e+00 0.000000e+00 1.000000e+00
    outer loop
      vertex   1.200000e+01 -7.300000e+01 2.639766e+02
      vertex   7.574876e+00 -5.163822e+01 2.639766e+02
      vertex   7.357831e+00 -5.243410e+01 2.639766e+02
    endloop
  endfacet
  facet normal -0.000000e+00 1.082166e-14 1.000000e+00
    outer loop
      vertex   -1.200000e+01 -3.700000e+01 2.639766e+02
      vertex   -2.063090e-01 -4.225275e+01 2.639766e+02
      vertex   1.200000e+01 -3.700000e+01 2.639766e+02
    endloop
  endfacet
  facet normal 2.713862e-16 1.019101e-14 1.000000e+00
    outer loop
      vertex   1.200000e+01 -3.700000e+01 2.639766e+02
      vertex   -2.063090e-01 -4.225275e+01 2.639766e+02
      vertex   6.183423e-01 -4.227471e+01 2.639766e+02
    endloop
  endfacet
  facet normal 1.119593e-15 8.360768e-15 1.000000e+00
    outer loop
      vertex   1.200000e+01 -3.700000e+01 2.639766e+02
      vertex   6.183423e-01 -4.227471e+01 2.639766e+02
      vertex   1.435988e+00 -4.238420e+01 2.639766e+02
    endloop
  endfacet
  facet normal 1.150008e-14 6.129281e-16 1.000000e+00
    outer loop
      vertex   7.706095e+00 -4.917623e+01 2.639766e+02
      vertex   7.750000e+00 -5.000000e+01 2.639766e+02
      vertex   1.200000e+01 -3.700000e+01 2.639766e+02
    endloop
  endfacet
  facet normal 1.598014e-14 -8.517047e-16 1.000000e+00
    outer loop
      vertex   1.200000e+01 -3.700000e+01 2.639766e+02
      vertex   7.750000e+00 -5.000000e+01 2.639766e+02
      vertex   7.706095e+00 -5.082378e+01 2.639766e+02
    endloop
  endfacet
  facet normal 0.000000e+00 0.000000e+00 1.000000e+00
    outer loop
      vertex   7.357831e+00 -5.243410e+01 2.639766e+02
      vertex   7.057419e+00 -5.320240e+01 2.639766e+02
      vertex   1.200000e+01 -7.300000e+01 2.639766e+02
    endloop
  endfacet
  facet normal 0.000000e+00 0.000000e+00 1.000000e+00
    outer loop
      vertex   1.200000e+01 -7.300000e+01 2.639766e+02
      vertex   7.057419e+00 -5.320240e+01 2.639766e+02
      vertex   6.677044e+00 -5.393441e+01 2.639766e+02
    endloop
  endfacet
  facet normal 0.000000e+00 0.000000e+00 1.000000e+00
    outer loop
      vertex   1.200000e+01 -7.300000e+01 2.639766e+02
      vertex   6.677044e+00 -5.393441e+01 2.639766e+02
      vertex   6.221015e+00 -5.462185e+01 2.639766e+02
    endloop
  endfacet
  facet normal 0.000000e+00 0.000000e+00 1.000000e+00
    outer loop
      vertex   6.221015e+00 -5.462185e+01 2.639766e+02
      vertex   5.694500e+00 -5.525692e+01 2.639766e+02
      vertex   1.200000e+01 -7.300000e+01 2.639766e+02
    endloop
  endfacet
  facet normal 0.000000e+00 0.000000e+00 1.000000e+00
    outer loop
      vertex   1.200000e+01 -7.300000e+01 2.639766e+02
      vertex   5.694500e+00 -5.525692e+01 2.639766e+02
      vertex   5.103463e+00 -5.583242e+01 2.639766e+02
    endloop
  endfacet
  facet normal 0.000000e+00 0.000000e+00 1.000000e+00
    outer loop
      vertex   1.200000e+01 -7.300000e+01 2.639766e+02
      vertex   5.103463e+00 -5.583242e+01 2.639766e+02
      vertex   4.454602e+00 -5.634185e+01 2.639766e+02
    endloop
  endfacet
  facet normal 0.000000e+00 0.000000e+00 1.000000e+00
    outer loop
      vertex   4.454602e+00 -5.634185e+01 2.639766e+02
      vertex   3.755269e+00 -5.677941e+01 2.639766e+02
      vertex   1.200000e+01 -7.300000e+01 2.639766e+02
    endloop
  endfacet
  facet normal 0.000000e+00 0.000000e+00 1.000000e+00
    outer loop
      vertex   1.200000e+01 -7.300000e+01 2.639766e+02
      vertex   3.755269e+00 -5.677941e+01 2.639766e+02
      vertex   3.013387e+00 -5.714017e+01 2.639766e+02
    endloop
  endfacet
  facet normal 0.000000e+00 0.000000e+00 1.000000e+00
    outer loop
      vertex   1.200000e+01 -7.300000e+01 2.639766e+02
      vertex   3.013387e+00 -5.714017e+01 2.639766e+02
      vertex   2.237363e+00 -5.742002e+01 2.639766e+02
    endloop
  endfacet
  facet normal 0.000000e+00 0.000000e+00 1.000000e+00
    outer loop
      vertex   2.237363e+00 -5.742002e+01 2.639766e+02
      vertex   1.435988e+00 -5.761580e+01 2.639766e+02
      vertex   1.200000e+01 -7.300000e+01 2.639766e+02
    endloop
  endfacet
  facet normal 0.000000e+00 0.000000e+00 1.000000e+00
    outer loop
      vertex   1.200000e+01 -7.300000e+01 2.639766e+02
      vertex   1.435988e+00 -5.761580e+01 2.639766e+02
      vertex   6.183423e-01 -5.772529e+01 2.639766e+02
    endloop
  endfacet
  facet normal 0.000000e+00 0.000000e+00 1.000000e+00
    outer loop
      vertex   1.200000e+01 -7.300000e+01 2.639766e+02
      vertex   6.183423e-01 -5.772529e+01 2.639766e+02
      vertex   -2.063090e-01 -5.774725e+01 2.639766e+02
    endloop
  endfacet
  facet normal 0.000000e+00 0.000000e+00 1.000000e+00
    outer loop
      vertex   -1.839282e+00 -5.752858e+01 2.639766e+02
      vertex   -2.629101e+00 -5.729043e+01 2.639766e+02
      vertex   -1.200000e+01 -7.300000e+01 2.639766e+02
    endloop
  endfacet
  facet normal 0.000000e+00 0.000000e+00 1.000000e+00
    outer loop
      vertex   -1.200000e+01 -7.300000e+01 2.639766e+02
      vertex   -2.629101e+00 -5.729043e+01 2.639766e+02
      vertex   -3.389132e+00 -5.696967e+01 2.639766e+02
    endloop
  endfacet
  facet normal 0.000000e+00 0.000000e+00 1.000000e+00
    outer loop
      vertex   -1.200000e+01 -7.300000e+01 2.639766e+02
      vertex   -3.389132e+00 -5.696967e+01 2.639766e+02
      vertex   -4.110762e+00 -5.656994e+01 2.639766e+02
    endloop
  endfacet
  facet normal 0.000000e+00 0.000000e+00 1.000000e+00
    outer loop
      vertex   -4.110762e+00 -5.656994e+01 2.639766e+02
      vertex   -4.785816e+00 -5.609578e+01 2.639766e+02
      vertex   -1.200000e+01 -7.300000e+01 2.639766e+02
    endloop
  endfacet
  facet normal 0.000000e+00 0.000000e+00 1.000000e+00
    outer loop
      vertex   -1.200000e+01 -7.300000e+01 2.639766e+02
      vertex   -4.785816e+00 -5.609578e+01 2.639766e+02
      vertex   -5.406644e+00 -5.555254e+01 2.639766e+02
    endloop
  endfacet
  facet normal 0.000000e+00 0.000000e+00 1.000000e+00
    outer loop
      vertex   -1.200000e+01 -7.300000e+01 2.639766e+02
      vertex   -5.406644e+00 -5.555254e+01 2.639766e+02
      vertex   -5.966213e+00 -5.494639e+01 2.639766e+02
    endloop
  endfacet
  facet normal 0.000000e+00 0.000000e+00 1.000000e+00
    outer loop
      vertex   -5.966213e+00 -5.494639e+01 2.639766e+02
      vertex   -6.458183e+00 -5.428420e+01 2.639766e+02
      vertex   -1.200000e+01 -7.300000e+01 2.639766e+02
    endloop
  endfacet
  facet normal 0.000000e+00 0.000000e+00 1.000000e+00
    outer loop
      vertex   -1.200000e+01 -7.300000e+01 2.639766e+02
      vertex   -6.458183e+00 -5.428420e+01 2.639766e+02
      vertex   -6.876979e+00 -5.357347e+01 2.639766e+02
    endloop
  endfacet
  facet normal 0.000000e+00 0.000000e+00 1.000000e+00
    outer loop
      vertex   -1.200000e+01 -7.300000e+01 2.639766e+02
      vertex   -6.876979e+00 -5.357347e+01 2.639766e+02
      vertex   -7.217855e+00 -5.282225e+01 2.639766e+02
    endloop
  endfacet
  facet normal 0.000000e+00 0.000000e+00 1.000000e+00
    outer loop
      vertex   -7.217855e+00 -5.282225e+01 2.639766e+02
      vertex   -7.476951e+00 -5.203905e+01 2.639766e+02
      vertex   -1.200000e+01 -7.300000e+01 2.639766e+02
    endloop
  endfacet
  facet normal 0.000000e+00 0.000000e+00 1.000000e+00
    outer loop
      vertex   -1.200000e+01 -7.300000e+01 2.639766e+02
      vertex   -7.476951e+00 -5.203905e+01 2.639766e+02
      vertex   -7.651330e+00 -5.123274e+01 2.639766e+02
    endloop
  endfacet
  facet normal 0.000000e+00 0.000000e+00 1.000000e+00
    outer loop
      vertex   -1.200000e+01 -7.300000e+01 2.639766e+02
      vertex   -7.651330e+00 -5.123274e+01 2.639766e+02
      vertex   -7.739016e+00 -5.041247e+01 2.639766e+02
    endloop
  endfacet
  facet normal -8.245860e-15 1.783329e-15 1.000000e+00
    outer loop
      vertex   -7.651330e+00 -4.876726e+01 2.639766e+02
      vertex   -7.476951e+00 -4.796096e+01 2.639766e+02
      vertex   -1.200000e+01 -3.700000e+01 2.639766e+02
    endloop
  endfacet
  facet normal -6.975408e-15 2.307582e-15 1.000000e+00
    outer loop
      vertex   -1.200000e+01 -3.700000e+01 2.639766e+02
      vertex   -7.476951e+00 -4.796096e+01 2.639766e+02
      vertex   -7.217855e+00 -4.717776e+01 2.639766e+02
    endloop
  endfacet
  facet normal -6.046894e-15 2.743856e-15 1.000000e+00
    outer loop
      vertex   -1.200000e+01 -3.700000e+01 2.639766e+02
      vertex   -7.217855e+00 -4.717776e+01 2.639766e+02
      vertex   -6.876979e+00 -4.642653e+01 2.639766e+02
    endloop
  endfacet
  facet normal -5.323638e-15 3.136923e-15 1.000000e+00
    outer loop
      vertex   -6.876979e+00 -4.642653e+01 2.639766e+02
      vertex   -6.458183e+00 -4.571580e+01 2.639766e+02
      vertex   -1.200000e+01 -3.700000e+01 2.639766e+02
    endloop
  endfacet
  facet normal -4.730195e-15 3.514255e-15 1.000000e+00
    outer loop
      vertex   -1.200000e+01 -3.700000e+01 2.639766e+02
      vertex   -6.458183e+00 -4.571580e+01 2.639766e+02
      vertex   -5.966213e+00 -4.505361e+01 2.639766e+02
    endloop
  endfacet
  facet normal -4.220462e-15 3.896149e-15 1.000000e+00
    outer loop
      vertex   -1.200000e+01 -3.700000e+01 2.639766e+02
      vertex   -5.966213e+00 -4.505361e+01 2.639766e+02
      vertex   -5.406644e+00 -4.444746e+01 2.639766e+02
    endloop
  endfacet
  facet normal -3.763322e-15 4.300862e-15 1.000000e+00
    outer loop
      vertex   -5.406644e+00 -4.444746e+01 2.639766e+02
      vertex   -4.785816e+00 -4.390423e+01 2.639766e+02
      vertex   -1.200000e+01 -3.700000e+01 2.639766e+02
    endloop
  endfacet
  facet normal -3.335203e-15 4.748201e-15 1.000000e+00
    outer loop
      vertex   -1.200000e+01 -3.700000e+01 2.639766e+02
      vertex   -4.785816e+00 -4.390423e+01 2.639766e+02
      vertex   -4.110762e+00 -4.343006e+01 2.639766e+02
    endloop
  endfacet
  facet normal -2.915426e-15 5.263239e-15 1.000000e+00
    outer loop
      vertex   -1.200000e+01 -3.700000e+01 2.639766e+02
      vertex   -4.110762e+00 -4.343006e+01 2.639766e+02
      vertex   -3.389132e+00 -4.303033e+01 2.639766e+02
    endloop
  endfacet
  facet normal -2.482285e-15 5.881731e-15 1.000000e+00
    outer loop
      vertex   -3.389132e+00 -4.303033e+01 2.639766e+02
      vertex   -2.629101e+00 -4.270957e+01 2.639766e+02
      vertex   -1.200000e+01 -3.700000e+01 2.639766e+02
    endloop
  endfacet
  facet normal -2.008161e-15 6.659893e-15 1.000000e+00
    outer loop
      vertex   -1.200000e+01 -3.700000e+01 2.639766e+02
      vertex   -2.629101e+00 -4.270957e+01 2.639766e+02
      vertex   -1.839282e+00 -4.247142e+01 2.639766e+02
    endloop
  endfacet
  facet normal -1.450881e-15 7.694791e-15 1.000000e+00
    outer loop
      vertex   -1.200000e+01 -3.700000e+01 2.639766e+02
      vertex   -1.839282e+00 -4.247142e+01 2.639766e+02
      vertex   -1.028623e+00 -4.231857e+01 2.639766e+02
    endloop
  endfacet
  facet normal -7.342293e-16 9.173133e-15 1.000000e+00
    outer loop
      vertex   -1.028623e+00 -4.231857e+01 2.639766e+02
      vertex   -2.063090e-01 -4.225275e+01 2.639766e+02
      vertex   -1.200000e+01 -3.700000e+01 2.639766e+02
    endloop
  endfacet
  facet normal 1.743518e-15 7.136600e-15 1.000000e+00
    outer loop
      vertex   1.435988e+00 -4.238420e+01 2.639766e+02
      vertex   2.237363e+00 -4.257998e+01 2.639766e+02
      vertex   1.200000e+01 -3.700000e+01 2.639766e+02
    endloop
  endfacet
  facet normal 2.252494e-15 6.246105e-15 1.000000e+00
    outer loop
      vertex   1.200000e+01 -3.700000e+01 2.639766e+02
      vertex   2.237363e+00 -4.257998e+01 2.639766e+02
      vertex   3.013387e+00 -4.285983e+01 2.639766e+02
    endloop
  endfacet
  facet normal 2.702041e-15 5.556682e-15 1.000000e+00
    outer loop
      vertex   1.200000e+01 -3.700000e+01 2.639766e+02
      vertex   3.013387e+00 -4.285983e+01 2.639766e+02
      vertex   3.755269e+00 -4.322059e+01 2.639766e+02
    endloop
  endfacet
  facet normal 3.125556e-15 4.995357e-15 1.000000e+00
    outer loop
      vertex   3.755269e+00 -4.322059e+01 2.639766e+02
      vertex   4.454602e+00 -4.365815e+01 2.639766e+02
      vertex   1.200000e+01 -3.700000e+01 2.639766e+02
    endloop
  endfacet
  facet normal 3.546950e-15 4.517810e-15 1.000000e+00
    outer loop
      vertex   1.200000e+01 -3.700000e+01 2.639766e+02
      vertex   4.454602e+00 -4.365815e+01 2.639766e+02
      vertex   5.103463e+00 -4.416758e+01 2.639766e+02
    endloop
  endfacet
  facet normal 3.986906e-15 4.094490e-15 1.000000e+00
    outer loop
      vertex   1.200000e+01 -3.700000e+01 2.639766e+02
      vertex   5.103463e+00 -4.416758e+01 2.639766e+02
      vertex   5.694500e+00 -4.474308e+01 2.639766e+02
    endloop
  endfacet
  facet normal 4.467053e-15 3.703488e-15 1.000000e+00
    outer loop
      vertex   5.694500e+00 -4.474308e+01 2.639766e+02
      vertex   6.221015e+00 -4.537815e+01 2.639766e+02
      vertex   1.200000e+01 -3.700000e+01 2.639766e+02
    endloop
  endfacet
  facet normal 5.014041e-15 3.326192e-15 1.000000e+00
    outer loop
      vertex   1.200000e+01 -3.700000e+01 2.639766e+02
      vertex   6.221015e+00 -4.537815e+01 2.639766e+02
      vertex   6.677044e+00 -4.606559e+01 2.639766e+02
    endloop
  endfacet
  facet normal 5.665258e-15 2.943824e-15 1.000000e+00
    outer loop
      vertex   1.200000e+01 -3.700000e+01 2.639766e+02
      vertex   6.677044e+00 -4.606559e+01 2.639766e+02
      vertex   7.057419e+00 -4.679761e+01 2.639766e+02
    endloop
  endfacet
  facet normal 6.478968e-15 2.533333e-15 1.000000e+00
    outer loop
      vertex   7.057419e+00 -4.679761e+01 2.639766e+02
      vertex   7.357831e+00 -4.756591e+01 2.639766e+02
      vertex   1.200000e+01 -3.700000e+01 2.639766e+02
    endloop
  endfacet
  facet normal 7.555344e-15 2.060423e-15 1.000000e+00
    outer loop
      vertex   1.200000e+01 -3.700000e+01 2.639766e+02
      vertex   7.357831e+00 -4.756591e+01 2.639766e+02
      vertex   7.574876e+00 -4.836179e+01 2.639766e+02
    endloop
  endfacet
  facet normal 9.086696e-15 1.464001e-15 1.000000e+00
    outer loop
      vertex   1.200000e+01 -3.700000e+01 2.639766e+02
      vertex   7.574876e+00 -4.836179e+01 2.639766e+02
      vertex   7.706095e+00 -4.917623e+01 2.639766e+02
    endloop
  endfacet
  facet normal 2.133746e-01 9.769702e-01 7.103742e-04
    outer loop
      vertex   -1.569588e+00 -5.758946e+01 2.566918e+02
      vertex   -1.839282e+00 -5.752858e+01 2.539766e+02
      vertex   -1.600000e+00 -5.758304e+01 2.570000e+02
    endloop
  endfacet
  facet normal 2.219170e-01 9.750656e-01 -1.385512e-15
    outer loop
      vertex   -1.600000e+00 -5.758304e+01 2.570000e+02
      vertex   -1.839282e+00 -5.752858e+01 2.539766e+02
      vertex   -1.839282e+00 -5.752858e+01 2.639766e+02
    endloop
  endfacet
  facet normal 2.104824e-01 9.775976e-01 -4.119467e-04
    outer loop
      vertex   -1.600000e+00 -5.758304e+01 2.570000e+02
      vertex   -1.839282e+00 -5.752858e+01 2.639766e+02
      vertex   -1.569588e+00 -5.758946e+01 2.573082e+02
    endloop
  endfacet
  facet normal 1.988404e-01 9.800315e-01 -9.050127e-04
    outer loop
      vertex   -1.569588e+00 -5.758946e+01 2.573082e+02
      vertex   -1.839282e+00 -5.752858e+01 2.639766e+02
      vertex   -1.477882e+00 -5.760778e+01 2.576131e+02
    endloop
  endfacet
  facet normal 1.839655e-01 9.829311e-01 -1.785883e-03
    outer loop
      vertex   -1.477882e+00 -5.760778e+01 2.576131e+02
      vertex   -1.839282e+00 -5.752858e+01 2.639766e+02
      vertex   -1.327140e+00 -5.763549e+01 2.578929e+02
    endloop
  endfacet
  facet normal 1.852885e-01 9.826828e-01 -1.670152e-03
    outer loop
      vertex   -1.327140e+00 -5.763549e+01 2.578929e+02
      vertex   -1.839282e+00 -5.752858e+01 2.639766e+02
      vertex   -1.028623e+00 -5.768144e+01 2.639766e+02
    endloop
  endfacet
  facet normal 1.592220e-01 9.872427e-01 -3.566604e-04
    outer loop
      vertex   -1.327140e+00 -5.763549e+01 2.578929e+02
      vertex   -1.028623e+00 -5.768144e+01 2.639766e+02
      vertex   -1.131398e+00 -5.766697e+01 2.581313e+02
    endloop
  endfacet
  facet normal 1.302403e-01 9.914824e-01 1.634057e-04
    outer loop
      vertex   -1.131398e+00 -5.766697e+01 2.581313e+02
      vertex   -1.028623e+00 -5.768144e+01 2.639766e+02
      vertex   -8.929943e-01 -5.769832e+01 2.583271e+02
    endloop
  endfacet
  facet normal 9.773442e-02 9.952123e-01 -6.281194e-04
    outer loop
      vertex   -8.929943e-01 -5.769832e+01 2.583271e+02
      vertex   -1.028623e+00 -5.768144e+01 2.639766e+02
      vertex   -6.131154e-01 -5.772571e+01 2.584779e+02
    endloop
  endfacet
  facet normal 7.978595e-02 9.968100e-01 -1.997249e-03
    outer loop
      vertex   -6.131154e-01 -5.772571e+01 2.584779e+02
      vertex   -1.028623e+00 -5.768144e+01 2.639766e+02
      vertex   -2.063090e-01 -5.774725e+01 2.639766e+02
    endloop
  endfacet
  facet normal 5.910559e-02 9.982516e-01 -4.616263e-04
    outer loop
      vertex   -6.131154e-01 -5.772571e+01 2.584779e+02
      vertex   -2.063090e-01 -5.774725e+01 2.639766e+02
      vertex   -3.082449e-01 -5.774372e+01 2.585696e+02
    endloop
  endfacet
  facet normal 2.034792e-02 9.997929e-01 2.700627e-04
    outer loop
      vertex   -3.082449e-01 -5.774372e+01 2.585696e+02
      vertex   -2.063090e-01 -5.774725e+01 2.639766e+02
      vertex   4.967092e-15 -5.775000e+01 2.586000e+02
    endloop
  endfacet
  facet normal -2.050251e-02 9.997890e-01 -1.297438e-03
    outer loop
      vertex   4.967092e-15 -5.775000e+01 2.586000e+02
      vertex   -2.063090e-01 -5.774725e+01 2.639766e+02
      vertex   3.082449e-01 -5.774372e+01 2.585696e+02
    endloop
  endfacet
  facet normal -2.662047e-02 9.996438e-01 -1.879745e-03
    outer loop
      vertex   3.082449e-01 -5.774372e+01 2.585696e+02
      vertex   -2.063090e-01 -5.774725e+01 2.639766e+02
      vertex   6.183423e-01 -5.772529e+01 2.639766e+02
    endloop
  endfacet
  facet normal -5.897307e-02 9.982596e-01 -1.957118e-05
    outer loop
      vertex   3.082449e-01 -5.774372e+01 2.585696e+02
      vertex   6.183423e-01 -5.772529e+01 2.639766e+02
      vertex   6.131154e-01 -5.772571e+01 2.584779e+02
    endloop
  endfacet
  facet normal -9.739014e-02 9.952463e-01 1.717493e-05
    outer loop
      vertex   6.131154e-01 -5.772571e+01 2.584779e+02
      vertex   6.183423e-01 -5.772529e+01 2.639766e+02
      vertex   8.929943e-01 -5.769832e+01 2.583271e+02
    endloop
  endfacet
  facet normal -1.317205e-01 9.912855e-01 -1.670720e-03
    outer loop
      vertex   8.929943e-01 -5.769832e+01 2.583271e+02
      vertex   6.183423e-01 -5.772529e+01 2.639766e+02
      vertex   1.131398e+00 -5.766697e+01 2.581313e+02
    endloop
  endfacet
  facet normal -1.327253e-01 9.911513e-01 -1.760257e-03
    outer loop
      vertex   1.131398e+00 -5.766697e+01 2.581313e+02
      vertex   6.183423e-01 -5.772529e+01 2.639766e+02
      vertex   1.435988e+00 -5.761580e+01 2.639766e+02
    endloop
  endfacet
  facet normal -1.592093e-01 9.872448e-01 -3.460057e-04
    outer loop
      vertex   1.131398e+00 -5.766697e+01 2.581313e+02
      vertex   1.435988e+00 -5.761580e+01 2.639766e+02
      vertex   1.327140e+00 -5.763549e+01 2.578929e+02
    endloop
  endfacet
  facet normal -1.806699e-01 9.835438e-01 4.993740e-05
    outer loop
      vertex   1.327140e+00 -5.763549e+01 2.578929e+02
      vertex   1.435988e+00 -5.761580e+01 2.639766e+02
      vertex   1.477882e+00 -5.760778e+01 2.576131e+02
    endloop
  endfacet
  facet normal -1.961260e-01 9.805787e-01 -5.555408e-05
    outer loop
      vertex   1.477882e+00 -5.760778e+01 2.576131e+02
      vertex   1.435988e+00 -5.761580e+01 2.639766e+02
      vertex   1.569588e+00 -5.758946e+01 2.573082e+02
    endloop
  endfacet
  facet normal -2.097896e-01 9.777465e-01 -3.404927e-04
    outer loop
      vertex   1.569588e+00 -5.758946e+01 2.573082e+02
      vertex   1.435988e+00 -5.761580e+01 2.639766e+02
      vertex   1.600000e+00 -5.758304e+01 2.570000e+02
    endloop
  endfacet
  facet normal -2.373266e-01 9.714294e-01 -1.017524e-03
    outer loop
      vertex   1.600000e+00 -5.758304e+01 2.570000e+02
      vertex   1.435988e+00 -5.761580e+01 2.639766e+02
      vertex   2.237363e+00 -5.742002e+01 2.639766e+02
    endloop
  endfacet
  facet normal -2.477951e-01 9.688125e-01 -2.065171e-15
    outer loop
      vertex   1.600000e+00 -5.758304e+01 2.570000e+02
      vertex   2.237363e+00 -5.742002e+01 2.639766e+02
      vertex   2.237363e+00 -5.742002e+01 2.539766e+02
    endloop
  endfacet
  facet normal -3.392389e-01 9.407003e-01 -2.005223e-15
    outer loop
      vertex   2.237363e+00 -5.742002e+01 2.539766e+02
      vertex   2.237363e+00 -5.742002e+01 2.639766e+02
      vertex   3.013387e+00 -5.714017e+01 2.539766e+02
    endloop
  endfacet
  facet normal -3.392389e-01 9.407003e-01 -1.336815e-15
    outer loop
      vertex   3.013387e+00 -5.714017e+01 2.539766e+02
      vertex   2.237363e+00 -5.742002e+01 2.639766e+02
      vertex   3.013387e+00 -5.714017e+01 2.639766e+02
    endloop
  endfacet
  facet normal -4.373073e-01 8.993121e-01 -1.277999e-15
    outer loop
      vertex   3.013387e+00 -5.714017e+01 2.539766e+02
      vertex   3.013387e+00 -5.714017e+01 2.639766e+02
      vertex   3.755269e+00 -5.677941e+01 2.539766e+02
    endloop
  endfacet
  facet normal -4.373073e-01 8.993121e-01 -1.277999e-15
    outer loop
      vertex   3.755269e+00 -5.677941e+01 2.539766e+02
      vertex   3.013387e+00 -5.714017e+01 2.639766e+02
      vertex   3.755269e+00 -5.677941e+01 2.639766e+02
    endloop
  endfacet
  facet normal -5.304209e-01 8.477344e-01 -1.204703e-15
    outer loop
      vertex   3.755269e+00 -5.677941e+01 2.539766e+02
      vertex   3.755269e+00 -5.677941e+01 2.639766e+02
      vertex   4.454602e+00 -5.634185e+01 2.539766e+02
    endloop
  endfacet
  facet normal -5.304209e-01 8.477344e-01 -1.204703e-15
    outer loop
      vertex   4.454602e+00 -5.634185e+01 2.539766e+02
      vertex   3.755269e+00 -5.677941e+01 2.639766e+02
      vertex   4.454602e+00 -5.634185e+01 2.639766e+02
    endloop
  endfacet
  facet normal -6.175246e-01 7.865516e-01 -1.117757e-15
    outer loop
      vertex   4.454602e+00 -5.634185e+01 2.539766e+02
      vertex   4.454602e+00 -5.634185e+01 2.639766e+02
      vertex   5.103463e+00 -5.583242e+01 2.539766e+02
    endloop
  endfacet
  facet normal -6.175246e-01 7.865516e-01 -1.117757e-15
    outer loop
      vertex   5.103463e+00 -5.583242e+01 2.539766e+02
      vertex   4.454602e+00 -5.634185e+01 2.639766e+02
      vertex   5.103463e+00 -5.583242e+01 2.639766e+02
    endloop
  endfacet
  facet normal -6.976315e-01 7.164567e-01 -1.018146e-15
    outer loop
      vertex   5.103463e+00 -5.583242e+01 2.539766e+02
      vertex   5.103463e+00 -5.583242e+01 2.639766e+02
      vertex   5.694500e+00 -5.525692e+01 2.539766e+02
    endloop
  endfacet
  facet normal -6.976315e-01 7.164567e-01 -1.018146e-15
    outer loop
      vertex   5.694500e+00 -5.525692e+01 2.539766e+02
      vertex   5.103463e+00 -5.583242e+01 2.639766e+02
      vertex   5.694500e+00 -5.525692e+01 2.639766e+02
    endloop
  endfacet
  facet normal -7.698340e-01 6.382442e-01 -9.069995e-16
    outer loop
      vertex   5.694500e+00 -5.525692e+01 2.539766e+02
      vertex   5.694500e+00 -5.525692e+01 2.639766e+02
      vertex   6.221015e+00 -5.462185e+01 2.539766e+02
    endloop
  endfacet
  facet normal -7.698340e-01 6.382442e-01 -9.069995e-16
    outer loop
      vertex   6.221015e+00 -5.462185e+01 2.539766e+02
      vertex   5.694500e+00 -5.525692e+01 2.639766e+02
      vertex   6.221015e+00 -5.462185e+01 2.639766e+02
    endloop
  endfacet
  facet normal -8.333139e-01 5.528001e-01 -7.855761e-16
    outer loop
      vertex   6.221015e+00 -5.462185e+01 2.539766e+02
      vertex   6.221015e+00 -5.462185e+01 2.639766e+02
      vertex   6.677044e+00 -5.393441e+01 2.539766e+02
    endloop
  endfacet
  facet normal -8.333139e-01 5.528001e-01 -1.178364e-15
    outer loop
      vertex   6.677044e+00 -5.393441e+01 2.539766e+02
      vertex   6.221015e+00 -5.462185e+01 2.639766e+02
      vertex   6.677044e+00 -5.393441e+01 2.639766e+02
    endloop
  endfacet
  facet normal -8.873521e-01 4.610925e-01 -9.828778e-16
    outer loop
      vertex   6.677044e+00 -5.393441e+01 2.539766e+02
      vertex   6.677044e+00 -5.393441e+01 2.639766e+02
      vertex   7.057419e+00 -5.320240e+01 2.539766e+02
    endloop
  endfacet
  facet normal -8.873521e-01 4.610925e-01 -9.828778e-16
    outer loop
      vertex   7.057419e+00 -5.320240e+01 2.539766e+02
      vertex   6.677044e+00 -5.393441e+01 2.639766e+02
      vertex   7.057419e+00 -5.320240e+01 2.639766e+02
    endloop
  endfacet
  facet normal -9.313362e-01 3.641606e-01 -7.762550e-16
    outer loop
      vertex   7.057419e+00 -5.320240e+01 2.539766e+02
      vertex   7.057419e+00 -5.320240e+01 2.639766e+02
      vertex   7.357831e+00 -5.243410e+01 2.539766e+02
    endloop
  endfacet
  facet normal -9.313362e-01 3.641606e-01 -7.762550e-16
    outer loop
      vertex   7.357831e+00 -5.243410e+01 2.539766e+02
      vertex   7.057419e+00 -5.320240e+01 2.639766e+02
      vertex   7.357831e+00 -5.243410e+01 2.639766e+02
    endloop
  endfacet
  facet normal -9.647679e-01 2.631026e-01 -5.608368e-16
    outer loop
      vertex   7.357831e+00 -5.243410e+01 2.539766e+02
      vertex   7.357831e+00 -5.243410e+01 2.639766e+02
      vertex   7.574876e+00 -5.163822e+01 2.539766e+02
    endloop
  endfacet
  facet normal -9.647679e-01 2.631026e-01 -3.738912e-16
    outer loop
      vertex   7.574876e+00 -5.163822e+01 2.539766e+02
      vertex   7.357831e+00 -5.243410e+01 2.639766e+02
      vertex   7.574876e+00 -5.163822e+01 2.639766e+02
    endloop
  endfacet
  facet normal -9.792818e-01 2.025022e-01 -2.877729e-16
    outer loop
      vertex   7.574876e+00 -5.163822e+01 2.539766e+02
      vertex   7.574876e+00 -5.163822e+01 2.639766e+02
      vertex   7.603912e+00 -5.149780e+01 2.605029e+02
    endloop
  endfacet
  facet normal -9.806525e-01 1.957565e-01 -2.841308e-04
    outer loop
      vertex   7.603912e+00 -5.149780e+01 2.605029e+02
      vertex   7.574876e+00 -5.163822e+01 2.639766e+02
      vertex   7.607923e+00 -5.147726e+01 2.608158e+02
    endloop
  endfacet
  facet normal -9.823144e-01 1.872373e-01 -7.353426e-04
    outer loop
      vertex   7.607923e+00 -5.147726e+01 2.608158e+02
      vertex   7.574876e+00 -5.163822e+01 2.639766e+02
      vertex   7.625245e+00 -5.138513e+01 2.611333e+02
    endloop
  endfacet
  facet normal -9.848228e-01 1.735514e-01 -1.998000e-03
    outer loop
      vertex   7.625245e+00 -5.138513e+01 2.611333e+02
      vertex   7.574876e+00 -5.163822e+01 2.639766e+02
      vertex   7.648280e+00 -5.125153e+01 2.613844e+02
    endloop
  endfacet
  facet normal -9.872595e-01 1.590621e-01 -4.228454e-03
    outer loop
      vertex   7.648280e+00 -5.125153e+01 2.613844e+02
      vertex   7.574876e+00 -5.163822e+01 2.639766e+02
      vertex   7.706095e+00 -5.082378e+01 2.639766e+02
    endloop
  endfacet
  facet normal -9.882233e-01 1.529850e-01 -3.204139e-03
    outer loop
      vertex   7.648280e+00 -5.125153e+01 2.613844e+02
      vertex   7.706095e+00 -5.082378e+01 2.639766e+02
      vertex   7.677123e+00 -5.106030e+01 2.616191e+02
    endloop
  endfacet
  facet normal -9.924999e-01 1.222453e-01 -6.755201e-05
    outer loop
      vertex   7.677123e+00 -5.106030e+01 2.616191e+02
      vertex   7.706095e+00 -5.082378e+01 2.639766e+02
      vertex   7.704634e+00 -5.083684e+01 2.618029e+02
    endloop
  endfacet
  facet normal -9.958535e-01 9.097110e-02 1.226621e-04
    outer loop
      vertex   7.704634e+00 -5.083684e+01 2.618029e+02
      vertex   7.706095e+00 -5.082378e+01 2.639766e+02
      vertex   7.728610e+00 -5.057456e+01 2.619439e+02
    endloop
  endfacet
  facet normal -9.983475e-01 5.732390e-02 -4.030297e-03
    outer loop
      vertex   7.728610e+00 -5.057456e+01 2.619439e+02
      vertex   7.706095e+00 -5.082378e+01 2.639766e+02
      vertex   7.744237e+00 -5.029645e+01 2.620285e+02
    endloop
  endfacet
  facet normal -9.985695e-01 5.322147e-02 -5.145125e-03
    outer loop
      vertex   7.744237e+00 -5.029645e+01 2.620285e+02
      vertex   7.706095e+00 -5.082378e+01 2.639766e+02
      vertex   7.750000e+00 -5.000000e+01 2.639766e+02
    endloop
  endfacet
  facet normal -9.998165e-01 1.915819e-02 4.220942e-05
    outer loop
      vertex   7.744237e+00 -5.029645e+01 2.620285e+02
      vertex   7.750000e+00 -5.000000e+01 2.639766e+02
      vertex   7.749919e+00 -5.000000e+01 2.620584e+02
    endloop
  endfacet
  facet normal -9.998299e-01 -1.844496e-02 4.216226e-05
    outer loop
      vertex   7.749919e+00 -5.000000e+01 2.620584e+02
      vertex   7.750000e+00 -5.000000e+01 2.639766e+02
      vertex   7.744679e+00 -4.971600e+01 2.620309e+02
    endloop
  endfacet
  facet normal -9.985700e-01 -5.322150e-02 -5.037425e-03
    outer loop
      vertex   7.744679e+00 -4.971600e+01 2.620309e+02
      vertex   7.750000e+00 -5.000000e+01 2.639766e+02
      vertex   7.706095e+00 -4.917623e+01 2.639766e+02
    endloop
  endfacet
  facet normal -9.983937e-01 -5.650739e-02 -4.122358e-03
    outer loop
      vertex   7.744679e+00 -4.971600e+01 2.620309e+02
      vertex   7.706095e+00 -4.917623e+01 2.639766e+02
      vertex   7.728590e+00 -4.942541e+01 2.619440e+02
    endloop
  endfacet
  facet normal -9.959168e-01 -9.027637e-02 4.485095e-05
    outer loop
      vertex   7.728590e+00 -4.942541e+01 2.619440e+02
      vertex   7.706095e+00 -4.917623e+01 2.639766e+02
      vertex   7.706093e+00 -4.917728e+01 2.618121e+02
    endloop
  endfacet
  facet normal -9.926184e-01 -1.212792e-01 5.992983e-05
    outer loop
      vertex   7.706093e+00 -4.917728e+01 2.618121e+02
      vertex   7.706095e+00 -4.917623e+01 2.639766e+02
      vertex   7.677045e+00 -4.893963e+01 2.616192e+02
    endloop
  endfacet
  facet normal -9.883080e-01 -1.524385e-01 -3.120328e-03
    outer loop
      vertex   7.677045e+00 -4.893963e+01 2.616192e+02
      vertex   7.706095e+00 -4.917623e+01 2.639766e+02
      vertex   7.647718e+00 -4.874459e+01 2.613795e+02
    endloop
  endfacet
  facet normal -9.872595e-01 -1.590621e-01 -4.244752e-03
    outer loop
      vertex   7.647718e+00 -4.874459e+01 2.613795e+02
      vertex   7.706095e+00 -4.917623e+01 2.639766e+02
      vertex   7.574876e+00 -4.836179e+01 2.639766e+02
    endloop
  endfacet
  facet normal -9.847092e-01 -1.741956e-01 -1.942523e-03
    outer loop
      vertex   7.647718e+00 -4.874459e+01 2.613795e+02
      vertex   7.574876e+00 -4.836179e+01 2.639766e+02
      vertex   7.625176e+00 -4.861442e+01 2.611335e+02
    endloop
  endfacet
  facet normal -9.823884e-01 -1.868487e-01 -7.770993e-04
    outer loop
      vertex   7.625176e+00 -4.861442e+01 2.611335e+02
      vertex   7.574876e+00 -4.836179e+01 2.639766e+02
      vertex   7.608599e+00 -4.852603e+01 2.608366e+02
    endloop
  endfacet
  facet normal -9.804992e-01 -1.965227e-01 -2.507946e-04
    outer loop
      vertex   7.608599e+00 -4.852603e+01 2.608366e+02
      vertex   7.574876e+00 -4.836179e+01 2.639766e+02
      vertex   7.603453e+00 -4.850000e+01 2.605588e+02
    endloop
  endfacet
  facet normal -9.792876e-01 -2.024740e-01 2.882243e-16
    outer loop
      vertex   7.603453e+00 -4.850000e+01 2.605588e+02
      vertex   7.574876e+00 -4.836179e+01 2.639766e+02
      vertex   7.574876e+00 -4.836179e+01 2.539766e+02
    endloop
  endfacet
  facet normal -9.808153e-01 -1.949395e-01 1.648424e-04
    outer loop
      vertex   7.603453e+00 -4.850000e+01 2.605588e+02
      vertex   7.574876e+00 -4.836179e+01 2.539766e+02
      vertex   7.608812e+00 -4.852720e+01 2.602799e+02
    endloop
  endfacet
  facet normal -9.826609e-01 -1.854113e-01 4.248197e-04
    outer loop
      vertex   7.608812e+00 -4.852720e+01 2.602799e+02
      vertex   7.574876e+00 -4.836179e+01 2.539766e+02
      vertex   7.625179e+00 -4.861462e+01 2.599841e+02
    endloop
  endfacet
  facet normal -9.850581e-01 -1.722197e-01 1.000071e-03
    outer loop
      vertex   7.625179e+00 -4.861462e+01 2.599841e+02
      vertex   7.574876e+00 -4.836179e+01 2.539766e+02
      vertex   7.647514e+00 -4.874378e+01 2.597413e+02
    endloop
  endfacet
  facet normal -9.872666e-01 -1.590632e-01 1.899704e-03
    outer loop
      vertex   7.647514e+00 -4.874378e+01 2.597413e+02
      vertex   7.574876e+00 -4.836179e+01 2.539766e+02
      vertex   7.706095e+00 -4.917623e+01 2.539766e+02
    endloop
  endfacet
  facet normal -9.885304e-01 -1.510164e-01 1.283227e-03
    outer loop
      vertex   7.647514e+00 -4.874378e+01 2.597413e+02
      vertex   7.706095e+00 -4.917623e+01 2.539766e+02
      vertex   7.677091e+00 -4.893946e+01 2.594982e+02
    endloop
  endfacet
  facet normal -9.925670e-01 -1.216998e-01 4.917202e-06
    outer loop
      vertex   7.677091e+00 -4.893946e+01 2.594982e+02
      vertex   7.706095e+00 -4.917623e+01 2.539766e+02
      vertex   7.705011e+00 -4.916717e+01 2.593122e+02
    endloop
  endfacet
  facet normal -9.958323e-01 -9.120296e-02 -4.749205e-05
    outer loop
      vertex   7.705011e+00 -4.916717e+01 2.593122e+02
      vertex   7.706095e+00 -4.917623e+01 2.539766e+02
      vertex   7.728656e+00 -4.942528e+01 2.591733e+02
    endloop
  endfacet
  facet normal -9.984969e-01 -5.478125e-02 1.709577e-03
    outer loop
      vertex   7.728656e+00 -4.942528e+01 2.591733e+02
      vertex   7.706095e+00 -4.917623e+01 2.539766e+02
      vertex   7.745331e+00 -4.973203e+01 2.590827e+02
    endloop
  endfacet
  facet normal -9.985809e-01 -5.322208e-02 1.879939e-03
    outer loop
      vertex   7.745331e+00 -4.973203e+01 2.590827e+02
      vertex   7.706095e+00 -4.917623e+01 2.539766e+02
      vertex   7.750000e+00 -5.000000e+01 2.539766e+02
    endloop
  endfacet
  facet normal -9.998482e-01 -1.742167e-02 3.671425e-09
    outer loop
      vertex   7.745331e+00 -4.973203e+01 2.590827e+02
      vertex   7.750000e+00 -5.000000e+01 2.539766e+02
      vertex   7.750000e+00 -5.000000e+01 2.590588e+02
    endloop
  endfacet
  facet normal -9.998065e-01 1.967198e-02 -4.145684e-09
    outer loop
      vertex   7.750000e+00 -5.000000e+01 2.590588e+02
      vertex   7.750000e+00 -5.000000e+01 2.539766e+02
      vertex   7.744009e+00 -5.030449e+01 2.590904e+02
    endloop
  endfacet
  facet normal -9.985807e-01 5.322207e-02 1.999088e-03
    outer loop
      vertex   7.744009e+00 -5.030449e+01 2.590904e+02
      vertex   7.750000e+00 -5.000000e+01 2.539766e+02
      vertex   7.706095e+00 -5.082378e+01 2.539766e+02
    endloop
  endfacet
  facet normal -9.983776e-01 5.691676e-02 1.622405e-03
    outer loop
      vertex   7.744009e+00 -5.030449e+01 2.590904e+02
      vertex   7.706095e+00 -5.082378e+01 2.539766e+02
      vertex   7.728732e+00 -5.057482e+01 2.591731e+02
    endloop
  endfacet
  facet normal -9.958280e-01 9.125036e-02 -3.357872e-05
    outer loop
      vertex   7.728732e+00 -5.057482e+01 2.591731e+02
      vertex   7.706095e+00 -5.082378e+01 2.539766e+02
      vertex   7.705174e+00 -5.083186e+01 2.593113e+02
    endloop
  endfacet
  facet normal -9.925079e-01 1.221806e-01 1.386394e-05
    outer loop
      vertex   7.705174e+00 -5.083186e+01 2.593113e+02
      vertex   7.706095e+00 -5.082378e+01 2.539766e+02
      vertex   7.677059e+00 -5.106027e+01 2.594985e+02
    endloop
  endfacet
  facet normal -9.887108e-01 1.498313e-01 1.218045e-03
    outer loop
      vertex   7.677059e+00 -5.106027e+01 2.594985e+02
      vertex   7.706095e+00 -5.082378e+01 2.539766e+02
      vertex   7.649292e+00 -5.124533e+01 2.597237e+02
    endloop
  endfacet
  facet normal -9.872666e-01 1.590632e-01 1.909487e-03
    outer loop
      vertex   7.649292e+00 -5.124533e+01 2.597237e+02
      vertex   7.706095e+00 -5.082378e+01 2.539766e+02
      vertex   7.574876e+00 -5.163822e+01 2.539766e+02
    endloop
  endfacet
  facet normal -9.851762e-01 1.715424e-01 1.029301e-03
    outer loop
      vertex   7.649292e+00 -5.124533e+01 2.597237e+02
      vertex   7.574876e+00 -5.163822e+01 2.539766e+02
      vertex   7.625229e+00 -5.138508e+01 2.599842e+02
    endloop
  endfacet
  facet normal -9.827564e-01 1.849045e-01 4.460069e-04
    outer loop
      vertex   7.625229e+00 -5.138508e+01 2.599842e+02
      vertex   7.574876e+00 -5.163822e+01 2.539766e+02
      vertex   7.611239e+00 -5.146000e+01 2.602177e+02
    endloop
  endfacet
  facet normal -9.813920e-01 1.920150e-01 2.350166e-04
    outer loop
      vertex   7.611239e+00 -5.146000e+01 2.602177e+02
      vertex   7.574876e+00 -5.163822e+01 2.539766e+02
      vertex   7.603912e+00 -5.149780e+01 2.605029e+02
    endloop
  endfacet
  facet normal 2.019996e-01 9.793838e-01 1.894343e-03
    outer loop
      vertex   -1.569588e+00 -5.758946e+01 2.566918e+02
      vertex   -1.477882e+00 -5.760778e+01 2.563869e+02
      vertex   -1.839282e+00 -5.752858e+01 2.539766e+02
    endloop
  endfacet
  facet normal 1.880692e-01 9.821473e-01 4.073847e-03
    outer loop
      vertex   -1.839282e+00 -5.752858e+01 2.539766e+02
      vertex   -1.477882e+00 -5.760778e+01 2.563869e+02
      vertex   -1.327140e+00 -5.763549e+01 2.561071e+02
    endloop
  endfacet
  facet normal 1.852866e-01 9.826729e-01 4.769134e-03
    outer loop
      vertex   -1.839282e+00 -5.752858e+01 2.539766e+02
      vertex   -1.327140e+00 -5.763549e+01 2.561071e+02
      vertex   -1.028623e+00 -5.768144e+01 2.539766e+02
    endloop
  endfacet
  facet normal 1.601689e-01 9.870889e-01 1.154457e-03
    outer loop
      vertex   -1.028623e+00 -5.768144e+01 2.539766e+02
      vertex   -1.327140e+00 -5.763549e+01 2.561071e+02
      vertex   -1.131398e+00 -5.766697e+01 2.558687e+02
    endloop
  endfacet
  facet normal 1.299519e-01 9.915202e-01 -5.207740e-04
    outer loop
      vertex   -1.028623e+00 -5.768144e+01 2.539766e+02
      vertex   -1.131398e+00 -5.766697e+01 2.558687e+02
      vertex   -8.929943e-01 -5.769832e+01 2.556729e+02
    endloop
  endfacet
  facet normal 9.848289e-02 9.951367e-01 2.031325e-03
    outer loop
      vertex   -8.929943e-01 -5.769832e+01 2.556729e+02
      vertex   -6.131154e-01 -5.772571e+01 2.555221e+02
      vertex   -1.028623e+00 -5.768144e+01 2.539766e+02
    endloop
  endfacet
  facet normal 7.978409e-02 9.967868e-01 7.105613e-03
    outer loop
      vertex   -1.028623e+00 -5.768144e+01 2.539766e+02
      vertex   -6.131154e-01 -5.772571e+01 2.555221e+02
      vertex   -2.063090e-01 -5.774725e+01 2.539766e+02
    endloop
  endfacet
  facet normal 5.948991e-02 9.982274e-01 1.743863e-03
    outer loop
      vertex   -2.063090e-01 -5.774725e+01 2.539766e+02
      vertex   -6.131154e-01 -5.772571e+01 2.555221e+02
      vertex   -3.082449e-01 -5.774372e+01 2.554304e+02
    endloop
  endfacet
  facet normal 2.027498e-02 9.997939e-01 -1.009520e-03
    outer loop
      vertex   -2.063090e-01 -5.774725e+01 2.539766e+02
      vertex   -3.082449e-01 -5.774372e+01 2.554304e+02
      vertex   5.973231e-15 -5.775000e+01 2.554000e+02
    endloop
  endfacet
  facet normal -2.086281e-02 9.997701e-01 4.952932e-03
    outer loop
      vertex   5.973231e-15 -5.775000e+01 2.554000e+02
      vertex   3.082449e-01 -5.774372e+01 2.554304e+02
      vertex   -2.063090e-01 -5.774725e+01 2.539766e+02
    endloop
  endfacet
  facet normal -2.661987e-02 9.996212e-01 6.990892e-03
    outer loop
      vertex   -2.063090e-01 -5.774725e+01 2.539766e+02
      vertex   3.082449e-01 -5.774372e+01 2.554304e+02
      vertex   6.183423e-01 -5.772529e+01 2.539766e+02
    endloop
  endfacet
  facet normal -5.898806e-02 9.982587e-01 6.957906e-05
    outer loop
      vertex   6.183423e-01 -5.772529e+01 2.539766e+02
      vertex   3.082449e-01 -5.774372e+01 2.554304e+02
      vertex   6.131154e-01 -5.772571e+01 2.555221e+02
    endloop
  endfacet
  facet normal -9.736674e-02 9.952486e-01 -6.102495e-05
    outer loop
      vertex   6.183423e-01 -5.772529e+01 2.539766e+02
      vertex   6.131154e-01 -5.772571e+01 2.555221e+02
      vertex   8.929943e-01 -5.769832e+01 2.556729e+02
    endloop
  endfacet
  facet normal -1.353388e-01 9.907802e-01 6.158131e-03
    outer loop
      vertex   8.929943e-01 -5.769832e+01 2.556729e+02
      vertex   1.131398e+00 -5.766697e+01 2.558687e+02
      vertex   6.183423e-01 -5.772529e+01 2.539766e+02
    endloop
  endfacet
  facet normal -1.327236e-01 9.911382e-01 5.437957e-03
    outer loop
      vertex   6.183423e-01 -5.772529e+01 2.539766e+02
      vertex   1.131398e+00 -5.766697e+01 2.558687e+02
      vertex   1.435988e+00 -5.761580e+01 2.539766e+02
    endloop
  endfacet
  facet normal -1.599266e-01 9.871284e-01 9.503097e-04
    outer loop
      vertex   1.435988e+00 -5.761580e+01 2.539766e+02
      vertex   1.131398e+00 -5.766697e+01 2.558687e+02
      vertex   1.327140e+00 -5.763549e+01 2.561071e+02
    endloop
  endfacet
  facet normal -1.805178e-01 9.835717e-01 -1.345742e-04
    outer loop
      vertex   1.435988e+00 -5.761580e+01 2.539766e+02
      vertex   1.327140e+00 -5.763549e+01 2.561071e+02
      vertex   1.477882e+00 -5.760778e+01 2.563869e+02
    endloop
  endfacet
  facet normal -1.964351e-01 9.805168e-01 1.522455e-04
    outer loop
      vertex   1.477882e+00 -5.760778e+01 2.563869e+02
      vertex   1.569588e+00 -5.758946e+01 2.566918e+02
      vertex   1.435988e+00 -5.761580e+01 2.539766e+02
    endloop
  endfacet
  facet normal -2.193407e-01 9.756474e-01 1.326561e-03
    outer loop
      vertex   1.435988e+00 -5.761580e+01 2.539766e+02
      vertex   1.569588e+00 -5.758946e+01 2.566918e+02
      vertex   1.600000e+00 -5.758304e+01 2.570000e+02
    endloop
  endfacet
  facet normal -2.373260e-01 9.714272e-01 2.347951e-03
    outer loop
      vertex   1.435988e+00 -5.761580e+01 2.539766e+02
      vertex   1.600000e+00 -5.758304e+01 2.570000e+02
      vertex   2.237363e+00 -5.742002e+01 2.539766e+02
    endloop
  endfacet
  facet normal 9.782542e-01 -2.074018e-01 1.815876e-03
    outer loop
      vertex   -7.610258e+00 -4.853488e+01 2.602412e+02
      vertex   -7.476951e+00 -4.796096e+01 2.539766e+02
      vertex   -7.603453e+00 -4.850000e+01 2.605588e+02
    endloop
  endfacet
  facet normal 9.735506e-01 -2.284714e-01 3.258353e-16
    outer loop
      vertex   -7.603453e+00 -4.850000e+01 2.605588e+02
      vertex   -7.476951e+00 -4.796096e+01 2.539766e+02
      vertex   -7.476951e+00 -4.796096e+01 2.639766e+02
    endloop
  endfacet
  facet normal 9.766584e-01 -2.147865e-01 -2.273360e-03
    outer loop
      vertex   -7.603453e+00 -4.850000e+01 2.605588e+02
      vertex   -7.476951e+00 -4.796096e+01 2.639766e+02
      vertex   -7.608977e+00 -4.852814e+01 2.608447e+02
    endloop
  endfacet
  facet normal 9.773992e-01 -2.113817e-01 -2.921183e-03
    outer loop
      vertex   -7.608977e+00 -4.852814e+01 2.608447e+02
      vertex   -7.476951e+00 -4.796096e+01 2.639766e+02
      vertex   -7.651330e+00 -4.876726e+01 2.639766e+02
    endloop
  endfacet
  facet normal 9.822183e-01 -1.877397e-01 -1.050986e-03
    outer loop
      vertex   -7.608977e+00 -4.852814e+01 2.608447e+02
      vertex   -7.651330e+00 -4.876726e+01 2.639766e+02
      vertex   -7.625245e+00 -4.861487e+01 2.611333e+02
    endloop
  endfacet
  facet normal 9.854372e-01 -1.700398e-01 -7.279086e-05
    outer loop
      vertex   -7.625245e+00 -4.861487e+01 2.611333e+02
      vertex   -7.651330e+00 -4.876726e+01 2.639766e+02
      vertex   -7.648279e+00 -4.874847e+01 2.613844e+02
    endloop
  endfacet
  facet normal 9.888308e-01 -1.490427e-01 8.338267e-05
    outer loop
      vertex   -7.648279e+00 -4.874847e+01 2.613844e+02
      vertex   -7.651330e+00 -4.876726e+01 2.639766e+02
      vertex   -7.677123e+00 -4.893970e+01 2.616191e+02
    endloop
  endfacet
  facet normal 9.923232e-01 -1.236583e-01 -1.811593e-03
    outer loop
      vertex   -7.677123e+00 -4.893970e+01 2.616191e+02
      vertex   -7.651330e+00 -4.876726e+01 2.639766e+02
      vertex   -7.704633e+00 -4.916316e+01 2.618029e+02
    endloop
  endfacet
  facet normal 9.943223e-01 -1.062921e-01 -5.023502e-03
    outer loop
      vertex   -7.704633e+00 -4.916316e+01 2.618029e+02
      vertex   -7.651330e+00 -4.876726e+01 2.639766e+02
      vertex   -7.739016e+00 -4.958753e+01 2.639766e+02
    endloop
  endfacet
  facet normal 9.957342e-01 -9.224062e-02 -2.257940e-03
    outer loop
      vertex   -7.704633e+00 -4.916316e+01 2.618029e+02
      vertex   -7.739016e+00 -4.958753e+01 2.639766e+02
      vertex   -7.728610e+00 -4.942544e+01 2.619439e+02
    endloop
  endfacet
  facet normal 9.984359e-01 -5.590418e-02 6.533479e-04
    outer loop
      vertex   -7.728610e+00 -4.942544e+01 2.619439e+02
      vertex   -7.739016e+00 -4.958753e+01 2.639766e+02
      vertex   -7.744237e+00 -4.970355e+01 2.620285e+02
    endloop
  endfacet
  facet normal 9.998122e-01 -1.931676e-02 -1.529298e-03
    outer loop
      vertex   -7.744237e+00 -4.970355e+01 2.620285e+02
      vertex   -7.739016e+00 -4.958753e+01 2.639766e+02
      vertex   -7.749919e+00 -5.000000e+01 2.620584e+02
    endloop
  endfacet
  facet normal 9.999838e-01 0.000000e+00 -5.683968e-03
    outer loop
      vertex   -7.749919e+00 -5.000000e+01 2.620584e+02
      vertex   -7.739016e+00 -4.958753e+01 2.639766e+02
      vertex   -7.739016e+00 -5.041247e+01 2.639766e+02
    endloop
  endfacet
  facet normal 9.998254e-01 1.861140e-02 -1.681052e-03
    outer loop
      vertex   -7.749919e+00 -5.000000e+01 2.620584e+02
      vertex   -7.739016e+00 -5.041247e+01 2.639766e+02
      vertex   -7.744679e+00 -5.028400e+01 2.620309e+02
    endloop
  endfacet
  facet normal 9.984827e-01 5.506089e-02 7.295775e-04
    outer loop
      vertex   -7.744679e+00 -5.028400e+01 2.620309e+02
      vertex   -7.739016e+00 -5.041247e+01 2.639766e+02
      vertex   -7.728591e+00 -5.057459e+01 2.619440e+02
    endloop
  endfacet
  facet normal 9.958070e-01 9.145267e-02 -2.186748e-03
    outer loop
      vertex   -7.728591e+00 -5.057459e+01 2.619440e+02
      vertex   -7.739016e+00 -5.041247e+01 2.639766e+02
      vertex   -7.706093e+00 -5.082272e+01 2.618121e+02
    endloop
  endfacet
  facet normal 9.943223e-01 1.062921e-01 -5.021882e-03
    outer loop
      vertex   -7.706093e+00 -5.082272e+01 2.618121e+02
      vertex   -7.739016e+00 -5.041247e+01 2.639766e+02
      vertex   -7.651330e+00 -5.123274e+01 2.639766e+02
    endloop
  endfacet
  facet normal 9.924293e-01 1.228032e-01 -1.846340e-03
    outer loop
      vertex   -7.706093e+00 -5.082272e+01 2.618121e+02
      vertex   -7.651330e+00 -5.123274e+01 2.639766e+02
      vertex   -7.677046e+00 -5.106037e+01 2.616192e+02
    endloop
  endfacet
  facet normal 9.888978e-01 1.485974e-01 7.827526e-05
    outer loop
      vertex   -7.677046e+00 -5.106037e+01 2.616192e+02
      vertex   -7.651330e+00 -5.123274e+01 2.639766e+02
      vertex   -7.647719e+00 -5.125541e+01 2.613795e+02
    endloop
  endfacet
  facet normal 9.852963e-01 1.708544e-01 -1.209671e-04
    outer loop
      vertex   -7.647719e+00 -5.125541e+01 2.613795e+02
      vertex   -7.651330e+00 -5.123274e+01 2.639766e+02
      vertex   -7.625176e+00 -5.138558e+01 2.611335e+02
    endloop
  endfacet
  facet normal 9.821965e-01 1.878532e-01 -1.063296e-03
    outer loop
      vertex   -7.625176e+00 -5.138558e+01 2.611335e+02
      vertex   -7.651330e+00 -5.123274e+01 2.639766e+02
      vertex   -7.608398e+00 -5.147501e+01 2.608311e+02
    endloop
  endfacet
  facet normal 9.487792e-01 3.157353e-01 -1.136910e-02
    outer loop
      vertex   -7.608398e+00 -5.147501e+01 2.608311e+02
      vertex   -7.651330e+00 -5.123274e+01 2.639766e+02
      vertex   -7.603473e+00 -5.149999e+01 2.605486e+02
    endloop
  endfacet
  facet normal 9.773995e-01 2.113818e-01 -2.834263e-03
    outer loop
      vertex   -7.603473e+00 -5.149999e+01 2.605486e+02
      vertex   -7.651330e+00 -5.123274e+01 2.639766e+02
      vertex   -7.476951e+00 -5.203905e+01 2.639766e+02
    endloop
  endfacet
  facet normal 9.735437e-01 2.285008e-01 -3.233189e-16
    outer loop
      vertex   -7.603473e+00 -5.149999e+01 2.605486e+02
      vertex   -7.476951e+00 -5.203905e+01 2.639766e+02
      vertex   -7.476951e+00 -5.203905e+01 2.539766e+02
    endloop
  endfacet
  facet normal 9.493976e-01 3.140767e-01 -4.463299e-16
    outer loop
      vertex   -7.476951e+00 -5.203905e+01 2.539766e+02
      vertex   -7.476951e+00 -5.203905e+01 2.639766e+02
      vertex   -7.217855e+00 -5.282225e+01 2.539766e+02
    endloop
  endfacet
  facet normal 9.493976e-01 3.140767e-01 -4.463299e-16
    outer loop
      vertex   -7.217855e+00 -5.282225e+01 2.539766e+02
      vertex   -7.476951e+00 -5.203905e+01 2.639766e+02
      vertex   -7.217855e+00 -5.282225e+01 2.639766e+02
    endloop
  endfacet
  facet normal 9.106348e-01 4.132122e-01 -5.872098e-16
    outer loop
      vertex   -7.217855e+00 -5.282225e+01 2.539766e+02
      vertex   -7.217855e+00 -5.282225e+01 2.639766e+02
      vertex   -6.876979e+00 -5.357347e+01 2.539766e+02
    endloop
  endfacet
  facet normal 9.106348e-01 4.132122e-01 -5.872098e-16
    outer loop
      vertex   -6.876979e+00 -5.357347e+01 2.539766e+02
      vertex   -7.217855e+00 -5.282225e+01 2.639766e+02
      vertex   -6.876979e+00 -5.357347e+01 2.639766e+02
    endloop
  endfacet
  facet normal 8.615541e-01 5.076658e-01 -7.214365e-16
    outer loop
      vertex   -6.876979e+00 -5.357347e+01 2.539766e+02
      vertex   -6.876979e+00 -5.357347e+01 2.639766e+02
      vertex   -6.458183e+00 -5.428420e+01 2.539766e+02
    endloop
  endfacet
  facet normal 8.615541e-01 5.076658e-01 -7.214365e-16
    outer loop
      vertex   -6.458183e+00 -5.428420e+01 2.539766e+02
      vertex   -6.876979e+00 -5.357347e+01 2.639766e+02
      vertex   -6.458183e+00 -5.428420e+01 2.639766e+02
    endloop
  endfacet
  facet normal 8.027116e-01 5.963674e-01 -8.474890e-16
    outer loop
      vertex   -6.458183e+00 -5.428420e+01 2.539766e+02
      vertex   -6.458183e+00 -5.428420e+01 2.639766e+02
      vertex   -5.966213e+00 -5.494639e+01 2.539766e+02
    endloop
  endfacet
  facet normal 8.027116e-01 5.963674e-01 -8.474890e-16
    outer loop
      vertex   -5.966213e+00 -5.494639e+01 2.539766e+02
      vertex   -6.458183e+00 -5.428420e+01 2.639766e+02
      vertex   -5.966213e+00 -5.494639e+01 2.639766e+02
    endloop
  endfacet
  facet normal 7.347742e-01 6.783118e-01 -9.639391e-16
    outer loop
      vertex   -5.966213e+00 -5.494639e+01 2.539766e+02
      vertex   -5.966213e+00 -5.494639e+01 2.639766e+02
      vertex   -5.406644e+00 -5.555254e+01 2.539766e+02
    endloop
  endfacet
  facet normal 7.347742e-01 6.783118e-01 -9.639391e-16
    outer loop
      vertex   -5.406644e+00 -5.555254e+01 2.539766e+02
      vertex   -5.966213e+00 -5.494639e+01 2.639766e+02
      vertex   -5.406644e+00 -5.555254e+01 2.639766e+02
    endloop
  endfacet
  facet normal 6.585114e-01 7.525708e-01 -1.069467e-15
    outer loop
      vertex   -5.406644e+00 -5.555254e+01 2.539766e+02
      vertex   -5.406644e+00 -5.555254e+01 2.639766e+02
      vertex   -4.785816e+00 -5.609578e+01 2.539766e+02
    endloop
  endfacet
  facet normal 6.585114e-01 7.525708e-01 -1.069467e-15
    outer loop
      vertex   -4.785816e+00 -5.609578e+01 2.539766e+02
      vertex   -5.406644e+00 -5.555254e+01 2.639766e+02
      vertex   -4.785816e+00 -5.609578e+01 2.639766e+02
    endloop
  endfacet
  facet normal 5.747874e-01 8.183028e-01 -1.162878e-15
    outer loop
      vertex   -4.785816e+00 -5.609578e+01 2.539766e+02
      vertex   -4.785816e+00 -5.609578e+01 2.639766e+02
      vertex   -4.110762e+00 -5.656994e+01 2.539766e+02
    endloop
  endfacet
  facet normal 5.747874e-01 8.183028e-01 -1.744317e-15
    outer loop
      vertex   -4.110762e+00 -5.656994e+01 2.539766e+02
      vertex   -4.785816e+00 -5.609578e+01 2.639766e+02
      vertex   -4.110762e+00 -5.656994e+01 2.639766e+02
    endloop
  endfacet
  facet normal 4.845509e-01 8.747631e-01 -1.864670e-15
    outer loop
      vertex   -4.110762e+00 -5.656994e+01 2.539766e+02
      vertex   -4.110762e+00 -5.656994e+01 2.639766e+02
      vertex   -3.389132e+00 -5.696967e+01 2.539766e+02
    endloop
  endfacet
  facet normal 4.845509e-01 8.747631e-01 -1.864670e-15
    outer loop
      vertex   -3.389132e+00 -5.696967e+01 2.539766e+02
      vertex   -4.110762e+00 -5.656994e+01 2.639766e+02
      vertex   -3.389132e+00 -5.696967e+01 2.639766e+02
    endloop
  endfacet
  facet normal 3.888242e-01 9.213120e-01 -1.963895e-15
    outer loop
      vertex   -3.389132e+00 -5.696967e+01 2.539766e+02
      vertex   -3.389132e+00 -5.696967e+01 2.639766e+02
      vertex   -2.629101e+00 -5.729043e+01 2.539766e+02
    endloop
  endfacet
  facet normal 3.888242e-01 9.213120e-01 -1.309263e-15
    outer loop
      vertex   -2.629101e+00 -5.729043e+01 2.539766e+02
      vertex   -3.389132e+00 -5.696967e+01 2.639766e+02
      vertex   -2.629101e+00 -5.729043e+01 2.639766e+02
    endloop
  endfacet
  facet normal 2.886919e-01 9.574220e-01 -1.360579e-15
    outer loop
      vertex   -2.629101e+00 -5.729043e+01 2.539766e+02
      vertex   -2.629101e+00 -5.729043e+01 2.639766e+02
      vertex   -1.839282e+00 -5.752858e+01 2.539766e+02
    endloop
  endfacet
  facet normal 2.886919e-01 9.574220e-01 -1.360579e-15
    outer loop
      vertex   -1.839282e+00 -5.752858e+01 2.539766e+02
      vertex   -2.629101e+00 -5.729043e+01 2.639766e+02
      vertex   -1.839282e+00 -5.752858e+01 2.639766e+02
    endloop
  endfacet
  facet normal 9.774024e-01 -2.113824e-01 1.433068e-03
    outer loop
      vertex   -7.476951e+00 -4.796096e+01 2.539766e+02
      vertex   -7.610258e+00 -4.853488e+01 2.602412e+02
      vertex   -7.651330e+00 -4.876726e+01 2.539766e+02
    endloop
  endfacet
  facet normal 9.827041e-01 -1.851822e-01 4.264265e-04
    outer loop
      vertex   -7.651330e+00 -4.876726e+01 2.539766e+02
      vertex   -7.610258e+00 -4.853488e+01 2.602412e+02
      vertex   -7.625229e+00 -4.861492e+01 2.599842e+02
    endloop
  endfacet
  facet normal 9.854924e-01 -1.697194e-01 2.220578e-05
    outer loop
      vertex   -7.651330e+00 -4.876726e+01 2.539766e+02
      vertex   -7.625229e+00 -4.861492e+01 2.599842e+02
      vertex   -7.649292e+00 -4.875467e+01 2.597237e+02
    endloop
  endfacet
  facet normal 9.889346e-01 -1.483518e-01 -2.581068e-05
    outer loop
      vertex   -7.649292e+00 -4.875467e+01 2.597237e+02
      vertex   -7.677059e+00 -4.893973e+01 2.594985e+02
      vertex   -7.651330e+00 -4.876726e+01 2.539766e+02
    endloop
  endfacet
  facet normal 9.924304e-01 -1.228061e-01 7.883813e-04
    outer loop
      vertex   -7.651330e+00 -4.876726e+01 2.539766e+02
      vertex   -7.677059e+00 -4.893973e+01 2.594985e+02
      vertex   -7.705174e+00 -4.916814e+01 2.593113e+02
    endloop
  endfacet
  facet normal 9.943327e-01 -1.062933e-01 2.048447e-03
    outer loop
      vertex   -7.651330e+00 -4.876726e+01 2.539766e+02
      vertex   -7.705174e+00 -4.916814e+01 2.593113e+02
      vertex   -7.739016e+00 -4.958753e+01 2.539766e+02
    endloop
  endfacet
  facet normal 9.957820e-01 -9.174630e-02 8.956486e-04
    outer loop
      vertex   -7.739016e+00 -4.958753e+01 2.539766e+02
      vertex   -7.705174e+00 -4.916814e+01 2.593113e+02
      vertex   -7.728732e+00 -4.942518e+01 2.591731e+02
    endloop
  endfacet
  facet normal 9.983015e-01 -5.825812e-02 -1.555826e-04
    outer loop
      vertex   -7.739016e+00 -4.958753e+01 2.539766e+02
      vertex   -7.728732e+00 -4.942518e+01 2.591731e+02
      vertex   -7.742795e+00 -4.966597e+01 2.590968e+02
    endloop
  endfacet
  facet normal 9.996753e-01 -2.547948e-02 3.475755e-04
    outer loop
      vertex   -7.742795e+00 -4.966597e+01 2.590968e+02
      vertex   -7.749759e+00 -4.993970e+01 2.590601e+02
      vertex   -7.739016e+00 -4.958753e+01 2.539766e+02
    endloop
  endfacet
  facet normal 9.999978e-01 0.000000e+00 2.113408e-03
    outer loop
      vertex   -7.739016e+00 -4.958753e+01 2.539766e+02
      vertex   -7.749759e+00 -4.993970e+01 2.590601e+02
      vertex   -7.739016e+00 -5.041247e+01 2.539766e+02
    endloop
  endfacet
  facet normal 9.999358e-01 1.128057e-02 1.064155e-03
    outer loop
      vertex   -7.739016e+00 -5.041247e+01 2.539766e+02
      vertex   -7.749759e+00 -4.993970e+01 2.590601e+02
      vertex   -7.746472e+00 -5.023269e+01 2.590768e+02
    endloop
  endfacet
  facet normal 9.991737e-01 4.064338e-02 2.800103e-05
    outer loop
      vertex   -7.739016e+00 -5.041247e+01 2.539766e+02
      vertex   -7.746472e+00 -5.023269e+01 2.590768e+02
      vertex   -7.739732e+00 -5.039839e+01 2.591126e+02
    endloop
  endfacet
  facet normal 9.980336e-01 6.268148e-02 -3.256742e-05
    outer loop
      vertex   -7.739732e+00 -5.039839e+01 2.591126e+02
      vertex   -7.728656e+00 -5.057472e+01 2.591733e+02
      vertex   -7.739016e+00 -5.041247e+01 2.539766e+02
    endloop
  endfacet
  facet normal 9.957866e-01 9.169634e-02 8.778141e-04
    outer loop
      vertex   -7.739016e+00 -5.041247e+01 2.539766e+02
      vertex   -7.728656e+00 -5.057472e+01 2.591733e+02
      vertex   -7.705011e+00 -5.083283e+01 2.593122e+02
    endloop
  endfacet
  facet normal 9.943327e-01 1.062933e-01 2.037073e-03
    outer loop
      vertex   -7.739016e+00 -5.041247e+01 2.539766e+02
      vertex   -7.705011e+00 -5.083283e+01 2.593122e+02
      vertex   -7.651330e+00 -5.123274e+01 2.539766e+02
    endloop
  endfacet
  facet normal 9.924865e-01 1.223515e-01 8.148845e-04
    outer loop
      vertex   -7.651330e+00 -5.123274e+01 2.539766e+02
      vertex   -7.705011e+00 -5.083283e+01 2.593122e+02
      vertex   -7.677092e+00 -5.106054e+01 2.594982e+02
    endloop
  endfacet
  facet normal 9.887765e-01 1.494020e-01 -4.602703e-05
    outer loop
      vertex   -7.651330e+00 -5.123274e+01 2.539766e+02
      vertex   -7.677092e+00 -5.106054e+01 2.594982e+02
      vertex   -7.647514e+00 -5.125622e+01 2.597413e+02
    endloop
  endfacet
  facet normal 9.853626e-01 1.704713e-01 4.202973e-05
    outer loop
      vertex   -7.647514e+00 -5.125622e+01 2.597413e+02
      vertex   -7.625179e+00 -5.138538e+01 2.599841e+02
      vertex   -7.651330e+00 -5.123274e+01 2.539766e+02
    endloop
  endfacet
  facet normal 9.826746e-01 1.853386e-01 4.314774e-04
    outer loop
      vertex   -7.651330e+00 -5.123274e+01 2.539766e+02
      vertex   -7.625179e+00 -5.138538e+01 2.599841e+02
      vertex   -7.609018e+00 -5.147174e+01 2.602745e+02
    endloop
  endfacet
  facet normal 9.791339e-01 2.032131e-01 1.133591e-03
    outer loop
      vertex   -7.651330e+00 -5.123274e+01 2.539766e+02
      vertex   -7.609018e+00 -5.147174e+01 2.602745e+02
      vertex   -7.603473e+00 -5.149999e+01 2.605486e+02
    endloop
  endfacet
  facet normal -1.947247e-01 -9.808579e-01 1.165471e-04
    outer loop
      vertex   1.471504e+00 -4.239092e+01 2.567111e+02
      vertex   1.435988e+00 -4.238420e+01 2.539766e+02
      vertex   1.500000e+00 -4.239655e+01 2.570000e+02
    endloop
  endfacet
  facet normal -2.373266e-01 -9.714294e-01 1.057034e-03
    outer loop
      vertex   1.500000e+00 -4.239655e+01 2.570000e+02
      vertex   1.435988e+00 -4.238420e+01 2.539766e+02
      vertex   2.237363e+00 -4.257998e+01 2.539766e+02
    endloop
  endfacet
  facet normal -2.414104e-01 -9.704231e-01 2.071158e-15
    outer loop
      vertex   1.500000e+00 -4.239655e+01 2.570000e+02
      vertex   2.237363e+00 -4.257998e+01 2.539766e+02
      vertex   2.237363e+00 -4.257998e+01 2.639766e+02
    endloop
  endfacet
  facet normal -3.392389e-01 -9.407003e-01 2.005223e-15
    outer loop
      vertex   2.237363e+00 -4.257998e+01 2.639766e+02
      vertex   2.237363e+00 -4.257998e+01 2.539766e+02
      vertex   3.013387e+00 -4.285983e+01 2.639766e+02
    endloop
  endfacet
  facet normal -3.392389e-01 -9.407003e-01 2.005223e-15
    outer loop
      vertex   3.013387e+00 -4.285983e+01 2.639766e+02
      vertex   2.237363e+00 -4.257998e+01 2.539766e+02
      vertex   3.013387e+00 -4.285983e+01 2.539766e+02
    endloop
  endfacet
  facet normal -4.373073e-01 -8.993121e-01 1.916999e-15
    outer loop
      vertex   3.013387e+00 -4.285983e+01 2.639766e+02
      vertex   3.013387e+00 -4.285983e+01 2.539766e+02
      vertex   3.755269e+00 -4.322059e+01 2.639766e+02
    endloop
  endfacet
  facet normal -4.373073e-01 -8.993121e-01 1.277999e-15
    outer loop
      vertex   3.755269e+00 -4.322059e+01 2.639766e+02
      vertex   3.013387e+00 -4.285983e+01 2.539766e+02
      vertex   3.755269e+00 -4.322059e+01 2.539766e+02
    endloop
  endfacet
  facet normal -5.304209e-01 -8.477344e-01 1.204703e-15
    outer loop
      vertex   3.755269e+00 -4.322059e+01 2.639766e+02
      vertex   3.755269e+00 -4.322059e+01 2.539766e+02
      vertex   4.454602e+00 -4.365815e+01 2.639766e+02
    endloop
  endfacet
  facet normal -5.304209e-01 -8.477344e-01 1.807055e-15
    outer loop
      vertex   4.454602e+00 -4.365815e+01 2.639766e+02
      vertex   3.755269e+00 -4.322059e+01 2.539766e+02
      vertex   4.454602e+00 -4.365815e+01 2.539766e+02
    endloop
  endfacet
  facet normal -6.175246e-01 -7.865516e-01 1.676635e-15
    outer loop
      vertex   4.454602e+00 -4.365815e+01 2.639766e+02
      vertex   4.454602e+00 -4.365815e+01 2.539766e+02
      vertex   5.103463e+00 -4.416758e+01 2.639766e+02
    endloop
  endfacet
  facet normal -6.175246e-01 -7.865516e-01 1.676635e-15
    outer loop
      vertex   5.103463e+00 -4.416758e+01 2.639766e+02
      vertex   4.454602e+00 -4.365815e+01 2.539766e+02
      vertex   5.103463e+00 -4.416758e+01 2.539766e+02
    endloop
  endfacet
  facet normal -6.976315e-01 -7.164567e-01 1.527219e-15
    outer loop
      vertex   5.103463e+00 -4.416758e+01 2.639766e+02
      vertex   5.103463e+00 -4.416758e+01 2.539766e+02
      vertex   5.694500e+00 -4.474308e+01 2.639766e+02
    endloop
  endfacet
  facet normal -6.976315e-01 -7.164567e-01 1.527219e-15
    outer loop
      vertex   5.694500e+00 -4.474308e+01 2.639766e+02
      vertex   5.103463e+00 -4.416758e+01 2.539766e+02
      vertex   5.694500e+00 -4.474308e+01 2.539766e+02
    endloop
  endfacet
  facet normal -7.698340e-01 -6.382442e-01 1.360499e-15
    outer loop
      vertex   5.694500e+00 -4.474308e+01 2.639766e+02
      vertex   5.694500e+00 -4.474308e+01 2.539766e+02
      vertex   6.221015e+00 -4.537815e+01 2.639766e+02
    endloop
  endfacet
  facet normal -7.698340e-01 -6.382442e-01 9.069995e-16
    outer loop
      vertex   6.221015e+00 -4.537815e+01 2.639766e+02
      vertex   5.694500e+00 -4.474308e+01 2.539766e+02
      vertex   6.221015e+00 -4.537815e+01 2.539766e+02
    endloop
  endfacet
  facet normal -8.333139e-01 -5.528001e-01 7.855761e-16
    outer loop
      vertex   6.221015e+00 -4.537815e+01 2.639766e+02
      vertex   6.221015e+00 -4.537815e+01 2.539766e+02
      vertex   6.677044e+00 -4.606559e+01 2.639766e+02
    endloop
  endfacet
  facet normal -8.333139e-01 -5.528001e-01 1.178364e-15
    outer loop
      vertex   6.677044e+00 -4.606559e+01 2.639766e+02
      vertex   6.221015e+00 -4.537815e+01 2.539766e+02
      vertex   6.677044e+00 -4.606559e+01 2.539766e+02
    endloop
  endfacet
  facet normal -8.873521e-01 -4.610925e-01 9.828778e-16
    outer loop
      vertex   6.677044e+00 -4.606559e+01 2.639766e+02
      vertex   6.677044e+00 -4.606559e+01 2.539766e+02
      vertex   7.057419e+00 -4.679761e+01 2.639766e+02
    endloop
  endfacet
  facet normal -8.873521e-01 -4.610925e-01 9.828778e-16
    outer loop
      vertex   7.057419e+00 -4.679761e+01 2.639766e+02
      vertex   6.677044e+00 -4.606559e+01 2.539766e+02
      vertex   7.057419e+00 -4.679761e+01 2.539766e+02
    endloop
  endfacet
  facet normal -9.313362e-01 -3.641606e-01 7.762550e-16
    outer loop
      vertex   7.057419e+00 -4.679761e+01 2.639766e+02
      vertex   7.057419e+00 -4.679761e+01 2.539766e+02
      vertex   7.357831e+00 -4.756591e+01 2.639766e+02
    endloop
  endfacet
  facet normal -9.313362e-01 -3.641606e-01 5.175033e-16
    outer loop
      vertex   7.357831e+00 -4.756591e+01 2.639766e+02
      vertex   7.057419e+00 -4.679761e+01 2.539766e+02
      vertex   7.357831e+00 -4.756591e+01 2.539766e+02
    endloop
  endfacet
  facet normal -9.647679e-01 -2.631026e-01 3.738912e-16
    outer loop
      vertex   7.357831e+00 -4.756591e+01 2.639766e+02
      vertex   7.357831e+00 -4.756591e+01 2.539766e+02
      vertex   7.574876e+00 -4.836179e+01 2.639766e+02
    endloop
  endfacet
  facet normal -9.647679e-01 -2.631026e-01 3.738912e-16
    outer loop
      vertex   7.574876e+00 -4.836179e+01 2.639766e+02
      vertex   7.357831e+00 -4.756591e+01 2.539766e+02
      vertex   7.574876e+00 -4.836179e+01 2.539766e+02
    endloop
  endfacet
  facet normal -1.835967e-01 -9.830017e-01 -3.325745e-05
    outer loop
      vertex   1.471504e+00 -4.239092e+01 2.567111e+02
      vertex   1.385551e+00 -4.237486e+01 2.564253e+02
      vertex   1.435988e+00 -4.238420e+01 2.539766e+02
    endloop
  endfacet
  facet normal -1.699321e-01 -9.854557e-01 2.575494e-04
    outer loop
      vertex   1.435988e+00 -4.238420e+01 2.539766e+02
      vertex   1.385551e+00 -4.237486e+01 2.564253e+02
      vertex   1.244227e+00 -4.235056e+01 2.561629e+02
    endloop
  endfacet
  facet normal -1.511915e-01 -9.885026e-01 1.948146e-03
    outer loop
      vertex   1.435988e+00 -4.238420e+01 2.539766e+02
      vertex   1.244227e+00 -4.235056e+01 2.561629e+02
      vertex   1.060680e+00 -4.232293e+01 2.559394e+02
    endloop
  endfacet
  facet normal -1.327235e-01 -9.911375e-01 5.561731e-03
    outer loop
      vertex   1.435988e+00 -4.238420e+01 2.539766e+02
      vertex   1.060680e+00 -4.232293e+01 2.559394e+02
      vertex   6.183423e-01 -4.227471e+01 2.539766e+02
    endloop
  endfacet
  facet normal -1.253520e-01 -9.921048e-01 3.876702e-03
    outer loop
      vertex   6.183423e-01 -4.227471e+01 2.539766e+02
      vertex   1.060680e+00 -4.232293e+01 2.559394e+02
      vertex   8.371197e-01 -4.229540e+01 2.557558e+02
    endloop
  endfacet
  facet normal -9.109693e-02 -9.958420e-01 -3.788591e-04
    outer loop
      vertex   6.183423e-01 -4.227471e+01 2.539766e+02
      vertex   8.371197e-01 -4.229540e+01 2.557558e+02
      vertex   5.746993e-01 -4.227134e+01 2.556145e+02
    endloop
  endfacet
  facet normal -5.544113e-02 -9.984618e-01 5.766189e-04
    outer loop
      vertex   5.746993e-01 -4.227134e+01 2.556145e+02
      vertex   2.889012e-01 -4.225552e+01 2.555285e+02
      vertex   6.183423e-01 -4.227471e+01 2.539766e+02
    endloop
  endfacet
  facet normal -2.661992e-02 -9.996231e-01 6.709170e-03
    outer loop
      vertex   6.183423e-01 -4.227471e+01 2.539766e+02
      vertex   2.889012e-01 -4.225552e+01 2.555285e+02
      vertex   -2.063090e-01 -4.225275e+01 2.539766e+02
    endloop
  endfacet
  facet normal -1.953482e-02 -9.997993e-01 4.448019e-03
    outer loop
      vertex   -2.063090e-01 -4.225275e+01 2.539766e+02
      vertex   2.889012e-01 -4.225552e+01 2.555285e+02
      vertex   4.186466e-15 -4.225000e+01 2.555000e+02
    endloop
  endfacet
  facet normal 1.902014e-02 -9.998188e-01 -7.732713e-04
    outer loop
      vertex   -2.063090e-01 -4.225275e+01 2.539766e+02
      vertex   4.186466e-15 -4.225000e+01 2.555000e+02
      vertex   -2.889012e-01 -4.225552e+01 2.555285e+02
    endloop
  endfacet
  facet normal 5.562115e-02 -9.984513e-01 1.177062e-03
    outer loop
      vertex   -2.889012e-01 -4.225552e+01 2.555285e+02
      vertex   -5.746993e-01 -4.227134e+01 2.556145e+02
      vertex   -2.063090e-01 -4.225275e+01 2.539766e+02
    endloop
  endfacet
  facet normal 7.978435e-02 -9.967901e-01 6.630703e-03
    outer loop
      vertex   -2.063090e-01 -4.225275e+01 2.539766e+02
      vertex   -5.746993e-01 -4.227134e+01 2.556145e+02
      vertex   -1.028623e+00 -4.231857e+01 2.539766e+02
    endloop
  endfacet
  facet normal 9.288403e-02 -9.956725e-01 2.968008e-03
    outer loop
      vertex   -1.028623e+00 -4.231857e+01 2.539766e+02
      vertex   -5.746993e-01 -4.227134e+01 2.556145e+02
      vertex   -8.371197e-01 -4.229540e+01 2.557558e+02
    endloop
  endfacet
  facet normal 1.220466e-01 -9.925243e-01 -2.118633e-04
    outer loop
      vertex   -1.028623e+00 -4.231857e+01 2.539766e+02
      vertex   -8.371197e-01 -4.229540e+01 2.557558e+02
      vertex   -1.060680e+00 -4.232293e+01 2.559394e+02
    endloop
  endfacet
  facet normal 1.491568e-01 -9.888135e-01 2.391563e-04
    outer loop
      vertex   -1.060680e+00 -4.232293e+01 2.559394e+02
      vertex   -1.244227e+00 -4.235056e+01 2.561629e+02
      vertex   -1.028623e+00 -4.231857e+01 2.539766e+02
    endloop
  endfacet
  facet normal 1.745160e-01 -9.846503e-01 2.800870e-03
    outer loop
      vertex   -1.028623e+00 -4.231857e+01 2.539766e+02
      vertex   -1.244227e+00 -4.235056e+01 2.561629e+02
      vertex   -1.385551e+00 -4.237486e+01 2.564253e+02
    endloop
  endfacet
  facet normal 2.095421e-01 -9.777664e-01 8.064513e-03
    outer loop
      vertex   -1.028623e+00 -4.231857e+01 2.539766e+02
      vertex   -1.385551e+00 -4.237486e+01 2.564253e+02
      vertex   -1.471504e+00 -4.239092e+01 2.567111e+02
    endloop
  endfacet
  facet normal 1.852872e-01 -9.826762e-01 4.006300e-03
    outer loop
      vertex   -1.028623e+00 -4.231857e+01 2.539766e+02
      vertex   -1.471504e+00 -4.239092e+01 2.567111e+02
      vertex   -1.839282e+00 -4.247142e+01 2.539766e+02
    endloop
  endfacet
  facet normal 2.052831e-01 -9.787019e-01 1.199982e-03
    outer loop
      vertex   -1.839282e+00 -4.247142e+01 2.539766e+02
      vertex   -1.471504e+00 -4.239092e+01 2.567111e+02
      vertex   -1.500000e+00 -4.239655e+01 2.570000e+02
    endloop
  endfacet
  facet normal 2.154917e-01 -9.765057e-01 2.081547e-15
    outer loop
      vertex   -1.839282e+00 -4.247142e+01 2.539766e+02
      vertex   -1.500000e+00 -4.239655e+01 2.570000e+02
      vertex   -1.839282e+00 -4.247142e+01 2.639766e+02
    endloop
  endfacet
  facet normal 2.008544e-01 -9.796208e-01 -7.452623e-04
    outer loop
      vertex   -1.839282e+00 -4.247142e+01 2.639766e+02
      vertex   -1.500000e+00 -4.239655e+01 2.570000e+02
      vertex   -1.471504e+00 -4.239092e+01 2.572889e+02
    endloop
  endfacet
  facet normal 1.852885e-01 -9.826828e-01 -1.638140e-03
    outer loop
      vertex   -1.839282e+00 -4.247142e+01 2.639766e+02
      vertex   -1.471504e+00 -4.239092e+01 2.572889e+02
      vertex   -1.028623e+00 -4.231857e+01 2.639766e+02
    endloop
  endfacet
  facet normal 1.899946e-01 -9.817832e-01 -1.959532e-03
    outer loop
      vertex   -1.028623e+00 -4.231857e+01 2.639766e+02
      vertex   -1.471504e+00 -4.239092e+01 2.572889e+02
      vertex   -1.385551e+00 -4.237486e+01 2.575747e+02
    endloop
  endfacet
  facet normal 1.710403e-01 -9.852636e-01 -8.721600e-04
    outer loop
      vertex   -1.028623e+00 -4.231857e+01 2.639766e+02
      vertex   -1.385551e+00 -4.237486e+01 2.575747e+02
      vertex   -1.244227e+00 -4.235056e+01 2.578371e+02
    endloop
  endfacet
  facet normal 1.489652e-01 -9.888424e-01 -7.828699e-05
    outer loop
      vertex   -1.244227e+00 -4.235056e+01 2.578371e+02
      vertex   -1.060680e+00 -4.232293e+01 2.580606e+02
      vertex   -1.028623e+00 -4.231857e+01 2.639766e+02
    endloop
  endfacet
  facet normal 1.221617e-01 -9.925102e-01 6.965760e-05
    outer loop
      vertex   -1.028623e+00 -4.231857e+01 2.639766e+02
      vertex   -1.060680e+00 -4.232293e+01 2.580606e+02
      vertex   -8.371197e-01 -4.229540e+01 2.582442e+02
    endloop
  endfacet
  facet normal 9.181065e-02 -9.957760e-01 -9.574849e-04
    outer loop
      vertex   -1.028623e+00 -4.231857e+01 2.639766e+02
      vertex   -8.371197e-01 -4.229540e+01 2.582442e+02
      vertex   -5.746993e-01 -4.227134e+01 2.583855e+02
    endloop
  endfacet
  facet normal 7.978596e-02 -9.968101e-01 -1.942475e-03
    outer loop
      vertex   -1.028623e+00 -4.231857e+01 2.639766e+02
      vertex   -5.746993e-01 -4.227134e+01 2.583855e+02
      vertex   -2.063090e-01 -4.225275e+01 2.639766e+02
    endloop
  endfacet
  facet normal 5.536658e-02 -9.984660e-01 -3.279932e-04
    outer loop
      vertex   -2.063090e-01 -4.225275e+01 2.639766e+02
      vertex   -5.746993e-01 -4.227134e+01 2.583855e+02
      vertex   -2.889012e-01 -4.225552e+01 2.584715e+02
    endloop
  endfacet
  facet normal 1.907499e-02 -9.998180e-01 2.171659e-04
    outer loop
      vertex   -2.063090e-01 -4.225275e+01 2.639766e+02
      vertex   -2.889012e-01 -4.225552e+01 2.584715e+02
      vertex   -1.373901e-14 -4.225000e+01 2.585000e+02
    endloop
  endfacet
  facet normal -1.921721e-02 -9.998146e-01 -1.225342e-03
    outer loop
      vertex   -1.373901e-14 -4.225000e+01 2.585000e+02
      vertex   2.889012e-01 -4.225552e+01 2.584715e+02
      vertex   -2.063090e-01 -4.225275e+01 2.639766e+02
    endloop
  endfacet
  facet normal -2.662047e-02 -9.996438e-01 -1.891388e-03
    outer loop
      vertex   -2.063090e-01 -4.225275e+01 2.639766e+02
      vertex   2.889012e-01 -4.225552e+01 2.584715e+02
      vertex   6.183423e-01 -4.227471e+01 2.639766e+02
    endloop
  endfacet
  facet normal -5.531917e-02 -9.984687e-01 -1.698742e-04
    outer loop
      vertex   6.183423e-01 -4.227471e+01 2.639766e+02
      vertex   2.889012e-01 -4.225552e+01 2.584715e+02
      vertex   5.746993e-01 -4.227134e+01 2.583855e+02
    endloop
  endfacet
  facet normal -9.123942e-02 -9.958290e-01 1.121052e-04
    outer loop
      vertex   6.183423e-01 -4.227471e+01 2.639766e+02
      vertex   5.746993e-01 -4.227134e+01 2.583855e+02
      vertex   8.371197e-01 -4.229540e+01 2.582442e+02
    endloop
  endfacet
  facet normal -1.231214e-01 -9.923910e-01 -1.117083e-03
    outer loop
      vertex   8.371197e-01 -4.229540e+01 2.582442e+02
      vertex   1.060680e+00 -4.232293e+01 2.580606e+02
      vertex   6.183423e-01 -4.227471e+01 2.639766e+02
    endloop
  endfacet
  facet normal -1.327253e-01 -9.911511e-01 -1.845278e-03
    outer loop
      vertex   6.183423e-01 -4.227471e+01 2.639766e+02
      vertex   1.060680e+00 -4.232293e+01 2.580606e+02
      vertex   1.435988e+00 -4.238420e+01 2.639766e+02
    endloop
  endfacet
  facet normal -1.497531e-01 -9.887232e-01 -7.398893e-04
    outer loop
      vertex   1.435988e+00 -4.238420e+01 2.639766e+02
      vertex   1.060680e+00 -4.232293e+01 2.580606e+02
      vertex   1.244227e+00 -4.235056e+01 2.578371e+02
    endloop
  endfacet
  facet normal -1.696495e-01 -9.855045e-01 -1.008109e-04
    outer loop
      vertex   1.435988e+00 -4.238420e+01 2.639766e+02
      vertex   1.244227e+00 -4.235056e+01 2.578371e+02
      vertex   1.385551e+00 -4.237486e+01 2.575747e+02
    endloop
  endfacet
  facet normal -1.836610e-01 -9.829897e-01 1.324507e-05
    outer loop
      vertex   1.385551e+00 -4.237486e+01 2.575747e+02
      vertex   1.471504e+00 -4.239092e+01 2.572889e+02
      vertex   1.435988e+00 -4.238420e+01 2.639766e+02
    endloop
  endfacet
  facet normal -1.940143e-01 -9.809987e-01 -4.374084e-05
    outer loop
      vertex   1.435988e+00 -4.238420e+01 2.639766e+02
      vertex   1.471504e+00 -4.239092e+01 2.572889e+02
      vertex   1.500000e+00 -4.239655e+01 2.570000e+02
    endloop
  endfacet
  facet normal -2.373267e-01 -9.714298e-01 -4.580825e-04
    outer loop
      vertex   1.435988e+00 -4.238420e+01 2.639766e+02
      vertex   1.500000e+00 -4.239655e+01 2.570000e+02
      vertex   2.237363e+00 -4.257998e+01 2.639766e+02
    endloop
  endfacet
  facet normal 2.886919e-01 -9.574220e-01 2.040868e-15
    outer loop
      vertex   -1.839282e+00 -4.247142e+01 2.539766e+02
      vertex   -1.839282e+00 -4.247142e+01 2.639766e+02
      vertex   -2.629101e+00 -4.270957e+01 2.539766e+02
    endloop
  endfacet
  facet normal 2.886919e-01 -9.574220e-01 2.040868e-15
    outer loop
      vertex   -2.629101e+00 -4.270957e+01 2.539766e+02
      vertex   -1.839282e+00 -4.247142e+01 2.639766e+02
      vertex   -2.629101e+00 -4.270957e+01 2.639766e+02
    endloop
  endfacet
  facet normal 3.888242e-01 -9.213120e-01 1.963895e-15
    outer loop
      vertex   -2.629101e+00 -4.270957e+01 2.539766e+02
      vertex   -2.629101e+00 -4.270957e+01 2.639766e+02
      vertex   -3.389132e+00 -4.303033e+01 2.539766e+02
    endloop
  endfacet
  facet normal 3.888242e-01 -9.213120e-01 1.309263e-15
    outer loop
      vertex   -3.389132e+00 -4.303033e+01 2.539766e+02
      vertex   -2.629101e+00 -4.270957e+01 2.639766e+02
      vertex   -3.389132e+00 -4.303033e+01 2.639766e+02
    endloop
  endfacet
  facet normal 4.845509e-01 -8.747631e-01 1.243113e-15
    outer loop
      vertex   -3.389132e+00 -4.303033e+01 2.539766e+02
      vertex   -3.389132e+00 -4.303033e+01 2.639766e+02
      vertex   -4.110762e+00 -4.343006e+01 2.539766e+02
    endloop
  endfacet
  facet normal 4.845509e-01 -8.747631e-01 1.243113e-15
    outer loop
      vertex   -4.110762e+00 -4.343006e+01 2.539766e+02
      vertex   -3.389132e+00 -4.303033e+01 2.639766e+02
      vertex   -4.110762e+00 -4.343006e+01 2.639766e+02
    endloop
  endfacet
  facet normal 5.747874e-01 -8.183028e-01 1.162878e-15
    outer loop
      vertex   -4.110762e+00 -4.343006e+01 2.539766e+02
      vertex   -4.110762e+00 -4.343006e+01 2.639766e+02
      vertex   -4.785816e+00 -4.390423e+01 2.539766e+02
    endloop
  endfacet
  facet normal 5.747874e-01 -8.183028e-01 1.744317e-15
    outer loop
      vertex   -4.785816e+00 -4.390423e+01 2.539766e+02
      vertex   -4.110762e+00 -4.343006e+01 2.639766e+02
      vertex   -4.785816e+00 -4.390423e+01 2.639766e+02
    endloop
  endfacet
  facet normal 6.585114e-01 -7.525708e-01 1.604201e-15
    outer loop
      vertex   -4.785816e+00 -4.390423e+01 2.539766e+02
      vertex   -4.785816e+00 -4.390423e+01 2.639766e+02
      vertex   -5.406644e+00 -4.444746e+01 2.539766e+02
    endloop
  endfacet
  facet normal 6.585114e-01 -7.525708e-01 1.069467e-15
    outer loop
      vertex   -5.406644e+00 -4.444746e+01 2.539766e+02
      vertex   -4.785816e+00 -4.390423e+01 2.639766e+02
      vertex   -5.406644e+00 -4.444746e+01 2.639766e+02
    endloop
  endfacet
  facet normal 7.347742e-01 -6.783118e-01 9.639391e-16
    outer loop
      vertex   -5.406644e+00 -4.444746e+01 2.539766e+02
      vertex   -5.406644e+00 -4.444746e+01 2.639766e+02
      vertex   -5.966213e+00 -4.505361e+01 2.539766e+02
    endloop
  endfacet
  facet normal 7.347742e-01 -6.783118e-01 1.445909e-15
    outer loop
      vertex   -5.966213e+00 -4.505361e+01 2.539766e+02
      vertex   -5.406644e+00 -4.444746e+01 2.639766e+02
      vertex   -5.966213e+00 -4.505361e+01 2.639766e+02
    endloop
  endfacet
  facet normal 8.027116e-01 -5.963674e-01 1.271233e-15
    outer loop
      vertex   -5.966213e+00 -4.505361e+01 2.539766e+02
      vertex   -5.966213e+00 -4.505361e+01 2.639766e+02
      vertex   -6.458183e+00 -4.571580e+01 2.539766e+02
    endloop
  endfacet
  facet normal 8.027116e-01 -5.963674e-01 8.474890e-16
    outer loop
      vertex   -6.458183e+00 -4.571580e+01 2.539766e+02
      vertex   -5.966213e+00 -4.505361e+01 2.639766e+02
      vertex   -6.458183e+00 -4.571580e+01 2.639766e+02
    endloop
  endfacet
  facet normal 8.615541e-01 -5.076658e-01 7.214365e-16
    outer loop
      vertex   -6.458183e+00 -4.571580e+01 2.539766e+02
      vertex   -6.458183e+00 -4.571580e+01 2.639766e+02
      vertex   -6.876979e+00 -4.642653e+01 2.539766e+02
    endloop
  endfacet
  facet normal 8.615541e-01 -5.076658e-01 7.214365e-16
    outer loop
      vertex   -6.876979e+00 -4.642653e+01 2.539766e+02
      vertex   -6.458183e+00 -4.571580e+01 2.639766e+02
      vertex   -6.876979e+00 -4.642653e+01 2.639766e+02
    endloop
  endfacet
  facet normal 9.106348e-01 -4.132122e-01 5.872098e-16
    outer loop
      vertex   -6.876979e+00 -4.642653e+01 2.539766e+02
      vertex   -6.876979e+00 -4.642653e+01 2.639766e+02
      vertex   -7.217855e+00 -4.717776e+01 2.539766e+02
    endloop
  endfacet
  facet normal 9.106348e-01 -4.132122e-01 8.808148e-16
    outer loop
      vertex   -7.217855e+00 -4.717776e+01 2.539766e+02
      vertex   -6.876979e+00 -4.642653e+01 2.639766e+02
      vertex   -7.217855e+00 -4.717776e+01 2.639766e+02
    endloop
  endfacet
  facet normal 9.493976e-01 -3.140767e-01 6.694948e-16
    outer loop
      vertex   -7.217855e+00 -4.717776e+01 2.539766e+02
      vertex   -7.217855e+00 -4.717776e+01 2.639766e+02
      vertex   -7.476951e+00 -4.796096e+01 2.539766e+02
    endloop
  endfacet
  facet normal 9.493976e-01 -3.140767e-01 4.463299e-16
    outer loop
      vertex   -7.476951e+00 -4.796096e+01 2.539766e+02
      vertex   -7.217855e+00 -4.717776e+01 2.639766e+02
      vertex   -7.476951e+00 -4.796096e+01 2.639766e+02
    endloop
  endfacet
  facet normal 9.774023e-01 2.113824e-01 1.478402e-03
    outer loop
      vertex   -7.476951e+00 -5.203905e+01 2.539766e+02
      vertex   -7.651330e+00 -5.123274e+01 2.539766e+02
      vertex   -7.603473e+00 -5.149999e+01 2.605486e+02
    endloop
  endfacet
  facet normal 1.000000e+00 -1.277480e-15 5.958732e-17
    outer loop
      vertex   2.000000e+01 -4.651584e+01 2.602193e+02
      vertex   2.000000e+01 -4.072934e+01 2.650307e+02
      vertex   2.000000e+01 -4.650000e+01 2.605588e+02
    endloop
  endfacet
  facet normal 1.000000e+00 -4.772802e-16 -9.730018e-16
    outer loop
      vertex   2.000000e+01 -4.650000e+01 2.605588e+02
      vertex   2.000000e+01 -4.072934e+01 2.650307e+02
      vertex   2.000000e+01 -4.111083e+01 2.652179e+02
    endloop
  endfacet
  facet normal 1.000000e+00 -1.267357e-15 -5.911513e-17
    outer loop
      vertex   2.000000e+01 -4.650000e+01 2.605588e+02
      vertex   2.000000e+01 -4.111083e+01 2.652179e+02
      vertex   2.000000e+01 -4.651584e+01 2.608983e+02
    endloop
  endfacet
  facet normal 1.000000e+00 -6.468062e-16 -8.356047e-16
    outer loop
      vertex   2.000000e+01 -4.651584e+01 2.608983e+02
      vertex   2.000000e+01 -4.111083e+01 2.652179e+02
      vertex   2.000000e+01 -4.144683e+01 2.654779e+02
    endloop
  endfacet
  facet normal 1.000000e+00 -1.239382e-15 -1.797076e-16
    outer loop
      vertex   2.000000e+01 -4.651584e+01 2.608983e+02
      vertex   2.000000e+01 -4.144683e+01 2.654779e+02
      vertex   2.000000e+01 -4.656449e+01 2.612339e+02
    endloop
  endfacet
  facet normal 1.000000e+00 -1.150307e-15 -2.871162e-16
    outer loop
      vertex   2.000000e+01 -4.656449e+01 2.612339e+02
      vertex   2.000000e+01 -4.144683e+01 2.654779e+02
      vertex   2.000000e+01 -4.664767e+01 2.615671e+02
    endloop
  endfacet
  facet normal 1.000000e+00 -8.302510e-16 -7.127471e-16
    outer loop
      vertex   2.000000e+01 -4.664767e+01 2.615671e+02
      vertex   2.000000e+01 -4.144683e+01 2.654779e+02
      vertex   2.000000e+01 -4.172360e+01 2.658003e+02
    endloop
  endfacet
  facet normal 1.000000e+00 -1.102697e-15 -3.958381e-16
    outer loop
      vertex   2.000000e+01 -4.664767e+01 2.615671e+02
      vertex   2.000000e+01 -4.172360e+01 2.658003e+02
      vertex   2.000000e+01 -4.676711e+01 2.618998e+02
    endloop
  endfacet
  facet normal 1.000000e+00 -9.857062e-16 -5.471116e-16
    outer loop
      vertex   2.000000e+01 -4.676711e+01 2.618998e+02
      vertex   2.000000e+01 -4.172360e+01 2.658003e+02
      vertex   2.000000e+01 -4.192981e+01 2.661719e+02
    endloop
  endfacet
  facet normal 1.000000e+00 -1.036132e-15 -4.900136e-16
    outer loop
      vertex   2.000000e+01 -4.676711e+01 2.618998e+02
      vertex   2.000000e+01 -4.192981e+01 2.661719e+02
      vertex   2.000000e+01 -4.691808e+01 2.622191e+02
    endloop
  endfacet
  facet normal 1.000000e+00 -9.645490e-16 -5.803485e-16
    outer loop
      vertex   2.000000e+01 -4.691808e+01 2.622191e+02
      vertex   2.000000e+01 -4.192981e+01 2.661719e+02
      vertex   2.000000e+01 -4.709484e+01 2.625128e+02
    endloop
  endfacet
  facet normal 1.000000e+00 -1.125514e-15 -3.531324e-16
    outer loop
      vertex   2.000000e+01 -4.709484e+01 2.625128e+02
      vertex   2.000000e+01 -4.192981e+01 2.661719e+02
      vertex   2.000000e+01 -4.205701e+01 2.665773e+02
    endloop
  endfacet
  facet normal 1.000000e+00 -8.797729e-16 -6.577255e-16
    outer loop
      vertex   2.000000e+01 -4.709484e+01 2.625128e+02
      vertex   2.000000e+01 -4.205701e+01 2.665773e+02
      vertex   2.000000e+01 -4.729723e+01 2.627836e+02
    endloop
  endfacet
  facet normal 1.000000e+00 -8.169879e-16 -7.444495e-16
    outer loop
      vertex   2.000000e+01 -4.729723e+01 2.627836e+02
      vertex   2.000000e+01 -4.205701e+01 2.665773e+02
      vertex   2.000000e+01 -4.752513e+01 2.630337e+02
    endloop
  endfacet
  facet normal 1.000000e+00 -1.219091e-15 -1.239694e-16
    outer loop
      vertex   2.000000e+01 -4.752513e+01 2.630337e+02
      vertex   2.000000e+01 -4.205701e+01 2.665773e+02
      vertex   2.000000e+01 -4.210000e+01 2.670000e+02
    endloop
  endfacet
  facet normal 1.000000e+00 -7.266807e-16 -7.974830e-16
    outer loop
      vertex   2.000000e+01 -4.752513e+01 2.630337e+02
      vertex   2.000000e+01 -4.210000e+01 2.670000e+02
      vertex   2.000000e+01 -4.777522e+01 2.632616e+02
    endloop
  endfacet
  facet normal 1.000000e+00 -6.655683e-16 -8.902556e-16
    outer loop
      vertex   2.000000e+01 -4.777522e+01 2.632616e+02
      vertex   2.000000e+01 -4.210000e+01 2.670000e+02
      vertex   2.000000e+01 -4.804594e+01 2.634639e+02
    endloop
  endfacet
  facet normal 1.000000e+00 -1.271925e-15 1.293421e-16
    outer loop
      vertex   2.000000e+01 -4.804594e+01 2.634639e+02
      vertex   2.000000e+01 -4.210000e+01 2.670000e+02
      vertex   2.000000e+01 -4.205701e+01 2.674227e+02
    endloop
  endfacet
  facet normal 1.000000e+00 -5.653373e-16 -9.395966e-16
    outer loop
      vertex   2.000000e+01 -4.804594e+01 2.634639e+02
      vertex   2.000000e+01 -4.205701e+01 2.674227e+02
      vertex   2.000000e+01 -4.833971e+01 2.636407e+02
    endloop
  endfacet
  facet normal 1.000000e+00 -4.975856e-16 -1.052145e-15
    outer loop
      vertex   2.000000e+01 -4.833971e+01 2.636407e+02
      vertex   2.000000e+01 -4.205701e+01 2.674227e+02
      vertex   2.000000e+01 -4.865896e+01 2.637917e+02
    endloop
  endfacet
  facet normal 1.000000e+00 -1.300718e-15 4.081028e-16
    outer loop
      vertex   2.000000e+01 -4.865896e+01 2.637917e+02
      vertex   2.000000e+01 -4.205701e+01 2.674227e+02
      vertex   2.000000e+01 -4.192981e+01 2.678282e+02
    endloop
  endfacet
  facet normal 1.000000e+00 -3.953236e-16 -1.101268e-15
    outer loop
      vertex   2.000000e+01 -4.865896e+01 2.637917e+02
      vertex   2.000000e+01 -4.192981e+01 2.678282e+02
      vertex   2.000000e+01 -4.899167e+01 2.639111e+02
    endloop
  endfacet
  facet normal 1.000000e+00 -6.715411e-16 -6.032871e-16
    outer loop
      vertex   2.000000e+01 -4.899167e+01 2.639111e+02
      vertex   2.000000e+01 -4.192981e+01 2.678282e+02
      vertex   2.000000e+01 -5.166726e+01 2.786673e+02
    endloop
  endfacet
  facet normal 1.000000e+00 4.328868e-16 -4.030318e-16
    outer loop
      vertex   2.000000e+01 -4.899167e+01 2.639111e+02
      vertex   2.000000e+01 -5.166726e+01 2.786673e+02
      vertex   2.000000e+01 -5.246987e+01 2.778052e+02
    endloop
  endfacet
  facet normal 1.000000e+00 -1.164070e-15 -7.680423e-17
    outer loop
      vertex   2.000000e+01 -4.072934e+01 2.650307e+02
      vertex   2.000000e+01 -4.651584e+01 2.602193e+02
      vertex   2.000000e+01 -4.000000e+01 2.539766e+02
    endloop
  endfacet
  facet normal 1.000000e+00 -9.574745e-16 1.388317e-16
    outer loop
      vertex   2.000000e+01 -4.000000e+01 2.539766e+02
      vertex   2.000000e+01 -4.651584e+01 2.602193e+02
      vertex   2.000000e+01 -4.656449e+01 2.598837e+02
    endloop
  endfacet
  facet normal 1.000000e+00 -8.838800e-16 2.206161e-16
    outer loop
      vertex   2.000000e+01 -4.000000e+01 2.539766e+02
      vertex   2.000000e+01 -4.656449e+01 2.598837e+02
      vertex   2.000000e+01 -4.664767e+01 2.595504e+02
    endloop
  endfacet
  facet normal 1.000000e+00 -8.215759e-16 2.949232e-16
    outer loop
      vertex   2.000000e+01 -4.664767e+01 2.595504e+02
      vertex   2.000000e+01 -4.676711e+01 2.592177e+02
      vertex   2.000000e+01 -4.000000e+01 2.539766e+02
    endloop
  endfacet
  facet normal 1.000000e+00 -7.685049e-16 3.634458e-16
    outer loop
      vertex   2.000000e+01 -4.000000e+01 2.539766e+02
      vertex   2.000000e+01 -4.676711e+01 2.592177e+02
      vertex   2.000000e+01 -4.691808e+01 2.588985e+02
    endloop
  endfacet
  facet normal 1.000000e+00 -7.192099e-16 4.327332e-16
    outer loop
      vertex   2.000000e+01 -4.000000e+01 2.539766e+02
      vertex   2.000000e+01 -4.691808e+01 2.588985e+02
      vertex   2.000000e+01 -4.709484e+01 2.586047e+02
    endloop
  endfacet
  facet normal 1.000000e+00 -6.731892e-16 5.032819e-16
    outer loop
      vertex   2.000000e+01 -4.709484e+01 2.586047e+02
      vertex   2.000000e+01 -4.729723e+01 2.583340e+02
      vertex   2.000000e+01 -4.000000e+01 2.539766e+02
    endloop
  endfacet
  facet normal 1.000000e+00 -6.305977e-16 5.746085e-16
    outer loop
      vertex   2.000000e+01 -4.000000e+01 2.539766e+02
      vertex   2.000000e+01 -4.729723e+01 2.583340e+02
      vertex   2.000000e+01 -4.752513e+01 2.580839e+02
    endloop
  endfacet
  facet normal 1.000000e+00 -5.905132e-16 6.480484e-16
    outer loop
      vertex   2.000000e+01 -4.000000e+01 2.539766e+02
      vertex   2.000000e+01 -4.752513e+01 2.580839e+02
      vertex   2.000000e+01 -4.777522e+01 2.578560e+02
    endloop
  endfacet
  facet normal 1.000000e+00 -5.480767e-16 7.331003e-16
    outer loop
      vertex   2.000000e+01 -4.777522e+01 2.578560e+02
      vertex   2.000000e+01 -4.804594e+01 2.576536e+02
      vertex   2.000000e+01 -4.000000e+01 2.539766e+02
    endloop
  endfacet
  facet normal 1.000000e+00 -5.018946e-16 8.341542e-16
    outer loop
      vertex   2.000000e+01 -4.000000e+01 2.539766e+02
      vertex   2.000000e+01 -4.804594e+01 2.576536e+02
      vertex   2.000000e+01 -4.833971e+01 2.574769e+02
    endloop
  endfacet
  facet normal 1.000000e+00 -4.513947e-16 9.544744e-16
    outer loop
      vertex   2.000000e+01 -4.000000e+01 2.539766e+02
      vertex   2.000000e+01 -4.833971e+01 2.574769e+02
      vertex   2.000000e+01 -4.865896e+01 2.573259e+02
    endloop
  endfacet
  facet normal 1.000000e+00 -3.949824e-16 1.100317e-15
    outer loop
      vertex   2.000000e+01 -4.865896e+01 2.573259e+02
      vertex   2.000000e+01 -4.899167e+01 2.572065e+02
      vertex   2.000000e+01 -4.000000e+01 2.539766e+02
    endloop
  endfacet
  facet normal 1.000000e+00 -3.239750e-16 1.297996e-15
    outer loop
      vertex   2.000000e+01 -4.000000e+01 2.539766e+02
      vertex   2.000000e+01 -4.899167e+01 2.572065e+02
      vertex   2.000000e+01 -4.932495e+01 2.571233e+02
    endloop
  endfacet
  facet normal 1.000000e+00 -2.290063e-16 1.579429e-15
    outer loop
      vertex   2.000000e+01 -4.000000e+01 2.539766e+02
      vertex   2.000000e+01 -4.932495e+01 2.571233e+02
      vertex   2.000000e+01 -4.966049e+01 2.570746e+02
    endloop
  endfacet
  facet normal 1.000000e+00 -9.339137e-17 2.002312e-15
    outer loop
      vertex   2.000000e+01 -4.966049e+01 2.570746e+02
      vertex   2.000000e+01 -5.000000e+01 2.570588e+02
      vertex   2.000000e+01 -4.000000e+01 2.539766e+02
    endloop
  endfacet
  facet normal 1.000000e+00 1.266965e-16 2.716375e-15
    outer loop
      vertex   2.000000e+01 -4.000000e+01 2.539766e+02
      vertex   2.000000e+01 -5.000000e+01 2.570588e+02
      vertex   2.000000e+01 -5.033951e+01 2.570746e+02
    endloop
  endfacet
  facet normal 1.000000e+00 6.443534e-16 4.444028e-15
    outer loop
      vertex   2.000000e+01 -4.000000e+01 2.539766e+02
      vertex   2.000000e+01 -5.033951e+01 2.570746e+02
      vertex   2.000000e+01 -5.067505e+01 2.571233e+02
    endloop
  endfacet
  facet normal 1.000000e+00 5.834386e-30 2.258071e-15
    outer loop
      vertex   2.000000e+01 -4.000000e+01 2.539766e+02
      vertex   2.000000e+01 -5.067505e+01 2.571233e+02
      vertex   2.000000e+01 -7.300000e+01 2.539766e+02
    endloop
  endfacet
  facet normal 1.000000e+00 2.034072e-16 8.149452e-16
    outer loop
      vertex   2.000000e+01 -7.300000e+01 2.539766e+02
      vertex   2.000000e+01 -5.067505e+01 2.571233e+02
      vertex   2.000000e+01 -5.100833e+01 2.572065e+02
    endloop
  endfacet
  facet normal 1.000000e+00 2.292870e-16 6.387335e-16
    outer loop
      vertex   2.000000e+01 -7.300000e+01 2.539766e+02
      vertex   2.000000e+01 -5.100833e+01 2.572065e+02
      vertex   2.000000e+01 -5.134104e+01 2.573259e+02
    endloop
  endfacet
  facet normal 1.000000e+00 2.472222e-16 5.227516e-16
    outer loop
      vertex   2.000000e+01 -5.134104e+01 2.573259e+02
      vertex   2.000000e+01 -5.166029e+01 2.574769e+02
      vertex   2.000000e+01 -7.300000e+01 2.539766e+02
    endloop
  endfacet
  facet normal 1.000000e+00 2.616405e-16 4.348493e-16
    outer loop
      vertex   2.000000e+01 -7.300000e+01 2.539766e+02
      vertex   2.000000e+01 -5.166029e+01 2.574769e+02
      vertex   2.000000e+01 -5.195406e+01 2.576536e+02
    endloop
  endfacet
  facet normal 1.000000e+00 2.736615e-16 3.660460e-16
    outer loop
      vertex   2.000000e+01 -7.300000e+01 2.539766e+02
      vertex   2.000000e+01 -5.195406e+01 2.576536e+02
      vertex   2.000000e+01 -5.222478e+01 2.578560e+02
    endloop
  endfacet
  facet normal 1.000000e+00 2.838466e-16 3.115025e-16
    outer loop
      vertex   2.000000e+01 -5.222478e+01 2.578560e+02
      vertex   2.000000e+01 -5.247487e+01 2.580839e+02
      vertex   2.000000e+01 -7.300000e+01 2.539766e+02
    endloop
  endfacet
  facet normal 1.000000e+00 2.927928e-16 2.667964e-16
    outer loop
      vertex   2.000000e+01 -7.300000e+01 2.539766e+02
      vertex   2.000000e+01 -5.247487e+01 2.580839e+02
      vertex   2.000000e+01 -5.270277e+01 2.583340e+02
    endloop
  endfacet
  facet normal 1.000000e+00 3.016542e-16 2.255192e-16
    outer loop
      vertex   2.000000e+01 -7.300000e+01 2.539766e+02
      vertex   2.000000e+01 -5.270277e+01 2.583340e+02
      vertex   2.000000e+01 -5.290516e+01 2.586047e+02
    endloop
  endfacet
  facet normal 1.000000e+00 3.105588e-16 1.868566e-16
    outer loop
      vertex   2.000000e+01 -5.290516e+01 2.586047e+02
      vertex   2.000000e+01 -5.308192e+01 2.588985e+02
      vertex   2.000000e+01 -7.300000e+01 2.539766e+02
    endloop
  endfacet
  facet normal 1.000000e+00 3.194056e-16 1.510552e-16
    outer loop
      vertex   2.000000e+01 -7.300000e+01 2.539766e+02
      vertex   2.000000e+01 -5.308192e+01 2.588985e+02
      vertex   2.000000e+01 -5.323289e+01 2.592177e+02
    endloop
  endfacet
  facet normal 1.000000e+00 5.365893e-16 -6.680577e-16
    outer loop
      vertex   2.000000e+01 -7.300000e+01 2.539766e+02
      vertex   2.000000e+01 -5.323289e+01 2.592177e+02
      vertex   2.000000e+01 -5.853191e+01 2.655975e+02
    endloop
  endfacet
  facet normal 1.000000e+00 2.361499e-15 8.477133e-16
    outer loop
      vertex   2.000000e+01 -5.853191e+01 2.655975e+02
      vertex   2.000000e+01 -5.323289e+01 2.592177e+02
      vertex   2.000000e+01 -5.335232e+01 2.595504e+02
    endloop
  endfacet
  facet normal 1.000000e+00 1.935954e-15 4.832133e-16
    outer loop
      vertex   2.000000e+01 -5.853191e+01 2.655975e+02
      vertex   2.000000e+01 -5.335232e+01 2.595504e+02
      vertex   2.000000e+01 -5.343551e+01 2.598837e+02
    endloop
  endfacet
  facet normal 1.000000e+00 -3.928851e-16 -1.593998e-15
    outer loop
      vertex   2.000000e+01 -5.853191e+01 2.655975e+02
      vertex   2.000000e+01 -5.343551e+01 2.598837e+02
      vertex   2.000000e+01 -5.818081e+01 2.655109e+02
    endloop
  endfacet
  facet normal 1.000000e+00 1.808291e-15 2.621982e-16
    outer loop
      vertex   2.000000e+01 -5.818081e+01 2.655109e+02
      vertex   2.000000e+01 -5.343551e+01 2.598837e+02
      vertex   2.000000e+01 -5.348416e+01 2.602193e+02
    endloop
  endfacet
  facet normal 1.000000e+00 0.000000e+00 -1.342755e-15
    outer loop
      vertex   2.000000e+01 -5.818081e+01 2.655109e+02
      vertex   2.000000e+01 -5.348416e+01 2.602193e+02
      vertex   2.000000e+01 -5.781920e+01 2.655109e+02
    endloop
  endfacet
  facet normal 1.000000e+00 1.738031e-15 8.106946e-17
    outer loop
      vertex   2.000000e+01 -5.781920e+01 2.655109e+02
      vertex   2.000000e+01 -5.348416e+01 2.602193e+02
      vertex   2.000000e+01 -5.350000e+01 2.605588e+02
    endloop
  endfacet
  facet normal 1.000000e+00 1.561568e-15 -7.283847e-17
    outer loop
      vertex   2.000000e+01 -5.781920e+01 2.655109e+02
      vertex   2.000000e+01 -5.350000e+01 2.605588e+02
      vertex   2.000000e+01 -5.348416e+01 2.608983e+02
    endloop
  endfacet
  facet normal 1.000000e+00 3.082718e-16 -1.250708e-15
    outer loop
      vertex   2.000000e+01 -5.781920e+01 2.655109e+02
      vertex   2.000000e+01 -5.348416e+01 2.608983e+02
      vertex   2.000000e+01 -5.746809e+01 2.655975e+02
    endloop
  endfacet
  facet normal 1.000000e+00 1.523037e-15 -2.208371e-16
    outer loop
      vertex   2.000000e+01 -5.746809e+01 2.655975e+02
      vertex   2.000000e+01 -5.348416e+01 2.608983e+02
      vertex   2.000000e+01 -5.343551e+01 2.612339e+02
    endloop
  endfacet
  facet normal 1.000000e+00 5.754882e-16 -1.096501e-15
    outer loop
      vertex   2.000000e+01 -5.746809e+01 2.655975e+02
      vertex   2.000000e+01 -5.343551e+01 2.612339e+02
      vertex   2.000000e+01 -5.714790e+01 2.657655e+02
    endloop
  endfacet
  facet normal 1.000000e+00 1.467003e-15 -3.661633e-16
    outer loop
      vertex   2.000000e+01 -5.714790e+01 2.657655e+02
      vertex   2.000000e+01 -5.343551e+01 2.612339e+02
      vertex   2.000000e+01 -5.335232e+01 2.615671e+02
    endloop
  endfacet
  facet normal 1.000000e+00 1.339966e-15 -4.810112e-16
    outer loop
      vertex   2.000000e+01 -5.714790e+01 2.657655e+02
      vertex   2.000000e+01 -5.335232e+01 2.615671e+02
      vertex   2.000000e+01 -5.323289e+01 2.618998e+02
    endloop
  endfacet
  facet normal 1.000000e+00 8.583004e-16 -9.688208e-16
    outer loop
      vertex   2.000000e+01 -5.714790e+01 2.657655e+02
      vertex   2.000000e+01 -5.323289e+01 2.618998e+02
      vertex   2.000000e+01 -5.687723e+01 2.660053e+02
    endloop
  endfacet
  facet normal 1.000000e+00 1.272021e-15 -6.015717e-16
    outer loop
      vertex   2.000000e+01 -5.687723e+01 2.660053e+02
      vertex   2.000000e+01 -5.323289e+01 2.618998e+02
      vertex   2.000000e+01 -5.308192e+01 2.622191e+02
    endloop
  endfacet
  facet normal 1.000000e+00 1.108702e-15 -7.652818e-16
    outer loop
      vertex   2.000000e+01 -5.687723e+01 2.660053e+02
      vertex   2.000000e+01 -5.308192e+01 2.622191e+02
      vertex   2.000000e+01 -5.667182e+01 2.663029e+02
    endloop
  endfacet
  facet normal 1.000000e+00 1.175021e-15 -7.069847e-16
    outer loop
      vertex   2.000000e+01 -5.667182e+01 2.663029e+02
      vertex   2.000000e+01 -5.308192e+01 2.622191e+02
      vertex   2.000000e+01 -5.290516e+01 2.625128e+02
    endloop
  endfacet
  facet normal 1.000000e+00 1.076555e-15 -8.048414e-16
    outer loop
      vertex   2.000000e+01 -5.667182e+01 2.663029e+02
      vertex   2.000000e+01 -5.290516e+01 2.625128e+02
      vertex   2.000000e+01 -5.270277e+01 2.627836e+02
    endloop
  endfacet
  facet normal 1.000000e+00 1.339695e-15 -5.080793e-16
    outer loop
      vertex   2.000000e+01 -5.667182e+01 2.663029e+02
      vertex   2.000000e+01 -5.270277e+01 2.627836e+02
      vertex   2.000000e+01 -5.654359e+01 2.666410e+02
    endloop
  endfacet
  facet normal 1.000000e+00 9.659628e-16 -8.801974e-16
    outer loop
      vertex   2.000000e+01 -5.654359e+01 2.666410e+02
      vertex   2.000000e+01 -5.270277e+01 2.627836e+02
      vertex   2.000000e+01 -5.247487e+01 2.630337e+02
    endloop
  endfacet
  facet normal 1.000000e+00 8.851288e-16 -9.713691e-16
    outer loop
      vertex   2.000000e+01 -5.654359e+01 2.666410e+02
      vertex   2.000000e+01 -5.247487e+01 2.630337e+02
      vertex   2.000000e+01 -5.222478e+01 2.632616e+02
    endloop
  endfacet
  facet normal 1.000000e+00 1.502473e-15 -1.824332e-16
    outer loop
      vertex   2.000000e+01 -5.654359e+01 2.666410e+02
      vertex   2.000000e+01 -5.222478e+01 2.632616e+02
      vertex   2.000000e+01 -5.650000e+01 2.670000e+02
    endloop
  endfacet
  facet normal 1.000000e+00 7.660234e-16 -1.024623e-15
    outer loop
      vertex   2.000000e+01 -5.650000e+01 2.670000e+02
      vertex   2.000000e+01 -5.222478e+01 2.632616e+02
      vertex   2.000000e+01 -5.195406e+01 2.634639e+02
    endloop
  endfacet
  facet normal 1.000000e+00 6.817122e-16 -1.133013e-15
    outer loop
      vertex   2.000000e+01 -5.650000e+01 2.670000e+02
      vertex   2.000000e+01 -5.195406e+01 2.634639e+02
      vertex   2.000000e+01 -5.166029e+01 2.636407e+02
    endloop
  endfacet
  facet normal 1.000000e+00 1.432636e-15 -5.116673e-17
    outer loop
      vertex   2.000000e+01 -5.650000e+01 2.670000e+02
      vertex   2.000000e+01 -5.166029e+01 2.636407e+02
      vertex   2.000000e+01 -5.645796e+01 2.681771e+02
    endloop
  endfacet
  facet normal 1.000000e+00 4.937788e-16 -1.044096e-15
    outer loop
      vertex   2.000000e+01 -5.645796e+01 2.681771e+02
      vertex   2.000000e+01 -5.166029e+01 2.636407e+02
      vertex   2.000000e+01 -5.134104e+01 2.637917e+02
    endloop
  endfacet
  facet normal 1.000000e+00 1.271459e-15 -1.366960e-16
    outer loop
      vertex   2.000000e+01 -5.645796e+01 2.681771e+02
      vertex   2.000000e+01 -5.134104e+01 2.637917e+02
      vertex   2.000000e+01 -5.633205e+01 2.693482e+02
    endloop
  endfacet
  facet normal 1.000000e+00 3.471138e-16 -9.669680e-16
    outer loop
      vertex   2.000000e+01 -5.633205e+01 2.693482e+02
      vertex   2.000000e+01 -5.134104e+01 2.637917e+02
      vertex   2.000000e+01 -5.100833e+01 2.639111e+02
    endloop
  endfacet
  facet normal 1.000000e+00 1.127007e-15 -2.033345e-16
    outer loop
      vertex   2.000000e+01 -5.633205e+01 2.693482e+02
      vertex   2.000000e+01 -5.100833e+01 2.639111e+02
      vertex   2.000000e+01 -5.612292e+01 2.705073e+02
    endloop
  endfacet
  facet normal 1.000000e+00 1.045195e-15 -2.667702e-16
    outer loop
      vertex   2.000000e+01 -5.612292e+01 2.705073e+02
      vertex   2.000000e+01 -5.100833e+01 2.639111e+02
      vertex   2.000000e+01 -5.583163e+01 2.716486e+02
    endloop
  endfacet
  facet normal 1.000000e+00 1.983466e-16 -7.946699e-16
    outer loop
      vertex   2.000000e+01 -5.583163e+01 2.716486e+02
      vertex   2.000000e+01 -5.100833e+01 2.639111e+02
      vertex   2.000000e+01 -5.067505e+01 2.639943e+02
    endloop
  endfacet
  facet normal 1.000000e+00 9.222827e-16 -3.069652e-16
    outer loop
      vertex   2.000000e+01 -5.583163e+01 2.716486e+02
      vertex   2.000000e+01 -5.067505e+01 2.639943e+02
      vertex   2.000000e+01 -5.545967e+01 2.727662e+02
    endloop
  endfacet
  facet normal 1.000000e+00 1.088402e-16 -7.506577e-16
    outer loop
      vertex   2.000000e+01 -5.545967e+01 2.727662e+02
      vertex   2.000000e+01 -5.067505e+01 2.639943e+02
      vertex   2.000000e+01 -5.033951e+01 2.640429e+02
    endloop
  endfacet
  facet normal 1.000000e+00 8.135893e-16 -3.369997e-16
    outer loop
      vertex   2.000000e+01 -5.545967e+01 2.727662e+02
      vertex   2.000000e+01 -5.033951e+01 2.640429e+02
      vertex   2.000000e+01 -5.500893e+01 2.738544e+02
    endloop
  endfacet
  facet normal 1.000000e+00 3.304450e-17 -7.084745e-16
    outer loop
      vertex   2.000000e+01 -5.500893e+01 2.738544e+02
      vertex   2.000000e+01 -5.033951e+01 2.640429e+02
      vertex   2.000000e+01 -5.000000e+01 2.640588e+02
    endloop
  endfacet
  facet normal 1.000000e+00 7.168336e-16 -3.588213e-16
    outer loop
      vertex   2.000000e+01 -5.500893e+01 2.738544e+02
      vertex   2.000000e+01 -5.000000e+01 2.640588e+02
      vertex   2.000000e+01 -5.448170e+01 2.749076e+02
    endloop
  endfacet
  facet normal 1.000000e+00 6.507629e-16 -3.861155e-16
    outer loop
      vertex   2.000000e+01 -5.448170e+01 2.749076e+02
      vertex   2.000000e+01 -5.000000e+01 2.640588e+02
      vertex   2.000000e+01 -5.388068e+01 2.759206e+02
    endloop
  endfacet
  facet normal 1.000000e+00 -2.837219e-17 -6.083001e-16
    outer loop
      vertex   2.000000e+01 -5.388068e+01 2.759206e+02
      vertex   2.000000e+01 -5.000000e+01 2.640588e+02
      vertex   2.000000e+01 -4.966049e+01 2.640429e+02
    endloop
  endfacet
  facet normal 1.000000e+00 5.699396e-16 -3.957162e-16
    outer loop
      vertex   2.000000e+01 -5.388068e+01 2.759206e+02
      vertex   2.000000e+01 -4.966049e+01 2.640429e+02
      vertex   2.000000e+01 -5.320893e+01 2.768881e+02
    endloop
  endfacet
  facet normal 1.000000e+00 -8.355107e-17 -5.762417e-16
    outer loop
      vertex   2.000000e+01 -5.320893e+01 2.768881e+02
      vertex   2.000000e+01 -4.966049e+01 2.640429e+02
      vertex   2.000000e+01 -4.932495e+01 2.639943e+02
    endloop
  endfacet
  facet normal 1.000000e+00 4.977722e-16 -4.011302e-16
    outer loop
      vertex   2.000000e+01 -5.320893e+01 2.768881e+02
      vertex   2.000000e+01 -4.932495e+01 2.639943e+02
      vertex   2.000000e+01 -5.246987e+01 2.778052e+02
    endloop
  endfacet
  facet normal 1.000000e+00 -1.361504e-16 -5.454825e-16
    outer loop
      vertex   2.000000e+01 -5.246987e+01 2.778052e+02
      vertex   2.000000e+01 -4.932495e+01 2.639943e+02
      vertex   2.000000e+01 -4.899167e+01 2.639111e+02
    endloop
  endfacet
  facet normal 1.000000e+00 0.000000e+00 -0.000000e+00
    outer loop
      vertex   2.000000e+01 -3.953070e+01 2.540135e+02
      vertex   2.000000e+01 -3.700000e+01 2.569766e+02
      vertex   2.000000e+01 -4.000000e+01 2.539766e+02
    endloop
  endfacet
  facet normal 1.000000e+00 0.000000e+00 -0.000000e+00
    outer loop
      vertex   2.000000e+01 -4.000000e+01 2.539766e+02
      vertex   2.000000e+01 -3.700000e+01 2.569766e+02
      vertex   2.000000e+01 -4.031800e+01 2.649242e+02
    endloop
  endfacet
  facet normal 1.000000e+00 0.000000e+00 0.000000e+00
    outer loop
      vertex   2.000000e+01 -4.000000e+01 2.539766e+02
      vertex   2.000000e+01 -4.031800e+01 2.649242e+02
      vertex   2.000000e+01 -4.072934e+01 2.650307e+02
    endloop
  endfacet
  facet normal 1.000000e+00 0.000000e+00 0.000000e+00
    outer loop
      vertex   2.000000e+01 -3.953070e+01 2.540135e+02
      vertex   2.000000e+01 -3.907295e+01 2.541234e+02
      vertex   2.000000e+01 -3.700000e+01 2.569766e+02
    endloop
  endfacet
  facet normal 1.000000e+00 0.000000e+00 0.000000e+00
    outer loop
      vertex   2.000000e+01 -3.700000e+01 2.569766e+02
      vertex   2.000000e+01 -3.907295e+01 2.541234e+02
      vertex   2.000000e+01 -3.863803e+01 2.543036e+02
    endloop
  endfacet
  facet normal 1.000000e+00 0.000000e+00 0.000000e+00
    outer loop
      vertex   2.000000e+01 -3.700000e+01 2.569766e+02
      vertex   2.000000e+01 -3.863803e+01 2.543036e+02
      vertex   2.000000e+01 -3.823664e+01 2.545495e+02
    endloop
  endfacet
  facet normal 1.000000e+00 0.000000e+00 0.000000e+00
    outer loop
      vertex   2.000000e+01 -3.823664e+01 2.545495e+02
      vertex   2.000000e+01 -3.787868e+01 2.548553e+02
      vertex   2.000000e+01 -3.700000e+01 2.569766e+02
    endloop
  endfacet
  facet normal 1.000000e+00 0.000000e+00 0.000000e+00
    outer loop
      vertex   2.000000e+01 -3.700000e+01 2.569766e+02
      vertex   2.000000e+01 -3.787868e+01 2.548553e+02
      vertex   2.000000e+01 -3.757295e+01 2.552132e+02
    endloop
  endfacet
  facet normal 1.000000e+00 0.000000e+00 0.000000e+00
    outer loop
      vertex   2.000000e+01 -3.700000e+01 2.569766e+02
      vertex   2.000000e+01 -3.757295e+01 2.552132e+02
      vertex   2.000000e+01 -3.732698e+01 2.556146e+02
    endloop
  endfacet
  facet normal 1.000000e+00 0.000000e+00 0.000000e+00
    outer loop
      vertex   2.000000e+01 -3.732698e+01 2.556146e+02
      vertex   2.000000e+01 -3.714683e+01 2.560495e+02
      vertex   2.000000e+01 -3.700000e+01 2.569766e+02
    endloop
  endfacet
  facet normal 1.000000e+00 0.000000e+00 0.000000e+00
    outer loop
      vertex   2.000000e+01 -3.700000e+01 2.569766e+02
      vertex   2.000000e+01 -3.714683e+01 2.560495e+02
      vertex   2.000000e+01 -3.703694e+01 2.565073e+02
    endloop
  endfacet
  facet normal 1.000000e+00 0.000000e+00 0.000000e+00
    outer loop
      vertex   2.000000e+01 -3.700000e+01 2.989766e+02
      vertex   2.000000e+01 -3.791078e+01 2.672125e+02
      vertex   2.000000e+01 -3.700000e+01 2.569766e+02
    endloop
  endfacet
  facet normal 1.000000e+00 0.000000e+00 0.000000e+00
    outer loop
      vertex   2.000000e+01 -3.700000e+01 2.569766e+02
      vertex   2.000000e+01 -3.791078e+01 2.672125e+02
      vertex   2.000000e+01 -3.791078e+01 2.667876e+02
    endloop
  endfacet
  facet normal 1.000000e+00 0.000000e+00 0.000000e+00
    outer loop
      vertex   2.000000e+01 -3.700000e+01 2.569766e+02
      vertex   2.000000e+01 -3.791078e+01 2.667876e+02
      vertex   2.000000e+01 -3.799631e+01 2.663713e+02
    endloop
  endfacet
  facet normal 1.000000e+00 -0.000000e+00 0.000000e+00
    outer loop
      vertex   2.000000e+01 -4.200000e+01 2.989766e+02
      vertex   2.000000e+01 -3.964103e+01 2.964564e+02
      vertex   2.000000e+01 -3.700000e+01 2.989766e+02
    endloop
  endfacet
  facet normal 1.000000e+00 0.000000e+00 0.000000e+00
    outer loop
      vertex   2.000000e+01 -3.700000e+01 2.989766e+02
      vertex   2.000000e+01 -3.964103e+01 2.964564e+02
      vertex   2.000000e+01 -3.930292e+01 2.963282e+02
    endloop
  endfacet
  facet normal 1.000000e+00 0.000000e+00 0.000000e+00
    outer loop
      vertex   2.000000e+01 -3.700000e+01 2.989766e+02
      vertex   2.000000e+01 -3.930292e+01 2.963282e+02
      vertex   2.000000e+01 -3.900532e+01 2.961228e+02
    endloop
  endfacet
  facet normal 1.000000e+00 -0.000000e+00 0.000000e+00
    outer loop
      vertex   2.000000e+01 -4.362242e+01 2.989341e+02
      vertex   2.000000e+01 -4.318951e+01 2.963271e+02
      vertex   2.000000e+01 -4.200000e+01 2.989766e+02
    endloop
  endfacet
  facet normal 1.000000e+00 0.000000e+00 0.000000e+00
    outer loop
      vertex   2.000000e+01 -4.200000e+01 2.989766e+02
      vertex   2.000000e+01 -4.318951e+01 2.963271e+02
      vertex   2.000000e+01 -4.159710e+01 2.964567e+02
    endloop
  endfacet
  facet normal 1.000000e+00 0.000000e+00 0.000000e+00
    outer loop
      vertex   2.000000e+01 -4.200000e+01 2.989766e+02
      vertex   2.000000e+01 -4.159710e+01 2.964567e+02
      vertex   2.000000e+01 -4.000000e+01 2.965000e+02
    endloop
  endfacet
  facet normal 1.000000e+00 0.000000e+00 0.000000e+00
    outer loop
      vertex   2.000000e+01 -4.318951e+01 2.963271e+02
      vertex   2.000000e+01 -4.362242e+01 2.989341e+02
      vertex   2.000000e+01 -4.477257e+01 2.961114e+02
    endloop
  endfacet
  facet normal 1.000000e+00 0.000000e+00 -0.000000e+00
    outer loop
      vertex   2.000000e+01 -4.477257e+01 2.961114e+02
      vertex   2.000000e+01 -4.362242e+01 2.989341e+02
      vertex   2.000000e+01 -4.524038e+01 2.988068e+02
    endloop
  endfacet
  facet normal 1.000000e+00 0.000000e+00 0.000000e+00
    outer loop
      vertex   2.000000e+01 -4.477257e+01 2.961114e+02
      vertex   2.000000e+01 -4.524038e+01 2.988068e+02
      vertex   2.000000e+01 -4.634163e+01 2.958103e+02
    endloop
  endfacet
  facet normal 1.000000e+00 0.000000e+00 -0.000000e+00
    outer loop
      vertex   2.000000e+01 -4.634163e+01 2.958103e+02
      vertex   2.000000e+01 -4.524038e+01 2.988068e+02
      vertex   2.000000e+01 -4.684947e+01 2.985949e+02
    endloop
  endfacet
  facet normal 1.000000e+00 0.000000e+00 0.000000e+00
    outer loop
      vertex   2.000000e+01 -4.634163e+01 2.958103e+02
      vertex   2.000000e+01 -4.684947e+01 2.985949e+02
      vertex   2.000000e+01 -4.789209e+01 2.954247e+02
    endloop
  endfacet
  facet normal 1.000000e+00 0.000000e+00 -0.000000e+00
    outer loop
      vertex   2.000000e+01 -4.789209e+01 2.954247e+02
      vertex   2.000000e+01 -4.684947e+01 2.985949e+02
      vertex   2.000000e+01 -4.844526e+01 2.982992e+02
    endloop
  endfacet
  facet normal 1.000000e+00 0.000000e+00 0.000000e+00
    outer loop
      vertex   2.000000e+01 -4.789209e+01 2.954247e+02
      vertex   2.000000e+01 -4.844526e+01 2.982992e+02
      vertex   2.000000e+01 -4.941940e+01 2.949558e+02
    endloop
  endfacet
  facet normal 1.000000e+00 0.000000e+00 -0.000000e+00
    outer loop
      vertex   2.000000e+01 -4.941940e+01 2.949558e+02
      vertex   2.000000e+01 -4.844526e+01 2.982992e+02
      vertex   2.000000e+01 -5.002339e+01 2.979203e+02
    endloop
  endfacet
  facet normal 1.000000e+00 0.000000e+00 0.000000e+00
    outer loop
      vertex   2.000000e+01 -4.941940e+01 2.949558e+02
      vertex   2.000000e+01 -5.002339e+01 2.979203e+02
      vertex   2.000000e+01 -5.157953e+01 2.974593e+02
    endloop
  endfacet
  facet normal 1.000000e+00 0.000000e+00 0.000000e+00
    outer loop
      vertex   2.000000e+01 -4.941940e+01 2.949558e+02
      vertex   2.000000e+01 -5.157953e+01 2.974593e+02
      vertex   2.000000e+01 -5.091908e+01 2.944048e+02
    endloop
  endfacet
  facet normal 1.000000e+00 0.000000e+00 0.000000e+00
    outer loop
      vertex   2.000000e+01 -5.091908e+01 2.944048e+02
      vertex   2.000000e+01 -5.157953e+01 2.974593e+02
      vertex   2.000000e+01 -5.310941e+01 2.969176e+02
    endloop
  endfacet
  facet normal 1.000000e+00 0.000000e+00 0.000000e+00
    outer loop
      vertex   2.000000e+01 -5.091908e+01 2.944048e+02
      vertex   2.000000e+01 -5.310941e+01 2.969176e+02
      vertex   2.000000e+01 -5.238673e+01 2.937735e+02
    endloop
  endfacet
  facet normal 1.000000e+00 0.000000e+00 0.000000e+00
    outer loop
      vertex   2.000000e+01 -5.238673e+01 2.937735e+02
      vertex   2.000000e+01 -5.310941e+01 2.969176e+02
      vertex   2.000000e+01 -5.460884e+01 2.962965e+02
    endloop
  endfacet
  facet normal 1.000000e+00 0.000000e+00 0.000000e+00
    outer loop
      vertex   2.000000e+01 -5.238673e+01 2.937735e+02
      vertex   2.000000e+01 -5.460884e+01 2.962965e+02
      vertex   2.000000e+01 -5.381805e+01 2.930636e+02
    endloop
  endfacet
  facet normal 1.000000e+00 0.000000e+00 0.000000e+00
    outer loop
      vertex   2.000000e+01 -5.381805e+01 2.930636e+02
      vertex   2.000000e+01 -5.460884e+01 2.962965e+02
      vertex   2.000000e+01 -5.607371e+01 2.955978e+02
    endloop
  endfacet
  facet normal 1.000000e+00 0.000000e+00 0.000000e+00
    outer loop
      vertex   2.000000e+01 -5.381805e+01 2.930636e+02
      vertex   2.000000e+01 -5.607371e+01 2.955978e+02
      vertex   2.000000e+01 -5.520884e+01 2.922773e+02
    endloop
  endfacet
  facet normal 1.000000e+00 0.000000e+00 0.000000e+00
    outer loop
      vertex   2.000000e+01 -5.520884e+01 2.922773e+02
      vertex   2.000000e+01 -5.607371e+01 2.955978e+02
      vertex   2.000000e+01 -5.750000e+01 2.948234e+02
    endloop
  endfacet
  facet normal 1.000000e+00 0.000000e+00 0.000000e+00
    outer loop
      vertex   2.000000e+01 -5.520884e+01 2.922773e+02
      vertex   2.000000e+01 -5.750000e+01 2.948234e+02
      vertex   2.000000e+01 -5.655502e+01 2.914168e+02
    endloop
  endfacet
  facet normal 1.000000e+00 0.000000e+00 0.000000e+00
    outer loop
      vertex   2.000000e+01 -5.655502e+01 2.914168e+02
      vertex   2.000000e+01 -5.750000e+01 2.948234e+02
      vertex   2.000000e+01 -5.888381e+01 2.939754e+02
    endloop
  endfacet
  facet normal 1.000000e+00 0.000000e+00 0.000000e+00
    outer loop
      vertex   2.000000e+01 -5.655502e+01 2.914168e+02
      vertex   2.000000e+01 -5.888381e+01 2.939754e+02
      vertex   2.000000e+01 -5.785264e+01 2.904847e+02
    endloop
  endfacet
  facet normal 1.000000e+00 0.000000e+00 0.000000e+00
    outer loop
      vertex   2.000000e+01 -5.785264e+01 2.904847e+02
      vertex   2.000000e+01 -5.888381e+01 2.939754e+02
      vertex   2.000000e+01 -6.022134e+01 2.930561e+02
    endloop
  endfacet
  facet normal 1.000000e+00 0.000000e+00 0.000000e+00
    outer loop
      vertex   2.000000e+01 -5.785264e+01 2.904847e+02
      vertex   2.000000e+01 -6.022134e+01 2.930561e+02
      vertex   2.000000e+01 -5.909790e+01 2.894838e+02
    endloop
  endfacet
  facet normal 1.000000e+00 0.000000e+00 0.000000e+00
    outer loop
      vertex   2.000000e+01 -5.909790e+01 2.894838e+02
      vertex   2.000000e+01 -6.022134e+01 2.930561e+02
      vertex   2.000000e+01 -6.150893e+01 2.920681e+02
    endloop
  endfacet
  facet normal 1.000000e+00 0.000000e+00 0.000000e+00
    outer loop
      vertex   2.000000e+01 -5.909790e+01 2.894838e+02
      vertex   2.000000e+01 -6.150893e+01 2.920681e+02
      vertex   2.000000e+01 -6.028713e+01 2.884169e+02
    endloop
  endfacet
  facet normal 1.000000e+00 0.000000e+00 0.000000e+00
    outer loop
      vertex   2.000000e+01 -6.028713e+01 2.884169e+02
      vertex   2.000000e+01 -6.150893e+01 2.920681e+02
      vertex   2.000000e+01 -6.274305e+01 2.910141e+02
    endloop
  endfacet
  facet normal 1.000000e+00 0.000000e+00 0.000000e+00
    outer loop
      vertex   2.000000e+01 -6.028713e+01 2.884169e+02
      vertex   2.000000e+01 -6.274305e+01 2.910141e+02
      vertex   2.000000e+01 -6.141687e+01 2.872871e+02
    endloop
  endfacet
  facet normal 1.000000e+00 0.000000e+00 0.000000e+00
    outer loop
      vertex   2.000000e+01 -6.141687e+01 2.872871e+02
      vertex   2.000000e+01 -6.274305e+01 2.910141e+02
      vertex   2.000000e+01 -6.392031e+01 2.898969e+02
    endloop
  endfacet
  facet normal 1.000000e+00 0.000000e+00 0.000000e+00
    outer loop
      vertex   2.000000e+01 -6.141687e+01 2.872871e+02
      vertex   2.000000e+01 -6.392031e+01 2.898969e+02
      vertex   2.000000e+01 -6.248378e+01 2.860979e+02
    endloop
  endfacet
  facet normal 1.000000e+00 0.000000e+00 0.000000e+00
    outer loop
      vertex   2.000000e+01 -6.248378e+01 2.860979e+02
      vertex   2.000000e+01 -6.392031e+01 2.898969e+02
      vertex   2.000000e+01 -6.503749e+01 2.887196e+02
    endloop
  endfacet
  facet normal 1.000000e+00 0.000000e+00 0.000000e+00
    outer loop
      vertex   2.000000e+01 -6.248378e+01 2.860979e+02
      vertex   2.000000e+01 -6.503749e+01 2.887196e+02
      vertex   2.000000e+01 -6.348475e+01 2.848526e+02
    endloop
  endfacet
  facet normal 1.000000e+00 0.000000e+00 0.000000e+00
    outer loop
      vertex   2.000000e+01 -6.348475e+01 2.848526e+02
      vertex   2.000000e+01 -6.503749e+01 2.887196e+02
      vertex   2.000000e+01 -6.609153e+01 2.874855e+02
    endloop
  endfacet
  facet normal 1.000000e+00 0.000000e+00 0.000000e+00
    outer loop
      vertex   2.000000e+01 -6.348475e+01 2.848526e+02
      vertex   2.000000e+01 -6.609153e+01 2.874855e+02
      vertex   2.000000e+01 -6.441683e+01 2.835550e+02
    endloop
  endfacet
  facet normal 1.000000e+00 0.000000e+00 0.000000e+00
    outer loop
      vertex   2.000000e+01 -6.441683e+01 2.835550e+02
      vertex   2.000000e+01 -6.609153e+01 2.874855e+02
      vertex   2.000000e+01 -6.707953e+01 2.861979e+02
    endloop
  endfacet
  facet normal 1.000000e+00 0.000000e+00 0.000000e+00
    outer loop
      vertex   2.000000e+01 -6.441683e+01 2.835550e+02
      vertex   2.000000e+01 -6.707953e+01 2.861979e+02
      vertex   2.000000e+01 -6.527729e+01 2.822088e+02
    endloop
  endfacet
  facet normal 1.000000e+00 0.000000e+00 0.000000e+00
    outer loop
      vertex   2.000000e+01 -6.527729e+01 2.822088e+02
      vertex   2.000000e+01 -6.707953e+01 2.861979e+02
      vertex   2.000000e+01 -6.799879e+01 2.848604e+02
    endloop
  endfacet
  facet normal 1.000000e+00 0.000000e+00 0.000000e+00
    outer loop
      vertex   2.000000e+01 -6.527729e+01 2.822088e+02
      vertex   2.000000e+01 -6.799879e+01 2.848604e+02
      vertex   2.000000e+01 -6.884679e+01 2.834766e+02
    endloop
  endfacet
  facet normal 1.000000e+00 0.000000e+00 0.000000e+00
    outer loop
      vertex   2.000000e+01 -6.527729e+01 2.822088e+02
      vertex   2.000000e+01 -6.884679e+01 2.834766e+02
      vertex   2.000000e+01 -6.606361e+01 2.808181e+02
    endloop
  endfacet
  facet normal 1.000000e+00 0.000000e+00 0.000000e+00
    outer loop
      vertex   2.000000e+01 -6.606361e+01 2.808181e+02
      vertex   2.000000e+01 -6.884679e+01 2.834766e+02
      vertex   2.000000e+01 -6.962120e+01 2.820503e+02
    endloop
  endfacet
  facet normal 1.000000e+00 0.000000e+00 0.000000e+00
    outer loop
      vertex   2.000000e+01 -6.606361e+01 2.808181e+02
      vertex   2.000000e+01 -6.962120e+01 2.820503e+02
      vertex   2.000000e+01 -6.677348e+01 2.793867e+02
    endloop
  endfacet
  facet normal 1.000000e+00 0.000000e+00 0.000000e+00
    outer loop
      vertex   2.000000e+01 -6.677348e+01 2.793867e+02
      vertex   2.000000e+01 -6.962120e+01 2.820503e+02
      vertex   2.000000e+01 -7.031991e+01 2.805854e+02
    endloop
  endfacet
  facet normal 1.000000e+00 0.000000e+00 0.000000e+00
    outer loop
      vertex   2.000000e+01 -6.677348e+01 2.793867e+02
      vertex   2.000000e+01 -7.031991e+01 2.805854e+02
      vertex   2.000000e+01 -6.740481e+01 2.779191e+02
    endloop
  endfacet
  facet normal 1.000000e+00 0.000000e+00 0.000000e+00
    outer loop
      vertex   2.000000e+01 -6.740481e+01 2.779191e+02
      vertex   2.000000e+01 -7.031991e+01 2.805854e+02
      vertex   2.000000e+01 -7.094099e+01 2.790860e+02
    endloop
  endfacet
  facet normal 1.000000e+00 0.000000e+00 0.000000e+00
    outer loop
      vertex   2.000000e+01 -6.740481e+01 2.779191e+02
      vertex   2.000000e+01 -7.094099e+01 2.790860e+02
      vertex   2.000000e+01 -6.795577e+01 2.764194e+02
    endloop
  endfacet
  facet normal 1.000000e+00 0.000000e+00 0.000000e+00
    outer loop
      vertex   2.000000e+01 -6.795577e+01 2.764194e+02
      vertex   2.000000e+01 -7.094099e+01 2.790860e+02
      vertex   2.000000e+01 -7.148275e+01 2.775561e+02
    endloop
  endfacet
  facet normal 1.000000e+00 0.000000e+00 0.000000e+00
    outer loop
      vertex   2.000000e+01 -6.795577e+01 2.764194e+02
      vertex   2.000000e+01 -7.148275e+01 2.775561e+02
      vertex   2.000000e+01 -6.842473e+01 2.748921e+02
    endloop
  endfacet
  facet normal 1.000000e+00 0.000000e+00 0.000000e+00
    outer loop
      vertex   2.000000e+01 -6.842473e+01 2.748921e+02
      vertex   2.000000e+01 -7.148275e+01 2.775561e+02
      vertex   2.000000e+01 -7.194370e+01 2.760000e+02
    endloop
  endfacet
  facet normal 1.000000e+00 0.000000e+00 0.000000e+00
    outer loop
      vertex   2.000000e+01 -6.842473e+01 2.748921e+02
      vertex   2.000000e+01 -7.194370e+01 2.760000e+02
      vertex   2.000000e+01 -6.881031e+01 2.733416e+02
    endloop
  endfacet
  facet normal 1.000000e+00 0.000000e+00 0.000000e+00
    outer loop
      vertex   2.000000e+01 -6.881031e+01 2.733416e+02
      vertex   2.000000e+01 -7.194370e+01 2.760000e+02
      vertex   2.000000e+01 -7.232258e+01 2.744219e+02
    endloop
  endfacet
  facet normal 1.000000e+00 0.000000e+00 0.000000e+00
    outer loop
      vertex   2.000000e+01 -6.881031e+01 2.733416e+02
      vertex   2.000000e+01 -7.232258e+01 2.744219e+02
      vertex   2.000000e+01 -7.261834e+01 2.728261e+02
    endloop
  endfacet
  facet normal 1.000000e+00 0.000000e+00 0.000000e+00
    outer loop
      vertex   2.000000e+01 -6.881031e+01 2.733416e+02
      vertex   2.000000e+01 -7.261834e+01 2.728261e+02
      vertex   2.000000e+01 -6.911138e+01 2.717726e+02
    endloop
  endfacet
  facet normal 1.000000e+00 0.000000e+00 0.000000e+00
    outer loop
      vertex   2.000000e+01 -6.911138e+01 2.717726e+02
      vertex   2.000000e+01 -7.261834e+01 2.728261e+02
      vertex   2.000000e+01 -7.283018e+01 2.712170e+02
    endloop
  endfacet
  facet normal 1.000000e+00 0.000000e+00 0.000000e+00
    outer loop
      vertex   2.000000e+01 -6.911138e+01 2.717726e+02
      vertex   2.000000e+01 -7.283018e+01 2.712170e+02
      vertex   2.000000e+01 -6.932707e+01 2.701895e+02
    endloop
  endfacet
  facet normal 1.000000e+00 0.000000e+00 0.000000e+00
    outer loop
      vertex   2.000000e+01 -6.932707e+01 2.701895e+02
      vertex   2.000000e+01 -7.283018e+01 2.712170e+02
      vertex   2.000000e+01 -7.295752e+01 2.695990e+02
    endloop
  endfacet
  facet normal 1.000000e+00 0.000000e+00 0.000000e+00
    outer loop
      vertex   2.000000e+01 -6.932707e+01 2.701895e+02
      vertex   2.000000e+01 -7.295752e+01 2.695990e+02
      vertex   2.000000e+01 -6.945674e+01 2.685971e+02
    endloop
  endfacet
  facet normal 1.000000e+00 0.000000e+00 0.000000e+00
    outer loop
      vertex   2.000000e+01 -6.945674e+01 2.685971e+02
      vertex   2.000000e+01 -7.295752e+01 2.695990e+02
      vertex   2.000000e+01 -7.300000e+01 2.679766e+02
    endloop
  endfacet
  facet normal 1.000000e+00 0.000000e+00 0.000000e+00
    outer loop
      vertex   2.000000e+01 -6.945674e+01 2.685971e+02
      vertex   2.000000e+01 -7.300000e+01 2.679766e+02
      vertex   2.000000e+01 -6.950000e+01 2.670000e+02
    endloop
  endfacet
  facet normal 1.000000e+00 0.000000e+00 0.000000e+00
    outer loop
      vertex   2.000000e+01 -6.950000e+01 2.670000e+02
      vertex   2.000000e+01 -7.300000e+01 2.679766e+02
      vertex   2.000000e+01 -6.945641e+01 2.666410e+02
    endloop
  endfacet
  facet normal 1.000000e+00 0.000000e+00 0.000000e+00
    outer loop
      vertex   2.000000e+01 -6.945641e+01 2.666410e+02
      vertex   2.000000e+01 -7.300000e+01 2.679766e+02
      vertex   2.000000e+01 -6.932819e+01 2.663029e+02
    endloop
  endfacet
  facet normal 1.000000e+00 0.000000e+00 0.000000e+00
    outer loop
      vertex   2.000000e+01 -6.932819e+01 2.663029e+02
      vertex   2.000000e+01 -7.300000e+01 2.679766e+02
      vertex   2.000000e+01 -6.912277e+01 2.660053e+02
    endloop
  endfacet
  facet normal 1.000000e+00 0.000000e+00 0.000000e+00
    outer loop
      vertex   2.000000e+01 -6.912277e+01 2.660053e+02
      vertex   2.000000e+01 -7.300000e+01 2.679766e+02
      vertex   2.000000e+01 -7.300000e+01 2.539766e+02
    endloop
  endfacet
  facet normal 1.000000e+00 0.000000e+00 0.000000e+00
    outer loop
      vertex   2.000000e+01 -6.912277e+01 2.660053e+02
      vertex   2.000000e+01 -7.300000e+01 2.539766e+02
      vertex   2.000000e+01 -6.885210e+01 2.657655e+02
    endloop
  endfacet
  facet normal 1.000000e+00 0.000000e+00 0.000000e+00
    outer loop
      vertex   2.000000e+01 -6.885210e+01 2.657655e+02
      vertex   2.000000e+01 -7.300000e+01 2.539766e+02
      vertex   2.000000e+01 -6.853191e+01 2.655975e+02
    endloop
  endfacet
  facet normal 1.000000e+00 0.000000e+00 0.000000e+00
    outer loop
      vertex   2.000000e+01 -6.853191e+01 2.655975e+02
      vertex   2.000000e+01 -7.300000e+01 2.539766e+02
      vertex   2.000000e+01 -6.818081e+01 2.655109e+02
    endloop
  endfacet
  facet normal 1.000000e+00 -0.000000e+00 0.000000e+00
    outer loop
      vertex   2.000000e+01 -6.818081e+01 2.655109e+02
      vertex   2.000000e+01 -7.300000e+01 2.539766e+02
      vertex   2.000000e+01 -6.781920e+01 2.655109e+02
    endloop
  endfacet
  facet normal 1.000000e+00 -0.000000e+00 0.000000e+00
    outer loop
      vertex   2.000000e+01 -6.781920e+01 2.655109e+02
      vertex   2.000000e+01 -7.300000e+01 2.539766e+02
      vertex   2.000000e+01 -6.746809e+01 2.655975e+02
    endloop
  endfacet
  facet normal 1.000000e+00 -0.000000e+00 0.000000e+00
    outer loop
      vertex   2.000000e+01 -6.746809e+01 2.655975e+02
      vertex   2.000000e+01 -7.300000e+01 2.539766e+02
      vertex   2.000000e+01 -6.714790e+01 2.657655e+02
    endloop
  endfacet
  facet normal 1.000000e+00 -0.000000e+00 0.000000e+00
    outer loop
      vertex   2.000000e+01 -6.714790e+01 2.657655e+02
      vertex   2.000000e+01 -7.300000e+01 2.539766e+02
      vertex   2.000000e+01 -5.885210e+01 2.657655e+02
    endloop
  endfacet
  facet normal 1.000000e+00 0.000000e+00 0.000000e+00
    outer loop
      vertex   2.000000e+01 -6.714790e+01 2.657655e+02
      vertex   2.000000e+01 -5.885210e+01 2.657655e+02
      vertex   2.000000e+01 -6.687723e+01 2.660053e+02
    endloop
  endfacet
  facet normal 1.000000e+00 -0.000000e+00 0.000000e+00
    outer loop
      vertex   2.000000e+01 -6.687723e+01 2.660053e+02
      vertex   2.000000e+01 -5.885210e+01 2.657655e+02
      vertex   2.000000e+01 -5.912277e+01 2.660053e+02
    endloop
  endfacet
  facet normal 1.000000e+00 0.000000e+00 0.000000e+00
    outer loop
      vertex   2.000000e+01 -6.687723e+01 2.660053e+02
      vertex   2.000000e+01 -5.912277e+01 2.660053e+02
      vertex   2.000000e+01 -6.667182e+01 2.663029e+02
    endloop
  endfacet
  facet normal 1.000000e+00 -0.000000e+00 0.000000e+00
    outer loop
      vertex   2.000000e+01 -6.667182e+01 2.663029e+02
      vertex   2.000000e+01 -5.912277e+01 2.660053e+02
      vertex   2.000000e+01 -5.932818e+01 2.663029e+02
    endloop
  endfacet
  facet normal 1.000000e+00 0.000000e+00 0.000000e+00
    outer loop
      vertex   2.000000e+01 -6.667182e+01 2.663029e+02
      vertex   2.000000e+01 -5.932818e+01 2.663029e+02
      vertex   2.000000e+01 -6.654359e+01 2.666410e+02
    endloop
  endfacet
  facet normal 1.000000e+00 -0.000000e+00 0.000000e+00
    outer loop
      vertex   2.000000e+01 -6.654359e+01 2.666410e+02
      vertex   2.000000e+01 -5.932818e+01 2.663029e+02
      vertex   2.000000e+01 -5.945641e+01 2.666410e+02
    endloop
  endfacet
  facet normal 1.000000e+00 0.000000e+00 0.000000e+00
    outer loop
      vertex   2.000000e+01 -6.654359e+01 2.666410e+02
      vertex   2.000000e+01 -5.945641e+01 2.666410e+02
      vertex   2.000000e+01 -6.650000e+01 2.670000e+02
    endloop
  endfacet
  facet normal 1.000000e+00 -0.000000e+00 0.000000e+00
    outer loop
      vertex   2.000000e+01 -6.650000e+01 2.670000e+02
      vertex   2.000000e+01 -5.945641e+01 2.666410e+02
      vertex   2.000000e+01 -5.950000e+01 2.670000e+02
    endloop
  endfacet
  facet normal 1.000000e+00 0.000000e+00 0.000000e+00
    outer loop
      vertex   2.000000e+01 -6.650000e+01 2.670000e+02
      vertex   2.000000e+01 -5.950000e+01 2.670000e+02
      vertex   2.000000e+01 -6.645831e+01 2.684859e+02
    endloop
  endfacet
  facet normal 1.000000e+00 0.000000e+00 0.000000e+00
    outer loop
      vertex   2.000000e+01 -6.645831e+01 2.684859e+02
      vertex   2.000000e+01 -5.950000e+01 2.670000e+02
      vertex   2.000000e+01 -5.945825e+01 2.682754e+02
    endloop
  endfacet
  facet normal 1.000000e+00 -0.000000e+00 0.000000e+00
    outer loop
      vertex   2.000000e+01 -6.645831e+01 2.684859e+02
      vertex   2.000000e+01 -5.945825e+01 2.682754e+02
      vertex   2.000000e+01 -6.633337e+01 2.699671e+02
    endloop
  endfacet
  facet normal 1.000000e+00 0.000000e+00 0.000000e+00
    outer loop
      vertex   2.000000e+01 -6.633337e+01 2.699671e+02
      vertex   2.000000e+01 -5.945825e+01 2.682754e+02
      vertex   2.000000e+01 -5.933318e+01 2.695453e+02
    endloop
  endfacet
  facet normal 1.000000e+00 -0.000000e+00 0.000000e+00
    outer loop
      vertex   2.000000e+01 -6.633337e+01 2.699671e+02
      vertex   2.000000e+01 -5.933318e+01 2.695453e+02
      vertex   2.000000e+01 -6.612558e+01 2.714389e+02
    endloop
  endfacet
  facet normal 1.000000e+00 0.000000e+00 0.000000e+00
    outer loop
      vertex   2.000000e+01 -6.612558e+01 2.714389e+02
      vertex   2.000000e+01 -5.933318e+01 2.695453e+02
      vertex   2.000000e+01 -5.912531e+01 2.708043e+02
    endloop
  endfacet
  facet normal 1.000000e+00 -0.000000e+00 0.000000e+00
    outer loop
      vertex   2.000000e+01 -6.612558e+01 2.714389e+02
      vertex   2.000000e+01 -5.912531e+01 2.708043e+02
      vertex   2.000000e+01 -6.583559e+01 2.728968e+02
    endloop
  endfacet
  facet normal 1.000000e+00 -0.000000e+00 0.000000e+00
    outer loop
      vertex   2.000000e+01 -6.583559e+01 2.728968e+02
      vertex   2.000000e+01 -5.912531e+01 2.708043e+02
      vertex   2.000000e+01 -6.546431e+01 2.743361e+02
    endloop
  endfacet
  facet normal 1.000000e+00 0.000000e+00 0.000000e+00
    outer loop
      vertex   2.000000e+01 -6.546431e+01 2.743361e+02
      vertex   2.000000e+01 -5.912531e+01 2.708043e+02
      vertex   2.000000e+01 -5.883555e+01 2.720470e+02
    endloop
  endfacet
  facet normal 1.000000e+00 -0.000000e+00 0.000000e+00
    outer loop
      vertex   2.000000e+01 -6.546431e+01 2.743361e+02
      vertex   2.000000e+01 -5.883555e+01 2.720470e+02
      vertex   2.000000e+01 -6.501291e+01 2.757524e+02
    endloop
  endfacet
  facet normal 1.000000e+00 0.000000e+00 0.000000e+00
    outer loop
      vertex   2.000000e+01 -6.501291e+01 2.757524e+02
      vertex   2.000000e+01 -5.883555e+01 2.720470e+02
      vertex   2.000000e+01 -5.846514e+01 2.732681e+02
    endloop
  endfacet
  facet normal 1.000000e+00 -0.000000e+00 0.000000e+00
    outer loop
      vertex   2.000000e+01 -6.501291e+01 2.757524e+02
      vertex   2.000000e+01 -5.846514e+01 2.732681e+02
      vertex   2.000000e+01 -6.448281e+01 2.771411e+02
    endloop
  endfacet
  facet normal 1.000000e+00 0.000000e+00 0.000000e+00
    outer loop
      vertex   2.000000e+01 -6.448281e+01 2.771411e+02
      vertex   2.000000e+01 -5.846514e+01 2.732681e+02
      vertex   2.000000e+01 -5.801565e+01 2.744623e+02
    endloop
  endfacet
  facet normal 1.000000e+00 -0.000000e+00 0.000000e+00
    outer loop
      vertex   2.000000e+01 -6.448281e+01 2.771411e+02
      vertex   2.000000e+01 -5.801565e+01 2.744623e+02
      vertex   2.000000e+01 -6.387568e+01 2.784979e+02
    endloop
  endfacet
  facet normal 1.000000e+00 -0.000000e+00 0.000000e+00
    outer loop
      vertex   2.000000e+01 -6.387568e+01 2.784979e+02
      vertex   2.000000e+01 -5.801565e+01 2.744623e+02
      vertex   2.000000e+01 -6.319342e+01 2.798186e+02
    endloop
  endfacet
  facet normal 1.000000e+00 0.000000e+00 0.000000e+00
    outer loop
      vertex   2.000000e+01 -6.319342e+01 2.798186e+02
      vertex   2.000000e+01 -5.801565e+01 2.744623e+02
      vertex   2.000000e+01 -5.748902e+01 2.756246e+02
    endloop
  endfacet
  facet normal 1.000000e+00 -0.000000e+00 0.000000e+00
    outer loop
      vertex   2.000000e+01 -6.319342e+01 2.798186e+02
      vertex   2.000000e+01 -5.748902e+01 2.756246e+02
      vertex   2.000000e+01 -6.243819e+01 2.810989e+02
    endloop
  endfacet
  facet normal 1.000000e+00 0.000000e+00 0.000000e+00
    outer loop
      vertex   2.000000e+01 -6.243819e+01 2.810989e+02
      vertex   2.000000e+01 -5.748902e+01 2.756246e+02
      vertex   2.000000e+01 -5.688750e+01 2.767500e+02
    endloop
  endfacet
  facet normal 1.000000e+00 -0.000000e+00 0.000000e+00
    outer loop
      vertex   2.000000e+01 -6.243819e+01 2.810989e+02
      vertex   2.000000e+01 -5.688750e+01 2.767500e+02
      vertex   2.000000e+01 -6.161236e+01 2.823348e+02
    endloop
  endfacet
  facet normal 1.000000e+00 0.000000e+00 0.000000e+00
    outer loop
      vertex   2.000000e+01 -6.161236e+01 2.823348e+02
      vertex   2.000000e+01 -5.688750e+01 2.767500e+02
      vertex   2.000000e+01 -5.621366e+01 2.778336e+02
    endloop
  endfacet
  facet normal 1.000000e+00 -0.000000e+00 0.000000e+00
    outer loop
      vertex   2.000000e+01 -6.161236e+01 2.823348e+02
      vertex   2.000000e+01 -5.621366e+01 2.778336e+02
      vertex   2.000000e+01 -6.071854e+01 2.835225e+02
    endloop
  endfacet
  facet normal 1.000000e+00 0.000000e+00 0.000000e+00
    outer loop
      vertex   2.000000e+01 -6.071854e+01 2.835225e+02
      vertex   2.000000e+01 -5.621366e+01 2.778336e+02
      vertex   2.000000e+01 -5.547039e+01 2.788709e+02
    endloop
  endfacet
  facet normal 1.000000e+00 -0.000000e+00 0.000000e+00
    outer loop
      vertex   2.000000e+01 -6.071854e+01 2.835225e+02
      vertex   2.000000e+01 -5.547039e+01 2.788709e+02
      vertex   2.000000e+01 -5.975952e+01 2.846582e+02
    endloop
  endfacet
  facet normal 1.000000e+00 0.000000e+00 0.000000e+00
    outer loop
      vertex   2.000000e+01 -5.975952e+01 2.846582e+02
      vertex   2.000000e+01 -5.547039e+01 2.788709e+02
      vertex   2.000000e+01 -5.466088e+01 2.798572e+02
    endloop
  endfacet
  facet normal 1.000000e+00 -0.000000e+00 0.000000e+00
    outer loop
      vertex   2.000000e+01 -5.975952e+01 2.846582e+02
      vertex   2.000000e+01 -5.466088e+01 2.798572e+02
      vertex   2.000000e+01 -5.873833e+01 2.857383e+02
    endloop
  endfacet
  facet normal 1.000000e+00 -0.000000e+00 0.000000e+00
    outer loop
      vertex   2.000000e+01 -5.873833e+01 2.857383e+02
      vertex   2.000000e+01 -5.466088e+01 2.798572e+02
      vertex   2.000000e+01 -5.765819e+01 2.867595e+02
    endloop
  endfacet
  facet normal 1.000000e+00 0.000000e+00 0.000000e+00
    outer loop
      vertex   2.000000e+01 -5.765819e+01 2.867595e+02
      vertex   2.000000e+01 -5.466088e+01 2.798572e+02
      vertex   2.000000e+01 -5.378858e+01 2.807886e+02
    endloop
  endfacet
  facet normal 1.000000e+00 -0.000000e+00 0.000000e+00
    outer loop
      vertex   2.000000e+01 -5.765819e+01 2.867595e+02
      vertex   2.000000e+01 -5.378858e+01 2.807886e+02
      vertex   2.000000e+01 -5.652248e+01 2.877185e+02
    endloop
  endfacet
  facet normal 1.000000e+00 0.000000e+00 0.000000e+00
    outer loop
      vertex   2.000000e+01 -5.652248e+01 2.877185e+02
      vertex   2.000000e+01 -5.378858e+01 2.807886e+02
      vertex   2.000000e+01 -5.285724e+01 2.816609e+02
    endloop
  endfacet
  facet normal 1.000000e+00 -0.000000e+00 0.000000e+00
    outer loop
      vertex   2.000000e+01 -5.652248e+01 2.877185e+02
      vertex   2.000000e+01 -5.285724e+01 2.816609e+02
      vertex   2.000000e+01 -5.533479e+01 2.886124e+02
    endloop
  endfacet
  facet normal 1.000000e+00 0.000000e+00 0.000000e+00
    outer loop
      vertex   2.000000e+01 -5.533479e+01 2.886124e+02
      vertex   2.000000e+01 -5.285724e+01 2.816609e+02
      vertex   2.000000e+01 -5.187085e+01 2.824704e+02
    endloop
  endfacet
  facet normal 1.000000e+00 -0.000000e+00 0.000000e+00
    outer loop
      vertex   2.000000e+01 -5.533479e+01 2.886124e+02
      vertex   2.000000e+01 -5.187085e+01 2.824704e+02
      vertex   2.000000e+01 -5.409885e+01 2.894382e+02
    endloop
  endfacet
  facet normal 1.000000e+00 0.000000e+00 0.000000e+00
    outer loop
      vertex   2.000000e+01 -5.409885e+01 2.894382e+02
      vertex   2.000000e+01 -5.187085e+01 2.824704e+02
      vertex   2.000000e+01 -5.083362e+01 2.832137e+02
    endloop
  endfacet
  facet normal 1.000000e+00 -0.000000e+00 0.000000e+00
    outer loop
      vertex   2.000000e+01 -5.409885e+01 2.894382e+02
      vertex   2.000000e+01 -5.083362e+01 2.832137e+02
      vertex   2.000000e+01 -5.281855e+01 2.901934e+02
    endloop
  endfacet
  facet normal 1.000000e+00 0.000000e+00 0.000000e+00
    outer loop
      vertex   2.000000e+01 -5.281855e+01 2.901934e+02
      vertex   2.000000e+01 -5.083362e+01 2.832137e+02
      vertex   2.000000e+01 -4.975000e+01 2.838875e+02
    endloop
  endfacet
  facet normal 1.000000e+00 -0.000000e+00 0.000000e+00
    outer loop
      vertex   2.000000e+01 -5.281855e+01 2.901934e+02
      vertex   2.000000e+01 -4.975000e+01 2.838875e+02
      vertex   2.000000e+01 -5.149792e+01 2.908757e+02
    endloop
  endfacet
  facet normal 1.000000e+00 0.000000e+00 0.000000e+00
    outer loop
      vertex   2.000000e+01 -5.149792e+01 2.908757e+02
      vertex   2.000000e+01 -4.975000e+01 2.838875e+02
      vertex   2.000000e+01 -4.862463e+01 2.844890e+02
    endloop
  endfacet
  facet normal 1.000000e+00 -0.000000e+00 0.000000e+00
    outer loop
      vertex   2.000000e+01 -5.149792e+01 2.908757e+02
      vertex   2.000000e+01 -4.862463e+01 2.844890e+02
      vertex   2.000000e+01 -5.014111e+01 2.914828e+02
    endloop
  endfacet
  facet normal 1.000000e+00 0.000000e+00 0.000000e+00
    outer loop
      vertex   2.000000e+01 -5.014111e+01 2.914828e+02
      vertex   2.000000e+01 -4.862463e+01 2.844890e+02
      vertex   2.000000e+01 -4.746233e+01 2.850157e+02
    endloop
  endfacet
  facet normal 1.000000e+00 -0.000000e+00 0.000000e+00
    outer loop
      vertex   2.000000e+01 -5.014111e+01 2.914828e+02
      vertex   2.000000e+01 -4.746233e+01 2.850157e+02
      vertex   2.000000e+01 -4.875240e+01 2.920129e+02
    endloop
  endfacet
  facet normal 1.000000e+00 0.000000e+00 0.000000e+00
    outer loop
      vertex   2.000000e+01 -4.875240e+01 2.920129e+02
      vertex   2.000000e+01 -4.746233e+01 2.850157e+02
      vertex   2.000000e+01 -4.626807e+01 2.854651e+02
    endloop
  endfacet
  facet normal 1.000000e+00 -0.000000e+00 0.000000e+00
    outer loop
      vertex   2.000000e+01 -4.875240e+01 2.920129e+02
      vertex   2.000000e+01 -4.626807e+01 2.854651e+02
      vertex   2.000000e+01 -4.733614e+01 2.924643e+02
    endloop
  endfacet
  facet normal 1.000000e+00 0.000000e+00 0.000000e+00
    outer loop
      vertex   2.000000e+01 -4.733614e+01 2.924643e+02
      vertex   2.000000e+01 -4.626807e+01 2.854651e+02
      vertex   2.000000e+01 -4.504697e+01 2.858356e+02
    endloop
  endfacet
  facet normal 1.000000e+00 -0.000000e+00 0.000000e+00
    outer loop
      vertex   2.000000e+01 -4.733614e+01 2.924643e+02
      vertex   2.000000e+01 -4.504697e+01 2.858356e+02
      vertex   2.000000e+01 -4.589681e+01 2.928356e+02
    endloop
  endfacet
  facet normal 1.000000e+00 0.000000e+00 0.000000e+00
    outer loop
      vertex   2.000000e+01 -4.589681e+01 2.928356e+02
      vertex   2.000000e+01 -4.504697e+01 2.858356e+02
      vertex   2.000000e+01 -4.380426e+01 2.861253e+02
    endloop
  endfacet
  facet normal 1.000000e+00 -0.000000e+00 0.000000e+00
    outer loop
      vertex   2.000000e+01 -4.589681e+01 2.928356e+02
      vertex   2.000000e+01 -4.380426e+01 2.861253e+02
      vertex   2.000000e+01 -4.443892e+01 2.931256e+02
    endloop
  endfacet
  facet normal 1.000000e+00 0.000000e+00 0.000000e+00
    outer loop
      vertex   2.000000e+01 -4.443892e+01 2.931256e+02
      vertex   2.000000e+01 -4.380426e+01 2.861253e+02
      vertex   2.000000e+01 -4.254526e+01 2.863332e+02
    endloop
  endfacet
  facet normal 1.000000e+00 -0.000000e+00 0.000000e+00
    outer loop
      vertex   2.000000e+01 -4.443892e+01 2.931256e+02
      vertex   2.000000e+01 -4.254526e+01 2.863332e+02
      vertex   2.000000e+01 -4.296706e+01 2.933334e+02
    endloop
  endfacet
  facet normal 1.000000e+00 0.000000e+00 0.000000e+00
    outer loop
      vertex   2.000000e+01 -4.296706e+01 2.933334e+02
      vertex   2.000000e+01 -4.254526e+01 2.863332e+02
      vertex   2.000000e+01 -4.127536e+01 2.864583e+02
    endloop
  endfacet
  facet normal 1.000000e+00 -0.000000e+00 0.000000e+00
    outer loop
      vertex   2.000000e+01 -4.296706e+01 2.933334e+02
      vertex   2.000000e+01 -4.127536e+01 2.864583e+02
      vertex   2.000000e+01 -4.148587e+01 2.934583e+02
    endloop
  endfacet
  facet normal 1.000000e+00 0.000000e+00 0.000000e+00
    outer loop
      vertex   2.000000e+01 -4.148587e+01 2.934583e+02
      vertex   2.000000e+01 -4.127536e+01 2.864583e+02
      vertex   2.000000e+01 -4.000000e+01 2.865000e+02
    endloop
  endfacet
  facet normal 1.000000e+00 -0.000000e+00 0.000000e+00
    outer loop
      vertex   2.000000e+01 -4.148587e+01 2.934583e+02
      vertex   2.000000e+01 -4.000000e+01 2.865000e+02
      vertex   2.000000e+01 -4.000000e+01 2.935000e+02
    endloop
  endfacet
  facet normal 1.000000e+00 0.000000e+00 0.000000e+00
    outer loop
      vertex   2.000000e+01 -4.000000e+01 2.935000e+02
      vertex   2.000000e+01 -4.000000e+01 2.865000e+02
      vertex   2.000000e+01 -3.964103e+01 2.864564e+02
    endloop
  endfacet
  facet normal 1.000000e+00 -0.000000e+00 0.000000e+00
    outer loop
      vertex   2.000000e+01 -4.000000e+01 2.935000e+02
      vertex   2.000000e+01 -3.964103e+01 2.864564e+02
      vertex   2.000000e+01 -3.964103e+01 2.935436e+02
    endloop
  endfacet
  facet normal 1.000000e+00 0.000000e+00 0.000000e+00
    outer loop
      vertex   2.000000e+01 -3.964103e+01 2.935436e+02
      vertex   2.000000e+01 -3.964103e+01 2.864564e+02
      vertex   2.000000e+01 -3.930292e+01 2.863282e+02
    endloop
  endfacet
  facet normal 1.000000e+00 -0.000000e+00 0.000000e+00
    outer loop
      vertex   2.000000e+01 -3.964103e+01 2.935436e+02
      vertex   2.000000e+01 -3.930292e+01 2.863282e+02
      vertex   2.000000e+01 -3.930292e+01 2.936718e+02
    endloop
  endfacet
  facet normal 1.000000e+00 0.000000e+00 0.000000e+00
    outer loop
      vertex   2.000000e+01 -3.930292e+01 2.936718e+02
      vertex   2.000000e+01 -3.930292e+01 2.863282e+02
      vertex   2.000000e+01 -3.900532e+01 2.861228e+02
    endloop
  endfacet
  facet normal 1.000000e+00 -0.000000e+00 0.000000e+00
    outer loop
      vertex   2.000000e+01 -3.930292e+01 2.936718e+02
      vertex   2.000000e+01 -3.900532e+01 2.861228e+02
      vertex   2.000000e+01 -3.900532e+01 2.938772e+02
    endloop
  endfacet
  facet normal 1.000000e+00 0.000000e+00 0.000000e+00
    outer loop
      vertex   2.000000e+01 -3.900532e+01 2.938772e+02
      vertex   2.000000e+01 -3.900532e+01 2.861228e+02
      vertex   2.000000e+01 -3.876552e+01 2.858521e+02
    endloop
  endfacet
  facet normal 1.000000e+00 -0.000000e+00 0.000000e+00
    outer loop
      vertex   2.000000e+01 -3.900532e+01 2.938772e+02
      vertex   2.000000e+01 -3.876552e+01 2.858521e+02
      vertex   2.000000e+01 -3.876552e+01 2.941479e+02
    endloop
  endfacet
  facet normal 1.000000e+00 0.000000e+00 0.000000e+00
    outer loop
      vertex   2.000000e+01 -3.876552e+01 2.941479e+02
      vertex   2.000000e+01 -3.876552e+01 2.858521e+02
      vertex   2.000000e+01 -3.859748e+01 2.855319e+02
    endloop
  endfacet
  facet normal 1.000000e+00 -0.000000e+00 0.000000e+00
    outer loop
      vertex   2.000000e+01 -3.876552e+01 2.941479e+02
      vertex   2.000000e+01 -3.859748e+01 2.855319e+02
      vertex   2.000000e+01 -3.859748e+01 2.944681e+02
    endloop
  endfacet
  facet normal 1.000000e+00 0.000000e+00 0.000000e+00
    outer loop
      vertex   2.000000e+01 -3.859748e+01 2.944681e+02
      vertex   2.000000e+01 -3.859748e+01 2.855319e+02
      vertex   2.000000e+01 -3.851094e+01 2.851808e+02
    endloop
  endfacet
  facet normal 1.000000e+00 -0.000000e+00 0.000000e+00
    outer loop
      vertex   2.000000e+01 -3.859748e+01 2.944681e+02
      vertex   2.000000e+01 -3.851094e+01 2.851808e+02
      vertex   2.000000e+01 -3.851094e+01 2.948192e+02
    endloop
  endfacet
  facet normal 1.000000e+00 -0.000000e+00 0.000000e+00
    outer loop
      vertex   2.000000e+01 -3.851094e+01 2.948192e+02
      vertex   2.000000e+01 -3.851094e+01 2.851808e+02
      vertex   2.000000e+01 -3.700000e+01 2.989766e+02
    endloop
  endfacet
  facet normal 1.000000e+00 0.000000e+00 0.000000e+00
    outer loop
      vertex   2.000000e+01 -3.851094e+01 2.948192e+02
      vertex   2.000000e+01 -3.700000e+01 2.989766e+02
      vertex   2.000000e+01 -3.851094e+01 2.951808e+02
    endloop
  endfacet
  facet normal 1.000000e+00 0.000000e+00 -0.000000e+00
    outer loop
      vertex   2.000000e+01 -3.851094e+01 2.951808e+02
      vertex   2.000000e+01 -3.700000e+01 2.989766e+02
      vertex   2.000000e+01 -3.859748e+01 2.955319e+02
    endloop
  endfacet
  facet normal 1.000000e+00 0.000000e+00 -0.000000e+00
    outer loop
      vertex   2.000000e+01 -3.859748e+01 2.955319e+02
      vertex   2.000000e+01 -3.700000e+01 2.989766e+02
      vertex   2.000000e+01 -3.876552e+01 2.958521e+02
    endloop
  endfacet
  facet normal 1.000000e+00 0.000000e+00 -0.000000e+00
    outer loop
      vertex   2.000000e+01 -3.876552e+01 2.958521e+02
      vertex   2.000000e+01 -3.700000e+01 2.989766e+02
      vertex   2.000000e+01 -3.900532e+01 2.961228e+02
    endloop
  endfacet
  facet normal 1.000000e+00 -0.000000e+00 0.000000e+00
    outer loop
      vertex   2.000000e+01 -5.166726e+01 2.786673e+02
      vertex   2.000000e+01 -4.192981e+01 2.678282e+02
      vertex   2.000000e+01 -5.080520e+01 2.794699e+02
    endloop
  endfacet
  facet normal 1.000000e+00 0.000000e+00 0.000000e+00
    outer loop
      vertex   2.000000e+01 -5.080520e+01 2.794699e+02
      vertex   2.000000e+01 -4.192981e+01 2.678282e+02
      vertex   2.000000e+01 -4.172360e+01 2.681997e+02
    endloop
  endfacet
  facet normal 1.000000e+00 -0.000000e+00 0.000000e+00
    outer loop
      vertex   2.000000e+01 -5.080520e+01 2.794699e+02
      vertex   2.000000e+01 -4.172360e+01 2.681997e+02
      vertex   2.000000e+01 -4.988808e+01 2.802089e+02
    endloop
  endfacet
  facet normal 1.000000e+00 -0.000000e+00 0.000000e+00
    outer loop
      vertex   2.000000e+01 -4.988808e+01 2.802089e+02
      vertex   2.000000e+01 -4.172360e+01 2.681997e+02
      vertex   2.000000e+01 -4.892057e+01 2.808807e+02
    endloop
  endfacet
  facet normal 1.000000e+00 0.000000e+00 0.000000e+00
    outer loop
      vertex   2.000000e+01 -4.892057e+01 2.808807e+02
      vertex   2.000000e+01 -4.172360e+01 2.681997e+02
      vertex   2.000000e+01 -4.144683e+01 2.685221e+02
    endloop
  endfacet
  facet normal 1.000000e+00 -0.000000e+00 0.000000e+00
    outer loop
      vertex   2.000000e+01 -4.892057e+01 2.808807e+02
      vertex   2.000000e+01 -4.144683e+01 2.685221e+02
      vertex   2.000000e+01 -4.790761e+01 2.814817e+02
    endloop
  endfacet
  facet normal 1.000000e+00 -0.000000e+00 0.000000e+00
    outer loop
      vertex   2.000000e+01 -4.790761e+01 2.814817e+02
      vertex   2.000000e+01 -4.144683e+01 2.685221e+02
      vertex   2.000000e+01 -4.685435e+01 2.820089e+02
    endloop
  endfacet
  facet normal 1.000000e+00 0.000000e+00 0.000000e+00
    outer loop
      vertex   2.000000e+01 -4.685435e+01 2.820089e+02
      vertex   2.000000e+01 -4.144683e+01 2.685221e+02
      vertex   2.000000e+01 -4.111083e+01 2.687822e+02
    endloop
  endfacet
  facet normal 1.000000e+00 -0.000000e+00 0.000000e+00
    outer loop
      vertex   2.000000e+01 -4.685435e+01 2.820089e+02
      vertex   2.000000e+01 -4.111083e+01 2.687822e+02
      vertex   2.000000e+01 -4.576616e+01 2.824597e+02
    endloop
  endfacet
  facet normal 1.000000e+00 -0.000000e+00 0.000000e+00
    outer loop
      vertex   2.000000e+01 -4.576616e+01 2.824597e+02
      vertex   2.000000e+01 -4.111083e+01 2.687822e+02
      vertex   2.000000e+01 -4.464859e+01 2.828316e+02
    endloop
  endfacet
  facet normal 1.000000e+00 0.000000e+00 0.000000e+00
    outer loop
      vertex   2.000000e+01 -4.464859e+01 2.828316e+02
      vertex   2.000000e+01 -4.111083e+01 2.687822e+02
      vertex   2.000000e+01 -4.072934e+01 2.689693e+02
    endloop
  endfacet
  facet normal 1.000000e+00 -0.000000e+00 0.000000e+00
    outer loop
      vertex   2.000000e+01 -4.464859e+01 2.828316e+02
      vertex   2.000000e+01 -4.072934e+01 2.689693e+02
      vertex   2.000000e+01 -4.350733e+01 2.831229e+02
    endloop
  endfacet
  facet normal 1.000000e+00 -0.000000e+00 0.000000e+00
    outer loop
      vertex   2.000000e+01 -4.350733e+01 2.831229e+02
      vertex   2.000000e+01 -4.072934e+01 2.689693e+02
      vertex   2.000000e+01 -4.234820e+01 2.833321e+02
    endloop
  endfacet
  facet normal 1.000000e+00 0.000000e+00 0.000000e+00
    outer loop
      vertex   2.000000e+01 -4.234820e+01 2.833321e+02
      vertex   2.000000e+01 -4.072934e+01 2.689693e+02
      vertex   2.000000e+01 -4.031800e+01 2.690758e+02
    endloop
  endfacet
  facet normal 1.000000e+00 -0.000000e+00 0.000000e+00
    outer loop
      vertex   2.000000e+01 -4.234820e+01 2.833321e+02
      vertex   2.000000e+01 -4.031800e+01 2.690758e+02
      vertex   2.000000e+01 -4.117710e+01 2.834580e+02
    endloop
  endfacet
  facet normal 1.000000e+00 -0.000000e+00 0.000000e+00
    outer loop
      vertex   2.000000e+01 -4.117710e+01 2.834580e+02
      vertex   2.000000e+01 -4.031800e+01 2.690758e+02
      vertex   2.000000e+01 -4.000000e+01 2.835000e+02
    endloop
  endfacet
  facet normal 1.000000e+00 0.000000e+00 0.000000e+00
    outer loop
      vertex   2.000000e+01 -4.000000e+01 2.835000e+02
      vertex   2.000000e+01 -4.031800e+01 2.690758e+02
      vertex   2.000000e+01 -3.989364e+01 2.690973e+02
    endloop
  endfacet
  facet normal 1.000000e+00 -0.000000e+00 0.000000e+00
    outer loop
      vertex   2.000000e+01 -4.000000e+01 2.835000e+02
      vertex   2.000000e+01 -3.989364e+01 2.690973e+02
      vertex   2.000000e+01 -3.964103e+01 2.835436e+02
    endloop
  endfacet
  facet normal 1.000000e+00 0.000000e+00 0.000000e+00
    outer loop
      vertex   2.000000e+01 -3.964103e+01 2.835436e+02
      vertex   2.000000e+01 -3.989364e+01 2.690973e+02
      vertex   2.000000e+01 -3.947363e+01 2.690330e+02
    endloop
  endfacet
  facet normal 1.000000e+00 -0.000000e+00 0.000000e+00
    outer loop
      vertex   2.000000e+01 -3.964103e+01 2.835436e+02
      vertex   2.000000e+01 -3.947363e+01 2.690330e+02
      vertex   2.000000e+01 -3.930292e+01 2.836718e+02
    endloop
  endfacet
  facet normal 1.000000e+00 0.000000e+00 0.000000e+00
    outer loop
      vertex   2.000000e+01 -3.930292e+01 2.836718e+02
      vertex   2.000000e+01 -3.947363e+01 2.690330e+02
      vertex   2.000000e+01 -3.907517e+01 2.688854e+02
    endloop
  endfacet
  facet normal 1.000000e+00 -0.000000e+00 0.000000e+00
    outer loop
      vertex   2.000000e+01 -3.930292e+01 2.836718e+02
      vertex   2.000000e+01 -3.907517e+01 2.688854e+02
      vertex   2.000000e+01 -3.900532e+01 2.838772e+02
    endloop
  endfacet
  facet normal 1.000000e+00 0.000000e+00 0.000000e+00
    outer loop
      vertex   2.000000e+01 -3.900532e+01 2.838772e+02
      vertex   2.000000e+01 -3.907517e+01 2.688854e+02
      vertex   2.000000e+01 -3.871458e+01 2.686606e+02
    endloop
  endfacet
  facet normal 1.000000e+00 0.000000e+00 0.000000e+00
    outer loop
      vertex   2.000000e+01 -3.900532e+01 2.838772e+02
      vertex   2.000000e+01 -3.871458e+01 2.686606e+02
      vertex   2.000000e+01 -3.840661e+01 2.683679e+02
    endloop
  endfacet
  facet normal 1.000000e+00 -0.000000e+00 0.000000e+00
    outer loop
      vertex   2.000000e+01 -3.900532e+01 2.838772e+02
      vertex   2.000000e+01 -3.840661e+01 2.683679e+02
      vertex   2.000000e+01 -3.876552e+01 2.841479e+02
    endloop
  endfacet
  facet normal 1.000000e+00 0.000000e+00 0.000000e+00
    outer loop
      vertex   2.000000e+01 -3.876552e+01 2.841479e+02
      vertex   2.000000e+01 -3.840661e+01 2.683679e+02
      vertex   2.000000e+01 -3.816387e+01 2.680191e+02
    endloop
  endfacet
  facet normal 1.000000e+00 -0.000000e+00 0.000000e+00
    outer loop
      vertex   2.000000e+01 -3.876552e+01 2.841479e+02
      vertex   2.000000e+01 -3.816387e+01 2.680191e+02
      vertex   2.000000e+01 -3.859748e+01 2.844681e+02
    endloop
  endfacet
  facet normal 1.000000e+00 0.000000e+00 0.000000e+00
    outer loop
      vertex   2.000000e+01 -3.859748e+01 2.844681e+02
      vertex   2.000000e+01 -3.816387e+01 2.680191e+02
      vertex   2.000000e+01 -3.799631e+01 2.676287e+02
    endloop
  endfacet
  facet normal 1.000000e+00 -0.000000e+00 0.000000e+00
    outer loop
      vertex   2.000000e+01 -3.859748e+01 2.844681e+02
      vertex   2.000000e+01 -3.799631e+01 2.676287e+02
      vertex   2.000000e+01 -3.851094e+01 2.848192e+02
    endloop
  endfacet
  facet normal 1.000000e+00 0.000000e+00 0.000000e+00
    outer loop
      vertex   2.000000e+01 -3.851094e+01 2.848192e+02
      vertex   2.000000e+01 -3.799631e+01 2.676287e+02
      vertex   2.000000e+01 -3.791078e+01 2.672125e+02
    endloop
  endfacet
  facet normal 1.000000e+00 -0.000000e+00 0.000000e+00
    outer loop
      vertex   2.000000e+01 -3.851094e+01 2.848192e+02
      vertex   2.000000e+01 -3.791078e+01 2.672125e+02
      vertex   2.000000e+01 -3.700000e+01 2.989766e+02
    endloop
  endfacet
  facet normal 1.000000e+00 0.000000e+00 0.000000e+00
    outer loop
      vertex   2.000000e+01 -3.799631e+01 2.663713e+02
      vertex   2.000000e+01 -3.816387e+01 2.659809e+02
      vertex   2.000000e+01 -3.700000e+01 2.569766e+02
    endloop
  endfacet
  facet normal 1.000000e+00 0.000000e+00 0.000000e+00
    outer loop
      vertex   2.000000e+01 -3.700000e+01 2.569766e+02
      vertex   2.000000e+01 -3.816387e+01 2.659809e+02
      vertex   2.000000e+01 -3.840661e+01 2.656321e+02
    endloop
  endfacet
  facet normal 1.000000e+00 0.000000e+00 0.000000e+00
    outer loop
      vertex   2.000000e+01 -3.700000e+01 2.569766e+02
      vertex   2.000000e+01 -3.840661e+01 2.656321e+02
      vertex   2.000000e+01 -3.871458e+01 2.653394e+02
    endloop
  endfacet
  facet normal 1.000000e+00 0.000000e+00 0.000000e+00
    outer loop
      vertex   2.000000e+01 -3.871458e+01 2.653394e+02
      vertex   2.000000e+01 -3.907517e+01 2.651146e+02
      vertex   2.000000e+01 -3.700000e+01 2.569766e+02
    endloop
  endfacet
  facet normal 1.000000e+00 0.000000e+00 0.000000e+00
    outer loop
      vertex   2.000000e+01 -3.700000e+01 2.569766e+02
      vertex   2.000000e+01 -3.907517e+01 2.651146e+02
      vertex   2.000000e+01 -3.947363e+01 2.649670e+02
    endloop
  endfacet
  facet normal 1.000000e+00 0.000000e+00 0.000000e+00
    outer loop
      vertex   2.000000e+01 -3.700000e+01 2.569766e+02
      vertex   2.000000e+01 -3.947363e+01 2.649670e+02
      vertex   2.000000e+01 -3.989364e+01 2.649027e+02
    endloop
  endfacet
  facet normal 1.000000e+00 0.000000e+00 0.000000e+00
    outer loop
      vertex   2.000000e+01 -3.989364e+01 2.649027e+02
      vertex   2.000000e+01 -4.031800e+01 2.649242e+02
      vertex   2.000000e+01 -3.700000e+01 2.569766e+02
    endloop
  endfacet
  facet normal 1.000000e+00 -0.000000e+00 -0.000000e+00
    outer loop
      vertex   2.000000e+01 -4.000000e+01 2.965000e+02
      vertex   2.000000e+01 -3.964103e+01 2.964564e+02
      vertex   2.000000e+01 -4.200000e+01 2.989766e+02
    endloop
  endfacet
  facet normal 1.000000e+00 -0.000000e+00 0.000000e+00
    outer loop
      vertex   2.000000e+01 -3.851094e+01 2.851808e+02
      vertex   2.000000e+01 -3.851094e+01 2.848192e+02
      vertex   2.000000e+01 -3.700000e+01 2.989766e+02
    endloop
  endfacet
  facet normal 1.000000e+00 0.000000e+00 0.000000e+00
    outer loop
      vertex   2.000000e+01 -5.853191e+01 2.655975e+02
      vertex   2.000000e+01 -5.885210e+01 2.657655e+02
      vertex   2.000000e+01 -7.300000e+01 2.539766e+02
    endloop
  endfacet
  facet normal -7.105427e-16 -1.885963e-14 -1.000000e+00
    outer loop
      vertex   2.000000e+01 -4.000000e+01 2.539766e+02
      vertex   -2.063090e-01 -4.225275e+01 2.539766e+02
      vertex   -2.000000e+01 -4.000000e+01 2.539766e+02
    endloop
  endfacet
  facet normal 5.928785e-16 -7.407160e-15 -1.000000e+00
    outer loop
      vertex   -2.000000e+01 -4.000000e+01 2.539766e+02
      vertex   -2.063090e-01 -4.225275e+01 2.539766e+02
      vertex   -1.028623e+00 -4.231857e+01 2.539766e+02
    endloop
  endfacet
  facet normal 9.089723e-16 -4.820761e-15 -1.000000e+00
    outer loop
      vertex   -2.000000e+01 -4.000000e+01 2.539766e+02
      vertex   -1.028623e+00 -4.231857e+01 2.539766e+02
      vertex   -1.839282e+00 -4.247142e+01 2.539766e+02
    endloop
  endfacet
  facet normal -1.955069e-15 -2.583792e-15 -1.000000e+00
    outer loop
      vertex   2.000000e+01 -7.300000e+01 2.539766e+02
      vertex   7.357831e+00 -5.243410e+01 2.539766e+02
      vertex   2.000000e+01 -4.000000e+01 2.539766e+02
    endloop
  endfacet
  facet normal -6.144399e-15 1.675644e-15 -1.000000e+00
    outer loop
      vertex   2.000000e+01 -4.000000e+01 2.539766e+02
      vertex   7.357831e+00 -5.243410e+01 2.539766e+02
      vertex   7.574876e+00 -5.163822e+01 2.539766e+02
    endloop
  endfacet
  facet normal -5.387983e-15 8.680836e-16 -1.000000e+00
    outer loop
      vertex   2.000000e+01 -4.000000e+01 2.539766e+02
      vertex   7.574876e+00 -5.163822e+01 2.539766e+02
      vertex   7.706095e+00 -5.082378e+01 2.539766e+02
    endloop
  endfacet
  facet normal 0.000000e+00 -1.863383e-15 -1.000000e+00
    outer loop
      vertex   -2.000000e+01 -7.300000e+01 2.539766e+02
      vertex   -2.063090e-01 -5.774725e+01 2.539766e+02
      vertex   2.000000e+01 -7.300000e+01 2.539766e+02
    endloop
  endfacet
  facet normal 4.793089e-17 -1.799886e-15 -1.000000e+00
    outer loop
      vertex   2.000000e+01 -7.300000e+01 2.539766e+02
      vertex   -2.063090e-01 -5.774725e+01 2.539766e+02
      vertex   6.183423e-01 -5.772529e+01 2.539766e+02
    endloop
  endfacet
  facet normal 2.129790e-16 -1.590461e-15 -1.000000e+00
    outer loop
      vertex   2.000000e+01 -7.300000e+01 2.539766e+02
      vertex   6.183423e-01 -5.772529e+01 2.539766e+02
      vertex   1.435988e+00 -5.761580e+01 2.539766e+02
    endloop
  endfacet
  facet normal 6.135981e-16 -1.722528e-15 -1.000000e+00
    outer loop
      vertex   -2.000000e+01 -4.000000e+01 2.539766e+02
      vertex   -7.476951e+00 -5.203905e+01 2.539766e+02
      vertex   -2.000000e+01 -7.300000e+01 2.539766e+02
    endloop
  endfacet
  facet normal -1.460723e-15 -4.832318e-16 -1.000000e+00
    outer loop
      vertex   -2.000000e+01 -7.300000e+01 2.539766e+02
      vertex   -7.476951e+00 -5.203905e+01 2.539766e+02
      vertex   -7.217855e+00 -5.282225e+01 2.539766e+02
    endloop
  endfacet
  facet normal -1.295543e-15 -5.878694e-16 -1.000000e+00
    outer loop
      vertex   -2.000000e+01 -7.300000e+01 2.539766e+02
      vertex   -7.217855e+00 -5.282225e+01 2.539766e+02
      vertex   -6.876979e+00 -5.357347e+01 2.539766e+02
    endloop
  endfacet
  facet normal -4.851353e-15 2.585660e-16 -1.000000e+00
    outer loop
      vertex   7.706095e+00 -5.082378e+01 2.539766e+02
      vertex   7.750000e+00 -5.000000e+01 2.539766e+02
      vertex   2.000000e+01 -4.000000e+01 2.539766e+02
    endloop
  endfacet
  facet normal -4.446806e-15 -2.370046e-16 -1.000000e+00
    outer loop
      vertex   2.000000e+01 -4.000000e+01 2.539766e+02
      vertex   7.750000e+00 -5.000000e+01 2.539766e+02
      vertex   7.706095e+00 -4.917623e+01 2.539766e+02
    endloop
  endfacet
  facet normal -4.127364e-15 -6.649792e-16 -1.000000e+00
    outer loop
      vertex   2.000000e+01 -4.000000e+01 2.539766e+02
      vertex   7.706095e+00 -4.917623e+01 2.539766e+02
      vertex   7.574876e+00 -4.836179e+01 2.539766e+02
    endloop
  endfacet
  facet normal -3.865460e-15 -1.054153e-15 -1.000000e+00
    outer loop
      vertex   7.574876e+00 -4.836179e+01 2.539766e+02
      vertex   7.357831e+00 -4.756591e+01 2.539766e+02
      vertex   2.000000e+01 -4.000000e+01 2.539766e+02
    endloop
  endfacet
  facet normal -3.643691e-15 -1.424715e-15 -1.000000e+00
    outer loop
      vertex   2.000000e+01 -4.000000e+01 2.539766e+02
      vertex   7.357831e+00 -4.756591e+01 2.539766e+02
      vertex   7.057419e+00 -4.679761e+01 2.539766e+02
    endloop
  endfacet
  facet normal -3.450325e-15 -1.792883e-15 -1.000000e+00
    outer loop
      vertex   2.000000e+01 -4.000000e+01 2.539766e+02
      vertex   7.057419e+00 -4.679761e+01 2.539766e+02
      vertex   6.677044e+00 -4.606559e+01 2.539766e+02
    endloop
  endfacet
  facet normal -3.276897e-15 -2.173813e-15 -1.000000e+00
    outer loop
      vertex   6.677044e+00 -4.606559e+01 2.539766e+02
      vertex   6.221015e+00 -4.537815e+01 2.539766e+02
      vertex   2.000000e+01 -4.000000e+01 2.539766e+02
    endloop
  endfacet
  facet normal -3.116785e-15 -2.584025e-15 -1.000000e+00
    outer loop
      vertex   2.000000e+01 -4.000000e+01 2.539766e+02
      vertex   6.221015e+00 -4.537815e+01 2.539766e+02
      vertex   5.694500e+00 -4.474308e+01 2.539766e+02
    endloop
  endfacet
  facet normal -2.964211e-15 -3.044199e-15 -1.000000e+00
    outer loop
      vertex   2.000000e+01 -4.000000e+01 2.539766e+02
      vertex   5.694500e+00 -4.474308e+01 2.539766e+02
      vertex   5.103463e+00 -4.416758e+01 2.539766e+02
    endloop
  endfacet
  facet normal -2.813355e-15 -3.583418e-15 -1.000000e+00
    outer loop
      vertex   5.103463e+00 -4.416758e+01 2.539766e+02
      vertex   4.454602e+00 -4.365815e+01 2.539766e+02
      vertex   2.000000e+01 -4.000000e+01 2.539766e+02
    endloop
  endfacet
  facet normal -2.657232e-15 -4.246867e-15 -1.000000e+00
    outer loop
      vertex   2.000000e+01 -4.000000e+01 2.539766e+02
      vertex   4.454602e+00 -4.365815e+01 2.539766e+02
      vertex   3.755269e+00 -4.322059e+01 2.539766e+02
    endloop
  endfacet
  facet normal -2.485742e-15 -5.111869e-15 -1.000000e+00
    outer loop
      vertex   2.000000e+01 -4.000000e+01 2.539766e+02
      vertex   3.755269e+00 -4.322059e+01 2.539766e+02
      vertex   3.013387e+00 -4.285983e+01 2.539766e+02
    endloop
  endfacet
  facet normal -2.281324e-15 -6.326051e-15 -1.000000e+00
    outer loop
      vertex   3.013387e+00 -4.285983e+01 2.539766e+02
      vertex   2.237363e+00 -4.257998e+01 2.539766e+02
      vertex   2.000000e+01 -4.000000e+01 2.539766e+02
    endloop
  endfacet
  facet normal -2.006966e-15 -8.214950e-15 -1.000000e+00
    outer loop
      vertex   2.000000e+01 -4.000000e+01 2.539766e+02
      vertex   2.237363e+00 -4.257998e+01 2.539766e+02
      vertex   1.435988e+00 -4.238420e+01 2.539766e+02
    endloop
  endfacet
  facet normal -1.562987e-15 -1.167190e-14 -1.000000e+00
    outer loop
      vertex   2.000000e+01 -4.000000e+01 2.539766e+02
      vertex   1.435988e+00 -4.238420e+01 2.539766e+02
      vertex   6.183423e-01 -4.227471e+01 2.539766e+02
    endloop
  endfacet
  facet normal -5.423951e-16 -2.036785e-14 -1.000000e+00
    outer loop
      vertex   6.183423e-01 -4.227471e+01 2.539766e+02
      vertex   -2.063090e-01 -4.225275e+01 2.539766e+02
      vertex   2.000000e+01 -4.000000e+01 2.539766e+02
    endloop
  endfacet
  facet normal 1.078338e-15 -3.576214e-15 -1.000000e+00
    outer loop
      vertex   -1.839282e+00 -4.247142e+01 2.539766e+02
      vertex   -2.629101e+00 -4.270957e+01 2.539766e+02
      vertex   -2.000000e+01 -4.000000e+01 2.539766e+02
    endloop
  endfacet
  facet normal 1.194632e-15 -2.830659e-15 -1.000000e+00
    outer loop
      vertex   -2.000000e+01 -4.000000e+01 2.539766e+02
      vertex   -2.629101e+00 -4.270957e+01 2.539766e+02
      vertex   -3.389132e+00 -4.303033e+01 2.539766e+02
    endloop
  endfacet
  facet normal 1.287125e-15 -2.323656e-15 -1.000000e+00
    outer loop
      vertex   -2.000000e+01 -4.000000e+01 2.539766e+02
      vertex   -3.389132e+00 -4.303033e+01 2.539766e+02
      vertex   -4.110762e+00 -4.343006e+01 2.539766e+02
    endloop
  endfacet
  facet normal 1.368239e-15 -1.947909e-15 -1.000000e+00
    outer loop
      vertex   -4.110762e+00 -4.343006e+01 2.539766e+02
      vertex   -4.785816e+00 -4.390423e+01 2.539766e+02
      vertex   -2.000000e+01 -4.000000e+01 2.539766e+02
    endloop
  endfacet
  facet normal 1.444481e-15 -1.650805e-15 -1.000000e+00
    outer loop
      vertex   -2.000000e+01 -4.000000e+01 2.539766e+02
      vertex   -4.785816e+00 -4.390423e+01 2.539766e+02
      vertex   -5.406644e+00 -4.444746e+01 2.539766e+02
    endloop
  endfacet
  facet normal 1.519954e-15 -1.403156e-15 -1.000000e+00
    outer loop
      vertex   -2.000000e+01 -4.000000e+01 2.539766e+02
      vertex   -5.406644e+00 -4.444746e+01 2.539766e+02
      vertex   -5.966213e+00 -4.505361e+01 2.539766e+02
    endloop
  endfacet
  facet normal 1.597774e-15 -1.187052e-15 -1.000000e+00
    outer loop
      vertex   -5.966213e+00 -4.505361e+01 2.539766e+02
      vertex   -6.458183e+00 -4.571580e+01 2.539766e+02
      vertex   -2.000000e+01 -4.000000e+01 2.539766e+02
    endloop
  endfacet
  facet normal 1.680781e-15 -9.903908e-16 -1.000000e+00
    outer loop
      vertex   -2.000000e+01 -4.000000e+01 2.539766e+02
      vertex   -6.458183e+00 -4.571580e+01 2.539766e+02
      vertex   -6.876979e+00 -4.642653e+01 2.539766e+02
    endloop
  endfacet
  facet normal 1.772022e-15 -8.040775e-16 -1.000000e+00
    outer loop
      vertex   -2.000000e+01 -4.000000e+01 2.539766e+02
      vertex   -6.876979e+00 -4.642653e+01 2.539766e+02
      vertex   -7.217855e+00 -4.717776e+01 2.539766e+02
    endloop
  endfacet
  facet normal 1.875195e-15 -6.203461e-16 -1.000000e+00
    outer loop
      vertex   -7.217855e+00 -4.717776e+01 2.539766e+02
      vertex   -7.476951e+00 -4.796096e+01 2.539766e+02
      vertex   -2.000000e+01 -4.000000e+01 2.539766e+02
    endloop
  endfacet
  facet normal 1.995239e-15 -4.315096e-16 -1.000000e+00
    outer loop
      vertex   -2.000000e+01 -4.000000e+01 2.539766e+02
      vertex   -7.476951e+00 -4.796096e+01 2.539766e+02
      vertex   -7.651330e+00 -4.876726e+01 2.539766e+02
    endloop
  endfacet
  facet normal 2.139241e-15 -2.286830e-16 -1.000000e+00
    outer loop
      vertex   -2.000000e+01 -4.000000e+01 2.539766e+02
      vertex   -7.651330e+00 -4.876726e+01 2.539766e+02
      vertex   -7.739016e+00 -4.958753e+01 2.539766e+02
    endloop
  endfacet
  facet normal 2.318061e-15 0.000000e+00 -1.000000e+00
    outer loop
      vertex   -7.739016e+00 -4.958753e+01 2.539766e+02
      vertex   -7.739016e+00 -5.041247e+01 2.539766e+02
      vertex   -2.000000e+01 -4.000000e+01 2.539766e+02
    endloop
  endfacet
  facet normal 2.549512e-15 2.725405e-16 -1.000000e+00
    outer loop
      vertex   -2.000000e+01 -4.000000e+01 2.539766e+02
      vertex   -7.739016e+00 -5.041247e+01 2.539766e+02
      vertex   -7.651330e+00 -5.123274e+01 2.539766e+02
    endloop
  endfacet
  facet normal 2.865274e-15 6.196715e-16 -1.000000e+00
    outer loop
      vertex   -2.000000e+01 -4.000000e+01 2.539766e+02
      vertex   -7.651330e+00 -5.123274e+01 2.539766e+02
      vertex   -7.476951e+00 -5.203905e+01 2.539766e+02
    endloop
  endfacet
  facet normal -1.156765e-15 -6.816171e-16 -1.000000e+00
    outer loop
      vertex   -6.876979e+00 -5.357347e+01 2.539766e+02
      vertex   -6.458183e+00 -5.428420e+01 2.539766e+02
      vertex   -2.000000e+01 -7.300000e+01 2.539766e+02
    endloop
  endfacet
  facet normal -1.035529e-15 -7.693372e-16 -1.000000e+00
    outer loop
      vertex   -2.000000e+01 -7.300000e+01 2.539766e+02
      vertex   -6.458183e+00 -5.428420e+01 2.539766e+02
      vertex   -5.966213e+00 -5.494639e+01 2.539766e+02
    endloop
  endfacet
  facet normal -9.257856e-16 -8.546454e-16 -1.000000e+00
    outer loop
      vertex   -2.000000e+01 -7.300000e+01 2.539766e+02
      vertex   -5.966213e+00 -5.494639e+01 2.539766e+02
      vertex   -5.406644e+00 -5.555254e+01 2.539766e+02
    endloop
  endfacet
  facet normal -8.230316e-16 -9.405905e-16 -1.000000e+00
    outer loop
      vertex   -5.406644e+00 -5.555254e+01 2.539766e+02
      vertex   -4.785816e+00 -5.609578e+01 2.539766e+02
      vertex   -2.000000e+01 -7.300000e+01 2.539766e+02
    endloop
  endfacet
  facet normal -7.235654e-16 -1.030112e-15 -1.000000e+00
    outer loop
      vertex   -2.000000e+01 -7.300000e+01 2.539766e+02
      vertex   -4.785816e+00 -5.609578e+01 2.539766e+02
      vertex   -4.110762e+00 -5.656994e+01 2.539766e+02
    endloop
  endfacet
  facet normal -6.239599e-16 -1.126439e-15 -1.000000e+00
    outer loop
      vertex   -2.000000e+01 -7.300000e+01 2.539766e+02
      vertex   -4.110762e+00 -5.656994e+01 2.539766e+02
      vertex   -3.389132e+00 -5.696967e+01 2.539766e+02
    endloop
  endfacet
  facet normal -5.205970e-16 -1.233545e-15 -1.000000e+00
    outer loop
      vertex   -3.389132e+00 -5.696967e+01 2.539766e+02
      vertex   -2.629101e+00 -5.729043e+01 2.539766e+02
      vertex   -2.000000e+01 -7.300000e+01 2.539766e+02
    endloop
  endfacet
  facet normal -4.091200e-16 -1.356811e-15 -1.000000e+00
    outer loop
      vertex   -2.000000e+01 -7.300000e+01 2.539766e+02
      vertex   -2.629101e+00 -5.729043e+01 2.539766e+02
      vertex   -1.839282e+00 -5.752858e+01 2.539766e+02
    endloop
  endfacet
  facet normal -2.836106e-16 -1.504137e-15 -1.000000e+00
    outer loop
      vertex   -2.000000e+01 -7.300000e+01 2.539766e+02
      vertex   -1.839282e+00 -5.752858e+01 2.539766e+02
      vertex   -1.028623e+00 -5.768144e+01 2.539766e+02
    endloop
  endfacet
  facet normal -1.351133e-16 -1.688045e-15 -1.000000e+00
    outer loop
      vertex   -1.028623e+00 -5.768144e+01 2.539766e+02
      vertex   -2.063090e-01 -5.774725e+01 2.539766e+02
      vertex   -2.000000e+01 -7.300000e+01 2.539766e+02
    endloop
  endfacet
  facet normal 3.485834e-16 -1.426828e-15 -1.000000e+00
    outer loop
      vertex   1.435988e+00 -5.761580e+01 2.539766e+02
      vertex   2.237363e+00 -5.742002e+01 2.539766e+02
      vertex   2.000000e+01 -7.300000e+01 2.539766e+02
    endloop
  endfacet
  facet normal 4.661933e-16 -1.292742e-15 -1.000000e+00
    outer loop
      vertex   2.000000e+01 -7.300000e+01 2.539766e+02
      vertex   2.237363e+00 -5.742002e+01 2.539766e+02
      vertex   3.013387e+00 -5.714017e+01 2.539766e+02
    endloop
  endfacet
  facet normal 5.729954e-16 -1.178352e-15 -1.000000e+00
    outer loop
      vertex   2.000000e+01 -7.300000e+01 2.539766e+02
      vertex   3.013387e+00 -5.714017e+01 2.539766e+02
      vertex   3.755269e+00 -5.677941e+01 2.539766e+02
    endloop
  endfacet
  facet normal 6.739961e-16 -1.077201e-15 -1.000000e+00
    outer loop
      vertex   3.755269e+00 -5.677941e+01 2.539766e+02
      vertex   4.454602e+00 -5.634185e+01 2.539766e+02
      vertex   2.000000e+01 -7.300000e+01 2.539766e+02
    endloop
  endfacet
  facet normal 7.731028e-16 -9.847141e-16 -1.000000e+00
    outer loop
      vertex   2.000000e+01 -7.300000e+01 2.539766e+02
      vertex   4.454602e+00 -5.634185e+01 2.539766e+02
      vertex   5.103463e+00 -5.583242e+01 2.539766e+02
    endloop
  endfacet
  facet normal 8.737782e-16 -8.973567e-16 -1.000000e+00
    outer loop
      vertex   2.000000e+01 -7.300000e+01 2.539766e+02
      vertex   5.103463e+00 -5.583242e+01 2.539766e+02
      vertex   5.694500e+00 -5.525692e+01 2.539766e+02
    endloop
  endfacet
  facet normal 9.795283e-16 -8.120949e-16 -1.000000e+00
    outer loop
      vertex   5.694500e+00 -5.525692e+01 2.539766e+02
      vertex   6.221015e+00 -5.462185e+01 2.539766e+02
      vertex   2.000000e+01 -7.300000e+01 2.539766e+02
    endloop
  endfacet
  facet normal 1.094380e-15 -7.259850e-16 -1.000000e+00
    outer loop
      vertex   2.000000e+01 -7.300000e+01 2.539766e+02
      vertex   6.221015e+00 -5.462185e+01 2.539766e+02
      vertex   6.677044e+00 -5.393441e+01 2.539766e+02
    endloop
  endfacet
  facet normal 1.223494e-15 -6.357609e-16 -1.000000e+00
    outer loop
      vertex   2.000000e+01 -7.300000e+01 2.539766e+02
      vertex   6.677044e+00 -5.393441e+01 2.539766e+02
      vertex   7.057419e+00 -5.320240e+01 2.539766e+02
    endloop
  endfacet
  facet normal 1.374117e-15 -5.372917e-16 -1.000000e+00
    outer loop
      vertex   7.057419e+00 -5.320240e+01 2.539766e+02
      vertex   7.357831e+00 -5.243410e+01 2.539766e+02
      vertex   2.000000e+01 -7.300000e+01 2.539766e+02
    endloop
  endfacet
endsolid
