solid ASCII
  facet normal 9.914449e-01 1.305262e-01 0.000000e+00
    outer loop
      vertex   6.255111e+01 1.106118e+02 -1.270000e+02
      vertex   6.255111e+01 1.106118e+02 -1.290000e+02
      vertex   6.250000e+01 1.110000e+02 -1.270000e+02
    endloop
  endfacet
  facet normal 9.914449e-01 1.305262e-01 0.000000e+00
    outer loop
      vertex   6.250000e+01 1.110000e+02 -1.270000e+02
      vertex   6.255111e+01 1.106118e+02 -1.290000e+02
      vertex   6.250000e+01 1.110000e+02 -1.290000e+02
    endloop
  endfacet
  facet normal 9.914449e-01 -1.305262e-01 0.000000e+00
    outer loop
      vertex   6.250000e+01 1.110000e+02 -1.270000e+02
      vertex   6.250000e+01 1.110000e+02 -1.290000e+02
      vertex   6.255111e+01 1.113882e+02 -1.270000e+02
    endloop
  endfacet
  facet normal 9.914449e-01 -1.305262e-01 0.000000e+00
    outer loop
      vertex   6.255111e+01 1.113882e+02 -1.270000e+02
      vertex   6.250000e+01 1.110000e+02 -1.290000e+02
      vertex   6.255111e+01 1.113882e+02 -1.290000e+02
    endloop
  endfacet
  facet normal 9.238795e-01 -3.826834e-01 0.000000e+00
    outer loop
      vertex   6.255111e+01 1.113882e+02 -1.270000e+02
      vertex   6.255111e+01 1.113882e+02 -1.290000e+02
      vertex   6.270096e+01 1.117500e+02 -1.270000e+02
    endloop
  endfacet
  facet normal 9.238795e-01 -3.826834e-01 -2.719132e-15
    outer loop
      vertex   6.270096e+01 1.117500e+02 -1.270000e+02
      vertex   6.255111e+01 1.113882e+02 -1.290000e+02
      vertex   6.270096e+01 1.117500e+02 -1.290000e+02
    endloop
  endfacet
  facet normal 7.933533e-01 -6.087614e-01 -4.325514e-15
    outer loop
      vertex   6.270096e+01 1.117500e+02 -1.270000e+02
      vertex   6.270096e+01 1.117500e+02 -1.290000e+02
      vertex   6.293934e+01 1.120607e+02 -1.270000e+02
    endloop
  endfacet
  facet normal 7.933533e-01 -6.087614e-01 0.000000e+00
    outer loop
      vertex   6.293934e+01 1.120607e+02 -1.270000e+02
      vertex   6.270096e+01 1.117500e+02 -1.290000e+02
      vertex   6.293934e+01 1.120607e+02 -1.290000e+02
    endloop
  endfacet
  facet normal 6.087614e-01 -7.933533e-01 0.000000e+00
    outer loop
      vertex   6.293934e+01 1.120607e+02 -1.270000e+02
      vertex   6.293934e+01 1.120607e+02 -1.290000e+02
      vertex   6.325000e+01 1.122990e+02 -1.270000e+02
    endloop
  endfacet
  facet normal 6.087614e-01 -7.933533e-01 0.000000e+00
    outer loop
      vertex   6.325000e+01 1.122990e+02 -1.270000e+02
      vertex   6.293934e+01 1.120607e+02 -1.290000e+02
      vertex   6.325000e+01 1.122990e+02 -1.290000e+02
    endloop
  endfacet
  facet normal 3.826834e-01 -9.238795e-01 0.000000e+00
    outer loop
      vertex   6.325000e+01 1.122990e+02 -1.270000e+02
      vertex   6.325000e+01 1.122990e+02 -1.290000e+02
      vertex   6.361177e+01 1.124489e+02 -1.270000e+02
    endloop
  endfacet
  facet normal 3.826834e-01 -9.238795e-01 0.000000e+00
    outer loop
      vertex   6.361177e+01 1.124489e+02 -1.270000e+02
      vertex   6.325000e+01 1.122990e+02 -1.290000e+02
      vertex   6.361177e+01 1.124489e+02 -1.290000e+02
    endloop
  endfacet
  facet normal 1.305262e-01 -9.914449e-01 0.000000e+00
    outer loop
      vertex   6.361177e+01 1.124489e+02 -1.270000e+02
      vertex   6.361177e+01 1.124489e+02 -1.290000e+02
      vertex   6.400000e+01 1.125000e+02 -1.270000e+02
    endloop
  endfacet
  facet normal 1.305262e-01 -9.914449e-01 0.000000e+00
    outer loop
      vertex   6.400000e+01 1.125000e+02 -1.270000e+02
      vertex   6.361177e+01 1.124489e+02 -1.290000e+02
      vertex   6.400000e+01 1.125000e+02 -1.290000e+02
    endloop
  endfacet
  facet normal -1.305262e-01 -9.914449e-01 -0.000000e+00
    outer loop
      vertex   6.400000e+01 1.125000e+02 -1.270000e+02
      vertex   6.400000e+01 1.125000e+02 -1.290000e+02
      vertex   6.438823e+01 1.124489e+02 -1.270000e+02
    endloop
  endfacet
  facet normal -1.305262e-01 -9.914449e-01 -0.000000e+00
    outer loop
      vertex   6.438823e+01 1.124489e+02 -1.270000e+02
      vertex   6.400000e+01 1.125000e+02 -1.290000e+02
      vertex   6.438823e+01 1.124489e+02 -1.290000e+02
    endloop
  endfacet
  facet normal -3.826834e-01 -9.238795e-01 -0.000000e+00
    outer loop
      vertex   6.438823e+01 1.124489e+02 -1.270000e+02
      vertex   6.438823e+01 1.124489e+02 -1.290000e+02
      vertex   6.475000e+01 1.122990e+02 -1.270000e+02
    endloop
  endfacet
  facet normal -3.826834e-01 -9.238795e-01 -0.000000e+00
    outer loop
      vertex   6.475000e+01 1.122990e+02 -1.270000e+02
      vertex   6.438823e+01 1.124489e+02 -1.290000e+02
      vertex   6.475000e+01 1.122990e+02 -1.290000e+02
    endloop
  endfacet
  facet normal -6.087614e-01 -7.933533e-01 -0.000000e+00
    outer loop
      vertex   6.475000e+01 1.122990e+02 -1.270000e+02
      vertex   6.475000e+01 1.122990e+02 -1.290000e+02
      vertex   6.506066e+01 1.120607e+02 -1.270000e+02
    endloop
  endfacet
  facet normal -6.087614e-01 -7.933533e-01 -0.000000e+00
    outer loop
      vertex   6.506066e+01 1.120607e+02 -1.270000e+02
      vertex   6.475000e+01 1.122990e+02 -1.290000e+02
      vertex   6.506066e+01 1.120607e+02 -1.290000e+02
    endloop
  endfacet
  facet normal -7.933533e-01 -6.087614e-01 -0.000000e+00
    outer loop
      vertex   6.506066e+01 1.120607e+02 -1.270000e+02
      vertex   6.506066e+01 1.120607e+02 -1.290000e+02
      vertex   6.529904e+01 1.117500e+02 -1.270000e+02
    endloop
  endfacet
  facet normal -7.933533e-01 -6.087614e-01 4.325514e-15
    outer loop
      vertex   6.529904e+01 1.117500e+02 -1.270000e+02
      vertex   6.506066e+01 1.120607e+02 -1.290000e+02
      vertex   6.529904e+01 1.117500e+02 -1.290000e+02
    endloop
  endfacet
  facet normal -9.238795e-01 -3.826834e-01 2.719132e-15
    outer loop
      vertex   6.529904e+01 1.117500e+02 -1.270000e+02
      vertex   6.529904e+01 1.117500e+02 -1.290000e+02
      vertex   6.544889e+01 1.113882e+02 -1.270000e+02
    endloop
  endfacet
  facet normal -9.238795e-01 -3.826834e-01 -0.000000e+00
    outer loop
      vertex   6.544889e+01 1.113882e+02 -1.270000e+02
      vertex   6.529904e+01 1.117500e+02 -1.290000e+02
      vertex   6.544889e+01 1.113882e+02 -1.290000e+02
    endloop
  endfacet
  facet normal -9.914449e-01 -1.305262e-01 -0.000000e+00
    outer loop
      vertex   6.544889e+01 1.113882e+02 -1.270000e+02
      vertex   6.544889e+01 1.113882e+02 -1.290000e+02
      vertex   6.550000e+01 1.110000e+02 -1.270000e+02
    endloop
  endfacet
  facet normal -9.914449e-01 -1.305262e-01 -0.000000e+00
    outer loop
      vertex   6.550000e+01 1.110000e+02 -1.270000e+02
      vertex   6.544889e+01 1.113882e+02 -1.290000e+02
      vertex   6.550000e+01 1.110000e+02 -1.290000e+02
    endloop
  endfacet
  facet normal -9.914449e-01 1.305262e-01 0.000000e+00
    outer loop
      vertex   6.550000e+01 1.110000e+02 -1.270000e+02
      vertex   6.550000e+01 1.110000e+02 -1.290000e+02
      vertex   6.544889e+01 1.106118e+02 -1.270000e+02
    endloop
  endfacet
  facet normal -9.914449e-01 1.305262e-01 0.000000e+00
    outer loop
      vertex   6.544889e+01 1.106118e+02 -1.270000e+02
      vertex   6.550000e+01 1.110000e+02 -1.290000e+02
      vertex   6.544889e+01 1.106118e+02 -1.290000e+02
    endloop
  endfacet
  facet normal -9.238795e-01 3.826834e-01 0.000000e+00
    outer loop
      vertex   6.544889e+01 1.106118e+02 -1.270000e+02
      vertex   6.544889e+01 1.106118e+02 -1.290000e+02
      vertex   6.529904e+01 1.102500e+02 -1.270000e+02
    endloop
  endfacet
  facet normal -9.238795e-01 3.826834e-01 -2.719132e-15
    outer loop
      vertex   6.529904e+01 1.102500e+02 -1.270000e+02
      vertex   6.544889e+01 1.106118e+02 -1.290000e+02
      vertex   6.529904e+01 1.102500e+02 -1.290000e+02
    endloop
  endfacet
  facet normal -7.933533e-01 6.087614e-01 -4.325514e-15
    outer loop
      vertex   6.529904e+01 1.102500e+02 -1.270000e+02
      vertex   6.529904e+01 1.102500e+02 -1.290000e+02
      vertex   6.506066e+01 1.099393e+02 -1.270000e+02
    endloop
  endfacet
  facet normal -7.933533e-01 6.087614e-01 0.000000e+00
    outer loop
      vertex   6.506066e+01 1.099393e+02 -1.270000e+02
      vertex   6.529904e+01 1.102500e+02 -1.290000e+02
      vertex   6.506066e+01 1.099393e+02 -1.290000e+02
    endloop
  endfacet
  facet normal -6.087614e-01 7.933533e-01 0.000000e+00
    outer loop
      vertex   6.506066e+01 1.099393e+02 -1.270000e+02
      vertex   6.506066e+01 1.099393e+02 -1.290000e+02
      vertex   6.475000e+01 1.097010e+02 -1.270000e+02
    endloop
  endfacet
  facet normal -6.087614e-01 7.933533e-01 0.000000e+00
    outer loop
      vertex   6.475000e+01 1.097010e+02 -1.270000e+02
      vertex   6.506066e+01 1.099393e+02 -1.290000e+02
      vertex   6.475000e+01 1.097010e+02 -1.290000e+02
    endloop
  endfacet
  facet normal -3.826834e-01 9.238795e-01 0.000000e+00
    outer loop
      vertex   6.475000e+01 1.097010e+02 -1.270000e+02
      vertex   6.475000e+01 1.097010e+02 -1.290000e+02
      vertex   6.438823e+01 1.095511e+02 -1.270000e+02
    endloop
  endfacet
  facet normal -3.826834e-01 9.238795e-01 0.000000e+00
    outer loop
      vertex   6.438823e+01 1.095511e+02 -1.270000e+02
      vertex   6.475000e+01 1.097010e+02 -1.290000e+02
      vertex   6.438823e+01 1.095511e+02 -1.290000e+02
    endloop
  endfacet
  facet normal -1.305262e-01 9.914449e-01 0.000000e+00
    outer loop
      vertex   6.438823e+01 1.095511e+02 -1.270000e+02
      vertex   6.438823e+01 1.095511e+02 -1.290000e+02
      vertex   6.400000e+01 1.095000e+02 -1.270000e+02
    endloop
  endfacet
  facet normal -1.305262e-01 9.914449e-01 0.000000e+00
    outer loop
      vertex   6.400000e+01 1.095000e+02 -1.270000e+02
      vertex   6.438823e+01 1.095511e+02 -1.290000e+02
      vertex   6.400000e+01 1.095000e+02 -1.290000e+02
    endloop
  endfacet
  facet normal 1.305262e-01 9.914449e-01 0.000000e+00
    outer loop
      vertex   6.400000e+01 1.095000e+02 -1.270000e+02
      vertex   6.400000e+01 1.095000e+02 -1.290000e+02
      vertex   6.361177e+01 1.095511e+02 -1.270000e+02
    endloop
  endfacet
  facet normal 1.305262e-01 9.914449e-01 0.000000e+00
    outer loop
      vertex   6.361177e+01 1.095511e+02 -1.270000e+02
      vertex   6.400000e+01 1.095000e+02 -1.290000e+02
      vertex   6.361177e+01 1.095511e+02 -1.290000e+02
    endloop
  endfacet
  facet normal 3.826834e-01 9.238795e-01 0.000000e+00
    outer loop
      vertex   6.361177e+01 1.095511e+02 -1.270000e+02
      vertex   6.361177e+01 1.095511e+02 -1.290000e+02
      vertex   6.325000e+01 1.097010e+02 -1.270000e+02
    endloop
  endfacet
  facet normal 3.826834e-01 9.238795e-01 0.000000e+00
    outer loop
      vertex   6.325000e+01 1.097010e+02 -1.270000e+02
      vertex   6.361177e+01 1.095511e+02 -1.290000e+02
      vertex   6.325000e+01 1.097010e+02 -1.290000e+02
    endloop
  endfacet
  facet normal 6.087614e-01 7.933533e-01 0.000000e+00
    outer loop
      vertex   6.325000e+01 1.097010e+02 -1.270000e+02
      vertex   6.325000e+01 1.097010e+02 -1.290000e+02
      vertex   6.293934e+01 1.099393e+02 -1.270000e+02
    endloop
  endfacet
  facet normal 6.087614e-01 7.933533e-01 0.000000e+00
    outer loop
      vertex   6.293934e+01 1.099393e+02 -1.270000e+02
      vertex   6.325000e+01 1.097010e+02 -1.290000e+02
      vertex   6.293934e+01 1.099393e+02 -1.290000e+02
    endloop
  endfacet
  facet normal 7.933533e-01 6.087614e-01 0.000000e+00
    outer loop
      vertex   6.293934e+01 1.099393e+02 -1.270000e+02
      vertex   6.293934e+01 1.099393e+02 -1.290000e+02
      vertex   6.270096e+01 1.102500e+02 -1.270000e+02
    endloop
  endfacet
  facet normal 7.933533e-01 6.087614e-01 4.325514e-15
    outer loop
      vertex   6.270096e+01 1.102500e+02 -1.270000e+02
      vertex   6.293934e+01 1.099393e+02 -1.290000e+02
      vertex   6.270096e+01 1.102500e+02 -1.290000e+02
    endloop
  endfacet
  facet normal 9.238795e-01 3.826834e-01 2.719132e-15
    outer loop
      vertex   6.270096e+01 1.102500e+02 -1.270000e+02
      vertex   6.270096e+01 1.102500e+02 -1.290000e+02
      vertex   6.255111e+01 1.106118e+02 -1.270000e+02
    endloop
  endfacet
  facet normal 9.238795e-01 3.826834e-01 0.000000e+00
    outer loop
      vertex   6.255111e+01 1.106118e+02 -1.270000e+02
      vertex   6.270096e+01 1.102500e+02 -1.290000e+02
      vertex   6.255111e+01 1.106118e+02 -1.290000e+02
    endloop
  endfacet
  facet normal 9.914449e-01 1.305262e-01 0.000000e+00
    outer loop
      vertex   -6.544889e+01 1.106118e+02 -1.270000e+02
      vertex   -6.544889e+01 1.106118e+02 -1.290000e+02
      vertex   -6.550000e+01 1.110000e+02 -1.270000e+02
    endloop
  endfacet
  facet normal 9.914449e-01 1.305262e-01 0.000000e+00
    outer loop
      vertex   -6.550000e+01 1.110000e+02 -1.270000e+02
      vertex   -6.544889e+01 1.106118e+02 -1.290000e+02
      vertex   -6.550000e+01 1.110000e+02 -1.290000e+02
    endloop
  endfacet
  facet normal 9.914449e-01 -1.305262e-01 0.000000e+00
    outer loop
      vertex   -6.550000e+01 1.110000e+02 -1.270000e+02
      vertex   -6.550000e+01 1.110000e+02 -1.290000e+02
      vertex   -6.544889e+01 1.113882e+02 -1.270000e+02
    endloop
  endfacet
  facet normal 9.914449e-01 -1.305262e-01 0.000000e+00
    outer loop
      vertex   -6.544889e+01 1.113882e+02 -1.270000e+02
      vertex   -6.550000e+01 1.110000e+02 -1.290000e+02
      vertex   -6.544889e+01 1.113882e+02 -1.290000e+02
    endloop
  endfacet
  facet normal 9.238795e-01 -3.826834e-01 0.000000e+00
    outer loop
      vertex   -6.544889e+01 1.113882e+02 -1.270000e+02
      vertex   -6.544889e+01 1.113882e+02 -1.290000e+02
      vertex   -6.529904e+01 1.117500e+02 -1.270000e+02
    endloop
  endfacet
  facet normal 9.238795e-01 -3.826834e-01 -2.719132e-15
    outer loop
      vertex   -6.529904e+01 1.117500e+02 -1.270000e+02
      vertex   -6.544889e+01 1.113882e+02 -1.290000e+02
      vertex   -6.529904e+01 1.117500e+02 -1.290000e+02
    endloop
  endfacet
  facet normal 7.933533e-01 -6.087614e-01 -4.325514e-15
    outer loop
      vertex   -6.529904e+01 1.117500e+02 -1.270000e+02
      vertex   -6.529904e+01 1.117500e+02 -1.290000e+02
      vertex   -6.506066e+01 1.120607e+02 -1.270000e+02
    endloop
  endfacet
  facet normal 7.933533e-01 -6.087614e-01 0.000000e+00
    outer loop
      vertex   -6.506066e+01 1.120607e+02 -1.270000e+02
      vertex   -6.529904e+01 1.117500e+02 -1.290000e+02
      vertex   -6.506066e+01 1.120607e+02 -1.290000e+02
    endloop
  endfacet
  facet normal 6.087614e-01 -7.933533e-01 0.000000e+00
    outer loop
      vertex   -6.506066e+01 1.120607e+02 -1.270000e+02
      vertex   -6.506066e+01 1.120607e+02 -1.290000e+02
      vertex   -6.475000e+01 1.122990e+02 -1.270000e+02
    endloop
  endfacet
  facet normal 6.087614e-01 -7.933533e-01 0.000000e+00
    outer loop
      vertex   -6.475000e+01 1.122990e+02 -1.270000e+02
      vertex   -6.506066e+01 1.120607e+02 -1.290000e+02
      vertex   -6.475000e+01 1.122990e+02 -1.290000e+02
    endloop
  endfacet
  facet normal 3.826834e-01 -9.238795e-01 0.000000e+00
    outer loop
      vertex   -6.475000e+01 1.122990e+02 -1.270000e+02
      vertex   -6.475000e+01 1.122990e+02 -1.290000e+02
      vertex   -6.438823e+01 1.124489e+02 -1.270000e+02
    endloop
  endfacet
  facet normal 3.826834e-01 -9.238795e-01 0.000000e+00
    outer loop
      vertex   -6.438823e+01 1.124489e+02 -1.270000e+02
      vertex   -6.475000e+01 1.122990e+02 -1.290000e+02
      vertex   -6.438823e+01 1.124489e+02 -1.290000e+02
    endloop
  endfacet
  facet normal 1.305262e-01 -9.914449e-01 0.000000e+00
    outer loop
      vertex   -6.438823e+01 1.124489e+02 -1.270000e+02
      vertex   -6.438823e+01 1.124489e+02 -1.290000e+02
      vertex   -6.400000e+01 1.125000e+02 -1.270000e+02
    endloop
  endfacet
  facet normal 1.305262e-01 -9.914449e-01 0.000000e+00
    outer loop
      vertex   -6.400000e+01 1.125000e+02 -1.270000e+02
      vertex   -6.438823e+01 1.124489e+02 -1.290000e+02
      vertex   -6.400000e+01 1.125000e+02 -1.290000e+02
    endloop
  endfacet
  facet normal -1.305262e-01 -9.914449e-01 -0.000000e+00
    outer loop
      vertex   -6.400000e+01 1.125000e+02 -1.270000e+02
      vertex   -6.400000e+01 1.125000e+02 -1.290000e+02
      vertex   -6.361177e+01 1.124489e+02 -1.270000e+02
    endloop
  endfacet
  facet normal -1.305262e-01 -9.914449e-01 -0.000000e+00
    outer loop
      vertex   -6.361177e+01 1.124489e+02 -1.270000e+02
      vertex   -6.400000e+01 1.125000e+02 -1.290000e+02
      vertex   -6.361177e+01 1.124489e+02 -1.290000e+02
    endloop
  endfacet
  facet normal -3.826834e-01 -9.238795e-01 -0.000000e+00
    outer loop
      vertex   -6.361177e+01 1.124489e+02 -1.270000e+02
      vertex   -6.361177e+01 1.124489e+02 -1.290000e+02
      vertex   -6.325000e+01 1.122990e+02 -1.270000e+02
    endloop
  endfacet
  facet normal -3.826834e-01 -9.238795e-01 -0.000000e+00
    outer loop
      vertex   -6.325000e+01 1.122990e+02 -1.270000e+02
      vertex   -6.361177e+01 1.124489e+02 -1.290000e+02
      vertex   -6.325000e+01 1.122990e+02 -1.290000e+02
    endloop
  endfacet
  facet normal -6.087614e-01 -7.933533e-01 -0.000000e+00
    outer loop
      vertex   -6.325000e+01 1.122990e+02 -1.270000e+02
      vertex   -6.325000e+01 1.122990e+02 -1.290000e+02
      vertex   -6.293934e+01 1.120607e+02 -1.270000e+02
    endloop
  endfacet
  facet normal -6.087614e-01 -7.933533e-01 -0.000000e+00
    outer loop
      vertex   -6.293934e+01 1.120607e+02 -1.270000e+02
      vertex   -6.325000e+01 1.122990e+02 -1.290000e+02
      vertex   -6.293934e+01 1.120607e+02 -1.290000e+02
    endloop
  endfacet
  facet normal -7.933533e-01 -6.087614e-01 -0.000000e+00
    outer loop
      vertex   -6.293934e+01 1.120607e+02 -1.270000e+02
      vertex   -6.293934e+01 1.120607e+02 -1.290000e+02
      vertex   -6.270096e+01 1.117500e+02 -1.270000e+02
    endloop
  endfacet
  facet normal -7.933533e-01 -6.087614e-01 4.325514e-15
    outer loop
      vertex   -6.270096e+01 1.117500e+02 -1.270000e+02
      vertex   -6.293934e+01 1.120607e+02 -1.290000e+02
      vertex   -6.270096e+01 1.117500e+02 -1.290000e+02
    endloop
  endfacet
  facet normal -9.238795e-01 -3.826834e-01 2.719132e-15
    outer loop
      vertex   -6.270096e+01 1.117500e+02 -1.270000e+02
      vertex   -6.270096e+01 1.117500e+02 -1.290000e+02
      vertex   -6.255111e+01 1.113882e+02 -1.270000e+02
    endloop
  endfacet
  facet normal -9.238795e-01 -3.826834e-01 -0.000000e+00
    outer loop
      vertex   -6.255111e+01 1.113882e+02 -1.270000e+02
      vertex   -6.270096e+01 1.117500e+02 -1.290000e+02
      vertex   -6.255111e+01 1.113882e+02 -1.290000e+02
    endloop
  endfacet
  facet normal -9.914449e-01 -1.305262e-01 -0.000000e+00
    outer loop
      vertex   -6.255111e+01 1.113882e+02 -1.270000e+02
      vertex   -6.255111e+01 1.113882e+02 -1.290000e+02
      vertex   -6.250000e+01 1.110000e+02 -1.270000e+02
    endloop
  endfacet
  facet normal -9.914449e-01 -1.305262e-01 -0.000000e+00
    outer loop
      vertex   -6.250000e+01 1.110000e+02 -1.270000e+02
      vertex   -6.255111e+01 1.113882e+02 -1.290000e+02
      vertex   -6.250000e+01 1.110000e+02 -1.290000e+02
    endloop
  endfacet
  facet normal -9.914449e-01 1.305262e-01 0.000000e+00
    outer loop
      vertex   -6.250000e+01 1.110000e+02 -1.270000e+02
      vertex   -6.250000e+01 1.110000e+02 -1.290000e+02
      vertex   -6.255111e+01 1.106118e+02 -1.270000e+02
    endloop
  endfacet
  facet normal -9.914449e-01 1.305262e-01 0.000000e+00
    outer loop
      vertex   -6.255111e+01 1.106118e+02 -1.270000e+02
      vertex   -6.250000e+01 1.110000e+02 -1.290000e+02
      vertex   -6.255111e+01 1.106118e+02 -1.290000e+02
    endloop
  endfacet
  facet normal -9.238795e-01 3.826834e-01 0.000000e+00
    outer loop
      vertex   -6.255111e+01 1.106118e+02 -1.270000e+02
      vertex   -6.255111e+01 1.106118e+02 -1.290000e+02
      vertex   -6.270096e+01 1.102500e+02 -1.270000e+02
    endloop
  endfacet
  facet normal -9.238795e-01 3.826834e-01 -2.719132e-15
    outer loop
      vertex   -6.270096e+01 1.102500e+02 -1.270000e+02
      vertex   -6.255111e+01 1.106118e+02 -1.290000e+02
      vertex   -6.270096e+01 1.102500e+02 -1.290000e+02
    endloop
  endfacet
  facet normal -7.933533e-01 6.087614e-01 -4.325514e-15
    outer loop
      vertex   -6.270096e+01 1.102500e+02 -1.270000e+02
      vertex   -6.270096e+01 1.102500e+02 -1.290000e+02
      vertex   -6.293934e+01 1.099393e+02 -1.270000e+02
    endloop
  endfacet
  facet normal -7.933533e-01 6.087614e-01 0.000000e+00
    outer loop
      vertex   -6.293934e+01 1.099393e+02 -1.270000e+02
      vertex   -6.270096e+01 1.102500e+02 -1.290000e+02
      vertex   -6.293934e+01 1.099393e+02 -1.290000e+02
    endloop
  endfacet
  facet normal -6.087614e-01 7.933533e-01 0.000000e+00
    outer loop
      vertex   -6.293934e+01 1.099393e+02 -1.270000e+02
      vertex   -6.293934e+01 1.099393e+02 -1.290000e+02
      vertex   -6.325000e+01 1.097010e+02 -1.270000e+02
    endloop
  endfacet
  facet normal -6.087614e-01 7.933533e-01 0.000000e+00
    outer loop
      vertex   -6.325000e+01 1.097010e+02 -1.270000e+02
      vertex   -6.293934e+01 1.099393e+02 -1.290000e+02
      vertex   -6.325000e+01 1.097010e+02 -1.290000e+02
    endloop
  endfacet
  facet normal -3.826834e-01 9.238795e-01 0.000000e+00
    outer loop
      vertex   -6.325000e+01 1.097010e+02 -1.270000e+02
      vertex   -6.325000e+01 1.097010e+02 -1.290000e+02
      vertex   -6.361177e+01 1.095511e+02 -1.270000e+02
    endloop
  endfacet
  facet normal -3.826834e-01 9.238795e-01 0.000000e+00
    outer loop
      vertex   -6.361177e+01 1.095511e+02 -1.270000e+02
      vertex   -6.325000e+01 1.097010e+02 -1.290000e+02
      vertex   -6.361177e+01 1.095511e+02 -1.290000e+02
    endloop
  endfacet
  facet normal -1.305262e-01 9.914449e-01 0.000000e+00
    outer loop
      vertex   -6.361177e+01 1.095511e+02 -1.270000e+02
      vertex   -6.361177e+01 1.095511e+02 -1.290000e+02
      vertex   -6.400000e+01 1.095000e+02 -1.270000e+02
    endloop
  endfacet
  facet normal -1.305262e-01 9.914449e-01 0.000000e+00
    outer loop
      vertex   -6.400000e+01 1.095000e+02 -1.270000e+02
      vertex   -6.361177e+01 1.095511e+02 -1.290000e+02
      vertex   -6.400000e+01 1.095000e+02 -1.290000e+02
    endloop
  endfacet
  facet normal 1.305262e-01 9.914449e-01 0.000000e+00
    outer loop
      vertex   -6.400000e+01 1.095000e+02 -1.270000e+02
      vertex   -6.400000e+01 1.095000e+02 -1.290000e+02
      vertex   -6.438823e+01 1.095511e+02 -1.270000e+02
    endloop
  endfacet
  facet normal 1.305262e-01 9.914449e-01 0.000000e+00
    outer loop
      vertex   -6.438823e+01 1.095511e+02 -1.270000e+02
      vertex   -6.400000e+01 1.095000e+02 -1.290000e+02
      vertex   -6.438823e+01 1.095511e+02 -1.290000e+02
    endloop
  endfacet
  facet normal 3.826834e-01 9.238795e-01 0.000000e+00
    outer loop
      vertex   -6.438823e+01 1.095511e+02 -1.270000e+02
      vertex   -6.438823e+01 1.095511e+02 -1.290000e+02
      vertex   -6.475000e+01 1.097010e+02 -1.270000e+02
    endloop
  endfacet
  facet normal 3.826834e-01 9.238795e-01 0.000000e+00
    outer loop
      vertex   -6.475000e+01 1.097010e+02 -1.270000e+02
      vertex   -6.438823e+01 1.095511e+02 -1.290000e+02
      vertex   -6.475000e+01 1.097010e+02 -1.290000e+02
    endloop
  endfacet
  facet normal 6.087614e-01 7.933533e-01 0.000000e+00
    outer loop
      vertex   -6.475000e+01 1.097010e+02 -1.270000e+02
      vertex   -6.475000e+01 1.097010e+02 -1.290000e+02
      vertex   -6.506066e+01 1.099393e+02 -1.270000e+02
    endloop
  endfacet
  facet normal 6.087614e-01 7.933533e-01 0.000000e+00
    outer loop
      vertex   -6.506066e+01 1.099393e+02 -1.270000e+02
      vertex   -6.475000e+01 1.097010e+02 -1.290000e+02
      vertex   -6.506066e+01 1.099393e+02 -1.290000e+02
    endloop
  endfacet
  facet normal 7.933533e-01 6.087614e-01 0.000000e+00
    outer loop
      vertex   -6.506066e+01 1.099393e+02 -1.270000e+02
      vertex   -6.506066e+01 1.099393e+02 -1.290000e+02
      vertex   -6.529904e+01 1.102500e+02 -1.270000e+02
    endloop
  endfacet
  facet normal 7.933533e-01 6.087614e-01 4.325514e-15
    outer loop
      vertex   -6.529904e+01 1.102500e+02 -1.270000e+02
      vertex   -6.506066e+01 1.099393e+02 -1.290000e+02
      vertex   -6.529904e+01 1.102500e+02 -1.290000e+02
    endloop
  endfacet
  facet normal 9.238795e-01 3.826834e-01 2.719132e-15
    outer loop
      vertex   -6.529904e+01 1.102500e+02 -1.270000e+02
      vertex   -6.529904e+01 1.102500e+02 -1.290000e+02
      vertex   -6.544889e+01 1.106118e+02 -1.270000e+02
    endloop
  endfacet
  facet normal 9.238795e-01 3.826834e-01 0.000000e+00
    outer loop
      vertex   -6.544889e+01 1.106118e+02 -1.270000e+02
      vertex   -6.529904e+01 1.102500e+02 -1.290000e+02
      vertex   -6.544889e+01 1.106118e+02 -1.290000e+02
    endloop
  endfacet
  facet normal 9.914449e-01 1.305262e-01 0.000000e+00
    outer loop
      vertex   6.255111e+01 1.496118e+02 -1.270000e+02
      vertex   6.255111e+01 1.496118e+02 -1.290000e+02
      vertex   6.250000e+01 1.500000e+02 -1.270000e+02
    endloop
  endfacet
  facet normal 9.914449e-01 1.305262e-01 0.000000e+00
    outer loop
      vertex   6.250000e+01 1.500000e+02 -1.270000e+02
      vertex   6.255111e+01 1.496118e+02 -1.290000e+02
      vertex   6.250000e+01 1.500000e+02 -1.290000e+02
    endloop
  endfacet
  facet normal 9.914449e-01 -1.305262e-01 0.000000e+00
    outer loop
      vertex   6.250000e+01 1.500000e+02 -1.270000e+02
      vertex   6.250000e+01 1.500000e+02 -1.290000e+02
      vertex   6.255111e+01 1.503882e+02 -1.270000e+02
    endloop
  endfacet
  facet normal 9.914449e-01 -1.305262e-01 0.000000e+00
    outer loop
      vertex   6.255111e+01 1.503882e+02 -1.270000e+02
      vertex   6.250000e+01 1.500000e+02 -1.290000e+02
      vertex   6.255111e+01 1.503882e+02 -1.290000e+02
    endloop
  endfacet
  facet normal 9.238795e-01 -3.826834e-01 0.000000e+00
    outer loop
      vertex   6.255111e+01 1.503882e+02 -1.270000e+02
      vertex   6.255111e+01 1.503882e+02 -1.290000e+02
      vertex   6.270096e+01 1.507500e+02 -1.270000e+02
    endloop
  endfacet
  facet normal 9.238795e-01 -3.826834e-01 0.000000e+00
    outer loop
      vertex   6.270096e+01 1.507500e+02 -1.270000e+02
      vertex   6.255111e+01 1.503882e+02 -1.290000e+02
      vertex   6.270096e+01 1.507500e+02 -1.290000e+02
    endloop
  endfacet
  facet normal 7.933533e-01 -6.087614e-01 0.000000e+00
    outer loop
      vertex   6.270096e+01 1.507500e+02 -1.270000e+02
      vertex   6.270096e+01 1.507500e+02 -1.290000e+02
      vertex   6.293934e+01 1.510607e+02 -1.270000e+02
    endloop
  endfacet
  facet normal 7.933533e-01 -6.087614e-01 0.000000e+00
    outer loop
      vertex   6.293934e+01 1.510607e+02 -1.270000e+02
      vertex   6.270096e+01 1.507500e+02 -1.290000e+02
      vertex   6.293934e+01 1.510607e+02 -1.290000e+02
    endloop
  endfacet
  facet normal 6.087614e-01 -7.933533e-01 0.000000e+00
    outer loop
      vertex   6.293934e+01 1.510607e+02 -1.270000e+02
      vertex   6.293934e+01 1.510607e+02 -1.290000e+02
      vertex   6.325000e+01 1.512990e+02 -1.270000e+02
    endloop
  endfacet
  facet normal 6.087614e-01 -7.933533e-01 0.000000e+00
    outer loop
      vertex   6.325000e+01 1.512990e+02 -1.270000e+02
      vertex   6.293934e+01 1.510607e+02 -1.290000e+02
      vertex   6.325000e+01 1.512990e+02 -1.290000e+02
    endloop
  endfacet
  facet normal 3.826834e-01 -9.238795e-01 0.000000e+00
    outer loop
      vertex   6.325000e+01 1.512990e+02 -1.270000e+02
      vertex   6.325000e+01 1.512990e+02 -1.290000e+02
      vertex   6.361177e+01 1.514489e+02 -1.270000e+02
    endloop
  endfacet
  facet normal 3.826834e-01 -9.238795e-01 0.000000e+00
    outer loop
      vertex   6.361177e+01 1.514489e+02 -1.270000e+02
      vertex   6.325000e+01 1.512990e+02 -1.290000e+02
      vertex   6.361177e+01 1.514489e+02 -1.290000e+02
    endloop
  endfacet
  facet normal 1.305262e-01 -9.914449e-01 0.000000e+00
    outer loop
      vertex   6.361177e+01 1.514489e+02 -1.270000e+02
      vertex   6.361177e+01 1.514489e+02 -1.290000e+02
      vertex   6.400000e+01 1.515000e+02 -1.270000e+02
    endloop
  endfacet
  facet normal 1.305262e-01 -9.914449e-01 0.000000e+00
    outer loop
      vertex   6.400000e+01 1.515000e+02 -1.270000e+02
      vertex   6.361177e+01 1.514489e+02 -1.290000e+02
      vertex   6.400000e+01 1.515000e+02 -1.290000e+02
    endloop
  endfacet
  facet normal -1.305262e-01 -9.914449e-01 -0.000000e+00
    outer loop
      vertex   6.400000e+01 1.515000e+02 -1.270000e+02
      vertex   6.400000e+01 1.515000e+02 -1.290000e+02
      vertex   6.438823e+01 1.514489e+02 -1.270000e+02
    endloop
  endfacet
  facet normal -1.305262e-01 -9.914449e-01 -0.000000e+00
    outer loop
      vertex   6.438823e+01 1.514489e+02 -1.270000e+02
      vertex   6.400000e+01 1.515000e+02 -1.290000e+02
      vertex   6.438823e+01 1.514489e+02 -1.290000e+02
    endloop
  endfacet
  facet normal -3.826834e-01 -9.238795e-01 -0.000000e+00
    outer loop
      vertex   6.438823e+01 1.514489e+02 -1.270000e+02
      vertex   6.438823e+01 1.514489e+02 -1.290000e+02
      vertex   6.475000e+01 1.512990e+02 -1.270000e+02
    endloop
  endfacet
  facet normal -3.826834e-01 -9.238795e-01 -0.000000e+00
    outer loop
      vertex   6.475000e+01 1.512990e+02 -1.270000e+02
      vertex   6.438823e+01 1.514489e+02 -1.290000e+02
      vertex   6.475000e+01 1.512990e+02 -1.290000e+02
    endloop
  endfacet
  facet normal -6.087614e-01 -7.933533e-01 -0.000000e+00
    outer loop
      vertex   6.475000e+01 1.512990e+02 -1.270000e+02
      vertex   6.475000e+01 1.512990e+02 -1.290000e+02
      vertex   6.506066e+01 1.510607e+02 -1.270000e+02
    endloop
  endfacet
  facet normal -6.087614e-01 -7.933533e-01 -0.000000e+00
    outer loop
      vertex   6.506066e+01 1.510607e+02 -1.270000e+02
      vertex   6.475000e+01 1.512990e+02 -1.290000e+02
      vertex   6.506066e+01 1.510607e+02 -1.290000e+02
    endloop
  endfacet
  facet normal -7.933533e-01 -6.087614e-01 -0.000000e+00
    outer loop
      vertex   6.506066e+01 1.510607e+02 -1.270000e+02
      vertex   6.506066e+01 1.510607e+02 -1.290000e+02
      vertex   6.529904e+01 1.507500e+02 -1.270000e+02
    endloop
  endfacet
  facet normal -7.933533e-01 -6.087614e-01 -0.000000e+00
    outer loop
      vertex   6.529904e+01 1.507500e+02 -1.270000e+02
      vertex   6.506066e+01 1.510607e+02 -1.290000e+02
      vertex   6.529904e+01 1.507500e+02 -1.290000e+02
    endloop
  endfacet
  facet normal -9.238795e-01 -3.826834e-01 -0.000000e+00
    outer loop
      vertex   6.529904e+01 1.507500e+02 -1.270000e+02
      vertex   6.529904e+01 1.507500e+02 -1.290000e+02
      vertex   6.544889e+01 1.503882e+02 -1.270000e+02
    endloop
  endfacet
  facet normal -9.238795e-01 -3.826834e-01 -0.000000e+00
    outer loop
      vertex   6.544889e+01 1.503882e+02 -1.270000e+02
      vertex   6.529904e+01 1.507500e+02 -1.290000e+02
      vertex   6.544889e+01 1.503882e+02 -1.290000e+02
    endloop
  endfacet
  facet normal -9.914449e-01 -1.305262e-01 -0.000000e+00
    outer loop
      vertex   6.544889e+01 1.503882e+02 -1.270000e+02
      vertex   6.544889e+01 1.503882e+02 -1.290000e+02
      vertex   6.550000e+01 1.500000e+02 -1.270000e+02
    endloop
  endfacet
  facet normal -9.914449e-01 -1.305262e-01 -0.000000e+00
    outer loop
      vertex   6.550000e+01 1.500000e+02 -1.270000e+02
      vertex   6.544889e+01 1.503882e+02 -1.290000e+02
      vertex   6.550000e+01 1.500000e+02 -1.290000e+02
    endloop
  endfacet
  facet normal -9.914449e-01 1.305262e-01 0.000000e+00
    outer loop
      vertex   6.550000e+01 1.500000e+02 -1.270000e+02
      vertex   6.550000e+01 1.500000e+02 -1.290000e+02
      vertex   6.544889e+01 1.496118e+02 -1.270000e+02
    endloop
  endfacet
  facet normal -9.914449e-01 1.305262e-01 0.000000e+00
    outer loop
      vertex   6.544889e+01 1.496118e+02 -1.270000e+02
      vertex   6.550000e+01 1.500000e+02 -1.290000e+02
      vertex   6.544889e+01 1.496118e+02 -1.290000e+02
    endloop
  endfacet
  facet normal -9.238795e-01 3.826834e-01 0.000000e+00
    outer loop
      vertex   6.544889e+01 1.496118e+02 -1.270000e+02
      vertex   6.544889e+01 1.496118e+02 -1.290000e+02
      vertex   6.529904e+01 1.492500e+02 -1.270000e+02
    endloop
  endfacet
  facet normal -9.238795e-01 3.826834e-01 0.000000e+00
    outer loop
      vertex   6.529904e+01 1.492500e+02 -1.270000e+02
      vertex   6.544889e+01 1.496118e+02 -1.290000e+02
      vertex   6.529904e+01 1.492500e+02 -1.290000e+02
    endloop
  endfacet
  facet normal -7.933533e-01 6.087614e-01 0.000000e+00
    outer loop
      vertex   6.529904e+01 1.492500e+02 -1.270000e+02
      vertex   6.529904e+01 1.492500e+02 -1.290000e+02
      vertex   6.506066e+01 1.489393e+02 -1.270000e+02
    endloop
  endfacet
  facet normal -7.933533e-01 6.087614e-01 0.000000e+00
    outer loop
      vertex   6.506066e+01 1.489393e+02 -1.270000e+02
      vertex   6.529904e+01 1.492500e+02 -1.290000e+02
      vertex   6.506066e+01 1.489393e+02 -1.290000e+02
    endloop
  endfacet
  facet normal -6.087614e-01 7.933533e-01 0.000000e+00
    outer loop
      vertex   6.506066e+01 1.489393e+02 -1.270000e+02
      vertex   6.506066e+01 1.489393e+02 -1.290000e+02
      vertex   6.475000e+01 1.487010e+02 -1.270000e+02
    endloop
  endfacet
  facet normal -6.087614e-01 7.933533e-01 0.000000e+00
    outer loop
      vertex   6.475000e+01 1.487010e+02 -1.270000e+02
      vertex   6.506066e+01 1.489393e+02 -1.290000e+02
      vertex   6.475000e+01 1.487010e+02 -1.290000e+02
    endloop
  endfacet
  facet normal -3.826834e-01 9.238795e-01 0.000000e+00
    outer loop
      vertex   6.475000e+01 1.487010e+02 -1.270000e+02
      vertex   6.475000e+01 1.487010e+02 -1.290000e+02
      vertex   6.438823e+01 1.485511e+02 -1.270000e+02
    endloop
  endfacet
  facet normal -3.826834e-01 9.238795e-01 0.000000e+00
    outer loop
      vertex   6.438823e+01 1.485511e+02 -1.270000e+02
      vertex   6.475000e+01 1.487010e+02 -1.290000e+02
      vertex   6.438823e+01 1.485511e+02 -1.290000e+02
    endloop
  endfacet
  facet normal -1.305262e-01 9.914449e-01 0.000000e+00
    outer loop
      vertex   6.438823e+01 1.485511e+02 -1.270000e+02
      vertex   6.438823e+01 1.485511e+02 -1.290000e+02
      vertex   6.400000e+01 1.485000e+02 -1.270000e+02
    endloop
  endfacet
  facet normal -1.305262e-01 9.914449e-01 0.000000e+00
    outer loop
      vertex   6.400000e+01 1.485000e+02 -1.270000e+02
      vertex   6.438823e+01 1.485511e+02 -1.290000e+02
      vertex   6.400000e+01 1.485000e+02 -1.290000e+02
    endloop
  endfacet
  facet normal 1.305262e-01 9.914449e-01 0.000000e+00
    outer loop
      vertex   6.400000e+01 1.485000e+02 -1.270000e+02
      vertex   6.400000e+01 1.485000e+02 -1.290000e+02
      vertex   6.361177e+01 1.485511e+02 -1.270000e+02
    endloop
  endfacet
  facet normal 1.305262e-01 9.914449e-01 0.000000e+00
    outer loop
      vertex   6.361177e+01 1.485511e+02 -1.270000e+02
      vertex   6.400000e+01 1.485000e+02 -1.290000e+02
      vertex   6.361177e+01 1.485511e+02 -1.290000e+02
    endloop
  endfacet
  facet normal 3.826834e-01 9.238795e-01 0.000000e+00
    outer loop
      vertex   6.361177e+01 1.485511e+02 -1.270000e+02
      vertex   6.361177e+01 1.485511e+02 -1.290000e+02
      vertex   6.325000e+01 1.487010e+02 -1.270000e+02
    endloop
  endfacet
  facet normal 3.826834e-01 9.238795e-01 0.000000e+00
    outer loop
      vertex   6.325000e+01 1.487010e+02 -1.270000e+02
      vertex   6.361177e+01 1.485511e+02 -1.290000e+02
      vertex   6.325000e+01 1.487010e+02 -1.290000e+02
    endloop
  endfacet
  facet normal 6.087614e-01 7.933533e-01 0.000000e+00
    outer loop
      vertex   6.325000e+01 1.487010e+02 -1.270000e+02
      vertex   6.325000e+01 1.487010e+02 -1.290000e+02
      vertex   6.293934e+01 1.489393e+02 -1.270000e+02
    endloop
  endfacet
  facet normal 6.087614e-01 7.933533e-01 0.000000e+00
    outer loop
      vertex   6.293934e+01 1.489393e+02 -1.270000e+02
      vertex   6.325000e+01 1.487010e+02 -1.290000e+02
      vertex   6.293934e+01 1.489393e+02 -1.290000e+02
    endloop
  endfacet
  facet normal 7.933533e-01 6.087614e-01 0.000000e+00
    outer loop
      vertex   6.293934e+01 1.489393e+02 -1.270000e+02
      vertex   6.293934e+01 1.489393e+02 -1.290000e+02
      vertex   6.270096e+01 1.492500e+02 -1.270000e+02
    endloop
  endfacet
  facet normal 7.933533e-01 6.087614e-01 0.000000e+00
    outer loop
      vertex   6.270096e+01 1.492500e+02 -1.270000e+02
      vertex   6.293934e+01 1.489393e+02 -1.290000e+02
      vertex   6.270096e+01 1.492500e+02 -1.290000e+02
    endloop
  endfacet
  facet normal 9.238795e-01 3.826834e-01 0.000000e+00
    outer loop
      vertex   6.270096e+01 1.492500e+02 -1.270000e+02
      vertex   6.270096e+01 1.492500e+02 -1.290000e+02
      vertex   6.255111e+01 1.496118e+02 -1.270000e+02
    endloop
  endfacet
  facet normal 9.238795e-01 3.826834e-01 0.000000e+00
    outer loop
      vertex   6.255111e+01 1.496118e+02 -1.270000e+02
      vertex   6.270096e+01 1.492500e+02 -1.290000e+02
      vertex   6.255111e+01 1.496118e+02 -1.290000e+02
    endloop
  endfacet
  facet normal 9.914449e-01 1.305262e-01 0.000000e+00
    outer loop
      vertex   -6.544889e+01 1.496118e+02 -1.270000e+02
      vertex   -6.544889e+01 1.496118e+02 -1.290000e+02
      vertex   -6.550000e+01 1.500000e+02 -1.270000e+02
    endloop
  endfacet
  facet normal 9.914449e-01 1.305262e-01 0.000000e+00
    outer loop
      vertex   -6.550000e+01 1.500000e+02 -1.270000e+02
      vertex   -6.544889e+01 1.496118e+02 -1.290000e+02
      vertex   -6.550000e+01 1.500000e+02 -1.290000e+02
    endloop
  endfacet
  facet normal 9.914449e-01 -1.305262e-01 0.000000e+00
    outer loop
      vertex   -6.550000e+01 1.500000e+02 -1.270000e+02
      vertex   -6.550000e+01 1.500000e+02 -1.290000e+02
      vertex   -6.544889e+01 1.503882e+02 -1.270000e+02
    endloop
  endfacet
  facet normal 9.914449e-01 -1.305262e-01 0.000000e+00
    outer loop
      vertex   -6.544889e+01 1.503882e+02 -1.270000e+02
      vertex   -6.550000e+01 1.500000e+02 -1.290000e+02
      vertex   -6.544889e+01 1.503882e+02 -1.290000e+02
    endloop
  endfacet
  facet normal 9.238795e-01 -3.826834e-01 0.000000e+00
    outer loop
      vertex   -6.544889e+01 1.503882e+02 -1.270000e+02
      vertex   -6.544889e+01 1.503882e+02 -1.290000e+02
      vertex   -6.529904e+01 1.507500e+02 -1.270000e+02
    endloop
  endfacet
  facet normal 9.238795e-01 -3.826834e-01 -5.438264e-15
    outer loop
      vertex   -6.529904e+01 1.507500e+02 -1.270000e+02
      vertex   -6.544889e+01 1.503882e+02 -1.290000e+02
      vertex   -6.529904e+01 1.507500e+02 -1.290000e+02
    endloop
  endfacet
  facet normal 7.933533e-01 -6.087614e-01 -8.651028e-15
    outer loop
      vertex   -6.529904e+01 1.507500e+02 -1.270000e+02
      vertex   -6.529904e+01 1.507500e+02 -1.290000e+02
      vertex   -6.506066e+01 1.510607e+02 -1.270000e+02
    endloop
  endfacet
  facet normal 7.933533e-01 -6.087614e-01 0.000000e+00
    outer loop
      vertex   -6.506066e+01 1.510607e+02 -1.270000e+02
      vertex   -6.529904e+01 1.507500e+02 -1.290000e+02
      vertex   -6.506066e+01 1.510607e+02 -1.290000e+02
    endloop
  endfacet
  facet normal 6.087614e-01 -7.933533e-01 0.000000e+00
    outer loop
      vertex   -6.506066e+01 1.510607e+02 -1.270000e+02
      vertex   -6.506066e+01 1.510607e+02 -1.290000e+02
      vertex   -6.475000e+01 1.512990e+02 -1.270000e+02
    endloop
  endfacet
  facet normal 6.087614e-01 -7.933533e-01 0.000000e+00
    outer loop
      vertex   -6.475000e+01 1.512990e+02 -1.270000e+02
      vertex   -6.506066e+01 1.510607e+02 -1.290000e+02
      vertex   -6.475000e+01 1.512990e+02 -1.290000e+02
    endloop
  endfacet
  facet normal 3.826834e-01 -9.238795e-01 0.000000e+00
    outer loop
      vertex   -6.475000e+01 1.512990e+02 -1.270000e+02
      vertex   -6.475000e+01 1.512990e+02 -1.290000e+02
      vertex   -6.438823e+01 1.514489e+02 -1.270000e+02
    endloop
  endfacet
  facet normal 3.826834e-01 -9.238795e-01 0.000000e+00
    outer loop
      vertex   -6.438823e+01 1.514489e+02 -1.270000e+02
      vertex   -6.475000e+01 1.512990e+02 -1.290000e+02
      vertex   -6.438823e+01 1.514489e+02 -1.290000e+02
    endloop
  endfacet
  facet normal 1.305262e-01 -9.914449e-01 0.000000e+00
    outer loop
      vertex   -6.438823e+01 1.514489e+02 -1.270000e+02
      vertex   -6.438823e+01 1.514489e+02 -1.290000e+02
      vertex   -6.400000e+01 1.515000e+02 -1.270000e+02
    endloop
  endfacet
  facet normal 1.305262e-01 -9.914449e-01 0.000000e+00
    outer loop
      vertex   -6.400000e+01 1.515000e+02 -1.270000e+02
      vertex   -6.438823e+01 1.514489e+02 -1.290000e+02
      vertex   -6.400000e+01 1.515000e+02 -1.290000e+02
    endloop
  endfacet
  facet normal -1.305262e-01 -9.914449e-01 -0.000000e+00
    outer loop
      vertex   -6.400000e+01 1.515000e+02 -1.270000e+02
      vertex   -6.400000e+01 1.515000e+02 -1.290000e+02
      vertex   -6.361177e+01 1.514489e+02 -1.270000e+02
    endloop
  endfacet
  facet normal -1.305262e-01 -9.914449e-01 -0.000000e+00
    outer loop
      vertex   -6.361177e+01 1.514489e+02 -1.270000e+02
      vertex   -6.400000e+01 1.515000e+02 -1.290000e+02
      vertex   -6.361177e+01 1.514489e+02 -1.290000e+02
    endloop
  endfacet
  facet normal -3.826834e-01 -9.238795e-01 -0.000000e+00
    outer loop
      vertex   -6.361177e+01 1.514489e+02 -1.270000e+02
      vertex   -6.361177e+01 1.514489e+02 -1.290000e+02
      vertex   -6.325000e+01 1.512990e+02 -1.270000e+02
    endloop
  endfacet
  facet normal -3.826834e-01 -9.238795e-01 -0.000000e+00
    outer loop
      vertex   -6.325000e+01 1.512990e+02 -1.270000e+02
      vertex   -6.361177e+01 1.514489e+02 -1.290000e+02
      vertex   -6.325000e+01 1.512990e+02 -1.290000e+02
    endloop
  endfacet
  facet normal -6.087614e-01 -7.933533e-01 -0.000000e+00
    outer loop
      vertex   -6.325000e+01 1.512990e+02 -1.270000e+02
      vertex   -6.325000e+01 1.512990e+02 -1.290000e+02
      vertex   -6.293934e+01 1.510607e+02 -1.270000e+02
    endloop
  endfacet
  facet normal -6.087614e-01 -7.933533e-01 -0.000000e+00
    outer loop
      vertex   -6.293934e+01 1.510607e+02 -1.270000e+02
      vertex   -6.325000e+01 1.512990e+02 -1.290000e+02
      vertex   -6.293934e+01 1.510607e+02 -1.290000e+02
    endloop
  endfacet
  facet normal -7.933533e-01 -6.087614e-01 -0.000000e+00
    outer loop
      vertex   -6.293934e+01 1.510607e+02 -1.270000e+02
      vertex   -6.293934e+01 1.510607e+02 -1.290000e+02
      vertex   -6.270096e+01 1.507500e+02 -1.270000e+02
    endloop
  endfacet
  facet normal -7.933533e-01 -6.087614e-01 8.651028e-15
    outer loop
      vertex   -6.270096e+01 1.507500e+02 -1.270000e+02
      vertex   -6.293934e+01 1.510607e+02 -1.290000e+02
      vertex   -6.270096e+01 1.507500e+02 -1.290000e+02
    endloop
  endfacet
  facet normal -9.238795e-01 -3.826834e-01 5.438264e-15
    outer loop
      vertex   -6.270096e+01 1.507500e+02 -1.270000e+02
      vertex   -6.270096e+01 1.507500e+02 -1.290000e+02
      vertex   -6.255111e+01 1.503882e+02 -1.270000e+02
    endloop
  endfacet
  facet normal -9.238795e-01 -3.826834e-01 -0.000000e+00
    outer loop
      vertex   -6.255111e+01 1.503882e+02 -1.270000e+02
      vertex   -6.270096e+01 1.507500e+02 -1.290000e+02
      vertex   -6.255111e+01 1.503882e+02 -1.290000e+02
    endloop
  endfacet
  facet normal -9.914449e-01 -1.305262e-01 -0.000000e+00
    outer loop
      vertex   -6.255111e+01 1.503882e+02 -1.270000e+02
      vertex   -6.255111e+01 1.503882e+02 -1.290000e+02
      vertex   -6.250000e+01 1.500000e+02 -1.270000e+02
    endloop
  endfacet
  facet normal -9.914449e-01 -1.305262e-01 -0.000000e+00
    outer loop
      vertex   -6.250000e+01 1.500000e+02 -1.270000e+02
      vertex   -6.255111e+01 1.503882e+02 -1.290000e+02
      vertex   -6.250000e+01 1.500000e+02 -1.290000e+02
    endloop
  endfacet
  facet normal -9.914449e-01 1.305262e-01 0.000000e+00
    outer loop
      vertex   -6.250000e+01 1.500000e+02 -1.270000e+02
      vertex   -6.250000e+01 1.500000e+02 -1.290000e+02
      vertex   -6.255111e+01 1.496118e+02 -1.270000e+02
    endloop
  endfacet
  facet normal -9.914449e-01 1.305262e-01 0.000000e+00
    outer loop
      vertex   -6.255111e+01 1.496118e+02 -1.270000e+02
      vertex   -6.250000e+01 1.500000e+02 -1.290000e+02
      vertex   -6.255111e+01 1.496118e+02 -1.290000e+02
    endloop
  endfacet
  facet normal -9.238795e-01 3.826834e-01 0.000000e+00
    outer loop
      vertex   -6.255111e+01 1.496118e+02 -1.270000e+02
      vertex   -6.255111e+01 1.496118e+02 -1.290000e+02
      vertex   -6.270096e+01 1.492500e+02 -1.270000e+02
    endloop
  endfacet
  facet normal -9.238795e-01 3.826834e-01 -5.438264e-15
    outer loop
      vertex   -6.270096e+01 1.492500e+02 -1.270000e+02
      vertex   -6.255111e+01 1.496118e+02 -1.290000e+02
      vertex   -6.270096e+01 1.492500e+02 -1.290000e+02
    endloop
  endfacet
  facet normal -7.933533e-01 6.087614e-01 -8.651028e-15
    outer loop
      vertex   -6.270096e+01 1.492500e+02 -1.270000e+02
      vertex   -6.270096e+01 1.492500e+02 -1.290000e+02
      vertex   -6.293934e+01 1.489393e+02 -1.270000e+02
    endloop
  endfacet
  facet normal -7.933533e-01 6.087614e-01 0.000000e+00
    outer loop
      vertex   -6.293934e+01 1.489393e+02 -1.270000e+02
      vertex   -6.270096e+01 1.492500e+02 -1.290000e+02
      vertex   -6.293934e+01 1.489393e+02 -1.290000e+02
    endloop
  endfacet
  facet normal -6.087614e-01 7.933533e-01 0.000000e+00
    outer loop
      vertex   -6.293934e+01 1.489393e+02 -1.270000e+02
      vertex   -6.293934e+01 1.489393e+02 -1.290000e+02
      vertex   -6.325000e+01 1.487010e+02 -1.270000e+02
    endloop
  endfacet
  facet normal -6.087614e-01 7.933533e-01 0.000000e+00
    outer loop
      vertex   -6.325000e+01 1.487010e+02 -1.270000e+02
      vertex   -6.293934e+01 1.489393e+02 -1.290000e+02
      vertex   -6.325000e+01 1.487010e+02 -1.290000e+02
    endloop
  endfacet
  facet normal -3.826834e-01 9.238795e-01 0.000000e+00
    outer loop
      vertex   -6.325000e+01 1.487010e+02 -1.270000e+02
      vertex   -6.325000e+01 1.487010e+02 -1.290000e+02
      vertex   -6.361177e+01 1.485511e+02 -1.270000e+02
    endloop
  endfacet
  facet normal -3.826834e-01 9.238795e-01 0.000000e+00
    outer loop
      vertex   -6.361177e+01 1.485511e+02 -1.270000e+02
      vertex   -6.325000e+01 1.487010e+02 -1.290000e+02
      vertex   -6.361177e+01 1.485511e+02 -1.290000e+02
    endloop
  endfacet
  facet normal -1.305262e-01 9.914449e-01 0.000000e+00
    outer loop
      vertex   -6.361177e+01 1.485511e+02 -1.270000e+02
      vertex   -6.361177e+01 1.485511e+02 -1.290000e+02
      vertex   -6.400000e+01 1.485000e+02 -1.270000e+02
    endloop
  endfacet
  facet normal -1.305262e-01 9.914449e-01 0.000000e+00
    outer loop
      vertex   -6.400000e+01 1.485000e+02 -1.270000e+02
      vertex   -6.361177e+01 1.485511e+02 -1.290000e+02
      vertex   -6.400000e+01 1.485000e+02 -1.290000e+02
    endloop
  endfacet
  facet normal 1.305262e-01 9.914449e-01 0.000000e+00
    outer loop
      vertex   -6.400000e+01 1.485000e+02 -1.270000e+02
      vertex   -6.400000e+01 1.485000e+02 -1.290000e+02
      vertex   -6.438823e+01 1.485511e+02 -1.270000e+02
    endloop
  endfacet
  facet normal 1.305262e-01 9.914449e-01 0.000000e+00
    outer loop
      vertex   -6.438823e+01 1.485511e+02 -1.270000e+02
      vertex   -6.400000e+01 1.485000e+02 -1.290000e+02
      vertex   -6.438823e+01 1.485511e+02 -1.290000e+02
    endloop
  endfacet
  facet normal 3.826834e-01 9.238795e-01 0.000000e+00
    outer loop
      vertex   -6.438823e+01 1.485511e+02 -1.270000e+02
      vertex   -6.438823e+01 1.485511e+02 -1.290000e+02
      vertex   -6.475000e+01 1.487010e+02 -1.270000e+02
    endloop
  endfacet
  facet normal 3.826834e-01 9.238795e-01 0.000000e+00
    outer loop
      vertex   -6.475000e+01 1.487010e+02 -1.270000e+02
      vertex   -6.438823e+01 1.485511e+02 -1.290000e+02
      vertex   -6.475000e+01 1.487010e+02 -1.290000e+02
    endloop
  endfacet
  facet normal 6.087614e-01 7.933533e-01 0.000000e+00
    outer loop
      vertex   -6.475000e+01 1.487010e+02 -1.270000e+02
      vertex   -6.475000e+01 1.487010e+02 -1.290000e+02
      vertex   -6.506066e+01 1.489393e+02 -1.270000e+02
    endloop
  endfacet
  facet normal 6.087614e-01 7.933533e-01 0.000000e+00
    outer loop
      vertex   -6.506066e+01 1.489393e+02 -1.270000e+02
      vertex   -6.475000e+01 1.487010e+02 -1.290000e+02
      vertex   -6.506066e+01 1.489393e+02 -1.290000e+02
    endloop
  endfacet
  facet normal 7.933533e-01 6.087614e-01 0.000000e+00
    outer loop
      vertex   -6.506066e+01 1.489393e+02 -1.270000e+02
      vertex   -6.506066e+01 1.489393e+02 -1.290000e+02
      vertex   -6.529904e+01 1.492500e+02 -1.270000e+02
    endloop
  endfacet
  facet normal 7.933533e-01 6.087614e-01 8.651028e-15
    outer loop
      vertex   -6.529904e+01 1.492500e+02 -1.270000e+02
      vertex   -6.506066e+01 1.489393e+02 -1.290000e+02
      vertex   -6.529904e+01 1.492500e+02 -1.290000e+02
    endloop
  endfacet
  facet normal 9.238795e-01 3.826834e-01 5.438264e-15
    outer loop
      vertex   -6.529904e+01 1.492500e+02 -1.270000e+02
      vertex   -6.529904e+01 1.492500e+02 -1.290000e+02
      vertex   -6.544889e+01 1.496118e+02 -1.270000e+02
    endloop
  endfacet
  facet normal 9.238795e-01 3.826834e-01 0.000000e+00
    outer loop
      vertex   -6.544889e+01 1.496118e+02 -1.270000e+02
      vertex   -6.529904e+01 1.492500e+02 -1.290000e+02
      vertex   -6.544889e+01 1.496118e+02 -1.290000e+02
    endloop
  endfacet
  facet normal 0.000000e+00 1.000000e+00 0.000000e+00
    outer loop
      vertex   -3.183666e+01 1.560000e+02 -1.270000e+02
      vertex   -3.183666e+01 1.560000e+02 -1.290000e+02
      vertex   -7.000000e+01 1.560000e+02 -1.270000e+02
    endloop
  endfacet
  facet normal 0.000000e+00 1.000000e+00 0.000000e+00
    outer loop
      vertex   -7.000000e+01 1.560000e+02 -1.270000e+02
      vertex   -3.183666e+01 1.560000e+02 -1.290000e+02
      vertex   -7.000000e+01 1.560000e+02 -1.290000e+02
    endloop
  endfacet
  facet normal 0.000000e+00 1.000000e+00 0.000000e+00
    outer loop
      vertex   -7.000000e+01 1.060000e+02 -1.270000e+02
      vertex   -7.000000e+01 1.060000e+02 -1.250000e+02
      vertex   -3.749072e+01 1.060000e+02 -1.270000e+02
    endloop
  endfacet
  facet normal 0.000000e+00 1.000000e+00 -0.000000e+00
    outer loop
      vertex   -3.749072e+01 1.060000e+02 -1.270000e+02
      vertex   -7.000000e+01 1.060000e+02 -1.250000e+02
      vertex   -3.749072e+01 1.060000e+02 -1.250000e+02
    endloop
  endfacet
  facet normal 0.000000e+00 0.000000e+00 1.000000e+00
    outer loop
      vertex   6.255111e+01 1.113882e+02 -1.270000e+02
      vertex   4.419212e+01 1.146185e+02 -1.270000e+02
      vertex   6.250000e+01 1.110000e+02 -1.270000e+02
    endloop
  endfacet
  facet normal 0.000000e+00 0.000000e+00 1.000000e+00
    outer loop
      vertex   6.250000e+01 1.110000e+02 -1.270000e+02
      vertex   4.419212e+01 1.146185e+02 -1.270000e+02
      vertex   4.430519e+01 1.076382e+02 -1.270000e+02
    endloop
  endfacet
  facet normal 0.000000e+00 0.000000e+00 1.000000e+00
    outer loop
      vertex   6.250000e+01 1.110000e+02 -1.270000e+02
      vertex   4.430519e+01 1.076382e+02 -1.270000e+02
      vertex   4.468671e+01 1.075422e+02 -1.270000e+02
    endloop
  endfacet
  facet normal 0.000000e+00 -0.000000e+00 1.000000e+00
    outer loop
      vertex   6.255111e+01 1.113882e+02 -1.270000e+02
      vertex   6.270096e+01 1.117500e+02 -1.270000e+02
      vertex   4.419212e+01 1.146185e+02 -1.270000e+02
    endloop
  endfacet
  facet normal -0.000000e+00 0.000000e+00 1.000000e+00
    outer loop
      vertex   4.419212e+01 1.146185e+02 -1.270000e+02
      vertex   6.270096e+01 1.117500e+02 -1.270000e+02
      vertex   4.467448e+01 1.148183e+02 -1.270000e+02
    endloop
  endfacet
  facet normal 0.000000e+00 0.000000e+00 1.000000e+00
    outer loop
      vertex   4.467448e+01 1.148183e+02 -1.270000e+02
      vertex   6.270096e+01 1.117500e+02 -1.270000e+02
      vertex   6.293934e+01 1.120607e+02 -1.270000e+02
    endloop
  endfacet
  facet normal -0.000000e+00 0.000000e+00 1.000000e+00
    outer loop
      vertex   4.467448e+01 1.148183e+02 -1.270000e+02
      vertex   6.293934e+01 1.120607e+02 -1.270000e+02
      vertex   4.508869e+01 1.151361e+02 -1.270000e+02
    endloop
  endfacet
  facet normal 0.000000e+00 0.000000e+00 1.000000e+00
    outer loop
      vertex   4.508869e+01 1.151361e+02 -1.270000e+02
      vertex   6.293934e+01 1.120607e+02 -1.270000e+02
      vertex   6.325000e+01 1.122990e+02 -1.270000e+02
    endloop
  endfacet
  facet normal -0.000000e+00 0.000000e+00 1.000000e+00
    outer loop
      vertex   4.508869e+01 1.151361e+02 -1.270000e+02
      vertex   6.325000e+01 1.122990e+02 -1.270000e+02
      vertex   4.540653e+01 1.155503e+02 -1.270000e+02
    endloop
  endfacet
  facet normal 0.000000e+00 0.000000e+00 1.000000e+00
    outer loop
      vertex   4.540653e+01 1.155503e+02 -1.270000e+02
      vertex   6.325000e+01 1.122990e+02 -1.270000e+02
      vertex   6.361177e+01 1.124489e+02 -1.270000e+02
    endloop
  endfacet
  facet normal -0.000000e+00 0.000000e+00 1.000000e+00
    outer loop
      vertex   4.540653e+01 1.155503e+02 -1.270000e+02
      vertex   6.361177e+01 1.124489e+02 -1.270000e+02
      vertex   4.560633e+01 1.160327e+02 -1.270000e+02
    endloop
  endfacet
  facet normal -0.000000e+00 0.000000e+00 1.000000e+00
    outer loop
      vertex   4.560633e+01 1.160327e+02 -1.270000e+02
      vertex   6.361177e+01 1.124489e+02 -1.270000e+02
      vertex   4.567448e+01 1.165503e+02 -1.270000e+02
    endloop
  endfacet
  facet normal 0.000000e+00 0.000000e+00 1.000000e+00
    outer loop
      vertex   4.567448e+01 1.165503e+02 -1.270000e+02
      vertex   6.361177e+01 1.124489e+02 -1.270000e+02
      vertex   6.400000e+01 1.125000e+02 -1.270000e+02
    endloop
  endfacet
  facet normal -0.000000e+00 0.000000e+00 1.000000e+00
    outer loop
      vertex   4.567448e+01 1.165503e+02 -1.270000e+02
      vertex   6.400000e+01 1.125000e+02 -1.270000e+02
      vertex   6.366824e+01 1.249000e+02 -1.270000e+02
    endloop
  endfacet
  facet normal -0.000000e+00 0.000000e+00 1.000000e+00
    outer loop
      vertex   6.366824e+01 1.249000e+02 -1.270000e+02
      vertex   6.400000e+01 1.125000e+02 -1.270000e+02
      vertex   6.408235e+01 1.249545e+02 -1.270000e+02
    endloop
  endfacet
  facet normal 0.000000e+00 0.000000e+00 1.000000e+00
    outer loop
      vertex   6.408235e+01 1.249545e+02 -1.270000e+02
      vertex   6.400000e+01 1.125000e+02 -1.270000e+02
      vertex   6.438823e+01 1.124489e+02 -1.270000e+02
    endloop
  endfacet
  facet normal -0.000000e+00 0.000000e+00 1.000000e+00
    outer loop
      vertex   6.408235e+01 1.249545e+02 -1.270000e+02
      vertex   6.438823e+01 1.124489e+02 -1.270000e+02
      vertex   6.446824e+01 1.251144e+02 -1.270000e+02
    endloop
  endfacet
  facet normal 0.000000e+00 0.000000e+00 1.000000e+00
    outer loop
      vertex   6.446824e+01 1.251144e+02 -1.270000e+02
      vertex   6.438823e+01 1.124489e+02 -1.270000e+02
      vertex   6.475000e+01 1.122990e+02 -1.270000e+02
    endloop
  endfacet
  facet normal -0.000000e+00 0.000000e+00 1.000000e+00
    outer loop
      vertex   6.446824e+01 1.251144e+02 -1.270000e+02
      vertex   6.475000e+01 1.122990e+02 -1.270000e+02
      vertex   6.479961e+01 1.253686e+02 -1.270000e+02
    endloop
  endfacet
  facet normal 0.000000e+00 0.000000e+00 1.000000e+00
    outer loop
      vertex   6.479961e+01 1.253686e+02 -1.270000e+02
      vertex   6.475000e+01 1.122990e+02 -1.270000e+02
      vertex   6.506066e+01 1.120607e+02 -1.270000e+02
    endloop
  endfacet
  facet normal -0.000000e+00 0.000000e+00 1.000000e+00
    outer loop
      vertex   6.479961e+01 1.253686e+02 -1.270000e+02
      vertex   6.506066e+01 1.120607e+02 -1.270000e+02
      vertex   6.505388e+01 1.257000e+02 -1.270000e+02
    endloop
  endfacet
  facet normal 0.000000e+00 0.000000e+00 1.000000e+00
    outer loop
      vertex   6.505388e+01 1.257000e+02 -1.270000e+02
      vertex   6.506066e+01 1.120607e+02 -1.270000e+02
      vertex   6.529904e+01 1.117500e+02 -1.270000e+02
    endloop
  endfacet
  facet normal 0.000000e+00 0.000000e+00 1.000000e+00
    outer loop
      vertex   6.505388e+01 1.257000e+02 -1.270000e+02
      vertex   6.529904e+01 1.117500e+02 -1.270000e+02
      vertex   7.000000e+01 1.060000e+02 -1.270000e+02
    endloop
  endfacet
  facet normal 0.000000e+00 0.000000e+00 1.000000e+00
    outer loop
      vertex   7.000000e+01 1.060000e+02 -1.270000e+02
      vertex   6.529904e+01 1.117500e+02 -1.270000e+02
      vertex   6.544889e+01 1.113882e+02 -1.270000e+02
    endloop
  endfacet
  facet normal 0.000000e+00 0.000000e+00 1.000000e+00
    outer loop
      vertex   7.000000e+01 1.060000e+02 -1.270000e+02
      vertex   6.544889e+01 1.113882e+02 -1.270000e+02
      vertex   6.550000e+01 1.110000e+02 -1.270000e+02
    endloop
  endfacet
  facet normal 0.000000e+00 0.000000e+00 1.000000e+00
    outer loop
      vertex   6.550000e+01 1.110000e+02 -1.270000e+02
      vertex   6.544889e+01 1.106118e+02 -1.270000e+02
      vertex   7.000000e+01 1.060000e+02 -1.270000e+02
    endloop
  endfacet
  facet normal 0.000000e+00 0.000000e+00 1.000000e+00
    outer loop
      vertex   7.000000e+01 1.060000e+02 -1.270000e+02
      vertex   6.544889e+01 1.106118e+02 -1.270000e+02
      vertex   6.529904e+01 1.102500e+02 -1.270000e+02
    endloop
  endfacet
  facet normal 0.000000e+00 0.000000e+00 1.000000e+00
    outer loop
      vertex   7.000000e+01 1.060000e+02 -1.270000e+02
      vertex   6.529904e+01 1.102500e+02 -1.270000e+02
      vertex   6.506066e+01 1.099393e+02 -1.270000e+02
    endloop
  endfacet
  facet normal 0.000000e+00 0.000000e+00 1.000000e+00
    outer loop
      vertex   6.506066e+01 1.099393e+02 -1.270000e+02
      vertex   6.475000e+01 1.097010e+02 -1.270000e+02
      vertex   7.000000e+01 1.060000e+02 -1.270000e+02
    endloop
  endfacet
  facet normal 0.000000e+00 0.000000e+00 1.000000e+00
    outer loop
      vertex   7.000000e+01 1.060000e+02 -1.270000e+02
      vertex   6.475000e+01 1.097010e+02 -1.270000e+02
      vertex   6.438823e+01 1.095511e+02 -1.270000e+02
    endloop
  endfacet
  facet normal 0.000000e+00 0.000000e+00 1.000000e+00
    outer loop
      vertex   7.000000e+01 1.060000e+02 -1.270000e+02
      vertex   6.438823e+01 1.095511e+02 -1.270000e+02
      vertex   6.400000e+01 1.095000e+02 -1.270000e+02
    endloop
  endfacet
  facet normal 0.000000e+00 0.000000e+00 1.000000e+00
    outer loop
      vertex   6.400000e+01 1.095000e+02 -1.270000e+02
      vertex   6.361177e+01 1.095511e+02 -1.270000e+02
      vertex   7.000000e+01 1.060000e+02 -1.270000e+02
    endloop
  endfacet
  facet normal 0.000000e+00 0.000000e+00 1.000000e+00
    outer loop
      vertex   7.000000e+01 1.060000e+02 -1.270000e+02
      vertex   6.361177e+01 1.095511e+02 -1.270000e+02
      vertex   4.570770e+01 1.060000e+02 -1.270000e+02
    endloop
  endfacet
  facet normal 0.000000e+00 -0.000000e+00 1.000000e+00
    outer loop
      vertex   4.570770e+01 1.060000e+02 -1.270000e+02
      vertex   6.361177e+01 1.095511e+02 -1.270000e+02
      vertex   4.567164e+01 1.063918e+02 -1.270000e+02
    endloop
  endfacet
  facet normal 0.000000e+00 -0.000000e+00 1.000000e+00
    outer loop
      vertex   4.567164e+01 1.063918e+02 -1.270000e+02
      vertex   6.361177e+01 1.095511e+02 -1.270000e+02
      vertex   4.554108e+01 1.067629e+02 -1.270000e+02
    endloop
  endfacet
  facet normal 0.000000e+00 0.000000e+00 1.000000e+00
    outer loop
      vertex   4.554108e+01 1.067629e+02 -1.270000e+02
      vertex   6.361177e+01 1.095511e+02 -1.270000e+02
      vertex   6.325000e+01 1.097010e+02 -1.270000e+02
    endloop
  endfacet
  facet normal 0.000000e+00 -0.000000e+00 1.000000e+00
    outer loop
      vertex   4.554108e+01 1.067629e+02 -1.270000e+02
      vertex   6.325000e+01 1.097010e+02 -1.270000e+02
      vertex   4.532391e+01 1.070909e+02 -1.270000e+02
    endloop
  endfacet
  facet normal 0.000000e+00 0.000000e+00 1.000000e+00
    outer loop
      vertex   4.532391e+01 1.070909e+02 -1.270000e+02
      vertex   6.325000e+01 1.097010e+02 -1.270000e+02
      vertex   6.293934e+01 1.099393e+02 -1.270000e+02
    endloop
  endfacet
  facet normal 0.000000e+00 -0.000000e+00 1.000000e+00
    outer loop
      vertex   4.532391e+01 1.070909e+02 -1.270000e+02
      vertex   6.293934e+01 1.099393e+02 -1.270000e+02
      vertex   4.503326e+01 1.073560e+02 -1.270000e+02
    endloop
  endfacet
  facet normal 0.000000e+00 0.000000e+00 1.000000e+00
    outer loop
      vertex   4.503326e+01 1.073560e+02 -1.270000e+02
      vertex   6.293934e+01 1.099393e+02 -1.270000e+02
      vertex   6.270096e+01 1.102500e+02 -1.270000e+02
    endloop
  endfacet
  facet normal 0.000000e+00 -0.000000e+00 1.000000e+00
    outer loop
      vertex   4.503326e+01 1.073560e+02 -1.270000e+02
      vertex   6.270096e+01 1.102500e+02 -1.270000e+02
      vertex   4.468671e+01 1.075422e+02 -1.270000e+02
    endloop
  endfacet
  facet normal 0.000000e+00 0.000000e+00 1.000000e+00
    outer loop
      vertex   4.468671e+01 1.075422e+02 -1.270000e+02
      vertex   6.270096e+01 1.102500e+02 -1.270000e+02
      vertex   6.255111e+01 1.106118e+02 -1.270000e+02
    endloop
  endfacet
  facet normal 0.000000e+00 0.000000e+00 1.000000e+00
    outer loop
      vertex   4.468671e+01 1.075422e+02 -1.270000e+02
      vertex   6.255111e+01 1.106118e+02 -1.270000e+02
      vertex   6.250000e+01 1.110000e+02 -1.270000e+02
    endloop
  endfacet
  facet normal 0.000000e+00 0.000000e+00 1.000000e+00
    outer loop
      vertex   -6.544889e+01 1.106118e+02 -1.270000e+02
      vertex   -6.550000e+01 1.110000e+02 -1.270000e+02
      vertex   -7.000000e+01 1.060000e+02 -1.270000e+02
    endloop
  endfacet
  facet normal 0.000000e+00 0.000000e+00 1.000000e+00
    outer loop
      vertex   -7.000000e+01 1.060000e+02 -1.270000e+02
      vertex   -6.550000e+01 1.110000e+02 -1.270000e+02
      vertex   -6.544889e+01 1.113882e+02 -1.270000e+02
    endloop
  endfacet
  facet normal 0.000000e+00 0.000000e+00 1.000000e+00
    outer loop
      vertex   -7.000000e+01 1.060000e+02 -1.270000e+02
      vertex   -6.544889e+01 1.113882e+02 -1.270000e+02
      vertex   -6.529904e+01 1.117500e+02 -1.270000e+02
    endloop
  endfacet
  facet normal 0.000000e+00 0.000000e+00 1.000000e+00
    outer loop
      vertex   -7.000000e+01 1.060000e+02 -1.270000e+02
      vertex   -6.529904e+01 1.117500e+02 -1.270000e+02
      vertex   -6.505388e+01 1.257000e+02 -1.270000e+02
    endloop
  endfacet
  facet normal 0.000000e+00 0.000000e+00 1.000000e+00
    outer loop
      vertex   -6.505388e+01 1.257000e+02 -1.270000e+02
      vertex   -6.529904e+01 1.117500e+02 -1.270000e+02
      vertex   -6.506066e+01 1.120607e+02 -1.270000e+02
    endloop
  endfacet
  facet normal 0.000000e+00 0.000000e+00 1.000000e+00
    outer loop
      vertex   -6.505388e+01 1.257000e+02 -1.270000e+02
      vertex   -6.506066e+01 1.120607e+02 -1.270000e+02
      vertex   -6.479961e+01 1.253686e+02 -1.270000e+02
    endloop
  endfacet
  facet normal 0.000000e+00 0.000000e+00 1.000000e+00
    outer loop
      vertex   -6.479961e+01 1.253686e+02 -1.270000e+02
      vertex   -6.506066e+01 1.120607e+02 -1.270000e+02
      vertex   -6.475000e+01 1.122990e+02 -1.270000e+02
    endloop
  endfacet
  facet normal 0.000000e+00 0.000000e+00 1.000000e+00
    outer loop
      vertex   -6.479961e+01 1.253686e+02 -1.270000e+02
      vertex   -6.475000e+01 1.122990e+02 -1.270000e+02
      vertex   -6.446824e+01 1.251144e+02 -1.270000e+02
    endloop
  endfacet
  facet normal 0.000000e+00 0.000000e+00 1.000000e+00
    outer loop
      vertex   -6.446824e+01 1.251144e+02 -1.270000e+02
      vertex   -6.475000e+01 1.122990e+02 -1.270000e+02
      vertex   -6.438823e+01 1.124489e+02 -1.270000e+02
    endloop
  endfacet
  facet normal 0.000000e+00 0.000000e+00 1.000000e+00
    outer loop
      vertex   -6.446824e+01 1.251144e+02 -1.270000e+02
      vertex   -6.438823e+01 1.124489e+02 -1.270000e+02
      vertex   -6.408235e+01 1.249545e+02 -1.270000e+02
    endloop
  endfacet
  facet normal 0.000000e+00 0.000000e+00 1.000000e+00
    outer loop
      vertex   -6.408235e+01 1.249545e+02 -1.270000e+02
      vertex   -6.438823e+01 1.124489e+02 -1.270000e+02
      vertex   -6.400000e+01 1.125000e+02 -1.270000e+02
    endloop
  endfacet
  facet normal 0.000000e+00 0.000000e+00 1.000000e+00
    outer loop
      vertex   -6.408235e+01 1.249545e+02 -1.270000e+02
      vertex   -6.400000e+01 1.125000e+02 -1.270000e+02
      vertex   -6.366824e+01 1.249000e+02 -1.270000e+02
    endloop
  endfacet
  facet normal 0.000000e+00 0.000000e+00 1.000000e+00
    outer loop
      vertex   -6.366824e+01 1.249000e+02 -1.270000e+02
      vertex   -6.400000e+01 1.125000e+02 -1.270000e+02
      vertex   -6.361177e+01 1.124489e+02 -1.270000e+02
    endloop
  endfacet
  facet normal -0.000000e+00 0.000000e+00 1.000000e+00
    outer loop
      vertex   -6.366824e+01 1.249000e+02 -1.270000e+02
      vertex   -6.361177e+01 1.124489e+02 -1.270000e+02
      vertex   -6.325413e+01 1.249545e+02 -1.270000e+02
    endloop
  endfacet
  facet normal 0.000000e+00 0.000000e+00 1.000000e+00
    outer loop
      vertex   -6.325413e+01 1.249545e+02 -1.270000e+02
      vertex   -6.361177e+01 1.124489e+02 -1.270000e+02
      vertex   -6.325000e+01 1.122990e+02 -1.270000e+02
    endloop
  endfacet
  facet normal -0.000000e+00 0.000000e+00 1.000000e+00
    outer loop
      vertex   -6.325413e+01 1.249545e+02 -1.270000e+02
      vertex   -6.325000e+01 1.122990e+02 -1.270000e+02
      vertex   -6.286824e+01 1.251144e+02 -1.270000e+02
    endloop
  endfacet
  facet normal 0.000000e+00 0.000000e+00 1.000000e+00
    outer loop
      vertex   -6.286824e+01 1.251144e+02 -1.270000e+02
      vertex   -6.325000e+01 1.122990e+02 -1.270000e+02
      vertex   -3.608821e+01 1.076382e+02 -1.270000e+02
    endloop
  endfacet
  facet normal 0.000000e+00 0.000000e+00 1.000000e+00
    outer loop
      vertex   -6.286824e+01 1.251144e+02 -1.270000e+02
      vertex   -3.608821e+01 1.076382e+02 -1.270000e+02
      vertex   -5.600564e+00 1.157663e+02 -1.270000e+02
    endloop
  endfacet
  facet normal 0.000000e+00 0.000000e+00 1.000000e+00
    outer loop
      vertex   -5.600564e+00 1.157663e+02 -1.270000e+02
      vertex   -3.608821e+01 1.076382e+02 -1.270000e+02
      vertex   -3.569481e+01 1.076382e+02 -1.270000e+02
    endloop
  endfacet
  facet normal 0.000000e+00 0.000000e+00 1.000000e+00
    outer loop
      vertex   -5.600564e+00 1.157663e+02 -1.270000e+02
      vertex   -3.569481e+01 1.076382e+02 -1.270000e+02
      vertex   -3.531329e+01 1.075422e+02 -1.270000e+02
    endloop
  endfacet
  facet normal 0.000000e+00 0.000000e+00 1.000000e+00
    outer loop
      vertex   -6.325000e+01 1.122990e+02 -1.270000e+02
      vertex   -6.293934e+01 1.120607e+02 -1.270000e+02
      vertex   -3.608821e+01 1.076382e+02 -1.270000e+02
    endloop
  endfacet
  facet normal 0.000000e+00 0.000000e+00 1.000000e+00
    outer loop
      vertex   -3.608821e+01 1.076382e+02 -1.270000e+02
      vertex   -6.293934e+01 1.120607e+02 -1.270000e+02
      vertex   -6.270096e+01 1.117500e+02 -1.270000e+02
    endloop
  endfacet
  facet normal 0.000000e+00 0.000000e+00 1.000000e+00
    outer loop
      vertex   -3.608821e+01 1.076382e+02 -1.270000e+02
      vertex   -6.270096e+01 1.117500e+02 -1.270000e+02
      vertex   -3.646973e+01 1.075422e+02 -1.270000e+02
    endloop
  endfacet
  facet normal 0.000000e+00 0.000000e+00 1.000000e+00
    outer loop
      vertex   -3.646973e+01 1.075422e+02 -1.270000e+02
      vertex   -6.270096e+01 1.117500e+02 -1.270000e+02
      vertex   -6.255111e+01 1.113882e+02 -1.270000e+02
    endloop
  endfacet
  facet normal 0.000000e+00 0.000000e+00 1.000000e+00
    outer loop
      vertex   -3.646973e+01 1.075422e+02 -1.270000e+02
      vertex   -6.255111e+01 1.113882e+02 -1.270000e+02
      vertex   -6.250000e+01 1.110000e+02 -1.270000e+02
    endloop
  endfacet
  facet normal 0.000000e+00 0.000000e+00 1.000000e+00
    outer loop
      vertex   -6.250000e+01 1.110000e+02 -1.270000e+02
      vertex   -6.255111e+01 1.106118e+02 -1.270000e+02
      vertex   -3.646973e+01 1.075422e+02 -1.270000e+02
    endloop
  endfacet
  facet normal 0.000000e+00 0.000000e+00 1.000000e+00
    outer loop
      vertex   -3.646973e+01 1.075422e+02 -1.270000e+02
      vertex   -6.255111e+01 1.106118e+02 -1.270000e+02
      vertex   -3.681629e+01 1.073560e+02 -1.270000e+02
    endloop
  endfacet
  facet normal 0.000000e+00 0.000000e+00 1.000000e+00
    outer loop
      vertex   -3.681629e+01 1.073560e+02 -1.270000e+02
      vertex   -6.255111e+01 1.106118e+02 -1.270000e+02
      vertex   -6.270096e+01 1.102500e+02 -1.270000e+02
    endloop
  endfacet
  facet normal 0.000000e+00 0.000000e+00 1.000000e+00
    outer loop
      vertex   -3.681629e+01 1.073560e+02 -1.270000e+02
      vertex   -6.270096e+01 1.102500e+02 -1.270000e+02
      vertex   -3.710694e+01 1.070909e+02 -1.270000e+02
    endloop
  endfacet
  facet normal 0.000000e+00 0.000000e+00 1.000000e+00
    outer loop
      vertex   -3.710694e+01 1.070909e+02 -1.270000e+02
      vertex   -6.270096e+01 1.102500e+02 -1.270000e+02
      vertex   -6.293934e+01 1.099393e+02 -1.270000e+02
    endloop
  endfacet
  facet normal 0.000000e+00 0.000000e+00 1.000000e+00
    outer loop
      vertex   -3.710694e+01 1.070909e+02 -1.270000e+02
      vertex   -6.293934e+01 1.099393e+02 -1.270000e+02
      vertex   -3.732410e+01 1.067629e+02 -1.270000e+02
    endloop
  endfacet
  facet normal 0.000000e+00 0.000000e+00 1.000000e+00
    outer loop
      vertex   -3.732410e+01 1.067629e+02 -1.270000e+02
      vertex   -6.293934e+01 1.099393e+02 -1.270000e+02
      vertex   -6.325000e+01 1.097010e+02 -1.270000e+02
    endloop
  endfacet
  facet normal 0.000000e+00 0.000000e+00 1.000000e+00
    outer loop
      vertex   -3.732410e+01 1.067629e+02 -1.270000e+02
      vertex   -6.325000e+01 1.097010e+02 -1.270000e+02
      vertex   -3.745466e+01 1.063918e+02 -1.270000e+02
    endloop
  endfacet
  facet normal 0.000000e+00 0.000000e+00 1.000000e+00
    outer loop
      vertex   -3.745466e+01 1.063918e+02 -1.270000e+02
      vertex   -6.325000e+01 1.097010e+02 -1.270000e+02
      vertex   -3.749072e+01 1.060000e+02 -1.270000e+02
    endloop
  endfacet
  facet normal 0.000000e+00 0.000000e+00 1.000000e+00
    outer loop
      vertex   -3.749072e+01 1.060000e+02 -1.270000e+02
      vertex   -6.325000e+01 1.097010e+02 -1.270000e+02
      vertex   -6.361177e+01 1.095511e+02 -1.270000e+02
    endloop
  endfacet
  facet normal 0.000000e+00 0.000000e+00 1.000000e+00
    outer loop
      vertex   -3.749072e+01 1.060000e+02 -1.270000e+02
      vertex   -6.361177e+01 1.095511e+02 -1.270000e+02
      vertex   -7.000000e+01 1.060000e+02 -1.270000e+02
    endloop
  endfacet
  facet normal 0.000000e+00 0.000000e+00 1.000000e+00
    outer loop
      vertex   -7.000000e+01 1.060000e+02 -1.270000e+02
      vertex   -6.361177e+01 1.095511e+02 -1.270000e+02
      vertex   -6.400000e+01 1.095000e+02 -1.270000e+02
    endloop
  endfacet
  facet normal 0.000000e+00 0.000000e+00 1.000000e+00
    outer loop
      vertex   -7.000000e+01 1.060000e+02 -1.270000e+02
      vertex   -6.400000e+01 1.095000e+02 -1.270000e+02
      vertex   -6.438823e+01 1.095511e+02 -1.270000e+02
    endloop
  endfacet
  facet normal 0.000000e+00 0.000000e+00 1.000000e+00
    outer loop
      vertex   -6.438823e+01 1.095511e+02 -1.270000e+02
      vertex   -6.475000e+01 1.097010e+02 -1.270000e+02
      vertex   -7.000000e+01 1.060000e+02 -1.270000e+02
    endloop
  endfacet
  facet normal 0.000000e+00 0.000000e+00 1.000000e+00
    outer loop
      vertex   -7.000000e+01 1.060000e+02 -1.270000e+02
      vertex   -6.475000e+01 1.097010e+02 -1.270000e+02
      vertex   -6.506066e+01 1.099393e+02 -1.270000e+02
    endloop
  endfacet
  facet normal 0.000000e+00 0.000000e+00 1.000000e+00
    outer loop
      vertex   -7.000000e+01 1.060000e+02 -1.270000e+02
      vertex   -6.506066e+01 1.099393e+02 -1.270000e+02
      vertex   -6.529904e+01 1.102500e+02 -1.270000e+02
    endloop
  endfacet
  facet normal 0.000000e+00 0.000000e+00 1.000000e+00
    outer loop
      vertex   -6.529904e+01 1.102500e+02 -1.270000e+02
      vertex   -6.544889e+01 1.106118e+02 -1.270000e+02
      vertex   -7.000000e+01 1.060000e+02 -1.270000e+02
    endloop
  endfacet
  facet normal 0.000000e+00 0.000000e+00 1.000000e+00
    outer loop
      vertex   6.255111e+01 1.496118e+02 -1.270000e+02
      vertex   6.250000e+01 1.500000e+02 -1.270000e+02
      vertex   5.249959e+01 1.560000e+02 -1.270000e+02
    endloop
  endfacet
  facet normal 0.000000e+00 0.000000e+00 1.000000e+00
    outer loop
      vertex   5.249959e+01 1.560000e+02 -1.270000e+02
      vertex   6.250000e+01 1.500000e+02 -1.270000e+02
      vertex   6.255111e+01 1.503882e+02 -1.270000e+02
    endloop
  endfacet
  facet normal 0.000000e+00 0.000000e+00 1.000000e+00
    outer loop
      vertex   5.249959e+01 1.560000e+02 -1.270000e+02
      vertex   6.255111e+01 1.503882e+02 -1.270000e+02
      vertex   6.270096e+01 1.507500e+02 -1.270000e+02
    endloop
  endfacet
  facet normal 0.000000e+00 -0.000000e+00 1.000000e+00
    outer loop
      vertex   6.270096e+01 1.507500e+02 -1.270000e+02
      vertex   6.293934e+01 1.510607e+02 -1.270000e+02
      vertex   5.249959e+01 1.560000e+02 -1.270000e+02
    endloop
  endfacet
  facet normal 0.000000e+00 0.000000e+00 1.000000e+00
    outer loop
      vertex   5.249959e+01 1.560000e+02 -1.270000e+02
      vertex   6.293934e+01 1.510607e+02 -1.270000e+02
      vertex   6.325000e+01 1.512990e+02 -1.270000e+02
    endloop
  endfacet
  facet normal 0.000000e+00 0.000000e+00 1.000000e+00
    outer loop
      vertex   5.249959e+01 1.560000e+02 -1.270000e+02
      vertex   6.325000e+01 1.512990e+02 -1.270000e+02
      vertex   6.361177e+01 1.514489e+02 -1.270000e+02
    endloop
  endfacet
  facet normal 0.000000e+00 -0.000000e+00 1.000000e+00
    outer loop
      vertex   6.361177e+01 1.514489e+02 -1.270000e+02
      vertex   6.400000e+01 1.515000e+02 -1.270000e+02
      vertex   5.249959e+01 1.560000e+02 -1.270000e+02
    endloop
  endfacet
  facet normal -0.000000e+00 0.000000e+00 1.000000e+00
    outer loop
      vertex   5.249959e+01 1.560000e+02 -1.270000e+02
      vertex   6.400000e+01 1.515000e+02 -1.270000e+02
      vertex   7.000000e+01 1.560000e+02 -1.270000e+02
    endloop
  endfacet
  facet normal 0.000000e+00 0.000000e+00 1.000000e+00
    outer loop
      vertex   7.000000e+01 1.560000e+02 -1.270000e+02
      vertex   6.400000e+01 1.515000e+02 -1.270000e+02
      vertex   6.438823e+01 1.514489e+02 -1.270000e+02
    endloop
  endfacet
  facet normal 0.000000e+00 0.000000e+00 1.000000e+00
    outer loop
      vertex   7.000000e+01 1.560000e+02 -1.270000e+02
      vertex   6.438823e+01 1.514489e+02 -1.270000e+02
      vertex   6.475000e+01 1.512990e+02 -1.270000e+02
    endloop
  endfacet
  facet normal -0.000000e+00 0.000000e+00 1.000000e+00
    outer loop
      vertex   6.475000e+01 1.512990e+02 -1.270000e+02
      vertex   6.506066e+01 1.510607e+02 -1.270000e+02
      vertex   7.000000e+01 1.560000e+02 -1.270000e+02
    endloop
  endfacet
  facet normal 0.000000e+00 0.000000e+00 1.000000e+00
    outer loop
      vertex   7.000000e+01 1.560000e+02 -1.270000e+02
      vertex   6.506066e+01 1.510607e+02 -1.270000e+02
      vertex   6.529904e+01 1.507500e+02 -1.270000e+02
    endloop
  endfacet
  facet normal 0.000000e+00 0.000000e+00 1.000000e+00
    outer loop
      vertex   7.000000e+01 1.560000e+02 -1.270000e+02
      vertex   6.529904e+01 1.507500e+02 -1.270000e+02
      vertex   6.544889e+01 1.503882e+02 -1.270000e+02
    endloop
  endfacet
  facet normal -0.000000e+00 0.000000e+00 1.000000e+00
    outer loop
      vertex   6.544889e+01 1.503882e+02 -1.270000e+02
      vertex   6.550000e+01 1.500000e+02 -1.270000e+02
      vertex   7.000000e+01 1.560000e+02 -1.270000e+02
    endloop
  endfacet
  facet normal 0.000000e+00 0.000000e+00 1.000000e+00
    outer loop
      vertex   7.000000e+01 1.560000e+02 -1.270000e+02
      vertex   6.550000e+01 1.500000e+02 -1.270000e+02
      vertex   6.544889e+01 1.496118e+02 -1.270000e+02
    endloop
  endfacet
  facet normal 0.000000e+00 0.000000e+00 1.000000e+00
    outer loop
      vertex   7.000000e+01 1.560000e+02 -1.270000e+02
      vertex   6.544889e+01 1.496118e+02 -1.270000e+02
      vertex   6.529904e+01 1.492500e+02 -1.270000e+02
    endloop
  endfacet
  facet normal 0.000000e+00 0.000000e+00 1.000000e+00
    outer loop
      vertex   7.000000e+01 1.560000e+02 -1.270000e+02
      vertex   6.529904e+01 1.492500e+02 -1.270000e+02
      vertex   6.505388e+01 1.273000e+02 -1.270000e+02
    endloop
  endfacet
  facet normal 0.000000e+00 0.000000e+00 1.000000e+00
    outer loop
      vertex   6.505388e+01 1.273000e+02 -1.270000e+02
      vertex   6.529904e+01 1.492500e+02 -1.270000e+02
      vertex   6.506066e+01 1.489393e+02 -1.270000e+02
    endloop
  endfacet
  facet normal 0.000000e+00 -0.000000e+00 1.000000e+00
    outer loop
      vertex   6.505388e+01 1.273000e+02 -1.270000e+02
      vertex   6.506066e+01 1.489393e+02 -1.270000e+02
      vertex   6.479961e+01 1.276314e+02 -1.270000e+02
    endloop
  endfacet
  facet normal 0.000000e+00 -0.000000e+00 1.000000e+00
    outer loop
      vertex   6.479961e+01 1.276314e+02 -1.270000e+02
      vertex   6.506066e+01 1.489393e+02 -1.270000e+02
      vertex   6.475000e+01 1.487010e+02 -1.270000e+02
    endloop
  endfacet
  facet normal 0.000000e+00 0.000000e+00 1.000000e+00
    outer loop
      vertex   6.479961e+01 1.276314e+02 -1.270000e+02
      vertex   6.475000e+01 1.487010e+02 -1.270000e+02
      vertex   6.446824e+01 1.278856e+02 -1.270000e+02
    endloop
  endfacet
  facet normal 0.000000e+00 -0.000000e+00 1.000000e+00
    outer loop
      vertex   6.446824e+01 1.278856e+02 -1.270000e+02
      vertex   6.475000e+01 1.487010e+02 -1.270000e+02
      vertex   6.438823e+01 1.485511e+02 -1.270000e+02
    endloop
  endfacet
  facet normal 0.000000e+00 0.000000e+00 1.000000e+00
    outer loop
      vertex   6.446824e+01 1.278856e+02 -1.270000e+02
      vertex   6.438823e+01 1.485511e+02 -1.270000e+02
      vertex   6.408235e+01 1.280455e+02 -1.270000e+02
    endloop
  endfacet
  facet normal 0.000000e+00 -0.000000e+00 1.000000e+00
    outer loop
      vertex   6.408235e+01 1.280455e+02 -1.270000e+02
      vertex   6.438823e+01 1.485511e+02 -1.270000e+02
      vertex   5.223164e+01 1.410038e+02 -1.270000e+02
    endloop
  endfacet
  facet normal 0.000000e+00 0.000000e+00 1.000000e+00
    outer loop
      vertex   6.408235e+01 1.280455e+02 -1.270000e+02
      vertex   5.223164e+01 1.410038e+02 -1.270000e+02
      vertex   5.191380e+01 1.405896e+02 -1.270000e+02
    endloop
  endfacet
  facet normal -0.000000e+00 0.000000e+00 1.000000e+00
    outer loop
      vertex   6.400000e+01 1.485000e+02 -1.270000e+02
      vertex   5.249959e+01 1.420038e+02 -1.270000e+02
      vertex   6.438823e+01 1.485511e+02 -1.270000e+02
    endloop
  endfacet
  facet normal 0.000000e+00 0.000000e+00 1.000000e+00
    outer loop
      vertex   6.438823e+01 1.485511e+02 -1.270000e+02
      vertex   5.249959e+01 1.420038e+02 -1.270000e+02
      vertex   5.243144e+01 1.414862e+02 -1.270000e+02
    endloop
  endfacet
  facet normal 0.000000e+00 0.000000e+00 1.000000e+00
    outer loop
      vertex   6.438823e+01 1.485511e+02 -1.270000e+02
      vertex   5.243144e+01 1.414862e+02 -1.270000e+02
      vertex   5.223164e+01 1.410038e+02 -1.270000e+02
    endloop
  endfacet
  facet normal 0.000000e+00 0.000000e+00 1.000000e+00
    outer loop
      vertex   6.400000e+01 1.485000e+02 -1.270000e+02
      vertex   6.361177e+01 1.485511e+02 -1.270000e+02
      vertex   5.249959e+01 1.420038e+02 -1.270000e+02
    endloop
  endfacet
  facet normal 0.000000e+00 0.000000e+00 1.000000e+00
    outer loop
      vertex   5.249959e+01 1.420038e+02 -1.270000e+02
      vertex   6.361177e+01 1.485511e+02 -1.270000e+02
      vertex   6.325000e+01 1.487010e+02 -1.270000e+02
    endloop
  endfacet
  facet normal 0.000000e+00 0.000000e+00 1.000000e+00
    outer loop
      vertex   5.249959e+01 1.420038e+02 -1.270000e+02
      vertex   6.325000e+01 1.487010e+02 -1.270000e+02
      vertex   6.293934e+01 1.489393e+02 -1.270000e+02
    endloop
  endfacet
  facet normal 0.000000e+00 0.000000e+00 1.000000e+00
    outer loop
      vertex   6.293934e+01 1.489393e+02 -1.270000e+02
      vertex   6.270096e+01 1.492500e+02 -1.270000e+02
      vertex   5.249959e+01 1.420038e+02 -1.270000e+02
    endloop
  endfacet
  facet normal 0.000000e+00 0.000000e+00 1.000000e+00
    outer loop
      vertex   5.249959e+01 1.420038e+02 -1.270000e+02
      vertex   6.270096e+01 1.492500e+02 -1.270000e+02
      vertex   6.255111e+01 1.496118e+02 -1.270000e+02
    endloop
  endfacet
  facet normal 0.000000e+00 0.000000e+00 1.000000e+00
    outer loop
      vertex   5.249959e+01 1.420038e+02 -1.270000e+02
      vertex   6.255111e+01 1.496118e+02 -1.270000e+02
      vertex   5.249959e+01 1.560000e+02 -1.270000e+02
    endloop
  endfacet
  facet normal 0.000000e+00 0.000000e+00 1.000000e+00
    outer loop
      vertex   -6.544889e+01 1.496118e+02 -1.270000e+02
      vertex   -6.550000e+01 1.500000e+02 -1.270000e+02
      vertex   -7.000000e+01 1.560000e+02 -1.270000e+02
    endloop
  endfacet
  facet normal 0.000000e+00 0.000000e+00 1.000000e+00
    outer loop
      vertex   -7.000000e+01 1.560000e+02 -1.270000e+02
      vertex   -6.550000e+01 1.500000e+02 -1.270000e+02
      vertex   -6.544889e+01 1.503882e+02 -1.270000e+02
    endloop
  endfacet
  facet normal 0.000000e+00 0.000000e+00 1.000000e+00
    outer loop
      vertex   -7.000000e+01 1.560000e+02 -1.270000e+02
      vertex   -6.544889e+01 1.503882e+02 -1.270000e+02
      vertex   -6.529904e+01 1.507500e+02 -1.270000e+02
    endloop
  endfacet
  facet normal 0.000000e+00 -0.000000e+00 1.000000e+00
    outer loop
      vertex   -6.529904e+01 1.507500e+02 -1.270000e+02
      vertex   -6.506066e+01 1.510607e+02 -1.270000e+02
      vertex   -7.000000e+01 1.560000e+02 -1.270000e+02
    endloop
  endfacet
  facet normal 0.000000e+00 0.000000e+00 1.000000e+00
    outer loop
      vertex   -7.000000e+01 1.560000e+02 -1.270000e+02
      vertex   -6.506066e+01 1.510607e+02 -1.270000e+02
      vertex   -6.475000e+01 1.512990e+02 -1.270000e+02
    endloop
  endfacet
  facet normal 0.000000e+00 0.000000e+00 1.000000e+00
    outer loop
      vertex   -7.000000e+01 1.560000e+02 -1.270000e+02
      vertex   -6.475000e+01 1.512990e+02 -1.270000e+02
      vertex   -6.438823e+01 1.514489e+02 -1.270000e+02
    endloop
  endfacet
  facet normal 0.000000e+00 -0.000000e+00 1.000000e+00
    outer loop
      vertex   -6.438823e+01 1.514489e+02 -1.270000e+02
      vertex   -6.400000e+01 1.515000e+02 -1.270000e+02
      vertex   -7.000000e+01 1.560000e+02 -1.270000e+02
    endloop
  endfacet
  facet normal 0.000000e+00 0.000000e+00 1.000000e+00
    outer loop
      vertex   -7.000000e+01 1.560000e+02 -1.270000e+02
      vertex   -6.400000e+01 1.515000e+02 -1.270000e+02
      vertex   -6.361177e+01 1.514489e+02 -1.270000e+02
    endloop
  endfacet
  facet normal 0.000000e+00 0.000000e+00 1.000000e+00
    outer loop
      vertex   -7.000000e+01 1.560000e+02 -1.270000e+02
      vertex   -6.361177e+01 1.514489e+02 -1.270000e+02
      vertex   -4.302288e+01 1.541817e+02 -1.270000e+02
    endloop
  endfacet
  facet normal 0.000000e+00 0.000000e+00 1.000000e+00
    outer loop
      vertex   -4.302288e+01 1.541817e+02 -1.270000e+02
      vertex   -6.361177e+01 1.514489e+02 -1.270000e+02
      vertex   -4.327715e+01 1.538503e+02 -1.270000e+02
    endloop
  endfacet
  facet normal 0.000000e+00 0.000000e+00 1.000000e+00
    outer loop
      vertex   -4.327715e+01 1.538503e+02 -1.270000e+02
      vertex   -6.361177e+01 1.514489e+02 -1.270000e+02
      vertex   -4.343699e+01 1.534645e+02 -1.270000e+02
    endloop
  endfacet
  facet normal 0.000000e+00 0.000000e+00 1.000000e+00
    outer loop
      vertex   -4.343699e+01 1.534645e+02 -1.270000e+02
      vertex   -6.361177e+01 1.514489e+02 -1.270000e+02
      vertex   -6.325000e+01 1.512990e+02 -1.270000e+02
    endloop
  endfacet
  facet normal 0.000000e+00 0.000000e+00 1.000000e+00
    outer loop
      vertex   -4.343699e+01 1.534645e+02 -1.270000e+02
      vertex   -6.325000e+01 1.512990e+02 -1.270000e+02
      vertex   -4.349151e+01 1.530503e+02 -1.270000e+02
    endloop
  endfacet
  facet normal 0.000000e+00 0.000000e+00 1.000000e+00
    outer loop
      vertex   -4.349151e+01 1.530503e+02 -1.270000e+02
      vertex   -6.325000e+01 1.512990e+02 -1.270000e+02
      vertex   -6.293934e+01 1.510607e+02 -1.270000e+02
    endloop
  endfacet
  facet normal 0.000000e+00 0.000000e+00 1.000000e+00
    outer loop
      vertex   -4.349151e+01 1.530503e+02 -1.270000e+02
      vertex   -6.293934e+01 1.510607e+02 -1.270000e+02
      vertex   -4.343699e+01 1.526362e+02 -1.270000e+02
    endloop
  endfacet
  facet normal 0.000000e+00 0.000000e+00 1.000000e+00
    outer loop
      vertex   -4.343699e+01 1.526362e+02 -1.270000e+02
      vertex   -6.293934e+01 1.510607e+02 -1.270000e+02
      vertex   -4.327715e+01 1.522503e+02 -1.270000e+02
    endloop
  endfacet
  facet normal 0.000000e+00 0.000000e+00 1.000000e+00
    outer loop
      vertex   -4.327715e+01 1.522503e+02 -1.270000e+02
      vertex   -6.293934e+01 1.510607e+02 -1.270000e+02
      vertex   -6.270096e+01 1.507500e+02 -1.270000e+02
    endloop
  endfacet
  facet normal 0.000000e+00 0.000000e+00 1.000000e+00
    outer loop
      vertex   -4.327715e+01 1.522503e+02 -1.270000e+02
      vertex   -6.270096e+01 1.507500e+02 -1.270000e+02
      vertex   -4.302288e+01 1.519190e+02 -1.270000e+02
    endloop
  endfacet
  facet normal 0.000000e+00 0.000000e+00 1.000000e+00
    outer loop
      vertex   -4.302288e+01 1.519190e+02 -1.270000e+02
      vertex   -6.270096e+01 1.507500e+02 -1.270000e+02
      vertex   -6.255111e+01 1.503882e+02 -1.270000e+02
    endloop
  endfacet
  facet normal 0.000000e+00 0.000000e+00 1.000000e+00
    outer loop
      vertex   -4.302288e+01 1.519190e+02 -1.270000e+02
      vertex   -6.255111e+01 1.503882e+02 -1.270000e+02
      vertex   -6.250000e+01 1.500000e+02 -1.270000e+02
    endloop
  endfacet
  facet normal 0.000000e+00 0.000000e+00 1.000000e+00
    outer loop
      vertex   -4.302288e+01 1.519190e+02 -1.270000e+02
      vertex   -6.250000e+01 1.500000e+02 -1.270000e+02
      vertex   -4.269151e+01 1.516647e+02 -1.270000e+02
    endloop
  endfacet
  facet normal 0.000000e+00 0.000000e+00 1.000000e+00
    outer loop
      vertex   -4.269151e+01 1.516647e+02 -1.270000e+02
      vertex   -6.250000e+01 1.500000e+02 -1.270000e+02
      vertex   -6.255111e+01 1.496118e+02 -1.270000e+02
    endloop
  endfacet
  facet normal 0.000000e+00 0.000000e+00 1.000000e+00
    outer loop
      vertex   -4.269151e+01 1.516647e+02 -1.270000e+02
      vertex   -6.255111e+01 1.496118e+02 -1.270000e+02
      vertex   -4.230562e+01 1.515049e+02 -1.270000e+02
    endloop
  endfacet
  facet normal 0.000000e+00 0.000000e+00 1.000000e+00
    outer loop
      vertex   -4.230562e+01 1.515049e+02 -1.270000e+02
      vertex   -6.255111e+01 1.496118e+02 -1.270000e+02
      vertex   -6.270096e+01 1.492500e+02 -1.270000e+02
    endloop
  endfacet
  facet normal 0.000000e+00 0.000000e+00 1.000000e+00
    outer loop
      vertex   -4.230562e+01 1.515049e+02 -1.270000e+02
      vertex   -6.270096e+01 1.492500e+02 -1.270000e+02
      vertex   -6.293934e+01 1.489393e+02 -1.270000e+02
    endloop
  endfacet
  facet normal -0.000000e+00 0.000000e+00 1.000000e+00
    outer loop
      vertex   -6.293934e+01 1.489393e+02 -1.270000e+02
      vertex   -6.325000e+01 1.487010e+02 -1.270000e+02
      vertex   -4.230562e+01 1.515049e+02 -1.270000e+02
    endloop
  endfacet
  facet normal 0.000000e+00 0.000000e+00 1.000000e+00
    outer loop
      vertex   -4.230562e+01 1.515049e+02 -1.270000e+02
      vertex   -6.325000e+01 1.487010e+02 -1.270000e+02
      vertex   -3.183666e+01 1.440003e+02 -1.270000e+02
    endloop
  endfacet
  facet normal 0.000000e+00 0.000000e+00 1.000000e+00
    outer loop
      vertex   -4.230562e+01 1.515049e+02 -1.270000e+02
      vertex   -3.183666e+01 1.440003e+02 -1.270000e+02
      vertex   -4.189151e+01 1.514503e+02 -1.270000e+02
    endloop
  endfacet
  facet normal -0.000000e+00 0.000000e+00 1.000000e+00
    outer loop
      vertex   -4.189151e+01 1.514503e+02 -1.270000e+02
      vertex   -3.183666e+01 1.440003e+02 -1.270000e+02
      vertex   -4.147740e+01 1.515049e+02 -1.270000e+02
    endloop
  endfacet
  facet normal -0.000000e+00 0.000000e+00 1.000000e+00
    outer loop
      vertex   -4.147740e+01 1.515049e+02 -1.270000e+02
      vertex   -3.183666e+01 1.440003e+02 -1.270000e+02
      vertex   -4.109151e+01 1.516647e+02 -1.270000e+02
    endloop
  endfacet
  facet normal -0.000000e+00 0.000000e+00 1.000000e+00
    outer loop
      vertex   -4.109151e+01 1.516647e+02 -1.270000e+02
      vertex   -3.183666e+01 1.440003e+02 -1.270000e+02
      vertex   -4.076014e+01 1.519190e+02 -1.270000e+02
    endloop
  endfacet
  facet normal -0.000000e+00 0.000000e+00 1.000000e+00
    outer loop
      vertex   -4.076014e+01 1.519190e+02 -1.270000e+02
      vertex   -3.183666e+01 1.440003e+02 -1.270000e+02
      vertex   -3.183666e+01 1.560000e+02 -1.270000e+02
    endloop
  endfacet
  facet normal 0.000000e+00 0.000000e+00 1.000000e+00
    outer loop
      vertex   -4.076014e+01 1.519190e+02 -1.270000e+02
      vertex   -3.183666e+01 1.560000e+02 -1.270000e+02
      vertex   -4.050587e+01 1.522503e+02 -1.270000e+02
    endloop
  endfacet
  facet normal 0.000000e+00 0.000000e+00 1.000000e+00
    outer loop
      vertex   -4.050587e+01 1.522503e+02 -1.270000e+02
      vertex   -3.183666e+01 1.560000e+02 -1.270000e+02
      vertex   -4.034603e+01 1.526362e+02 -1.270000e+02
    endloop
  endfacet
  facet normal 0.000000e+00 0.000000e+00 1.000000e+00
    outer loop
      vertex   -4.034603e+01 1.526362e+02 -1.270000e+02
      vertex   -3.183666e+01 1.560000e+02 -1.270000e+02
      vertex   -4.029151e+01 1.530503e+02 -1.270000e+02
    endloop
  endfacet
  facet normal 0.000000e+00 -0.000000e+00 1.000000e+00
    outer loop
      vertex   -4.029151e+01 1.530503e+02 -1.270000e+02
      vertex   -3.183666e+01 1.560000e+02 -1.270000e+02
      vertex   -4.034603e+01 1.534645e+02 -1.270000e+02
    endloop
  endfacet
  facet normal 0.000000e+00 -0.000000e+00 1.000000e+00
    outer loop
      vertex   -4.034603e+01 1.534645e+02 -1.270000e+02
      vertex   -3.183666e+01 1.560000e+02 -1.270000e+02
      vertex   -4.050587e+01 1.538503e+02 -1.270000e+02
    endloop
  endfacet
  facet normal 0.000000e+00 -0.000000e+00 1.000000e+00
    outer loop
      vertex   -4.050587e+01 1.538503e+02 -1.270000e+02
      vertex   -3.183666e+01 1.560000e+02 -1.270000e+02
      vertex   -4.076014e+01 1.541817e+02 -1.270000e+02
    endloop
  endfacet
  facet normal 0.000000e+00 -0.000000e+00 1.000000e+00
    outer loop
      vertex   -4.076014e+01 1.541817e+02 -1.270000e+02
      vertex   -3.183666e+01 1.560000e+02 -1.270000e+02
      vertex   -4.109151e+01 1.544360e+02 -1.270000e+02
    endloop
  endfacet
  facet normal 0.000000e+00 -0.000000e+00 1.000000e+00
    outer loop
      vertex   -4.109151e+01 1.544360e+02 -1.270000e+02
      vertex   -3.183666e+01 1.560000e+02 -1.270000e+02
      vertex   -4.147740e+01 1.545958e+02 -1.270000e+02
    endloop
  endfacet
  facet normal 0.000000e+00 -0.000000e+00 1.000000e+00
    outer loop
      vertex   -4.147740e+01 1.545958e+02 -1.270000e+02
      vertex   -3.183666e+01 1.560000e+02 -1.270000e+02
      vertex   -4.189151e+01 1.546503e+02 -1.270000e+02
    endloop
  endfacet
  facet normal 0.000000e+00 -0.000000e+00 1.000000e+00
    outer loop
      vertex   -4.189151e+01 1.546503e+02 -1.270000e+02
      vertex   -3.183666e+01 1.560000e+02 -1.270000e+02
      vertex   -7.000000e+01 1.560000e+02 -1.270000e+02
    endloop
  endfacet
  facet normal 0.000000e+00 0.000000e+00 1.000000e+00
    outer loop
      vertex   -4.189151e+01 1.546503e+02 -1.270000e+02
      vertex   -7.000000e+01 1.560000e+02 -1.270000e+02
      vertex   -4.230562e+01 1.545958e+02 -1.270000e+02
    endloop
  endfacet
  facet normal 0.000000e+00 0.000000e+00 1.000000e+00
    outer loop
      vertex   -4.230562e+01 1.545958e+02 -1.270000e+02
      vertex   -7.000000e+01 1.560000e+02 -1.270000e+02
      vertex   -4.269151e+01 1.544360e+02 -1.270000e+02
    endloop
  endfacet
  facet normal 0.000000e+00 0.000000e+00 1.000000e+00
    outer loop
      vertex   -4.269151e+01 1.544360e+02 -1.270000e+02
      vertex   -7.000000e+01 1.560000e+02 -1.270000e+02
      vertex   -4.302288e+01 1.541817e+02 -1.270000e+02
    endloop
  endfacet
  facet normal 0.000000e+00 0.000000e+00 1.000000e+00
    outer loop
      vertex   -6.325000e+01 1.487010e+02 -1.270000e+02
      vertex   -6.361177e+01 1.485511e+02 -1.270000e+02
      vertex   -3.183666e+01 1.440003e+02 -1.270000e+02
    endloop
  endfacet
  facet normal 0.000000e+00 0.000000e+00 1.000000e+00
    outer loop
      vertex   -3.183666e+01 1.440003e+02 -1.270000e+02
      vertex   -6.361177e+01 1.485511e+02 -1.270000e+02
      vertex   -3.178555e+01 1.436120e+02 -1.270000e+02
    endloop
  endfacet
  facet normal 0.000000e+00 0.000000e+00 1.000000e+00
    outer loop
      vertex   -3.178555e+01 1.436120e+02 -1.270000e+02
      vertex   -6.361177e+01 1.485511e+02 -1.270000e+02
      vertex   -3.163570e+01 1.432503e+02 -1.270000e+02
    endloop
  endfacet
  facet normal 0.000000e+00 0.000000e+00 1.000000e+00
    outer loop
      vertex   -3.163570e+01 1.432503e+02 -1.270000e+02
      vertex   -6.361177e+01 1.485511e+02 -1.270000e+02
      vertex   -3.139732e+01 1.429396e+02 -1.270000e+02
    endloop
  endfacet
  facet normal 0.000000e+00 0.000000e+00 1.000000e+00
    outer loop
      vertex   -3.139732e+01 1.429396e+02 -1.270000e+02
      vertex   -6.361177e+01 1.485511e+02 -1.270000e+02
      vertex   -6.400000e+01 1.485000e+02 -1.270000e+02
    endloop
  endfacet
  facet normal 0.000000e+00 0.000000e+00 1.000000e+00
    outer loop
      vertex   -3.139732e+01 1.429396e+02 -1.270000e+02
      vertex   -6.400000e+01 1.485000e+02 -1.270000e+02
      vertex   -3.108666e+01 1.427012e+02 -1.270000e+02
    endloop
  endfacet
  facet normal 0.000000e+00 0.000000e+00 1.000000e+00
    outer loop
      vertex   -3.108666e+01 1.427012e+02 -1.270000e+02
      vertex   -6.400000e+01 1.485000e+02 -1.270000e+02
      vertex   -6.366824e+01 1.281000e+02 -1.270000e+02
    endloop
  endfacet
  facet normal 0.000000e+00 0.000000e+00 1.000000e+00
    outer loop
      vertex   -3.108666e+01 1.427012e+02 -1.270000e+02
      vertex   -6.366824e+01 1.281000e+02 -1.270000e+02
      vertex   -6.325413e+01 1.280455e+02 -1.270000e+02
    endloop
  endfacet
  facet normal 0.000000e+00 0.000000e+00 1.000000e+00
    outer loop
      vertex   -6.366824e+01 1.281000e+02 -1.270000e+02
      vertex   -6.400000e+01 1.485000e+02 -1.270000e+02
      vertex   -6.408235e+01 1.280455e+02 -1.270000e+02
    endloop
  endfacet
  facet normal 0.000000e+00 -0.000000e+00 1.000000e+00
    outer loop
      vertex   -6.408235e+01 1.280455e+02 -1.270000e+02
      vertex   -6.400000e+01 1.485000e+02 -1.270000e+02
      vertex   -6.438823e+01 1.485511e+02 -1.270000e+02
    endloop
  endfacet
  facet normal 0.000000e+00 0.000000e+00 1.000000e+00
    outer loop
      vertex   -6.408235e+01 1.280455e+02 -1.270000e+02
      vertex   -6.438823e+01 1.485511e+02 -1.270000e+02
      vertex   -6.446824e+01 1.278856e+02 -1.270000e+02
    endloop
  endfacet
  facet normal 0.000000e+00 -0.000000e+00 1.000000e+00
    outer loop
      vertex   -6.446824e+01 1.278856e+02 -1.270000e+02
      vertex   -6.438823e+01 1.485511e+02 -1.270000e+02
      vertex   -6.475000e+01 1.487010e+02 -1.270000e+02
    endloop
  endfacet
  facet normal 0.000000e+00 0.000000e+00 1.000000e+00
    outer loop
      vertex   -6.446824e+01 1.278856e+02 -1.270000e+02
      vertex   -6.475000e+01 1.487010e+02 -1.270000e+02
      vertex   -6.479961e+01 1.276314e+02 -1.270000e+02
    endloop
  endfacet
  facet normal 0.000000e+00 -0.000000e+00 1.000000e+00
    outer loop
      vertex   -6.479961e+01 1.276314e+02 -1.270000e+02
      vertex   -6.475000e+01 1.487010e+02 -1.270000e+02
      vertex   -6.506066e+01 1.489393e+02 -1.270000e+02
    endloop
  endfacet
  facet normal 0.000000e+00 0.000000e+00 1.000000e+00
    outer loop
      vertex   -6.479961e+01 1.276314e+02 -1.270000e+02
      vertex   -6.506066e+01 1.489393e+02 -1.270000e+02
      vertex   -6.505388e+01 1.273000e+02 -1.270000e+02
    endloop
  endfacet
  facet normal 0.000000e+00 0.000000e+00 1.000000e+00
    outer loop
      vertex   -6.505388e+01 1.273000e+02 -1.270000e+02
      vertex   -6.506066e+01 1.489393e+02 -1.270000e+02
      vertex   -6.529904e+01 1.492500e+02 -1.270000e+02
    endloop
  endfacet
  facet normal 0.000000e+00 0.000000e+00 1.000000e+00
    outer loop
      vertex   -6.505388e+01 1.273000e+02 -1.270000e+02
      vertex   -6.529904e+01 1.492500e+02 -1.270000e+02
      vertex   -7.000000e+01 1.560000e+02 -1.270000e+02
    endloop
  endfacet
  facet normal 0.000000e+00 0.000000e+00 1.000000e+00
    outer loop
      vertex   -7.000000e+01 1.560000e+02 -1.270000e+02
      vertex   -6.529904e+01 1.492500e+02 -1.270000e+02
      vertex   -6.544889e+01 1.496118e+02 -1.270000e+02
    endloop
  endfacet
  facet normal 0.000000e+00 0.000000e+00 1.000000e+00
    outer loop
      vertex   -7.000000e+01 1.060000e+02 -1.270000e+02
      vertex   -6.526824e+01 1.265000e+02 -1.270000e+02
      vertex   -7.000000e+01 1.560000e+02 -1.270000e+02
    endloop
  endfacet
  facet normal 0.000000e+00 0.000000e+00 1.000000e+00
    outer loop
      vertex   -7.000000e+01 1.560000e+02 -1.270000e+02
      vertex   -6.526824e+01 1.265000e+02 -1.270000e+02
      vertex   -6.521372e+01 1.269141e+02 -1.270000e+02
    endloop
  endfacet
  facet normal 0.000000e+00 0.000000e+00 1.000000e+00
    outer loop
      vertex   -7.000000e+01 1.560000e+02 -1.270000e+02
      vertex   -6.521372e+01 1.269141e+02 -1.270000e+02
      vertex   -6.505388e+01 1.273000e+02 -1.270000e+02
    endloop
  endfacet
  facet normal 0.000000e+00 -0.000000e+00 1.000000e+00
    outer loop
      vertex   -3.496674e+01 1.073560e+02 -1.270000e+02
      vertex   -4.901789e+00 1.152017e+02 -1.270000e+02
      vertex   -3.531329e+01 1.075422e+02 -1.270000e+02
    endloop
  endfacet
  facet normal 0.000000e+00 0.000000e+00 1.000000e+00
    outer loop
      vertex   -3.531329e+01 1.075422e+02 -1.270000e+02
      vertex   -4.901789e+00 1.152017e+02 -1.270000e+02
      vertex   -5.283283e+00 1.154443e+02 -1.270000e+02
    endloop
  endfacet
  facet normal 0.000000e+00 0.000000e+00 1.000000e+00
    outer loop
      vertex   -3.531329e+01 1.075422e+02 -1.270000e+02
      vertex   -5.283283e+00 1.154443e+02 -1.270000e+02
      vertex   -5.600564e+00 1.157663e+02 -1.270000e+02
    endloop
  endfacet
  facet normal 0.000000e+00 0.000000e+00 1.000000e+00
    outer loop
      vertex   -4.901789e+00 1.152017e+02 -1.270000e+02
      vertex   -3.496674e+01 1.073560e+02 -1.270000e+02
      vertex   -4.475572e+00 1.150511e+02 -1.270000e+02
    endloop
  endfacet
  facet normal 0.000000e+00 0.000000e+00 1.000000e+00
    outer loop
      vertex   -4.475572e+00 1.150511e+02 -1.270000e+02
      vertex   -3.496674e+01 1.073560e+02 -1.270000e+02
      vertex   -3.467609e+01 1.070909e+02 -1.270000e+02
    endloop
  endfacet
  facet normal 0.000000e+00 0.000000e+00 1.000000e+00
    outer loop
      vertex   -4.475572e+00 1.150511e+02 -1.270000e+02
      vertex   -3.467609e+01 1.070909e+02 -1.270000e+02
      vertex   -3.445892e+01 1.067629e+02 -1.270000e+02
    endloop
  endfacet
  facet normal -0.000000e+00 0.000000e+00 1.000000e+00
    outer loop
      vertex   -3.445892e+01 1.067629e+02 -1.270000e+02
      vertex   -3.432836e+01 1.063918e+02 -1.270000e+02
      vertex   -4.475572e+00 1.150511e+02 -1.270000e+02
    endloop
  endfacet
  facet normal 0.000000e+00 0.000000e+00 1.000000e+00
    outer loop
      vertex   -4.475572e+00 1.150511e+02 -1.270000e+02
      vertex   -3.432836e+01 1.063918e+02 -1.270000e+02
      vertex   -4.026406e+00 1.150000e+02 -1.270000e+02
    endloop
  endfacet
  facet normal 0.000000e+00 0.000000e+00 1.000000e+00
    outer loop
      vertex   -4.026406e+00 1.150000e+02 -1.270000e+02
      vertex   -3.432836e+01 1.063918e+02 -1.270000e+02
      vertex   -3.429230e+01 1.060000e+02 -1.270000e+02
    endloop
  endfacet
  facet normal -0.000000e+00 0.000000e+00 1.000000e+00
    outer loop
      vertex   -4.026406e+00 1.150000e+02 -1.270000e+02
      vertex   -3.429230e+01 1.060000e+02 -1.270000e+02
      vertex   4.026406e+00 1.150000e+02 -1.270000e+02
    endloop
  endfacet
  facet normal 0.000000e+00 0.000000e+00 1.000000e+00
    outer loop
      vertex   4.026406e+00 1.150000e+02 -1.270000e+02
      vertex   -3.429230e+01 1.060000e+02 -1.270000e+02
      vertex   4.250928e+01 1.060000e+02 -1.270000e+02
    endloop
  endfacet
  facet normal 0.000000e+00 0.000000e+00 1.000000e+00
    outer loop
      vertex   4.026406e+00 1.150000e+02 -1.270000e+02
      vertex   4.250928e+01 1.060000e+02 -1.270000e+02
      vertex   2.361680e+01 1.146117e+02 -1.270000e+02
    endloop
  endfacet
  facet normal 0.000000e+00 0.000000e+00 1.000000e+00
    outer loop
      vertex   2.361680e+01 1.146117e+02 -1.270000e+02
      vertex   4.250928e+01 1.060000e+02 -1.270000e+02
      vertex   2.410849e+01 1.145503e+02 -1.270000e+02
    endloop
  endfacet
  facet normal 0.000000e+00 0.000000e+00 1.000000e+00
    outer loop
      vertex   2.410849e+01 1.145503e+02 -1.270000e+02
      vertex   4.250928e+01 1.060000e+02 -1.270000e+02
      vertex   4.254534e+01 1.063918e+02 -1.270000e+02
    endloop
  endfacet
  facet normal 0.000000e+00 0.000000e+00 1.000000e+00
    outer loop
      vertex   2.410849e+01 1.145503e+02 -1.270000e+02
      vertex   4.254534e+01 1.063918e+02 -1.270000e+02
      vertex   4.267590e+01 1.067629e+02 -1.270000e+02
    endloop
  endfacet
  facet normal 0.000000e+00 -0.000000e+00 1.000000e+00
    outer loop
      vertex   4.267590e+01 1.067629e+02 -1.270000e+02
      vertex   4.289306e+01 1.070909e+02 -1.270000e+02
      vertex   2.410849e+01 1.145503e+02 -1.270000e+02
    endloop
  endfacet
  facet normal 0.000000e+00 0.000000e+00 1.000000e+00
    outer loop
      vertex   2.410849e+01 1.145503e+02 -1.270000e+02
      vertex   4.289306e+01 1.070909e+02 -1.270000e+02
      vertex   4.318371e+01 1.073560e+02 -1.270000e+02
    endloop
  endfacet
  facet normal 0.000000e+00 0.000000e+00 1.000000e+00
    outer loop
      vertex   2.410849e+01 1.145503e+02 -1.270000e+02
      vertex   4.318371e+01 1.073560e+02 -1.270000e+02
      vertex   4.353027e+01 1.075422e+02 -1.270000e+02
    endloop
  endfacet
  facet normal -0.000000e+00 0.000000e+00 1.000000e+00
    outer loop
      vertex   2.410849e+01 1.145503e+02 -1.270000e+02
      vertex   4.353027e+01 1.075422e+02 -1.270000e+02
      vertex   4.367448e+01 1.145503e+02 -1.270000e+02
    endloop
  endfacet
  facet normal 0.000000e+00 0.000000e+00 1.000000e+00
    outer loop
      vertex   4.367448e+01 1.145503e+02 -1.270000e+02
      vertex   4.353027e+01 1.075422e+02 -1.270000e+02
      vertex   4.391179e+01 1.076382e+02 -1.270000e+02
    endloop
  endfacet
  facet normal 0.000000e+00 0.000000e+00 1.000000e+00
    outer loop
      vertex   4.367448e+01 1.145503e+02 -1.270000e+02
      vertex   4.391179e+01 1.076382e+02 -1.270000e+02
      vertex   4.430519e+01 1.076382e+02 -1.270000e+02
    endloop
  endfacet
  facet normal 0.000000e+00 0.000000e+00 1.000000e+00
    outer loop
      vertex   7.000000e+01 1.560000e+02 -1.270000e+02
      vertex   6.526824e+01 1.265000e+02 -1.270000e+02
      vertex   7.000000e+01 1.060000e+02 -1.270000e+02
    endloop
  endfacet
  facet normal 0.000000e+00 0.000000e+00 1.000000e+00
    outer loop
      vertex   7.000000e+01 1.060000e+02 -1.270000e+02
      vertex   6.526824e+01 1.265000e+02 -1.270000e+02
      vertex   6.521372e+01 1.260859e+02 -1.270000e+02
    endloop
  endfacet
  facet normal 0.000000e+00 0.000000e+00 1.000000e+00
    outer loop
      vertex   7.000000e+01 1.060000e+02 -1.270000e+02
      vertex   6.521372e+01 1.260859e+02 -1.270000e+02
      vertex   6.505388e+01 1.257000e+02 -1.270000e+02
    endloop
  endfacet
  facet normal 0.000000e+00 0.000000e+00 1.000000e+00
    outer loop
      vertex   5.191380e+01 1.405896e+02 -1.270000e+02
      vertex   5.149959e+01 1.402718e+02 -1.270000e+02
      vertex   6.408235e+01 1.280455e+02 -1.270000e+02
    endloop
  endfacet
  facet normal 0.000000e+00 0.000000e+00 1.000000e+00
    outer loop
      vertex   6.408235e+01 1.280455e+02 -1.270000e+02
      vertex   5.149959e+01 1.402718e+02 -1.270000e+02
      vertex   6.366824e+01 1.281000e+02 -1.270000e+02
    endloop
  endfacet
  facet normal 0.000000e+00 0.000000e+00 1.000000e+00
    outer loop
      vertex   6.366824e+01 1.281000e+02 -1.270000e+02
      vertex   5.149959e+01 1.402718e+02 -1.270000e+02
      vertex   5.101723e+01 1.400720e+02 -1.270000e+02
    endloop
  endfacet
  facet normal 0.000000e+00 0.000000e+00 1.000000e+00
    outer loop
      vertex   6.366824e+01 1.281000e+02 -1.270000e+02
      vertex   5.101723e+01 1.400720e+02 -1.270000e+02
      vertex   4.540653e+01 1.335503e+02 -1.270000e+02
    endloop
  endfacet
  facet normal 0.000000e+00 -0.000000e+00 1.000000e+00
    outer loop
      vertex   4.540653e+01 1.335503e+02 -1.270000e+02
      vertex   5.101723e+01 1.400720e+02 -1.270000e+02
      vertex   4.508869e+01 1.339646e+02 -1.270000e+02
    endloop
  endfacet
  facet normal 0.000000e+00 -0.000000e+00 1.000000e+00
    outer loop
      vertex   4.508869e+01 1.339646e+02 -1.270000e+02
      vertex   5.101723e+01 1.400720e+02 -1.270000e+02
      vertex   4.467448e+01 1.342824e+02 -1.270000e+02
    endloop
  endfacet
  facet normal 0.000000e+00 0.000000e+00 1.000000e+00
    outer loop
      vertex   4.467448e+01 1.342824e+02 -1.270000e+02
      vertex   5.101723e+01 1.400720e+02 -1.270000e+02
      vertex   5.049959e+01 1.400038e+02 -1.270000e+02
    endloop
  endfacet
  facet normal 0.000000e+00 -0.000000e+00 1.000000e+00
    outer loop
      vertex   4.467448e+01 1.342824e+02 -1.270000e+02
      vertex   5.049959e+01 1.400038e+02 -1.270000e+02
      vertex   4.419212e+01 1.344822e+02 -1.270000e+02
    endloop
  endfacet
  facet normal 0.000000e+00 0.000000e+00 1.000000e+00
    outer loop
      vertex   4.419212e+01 1.344822e+02 -1.270000e+02
      vertex   5.049959e+01 1.400038e+02 -1.270000e+02
      vertex   4.949959e+01 1.400038e+02 -1.270000e+02
    endloop
  endfacet
  facet normal 0.000000e+00 -0.000000e+00 1.000000e+00
    outer loop
      vertex   4.419212e+01 1.344822e+02 -1.270000e+02
      vertex   4.949959e+01 1.400038e+02 -1.270000e+02
      vertex   4.367448e+01 1.345503e+02 -1.270000e+02
    endloop
  endfacet
  facet normal 0.000000e+00 0.000000e+00 1.000000e+00
    outer loop
      vertex   4.367448e+01 1.345503e+02 -1.270000e+02
      vertex   4.949959e+01 1.400038e+02 -1.270000e+02
      vertex   4.898195e+01 1.400720e+02 -1.270000e+02
    endloop
  endfacet
  facet normal 0.000000e+00 0.000000e+00 1.000000e+00
    outer loop
      vertex   4.367448e+01 1.345503e+02 -1.270000e+02
      vertex   4.898195e+01 1.400720e+02 -1.270000e+02
      vertex   4.849959e+01 1.402718e+02 -1.270000e+02
    endloop
  endfacet
  facet normal 0.000000e+00 -0.000000e+00 1.000000e+00
    outer loop
      vertex   4.367448e+01 1.345503e+02 -1.270000e+02
      vertex   4.849959e+01 1.402718e+02 -1.270000e+02
      vertex   3.664807e+01 1.345503e+02 -1.270000e+02
    endloop
  endfacet
  facet normal 0.000000e+00 0.000000e+00 1.000000e+00
    outer loop
      vertex   3.664807e+01 1.345503e+02 -1.270000e+02
      vertex   4.849959e+01 1.402718e+02 -1.270000e+02
      vertex   4.808537e+01 1.405896e+02 -1.270000e+02
    endloop
  endfacet
  facet normal 0.000000e+00 -0.000000e+00 1.000000e+00
    outer loop
      vertex   3.664807e+01 1.345503e+02 -1.270000e+02
      vertex   4.808537e+01 1.405896e+02 -1.270000e+02
      vertex   3.072489e+01 1.425514e+02 -1.270000e+02
    endloop
  endfacet
  facet normal 0.000000e+00 0.000000e+00 1.000000e+00
    outer loop
      vertex   3.072489e+01 1.425514e+02 -1.270000e+02
      vertex   4.808537e+01 1.405896e+02 -1.270000e+02
      vertex   4.776754e+01 1.410038e+02 -1.270000e+02
    endloop
  endfacet
  facet normal -0.000000e+00 0.000000e+00 1.000000e+00
    outer loop
      vertex   3.072489e+01 1.425514e+02 -1.270000e+02
      vertex   4.776754e+01 1.410038e+02 -1.270000e+02
      vertex   3.108666e+01 1.427012e+02 -1.270000e+02
    endloop
  endfacet
  facet normal 0.000000e+00 0.000000e+00 1.000000e+00
    outer loop
      vertex   3.108666e+01 1.427012e+02 -1.270000e+02
      vertex   4.776754e+01 1.410038e+02 -1.270000e+02
      vertex   4.756774e+01 1.414862e+02 -1.270000e+02
    endloop
  endfacet
  facet normal -0.000000e+00 0.000000e+00 1.000000e+00
    outer loop
      vertex   3.108666e+01 1.427012e+02 -1.270000e+02
      vertex   4.756774e+01 1.414862e+02 -1.270000e+02
      vertex   3.139732e+01 1.429396e+02 -1.270000e+02
    endloop
  endfacet
  facet normal 0.000000e+00 0.000000e+00 1.000000e+00
    outer loop
      vertex   3.139732e+01 1.429396e+02 -1.270000e+02
      vertex   4.756774e+01 1.414862e+02 -1.270000e+02
      vertex   4.749959e+01 1.420038e+02 -1.270000e+02
    endloop
  endfacet
  facet normal -0.000000e+00 0.000000e+00 1.000000e+00
    outer loop
      vertex   3.139732e+01 1.429396e+02 -1.270000e+02
      vertex   4.749959e+01 1.420038e+02 -1.270000e+02
      vertex   3.163570e+01 1.432503e+02 -1.270000e+02
    endloop
  endfacet
  facet normal -0.000000e+00 0.000000e+00 1.000000e+00
    outer loop
      vertex   3.163570e+01 1.432503e+02 -1.270000e+02
      vertex   4.749959e+01 1.420038e+02 -1.270000e+02
      vertex   3.178555e+01 1.436120e+02 -1.270000e+02
    endloop
  endfacet
  facet normal -0.000000e+00 0.000000e+00 1.000000e+00
    outer loop
      vertex   3.178555e+01 1.436120e+02 -1.270000e+02
      vertex   4.749959e+01 1.420038e+02 -1.270000e+02
      vertex   3.183666e+01 1.440003e+02 -1.270000e+02
    endloop
  endfacet
  facet normal -0.000000e+00 0.000000e+00 1.000000e+00
    outer loop
      vertex   3.183666e+01 1.440003e+02 -1.270000e+02
      vertex   4.749959e+01 1.420038e+02 -1.270000e+02
      vertex   4.749959e+01 1.560000e+02 -1.270000e+02
    endloop
  endfacet
  facet normal 0.000000e+00 0.000000e+00 1.000000e+00
    outer loop
      vertex   3.183666e+01 1.440003e+02 -1.270000e+02
      vertex   4.749959e+01 1.560000e+02 -1.270000e+02
      vertex   3.183666e+01 1.560000e+02 -1.270000e+02
    endloop
  endfacet
  facet normal 0.000000e+00 0.000000e+00 1.000000e+00
    outer loop
      vertex   3.072489e+01 1.425514e+02 -1.270000e+02
      vertex   3.033666e+01 1.425003e+02 -1.270000e+02
      vertex   3.664807e+01 1.345503e+02 -1.270000e+02
    endloop
  endfacet
  facet normal 0.000000e+00 0.000000e+00 1.000000e+00
    outer loop
      vertex   3.664807e+01 1.345503e+02 -1.270000e+02
      vertex   3.033666e+01 1.425003e+02 -1.270000e+02
      vertex   3.619891e+01 1.344993e+02 -1.270000e+02
    endloop
  endfacet
  facet normal 0.000000e+00 0.000000e+00 1.000000e+00
    outer loop
      vertex   3.619891e+01 1.344993e+02 -1.270000e+02
      vertex   3.033666e+01 1.425003e+02 -1.270000e+02
      vertex   2.958666e+01 1.425003e+02 -1.270000e+02
    endloop
  endfacet
  facet normal 0.000000e+00 0.000000e+00 1.000000e+00
    outer loop
      vertex   3.619891e+01 1.344993e+02 -1.270000e+02
      vertex   2.958666e+01 1.425003e+02 -1.270000e+02
      vertex   3.577269e+01 1.343486e+02 -1.270000e+02
    endloop
  endfacet
  facet normal 0.000000e+00 0.000000e+00 1.000000e+00
    outer loop
      vertex   3.577269e+01 1.343486e+02 -1.270000e+02
      vertex   2.958666e+01 1.425003e+02 -1.270000e+02
      vertex   1.636358e+01 1.340530e+02 -1.270000e+02
    endloop
  endfacet
  facet normal 0.000000e+00 0.000000e+00 1.000000e+00
    outer loop
      vertex   3.577269e+01 1.343486e+02 -1.270000e+02
      vertex   1.636358e+01 1.340530e+02 -1.270000e+02
      vertex   1.682510e+01 1.338726e+02 -1.270000e+02
    endloop
  endfacet
  facet normal 0.000000e+00 0.000000e+00 1.000000e+00
    outer loop
      vertex   2.958666e+01 1.425003e+02 -1.270000e+02
      vertex   2.919843e+01 1.425514e+02 -1.270000e+02
      vertex   1.636358e+01 1.340530e+02 -1.270000e+02
    endloop
  endfacet
  facet normal 0.000000e+00 -0.000000e+00 1.000000e+00
    outer loop
      vertex   1.636358e+01 1.340530e+02 -1.270000e+02
      vertex   2.919843e+01 1.425514e+02 -1.270000e+02
      vertex   1.587189e+01 1.341144e+02 -1.270000e+02
    endloop
  endfacet
  facet normal 0.000000e+00 0.000000e+00 1.000000e+00
    outer loop
      vertex   1.587189e+01 1.341144e+02 -1.270000e+02
      vertex   2.919843e+01 1.425514e+02 -1.270000e+02
      vertex   2.883666e+01 1.427012e+02 -1.270000e+02
    endloop
  endfacet
  facet normal 0.000000e+00 0.000000e+00 1.000000e+00
    outer loop
      vertex   1.587189e+01 1.341144e+02 -1.270000e+02
      vertex   2.883666e+01 1.427012e+02 -1.270000e+02
      vertex   1.704333e+01 1.450003e+02 -1.270000e+02
    endloop
  endfacet
  facet normal 0.000000e+00 0.000000e+00 1.000000e+00
    outer loop
      vertex   1.704333e+01 1.450003e+02 -1.270000e+02
      vertex   2.883666e+01 1.427012e+02 -1.270000e+02
      vertex   2.852600e+01 1.429396e+02 -1.270000e+02
    endloop
  endfacet
  facet normal 1.583589e-14 8.824272e-14 1.000000e+00
    outer loop
      vertex   1.704333e+01 1.450003e+02 -1.270000e+02
      vertex   2.852600e+01 1.429396e+02 -1.270000e+02
      vertex   1.756097e+01 1.450684e+02 -1.270000e+02
    endloop
  endfacet
  facet normal -1.522884e-15 -1.168550e-15 1.000000e+00
    outer loop
      vertex   1.756097e+01 1.450684e+02 -1.270000e+02
      vertex   2.852600e+01 1.429396e+02 -1.270000e+02
      vertex   2.828762e+01 1.432503e+02 -1.270000e+02
    endloop
  endfacet
  facet normal -1.424854e-15 -5.901939e-16 1.000000e+00
    outer loop
      vertex   1.756097e+01 1.450684e+02 -1.270000e+02
      vertex   2.828762e+01 1.432503e+02 -1.270000e+02
      vertex   2.813777e+01 1.436120e+02 -1.270000e+02
    endloop
  endfacet
  facet normal -1.368393e-15 -1.801524e-16 1.000000e+00
    outer loop
      vertex   2.813777e+01 1.436120e+02 -1.270000e+02
      vertex   2.808666e+01 1.440003e+02 -1.270000e+02
      vertex   1.756097e+01 1.450684e+02 -1.270000e+02
    endloop
  endfacet
  facet normal -1.084431e-15 2.618049e-15 1.000000e+00
    outer loop
      vertex   1.756097e+01 1.450684e+02 -1.270000e+02
      vertex   2.808666e+01 1.440003e+02 -1.270000e+02
      vertex   1.804333e+01 1.452682e+02 -1.270000e+02
    endloop
  endfacet
  facet normal -1.215044e-15 1.583476e-15 1.000000e+00
    outer loop
      vertex   1.804333e+01 1.452682e+02 -1.270000e+02
      vertex   2.808666e+01 1.440003e+02 -1.270000e+02
      vertex   1.845754e+01 1.455861e+02 -1.270000e+02
    endloop
  endfacet
  facet normal -1.310247e-15 1.005388e-15 1.000000e+00
    outer loop
      vertex   1.845754e+01 1.455861e+02 -1.270000e+02
      vertex   2.808666e+01 1.440003e+02 -1.270000e+02
      vertex   1.877538e+01 1.460003e+02 -1.270000e+02
    endloop
  endfacet
  facet normal -1.401506e-15 5.805227e-16 1.000000e+00
    outer loop
      vertex   1.877538e+01 1.460003e+02 -1.270000e+02
      vertex   2.808666e+01 1.440003e+02 -1.270000e+02
      vertex   1.897518e+01 1.464826e+02 -1.270000e+02
    endloop
  endfacet
  facet normal -8.726138e-15 -2.630445e-14 1.000000e+00
    outer loop
      vertex   1.897518e+01 1.464826e+02 -1.270000e+02
      vertex   2.808666e+01 1.440003e+02 -1.270000e+02
      vertex   1.904333e+01 1.470003e+02 -1.270000e+02
    endloop
  endfacet
  facet normal -0.000000e+00 0.000000e+00 1.000000e+00
    outer loop
      vertex   1.904333e+01 1.470003e+02 -1.270000e+02
      vertex   2.808666e+01 1.440003e+02 -1.270000e+02
      vertex   2.808666e+01 1.560000e+02 -1.270000e+02
    endloop
  endfacet
  facet normal 0.000000e+00 0.000000e+00 1.000000e+00
    outer loop
      vertex   1.904333e+01 1.470003e+02 -1.270000e+02
      vertex   2.808666e+01 1.560000e+02 -1.270000e+02
      vertex   1.904333e+01 1.530003e+02 -1.270000e+02
    endloop
  endfacet
  facet normal -8.725378e-15 2.630455e-14 1.000000e+00
    outer loop
      vertex   1.904333e+01 1.530003e+02 -1.270000e+02
      vertex   2.808666e+01 1.560000e+02 -1.270000e+02
      vertex   1.897518e+01 1.535179e+02 -1.270000e+02
    endloop
  endfacet
  facet normal -1.401521e-15 -5.805291e-16 1.000000e+00
    outer loop
      vertex   1.897518e+01 1.535179e+02 -1.270000e+02
      vertex   2.808666e+01 1.560000e+02 -1.270000e+02
      vertex   1.877538e+01 1.540003e+02 -1.270000e+02
    endloop
  endfacet
  facet normal -1.310273e-15 -1.005408e-15 1.000000e+00
    outer loop
      vertex   1.877538e+01 1.540003e+02 -1.270000e+02
      vertex   2.808666e+01 1.560000e+02 -1.270000e+02
      vertex   1.845754e+01 1.544145e+02 -1.270000e+02
    endloop
  endfacet
  facet normal -1.215081e-15 -1.583524e-15 1.000000e+00
    outer loop
      vertex   1.845754e+01 1.544145e+02 -1.270000e+02
      vertex   2.808666e+01 1.560000e+02 -1.270000e+02
      vertex   1.804333e+01 1.547323e+02 -1.270000e+02
    endloop
  endfacet
  facet normal -1.084486e-15 -2.618181e-15 1.000000e+00
    outer loop
      vertex   1.804333e+01 1.547323e+02 -1.270000e+02
      vertex   2.808666e+01 1.560000e+02 -1.270000e+02
      vertex   1.756097e+01 1.549321e+02 -1.270000e+02
    endloop
  endfacet
  facet normal 1.118588e-14 -1.235630e-13 1.000000e+00
    outer loop
      vertex   1.756097e+01 1.549321e+02 -1.270000e+02
      vertex   2.808666e+01 1.560000e+02 -1.270000e+02
      vertex   1.704333e+01 1.550003e+02 -1.270000e+02
    endloop
  endfacet
  facet normal 0.000000e+00 -0.000000e+00 1.000000e+00
    outer loop
      vertex   1.704333e+01 1.550003e+02 -1.270000e+02
      vertex   2.808666e+01 1.560000e+02 -1.270000e+02
      vertex   1.104333e+01 1.550003e+02 -1.270000e+02
    endloop
  endfacet
  facet normal 0.000000e+00 -0.000000e+00 1.000000e+00
    outer loop
      vertex   1.104333e+01 1.550003e+02 -1.270000e+02
      vertex   2.808666e+01 1.560000e+02 -1.270000e+02
      vertex   -2.808666e+01 1.560000e+02 -1.270000e+02
    endloop
  endfacet
  facet normal 0.000000e+00 0.000000e+00 1.000000e+00
    outer loop
      vertex   1.104333e+01 1.550003e+02 -1.270000e+02
      vertex   -2.808666e+01 1.560000e+02 -1.270000e+02
      vertex   -1.104333e+01 1.550003e+02 -1.270000e+02
    endloop
  endfacet
  facet normal 0.000000e+00 0.000000e+00 1.000000e+00
    outer loop
      vertex   -1.104333e+01 1.550003e+02 -1.270000e+02
      vertex   -2.808666e+01 1.560000e+02 -1.270000e+02
      vertex   -1.704333e+01 1.550003e+02 -1.270000e+02
    endloop
  endfacet
  facet normal -1.118588e-14 -1.235630e-13 1.000000e+00
    outer loop
      vertex   -1.704333e+01 1.550003e+02 -1.270000e+02
      vertex   -2.808666e+01 1.560000e+02 -1.270000e+02
      vertex   -1.756097e+01 1.549321e+02 -1.270000e+02
    endloop
  endfacet
  facet normal 1.084486e-15 -2.618181e-15 1.000000e+00
    outer loop
      vertex   -1.756097e+01 1.549321e+02 -1.270000e+02
      vertex   -2.808666e+01 1.560000e+02 -1.270000e+02
      vertex   -1.804333e+01 1.547323e+02 -1.270000e+02
    endloop
  endfacet
  facet normal 1.215081e-15 -1.583524e-15 1.000000e+00
    outer loop
      vertex   -1.804333e+01 1.547323e+02 -1.270000e+02
      vertex   -2.808666e+01 1.560000e+02 -1.270000e+02
      vertex   -1.845754e+01 1.544145e+02 -1.270000e+02
    endloop
  endfacet
  facet normal 1.310273e-15 -1.005408e-15 1.000000e+00
    outer loop
      vertex   -1.845754e+01 1.544145e+02 -1.270000e+02
      vertex   -2.808666e+01 1.560000e+02 -1.270000e+02
      vertex   -1.877538e+01 1.540003e+02 -1.270000e+02
    endloop
  endfacet
  facet normal 1.401521e-15 -5.805291e-16 1.000000e+00
    outer loop
      vertex   -1.877538e+01 1.540003e+02 -1.270000e+02
      vertex   -2.808666e+01 1.560000e+02 -1.270000e+02
      vertex   -1.897518e+01 1.535179e+02 -1.270000e+02
    endloop
  endfacet
  facet normal 8.725378e-15 2.630455e-14 1.000000e+00
    outer loop
      vertex   -1.897518e+01 1.535179e+02 -1.270000e+02
      vertex   -2.808666e+01 1.560000e+02 -1.270000e+02
      vertex   -1.904333e+01 1.530003e+02 -1.270000e+02
    endloop
  endfacet
  facet normal 0.000000e+00 0.000000e+00 1.000000e+00
    outer loop
      vertex   -1.904333e+01 1.530003e+02 -1.270000e+02
      vertex   -2.808666e+01 1.560000e+02 -1.270000e+02
      vertex   -1.904333e+01 1.470003e+02 -1.270000e+02
    endloop
  endfacet
  facet normal 0.000000e+00 0.000000e+00 1.000000e+00
    outer loop
      vertex   -1.904333e+01 1.470003e+02 -1.270000e+02
      vertex   -2.808666e+01 1.560000e+02 -1.270000e+02
      vertex   -2.808666e+01 1.440003e+02 -1.270000e+02
    endloop
  endfacet
  facet normal 8.726138e-15 -2.630445e-14 1.000000e+00
    outer loop
      vertex   -1.904333e+01 1.470003e+02 -1.270000e+02
      vertex   -2.808666e+01 1.440003e+02 -1.270000e+02
      vertex   -1.897518e+01 1.464826e+02 -1.270000e+02
    endloop
  endfacet
  facet normal 1.401506e-15 5.805227e-16 1.000000e+00
    outer loop
      vertex   -1.897518e+01 1.464826e+02 -1.270000e+02
      vertex   -2.808666e+01 1.440003e+02 -1.270000e+02
      vertex   -1.877538e+01 1.460003e+02 -1.270000e+02
    endloop
  endfacet
  facet normal 1.310247e-15 1.005388e-15 1.000000e+00
    outer loop
      vertex   -1.877538e+01 1.460003e+02 -1.270000e+02
      vertex   -2.808666e+01 1.440003e+02 -1.270000e+02
      vertex   -1.845754e+01 1.455861e+02 -1.270000e+02
    endloop
  endfacet
  facet normal 1.215044e-15 1.583476e-15 1.000000e+00
    outer loop
      vertex   -1.845754e+01 1.455861e+02 -1.270000e+02
      vertex   -2.808666e+01 1.440003e+02 -1.270000e+02
      vertex   -1.804333e+01 1.452682e+02 -1.270000e+02
    endloop
  endfacet
  facet normal 1.084431e-15 2.618049e-15 1.000000e+00
    outer loop
      vertex   -1.804333e+01 1.452682e+02 -1.270000e+02
      vertex   -2.808666e+01 1.440003e+02 -1.270000e+02
      vertex   -1.756097e+01 1.450684e+02 -1.270000e+02
    endloop
  endfacet
  facet normal 1.368393e-15 -1.801524e-16 1.000000e+00
    outer loop
      vertex   -1.756097e+01 1.450684e+02 -1.270000e+02
      vertex   -2.808666e+01 1.440003e+02 -1.270000e+02
      vertex   -2.813777e+01 1.436120e+02 -1.270000e+02
    endloop
  endfacet
  facet normal 1.424854e-15 -5.901939e-16 1.000000e+00
    outer loop
      vertex   -1.756097e+01 1.450684e+02 -1.270000e+02
      vertex   -2.813777e+01 1.436120e+02 -1.270000e+02
      vertex   -2.828762e+01 1.432503e+02 -1.270000e+02
    endloop
  endfacet
  facet normal 1.522884e-15 -1.168550e-15 1.000000e+00
    outer loop
      vertex   -2.828762e+01 1.432503e+02 -1.270000e+02
      vertex   -2.852600e+01 1.429396e+02 -1.270000e+02
      vertex   -1.756097e+01 1.450684e+02 -1.270000e+02
    endloop
  endfacet
  facet normal -1.583589e-14 8.824272e-14 1.000000e+00
    outer loop
      vertex   -1.756097e+01 1.450684e+02 -1.270000e+02
      vertex   -2.852600e+01 1.429396e+02 -1.270000e+02
      vertex   -1.704333e+01 1.450003e+02 -1.270000e+02
    endloop
  endfacet
  facet normal 0.000000e+00 0.000000e+00 1.000000e+00
    outer loop
      vertex   -1.704333e+01 1.450003e+02 -1.270000e+02
      vertex   -2.852600e+01 1.429396e+02 -1.270000e+02
      vertex   -2.883666e+01 1.427012e+02 -1.270000e+02
    endloop
  endfacet
  facet normal 0.000000e+00 0.000000e+00 1.000000e+00
    outer loop
      vertex   -1.704333e+01 1.450003e+02 -1.270000e+02
      vertex   -2.883666e+01 1.427012e+02 -1.270000e+02
      vertex   -1.587189e+01 1.341144e+02 -1.270000e+02
    endloop
  endfacet
  facet normal 0.000000e+00 0.000000e+00 1.000000e+00
    outer loop
      vertex   -1.587189e+01 1.341144e+02 -1.270000e+02
      vertex   -2.883666e+01 1.427012e+02 -1.270000e+02
      vertex   -2.919843e+01 1.425514e+02 -1.270000e+02
    endloop
  endfacet
  facet normal 0.000000e+00 0.000000e+00 1.000000e+00
    outer loop
      vertex   -1.587189e+01 1.341144e+02 -1.270000e+02
      vertex   -2.919843e+01 1.425514e+02 -1.270000e+02
      vertex   -1.636358e+01 1.340530e+02 -1.270000e+02
    endloop
  endfacet
  facet normal 0.000000e+00 0.000000e+00 1.000000e+00
    outer loop
      vertex   -1.636358e+01 1.340530e+02 -1.270000e+02
      vertex   -2.919843e+01 1.425514e+02 -1.270000e+02
      vertex   -2.958666e+01 1.425003e+02 -1.270000e+02
    endloop
  endfacet
  facet normal 0.000000e+00 0.000000e+00 1.000000e+00
    outer loop
      vertex   -1.636358e+01 1.340530e+02 -1.270000e+02
      vertex   -2.958666e+01 1.425003e+02 -1.270000e+02
      vertex   -1.682510e+01 1.338726e+02 -1.270000e+02
    endloop
  endfacet
  facet normal 0.000000e+00 0.000000e+00 1.000000e+00
    outer loop
      vertex   -1.682510e+01 1.338726e+02 -1.270000e+02
      vertex   -2.958666e+01 1.425003e+02 -1.270000e+02
      vertex   -3.033666e+01 1.425003e+02 -1.270000e+02
    endloop
  endfacet
  facet normal 0.000000e+00 0.000000e+00 1.000000e+00
    outer loop
      vertex   -1.682510e+01 1.338726e+02 -1.270000e+02
      vertex   -3.033666e+01 1.425003e+02 -1.270000e+02
      vertex   -1.722810e+01 1.335843e+02 -1.270000e+02
    endloop
  endfacet
  facet normal 0.000000e+00 0.000000e+00 1.000000e+00
    outer loop
      vertex   -1.722810e+01 1.335843e+02 -1.270000e+02
      vertex   -3.033666e+01 1.425003e+02 -1.270000e+02
      vertex   -1.754785e+01 1.332058e+02 -1.270000e+02
    endloop
  endfacet
  facet normal 0.000000e+00 0.000000e+00 1.000000e+00
    outer loop
      vertex   -1.754785e+01 1.332058e+02 -1.270000e+02
      vertex   -3.033666e+01 1.425003e+02 -1.270000e+02
      vertex   -3.072489e+01 1.425514e+02 -1.270000e+02
    endloop
  endfacet
  facet normal 0.000000e+00 0.000000e+00 1.000000e+00
    outer loop
      vertex   -1.754785e+01 1.332058e+02 -1.270000e+02
      vertex   -3.072489e+01 1.425514e+02 -1.270000e+02
      vertex   -1.776473e+01 1.327602e+02 -1.270000e+02
    endloop
  endfacet
  facet normal 0.000000e+00 0.000000e+00 1.000000e+00
    outer loop
      vertex   -1.776473e+01 1.327602e+02 -1.270000e+02
      vertex   -3.072489e+01 1.425514e+02 -1.270000e+02
      vertex   -6.325413e+01 1.280455e+02 -1.270000e+02
    endloop
  endfacet
  facet normal 0.000000e+00 0.000000e+00 1.000000e+00
    outer loop
      vertex   -1.776473e+01 1.327602e+02 -1.270000e+02
      vertex   -6.325413e+01 1.280455e+02 -1.270000e+02
      vertex   -6.286824e+01 1.278856e+02 -1.270000e+02
    endloop
  endfacet
  facet normal 0.000000e+00 0.000000e+00 1.000000e+00
    outer loop
      vertex   -3.072489e+01 1.425514e+02 -1.270000e+02
      vertex   -3.108666e+01 1.427012e+02 -1.270000e+02
      vertex   -6.325413e+01 1.280455e+02 -1.270000e+02
    endloop
  endfacet
  facet normal 0.000000e+00 0.000000e+00 1.000000e+00
    outer loop
      vertex   6.366824e+01 1.249000e+02 -1.270000e+02
      vertex   6.325413e+01 1.249545e+02 -1.270000e+02
      vertex   4.567448e+01 1.165503e+02 -1.270000e+02
    endloop
  endfacet
  facet normal 0.000000e+00 0.000000e+00 1.000000e+00
    outer loop
      vertex   4.567448e+01 1.165503e+02 -1.270000e+02
      vertex   6.325413e+01 1.249545e+02 -1.270000e+02
      vertex   6.286824e+01 1.251144e+02 -1.270000e+02
    endloop
  endfacet
  facet normal 0.000000e+00 0.000000e+00 1.000000e+00
    outer loop
      vertex   4.567448e+01 1.165503e+02 -1.270000e+02
      vertex   6.286824e+01 1.251144e+02 -1.270000e+02
      vertex   6.253687e+01 1.253686e+02 -1.270000e+02
    endloop
  endfacet
  facet normal 0.000000e+00 0.000000e+00 1.000000e+00
    outer loop
      vertex   6.253687e+01 1.253686e+02 -1.270000e+02
      vertex   6.228260e+01 1.257000e+02 -1.270000e+02
      vertex   4.567448e+01 1.165503e+02 -1.270000e+02
    endloop
  endfacet
  facet normal 0.000000e+00 0.000000e+00 1.000000e+00
    outer loop
      vertex   4.567448e+01 1.165503e+02 -1.270000e+02
      vertex   6.228260e+01 1.257000e+02 -1.270000e+02
      vertex   4.567448e+01 1.325503e+02 -1.270000e+02
    endloop
  endfacet
  facet normal 0.000000e+00 0.000000e+00 1.000000e+00
    outer loop
      vertex   4.567448e+01 1.325503e+02 -1.270000e+02
      vertex   6.228260e+01 1.257000e+02 -1.270000e+02
      vertex   6.212276e+01 1.260859e+02 -1.270000e+02
    endloop
  endfacet
  facet normal 0.000000e+00 0.000000e+00 1.000000e+00
    outer loop
      vertex   4.567448e+01 1.325503e+02 -1.270000e+02
      vertex   6.212276e+01 1.260859e+02 -1.270000e+02
      vertex   6.206824e+01 1.265000e+02 -1.270000e+02
    endloop
  endfacet
  facet normal 0.000000e+00 -0.000000e+00 1.000000e+00
    outer loop
      vertex   6.206824e+01 1.265000e+02 -1.270000e+02
      vertex   6.212276e+01 1.269141e+02 -1.270000e+02
      vertex   4.567448e+01 1.325503e+02 -1.270000e+02
    endloop
  endfacet
  facet normal 0.000000e+00 0.000000e+00 1.000000e+00
    outer loop
      vertex   4.567448e+01 1.325503e+02 -1.270000e+02
      vertex   6.212276e+01 1.269141e+02 -1.270000e+02
      vertex   6.228260e+01 1.273000e+02 -1.270000e+02
    endloop
  endfacet
  facet normal 0.000000e+00 0.000000e+00 1.000000e+00
    outer loop
      vertex   4.567448e+01 1.325503e+02 -1.270000e+02
      vertex   6.228260e+01 1.273000e+02 -1.270000e+02
      vertex   6.253687e+01 1.276314e+02 -1.270000e+02
    endloop
  endfacet
  facet normal 0.000000e+00 -0.000000e+00 1.000000e+00
    outer loop
      vertex   6.253687e+01 1.276314e+02 -1.270000e+02
      vertex   6.286824e+01 1.278856e+02 -1.270000e+02
      vertex   4.567448e+01 1.325503e+02 -1.270000e+02
    endloop
  endfacet
  facet normal 0.000000e+00 0.000000e+00 1.000000e+00
    outer loop
      vertex   4.567448e+01 1.325503e+02 -1.270000e+02
      vertex   6.286824e+01 1.278856e+02 -1.270000e+02
      vertex   6.325413e+01 1.280455e+02 -1.270000e+02
    endloop
  endfacet
  facet normal 0.000000e+00 0.000000e+00 1.000000e+00
    outer loop
      vertex   4.567448e+01 1.325503e+02 -1.270000e+02
      vertex   6.325413e+01 1.280455e+02 -1.270000e+02
      vertex   6.366824e+01 1.281000e+02 -1.270000e+02
    endloop
  endfacet
  facet normal -0.000000e+00 0.000000e+00 1.000000e+00
    outer loop
      vertex   6.505388e+01 1.273000e+02 -1.270000e+02
      vertex   6.521372e+01 1.269141e+02 -1.270000e+02
      vertex   7.000000e+01 1.560000e+02 -1.270000e+02
    endloop
  endfacet
  facet normal 0.000000e+00 0.000000e+00 1.000000e+00
    outer loop
      vertex   7.000000e+01 1.560000e+02 -1.270000e+02
      vertex   6.521372e+01 1.269141e+02 -1.270000e+02
      vertex   6.526824e+01 1.265000e+02 -1.270000e+02
    endloop
  endfacet
  facet normal -0.000000e+00 0.000000e+00 1.000000e+00
    outer loop
      vertex   -6.212276e+01 1.269141e+02 -1.270000e+02
      vertex   -6.206824e+01 1.265000e+02 -1.270000e+02
      vertex   -1.744605e+01 1.308807e+02 -1.270000e+02
    endloop
  endfacet
  facet normal 0.000000e+00 0.000000e+00 1.000000e+00
    outer loop
      vertex   -1.744605e+01 1.308807e+02 -1.270000e+02
      vertex   -6.206824e+01 1.265000e+02 -1.270000e+02
      vertex   -6.212276e+01 1.260859e+02 -1.270000e+02
    endloop
  endfacet
  facet normal 0.000000e+00 0.000000e+00 1.000000e+00
    outer loop
      vertex   -1.744605e+01 1.308807e+02 -1.270000e+02
      vertex   -6.212276e+01 1.260859e+02 -1.270000e+02
      vertex   -6.228260e+01 1.257000e+02 -1.270000e+02
    endloop
  endfacet
  facet normal -0.000000e+00 0.000000e+00 1.000000e+00
    outer loop
      vertex   -6.228260e+01 1.257000e+02 -1.270000e+02
      vertex   -6.253687e+01 1.253686e+02 -1.270000e+02
      vertex   -1.744605e+01 1.308807e+02 -1.270000e+02
    endloop
  endfacet
  facet normal 0.000000e+00 0.000000e+00 1.000000e+00
    outer loop
      vertex   -1.744605e+01 1.308807e+02 -1.270000e+02
      vertex   -6.253687e+01 1.253686e+02 -1.270000e+02
      vertex   -5.600564e+00 1.157663e+02 -1.270000e+02
    endloop
  endfacet
  facet normal 0.000000e+00 0.000000e+00 1.000000e+00
    outer loop
      vertex   -5.600564e+00 1.157663e+02 -1.270000e+02
      vertex   -6.253687e+01 1.253686e+02 -1.270000e+02
      vertex   -6.286824e+01 1.251144e+02 -1.270000e+02
    endloop
  endfacet
  facet normal 0.000000e+00 0.000000e+00 1.000000e+00
    outer loop
      vertex   -6.505388e+01 1.257000e+02 -1.270000e+02
      vertex   -6.521372e+01 1.260859e+02 -1.270000e+02
      vertex   -7.000000e+01 1.060000e+02 -1.270000e+02
    endloop
  endfacet
  facet normal 0.000000e+00 0.000000e+00 1.000000e+00
    outer loop
      vertex   -7.000000e+01 1.060000e+02 -1.270000e+02
      vertex   -6.521372e+01 1.260859e+02 -1.270000e+02
      vertex   -6.526824e+01 1.265000e+02 -1.270000e+02
    endloop
  endfacet
  facet normal 0.000000e+00 -0.000000e+00 1.000000e+00
    outer loop
      vertex   -6.253687e+01 1.276314e+02 -1.270000e+02
      vertex   -1.784375e+01 1.317800e+02 -1.270000e+02
      vertex   -6.286824e+01 1.278856e+02 -1.270000e+02
    endloop
  endfacet
  facet normal 0.000000e+00 0.000000e+00 1.000000e+00
    outer loop
      vertex   -6.286824e+01 1.278856e+02 -1.270000e+02
      vertex   -1.784375e+01 1.317800e+02 -1.270000e+02
      vertex   -1.786542e+01 1.322751e+02 -1.270000e+02
    endloop
  endfacet
  facet normal 0.000000e+00 0.000000e+00 1.000000e+00
    outer loop
      vertex   -6.286824e+01 1.278856e+02 -1.270000e+02
      vertex   -1.786542e+01 1.322751e+02 -1.270000e+02
      vertex   -1.776473e+01 1.327602e+02 -1.270000e+02
    endloop
  endfacet
  facet normal 0.000000e+00 0.000000e+00 1.000000e+00
    outer loop
      vertex   -1.784375e+01 1.317800e+02 -1.270000e+02
      vertex   -6.253687e+01 1.276314e+02 -1.270000e+02
      vertex   -1.770104e+01 1.313055e+02 -1.270000e+02
    endloop
  endfacet
  facet normal 0.000000e+00 0.000000e+00 1.000000e+00
    outer loop
      vertex   -1.770104e+01 1.313055e+02 -1.270000e+02
      vertex   -6.253687e+01 1.276314e+02 -1.270000e+02
      vertex   -6.228260e+01 1.273000e+02 -1.270000e+02
    endloop
  endfacet
  facet normal 0.000000e+00 0.000000e+00 1.000000e+00
    outer loop
      vertex   -1.770104e+01 1.313055e+02 -1.270000e+02
      vertex   -6.228260e+01 1.273000e+02 -1.270000e+02
      vertex   -1.744605e+01 1.308807e+02 -1.270000e+02
    endloop
  endfacet
  facet normal 0.000000e+00 0.000000e+00 1.000000e+00
    outer loop
      vertex   -1.744605e+01 1.308807e+02 -1.270000e+02
      vertex   -6.228260e+01 1.273000e+02 -1.270000e+02
      vertex   -6.212276e+01 1.269141e+02 -1.270000e+02
    endloop
  endfacet
  facet normal 0.000000e+00 0.000000e+00 1.000000e+00
    outer loop
      vertex   1.704333e+01 1.450003e+02 -1.270000e+02
      vertex   1.104333e+01 1.450003e+02 -1.270000e+02
      vertex   1.587189e+01 1.341144e+02 -1.270000e+02
    endloop
  endfacet
  facet normal -2.915584e-14 -1.293238e-14 1.000000e+00
    outer loop
      vertex   1.587189e+01 1.341144e+02 -1.270000e+02
      vertex   1.104333e+01 1.450003e+02 -1.270000e+02
      vertex   1.052569e+01 1.450684e+02 -1.270000e+02
    endloop
  endfacet
  facet normal 0.000000e+00 1.297313e-15 1.000000e+00
    outer loop
      vertex   1.587189e+01 1.341144e+02 -1.270000e+02
      vertex   1.052569e+01 1.450684e+02 -1.270000e+02
      vertex   -1.587189e+01 1.341144e+02 -1.270000e+02
    endloop
  endfacet
  facet normal 0.000000e+00 1.297313e-15 1.000000e+00
    outer loop
      vertex   -1.587189e+01 1.341144e+02 -1.270000e+02
      vertex   1.052569e+01 1.450684e+02 -1.270000e+02
      vertex   -1.052569e+01 1.450684e+02 -1.270000e+02
    endloop
  endfacet
  facet normal 2.915584e-14 -1.293238e-14 1.000000e+00
    outer loop
      vertex   -1.587189e+01 1.341144e+02 -1.270000e+02
      vertex   -1.052569e+01 1.450684e+02 -1.270000e+02
      vertex   -1.104333e+01 1.450003e+02 -1.270000e+02
    endloop
  endfacet
  facet normal 0.000000e+00 0.000000e+00 1.000000e+00
    outer loop
      vertex   -1.052569e+01 1.450684e+02 -1.270000e+02
      vertex   1.052569e+01 1.450684e+02 -1.270000e+02
      vertex   -1.004333e+01 1.452682e+02 -1.270000e+02
    endloop
  endfacet
  facet normal -0.000000e+00 0.000000e+00 1.000000e+00
    outer loop
      vertex   -1.004333e+01 1.452682e+02 -1.270000e+02
      vertex   1.052569e+01 1.450684e+02 -1.270000e+02
      vertex   1.004333e+01 1.452682e+02 -1.270000e+02
    endloop
  endfacet
  facet normal 0.000000e+00 0.000000e+00 1.000000e+00
    outer loop
      vertex   -1.004333e+01 1.452682e+02 -1.270000e+02
      vertex   1.004333e+01 1.452682e+02 -1.270000e+02
      vertex   -9.629115e+00 1.455861e+02 -1.270000e+02
    endloop
  endfacet
  facet normal -0.000000e+00 0.000000e+00 1.000000e+00
    outer loop
      vertex   -9.629115e+00 1.455861e+02 -1.270000e+02
      vertex   1.004333e+01 1.452682e+02 -1.270000e+02
      vertex   9.629115e+00 1.455861e+02 -1.270000e+02
    endloop
  endfacet
  facet normal 0.000000e+00 0.000000e+00 1.000000e+00
    outer loop
      vertex   -9.629115e+00 1.455861e+02 -1.270000e+02
      vertex   9.629115e+00 1.455861e+02 -1.270000e+02
      vertex   -9.311278e+00 1.460003e+02 -1.270000e+02
    endloop
  endfacet
  facet normal -0.000000e+00 0.000000e+00 1.000000e+00
    outer loop
      vertex   -9.311278e+00 1.460003e+02 -1.270000e+02
      vertex   9.629115e+00 1.455861e+02 -1.270000e+02
      vertex   9.311278e+00 1.460003e+02 -1.270000e+02
    endloop
  endfacet
  facet normal 0.000000e+00 0.000000e+00 1.000000e+00
    outer loop
      vertex   -9.311278e+00 1.460003e+02 -1.270000e+02
      vertex   9.311278e+00 1.460003e+02 -1.270000e+02
      vertex   9.111477e+00 1.464826e+02 -1.270000e+02
    endloop
  endfacet
  facet normal 0.000000e+00 0.000000e+00 1.000000e+00
    outer loop
      vertex   -9.311278e+00 1.460003e+02 -1.270000e+02
      vertex   9.111477e+00 1.464826e+02 -1.270000e+02
      vertex   -9.111477e+00 1.464826e+02 -1.270000e+02
    endloop
  endfacet
  facet normal 0.000000e+00 -2.745326e-14 1.000000e+00
    outer loop
      vertex   -9.111477e+00 1.464826e+02 -1.270000e+02
      vertex   9.111477e+00 1.464826e+02 -1.270000e+02
      vertex   9.043329e+00 1.470003e+02 -1.270000e+02
    endloop
  endfacet
  facet normal 0.000000e+00 -2.745326e-14 1.000000e+00
    outer loop
      vertex   -9.111477e+00 1.464826e+02 -1.270000e+02
      vertex   9.043329e+00 1.470003e+02 -1.270000e+02
      vertex   -9.043329e+00 1.470003e+02 -1.270000e+02
    endloop
  endfacet
  facet normal 0.000000e+00 0.000000e+00 1.000000e+00
    outer loop
      vertex   -9.043329e+00 1.470003e+02 -1.270000e+02
      vertex   9.043329e+00 1.470003e+02 -1.270000e+02
      vertex   9.043329e+00 1.530003e+02 -1.270000e+02
    endloop
  endfacet
  facet normal 0.000000e+00 0.000000e+00 1.000000e+00
    outer loop
      vertex   -9.043329e+00 1.470003e+02 -1.270000e+02
      vertex   9.043329e+00 1.530003e+02 -1.270000e+02
      vertex   -9.043329e+00 1.530003e+02 -1.270000e+02
    endloop
  endfacet
  facet normal -0.000000e+00 2.745326e-14 1.000000e+00
    outer loop
      vertex   -9.043329e+00 1.530003e+02 -1.270000e+02
      vertex   9.043329e+00 1.530003e+02 -1.270000e+02
      vertex   -9.111477e+00 1.535179e+02 -1.270000e+02
    endloop
  endfacet
  facet normal -0.000000e+00 2.745326e-14 1.000000e+00
    outer loop
      vertex   -9.111477e+00 1.535179e+02 -1.270000e+02
      vertex   9.043329e+00 1.530003e+02 -1.270000e+02
      vertex   9.111477e+00 1.535179e+02 -1.270000e+02
    endloop
  endfacet
  facet normal 0.000000e+00 -0.000000e+00 1.000000e+00
    outer loop
      vertex   -9.111477e+00 1.535179e+02 -1.270000e+02
      vertex   9.111477e+00 1.535179e+02 -1.270000e+02
      vertex   -9.311278e+00 1.540003e+02 -1.270000e+02
    endloop
  endfacet
  facet normal -0.000000e+00 0.000000e+00 1.000000e+00
    outer loop
      vertex   -9.311278e+00 1.540003e+02 -1.270000e+02
      vertex   9.111477e+00 1.535179e+02 -1.270000e+02
      vertex   9.311278e+00 1.540003e+02 -1.270000e+02
    endloop
  endfacet
  facet normal 0.000000e+00 -0.000000e+00 1.000000e+00
    outer loop
      vertex   -9.311278e+00 1.540003e+02 -1.270000e+02
      vertex   9.311278e+00 1.540003e+02 -1.270000e+02
      vertex   -9.629115e+00 1.544145e+02 -1.270000e+02
    endloop
  endfacet
  facet normal -0.000000e+00 0.000000e+00 1.000000e+00
    outer loop
      vertex   -9.629115e+00 1.544145e+02 -1.270000e+02
      vertex   9.311278e+00 1.540003e+02 -1.270000e+02
      vertex   9.629115e+00 1.544145e+02 -1.270000e+02
    endloop
  endfacet
  facet normal 0.000000e+00 -0.000000e+00 1.000000e+00
    outer loop
      vertex   -9.629115e+00 1.544145e+02 -1.270000e+02
      vertex   9.629115e+00 1.544145e+02 -1.270000e+02
      vertex   -1.004333e+01 1.547323e+02 -1.270000e+02
    endloop
  endfacet
  facet normal -0.000000e+00 0.000000e+00 1.000000e+00
    outer loop
      vertex   -1.004333e+01 1.547323e+02 -1.270000e+02
      vertex   9.629115e+00 1.544145e+02 -1.270000e+02
      vertex   1.004333e+01 1.547323e+02 -1.270000e+02
    endloop
  endfacet
  facet normal 0.000000e+00 -0.000000e+00 1.000000e+00
    outer loop
      vertex   -1.004333e+01 1.547323e+02 -1.270000e+02
      vertex   1.004333e+01 1.547323e+02 -1.270000e+02
      vertex   -1.052569e+01 1.549321e+02 -1.270000e+02
    endloop
  endfacet
  facet normal -0.000000e+00 0.000000e+00 1.000000e+00
    outer loop
      vertex   -1.052569e+01 1.549321e+02 -1.270000e+02
      vertex   1.004333e+01 1.547323e+02 -1.270000e+02
      vertex   1.052569e+01 1.549321e+02 -1.270000e+02
    endloop
  endfacet
  facet normal 0.000000e+00 -2.085282e-13 1.000000e+00
    outer loop
      vertex   -1.052569e+01 1.549321e+02 -1.270000e+02
      vertex   1.052569e+01 1.549321e+02 -1.270000e+02
      vertex   -1.104333e+01 1.550003e+02 -1.270000e+02
    endloop
  endfacet
  facet normal 0.000000e+00 -2.085282e-13 1.000000e+00
    outer loop
      vertex   -1.104333e+01 1.550003e+02 -1.270000e+02
      vertex   1.052569e+01 1.549321e+02 -1.270000e+02
      vertex   1.104333e+01 1.550003e+02 -1.270000e+02
    endloop
  endfacet
  facet normal 0.000000e+00 0.000000e+00 1.000000e+00
    outer loop
      vertex   3.539120e+01 1.341061e+02 -1.270000e+02
      vertex   1.722810e+01 1.335843e+02 -1.270000e+02
      vertex   3.507392e+01 1.337841e+02 -1.270000e+02
    endloop
  endfacet
  facet normal 0.000000e+00 0.000000e+00 1.000000e+00
    outer loop
      vertex   3.507392e+01 1.337841e+02 -1.270000e+02
      vertex   1.722810e+01 1.335843e+02 -1.270000e+02
      vertex   1.754785e+01 1.332058e+02 -1.270000e+02
    endloop
  endfacet
  facet normal 0.000000e+00 0.000000e+00 1.000000e+00
    outer loop
      vertex   3.507392e+01 1.337841e+02 -1.270000e+02
      vertex   1.754785e+01 1.332058e+02 -1.270000e+02
      vertex   1.776473e+01 1.327602e+02 -1.270000e+02
    endloop
  endfacet
  facet normal 0.000000e+00 -0.000000e+00 1.000000e+00
    outer loop
      vertex   1.722810e+01 1.335843e+02 -1.270000e+02
      vertex   3.539120e+01 1.341061e+02 -1.270000e+02
      vertex   1.682510e+01 1.338726e+02 -1.270000e+02
    endloop
  endfacet
  facet normal 0.000000e+00 0.000000e+00 1.000000e+00
    outer loop
      vertex   1.682510e+01 1.338726e+02 -1.270000e+02
      vertex   3.539120e+01 1.341061e+02 -1.270000e+02
      vertex   3.577269e+01 1.343486e+02 -1.270000e+02
    endloop
  endfacet
  facet normal 0.000000e+00 0.000000e+00 1.000000e+00
    outer loop
      vertex   4.540653e+01 1.335503e+02 -1.270000e+02
      vertex   4.560633e+01 1.330680e+02 -1.270000e+02
      vertex   6.366824e+01 1.281000e+02 -1.270000e+02
    endloop
  endfacet
  facet normal 0.000000e+00 0.000000e+00 1.000000e+00
    outer loop
      vertex   6.366824e+01 1.281000e+02 -1.270000e+02
      vertex   4.560633e+01 1.330680e+02 -1.270000e+02
      vertex   4.567448e+01 1.325503e+02 -1.270000e+02
    endloop
  endfacet
  facet normal 0.000000e+00 0.000000e+00 1.000000e+00
    outer loop
      vertex   4.419212e+01 1.146185e+02 -1.270000e+02
      vertex   4.367448e+01 1.145503e+02 -1.270000e+02
      vertex   4.430519e+01 1.076382e+02 -1.270000e+02
    endloop
  endfacet
  facet normal -0.000000e+00 0.000000e+00 1.000000e+00
    outer loop
      vertex   4.026406e+00 1.150000e+02 -1.270000e+02
      vertex   2.361680e+01 1.146117e+02 -1.270000e+02
      vertex   4.475572e+00 1.150511e+02 -1.270000e+02
    endloop
  endfacet
  facet normal 0.000000e+00 0.000000e+00 1.000000e+00
    outer loop
      vertex   4.475572e+00 1.150511e+02 -1.270000e+02
      vertex   2.361680e+01 1.146117e+02 -1.270000e+02
      vertex   2.315529e+01 1.147921e+02 -1.270000e+02
    endloop
  endfacet
  facet normal -0.000000e+00 0.000000e+00 1.000000e+00
    outer loop
      vertex   4.475572e+00 1.150511e+02 -1.270000e+02
      vertex   2.315529e+01 1.147921e+02 -1.270000e+02
      vertex   4.901789e+00 1.152017e+02 -1.270000e+02
    endloop
  endfacet
  facet normal 0.000000e+00 0.000000e+00 1.000000e+00
    outer loop
      vertex   4.901789e+00 1.152017e+02 -1.270000e+02
      vertex   2.315529e+01 1.147921e+02 -1.270000e+02
      vertex   2.275228e+01 1.150804e+02 -1.270000e+02
    endloop
  endfacet
  facet normal -0.000000e+00 0.000000e+00 1.000000e+00
    outer loop
      vertex   4.901789e+00 1.152017e+02 -1.270000e+02
      vertex   2.275228e+01 1.150804e+02 -1.270000e+02
      vertex   5.283283e+00 1.154443e+02 -1.270000e+02
    endloop
  endfacet
  facet normal -0.000000e+00 0.000000e+00 1.000000e+00
    outer loop
      vertex   5.283283e+00 1.154443e+02 -1.270000e+02
      vertex   2.275228e+01 1.150804e+02 -1.270000e+02
      vertex   2.243253e+01 1.154589e+02 -1.270000e+02
    endloop
  endfacet
  facet normal 0.000000e+00 0.000000e+00 1.000000e+00
    outer loop
      vertex   5.283283e+00 1.154443e+02 -1.270000e+02
      vertex   2.243253e+01 1.154589e+02 -1.270000e+02
      vertex   5.600564e+00 1.157663e+02 -1.270000e+02
    endloop
  endfacet
  facet normal -0.000000e+00 0.000000e+00 1.000000e+00
    outer loop
      vertex   5.600564e+00 1.157663e+02 -1.270000e+02
      vertex   2.243253e+01 1.154589e+02 -1.270000e+02
      vertex   2.221565e+01 1.159045e+02 -1.270000e+02
    endloop
  endfacet
  facet normal 0.000000e+00 0.000000e+00 1.000000e+00
    outer loop
      vertex   5.600564e+00 1.157663e+02 -1.270000e+02
      vertex   2.221565e+01 1.159045e+02 -1.270000e+02
      vertex   2.211496e+01 1.163896e+02 -1.270000e+02
    endloop
  endfacet
  facet normal 0.000000e+00 -0.000000e+00 1.000000e+00
    outer loop
      vertex   2.211496e+01 1.163896e+02 -1.270000e+02
      vertex   2.213663e+01 1.168847e+02 -1.270000e+02
      vertex   5.600564e+00 1.157663e+02 -1.270000e+02
    endloop
  endfacet
  facet normal 0.000000e+00 0.000000e+00 1.000000e+00
    outer loop
      vertex   5.600564e+00 1.157663e+02 -1.270000e+02
      vertex   2.213663e+01 1.168847e+02 -1.270000e+02
      vertex   2.227934e+01 1.173592e+02 -1.270000e+02
    endloop
  endfacet
  facet normal 0.000000e+00 0.000000e+00 1.000000e+00
    outer loop
      vertex   5.600564e+00 1.157663e+02 -1.270000e+02
      vertex   2.227934e+01 1.173592e+02 -1.270000e+02
      vertex   2.253433e+01 1.177841e+02 -1.270000e+02
    endloop
  endfacet
  facet normal 0.000000e+00 0.000000e+00 1.000000e+00
    outer loop
      vertex   5.600564e+00 1.157663e+02 -1.270000e+02
      vertex   2.253433e+01 1.177841e+02 -1.270000e+02
      vertex   1.744605e+01 1.308807e+02 -1.270000e+02
    endloop
  endfacet
  facet normal -0.000000e+00 0.000000e+00 1.000000e+00
    outer loop
      vertex   1.744605e+01 1.308807e+02 -1.270000e+02
      vertex   2.253433e+01 1.177841e+02 -1.270000e+02
      vertex   3.507392e+01 1.337841e+02 -1.270000e+02
    endloop
  endfacet
  facet normal 0.000000e+00 0.000000e+00 1.000000e+00
    outer loop
      vertex   1.744605e+01 1.308807e+02 -1.270000e+02
      vertex   3.507392e+01 1.337841e+02 -1.270000e+02
      vertex   1.770104e+01 1.313055e+02 -1.270000e+02
    endloop
  endfacet
  facet normal 0.000000e+00 0.000000e+00 1.000000e+00
    outer loop
      vertex   1.770104e+01 1.313055e+02 -1.270000e+02
      vertex   3.507392e+01 1.337841e+02 -1.270000e+02
      vertex   1.784375e+01 1.317800e+02 -1.270000e+02
    endloop
  endfacet
  facet normal 0.000000e+00 0.000000e+00 1.000000e+00
    outer loop
      vertex   1.784375e+01 1.317800e+02 -1.270000e+02
      vertex   3.507392e+01 1.337841e+02 -1.270000e+02
      vertex   1.786542e+01 1.322751e+02 -1.270000e+02
    endloop
  endfacet
  facet normal 0.000000e+00 -0.000000e+00 1.000000e+00
    outer loop
      vertex   1.786542e+01 1.322751e+02 -1.270000e+02
      vertex   3.507392e+01 1.337841e+02 -1.270000e+02
      vertex   1.776473e+01 1.327602e+02 -1.270000e+02
    endloop
  endfacet
  facet normal 0.000000e+00 0.000000e+00 1.000000e+00
    outer loop
      vertex   -1.104333e+01 1.450003e+02 -1.270000e+02
      vertex   -1.704333e+01 1.450003e+02 -1.270000e+02
      vertex   -1.587189e+01 1.341144e+02 -1.270000e+02
    endloop
  endfacet
  facet normal 0.000000e+00 1.000000e+00 0.000000e+00
    outer loop
      vertex   -2.808666e+01 1.560000e+02 -1.290000e+02
      vertex   -2.808666e+01 1.560000e+02 -1.270000e+02
      vertex   2.808666e+01 1.560000e+02 -1.290000e+02
    endloop
  endfacet
  facet normal 0.000000e+00 1.000000e+00 0.000000e+00
    outer loop
      vertex   2.808666e+01 1.560000e+02 -1.290000e+02
      vertex   -2.808666e+01 1.560000e+02 -1.270000e+02
      vertex   2.808666e+01 1.560000e+02 -1.270000e+02
    endloop
  endfacet
  facet normal 0.000000e+00 1.000000e+00 0.000000e+00
    outer loop
      vertex   7.000000e+01 1.560000e+02 -1.270000e+02
      vertex   7.000000e+01 1.560000e+02 -1.290000e+02
      vertex   5.249959e+01 1.560000e+02 -1.270000e+02
    endloop
  endfacet
  facet normal 0.000000e+00 1.000000e+00 0.000000e+00
    outer loop
      vertex   5.249959e+01 1.560000e+02 -1.270000e+02
      vertex   7.000000e+01 1.560000e+02 -1.290000e+02
      vertex   5.249959e+01 1.560000e+02 -1.290000e+02
    endloop
  endfacet
  facet normal 0.000000e+00 1.000000e+00 0.000000e+00
    outer loop
      vertex   3.183666e+01 1.560000e+02 -1.290000e+02
      vertex   3.183666e+01 1.560000e+02 -1.270000e+02
      vertex   4.749959e+01 1.560000e+02 -1.290000e+02
    endloop
  endfacet
  facet normal 0.000000e+00 1.000000e+00 -0.000000e+00
    outer loop
      vertex   4.749959e+01 1.560000e+02 -1.290000e+02
      vertex   3.183666e+01 1.560000e+02 -1.270000e+02
      vertex   4.749959e+01 1.560000e+02 -1.270000e+02
    endloop
  endfacet
  facet normal 0.000000e+00 1.000000e+00 0.000000e+00
    outer loop
      vertex   -3.429230e+01 1.060000e+02 -1.270000e+02
      vertex   -3.429230e+01 1.060000e+02 -1.250000e+02
      vertex   4.250928e+01 1.060000e+02 -1.270000e+02
    endloop
  endfacet
  facet normal 0.000000e+00 1.000000e+00 -0.000000e+00
    outer loop
      vertex   4.250928e+01 1.060000e+02 -1.270000e+02
      vertex   -3.429230e+01 1.060000e+02 -1.250000e+02
      vertex   4.250928e+01 1.060000e+02 -1.250000e+02
    endloop
  endfacet
  facet normal 0.000000e+00 1.000000e+00 0.000000e+00
    outer loop
      vertex   4.570770e+01 1.060000e+02 -1.270000e+02
      vertex   4.570770e+01 1.060000e+02 -1.250000e+02
      vertex   7.000000e+01 1.060000e+02 -1.270000e+02
    endloop
  endfacet
  facet normal 0.000000e+00 1.000000e+00 -0.000000e+00
    outer loop
      vertex   7.000000e+01 1.060000e+02 -1.270000e+02
      vertex   4.570770e+01 1.060000e+02 -1.250000e+02
      vertex   7.000000e+01 1.060000e+02 -1.250000e+02
    endloop
  endfacet
  facet normal 1.000000e+00 0.000000e+00 0.000000e+00
    outer loop
      vertex   9.043329e+00 1.530003e+02 -1.270000e+02
      vertex   9.043329e+00 1.470003e+02 -1.270000e+02
      vertex   9.043329e+00 1.530003e+02 -1.290000e+02
    endloop
  endfacet
  facet normal 1.000000e+00 0.000000e+00 0.000000e+00
    outer loop
      vertex   9.043329e+00 1.530003e+02 -1.290000e+02
      vertex   9.043329e+00 1.470003e+02 -1.270000e+02
      vertex   9.043329e+00 1.470003e+02 -1.290000e+02
    endloop
  endfacet
  facet normal 9.914449e-01 1.305262e-01 -0.000000e+00
    outer loop
      vertex   9.043329e+00 1.470003e+02 -1.290000e+02
      vertex   9.043329e+00 1.470003e+02 -1.270000e+02
      vertex   9.111477e+00 1.464826e+02 -1.290000e+02
    endloop
  endfacet
  facet normal 9.914449e-01 1.305262e-01 -0.000000e+00
    outer loop
      vertex   9.111477e+00 1.464826e+02 -1.290000e+02
      vertex   9.043329e+00 1.470003e+02 -1.270000e+02
      vertex   9.111477e+00 1.464826e+02 -1.270000e+02
    endloop
  endfacet
  facet normal 9.238795e-01 3.826834e-01 -0.000000e+00
    outer loop
      vertex   9.111477e+00 1.464826e+02 -1.290000e+02
      vertex   9.111477e+00 1.464826e+02 -1.270000e+02
      vertex   9.311278e+00 1.460003e+02 -1.290000e+02
    endloop
  endfacet
  facet normal 9.238795e-01 3.826834e-01 -0.000000e+00
    outer loop
      vertex   9.311278e+00 1.460003e+02 -1.290000e+02
      vertex   9.111477e+00 1.464826e+02 -1.270000e+02
      vertex   9.311278e+00 1.460003e+02 -1.270000e+02
    endloop
  endfacet
  facet normal 7.933533e-01 6.087614e-01 -0.000000e+00
    outer loop
      vertex   9.311278e+00 1.460003e+02 -1.290000e+02
      vertex   9.311278e+00 1.460003e+02 -1.270000e+02
      vertex   9.629115e+00 1.455861e+02 -1.290000e+02
    endloop
  endfacet
  facet normal 7.933533e-01 6.087614e-01 -0.000000e+00
    outer loop
      vertex   9.629115e+00 1.455861e+02 -1.290000e+02
      vertex   9.311278e+00 1.460003e+02 -1.270000e+02
      vertex   9.629115e+00 1.455861e+02 -1.270000e+02
    endloop
  endfacet
  facet normal 6.087614e-01 7.933533e-01 -0.000000e+00
    outer loop
      vertex   9.629115e+00 1.455861e+02 -1.290000e+02
      vertex   9.629115e+00 1.455861e+02 -1.270000e+02
      vertex   1.004333e+01 1.452682e+02 -1.290000e+02
    endloop
  endfacet
  facet normal 6.087614e-01 7.933533e-01 -0.000000e+00
    outer loop
      vertex   1.004333e+01 1.452682e+02 -1.290000e+02
      vertex   9.629115e+00 1.455861e+02 -1.270000e+02
      vertex   1.004333e+01 1.452682e+02 -1.270000e+02
    endloop
  endfacet
  facet normal 3.826834e-01 9.238795e-01 -0.000000e+00
    outer loop
      vertex   1.004333e+01 1.452682e+02 -1.290000e+02
      vertex   1.004333e+01 1.452682e+02 -1.270000e+02
      vertex   1.052569e+01 1.450684e+02 -1.290000e+02
    endloop
  endfacet
  facet normal 3.826834e-01 9.238795e-01 -0.000000e+00
    outer loop
      vertex   1.052569e+01 1.450684e+02 -1.290000e+02
      vertex   1.004333e+01 1.452682e+02 -1.270000e+02
      vertex   1.052569e+01 1.450684e+02 -1.270000e+02
    endloop
  endfacet
  facet normal 1.305262e-01 9.914449e-01 -0.000000e+00
    outer loop
      vertex   1.052569e+01 1.450684e+02 -1.290000e+02
      vertex   1.052569e+01 1.450684e+02 -1.270000e+02
      vertex   1.104333e+01 1.450003e+02 -1.290000e+02
    endloop
  endfacet
  facet normal 1.305262e-01 9.914449e-01 -0.000000e+00
    outer loop
      vertex   1.104333e+01 1.450003e+02 -1.290000e+02
      vertex   1.052569e+01 1.450684e+02 -1.270000e+02
      vertex   1.104333e+01 1.450003e+02 -1.270000e+02
    endloop
  endfacet
  facet normal -0.000000e+00 1.000000e+00 0.000000e+00
    outer loop
      vertex   1.104333e+01 1.450003e+02 -1.270000e+02
      vertex   1.704333e+01 1.450003e+02 -1.270000e+02
      vertex   1.104333e+01 1.450003e+02 -1.290000e+02
    endloop
  endfacet
  facet normal 0.000000e+00 1.000000e+00 0.000000e+00
    outer loop
      vertex   1.104333e+01 1.450003e+02 -1.290000e+02
      vertex   1.704333e+01 1.450003e+02 -1.270000e+02
      vertex   1.704333e+01 1.450003e+02 -1.290000e+02
    endloop
  endfacet
  facet normal -1.305262e-01 9.914449e-01 0.000000e+00
    outer loop
      vertex   1.704333e+01 1.450003e+02 -1.290000e+02
      vertex   1.704333e+01 1.450003e+02 -1.270000e+02
      vertex   1.756097e+01 1.450684e+02 -1.290000e+02
    endloop
  endfacet
  facet normal -1.305262e-01 9.914449e-01 0.000000e+00
    outer loop
      vertex   1.756097e+01 1.450684e+02 -1.290000e+02
      vertex   1.704333e+01 1.450003e+02 -1.270000e+02
      vertex   1.756097e+01 1.450684e+02 -1.270000e+02
    endloop
  endfacet
  facet normal -3.826834e-01 9.238795e-01 0.000000e+00
    outer loop
      vertex   1.756097e+01 1.450684e+02 -1.290000e+02
      vertex   1.756097e+01 1.450684e+02 -1.270000e+02
      vertex   1.804333e+01 1.452682e+02 -1.290000e+02
    endloop
  endfacet
  facet normal -3.826834e-01 9.238795e-01 0.000000e+00
    outer loop
      vertex   1.804333e+01 1.452682e+02 -1.290000e+02
      vertex   1.756097e+01 1.450684e+02 -1.270000e+02
      vertex   1.804333e+01 1.452682e+02 -1.270000e+02
    endloop
  endfacet
  facet normal -6.087614e-01 7.933533e-01 0.000000e+00
    outer loop
      vertex   1.804333e+01 1.452682e+02 -1.290000e+02
      vertex   1.804333e+01 1.452682e+02 -1.270000e+02
      vertex   1.845754e+01 1.455861e+02 -1.290000e+02
    endloop
  endfacet
  facet normal -6.087614e-01 7.933533e-01 0.000000e+00
    outer loop
      vertex   1.845754e+01 1.455861e+02 -1.290000e+02
      vertex   1.804333e+01 1.452682e+02 -1.270000e+02
      vertex   1.845754e+01 1.455861e+02 -1.270000e+02
    endloop
  endfacet
  facet normal -7.933533e-01 6.087614e-01 0.000000e+00
    outer loop
      vertex   1.845754e+01 1.455861e+02 -1.290000e+02
      vertex   1.845754e+01 1.455861e+02 -1.270000e+02
      vertex   1.877538e+01 1.460003e+02 -1.290000e+02
    endloop
  endfacet
  facet normal -7.933533e-01 6.087614e-01 0.000000e+00
    outer loop
      vertex   1.877538e+01 1.460003e+02 -1.290000e+02
      vertex   1.845754e+01 1.455861e+02 -1.270000e+02
      vertex   1.877538e+01 1.460003e+02 -1.270000e+02
    endloop
  endfacet
  facet normal -9.238795e-01 3.826834e-01 0.000000e+00
    outer loop
      vertex   1.877538e+01 1.460003e+02 -1.290000e+02
      vertex   1.877538e+01 1.460003e+02 -1.270000e+02
      vertex   1.897518e+01 1.464826e+02 -1.290000e+02
    endloop
  endfacet
  facet normal -9.238795e-01 3.826834e-01 0.000000e+00
    outer loop
      vertex   1.897518e+01 1.464826e+02 -1.290000e+02
      vertex   1.877538e+01 1.460003e+02 -1.270000e+02
      vertex   1.897518e+01 1.464826e+02 -1.270000e+02
    endloop
  endfacet
  facet normal -9.914449e-01 1.305262e-01 0.000000e+00
    outer loop
      vertex   1.897518e+01 1.464826e+02 -1.290000e+02
      vertex   1.897518e+01 1.464826e+02 -1.270000e+02
      vertex   1.904333e+01 1.470003e+02 -1.290000e+02
    endloop
  endfacet
  facet normal -9.914449e-01 1.305262e-01 0.000000e+00
    outer loop
      vertex   1.904333e+01 1.470003e+02 -1.290000e+02
      vertex   1.897518e+01 1.464826e+02 -1.270000e+02
      vertex   1.904333e+01 1.470003e+02 -1.270000e+02
    endloop
  endfacet
  facet normal -1.305262e-01 9.914449e-01 0.000000e+00
    outer loop
      vertex   4.367448e+01 1.145503e+02 -1.290000e+02
      vertex   4.367448e+01 1.145503e+02 -1.270000e+02
      vertex   4.419212e+01 1.146185e+02 -1.290000e+02
    endloop
  endfacet
  facet normal -1.305262e-01 9.914449e-01 0.000000e+00
    outer loop
      vertex   4.419212e+01 1.146185e+02 -1.290000e+02
      vertex   4.367448e+01 1.145503e+02 -1.270000e+02
      vertex   4.419212e+01 1.146185e+02 -1.270000e+02
    endloop
  endfacet
  facet normal -3.826834e-01 9.238795e-01 0.000000e+00
    outer loop
      vertex   4.419212e+01 1.146185e+02 -1.290000e+02
      vertex   4.419212e+01 1.146185e+02 -1.270000e+02
      vertex   4.467448e+01 1.148183e+02 -1.290000e+02
    endloop
  endfacet
  facet normal -3.826834e-01 9.238795e-01 1.359566e-15
    outer loop
      vertex   4.467448e+01 1.148183e+02 -1.290000e+02
      vertex   4.419212e+01 1.146185e+02 -1.270000e+02
      vertex   4.467448e+01 1.148183e+02 -1.270000e+02
    endloop
  endfacet
  facet normal -6.087614e-01 7.933533e-01 2.162757e-15
    outer loop
      vertex   4.467448e+01 1.148183e+02 -1.290000e+02
      vertex   4.467448e+01 1.148183e+02 -1.270000e+02
      vertex   4.508869e+01 1.151361e+02 -1.290000e+02
    endloop
  endfacet
  facet normal -6.087614e-01 7.933533e-01 -3.474363e-15
    outer loop
      vertex   4.508869e+01 1.151361e+02 -1.290000e+02
      vertex   4.467448e+01 1.148183e+02 -1.270000e+02
      vertex   4.508869e+01 1.151361e+02 -1.270000e+02
    endloop
  endfacet
  facet normal -7.933533e-01 6.087614e-01 -1.506954e-15
    outer loop
      vertex   4.508869e+01 1.151361e+02 -1.290000e+02
      vertex   4.508869e+01 1.151361e+02 -1.270000e+02
      vertex   4.540653e+01 1.155503e+02 -1.290000e+02
    endloop
  endfacet
  facet normal -7.933533e-01 6.087614e-01 0.000000e+00
    outer loop
      vertex   4.540653e+01 1.155503e+02 -1.290000e+02
      vertex   4.508869e+01 1.151361e+02 -1.270000e+02
      vertex   4.540653e+01 1.155503e+02 -1.270000e+02
    endloop
  endfacet
  facet normal -9.238795e-01 3.826834e-01 0.000000e+00
    outer loop
      vertex   4.540653e+01 1.155503e+02 -1.290000e+02
      vertex   4.540653e+01 1.155503e+02 -1.270000e+02
      vertex   4.560633e+01 1.160327e+02 -1.290000e+02
    endloop
  endfacet
  facet normal -9.238795e-01 3.826834e-01 5.631507e-16
    outer loop
      vertex   4.560633e+01 1.160327e+02 -1.290000e+02
      vertex   4.540653e+01 1.155503e+02 -1.270000e+02
      vertex   4.560633e+01 1.160327e+02 -1.270000e+02
    endloop
  endfacet
  facet normal -9.914449e-01 1.305262e-01 2.594878e-15
    outer loop
      vertex   4.560633e+01 1.160327e+02 -1.290000e+02
      vertex   4.560633e+01 1.160327e+02 -1.270000e+02
      vertex   4.567448e+01 1.165503e+02 -1.290000e+02
    endloop
  endfacet
  facet normal -9.914449e-01 1.305262e-01 -4.671764e-14
    outer loop
      vertex   4.567448e+01 1.165503e+02 -1.290000e+02
      vertex   4.560633e+01 1.160327e+02 -1.270000e+02
      vertex   4.567448e+01 1.165503e+02 -1.270000e+02
    endloop
  endfacet
  facet normal -1.000000e+00 0.000000e+00 -4.618532e-14
    outer loop
      vertex   4.567448e+01 1.165503e+02 -1.270000e+02
      vertex   4.567448e+01 1.325503e+02 -1.270000e+02
      vertex   4.567448e+01 1.165503e+02 -1.290000e+02
    endloop
  endfacet
  facet normal -1.000000e+00 -5.773160e-15 0.000000e+00
    outer loop
      vertex   4.567448e+01 1.165503e+02 -1.290000e+02
      vertex   4.567448e+01 1.325503e+02 -1.270000e+02
      vertex   4.567448e+01 1.325503e+02 -1.290000e+02
    endloop
  endfacet
  facet normal -9.914449e-01 -1.305262e-01 0.000000e+00
    outer loop
      vertex   4.567448e+01 1.325503e+02 -1.290000e+02
      vertex   4.567448e+01 1.325503e+02 -1.270000e+02
      vertex   4.560633e+01 1.330680e+02 -1.290000e+02
    endloop
  endfacet
  facet normal -9.914449e-01 -1.305262e-01 0.000000e+00
    outer loop
      vertex   4.560633e+01 1.330680e+02 -1.290000e+02
      vertex   4.567448e+01 1.325503e+02 -1.270000e+02
      vertex   4.560633e+01 1.330680e+02 -1.270000e+02
    endloop
  endfacet
  facet normal -9.238795e-01 -3.826834e-01 0.000000e+00
    outer loop
      vertex   4.560633e+01 1.330680e+02 -1.290000e+02
      vertex   4.560633e+01 1.330680e+02 -1.270000e+02
      vertex   4.540653e+01 1.335503e+02 -1.290000e+02
    endloop
  endfacet
  facet normal -9.238795e-01 -3.826834e-01 8.720546e-15
    outer loop
      vertex   4.540653e+01 1.335503e+02 -1.290000e+02
      vertex   4.560633e+01 1.330680e+02 -1.270000e+02
      vertex   4.540653e+01 1.335503e+02 -1.270000e+02
    endloop
  endfacet
  facet normal -7.933533e-01 -6.087614e-01 1.146959e-14
    outer loop
      vertex   4.540653e+01 1.335503e+02 -1.290000e+02
      vertex   4.540653e+01 1.335503e+02 -1.270000e+02
      vertex   4.508869e+01 1.339646e+02 -1.290000e+02
    endloop
  endfacet
  facet normal -7.933533e-01 -6.087614e-01 8.651028e-15
    outer loop
      vertex   4.508869e+01 1.339646e+02 -1.290000e+02
      vertex   4.540653e+01 1.335503e+02 -1.270000e+02
      vertex   4.508869e+01 1.339646e+02 -1.270000e+02
    endloop
  endfacet
  facet normal -6.087614e-01 -7.933533e-01 1.127424e-14
    outer loop
      vertex   4.508869e+01 1.339646e+02 -1.290000e+02
      vertex   4.508869e+01 1.339646e+02 -1.270000e+02
      vertex   4.467448e+01 1.342824e+02 -1.290000e+02
    endloop
  endfacet
  facet normal -6.087614e-01 -7.933533e-01 0.000000e+00
    outer loop
      vertex   4.467448e+01 1.342824e+02 -1.290000e+02
      vertex   4.508869e+01 1.339646e+02 -1.270000e+02
      vertex   4.467448e+01 1.342824e+02 -1.270000e+02
    endloop
  endfacet
  facet normal -3.826834e-01 -9.238795e-01 0.000000e+00
    outer loop
      vertex   4.467448e+01 1.342824e+02 -1.290000e+02
      vertex   4.467448e+01 1.342824e+02 -1.270000e+02
      vertex   4.419212e+01 1.344822e+02 -1.290000e+02
    endloop
  endfacet
  facet normal -3.826834e-01 -9.238795e-01 1.312913e-14
    outer loop
      vertex   4.419212e+01 1.344822e+02 -1.290000e+02
      vertex   4.467448e+01 1.342824e+02 -1.270000e+02
      vertex   4.419212e+01 1.344822e+02 -1.270000e+02
    endloop
  endfacet
  facet normal -1.305262e-01 -9.914449e-01 1.408929e-14
    outer loop
      vertex   4.419212e+01 1.344822e+02 -1.290000e+02
      vertex   4.419212e+01 1.344822e+02 -1.270000e+02
      vertex   4.367448e+01 1.345503e+02 -1.290000e+02
    endloop
  endfacet
  facet normal -1.305262e-01 -9.914449e-01 0.000000e+00
    outer loop
      vertex   4.367448e+01 1.345503e+02 -1.290000e+02
      vertex   4.419212e+01 1.344822e+02 -1.270000e+02
      vertex   4.367448e+01 1.345503e+02 -1.270000e+02
    endloop
  endfacet
  facet normal -0.000000e+00 -1.000000e+00 -0.000000e+00
    outer loop
      vertex   4.367448e+01 1.345503e+02 -1.270000e+02
      vertex   3.664807e+01 1.345503e+02 -1.270000e+02
      vertex   4.367448e+01 1.345503e+02 -1.290000e+02
    endloop
  endfacet
  facet normal 0.000000e+00 -1.000000e+00 0.000000e+00
    outer loop
      vertex   4.367448e+01 1.345503e+02 -1.290000e+02
      vertex   3.664807e+01 1.345503e+02 -1.270000e+02
      vertex   3.664807e+01 1.345503e+02 -1.290000e+02
    endloop
  endfacet
  facet normal 1.305262e-01 -9.914449e-01 0.000000e+00
    outer loop
      vertex   -1.704333e+01 1.550003e+02 -1.290000e+02
      vertex   -1.704333e+01 1.550003e+02 -1.270000e+02
      vertex   -1.756097e+01 1.549321e+02 -1.290000e+02
    endloop
  endfacet
  facet normal 1.305262e-01 -9.914449e-01 0.000000e+00
    outer loop
      vertex   -1.756097e+01 1.549321e+02 -1.290000e+02
      vertex   -1.704333e+01 1.550003e+02 -1.270000e+02
      vertex   -1.756097e+01 1.549321e+02 -1.270000e+02
    endloop
  endfacet
  facet normal 3.826834e-01 -9.238795e-01 0.000000e+00
    outer loop
      vertex   -1.756097e+01 1.549321e+02 -1.290000e+02
      vertex   -1.756097e+01 1.549321e+02 -1.270000e+02
      vertex   -1.804333e+01 1.547323e+02 -1.290000e+02
    endloop
  endfacet
  facet normal 3.826834e-01 -9.238795e-01 0.000000e+00
    outer loop
      vertex   -1.804333e+01 1.547323e+02 -1.290000e+02
      vertex   -1.756097e+01 1.549321e+02 -1.270000e+02
      vertex   -1.804333e+01 1.547323e+02 -1.270000e+02
    endloop
  endfacet
  facet normal 6.087614e-01 -7.933533e-01 0.000000e+00
    outer loop
      vertex   -1.804333e+01 1.547323e+02 -1.290000e+02
      vertex   -1.804333e+01 1.547323e+02 -1.270000e+02
      vertex   -1.845754e+01 1.544145e+02 -1.290000e+02
    endloop
  endfacet
  facet normal 6.087614e-01 -7.933533e-01 0.000000e+00
    outer loop
      vertex   -1.845754e+01 1.544145e+02 -1.290000e+02
      vertex   -1.804333e+01 1.547323e+02 -1.270000e+02
      vertex   -1.845754e+01 1.544145e+02 -1.270000e+02
    endloop
  endfacet
  facet normal 7.933533e-01 -6.087614e-01 0.000000e+00
    outer loop
      vertex   -1.845754e+01 1.544145e+02 -1.290000e+02
      vertex   -1.845754e+01 1.544145e+02 -1.270000e+02
      vertex   -1.877538e+01 1.540003e+02 -1.290000e+02
    endloop
  endfacet
  facet normal 7.933533e-01 -6.087614e-01 0.000000e+00
    outer loop
      vertex   -1.877538e+01 1.540003e+02 -1.290000e+02
      vertex   -1.845754e+01 1.544145e+02 -1.270000e+02
      vertex   -1.877538e+01 1.540003e+02 -1.270000e+02
    endloop
  endfacet
  facet normal 9.238795e-01 -3.826834e-01 0.000000e+00
    outer loop
      vertex   -1.877538e+01 1.540003e+02 -1.290000e+02
      vertex   -1.877538e+01 1.540003e+02 -1.270000e+02
      vertex   -1.897518e+01 1.535179e+02 -1.290000e+02
    endloop
  endfacet
  facet normal 9.238795e-01 -3.826834e-01 0.000000e+00
    outer loop
      vertex   -1.897518e+01 1.535179e+02 -1.290000e+02
      vertex   -1.877538e+01 1.540003e+02 -1.270000e+02
      vertex   -1.897518e+01 1.535179e+02 -1.270000e+02
    endloop
  endfacet
  facet normal 9.914449e-01 -1.305262e-01 0.000000e+00
    outer loop
      vertex   -1.897518e+01 1.535179e+02 -1.290000e+02
      vertex   -1.897518e+01 1.535179e+02 -1.270000e+02
      vertex   -1.904333e+01 1.530003e+02 -1.290000e+02
    endloop
  endfacet
  facet normal 9.914449e-01 -1.305262e-01 0.000000e+00
    outer loop
      vertex   -1.904333e+01 1.530003e+02 -1.290000e+02
      vertex   -1.897518e+01 1.535179e+02 -1.270000e+02
      vertex   -1.904333e+01 1.530003e+02 -1.270000e+02
    endloop
  endfacet
  facet normal 1.000000e+00 0.000000e+00 0.000000e+00
    outer loop
      vertex   -1.904333e+01 1.530003e+02 -1.270000e+02
      vertex   -1.904333e+01 1.470003e+02 -1.270000e+02
      vertex   -1.904333e+01 1.530003e+02 -1.290000e+02
    endloop
  endfacet
  facet normal 1.000000e+00 0.000000e+00 0.000000e+00
    outer loop
      vertex   -1.904333e+01 1.530003e+02 -1.290000e+02
      vertex   -1.904333e+01 1.470003e+02 -1.270000e+02
      vertex   -1.904333e+01 1.470003e+02 -1.290000e+02
    endloop
  endfacet
  facet normal 9.914449e-01 1.305262e-01 -0.000000e+00
    outer loop
      vertex   -1.904333e+01 1.470003e+02 -1.290000e+02
      vertex   -1.904333e+01 1.470003e+02 -1.270000e+02
      vertex   -1.897518e+01 1.464826e+02 -1.290000e+02
    endloop
  endfacet
  facet normal 9.914449e-01 1.305262e-01 -0.000000e+00
    outer loop
      vertex   -1.897518e+01 1.464826e+02 -1.290000e+02
      vertex   -1.904333e+01 1.470003e+02 -1.270000e+02
      vertex   -1.897518e+01 1.464826e+02 -1.270000e+02
    endloop
  endfacet
  facet normal 9.238795e-01 3.826834e-01 -0.000000e+00
    outer loop
      vertex   -1.897518e+01 1.464826e+02 -1.290000e+02
      vertex   -1.897518e+01 1.464826e+02 -1.270000e+02
      vertex   -1.877538e+01 1.460003e+02 -1.290000e+02
    endloop
  endfacet
  facet normal 9.238795e-01 3.826834e-01 -0.000000e+00
    outer loop
      vertex   -1.877538e+01 1.460003e+02 -1.290000e+02
      vertex   -1.897518e+01 1.464826e+02 -1.270000e+02
      vertex   -1.877538e+01 1.460003e+02 -1.270000e+02
    endloop
  endfacet
  facet normal 7.933533e-01 6.087614e-01 -0.000000e+00
    outer loop
      vertex   -1.877538e+01 1.460003e+02 -1.290000e+02
      vertex   -1.877538e+01 1.460003e+02 -1.270000e+02
      vertex   -1.845754e+01 1.455861e+02 -1.290000e+02
    endloop
  endfacet
  facet normal 7.933533e-01 6.087614e-01 -0.000000e+00
    outer loop
      vertex   -1.845754e+01 1.455861e+02 -1.290000e+02
      vertex   -1.877538e+01 1.460003e+02 -1.270000e+02
      vertex   -1.845754e+01 1.455861e+02 -1.270000e+02
    endloop
  endfacet
  facet normal 6.087614e-01 7.933533e-01 -0.000000e+00
    outer loop
      vertex   -1.845754e+01 1.455861e+02 -1.290000e+02
      vertex   -1.845754e+01 1.455861e+02 -1.270000e+02
      vertex   -1.804333e+01 1.452682e+02 -1.290000e+02
    endloop
  endfacet
  facet normal 6.087614e-01 7.933533e-01 -0.000000e+00
    outer loop
      vertex   -1.804333e+01 1.452682e+02 -1.290000e+02
      vertex   -1.845754e+01 1.455861e+02 -1.270000e+02
      vertex   -1.804333e+01 1.452682e+02 -1.270000e+02
    endloop
  endfacet
  facet normal 3.826834e-01 9.238795e-01 -0.000000e+00
    outer loop
      vertex   -1.804333e+01 1.452682e+02 -1.290000e+02
      vertex   -1.804333e+01 1.452682e+02 -1.270000e+02
      vertex   -1.756097e+01 1.450684e+02 -1.290000e+02
    endloop
  endfacet
  facet normal 3.826834e-01 9.238795e-01 -0.000000e+00
    outer loop
      vertex   -1.756097e+01 1.450684e+02 -1.290000e+02
      vertex   -1.804333e+01 1.452682e+02 -1.270000e+02
      vertex   -1.756097e+01 1.450684e+02 -1.270000e+02
    endloop
  endfacet
  facet normal 1.305262e-01 9.914449e-01 -0.000000e+00
    outer loop
      vertex   -1.756097e+01 1.450684e+02 -1.290000e+02
      vertex   -1.756097e+01 1.450684e+02 -1.270000e+02
      vertex   -1.704333e+01 1.450003e+02 -1.290000e+02
    endloop
  endfacet
  facet normal 1.305262e-01 9.914449e-01 -0.000000e+00
    outer loop
      vertex   -1.704333e+01 1.450003e+02 -1.290000e+02
      vertex   -1.756097e+01 1.450684e+02 -1.270000e+02
      vertex   -1.704333e+01 1.450003e+02 -1.270000e+02
    endloop
  endfacet
  facet normal -0.000000e+00 1.000000e+00 0.000000e+00
    outer loop
      vertex   -1.704333e+01 1.450003e+02 -1.270000e+02
      vertex   -1.104333e+01 1.450003e+02 -1.270000e+02
      vertex   -1.704333e+01 1.450003e+02 -1.290000e+02
    endloop
  endfacet
  facet normal 0.000000e+00 1.000000e+00 0.000000e+00
    outer loop
      vertex   -1.704333e+01 1.450003e+02 -1.290000e+02
      vertex   -1.104333e+01 1.450003e+02 -1.270000e+02
      vertex   -1.104333e+01 1.450003e+02 -1.290000e+02
    endloop
  endfacet
  facet normal -1.130154e-01 9.935932e-01 0.000000e+00
    outer loop
      vertex   4.026406e+00 1.150000e+02 -1.290000e+02
      vertex   4.026406e+00 1.150000e+02 -1.270000e+02
      vertex   4.475572e+00 1.150511e+02 -1.290000e+02
    endloop
  endfacet
  facet normal -1.130154e-01 9.935932e-01 5.018896e-17
    outer loop
      vertex   4.475572e+00 1.150511e+02 -1.290000e+02
      vertex   4.026406e+00 1.150000e+02 -1.270000e+02
      vertex   4.475572e+00 1.150511e+02 -1.270000e+02
    endloop
  endfacet
  facet normal -3.332722e-01 9.428307e-01 1.480027e-16
    outer loop
      vertex   4.475572e+00 1.150511e+02 -1.290000e+02
      vertex   4.475572e+00 1.150511e+02 -1.270000e+02
      vertex   4.901789e+00 1.152017e+02 -1.290000e+02
    endloop
  endfacet
  facet normal -3.332722e-01 9.428307e-01 2.960054e-16
    outer loop
      vertex   4.901789e+00 1.152017e+02 -1.290000e+02
      vertex   4.475572e+00 1.150511e+02 -1.270000e+02
      vertex   4.901789e+00 1.152017e+02 -1.270000e+02
    endloop
  endfacet
  facet normal -5.365022e-01 8.438989e-01 4.765101e-16
    outer loop
      vertex   4.901789e+00 1.152017e+02 -1.290000e+02
      vertex   4.901789e+00 1.152017e+02 -1.270000e+02
      vertex   5.283283e+00 1.154443e+02 -1.290000e+02
    endloop
  endfacet
  facet normal -5.365022e-01 8.438989e-01 1.191275e-15
    outer loop
      vertex   5.283283e+00 1.154443e+02 -1.290000e+02
      vertex   4.901789e+00 1.152017e+02 -1.270000e+02
      vertex   5.283283e+00 1.154443e+02 -1.270000e+02
    endloop
  endfacet
  facet normal -7.123223e-01 7.018525e-01 1.581675e-15
    outer loop
      vertex   5.283283e+00 1.154443e+02 -1.290000e+02
      vertex   5.283283e+00 1.154443e+02 -1.270000e+02
      vertex   5.600564e+00 1.157663e+02 -1.290000e+02
    endloop
  endfacet
  facet normal -7.123223e-01 7.018525e-01 3.479684e-15
    outer loop
      vertex   5.600564e+00 1.157663e+02 -1.290000e+02
      vertex   5.283283e+00 1.154443e+02 -1.270000e+02
      vertex   5.600564e+00 1.157663e+02 -1.270000e+02
    endloop
  endfacet
  facet normal -7.870787e-01 6.168525e-01 3.844869e-15
    outer loop
      vertex   5.600564e+00 1.157663e+02 -1.270000e+02
      vertex   1.744605e+01 1.308807e+02 -1.270000e+02
      vertex   5.600564e+00 1.157663e+02 -1.290000e+02
    endloop
  endfacet
  facet normal -7.870787e-01 6.168525e-01 0.000000e+00
    outer loop
      vertex   5.600564e+00 1.157663e+02 -1.290000e+02
      vertex   1.744605e+01 1.308807e+02 -1.270000e+02
      vertex   1.744605e+01 1.308807e+02 -1.290000e+02
    endloop
  endfacet
  facet normal -8.574303e-01 5.146001e-01 0.000000e+00
    outer loop
      vertex   1.744605e+01 1.308807e+02 -1.290000e+02
      vertex   1.744605e+01 1.308807e+02 -1.270000e+02
      vertex   1.770104e+01 1.313055e+02 -1.290000e+02
    endloop
  endfacet
  facet normal -8.574303e-01 5.146001e-01 -1.523104e-15
    outer loop
      vertex   1.770104e+01 1.313055e+02 -1.290000e+02
      vertex   1.744605e+01 1.308807e+02 -1.270000e+02
      vertex   1.770104e+01 1.313055e+02 -1.270000e+02
    endloop
  endfacet
  facet normal -9.576273e-01 2.880104e-01 -1.701089e-15
    outer loop
      vertex   1.770104e+01 1.313055e+02 -1.290000e+02
      vertex   1.770104e+01 1.313055e+02 -1.270000e+02
      vertex   1.784375e+01 1.317800e+02 -1.290000e+02
    endloop
  endfacet
  facet normal -9.576273e-01 2.880104e-01 0.000000e+00
    outer loop
      vertex   1.784375e+01 1.317800e+02 -1.290000e+02
      vertex   1.770104e+01 1.313055e+02 -1.270000e+02
      vertex   1.784375e+01 1.317800e+02 -1.270000e+02
    endloop
  endfacet
  facet normal -9.990429e-01 4.374192e-02 0.000000e+00
    outer loop
      vertex   1.784375e+01 1.317800e+02 -1.290000e+02
      vertex   1.784375e+01 1.317800e+02 -1.270000e+02
      vertex   1.786542e+01 1.322751e+02 -1.290000e+02
    endloop
  endfacet
  facet normal -9.990429e-01 4.374192e-02 1.774658e-15
    outer loop
      vertex   1.786542e+01 1.322751e+02 -1.290000e+02
      vertex   1.784375e+01 1.317800e+02 -1.270000e+02
      vertex   1.786542e+01 1.322751e+02 -1.270000e+02
    endloop
  endfacet
  facet normal -9.791349e-01 -2.032115e-01 1.739295e-15
    outer loop
      vertex   1.786542e+01 1.322751e+02 -1.290000e+02
      vertex   1.786542e+01 1.322751e+02 -1.270000e+02
      vertex   1.776473e+01 1.327602e+02 -1.290000e+02
    endloop
  endfacet
  facet normal -9.791349e-01 -2.032115e-01 0.000000e+00
    outer loop
      vertex   1.776473e+01 1.327602e+02 -1.290000e+02
      vertex   1.786542e+01 1.322751e+02 -1.270000e+02
      vertex   1.776473e+01 1.327602e+02 -1.270000e+02
    endloop
  endfacet
  facet normal -8.991253e-01 -4.376914e-01 0.000000e+00
    outer loop
      vertex   1.776473e+01 1.327602e+02 -1.290000e+02
      vertex   1.776473e+01 1.327602e+02 -1.270000e+02
      vertex   1.754785e+01 1.332058e+02 -1.290000e+02
    endloop
  endfacet
  facet normal -8.991253e-01 -4.376914e-01 0.000000e+00
    outer loop
      vertex   1.754785e+01 1.332058e+02 -1.290000e+02
      vertex   1.776473e+01 1.327602e+02 -1.270000e+02
      vertex   1.754785e+01 1.332058e+02 -1.270000e+02
    endloop
  endfacet
  facet normal -7.639253e-01 -6.453047e-01 0.000000e+00
    outer loop
      vertex   1.754785e+01 1.332058e+02 -1.290000e+02
      vertex   1.754785e+01 1.332058e+02 -1.270000e+02
      vertex   1.722810e+01 1.335843e+02 -1.290000e+02
    endloop
  endfacet
  facet normal -7.639253e-01 -6.453047e-01 1.357005e-15
    outer loop
      vertex   1.722810e+01 1.335843e+02 -1.290000e+02
      vertex   1.754785e+01 1.332058e+02 -1.270000e+02
      vertex   1.722810e+01 1.335843e+02 -1.270000e+02
    endloop
  endfacet
  facet normal -5.818338e-01 -8.133077e-01 1.033545e-15
    outer loop
      vertex   1.722810e+01 1.335843e+02 -1.290000e+02
      vertex   1.722810e+01 1.335843e+02 -1.270000e+02
      vertex   1.682510e+01 1.338726e+02 -1.290000e+02
    endloop
  endfacet
  facet normal -5.818338e-01 -8.133077e-01 0.000000e+00
    outer loop
      vertex   1.682510e+01 1.338726e+02 -1.290000e+02
      vertex   1.722810e+01 1.335843e+02 -1.270000e+02
      vertex   1.682510e+01 1.338726e+02 -1.270000e+02
    endloop
  endfacet
  facet normal -3.640280e-01 -9.313880e-01 0.000000e+00
    outer loop
      vertex   1.682510e+01 1.338726e+02 -1.290000e+02
      vertex   1.682510e+01 1.338726e+02 -1.270000e+02
      vertex   1.636358e+01 1.340530e+02 -1.290000e+02
    endloop
  endfacet
  facet normal -3.640280e-01 -9.313880e-01 0.000000e+00
    outer loop
      vertex   1.636358e+01 1.340530e+02 -1.290000e+02
      vertex   1.682510e+01 1.338726e+02 -1.270000e+02
      vertex   1.636358e+01 1.340530e+02 -1.270000e+02
    endloop
  endfacet
  facet normal -1.238773e-01 -9.922975e-01 0.000000e+00
    outer loop
      vertex   1.636358e+01 1.340530e+02 -1.290000e+02
      vertex   1.636358e+01 1.340530e+02 -1.270000e+02
      vertex   1.587189e+01 1.341144e+02 -1.290000e+02
    endloop
  endfacet
  facet normal -1.238773e-01 -9.922975e-01 -1.410141e-14
    outer loop
      vertex   1.587189e+01 1.341144e+02 -1.290000e+02
      vertex   1.636358e+01 1.340530e+02 -1.270000e+02
      vertex   1.587189e+01 1.341144e+02 -1.270000e+02
    endloop
  endfacet
  facet normal -0.000000e+00 -1.000000e+00 -1.421087e-14
    outer loop
      vertex   1.587189e+01 1.341144e+02 -1.270000e+02
      vertex   -1.587189e+01 1.341144e+02 -1.270000e+02
      vertex   1.587189e+01 1.341144e+02 -1.290000e+02
    endloop
  endfacet
  facet normal 8.953473e-16 -1.000000e+00 0.000000e+00
    outer loop
      vertex   1.587189e+01 1.341144e+02 -1.290000e+02
      vertex   -1.587189e+01 1.341144e+02 -1.270000e+02
      vertex   -1.587189e+01 1.341144e+02 -1.290000e+02
    endloop
  endfacet
  facet normal -0.000000e+00 1.000000e+00 0.000000e+00
    outer loop
      vertex   -3.033666e+01 1.425003e+02 -1.270000e+02
      vertex   -2.958666e+01 1.425003e+02 -1.270000e+02
      vertex   -3.033666e+01 1.425003e+02 -1.290000e+02
    endloop
  endfacet
  facet normal 0.000000e+00 1.000000e+00 0.000000e+00
    outer loop
      vertex   -3.033666e+01 1.425003e+02 -1.290000e+02
      vertex   -2.958666e+01 1.425003e+02 -1.270000e+02
      vertex   -2.958666e+01 1.425003e+02 -1.290000e+02
    endloop
  endfacet
  facet normal -1.305262e-01 9.914449e-01 0.000000e+00
    outer loop
      vertex   -2.958666e+01 1.425003e+02 -1.290000e+02
      vertex   -2.958666e+01 1.425003e+02 -1.270000e+02
      vertex   -2.919843e+01 1.425514e+02 -1.290000e+02
    endloop
  endfacet
  facet normal -1.305262e-01 9.914449e-01 0.000000e+00
    outer loop
      vertex   -2.919843e+01 1.425514e+02 -1.290000e+02
      vertex   -2.958666e+01 1.425003e+02 -1.270000e+02
      vertex   -2.919843e+01 1.425514e+02 -1.270000e+02
    endloop
  endfacet
  facet normal -3.826834e-01 9.238795e-01 0.000000e+00
    outer loop
      vertex   -2.919843e+01 1.425514e+02 -1.290000e+02
      vertex   -2.919843e+01 1.425514e+02 -1.270000e+02
      vertex   -2.883666e+01 1.427012e+02 -1.290000e+02
    endloop
  endfacet
  facet normal -3.826834e-01 9.238795e-01 0.000000e+00
    outer loop
      vertex   -2.883666e+01 1.427012e+02 -1.290000e+02
      vertex   -2.919843e+01 1.425514e+02 -1.270000e+02
      vertex   -2.883666e+01 1.427012e+02 -1.270000e+02
    endloop
  endfacet
  facet normal -6.087614e-01 7.933533e-01 0.000000e+00
    outer loop
      vertex   -2.883666e+01 1.427012e+02 -1.290000e+02
      vertex   -2.883666e+01 1.427012e+02 -1.270000e+02
      vertex   -2.852600e+01 1.429396e+02 -1.290000e+02
    endloop
  endfacet
  facet normal -6.087614e-01 7.933533e-01 0.000000e+00
    outer loop
      vertex   -2.852600e+01 1.429396e+02 -1.290000e+02
      vertex   -2.883666e+01 1.427012e+02 -1.270000e+02
      vertex   -2.852600e+01 1.429396e+02 -1.270000e+02
    endloop
  endfacet
  facet normal -7.933533e-01 6.087614e-01 0.000000e+00
    outer loop
      vertex   -2.852600e+01 1.429396e+02 -1.290000e+02
      vertex   -2.852600e+01 1.429396e+02 -1.270000e+02
      vertex   -2.828762e+01 1.432503e+02 -1.290000e+02
    endloop
  endfacet
  facet normal -7.933533e-01 6.087614e-01 0.000000e+00
    outer loop
      vertex   -2.828762e+01 1.432503e+02 -1.290000e+02
      vertex   -2.852600e+01 1.429396e+02 -1.270000e+02
      vertex   -2.828762e+01 1.432503e+02 -1.270000e+02
    endloop
  endfacet
  facet normal -9.238795e-01 3.826834e-01 0.000000e+00
    outer loop
      vertex   -2.828762e+01 1.432503e+02 -1.290000e+02
      vertex   -2.828762e+01 1.432503e+02 -1.270000e+02
      vertex   -2.813777e+01 1.436120e+02 -1.290000e+02
    endloop
  endfacet
  facet normal -9.238795e-01 3.826834e-01 0.000000e+00
    outer loop
      vertex   -2.813777e+01 1.436120e+02 -1.290000e+02
      vertex   -2.828762e+01 1.432503e+02 -1.270000e+02
      vertex   -2.813777e+01 1.436120e+02 -1.270000e+02
    endloop
  endfacet
  facet normal -9.914449e-01 1.305262e-01 0.000000e+00
    outer loop
      vertex   -2.813777e+01 1.436120e+02 -1.290000e+02
      vertex   -2.813777e+01 1.436120e+02 -1.270000e+02
      vertex   -2.808666e+01 1.440003e+02 -1.290000e+02
    endloop
  endfacet
  facet normal -9.914449e-01 1.305262e-01 0.000000e+00
    outer loop
      vertex   -2.808666e+01 1.440003e+02 -1.290000e+02
      vertex   -2.813777e+01 1.436120e+02 -1.270000e+02
      vertex   -2.808666e+01 1.440003e+02 -1.270000e+02
    endloop
  endfacet
  facet normal -1.000000e+00 -6.217390e-15 -0.000000e+00
    outer loop
      vertex   -2.808666e+01 1.440003e+02 -1.270000e+02
      vertex   -2.808666e+01 1.560000e+02 -1.270000e+02
      vertex   -2.808666e+01 1.440003e+02 -1.290000e+02
    endloop
  endfacet
  facet normal -1.000000e+00 -6.217390e-15 0.000000e+00
    outer loop
      vertex   -2.808666e+01 1.440003e+02 -1.290000e+02
      vertex   -2.808666e+01 1.560000e+02 -1.270000e+02
      vertex   -2.808666e+01 1.560000e+02 -1.290000e+02
    endloop
  endfacet
  facet normal 1.000000e+00 -7.697721e-15 1.776359e-15
    outer loop
      vertex   2.808666e+01 1.560000e+02 -1.270000e+02
      vertex   2.808666e+01 1.440003e+02 -1.270000e+02
      vertex   2.808666e+01 1.560000e+02 -1.290000e+02
    endloop
  endfacet
  facet normal 1.000000e+00 -7.993787e-15 0.000000e+00
    outer loop
      vertex   2.808666e+01 1.560000e+02 -1.290000e+02
      vertex   2.808666e+01 1.440003e+02 -1.270000e+02
      vertex   2.808666e+01 1.440003e+02 -1.290000e+02
    endloop
  endfacet
  facet normal 9.914449e-01 1.305262e-01 -0.000000e+00
    outer loop
      vertex   2.808666e+01 1.440003e+02 -1.290000e+02
      vertex   2.808666e+01 1.440003e+02 -1.270000e+02
      vertex   2.813777e+01 1.436120e+02 -1.290000e+02
    endloop
  endfacet
  facet normal 9.914449e-01 1.305262e-01 9.372898e-17
    outer loop
      vertex   2.813777e+01 1.436120e+02 -1.290000e+02
      vertex   2.808666e+01 1.440003e+02 -1.270000e+02
      vertex   2.813777e+01 1.436120e+02 -1.270000e+02
    endloop
  endfacet
  facet normal 9.238795e-01 3.826834e-01 3.797123e-15
    outer loop
      vertex   2.813777e+01 1.436120e+02 -1.290000e+02
      vertex   2.813777e+01 1.436120e+02 -1.270000e+02
      vertex   2.828762e+01 1.432503e+02 -1.290000e+02
    endloop
  endfacet
  facet normal 9.238795e-01 3.826834e-01 -2.767443e-15
    outer loop
      vertex   2.828762e+01 1.432503e+02 -1.290000e+02
      vertex   2.813777e+01 1.436120e+02 -1.270000e+02
      vertex   2.828762e+01 1.432503e+02 -1.270000e+02
    endloop
  endfacet
  facet normal 7.933533e-01 6.087614e-01 1.604629e-15
    outer loop
      vertex   2.828762e+01 1.432503e+02 -1.290000e+02
      vertex   2.828762e+01 1.432503e+02 -1.270000e+02
      vertex   2.852600e+01 1.429396e+02 -1.290000e+02
    endloop
  endfacet
  facet normal 7.933533e-01 6.087614e-01 3.209257e-15
    outer loop
      vertex   2.852600e+01 1.429396e+02 -1.290000e+02
      vertex   2.828762e+01 1.432503e+02 -1.270000e+02
      vertex   2.852600e+01 1.429396e+02 -1.270000e+02
    endloop
  endfacet
  facet normal 6.087614e-01 7.933533e-01 1.173469e-14
    outer loop
      vertex   2.852600e+01 1.429396e+02 -1.290000e+02
      vertex   2.852600e+01 1.429396e+02 -1.270000e+02
      vertex   2.883666e+01 1.427012e+02 -1.290000e+02
    endloop
  endfacet
  facet normal 6.087614e-01 7.933533e-01 -4.946439e-15
    outer loop
      vertex   2.883666e+01 1.427012e+02 -1.290000e+02
      vertex   2.852600e+01 1.429396e+02 -1.270000e+02
      vertex   2.883666e+01 1.427012e+02 -1.270000e+02
    endloop
  endfacet
  facet normal 3.826834e-01 9.238795e-01 2.932386e-15
    outer loop
      vertex   2.883666e+01 1.427012e+02 -1.290000e+02
      vertex   2.883666e+01 1.427012e+02 -1.270000e+02
      vertex   2.919843e+01 1.425514e+02 -1.290000e+02
    endloop
  endfacet
  facet normal 3.826834e-01 9.238795e-01 -1.826095e-15
    outer loop
      vertex   2.919843e+01 1.425514e+02 -1.290000e+02
      vertex   2.883666e+01 1.427012e+02 -1.270000e+02
      vertex   2.919843e+01 1.425514e+02 -1.270000e+02
    endloop
  endfacet
  facet normal 1.305262e-01 9.914449e-01 8.988343e-15
    outer loop
      vertex   2.919843e+01 1.425514e+02 -1.290000e+02
      vertex   2.919843e+01 1.425514e+02 -1.270000e+02
      vertex   2.958666e+01 1.425003e+02 -1.290000e+02
    endloop
  endfacet
  facet normal 1.305262e-01 9.914449e-01 -6.260255e-15
    outer loop
      vertex   2.958666e+01 1.425003e+02 -1.290000e+02
      vertex   2.919843e+01 1.425514e+02 -1.270000e+02
      vertex   2.958666e+01 1.425003e+02 -1.270000e+02
    endloop
  endfacet
  facet normal -0.000000e+00 1.000000e+00 0.000000e+00
    outer loop
      vertex   2.958666e+01 1.425003e+02 -1.270000e+02
      vertex   3.033666e+01 1.425003e+02 -1.270000e+02
      vertex   2.958666e+01 1.425003e+02 -1.290000e+02
    endloop
  endfacet
  facet normal 0.000000e+00 1.000000e+00 0.000000e+00
    outer loop
      vertex   2.958666e+01 1.425003e+02 -1.290000e+02
      vertex   3.033666e+01 1.425003e+02 -1.270000e+02
      vertex   3.033666e+01 1.425003e+02 -1.290000e+02
    endloop
  endfacet
  facet normal -1.305262e-01 9.914449e-01 0.000000e+00
    outer loop
      vertex   3.033666e+01 1.425003e+02 -1.290000e+02
      vertex   3.033666e+01 1.425003e+02 -1.270000e+02
      vertex   3.072489e+01 1.425514e+02 -1.290000e+02
    endloop
  endfacet
  facet normal -1.305262e-01 9.914449e-01 0.000000e+00
    outer loop
      vertex   3.072489e+01 1.425514e+02 -1.290000e+02
      vertex   3.033666e+01 1.425003e+02 -1.270000e+02
      vertex   3.072489e+01 1.425514e+02 -1.270000e+02
    endloop
  endfacet
  facet normal -3.826834e-01 9.238795e-01 0.000000e+00
    outer loop
      vertex   3.072489e+01 1.425514e+02 -1.290000e+02
      vertex   3.072489e+01 1.425514e+02 -1.270000e+02
      vertex   3.108666e+01 1.427012e+02 -1.290000e+02
    endloop
  endfacet
  facet normal -3.826834e-01 9.238795e-01 0.000000e+00
    outer loop
      vertex   3.108666e+01 1.427012e+02 -1.290000e+02
      vertex   3.072489e+01 1.425514e+02 -1.270000e+02
      vertex   3.108666e+01 1.427012e+02 -1.270000e+02
    endloop
  endfacet
  facet normal -6.087614e-01 7.933533e-01 0.000000e+00
    outer loop
      vertex   3.108666e+01 1.427012e+02 -1.290000e+02
      vertex   3.108666e+01 1.427012e+02 -1.270000e+02
      vertex   3.139732e+01 1.429396e+02 -1.290000e+02
    endloop
  endfacet
  facet normal -6.087614e-01 7.933533e-01 0.000000e+00
    outer loop
      vertex   3.139732e+01 1.429396e+02 -1.290000e+02
      vertex   3.108666e+01 1.427012e+02 -1.270000e+02
      vertex   3.139732e+01 1.429396e+02 -1.270000e+02
    endloop
  endfacet
  facet normal -7.933533e-01 6.087614e-01 0.000000e+00
    outer loop
      vertex   3.139732e+01 1.429396e+02 -1.290000e+02
      vertex   3.139732e+01 1.429396e+02 -1.270000e+02
      vertex   3.163570e+01 1.432503e+02 -1.290000e+02
    endloop
  endfacet
  facet normal -7.933533e-01 6.087614e-01 0.000000e+00
    outer loop
      vertex   3.163570e+01 1.432503e+02 -1.290000e+02
      vertex   3.139732e+01 1.429396e+02 -1.270000e+02
      vertex   3.163570e+01 1.432503e+02 -1.270000e+02
    endloop
  endfacet
  facet normal -9.238795e-01 3.826834e-01 0.000000e+00
    outer loop
      vertex   3.163570e+01 1.432503e+02 -1.290000e+02
      vertex   3.163570e+01 1.432503e+02 -1.270000e+02
      vertex   3.178555e+01 1.436120e+02 -1.290000e+02
    endloop
  endfacet
  facet normal -9.238795e-01 3.826834e-01 0.000000e+00
    outer loop
      vertex   3.178555e+01 1.436120e+02 -1.290000e+02
      vertex   3.163570e+01 1.432503e+02 -1.270000e+02
      vertex   3.178555e+01 1.436120e+02 -1.270000e+02
    endloop
  endfacet
  facet normal -9.914449e-01 1.305262e-01 0.000000e+00
    outer loop
      vertex   3.178555e+01 1.436120e+02 -1.290000e+02
      vertex   3.178555e+01 1.436120e+02 -1.270000e+02
      vertex   3.183666e+01 1.440003e+02 -1.290000e+02
    endloop
  endfacet
  facet normal -9.914449e-01 1.305262e-01 0.000000e+00
    outer loop
      vertex   3.183666e+01 1.440003e+02 -1.290000e+02
      vertex   3.178555e+01 1.436120e+02 -1.270000e+02
      vertex   3.183666e+01 1.440003e+02 -1.270000e+02
    endloop
  endfacet
  facet normal -1.000000e+00 0.000000e+00 0.000000e+00
    outer loop
      vertex   3.183666e+01 1.440003e+02 -1.270000e+02
      vertex   3.183666e+01 1.560000e+02 -1.270000e+02
      vertex   3.183666e+01 1.440003e+02 -1.290000e+02
    endloop
  endfacet
  facet normal -1.000000e+00 0.000000e+00 0.000000e+00
    outer loop
      vertex   3.183666e+01 1.440003e+02 -1.290000e+02
      vertex   3.183666e+01 1.560000e+02 -1.270000e+02
      vertex   3.183666e+01 1.560000e+02 -1.290000e+02
    endloop
  endfacet
  facet normal 1.000000e+00 -7.107362e-15 0.000000e+00
    outer loop
      vertex   4.749959e+01 1.560000e+02 -1.270000e+02
      vertex   4.749959e+01 1.420038e+02 -1.270000e+02
      vertex   4.749959e+01 1.560000e+02 -1.290000e+02
    endloop
  endfacet
  facet normal 1.000000e+00 -7.107362e-15 0.000000e+00
    outer loop
      vertex   4.749959e+01 1.560000e+02 -1.290000e+02
      vertex   4.749959e+01 1.420038e+02 -1.270000e+02
      vertex   4.749959e+01 1.420038e+02 -1.290000e+02
    endloop
  endfacet
  facet normal 9.914449e-01 1.305262e-01 -0.000000e+00
    outer loop
      vertex   4.749959e+01 1.420038e+02 -1.290000e+02
      vertex   4.749959e+01 1.420038e+02 -1.270000e+02
      vertex   4.756774e+01 1.414862e+02 -1.290000e+02
    endloop
  endfacet
  facet normal 9.914449e-01 1.305262e-01 -0.000000e+00
    outer loop
      vertex   4.756774e+01 1.414862e+02 -1.290000e+02
      vertex   4.749959e+01 1.420038e+02 -1.270000e+02
      vertex   4.756774e+01 1.414862e+02 -1.270000e+02
    endloop
  endfacet
  facet normal 9.238795e-01 3.826834e-01 -0.000000e+00
    outer loop
      vertex   4.756774e+01 1.414862e+02 -1.290000e+02
      vertex   4.756774e+01 1.414862e+02 -1.270000e+02
      vertex   4.776754e+01 1.410038e+02 -1.290000e+02
    endloop
  endfacet
  facet normal 9.238795e-01 3.826834e-01 -0.000000e+00
    outer loop
      vertex   4.776754e+01 1.410038e+02 -1.290000e+02
      vertex   4.756774e+01 1.414862e+02 -1.270000e+02
      vertex   4.776754e+01 1.410038e+02 -1.270000e+02
    endloop
  endfacet
  facet normal 7.933533e-01 6.087614e-01 -0.000000e+00
    outer loop
      vertex   4.776754e+01 1.410038e+02 -1.290000e+02
      vertex   4.776754e+01 1.410038e+02 -1.270000e+02
      vertex   4.808537e+01 1.405896e+02 -1.290000e+02
    endloop
  endfacet
  facet normal 7.933533e-01 6.087614e-01 -0.000000e+00
    outer loop
      vertex   4.808537e+01 1.405896e+02 -1.290000e+02
      vertex   4.776754e+01 1.410038e+02 -1.270000e+02
      vertex   4.808537e+01 1.405896e+02 -1.270000e+02
    endloop
  endfacet
  facet normal 6.087614e-01 7.933533e-01 -0.000000e+00
    outer loop
      vertex   4.808537e+01 1.405896e+02 -1.290000e+02
      vertex   4.808537e+01 1.405896e+02 -1.270000e+02
      vertex   4.849959e+01 1.402718e+02 -1.290000e+02
    endloop
  endfacet
  facet normal 6.087614e-01 7.933533e-01 -0.000000e+00
    outer loop
      vertex   4.849959e+01 1.402718e+02 -1.290000e+02
      vertex   4.808537e+01 1.405896e+02 -1.270000e+02
      vertex   4.849959e+01 1.402718e+02 -1.270000e+02
    endloop
  endfacet
  facet normal 3.826834e-01 9.238795e-01 -0.000000e+00
    outer loop
      vertex   4.849959e+01 1.402718e+02 -1.290000e+02
      vertex   4.849959e+01 1.402718e+02 -1.270000e+02
      vertex   4.898195e+01 1.400720e+02 -1.290000e+02
    endloop
  endfacet
  facet normal 3.826834e-01 9.238795e-01 -0.000000e+00
    outer loop
      vertex   4.898195e+01 1.400720e+02 -1.290000e+02
      vertex   4.849959e+01 1.402718e+02 -1.270000e+02
      vertex   4.898195e+01 1.400720e+02 -1.270000e+02
    endloop
  endfacet
  facet normal 1.305262e-01 9.914449e-01 -0.000000e+00
    outer loop
      vertex   4.898195e+01 1.400720e+02 -1.290000e+02
      vertex   4.898195e+01 1.400720e+02 -1.270000e+02
      vertex   4.949959e+01 1.400038e+02 -1.290000e+02
    endloop
  endfacet
  facet normal 1.305262e-01 9.914449e-01 -0.000000e+00
    outer loop
      vertex   4.949959e+01 1.400038e+02 -1.290000e+02
      vertex   4.898195e+01 1.400720e+02 -1.270000e+02
      vertex   4.949959e+01 1.400038e+02 -1.270000e+02
    endloop
  endfacet
  facet normal -0.000000e+00 1.000000e+00 0.000000e+00
    outer loop
      vertex   4.949959e+01 1.400038e+02 -1.270000e+02
      vertex   5.049959e+01 1.400038e+02 -1.270000e+02
      vertex   4.949959e+01 1.400038e+02 -1.290000e+02
    endloop
  endfacet
  facet normal 0.000000e+00 1.000000e+00 0.000000e+00
    outer loop
      vertex   4.949959e+01 1.400038e+02 -1.290000e+02
      vertex   5.049959e+01 1.400038e+02 -1.270000e+02
      vertex   5.049959e+01 1.400038e+02 -1.290000e+02
    endloop
  endfacet
  facet normal -1.305262e-01 9.914449e-01 6.028394e-15
    outer loop
      vertex   5.049959e+01 1.400038e+02 -1.290000e+02
      vertex   5.049959e+01 1.400038e+02 -1.270000e+02
      vertex   5.101723e+01 1.400720e+02 -1.290000e+02
    endloop
  endfacet
  facet normal -1.305262e-01 9.914449e-01 -9.452066e-15
    outer loop
      vertex   5.101723e+01 1.400720e+02 -1.290000e+02
      vertex   5.049959e+01 1.400038e+02 -1.270000e+02
      vertex   5.101723e+01 1.400720e+02 -1.270000e+02
    endloop
  endfacet
  facet normal -3.826834e-01 9.238795e-01 4.665293e-16
    outer loop
      vertex   5.101723e+01 1.400720e+02 -1.290000e+02
      vertex   5.101723e+01 1.400720e+02 -1.270000e+02
      vertex   5.149959e+01 1.402718e+02 -1.290000e+02
    endloop
  endfacet
  facet normal -3.826834e-01 9.238795e-01 -2.252603e-15
    outer loop
      vertex   5.149959e+01 1.402718e+02 -1.290000e+02
      vertex   5.101723e+01 1.400720e+02 -1.270000e+02
      vertex   5.149959e+01 1.402718e+02 -1.270000e+02
    endloop
  endfacet
  facet normal -6.087614e-01 7.933533e-01 6.027817e-15
    outer loop
      vertex   5.149959e+01 1.402718e+02 -1.290000e+02
      vertex   5.149959e+01 1.402718e+02 -1.270000e+02
      vertex   5.191380e+01 1.405896e+02 -1.290000e+02
    endloop
  endfacet
  facet normal -6.087614e-01 7.933533e-01 -4.604542e-16
    outer loop
      vertex   5.191380e+01 1.405896e+02 -1.290000e+02
      vertex   5.149959e+01 1.402718e+02 -1.270000e+02
      vertex   5.191380e+01 1.405896e+02 -1.270000e+02
    endloop
  endfacet
  facet normal -7.933533e-01 6.087614e-01 5.441771e-15
    outer loop
      vertex   5.191380e+01 1.405896e+02 -1.290000e+02
      vertex   5.191380e+01 1.405896e+02 -1.270000e+02
      vertex   5.223164e+01 1.410038e+02 -1.290000e+02
    endloop
  endfacet
  facet normal -7.933533e-01 6.087614e-01 -1.166494e-14
    outer loop
      vertex   5.223164e+01 1.410038e+02 -1.290000e+02
      vertex   5.191380e+01 1.405896e+02 -1.270000e+02
      vertex   5.223164e+01 1.410038e+02 -1.270000e+02
    endloop
  endfacet
  facet normal -9.238795e-01 3.826834e-01 -4.311962e-15
    outer loop
      vertex   5.223164e+01 1.410038e+02 -1.290000e+02
      vertex   5.223164e+01 1.410038e+02 -1.270000e+02
      vertex   5.243144e+01 1.414862e+02 -1.290000e+02
    endloop
  endfacet
  facet normal -9.238795e-01 3.826834e-01 3.282283e-15
    outer loop
      vertex   5.243144e+01 1.414862e+02 -1.290000e+02
      vertex   5.223164e+01 1.410038e+02 -1.270000e+02
      vertex   5.243144e+01 1.414862e+02 -1.270000e+02
    endloop
  endfacet
  facet normal -9.914449e-01 1.305262e-01 3.522323e-15
    outer loop
      vertex   5.243144e+01 1.414862e+02 -1.290000e+02
      vertex   5.243144e+01 1.414862e+02 -1.270000e+02
      vertex   5.249959e+01 1.420038e+02 -1.290000e+02
    endloop
  endfacet
  facet normal -9.914449e-01 1.305262e-01 0.000000e+00
    outer loop
      vertex   5.249959e+01 1.420038e+02 -1.290000e+02
      vertex   5.243144e+01 1.414862e+02 -1.270000e+02
      vertex   5.249959e+01 1.420038e+02 -1.270000e+02
    endloop
  endfacet
  facet normal -1.000000e+00 0.000000e+00 0.000000e+00
    outer loop
      vertex   5.249959e+01 1.420038e+02 -1.270000e+02
      vertex   5.249959e+01 1.560000e+02 -1.270000e+02
      vertex   5.249959e+01 1.420038e+02 -1.290000e+02
    endloop
  endfacet
  facet normal -1.000000e+00 0.000000e+00 0.000000e+00
    outer loop
      vertex   5.249959e+01 1.420038e+02 -1.290000e+02
      vertex   5.249959e+01 1.560000e+02 -1.270000e+02
      vertex   5.249959e+01 1.560000e+02 -1.290000e+02
    endloop
  endfacet
  facet normal -9.914449e-01 1.305262e-01 0.000000e+00
    outer loop
      vertex   6.804962e+01 9.785163e+01 -1.290000e+02
      vertex   6.804962e+01 9.785163e+01 -1.250000e+02
      vertex   6.810413e+01 9.826574e+01 -1.290000e+02
    endloop
  endfacet
  facet normal -9.914449e-01 1.305262e-01 0.000000e+00
    outer loop
      vertex   6.810413e+01 9.826574e+01 -1.290000e+02
      vertex   6.804962e+01 9.785163e+01 -1.250000e+02
      vertex   6.810413e+01 9.826574e+01 -1.250000e+02
    endloop
  endfacet
  facet normal -9.914449e-01 -1.305262e-01 0.000000e+00
    outer loop
      vertex   6.810413e+01 9.826574e+01 -1.290000e+02
      vertex   6.810413e+01 9.826574e+01 -1.250000e+02
      vertex   6.804962e+01 9.867985e+01 -1.290000e+02
    endloop
  endfacet
  facet normal -9.914449e-01 -1.305262e-01 0.000000e+00
    outer loop
      vertex   6.804962e+01 9.867985e+01 -1.290000e+02
      vertex   6.810413e+01 9.826574e+01 -1.250000e+02
      vertex   6.804962e+01 9.867985e+01 -1.250000e+02
    endloop
  endfacet
  facet normal -9.238795e-01 -3.826834e-01 0.000000e+00
    outer loop
      vertex   6.804962e+01 9.867985e+01 -1.290000e+02
      vertex   6.804962e+01 9.867985e+01 -1.250000e+02
      vertex   6.788977e+01 9.906574e+01 -1.290000e+02
    endloop
  endfacet
  facet normal -9.238795e-01 -3.826834e-01 0.000000e+00
    outer loop
      vertex   6.788977e+01 9.906574e+01 -1.290000e+02
      vertex   6.804962e+01 9.867985e+01 -1.250000e+02
      vertex   6.788977e+01 9.906574e+01 -1.250000e+02
    endloop
  endfacet
  facet normal -7.933533e-01 -6.087614e-01 0.000000e+00
    outer loop
      vertex   6.788977e+01 9.906574e+01 -1.290000e+02
      vertex   6.788977e+01 9.906574e+01 -1.250000e+02
      vertex   6.763550e+01 9.939711e+01 -1.290000e+02
    endloop
  endfacet
  facet normal -7.933533e-01 -6.087614e-01 0.000000e+00
    outer loop
      vertex   6.763550e+01 9.939711e+01 -1.290000e+02
      vertex   6.788977e+01 9.906574e+01 -1.250000e+02
      vertex   6.763550e+01 9.939711e+01 -1.250000e+02
    endloop
  endfacet
  facet normal -6.087614e-01 -7.933533e-01 0.000000e+00
    outer loop
      vertex   6.763550e+01 9.939711e+01 -1.290000e+02
      vertex   6.763550e+01 9.939711e+01 -1.250000e+02
      vertex   6.730413e+01 9.965138e+01 -1.290000e+02
    endloop
  endfacet
  facet normal -6.087614e-01 -7.933533e-01 0.000000e+00
    outer loop
      vertex   6.730413e+01 9.965138e+01 -1.290000e+02
      vertex   6.763550e+01 9.939711e+01 -1.250000e+02
      vertex   6.730413e+01 9.965138e+01 -1.250000e+02
    endloop
  endfacet
  facet normal -3.826834e-01 -9.238795e-01 0.000000e+00
    outer loop
      vertex   6.730413e+01 9.965138e+01 -1.290000e+02
      vertex   6.730413e+01 9.965138e+01 -1.250000e+02
      vertex   6.691824e+01 9.981122e+01 -1.290000e+02
    endloop
  endfacet
  facet normal -3.826834e-01 -9.238795e-01 0.000000e+00
    outer loop
      vertex   6.691824e+01 9.981122e+01 -1.290000e+02
      vertex   6.730413e+01 9.965138e+01 -1.250000e+02
      vertex   6.691824e+01 9.981122e+01 -1.250000e+02
    endloop
  endfacet
  facet normal -1.305262e-01 -9.914449e-01 0.000000e+00
    outer loop
      vertex   6.691824e+01 9.981122e+01 -1.290000e+02
      vertex   6.691824e+01 9.981122e+01 -1.250000e+02
      vertex   6.650413e+01 9.986574e+01 -1.290000e+02
    endloop
  endfacet
  facet normal -1.305262e-01 -9.914449e-01 0.000000e+00
    outer loop
      vertex   6.650413e+01 9.986574e+01 -1.290000e+02
      vertex   6.691824e+01 9.981122e+01 -1.250000e+02
      vertex   6.650413e+01 9.986574e+01 -1.250000e+02
    endloop
  endfacet
  facet normal 1.305262e-01 -9.914449e-01 0.000000e+00
    outer loop
      vertex   6.650413e+01 9.986574e+01 -1.290000e+02
      vertex   6.650413e+01 9.986574e+01 -1.250000e+02
      vertex   6.609002e+01 9.981122e+01 -1.290000e+02
    endloop
  endfacet
  facet normal 1.305262e-01 -9.914449e-01 0.000000e+00
    outer loop
      vertex   6.609002e+01 9.981122e+01 -1.290000e+02
      vertex   6.650413e+01 9.986574e+01 -1.250000e+02
      vertex   6.609002e+01 9.981122e+01 -1.250000e+02
    endloop
  endfacet
  facet normal 3.826834e-01 -9.238795e-01 0.000000e+00
    outer loop
      vertex   6.609002e+01 9.981122e+01 -1.290000e+02
      vertex   6.609002e+01 9.981122e+01 -1.250000e+02
      vertex   6.570413e+01 9.965138e+01 -1.290000e+02
    endloop
  endfacet
  facet normal 3.826834e-01 -9.238795e-01 0.000000e+00
    outer loop
      vertex   6.570413e+01 9.965138e+01 -1.290000e+02
      vertex   6.609002e+01 9.981122e+01 -1.250000e+02
      vertex   6.570413e+01 9.965138e+01 -1.250000e+02
    endloop
  endfacet
  facet normal 6.087614e-01 -7.933533e-01 0.000000e+00
    outer loop
      vertex   6.570413e+01 9.965138e+01 -1.290000e+02
      vertex   6.570413e+01 9.965138e+01 -1.250000e+02
      vertex   6.537276e+01 9.939711e+01 -1.290000e+02
    endloop
  endfacet
  facet normal 6.087614e-01 -7.933533e-01 0.000000e+00
    outer loop
      vertex   6.537276e+01 9.939711e+01 -1.290000e+02
      vertex   6.570413e+01 9.965138e+01 -1.250000e+02
      vertex   6.537276e+01 9.939711e+01 -1.250000e+02
    endloop
  endfacet
  facet normal 7.933533e-01 -6.087614e-01 0.000000e+00
    outer loop
      vertex   6.537276e+01 9.939711e+01 -1.290000e+02
      vertex   6.537276e+01 9.939711e+01 -1.250000e+02
      vertex   6.511849e+01 9.906574e+01 -1.290000e+02
    endloop
  endfacet
  facet normal 7.933533e-01 -6.087614e-01 0.000000e+00
    outer loop
      vertex   6.511849e+01 9.906574e+01 -1.290000e+02
      vertex   6.537276e+01 9.939711e+01 -1.250000e+02
      vertex   6.511849e+01 9.906574e+01 -1.250000e+02
    endloop
  endfacet
  facet normal 9.238795e-01 -3.826834e-01 0.000000e+00
    outer loop
      vertex   6.511849e+01 9.906574e+01 -1.290000e+02
      vertex   6.511849e+01 9.906574e+01 -1.250000e+02
      vertex   6.495865e+01 9.867985e+01 -1.290000e+02
    endloop
  endfacet
  facet normal 9.238795e-01 -3.826834e-01 0.000000e+00
    outer loop
      vertex   6.495865e+01 9.867985e+01 -1.290000e+02
      vertex   6.511849e+01 9.906574e+01 -1.250000e+02
      vertex   6.495865e+01 9.867985e+01 -1.250000e+02
    endloop
  endfacet
  facet normal 9.914449e-01 -1.305262e-01 0.000000e+00
    outer loop
      vertex   6.495865e+01 9.867985e+01 -1.290000e+02
      vertex   6.495865e+01 9.867985e+01 -1.250000e+02
      vertex   6.490413e+01 9.826574e+01 -1.290000e+02
    endloop
  endfacet
  facet normal 9.914449e-01 -1.305262e-01 0.000000e+00
    outer loop
      vertex   6.490413e+01 9.826574e+01 -1.290000e+02
      vertex   6.495865e+01 9.867985e+01 -1.250000e+02
      vertex   6.490413e+01 9.826574e+01 -1.250000e+02
    endloop
  endfacet
  facet normal 9.914449e-01 1.305262e-01 -0.000000e+00
    outer loop
      vertex   6.490413e+01 9.826574e+01 -1.290000e+02
      vertex   6.490413e+01 9.826574e+01 -1.250000e+02
      vertex   6.495865e+01 9.785163e+01 -1.290000e+02
    endloop
  endfacet
  facet normal 9.914449e-01 1.305262e-01 -0.000000e+00
    outer loop
      vertex   6.495865e+01 9.785163e+01 -1.290000e+02
      vertex   6.490413e+01 9.826574e+01 -1.250000e+02
      vertex   6.495865e+01 9.785163e+01 -1.250000e+02
    endloop
  endfacet
  facet normal 9.238795e-01 3.826834e-01 -0.000000e+00
    outer loop
      vertex   6.495865e+01 9.785163e+01 -1.290000e+02
      vertex   6.495865e+01 9.785163e+01 -1.250000e+02
      vertex   6.511849e+01 9.746574e+01 -1.290000e+02
    endloop
  endfacet
  facet normal 9.238795e-01 3.826834e-01 -0.000000e+00
    outer loop
      vertex   6.511849e+01 9.746574e+01 -1.290000e+02
      vertex   6.495865e+01 9.785163e+01 -1.250000e+02
      vertex   6.511849e+01 9.746574e+01 -1.250000e+02
    endloop
  endfacet
  facet normal 7.933533e-01 6.087614e-01 -0.000000e+00
    outer loop
      vertex   6.511849e+01 9.746574e+01 -1.290000e+02
      vertex   6.511849e+01 9.746574e+01 -1.250000e+02
      vertex   6.537276e+01 9.713437e+01 -1.290000e+02
    endloop
  endfacet
  facet normal 7.933533e-01 6.087614e-01 -0.000000e+00
    outer loop
      vertex   6.537276e+01 9.713437e+01 -1.290000e+02
      vertex   6.511849e+01 9.746574e+01 -1.250000e+02
      vertex   6.537276e+01 9.713437e+01 -1.250000e+02
    endloop
  endfacet
  facet normal 6.087614e-01 7.933533e-01 -0.000000e+00
    outer loop
      vertex   6.537276e+01 9.713437e+01 -1.290000e+02
      vertex   6.537276e+01 9.713437e+01 -1.250000e+02
      vertex   6.570413e+01 9.688010e+01 -1.290000e+02
    endloop
  endfacet
  facet normal 6.087614e-01 7.933533e-01 -0.000000e+00
    outer loop
      vertex   6.570413e+01 9.688010e+01 -1.290000e+02
      vertex   6.537276e+01 9.713437e+01 -1.250000e+02
      vertex   6.570413e+01 9.688010e+01 -1.250000e+02
    endloop
  endfacet
  facet normal 3.826834e-01 9.238795e-01 -0.000000e+00
    outer loop
      vertex   6.570413e+01 9.688010e+01 -1.290000e+02
      vertex   6.570413e+01 9.688010e+01 -1.250000e+02
      vertex   6.609002e+01 9.672026e+01 -1.290000e+02
    endloop
  endfacet
  facet normal 3.826834e-01 9.238795e-01 -0.000000e+00
    outer loop
      vertex   6.609002e+01 9.672026e+01 -1.290000e+02
      vertex   6.570413e+01 9.688010e+01 -1.250000e+02
      vertex   6.609002e+01 9.672026e+01 -1.250000e+02
    endloop
  endfacet
  facet normal 1.305262e-01 9.914449e-01 -0.000000e+00
    outer loop
      vertex   6.609002e+01 9.672026e+01 -1.290000e+02
      vertex   6.609002e+01 9.672026e+01 -1.250000e+02
      vertex   6.650413e+01 9.666574e+01 -1.290000e+02
    endloop
  endfacet
  facet normal 1.305262e-01 9.914449e-01 -0.000000e+00
    outer loop
      vertex   6.650413e+01 9.666574e+01 -1.290000e+02
      vertex   6.609002e+01 9.672026e+01 -1.250000e+02
      vertex   6.650413e+01 9.666574e+01 -1.250000e+02
    endloop
  endfacet
  facet normal -1.305262e-01 9.914449e-01 0.000000e+00
    outer loop
      vertex   6.650413e+01 9.666574e+01 -1.290000e+02
      vertex   6.650413e+01 9.666574e+01 -1.250000e+02
      vertex   6.691824e+01 9.672026e+01 -1.290000e+02
    endloop
  endfacet
  facet normal -1.305262e-01 9.914449e-01 0.000000e+00
    outer loop
      vertex   6.691824e+01 9.672026e+01 -1.290000e+02
      vertex   6.650413e+01 9.666574e+01 -1.250000e+02
      vertex   6.691824e+01 9.672026e+01 -1.250000e+02
    endloop
  endfacet
  facet normal -3.826834e-01 9.238795e-01 0.000000e+00
    outer loop
      vertex   6.691824e+01 9.672026e+01 -1.290000e+02
      vertex   6.691824e+01 9.672026e+01 -1.250000e+02
      vertex   6.730413e+01 9.688010e+01 -1.290000e+02
    endloop
  endfacet
  facet normal -3.826834e-01 9.238795e-01 0.000000e+00
    outer loop
      vertex   6.730413e+01 9.688010e+01 -1.290000e+02
      vertex   6.691824e+01 9.672026e+01 -1.250000e+02
      vertex   6.730413e+01 9.688010e+01 -1.250000e+02
    endloop
  endfacet
  facet normal -6.087614e-01 7.933533e-01 0.000000e+00
    outer loop
      vertex   6.730413e+01 9.688010e+01 -1.290000e+02
      vertex   6.730413e+01 9.688010e+01 -1.250000e+02
      vertex   6.763550e+01 9.713437e+01 -1.290000e+02
    endloop
  endfacet
  facet normal -6.087614e-01 7.933533e-01 0.000000e+00
    outer loop
      vertex   6.763550e+01 9.713437e+01 -1.290000e+02
      vertex   6.730413e+01 9.688010e+01 -1.250000e+02
      vertex   6.763550e+01 9.713437e+01 -1.250000e+02
    endloop
  endfacet
  facet normal -7.933533e-01 6.087614e-01 0.000000e+00
    outer loop
      vertex   6.763550e+01 9.713437e+01 -1.290000e+02
      vertex   6.763550e+01 9.713437e+01 -1.250000e+02
      vertex   6.788977e+01 9.746574e+01 -1.290000e+02
    endloop
  endfacet
  facet normal -7.933533e-01 6.087614e-01 0.000000e+00
    outer loop
      vertex   6.788977e+01 9.746574e+01 -1.290000e+02
      vertex   6.763550e+01 9.713437e+01 -1.250000e+02
      vertex   6.788977e+01 9.746574e+01 -1.250000e+02
    endloop
  endfacet
  facet normal -9.238795e-01 3.826834e-01 0.000000e+00
    outer loop
      vertex   6.788977e+01 9.746574e+01 -1.290000e+02
      vertex   6.788977e+01 9.746574e+01 -1.250000e+02
      vertex   6.804962e+01 9.785163e+01 -1.290000e+02
    endloop
  endfacet
  facet normal -9.238795e-01 3.826834e-01 0.000000e+00
    outer loop
      vertex   6.804962e+01 9.785163e+01 -1.290000e+02
      vertex   6.788977e+01 9.746574e+01 -1.250000e+02
      vertex   6.804962e+01 9.785163e+01 -1.250000e+02
    endloop
  endfacet
  facet normal 1.305262e-01 -9.914449e-01 0.000000e+00
    outer loop
      vertex   5.750000e+01 8.400000e+01 -1.290000e+02
      vertex   5.750000e+01 8.400000e+01 -1.250000e+02
      vertex   5.685295e+01 8.391482e+01 -1.290000e+02
    endloop
  endfacet
  facet normal 1.305262e-01 -9.914449e-01 0.000000e+00
    outer loop
      vertex   5.685295e+01 8.391482e+01 -1.290000e+02
      vertex   5.750000e+01 8.400000e+01 -1.250000e+02
      vertex   5.685295e+01 8.391482e+01 -1.250000e+02
    endloop
  endfacet
  facet normal 3.826834e-01 -9.238795e-01 0.000000e+00
    outer loop
      vertex   5.685295e+01 8.391482e+01 -1.290000e+02
      vertex   5.685295e+01 8.391482e+01 -1.250000e+02
      vertex   5.625000e+01 8.366506e+01 -1.290000e+02
    endloop
  endfacet
  facet normal 3.826834e-01 -9.238795e-01 0.000000e+00
    outer loop
      vertex   5.625000e+01 8.366506e+01 -1.290000e+02
      vertex   5.685295e+01 8.391482e+01 -1.250000e+02
      vertex   5.625000e+01 8.366506e+01 -1.250000e+02
    endloop
  endfacet
  facet normal 6.087614e-01 -7.933533e-01 0.000000e+00
    outer loop
      vertex   5.625000e+01 8.366506e+01 -1.290000e+02
      vertex   5.625000e+01 8.366506e+01 -1.250000e+02
      vertex   5.573223e+01 8.326777e+01 -1.290000e+02
    endloop
  endfacet
  facet normal 6.087614e-01 -7.933533e-01 0.000000e+00
    outer loop
      vertex   5.573223e+01 8.326777e+01 -1.290000e+02
      vertex   5.625000e+01 8.366506e+01 -1.250000e+02
      vertex   5.573223e+01 8.326777e+01 -1.250000e+02
    endloop
  endfacet
  facet normal 7.933533e-01 -6.087614e-01 0.000000e+00
    outer loop
      vertex   5.573223e+01 8.326777e+01 -1.290000e+02
      vertex   5.573223e+01 8.326777e+01 -1.250000e+02
      vertex   5.533494e+01 8.275000e+01 -1.290000e+02
    endloop
  endfacet
  facet normal 7.933533e-01 -6.087614e-01 0.000000e+00
    outer loop
      vertex   5.533494e+01 8.275000e+01 -1.290000e+02
      vertex   5.573223e+01 8.326777e+01 -1.250000e+02
      vertex   5.533494e+01 8.275000e+01 -1.250000e+02
    endloop
  endfacet
  facet normal 9.238795e-01 -3.826834e-01 0.000000e+00
    outer loop
      vertex   5.533494e+01 8.275000e+01 -1.290000e+02
      vertex   5.533494e+01 8.275000e+01 -1.250000e+02
      vertex   5.508519e+01 8.214705e+01 -1.290000e+02
    endloop
  endfacet
  facet normal 9.238795e-01 -3.826834e-01 0.000000e+00
    outer loop
      vertex   5.508519e+01 8.214705e+01 -1.290000e+02
      vertex   5.533494e+01 8.275000e+01 -1.250000e+02
      vertex   5.508519e+01 8.214705e+01 -1.250000e+02
    endloop
  endfacet
  facet normal 9.914449e-01 -1.305262e-01 0.000000e+00
    outer loop
      vertex   5.508519e+01 8.214705e+01 -1.290000e+02
      vertex   5.508519e+01 8.214705e+01 -1.250000e+02
      vertex   5.500000e+01 8.150000e+01 -1.290000e+02
    endloop
  endfacet
  facet normal 9.914449e-01 -1.305262e-01 0.000000e+00
    outer loop
      vertex   5.500000e+01 8.150000e+01 -1.290000e+02
      vertex   5.508519e+01 8.214705e+01 -1.250000e+02
      vertex   5.500000e+01 8.150000e+01 -1.250000e+02
    endloop
  endfacet
  facet normal 1.000000e+00 0.000000e+00 0.000000e+00
    outer loop
      vertex   5.500000e+01 8.150000e+01 -1.250000e+02
      vertex   5.500000e+01 7.750000e+01 -1.250000e+02
      vertex   5.500000e+01 8.150000e+01 -1.290000e+02
    endloop
  endfacet
  facet normal 1.000000e+00 0.000000e+00 0.000000e+00
    outer loop
      vertex   5.500000e+01 8.150000e+01 -1.290000e+02
      vertex   5.500000e+01 7.750000e+01 -1.250000e+02
      vertex   5.500000e+01 7.750000e+01 -1.290000e+02
    endloop
  endfacet
  facet normal 0.000000e+00 -1.000000e+00 0.000000e+00
    outer loop
      vertex   5.750000e+01 8.400000e+01 -1.290000e+02
      vertex   6.280000e+01 8.400000e+01 -1.290000e+02
      vertex   5.750000e+01 8.400000e+01 -1.250000e+02
    endloop
  endfacet
  facet normal 0.000000e+00 -1.000000e+00 0.000000e+00
    outer loop
      vertex   5.750000e+01 8.400000e+01 -1.250000e+02
      vertex   6.280000e+01 8.400000e+01 -1.290000e+02
      vertex   6.280000e+01 8.400000e+01 -1.250000e+02
    endloop
  endfacet
  facet normal -4.528996e-14 6.724617e-14 -1.000000e+00
    outer loop
      vertex   6.255111e+01 1.106118e+02 -1.290000e+02
      vertex   5.191380e+01 1.034476e+02 -1.290000e+02
      vertex   6.250000e+01 1.110000e+02 -1.290000e+02
    endloop
  endfacet
  facet normal 1.391265e-15 1.813132e-15 -1.000000e+00
    outer loop
      vertex   6.250000e+01 1.110000e+02 -1.290000e+02
      vertex   5.191380e+01 1.034476e+02 -1.290000e+02
      vertex   5.149959e+01 1.037654e+02 -1.290000e+02
    endloop
  endfacet
  facet normal 5.553911e-14 -8.052056e-14 -1.000000e+00
    outer loop
      vertex   6.250000e+01 1.110000e+02 -1.290000e+02
      vertex   5.149959e+01 1.037654e+02 -1.290000e+02
      vertex   6.255111e+01 1.113882e+02 -1.290000e+02
    endloop
  endfacet
  facet normal 0.000000e+00 0.000000e+00 -1.000000e+00
    outer loop
      vertex   6.255111e+01 1.113882e+02 -1.290000e+02
      vertex   5.149959e+01 1.037654e+02 -1.290000e+02
      vertex   5.101723e+01 1.039652e+02 -1.290000e+02
    endloop
  endfacet
  facet normal -0.000000e+00 0.000000e+00 -1.000000e+00
    outer loop
      vertex   6.255111e+01 1.113882e+02 -1.290000e+02
      vertex   5.101723e+01 1.039652e+02 -1.290000e+02
      vertex   4.560633e+01 1.160327e+02 -1.290000e+02
    endloop
  endfacet
  facet normal 0.000000e+00 -0.000000e+00 -1.000000e+00
    outer loop
      vertex   4.560633e+01 1.160327e+02 -1.290000e+02
      vertex   5.101723e+01 1.039652e+02 -1.290000e+02
      vertex   4.540653e+01 1.155503e+02 -1.290000e+02
    endloop
  endfacet
  facet normal 0.000000e+00 0.000000e+00 -1.000000e+00
    outer loop
      vertex   4.540653e+01 1.155503e+02 -1.290000e+02
      vertex   5.101723e+01 1.039652e+02 -1.290000e+02
      vertex   5.049959e+01 1.040334e+02 -1.290000e+02
    endloop
  endfacet
  facet normal 0.000000e+00 0.000000e+00 -1.000000e+00
    outer loop
      vertex   4.540653e+01 1.155503e+02 -1.290000e+02
      vertex   5.049959e+01 1.040334e+02 -1.290000e+02
      vertex   4.549413e+01 1.068503e+02 -1.290000e+02
    endloop
  endfacet
  facet normal 0.000000e+00 0.000000e+00 -1.000000e+00
    outer loop
      vertex   4.549413e+01 1.068503e+02 -1.290000e+02
      vertex   5.049959e+01 1.040334e+02 -1.290000e+02
      vertex   4.949959e+01 1.040334e+02 -1.290000e+02
    endloop
  endfacet
  facet normal 0.000000e+00 0.000000e+00 -1.000000e+00
    outer loop
      vertex   4.549413e+01 1.068503e+02 -1.290000e+02
      vertex   4.949959e+01 1.040334e+02 -1.290000e+02
      vertex   4.565397e+01 1.064645e+02 -1.290000e+02
    endloop
  endfacet
  facet normal 0.000000e+00 0.000000e+00 -1.000000e+00
    outer loop
      vertex   4.565397e+01 1.064645e+02 -1.290000e+02
      vertex   4.949959e+01 1.040334e+02 -1.290000e+02
      vertex   4.898195e+01 1.039652e+02 -1.290000e+02
    endloop
  endfacet
  facet normal 0.000000e+00 0.000000e+00 -1.000000e+00
    outer loop
      vertex   4.565397e+01 1.064645e+02 -1.290000e+02
      vertex   4.898195e+01 1.039652e+02 -1.290000e+02
      vertex   4.570849e+01 1.060503e+02 -1.290000e+02
    endloop
  endfacet
  facet normal 0.000000e+00 0.000000e+00 -1.000000e+00
    outer loop
      vertex   4.570849e+01 1.060503e+02 -1.290000e+02
      vertex   4.898195e+01 1.039652e+02 -1.290000e+02
      vertex   4.849959e+01 1.037654e+02 -1.290000e+02
    endloop
  endfacet
  facet normal 0.000000e+00 -0.000000e+00 -1.000000e+00
    outer loop
      vertex   4.570849e+01 1.060503e+02 -1.290000e+02
      vertex   4.849959e+01 1.037654e+02 -1.290000e+02
      vertex   4.565397e+01 1.056362e+02 -1.290000e+02
    endloop
  endfacet
  facet normal 0.000000e+00 0.000000e+00 -1.000000e+00
    outer loop
      vertex   4.565397e+01 1.056362e+02 -1.290000e+02
      vertex   4.849959e+01 1.037654e+02 -1.290000e+02
      vertex   4.808537e+01 1.034476e+02 -1.290000e+02
    endloop
  endfacet
  facet normal 0.000000e+00 -0.000000e+00 -1.000000e+00
    outer loop
      vertex   4.565397e+01 1.056362e+02 -1.290000e+02
      vertex   4.808537e+01 1.034476e+02 -1.290000e+02
      vertex   4.549413e+01 1.052503e+02 -1.290000e+02
    endloop
  endfacet
  facet normal 0.000000e+00 0.000000e+00 -1.000000e+00
    outer loop
      vertex   4.549413e+01 1.052503e+02 -1.290000e+02
      vertex   4.808537e+01 1.034476e+02 -1.290000e+02
      vertex   4.776754e+01 1.030334e+02 -1.290000e+02
    endloop
  endfacet
  facet normal 0.000000e+00 -0.000000e+00 -1.000000e+00
    outer loop
      vertex   4.549413e+01 1.052503e+02 -1.290000e+02
      vertex   4.776754e+01 1.030334e+02 -1.290000e+02
      vertex   4.523986e+01 1.049190e+02 -1.290000e+02
    endloop
  endfacet
  facet normal 0.000000e+00 0.000000e+00 -1.000000e+00
    outer loop
      vertex   4.523986e+01 1.049190e+02 -1.290000e+02
      vertex   4.776754e+01 1.030334e+02 -1.290000e+02
      vertex   4.756774e+01 1.025510e+02 -1.290000e+02
    endloop
  endfacet
  facet normal 0.000000e+00 -0.000000e+00 -1.000000e+00
    outer loop
      vertex   4.523986e+01 1.049190e+02 -1.290000e+02
      vertex   4.756774e+01 1.025510e+02 -1.290000e+02
      vertex   4.490849e+01 1.046647e+02 -1.290000e+02
    endloop
  endfacet
  facet normal 0.000000e+00 0.000000e+00 -1.000000e+00
    outer loop
      vertex   4.490849e+01 1.046647e+02 -1.290000e+02
      vertex   4.756774e+01 1.025510e+02 -1.290000e+02
      vertex   4.749959e+01 1.020334e+02 -1.290000e+02
    endloop
  endfacet
  facet normal 0.000000e+00 -0.000000e+00 -1.000000e+00
    outer loop
      vertex   4.490849e+01 1.046647e+02 -1.290000e+02
      vertex   4.749959e+01 1.020334e+02 -1.290000e+02
      vertex   4.452260e+01 1.045049e+02 -1.290000e+02
    endloop
  endfacet
  facet normal 0.000000e+00 -0.000000e+00 -1.000000e+00
    outer loop
      vertex   4.452260e+01 1.045049e+02 -1.290000e+02
      vertex   4.749959e+01 1.020334e+02 -1.290000e+02
      vertex   4.410849e+01 1.044503e+02 -1.290000e+02
    endloop
  endfacet
  facet normal -0.000000e+00 -0.000000e+00 -1.000000e+00
    outer loop
      vertex   4.410849e+01 1.044503e+02 -1.290000e+02
      vertex   4.749959e+01 1.020334e+02 -1.290000e+02
      vertex   4.369438e+01 1.045049e+02 -1.290000e+02
    endloop
  endfacet
  facet normal -1.153743e-15 -1.776357e-15 -1.000000e+00
    outer loop
      vertex   4.369438e+01 1.045049e+02 -1.290000e+02
      vertex   4.749959e+01 1.020334e+02 -1.290000e+02
      vertex   4.749959e+01 8.603338e+01 -1.290000e+02
    endloop
  endfacet
  facet normal -1.686237e-15 -1.886053e-15 -1.000000e+00
    outer loop
      vertex   4.369438e+01 1.045049e+02 -1.290000e+02
      vertex   4.749959e+01 8.603338e+01 -1.290000e+02
      vertex   3.183666e+01 1.000369e+02 -1.290000e+02
    endloop
  endfacet
  facet normal 0.000000e+00 0.000000e+00 -1.000000e+00
    outer loop
      vertex   3.183666e+01 1.000369e+02 -1.290000e+02
      vertex   4.749959e+01 8.603338e+01 -1.290000e+02
      vertex   3.183666e+01 8.803692e+01 -1.290000e+02
    endloop
  endfacet
  facet normal 0.000000e+00 -0.000000e+00 -1.000000e+00
    outer loop
      vertex   3.183666e+01 8.803692e+01 -1.290000e+02
      vertex   4.749959e+01 8.603338e+01 -1.290000e+02
      vertex   3.178555e+01 8.764869e+01 -1.290000e+02
    endloop
  endfacet
  facet normal 3.980212e-16 3.872028e-15 -1.000000e+00
    outer loop
      vertex   3.178555e+01 8.764869e+01 -1.290000e+02
      vertex   4.749959e+01 8.603338e+01 -1.290000e+02
      vertex   3.235201e+01 8.025020e+01 -1.290000e+02
    endloop
  endfacet
  facet normal -7.827475e-15 3.242246e-15 -1.000000e+00
    outer loop
      vertex   3.178555e+01 8.764869e+01 -1.290000e+02
      vertex   3.235201e+01 8.025020e+01 -1.290000e+02
      vertex   3.163570e+01 8.728692e+01 -1.290000e+02
    endloop
  endfacet
  facet normal 6.068927e-15 4.656851e-15 -1.000000e+00
    outer loop
      vertex   3.163570e+01 8.728692e+01 -1.290000e+02
      vertex   3.235201e+01 8.025020e+01 -1.290000e+02
      vertex   3.193876e+01 8.078876e+01 -1.290000e+02
    endloop
  endfacet
  facet normal -5.373459e-15 4.123200e-15 -1.000000e+00
    outer loop
      vertex   3.163570e+01 8.728692e+01 -1.290000e+02
      vertex   3.193876e+01 8.078876e+01 -1.290000e+02
      vertex   3.139732e+01 8.697626e+01 -1.290000e+02
    endloop
  endfacet
  facet normal 3.778343e-15 4.924032e-15 -1.000000e+00
    outer loop
      vertex   3.139732e+01 8.697626e+01 -1.290000e+02
      vertex   3.193876e+01 8.078876e+01 -1.290000e+02
      vertex   3.140020e+01 8.120201e+01 -1.290000e+02
    endloop
  endfacet
  facet normal -3.775452e-15 4.920265e-15 -1.000000e+00
    outer loop
      vertex   3.139732e+01 8.697626e+01 -1.290000e+02
      vertex   3.140020e+01 8.120201e+01 -1.290000e+02
      vertex   3.108666e+01 8.673788e+01 -1.290000e+02
    endloop
  endfacet
  facet normal 2.177703e-15 5.257439e-15 -1.000000e+00
    outer loop
      vertex   3.108666e+01 8.673788e+01 -1.290000e+02
      vertex   3.140020e+01 8.120201e+01 -1.290000e+02
      vertex   3.077303e+01 8.146179e+01 -1.290000e+02
    endloop
  endfacet
  facet normal -2.287649e-15 5.522873e-15 -1.000000e+00
    outer loop
      vertex   3.108666e+01 8.673788e+01 -1.290000e+02
      vertex   3.077303e+01 8.146179e+01 -1.290000e+02
      vertex   3.072489e+01 8.658803e+01 -1.290000e+02
    endloop
  endfacet
  facet normal -7.290272e-16 5.537511e-15 -1.000000e+00
    outer loop
      vertex   3.072489e+01 8.658803e+01 -1.290000e+02
      vertex   3.077303e+01 8.146179e+01 -1.290000e+02
      vertex   3.033666e+01 8.653692e+01 -1.290000e+02
    endloop
  endfacet
  facet normal 7.457211e-16 5.664314e-15 -1.000000e+00
    outer loop
      vertex   3.033666e+01 8.653692e+01 -1.290000e+02
      vertex   3.077303e+01 8.146179e+01 -1.290000e+02
      vertex   3.010000e+01 8.155040e+01 -1.290000e+02
    endloop
  endfacet
  facet normal 0.000000e+00 5.699706e-15 -1.000000e+00
    outer loop
      vertex   3.033666e+01 8.653692e+01 -1.290000e+02
      vertex   3.010000e+01 8.155040e+01 -1.290000e+02
      vertex   2.958666e+01 8.653692e+01 -1.290000e+02
    endloop
  endfacet
  facet normal -7.403465e-16 5.623490e-15 -1.000000e+00
    outer loop
      vertex   2.958666e+01 8.653692e+01 -1.290000e+02
      vertex   3.010000e+01 8.155040e+01 -1.290000e+02
      vertex   2.942697e+01 8.146179e+01 -1.290000e+02
    endloop
  endfacet
  facet normal 7.342380e-16 5.577092e-15 -1.000000e+00
    outer loop
      vertex   2.958666e+01 8.653692e+01 -1.290000e+02
      vertex   2.942697e+01 8.146179e+01 -1.290000e+02
      vertex   2.919843e+01 8.658803e+01 -1.290000e+02
    endloop
  endfacet
  facet normal -2.254908e-15 5.443830e-15 -1.000000e+00
    outer loop
      vertex   2.919843e+01 8.658803e+01 -1.290000e+02
      vertex   2.942697e+01 8.146179e+01 -1.290000e+02
      vertex   2.879980e+01 8.120201e+01 -1.290000e+02
    endloop
  endfacet
  facet normal 2.120765e-15 5.119979e-15 -1.000000e+00
    outer loop
      vertex   2.919843e+01 8.658803e+01 -1.290000e+02
      vertex   2.879980e+01 8.120201e+01 -1.290000e+02
      vertex   2.883666e+01 8.673788e+01 -1.290000e+02
    endloop
  endfacet
  facet normal 3.919508e-15 5.108003e-15 -1.000000e+00
    outer loop
      vertex   2.883666e+01 8.673788e+01 -1.290000e+02
      vertex   2.879980e+01 8.120201e+01 -1.290000e+02
      vertex   2.852600e+01 8.697626e+01 -1.290000e+02
    endloop
  endfacet
  facet normal -3.644299e-15 4.749343e-15 -1.000000e+00
    outer loop
      vertex   2.852600e+01 8.697626e+01 -1.290000e+02
      vertex   2.879980e+01 8.120201e+01 -1.290000e+02
      vertex   2.826124e+01 8.078876e+01 -1.290000e+02
    endloop
  endfacet
  facet normal 5.670060e-15 4.350790e-15 -1.000000e+00
    outer loop
      vertex   2.852600e+01 8.697626e+01 -1.290000e+02
      vertex   2.826124e+01 8.078876e+01 -1.290000e+02
      vertex   2.828762e+01 8.728692e+01 -1.290000e+02
    endloop
  endfacet
  facet normal -5.730374e-15 4.397071e-15 -1.000000e+00
    outer loop
      vertex   2.828762e+01 8.728692e+01 -1.290000e+02
      vertex   2.826124e+01 8.078876e+01 -1.290000e+02
      vertex   2.784799e+01 8.025020e+01 -1.290000e+02
    endloop
  endfacet
  facet normal 9.457060e-16 3.979971e-15 -1.000000e+00
    outer loop
      vertex   2.828762e+01 8.728692e+01 -1.290000e+02
      vertex   2.784799e+01 8.025020e+01 -1.290000e+02
      vertex   1.845754e+01 8.962271e+01 -1.290000e+02
    endloop
  endfacet
  facet normal -1.315519e-15 1.714418e-15 -1.000000e+00
    outer loop
      vertex   1.845754e+01 8.962271e+01 -1.290000e+02
      vertex   2.784799e+01 8.025020e+01 -1.290000e+02
      vertex   1.804333e+01 8.930487e+01 -1.290000e+02
    endloop
  endfacet
  facet normal -2.096734e-15 8.684958e-16 -1.000000e+00
    outer loop
      vertex   1.804333e+01 8.930487e+01 -1.290000e+02
      vertex   2.784799e+01 8.025020e+01 -1.290000e+02
      vertex   2.758821e+01 7.962303e+01 -1.290000e+02
    endloop
  endfacet
  facet normal -8.633857e-16 2.084398e-15 -1.000000e+00
    outer loop
      vertex   1.804333e+01 8.930487e+01 -1.290000e+02
      vertex   2.758821e+01 7.962303e+01 -1.290000e+02
      vertex   1.756097e+01 8.910507e+01 -1.290000e+02
    endloop
  endfacet
  facet normal -2.520644e-15 3.318491e-16 -1.000000e+00
    outer loop
      vertex   1.756097e+01 8.910507e+01 -1.290000e+02
      vertex   2.758821e+01 7.962303e+01 -1.290000e+02
      vertex   2.749960e+01 7.895000e+01 -1.290000e+02
    endloop
  endfacet
  facet normal -3.264085e-16 2.479319e-15 -1.000000e+00
    outer loop
      vertex   1.756097e+01 8.910507e+01 -1.290000e+02
      vertex   2.749960e+01 7.895000e+01 -1.290000e+02
      vertex   1.704333e+01 8.903692e+01 -1.290000e+02
    endloop
  endfacet
  facet normal -3.113580e-15 -4.099106e-16 -1.000000e+00
    outer loop
      vertex   1.704333e+01 8.903692e+01 -1.290000e+02
      vertex   2.749960e+01 7.895000e+01 -1.290000e+02
      vertex   2.758821e+01 7.827697e+01 -1.290000e+02
    endloop
  endfacet
  facet normal -2.931428e-15 -2.313993e-16 -1.000000e+00
    outer loop
      vertex   1.704333e+01 8.903692e+01 -1.290000e+02
      vertex   2.758821e+01 7.827697e+01 -1.290000e+02
      vertex   1.898236e+01 6.447274e+01 -1.290000e+02
    endloop
  endfacet
  facet normal 2.952975e-16 -2.243007e-15 -1.000000e+00
    outer loop
      vertex   1.898236e+01 6.447274e+01 -1.290000e+02
      vertex   2.758821e+01 7.827697e+01 -1.290000e+02
      vertex   1.950000e+01 6.454089e+01 -1.290000e+02
    endloop
  endfacet
  facet normal -2.062851e-15 -8.544607e-16 -1.000000e+00
    outer loop
      vertex   1.950000e+01 6.454089e+01 -1.290000e+02
      vertex   2.758821e+01 7.827697e+01 -1.290000e+02
      vertex   2.784799e+01 7.764980e+01 -1.290000e+02
    endloop
  endfacet
  facet normal -1.544086e-15 -1.184819e-15 -1.000000e+00
    outer loop
      vertex   1.950000e+01 6.454089e+01 -1.290000e+02
      vertex   2.784799e+01 7.764980e+01 -1.290000e+02
      vertex   2.826124e+01 7.711124e+01 -1.290000e+02
    endloop
  endfacet
  facet normal 0.000000e+00 0.000000e+00 -1.000000e+00
    outer loop
      vertex   5.191380e+01 1.034476e+02 -1.290000e+02
      vertex   6.255111e+01 1.106118e+02 -1.290000e+02
      vertex   5.223164e+01 1.030334e+02 -1.290000e+02
    endloop
  endfacet
  facet normal 0.000000e+00 0.000000e+00 -1.000000e+00
    outer loop
      vertex   5.223164e+01 1.030334e+02 -1.290000e+02
      vertex   6.255111e+01 1.106118e+02 -1.290000e+02
      vertex   6.270096e+01 1.102500e+02 -1.290000e+02
    endloop
  endfacet
  facet normal 0.000000e+00 0.000000e+00 -1.000000e+00
    outer loop
      vertex   5.223164e+01 1.030334e+02 -1.290000e+02
      vertex   6.270096e+01 1.102500e+02 -1.290000e+02
      vertex   5.243144e+01 1.025510e+02 -1.290000e+02
    endloop
  endfacet
  facet normal 0.000000e+00 0.000000e+00 -1.000000e+00
    outer loop
      vertex   5.243144e+01 1.025510e+02 -1.290000e+02
      vertex   6.270096e+01 1.102500e+02 -1.290000e+02
      vertex   6.293934e+01 1.099393e+02 -1.290000e+02
    endloop
  endfacet
  facet normal 0.000000e+00 0.000000e+00 -1.000000e+00
    outer loop
      vertex   5.243144e+01 1.025510e+02 -1.290000e+02
      vertex   6.293934e+01 1.099393e+02 -1.290000e+02
      vertex   6.325000e+01 1.097010e+02 -1.290000e+02
    endloop
  endfacet
  facet normal -1.249145e-15 -3.015702e-15 -1.000000e+00
    outer loop
      vertex   6.361177e+01 1.095511e+02 -1.290000e+02
      vertex   6.537276e+01 9.939711e+01 -1.290000e+02
      vertex   6.325000e+01 1.097010e+02 -1.290000e+02
    endloop
  endfacet
  facet normal 2.833900e-15 -2.174528e-15 -1.000000e+00
    outer loop
      vertex   6.325000e+01 1.097010e+02 -1.290000e+02
      vertex   6.537276e+01 9.939711e+01 -1.290000e+02
      vertex   6.511849e+01 9.906574e+01 -1.290000e+02
    endloop
  endfacet
  facet normal 1.693813e-15 -2.374829e-15 -1.000000e+00
    outer loop
      vertex   6.325000e+01 1.097010e+02 -1.290000e+02
      vertex   6.511849e+01 9.906574e+01 -1.290000e+02
      vertex   5.249959e+01 1.020334e+02 -1.290000e+02
    endloop
  endfacet
  facet normal 2.052384e-15 -8.501254e-16 -1.000000e+00
    outer loop
      vertex   5.249959e+01 1.020334e+02 -1.290000e+02
      vertex   6.511849e+01 9.906574e+01 -1.290000e+02
      vertex   6.495865e+01 9.867985e+01 -1.290000e+02
    endloop
  endfacet
  facet normal 2.203137e-15 -2.900485e-16 -1.000000e+00
    outer loop
      vertex   5.249959e+01 1.020334e+02 -1.290000e+02
      vertex   6.495865e+01 9.867985e+01 -1.290000e+02
      vertex   6.490413e+01 9.826574e+01 -1.290000e+02
    endloop
  endfacet
  facet normal 1.895546e-15 -2.470324e-15 -1.000000e+00
    outer loop
      vertex   6.537276e+01 9.939711e+01 -1.290000e+02
      vertex   6.361177e+01 1.095511e+02 -1.290000e+02
      vertex   6.570413e+01 9.965138e+01 -1.290000e+02
    endloop
  endfacet
  facet normal -3.887870e-16 -2.953130e-15 -1.000000e+00
    outer loop
      vertex   6.570413e+01 9.965138e+01 -1.290000e+02
      vertex   6.361177e+01 1.095511e+02 -1.290000e+02
      vertex   6.400000e+01 1.095000e+02 -1.290000e+02
    endloop
  endfacet
  facet normal 1.115417e-15 -2.692854e-15 -1.000000e+00
    outer loop
      vertex   6.570413e+01 9.965138e+01 -1.290000e+02
      vertex   6.400000e+01 1.095000e+02 -1.290000e+02
      vertex   6.609002e+01 9.981122e+01 -1.290000e+02
    endloop
  endfacet
  facet normal 3.755333e-16 -2.852458e-15 -1.000000e+00
    outer loop
      vertex   6.609002e+01 9.981122e+01 -1.290000e+02
      vertex   6.400000e+01 1.095000e+02 -1.290000e+02
      vertex   6.438823e+01 1.095511e+02 -1.290000e+02
    endloop
  endfacet
  facet normal 3.755333e-16 -2.852458e-15 -1.000000e+00
    outer loop
      vertex   6.609002e+01 9.981122e+01 -1.290000e+02
      vertex   6.438823e+01 1.095511e+02 -1.290000e+02
      vertex   6.650413e+01 9.986574e+01 -1.290000e+02
    endloop
  endfacet
  facet normal 1.114644e-15 -2.690989e-15 -1.000000e+00
    outer loop
      vertex   6.650413e+01 9.986574e+01 -1.290000e+02
      vertex   6.438823e+01 1.095511e+02 -1.290000e+02
      vertex   6.475000e+01 1.097010e+02 -1.290000e+02
    endloop
  endfacet
  facet normal -3.895958e-16 -2.959274e-15 -1.000000e+00
    outer loop
      vertex   6.650413e+01 9.986574e+01 -1.290000e+02
      vertex   6.475000e+01 1.097010e+02 -1.290000e+02
      vertex   6.691824e+01 9.981122e+01 -1.290000e+02
    endloop
  endfacet
  facet normal 1.887632e-15 -2.460010e-15 -1.000000e+00
    outer loop
      vertex   6.691824e+01 9.981122e+01 -1.290000e+02
      vertex   6.475000e+01 1.097010e+02 -1.290000e+02
      vertex   6.506066e+01 1.099393e+02 -1.290000e+02
    endloop
  endfacet
  facet normal -1.257940e-15 -3.036935e-15 -1.000000e+00
    outer loop
      vertex   6.691824e+01 9.981122e+01 -1.290000e+02
      vertex   6.506066e+01 1.099393e+02 -1.290000e+02
      vertex   6.730413e+01 9.965138e+01 -1.290000e+02
    endloop
  endfacet
  facet normal 2.803566e-15 -2.151252e-15 -1.000000e+00
    outer loop
      vertex   6.730413e+01 9.965138e+01 -1.290000e+02
      vertex   6.506066e+01 1.099393e+02 -1.290000e+02
      vertex   6.529904e+01 1.102500e+02 -1.290000e+02
    endloop
  endfacet
  facet normal -2.407131e-15 -3.137035e-15 -1.000000e+00
    outer loop
      vertex   6.730413e+01 9.965138e+01 -1.290000e+02
      vertex   6.529904e+01 1.102500e+02 -1.290000e+02
      vertex   6.763550e+01 9.939711e+01 -1.290000e+02
    endloop
  endfacet
  facet normal 4.160160e-15 -1.723195e-15 -1.000000e+00
    outer loop
      vertex   6.763550e+01 9.939711e+01 -1.290000e+02
      vertex   6.529904e+01 1.102500e+02 -1.290000e+02
      vertex   6.544889e+01 1.106118e+02 -1.290000e+02
    endloop
  endfacet
  facet normal -4.427957e-15 -3.397691e-15 -1.000000e+00
    outer loop
      vertex   6.763550e+01 9.939711e+01 -1.290000e+02
      vertex   6.544889e+01 1.106118e+02 -1.290000e+02
      vertex   6.788977e+01 9.906574e+01 -1.290000e+02
    endloop
  endfacet
  facet normal 7.175481e-15 -9.446699e-16 -1.000000e+00
    outer loop
      vertex   6.788977e+01 9.906574e+01 -1.290000e+02
      vertex   6.544889e+01 1.106118e+02 -1.290000e+02
      vertex   6.550000e+01 1.110000e+02 -1.290000e+02
    endloop
  endfacet
  facet normal -1.113024e-14 -4.610295e-15 -1.000000e+00
    outer loop
      vertex   6.788977e+01 9.906574e+01 -1.290000e+02
      vertex   6.550000e+01 1.110000e+02 -1.290000e+02
      vertex   6.804962e+01 9.867985e+01 -1.290000e+02
    endloop
  endfacet
  facet normal 1.201562e-14 1.796629e-16 -1.000000e+00
    outer loop
      vertex   6.804962e+01 9.867985e+01 -1.290000e+02
      vertex   6.550000e+01 1.110000e+02 -1.290000e+02
      vertex   6.526824e+01 1.265000e+02 -1.290000e+02
    endloop
  endfacet
  facet normal -4.397699e-15 -1.461292e-15 -1.000000e+00
    outer loop
      vertex   6.804962e+01 9.867985e+01 -1.290000e+02
      vertex   6.526824e+01 1.265000e+02 -1.290000e+02
      vertex   7.000000e+01 9.281025e+01 -1.290000e+02
    endloop
  endfacet
  facet normal 2.804159e-15 -4.497835e-16 -1.000000e+00
    outer loop
      vertex   7.000000e+01 9.281025e+01 -1.290000e+02
      vertex   6.526824e+01 1.265000e+02 -1.290000e+02
      vertex   7.000000e+01 1.560000e+02 -1.290000e+02
    endloop
  endfacet
  facet normal 0.000000e+00 0.000000e+00 -1.000000e+00
    outer loop
      vertex   7.000000e+01 1.560000e+02 -1.290000e+02
      vertex   6.526824e+01 1.265000e+02 -1.290000e+02
      vertex   6.521372e+01 1.269141e+02 -1.290000e+02
    endloop
  endfacet
  facet normal 0.000000e+00 0.000000e+00 -1.000000e+00
    outer loop
      vertex   7.000000e+01 1.560000e+02 -1.290000e+02
      vertex   6.521372e+01 1.269141e+02 -1.290000e+02
      vertex   6.505388e+01 1.273000e+02 -1.290000e+02
    endloop
  endfacet
  facet normal 0.000000e+00 0.000000e+00 -1.000000e+00
    outer loop
      vertex   6.550000e+01 1.110000e+02 -1.290000e+02
      vertex   6.544889e+01 1.113882e+02 -1.290000e+02
      vertex   6.526824e+01 1.265000e+02 -1.290000e+02
    endloop
  endfacet
  facet normal 0.000000e+00 -0.000000e+00 -1.000000e+00
    outer loop
      vertex   6.526824e+01 1.265000e+02 -1.290000e+02
      vertex   6.544889e+01 1.113882e+02 -1.290000e+02
      vertex   6.521372e+01 1.260859e+02 -1.290000e+02
    endloop
  endfacet
  facet normal 0.000000e+00 0.000000e+00 -1.000000e+00
    outer loop
      vertex   6.521372e+01 1.260859e+02 -1.290000e+02
      vertex   6.544889e+01 1.113882e+02 -1.290000e+02
      vertex   6.529904e+01 1.117500e+02 -1.290000e+02
    endloop
  endfacet
  facet normal 0.000000e+00 -0.000000e+00 -1.000000e+00
    outer loop
      vertex   6.521372e+01 1.260859e+02 -1.290000e+02
      vertex   6.529904e+01 1.117500e+02 -1.290000e+02
      vertex   6.505388e+01 1.257000e+02 -1.290000e+02
    endloop
  endfacet
  facet normal 0.000000e+00 0.000000e+00 -1.000000e+00
    outer loop
      vertex   6.505388e+01 1.257000e+02 -1.290000e+02
      vertex   6.529904e+01 1.117500e+02 -1.290000e+02
      vertex   6.506066e+01 1.120607e+02 -1.290000e+02
    endloop
  endfacet
  facet normal 0.000000e+00 -0.000000e+00 -1.000000e+00
    outer loop
      vertex   6.505388e+01 1.257000e+02 -1.290000e+02
      vertex   6.506066e+01 1.120607e+02 -1.290000e+02
      vertex   6.479961e+01 1.253686e+02 -1.290000e+02
    endloop
  endfacet
  facet normal 0.000000e+00 -0.000000e+00 -1.000000e+00
    outer loop
      vertex   6.479961e+01 1.253686e+02 -1.290000e+02
      vertex   6.506066e+01 1.120607e+02 -1.290000e+02
      vertex   6.475000e+01 1.122990e+02 -1.290000e+02
    endloop
  endfacet
  facet normal 0.000000e+00 0.000000e+00 -1.000000e+00
    outer loop
      vertex   6.479961e+01 1.253686e+02 -1.290000e+02
      vertex   6.475000e+01 1.122990e+02 -1.290000e+02
      vertex   6.446824e+01 1.251144e+02 -1.290000e+02
    endloop
  endfacet
  facet normal 0.000000e+00 -0.000000e+00 -1.000000e+00
    outer loop
      vertex   6.446824e+01 1.251144e+02 -1.290000e+02
      vertex   6.475000e+01 1.122990e+02 -1.290000e+02
      vertex   6.438823e+01 1.124489e+02 -1.290000e+02
    endloop
  endfacet
  facet normal 0.000000e+00 0.000000e+00 -1.000000e+00
    outer loop
      vertex   6.446824e+01 1.251144e+02 -1.290000e+02
      vertex   6.438823e+01 1.124489e+02 -1.290000e+02
      vertex   6.408235e+01 1.249545e+02 -1.290000e+02
    endloop
  endfacet
  facet normal 0.000000e+00 -0.000000e+00 -1.000000e+00
    outer loop
      vertex   6.408235e+01 1.249545e+02 -1.290000e+02
      vertex   6.438823e+01 1.124489e+02 -1.290000e+02
      vertex   6.400000e+01 1.125000e+02 -1.290000e+02
    endloop
  endfacet
  facet normal 0.000000e+00 0.000000e+00 -1.000000e+00
    outer loop
      vertex   6.408235e+01 1.249545e+02 -1.290000e+02
      vertex   6.400000e+01 1.125000e+02 -1.290000e+02
      vertex   6.366824e+01 1.249000e+02 -1.290000e+02
    endloop
  endfacet
  facet normal 0.000000e+00 -0.000000e+00 -1.000000e+00
    outer loop
      vertex   6.366824e+01 1.249000e+02 -1.290000e+02
      vertex   6.400000e+01 1.125000e+02 -1.290000e+02
      vertex   6.361177e+01 1.124489e+02 -1.290000e+02
    endloop
  endfacet
  facet normal -0.000000e+00 0.000000e+00 -1.000000e+00
    outer loop
      vertex   6.366824e+01 1.249000e+02 -1.290000e+02
      vertex   6.361177e+01 1.124489e+02 -1.290000e+02
      vertex   6.325413e+01 1.249545e+02 -1.290000e+02
    endloop
  endfacet
  facet normal 0.000000e+00 -0.000000e+00 -1.000000e+00
    outer loop
      vertex   6.325413e+01 1.249545e+02 -1.290000e+02
      vertex   6.361177e+01 1.124489e+02 -1.290000e+02
      vertex   6.325000e+01 1.122990e+02 -1.290000e+02
    endloop
  endfacet
  facet normal -0.000000e+00 0.000000e+00 -1.000000e+00
    outer loop
      vertex   6.325413e+01 1.249545e+02 -1.290000e+02
      vertex   6.325000e+01 1.122990e+02 -1.290000e+02
      vertex   6.286824e+01 1.251144e+02 -1.290000e+02
    endloop
  endfacet
  facet normal 0.000000e+00 0.000000e+00 -1.000000e+00
    outer loop
      vertex   6.286824e+01 1.251144e+02 -1.290000e+02
      vertex   6.325000e+01 1.122990e+02 -1.290000e+02
      vertex   6.293934e+01 1.120607e+02 -1.290000e+02
    endloop
  endfacet
  facet normal -0.000000e+00 -0.000000e+00 -1.000000e+00
    outer loop
      vertex   6.286824e+01 1.251144e+02 -1.290000e+02
      vertex   6.293934e+01 1.120607e+02 -1.290000e+02
      vertex   6.253687e+01 1.253686e+02 -1.290000e+02
    endloop
  endfacet
  facet normal 0.000000e+00 0.000000e+00 -1.000000e+00
    outer loop
      vertex   6.253687e+01 1.253686e+02 -1.290000e+02
      vertex   6.293934e+01 1.120607e+02 -1.290000e+02
      vertex   6.270096e+01 1.117500e+02 -1.290000e+02
    endloop
  endfacet
  facet normal 0.000000e+00 -0.000000e+00 -1.000000e+00
    outer loop
      vertex   6.253687e+01 1.253686e+02 -1.290000e+02
      vertex   6.270096e+01 1.117500e+02 -1.290000e+02
      vertex   4.567448e+01 1.165503e+02 -1.290000e+02
    endloop
  endfacet
  facet normal 0.000000e+00 0.000000e+00 -1.000000e+00
    outer loop
      vertex   4.567448e+01 1.165503e+02 -1.290000e+02
      vertex   6.270096e+01 1.117500e+02 -1.290000e+02
      vertex   6.255111e+01 1.113882e+02 -1.290000e+02
    endloop
  endfacet
  facet normal 0.000000e+00 -0.000000e+00 -1.000000e+00
    outer loop
      vertex   4.567448e+01 1.165503e+02 -1.290000e+02
      vertex   6.255111e+01 1.113882e+02 -1.290000e+02
      vertex   4.560633e+01 1.160327e+02 -1.290000e+02
    endloop
  endfacet
  facet normal -1.931401e-13 4.778132e-14 -1.000000e+00
    outer loop
      vertex   -6.544889e+01 1.106118e+02 -1.290000e+02
      vertex   -7.000000e+01 9.281025e+01 -1.290000e+02
      vertex   -6.550000e+01 1.110000e+02 -1.290000e+02
    endloop
  endfacet
  facet normal 7.888756e-15 -1.951615e-15 -1.000000e+00
    outer loop
      vertex   -6.550000e+01 1.110000e+02 -1.290000e+02
      vertex   -7.000000e+01 9.281025e+01 -1.290000e+02
      vertex   -6.526824e+01 1.265000e+02 -1.290000e+02
    endloop
  endfacet
  facet normal -6.116111e-13 7.311428e-15 -1.000000e+00
    outer loop
      vertex   -6.550000e+01 1.110000e+02 -1.290000e+02
      vertex   -6.526824e+01 1.265000e+02 -1.290000e+02
      vertex   -6.544889e+01 1.113882e+02 -1.290000e+02
    endloop
  endfacet
  facet normal 0.000000e+00 0.000000e+00 -1.000000e+00
    outer loop
      vertex   -6.544889e+01 1.113882e+02 -1.290000e+02
      vertex   -6.526824e+01 1.265000e+02 -1.290000e+02
      vertex   -6.521372e+01 1.260859e+02 -1.290000e+02
    endloop
  endfacet
  facet normal 0.000000e+00 0.000000e+00 -1.000000e+00
    outer loop
      vertex   -6.544889e+01 1.113882e+02 -1.290000e+02
      vertex   -6.521372e+01 1.260859e+02 -1.290000e+02
      vertex   -6.529904e+01 1.117500e+02 -1.290000e+02
    endloop
  endfacet
  facet normal 0.000000e+00 0.000000e+00 -1.000000e+00
    outer loop
      vertex   -6.529904e+01 1.117500e+02 -1.290000e+02
      vertex   -6.521372e+01 1.260859e+02 -1.290000e+02
      vertex   -6.505388e+01 1.257000e+02 -1.290000e+02
    endloop
  endfacet
  facet normal 0.000000e+00 0.000000e+00 -1.000000e+00
    outer loop
      vertex   -6.529904e+01 1.117500e+02 -1.290000e+02
      vertex   -6.505388e+01 1.257000e+02 -1.290000e+02
      vertex   -6.506066e+01 1.120607e+02 -1.290000e+02
    endloop
  endfacet
  facet normal 0.000000e+00 0.000000e+00 -1.000000e+00
    outer loop
      vertex   -6.506066e+01 1.120607e+02 -1.290000e+02
      vertex   -6.505388e+01 1.257000e+02 -1.290000e+02
      vertex   -6.479961e+01 1.253686e+02 -1.290000e+02
    endloop
  endfacet
  facet normal 0.000000e+00 0.000000e+00 -1.000000e+00
    outer loop
      vertex   -6.506066e+01 1.120607e+02 -1.290000e+02
      vertex   -6.479961e+01 1.253686e+02 -1.290000e+02
      vertex   -6.475000e+01 1.122990e+02 -1.290000e+02
    endloop
  endfacet
  facet normal 0.000000e+00 0.000000e+00 -1.000000e+00
    outer loop
      vertex   -6.475000e+01 1.122990e+02 -1.290000e+02
      vertex   -6.479961e+01 1.253686e+02 -1.290000e+02
      vertex   -6.446824e+01 1.251144e+02 -1.290000e+02
    endloop
  endfacet
  facet normal 0.000000e+00 0.000000e+00 -1.000000e+00
    outer loop
      vertex   -6.475000e+01 1.122990e+02 -1.290000e+02
      vertex   -6.446824e+01 1.251144e+02 -1.290000e+02
      vertex   -6.438823e+01 1.124489e+02 -1.290000e+02
    endloop
  endfacet
  facet normal 0.000000e+00 0.000000e+00 -1.000000e+00
    outer loop
      vertex   -6.438823e+01 1.124489e+02 -1.290000e+02
      vertex   -6.446824e+01 1.251144e+02 -1.290000e+02
      vertex   -6.408235e+01 1.249545e+02 -1.290000e+02
    endloop
  endfacet
  facet normal 0.000000e+00 0.000000e+00 -1.000000e+00
    outer loop
      vertex   -6.438823e+01 1.124489e+02 -1.290000e+02
      vertex   -6.408235e+01 1.249545e+02 -1.290000e+02
      vertex   -6.400000e+01 1.125000e+02 -1.290000e+02
    endloop
  endfacet
  facet normal 0.000000e+00 0.000000e+00 -1.000000e+00
    outer loop
      vertex   -6.400000e+01 1.125000e+02 -1.290000e+02
      vertex   -6.408235e+01 1.249545e+02 -1.290000e+02
      vertex   -6.366824e+01 1.249000e+02 -1.290000e+02
    endloop
  endfacet
  facet normal 0.000000e+00 0.000000e+00 -1.000000e+00
    outer loop
      vertex   -6.400000e+01 1.125000e+02 -1.290000e+02
      vertex   -6.366824e+01 1.249000e+02 -1.290000e+02
      vertex   -6.361177e+01 1.124489e+02 -1.290000e+02
    endloop
  endfacet
  facet normal 0.000000e+00 0.000000e+00 -1.000000e+00
    outer loop
      vertex   -6.361177e+01 1.124489e+02 -1.290000e+02
      vertex   -6.366824e+01 1.249000e+02 -1.290000e+02
      vertex   -6.325413e+01 1.249545e+02 -1.290000e+02
    endloop
  endfacet
  facet normal 0.000000e+00 0.000000e+00 -1.000000e+00
    outer loop
      vertex   -6.361177e+01 1.124489e+02 -1.290000e+02
      vertex   -6.325413e+01 1.249545e+02 -1.290000e+02
      vertex   -6.325000e+01 1.122990e+02 -1.290000e+02
    endloop
  endfacet
  facet normal 0.000000e+00 0.000000e+00 -1.000000e+00
    outer loop
      vertex   -6.325000e+01 1.122990e+02 -1.290000e+02
      vertex   -6.325413e+01 1.249545e+02 -1.290000e+02
      vertex   -6.286824e+01 1.251144e+02 -1.290000e+02
    endloop
  endfacet
  facet normal 0.000000e+00 0.000000e+00 -1.000000e+00
    outer loop
      vertex   -6.325000e+01 1.122990e+02 -1.290000e+02
      vertex   -6.286824e+01 1.251144e+02 -1.290000e+02
      vertex   -6.293934e+01 1.120607e+02 -1.290000e+02
    endloop
  endfacet
  facet normal 0.000000e+00 0.000000e+00 -1.000000e+00
    outer loop
      vertex   -6.293934e+01 1.120607e+02 -1.290000e+02
      vertex   -6.286824e+01 1.251144e+02 -1.290000e+02
      vertex   -6.253687e+01 1.253686e+02 -1.290000e+02
    endloop
  endfacet
  facet normal 0.000000e+00 0.000000e+00 -1.000000e+00
    outer loop
      vertex   -6.293934e+01 1.120607e+02 -1.290000e+02
      vertex   -6.253687e+01 1.253686e+02 -1.290000e+02
      vertex   -6.270096e+01 1.117500e+02 -1.290000e+02
    endloop
  endfacet
  facet normal 0.000000e+00 0.000000e+00 -1.000000e+00
    outer loop
      vertex   -6.270096e+01 1.117500e+02 -1.290000e+02
      vertex   -6.253687e+01 1.253686e+02 -1.290000e+02
      vertex   -6.228260e+01 1.257000e+02 -1.290000e+02
    endloop
  endfacet
  facet normal 0.000000e+00 0.000000e+00 -1.000000e+00
    outer loop
      vertex   -6.270096e+01 1.117500e+02 -1.290000e+02
      vertex   -6.228260e+01 1.257000e+02 -1.290000e+02
      vertex   -6.255111e+01 1.113882e+02 -1.290000e+02
    endloop
  endfacet
  facet normal 0.000000e+00 0.000000e+00 -1.000000e+00
    outer loop
      vertex   -6.255111e+01 1.113882e+02 -1.290000e+02
      vertex   -6.228260e+01 1.257000e+02 -1.290000e+02
      vertex   -3.702288e+01 1.071817e+02 -1.290000e+02
    endloop
  endfacet
  facet normal 0.000000e+00 0.000000e+00 -1.000000e+00
    outer loop
      vertex   -6.255111e+01 1.113882e+02 -1.290000e+02
      vertex   -3.702288e+01 1.071817e+02 -1.290000e+02
      vertex   -3.727715e+01 1.068503e+02 -1.290000e+02
    endloop
  endfacet
  facet normal -2.383423e-15 -9.872462e-16 -1.000000e+00
    outer loop
      vertex   -6.544889e+01 1.106118e+02 -1.290000e+02
      vertex   -6.529904e+01 1.102500e+02 -1.290000e+02
      vertex   -7.000000e+01 9.281025e+01 -1.290000e+02
    endloop
  endfacet
  facet normal -1.571740e-15 -1.206039e-15 -1.000000e+00
    outer loop
      vertex   -7.000000e+01 9.281025e+01 -1.290000e+02
      vertex   -6.529904e+01 1.102500e+02 -1.290000e+02
      vertex   -6.506066e+01 1.099393e+02 -1.290000e+02
    endloop
  endfacet
  facet normal -1.042524e-15 -1.358644e-15 -1.000000e+00
    outer loop
      vertex   -7.000000e+01 9.281025e+01 -1.290000e+02
      vertex   -6.506066e+01 1.099393e+02 -1.290000e+02
      vertex   -6.475000e+01 1.097010e+02 -1.290000e+02
    endloop
  endfacet
  facet normal -6.174902e-16 -1.490753e-15 -1.000000e+00
    outer loop
      vertex   -6.475000e+01 1.097010e+02 -1.290000e+02
      vertex   -6.438823e+01 1.095511e+02 -1.290000e+02
      vertex   -7.000000e+01 9.281025e+01 -1.290000e+02
    endloop
  endfacet
  facet normal -2.140652e-16 -1.625987e-15 -1.000000e+00
    outer loop
      vertex   -7.000000e+01 9.281025e+01 -1.290000e+02
      vertex   -6.438823e+01 1.095511e+02 -1.290000e+02
      vertex   -6.400000e+01 1.095000e+02 -1.290000e+02
    endloop
  endfacet
  facet normal 2.353351e-16 -1.787547e-15 -1.000000e+00
    outer loop
      vertex   -7.000000e+01 9.281025e+01 -1.290000e+02
      vertex   -6.400000e+01 1.095000e+02 -1.290000e+02
      vertex   -6.361177e+01 1.095511e+02 -1.290000e+02
    endloop
  endfacet
  facet normal 8.352499e-16 -2.016472e-15 -1.000000e+00
    outer loop
      vertex   -6.361177e+01 1.095511e+02 -1.290000e+02
      vertex   -6.325000e+01 1.097010e+02 -1.290000e+02
      vertex   -7.000000e+01 9.281025e+01 -1.290000e+02
    endloop
  endfacet
  facet normal -1.938568e-15 -9.079768e-16 -1.000000e+00
    outer loop
      vertex   -7.000000e+01 9.281025e+01 -1.290000e+02
      vertex   -6.325000e+01 1.097010e+02 -1.290000e+02
      vertex   -6.784111e+01 8.820092e+01 -1.290000e+02
    endloop
  endfacet
  facet normal 0.000000e+00 0.000000e+00 -1.000000e+00
    outer loop
      vertex   -7.000000e+01 9.281025e+01 -1.290000e+02
      vertex   -6.784111e+01 8.820092e+01 -1.290000e+02
      vertex   -6.858578e+01 8.894106e+01 -1.290000e+02
    endloop
  endfacet
  facet normal 1.213136e-15 -1.580990e-15 -1.000000e+00
    outer loop
      vertex   -6.325000e+01 1.097010e+02 -1.290000e+02
      vertex   -6.293934e+01 1.099393e+02 -1.290000e+02
      vertex   -6.784111e+01 8.820092e+01 -1.290000e+02
    endloop
  endfacet
  facet normal -2.294424e-16 -1.255705e-15 -1.000000e+00
    outer loop
      vertex   -6.784111e+01 8.820092e+01 -1.290000e+02
      vertex   -6.293934e+01 1.099393e+02 -1.290000e+02
      vertex   -3.727715e+01 1.052503e+02 -1.290000e+02
    endloop
  endfacet
  facet normal -6.511805e-16 -4.996684e-16 -1.000000e+00
    outer loop
      vertex   -6.784111e+01 8.820092e+01 -1.290000e+02
      vertex   -3.727715e+01 1.052503e+02 -1.290000e+02
      vertex   -3.702288e+01 1.049190e+02 -1.290000e+02
    endloop
  endfacet
  facet normal 0.000000e+00 0.000000e+00 -1.000000e+00
    outer loop
      vertex   -3.727715e+01 1.052503e+02 -1.290000e+02
      vertex   -6.293934e+01 1.099393e+02 -1.290000e+02
      vertex   -3.743699e+01 1.056362e+02 -1.290000e+02
    endloop
  endfacet
  facet normal 0.000000e+00 0.000000e+00 -1.000000e+00
    outer loop
      vertex   -3.743699e+01 1.056362e+02 -1.290000e+02
      vertex   -6.293934e+01 1.099393e+02 -1.290000e+02
      vertex   -6.270096e+01 1.102500e+02 -1.290000e+02
    endloop
  endfacet
  facet normal 0.000000e+00 0.000000e+00 -1.000000e+00
    outer loop
      vertex   -3.743699e+01 1.056362e+02 -1.290000e+02
      vertex   -6.270096e+01 1.102500e+02 -1.290000e+02
      vertex   -3.749151e+01 1.060503e+02 -1.290000e+02
    endloop
  endfacet
  facet normal 0.000000e+00 0.000000e+00 -1.000000e+00
    outer loop
      vertex   -3.749151e+01 1.060503e+02 -1.290000e+02
      vertex   -6.270096e+01 1.102500e+02 -1.290000e+02
      vertex   -6.255111e+01 1.106118e+02 -1.290000e+02
    endloop
  endfacet
  facet normal 0.000000e+00 0.000000e+00 -1.000000e+00
    outer loop
      vertex   -3.749151e+01 1.060503e+02 -1.290000e+02
      vertex   -6.255111e+01 1.106118e+02 -1.290000e+02
      vertex   -3.743699e+01 1.064645e+02 -1.290000e+02
    endloop
  endfacet
  facet normal 0.000000e+00 0.000000e+00 -1.000000e+00
    outer loop
      vertex   -3.743699e+01 1.064645e+02 -1.290000e+02
      vertex   -6.255111e+01 1.106118e+02 -1.290000e+02
      vertex   -6.250000e+01 1.110000e+02 -1.290000e+02
    endloop
  endfacet
  facet normal 0.000000e+00 0.000000e+00 -1.000000e+00
    outer loop
      vertex   -3.743699e+01 1.064645e+02 -1.290000e+02
      vertex   -6.250000e+01 1.110000e+02 -1.290000e+02
      vertex   -3.727715e+01 1.068503e+02 -1.290000e+02
    endloop
  endfacet
  facet normal 0.000000e+00 0.000000e+00 -1.000000e+00
    outer loop
      vertex   -3.727715e+01 1.068503e+02 -1.290000e+02
      vertex   -6.250000e+01 1.110000e+02 -1.290000e+02
      vertex   -6.255111e+01 1.113882e+02 -1.290000e+02
    endloop
  endfacet
  facet normal -0.000000e+00 0.000000e+00 -1.000000e+00
    outer loop
      vertex   6.255111e+01 1.496118e+02 -1.290000e+02
      vertex   5.249959e+01 1.420038e+02 -1.290000e+02
      vertex   6.250000e+01 1.500000e+02 -1.290000e+02
    endloop
  endfacet
  facet normal -0.000000e+00 0.000000e+00 -1.000000e+00
    outer loop
      vertex   6.250000e+01 1.500000e+02 -1.290000e+02
      vertex   5.249959e+01 1.420038e+02 -1.290000e+02
      vertex   5.249959e+01 1.560000e+02 -1.290000e+02
    endloop
  endfacet
  facet normal 0.000000e+00 0.000000e+00 -1.000000e+00
    outer loop
      vertex   6.250000e+01 1.500000e+02 -1.290000e+02
      vertex   5.249959e+01 1.560000e+02 -1.290000e+02
      vertex   6.255111e+01 1.503882e+02 -1.290000e+02
    endloop
  endfacet
  facet normal 0.000000e+00 0.000000e+00 -1.000000e+00
    outer loop
      vertex   6.255111e+01 1.503882e+02 -1.290000e+02
      vertex   5.249959e+01 1.560000e+02 -1.290000e+02
      vertex   6.270096e+01 1.507500e+02 -1.290000e+02
    endloop
  endfacet
  facet normal 0.000000e+00 0.000000e+00 -1.000000e+00
    outer loop
      vertex   6.270096e+01 1.507500e+02 -1.290000e+02
      vertex   5.249959e+01 1.560000e+02 -1.290000e+02
      vertex   6.293934e+01 1.510607e+02 -1.290000e+02
    endloop
  endfacet
  facet normal 0.000000e+00 0.000000e+00 -1.000000e+00
    outer loop
      vertex   6.293934e+01 1.510607e+02 -1.290000e+02
      vertex   5.249959e+01 1.560000e+02 -1.290000e+02
      vertex   6.325000e+01 1.512990e+02 -1.290000e+02
    endloop
  endfacet
  facet normal 0.000000e+00 0.000000e+00 -1.000000e+00
    outer loop
      vertex   6.325000e+01 1.512990e+02 -1.290000e+02
      vertex   5.249959e+01 1.560000e+02 -1.290000e+02
      vertex   6.361177e+01 1.514489e+02 -1.290000e+02
    endloop
  endfacet
  facet normal 0.000000e+00 0.000000e+00 -1.000000e+00
    outer loop
      vertex   6.361177e+01 1.514489e+02 -1.290000e+02
      vertex   5.249959e+01 1.560000e+02 -1.290000e+02
      vertex   7.000000e+01 1.560000e+02 -1.290000e+02
    endloop
  endfacet
  facet normal 0.000000e+00 0.000000e+00 -1.000000e+00
    outer loop
      vertex   6.361177e+01 1.514489e+02 -1.290000e+02
      vertex   7.000000e+01 1.560000e+02 -1.290000e+02
      vertex   6.400000e+01 1.515000e+02 -1.290000e+02
    endloop
  endfacet
  facet normal 0.000000e+00 0.000000e+00 -1.000000e+00
    outer loop
      vertex   6.400000e+01 1.515000e+02 -1.290000e+02
      vertex   7.000000e+01 1.560000e+02 -1.290000e+02
      vertex   6.438823e+01 1.514489e+02 -1.290000e+02
    endloop
  endfacet
  facet normal 0.000000e+00 0.000000e+00 -1.000000e+00
    outer loop
      vertex   6.438823e+01 1.514489e+02 -1.290000e+02
      vertex   7.000000e+01 1.560000e+02 -1.290000e+02
      vertex   6.475000e+01 1.512990e+02 -1.290000e+02
    endloop
  endfacet
  facet normal 0.000000e+00 0.000000e+00 -1.000000e+00
    outer loop
      vertex   6.475000e+01 1.512990e+02 -1.290000e+02
      vertex   7.000000e+01 1.560000e+02 -1.290000e+02
      vertex   6.506066e+01 1.510607e+02 -1.290000e+02
    endloop
  endfacet
  facet normal 0.000000e+00 0.000000e+00 -1.000000e+00
    outer loop
      vertex   6.506066e+01 1.510607e+02 -1.290000e+02
      vertex   7.000000e+01 1.560000e+02 -1.290000e+02
      vertex   6.529904e+01 1.507500e+02 -1.290000e+02
    endloop
  endfacet
  facet normal 0.000000e+00 0.000000e+00 -1.000000e+00
    outer loop
      vertex   6.529904e+01 1.507500e+02 -1.290000e+02
      vertex   7.000000e+01 1.560000e+02 -1.290000e+02
      vertex   6.544889e+01 1.503882e+02 -1.290000e+02
    endloop
  endfacet
  facet normal 0.000000e+00 0.000000e+00 -1.000000e+00
    outer loop
      vertex   6.544889e+01 1.503882e+02 -1.290000e+02
      vertex   7.000000e+01 1.560000e+02 -1.290000e+02
      vertex   6.550000e+01 1.500000e+02 -1.290000e+02
    endloop
  endfacet
  facet normal 0.000000e+00 -0.000000e+00 -1.000000e+00
    outer loop
      vertex   6.550000e+01 1.500000e+02 -1.290000e+02
      vertex   7.000000e+01 1.560000e+02 -1.290000e+02
      vertex   6.544889e+01 1.496118e+02 -1.290000e+02
    endloop
  endfacet
  facet normal 0.000000e+00 -0.000000e+00 -1.000000e+00
    outer loop
      vertex   6.544889e+01 1.496118e+02 -1.290000e+02
      vertex   7.000000e+01 1.560000e+02 -1.290000e+02
      vertex   6.529904e+01 1.492500e+02 -1.290000e+02
    endloop
  endfacet
  facet normal 0.000000e+00 -0.000000e+00 -1.000000e+00
    outer loop
      vertex   6.529904e+01 1.492500e+02 -1.290000e+02
      vertex   7.000000e+01 1.560000e+02 -1.290000e+02
      vertex   6.505388e+01 1.273000e+02 -1.290000e+02
    endloop
  endfacet
  facet normal 0.000000e+00 0.000000e+00 -1.000000e+00
    outer loop
      vertex   6.529904e+01 1.492500e+02 -1.290000e+02
      vertex   6.505388e+01 1.273000e+02 -1.290000e+02
      vertex   6.506066e+01 1.489393e+02 -1.290000e+02
    endloop
  endfacet
  facet normal 0.000000e+00 0.000000e+00 -1.000000e+00
    outer loop
      vertex   6.506066e+01 1.489393e+02 -1.290000e+02
      vertex   6.505388e+01 1.273000e+02 -1.290000e+02
      vertex   6.479961e+01 1.276314e+02 -1.290000e+02
    endloop
  endfacet
  facet normal 0.000000e+00 0.000000e+00 -1.000000e+00
    outer loop
      vertex   6.506066e+01 1.489393e+02 -1.290000e+02
      vertex   6.479961e+01 1.276314e+02 -1.290000e+02
      vertex   6.475000e+01 1.487010e+02 -1.290000e+02
    endloop
  endfacet
  facet normal 0.000000e+00 -0.000000e+00 -1.000000e+00
    outer loop
      vertex   6.475000e+01 1.487010e+02 -1.290000e+02
      vertex   6.479961e+01 1.276314e+02 -1.290000e+02
      vertex   6.446824e+01 1.278856e+02 -1.290000e+02
    endloop
  endfacet
  facet normal 0.000000e+00 0.000000e+00 -1.000000e+00
    outer loop
      vertex   6.475000e+01 1.487010e+02 -1.290000e+02
      vertex   6.446824e+01 1.278856e+02 -1.290000e+02
      vertex   6.438823e+01 1.485511e+02 -1.290000e+02
    endloop
  endfacet
  facet normal 0.000000e+00 -0.000000e+00 -1.000000e+00
    outer loop
      vertex   6.438823e+01 1.485511e+02 -1.290000e+02
      vertex   6.446824e+01 1.278856e+02 -1.290000e+02
      vertex   6.408235e+01 1.280455e+02 -1.290000e+02
    endloop
  endfacet
  facet normal 0.000000e+00 0.000000e+00 -1.000000e+00
    outer loop
      vertex   6.438823e+01 1.485511e+02 -1.290000e+02
      vertex   6.408235e+01 1.280455e+02 -1.290000e+02
      vertex   6.400000e+01 1.485000e+02 -1.290000e+02
    endloop
  endfacet
  facet normal 0.000000e+00 -0.000000e+00 -1.000000e+00
    outer loop
      vertex   6.400000e+01 1.485000e+02 -1.290000e+02
      vertex   6.408235e+01 1.280455e+02 -1.290000e+02
      vertex   6.366824e+01 1.281000e+02 -1.290000e+02
    endloop
  endfacet
  facet normal -0.000000e+00 0.000000e+00 -1.000000e+00
    outer loop
      vertex   6.400000e+01 1.485000e+02 -1.290000e+02
      vertex   6.366824e+01 1.281000e+02 -1.290000e+02
      vertex   6.361177e+01 1.485511e+02 -1.290000e+02
    endloop
  endfacet
  facet normal 0.000000e+00 -0.000000e+00 -1.000000e+00
    outer loop
      vertex   6.361177e+01 1.485511e+02 -1.290000e+02
      vertex   6.366824e+01 1.281000e+02 -1.290000e+02
      vertex   6.325413e+01 1.280455e+02 -1.290000e+02
    endloop
  endfacet
  facet normal 0.000000e+00 0.000000e+00 -1.000000e+00
    outer loop
      vertex   6.361177e+01 1.485511e+02 -1.290000e+02
      vertex   6.325413e+01 1.280455e+02 -1.290000e+02
      vertex   5.243144e+01 1.414862e+02 -1.290000e+02
    endloop
  endfacet
  facet normal 0.000000e+00 -0.000000e+00 -1.000000e+00
    outer loop
      vertex   5.243144e+01 1.414862e+02 -1.290000e+02
      vertex   6.325413e+01 1.280455e+02 -1.290000e+02
      vertex   5.223164e+01 1.410038e+02 -1.290000e+02
    endloop
  endfacet
  facet normal 0.000000e+00 0.000000e+00 -1.000000e+00
    outer loop
      vertex   5.223164e+01 1.410038e+02 -1.290000e+02
      vertex   6.325413e+01 1.280455e+02 -1.290000e+02
      vertex   6.286824e+01 1.278856e+02 -1.290000e+02
    endloop
  endfacet
  facet normal 0.000000e+00 0.000000e+00 -1.000000e+00
    outer loop
      vertex   5.223164e+01 1.410038e+02 -1.290000e+02
      vertex   6.286824e+01 1.278856e+02 -1.290000e+02
      vertex   6.253687e+01 1.276314e+02 -1.290000e+02
    endloop
  endfacet
  facet normal 0.000000e+00 -0.000000e+00 -1.000000e+00
    outer loop
      vertex   6.255111e+01 1.496118e+02 -1.290000e+02
      vertex   6.270096e+01 1.492500e+02 -1.290000e+02
      vertex   5.249959e+01 1.420038e+02 -1.290000e+02
    endloop
  endfacet
  facet normal 0.000000e+00 0.000000e+00 -1.000000e+00
    outer loop
      vertex   5.249959e+01 1.420038e+02 -1.290000e+02
      vertex   6.270096e+01 1.492500e+02 -1.290000e+02
      vertex   6.293934e+01 1.489393e+02 -1.290000e+02
    endloop
  endfacet
  facet normal 0.000000e+00 0.000000e+00 -1.000000e+00
    outer loop
      vertex   5.249959e+01 1.420038e+02 -1.290000e+02
      vertex   6.293934e+01 1.489393e+02 -1.290000e+02
      vertex   6.325000e+01 1.487010e+02 -1.290000e+02
    endloop
  endfacet
  facet normal 0.000000e+00 -0.000000e+00 -1.000000e+00
    outer loop
      vertex   5.249959e+01 1.420038e+02 -1.290000e+02
      vertex   6.325000e+01 1.487010e+02 -1.290000e+02
      vertex   5.243144e+01 1.414862e+02 -1.290000e+02
    endloop
  endfacet
  facet normal 0.000000e+00 0.000000e+00 -1.000000e+00
    outer loop
      vertex   5.243144e+01 1.414862e+02 -1.290000e+02
      vertex   6.325000e+01 1.487010e+02 -1.290000e+02
      vertex   6.361177e+01 1.485511e+02 -1.290000e+02
    endloop
  endfacet
  facet normal -0.000000e+00 0.000000e+00 -1.000000e+00
    outer loop
      vertex   -6.544889e+01 1.503882e+02 -1.290000e+02
      vertex   -6.550000e+01 1.500000e+02 -1.290000e+02
      vertex   -7.000000e+01 1.560000e+02 -1.290000e+02
    endloop
  endfacet
  facet normal 0.000000e+00 0.000000e+00 -1.000000e+00
    outer loop
      vertex   -7.000000e+01 1.560000e+02 -1.290000e+02
      vertex   -6.550000e+01 1.500000e+02 -1.290000e+02
      vertex   -6.544889e+01 1.496118e+02 -1.290000e+02
    endloop
  endfacet
  facet normal 0.000000e+00 0.000000e+00 -1.000000e+00
    outer loop
      vertex   -7.000000e+01 1.560000e+02 -1.290000e+02
      vertex   -6.544889e+01 1.496118e+02 -1.290000e+02
      vertex   -6.529904e+01 1.492500e+02 -1.290000e+02
    endloop
  endfacet
  facet normal 0.000000e+00 0.000000e+00 -1.000000e+00
    outer loop
      vertex   -7.000000e+01 1.560000e+02 -1.290000e+02
      vertex   -6.529904e+01 1.492500e+02 -1.290000e+02
      vertex   -6.505388e+01 1.273000e+02 -1.290000e+02
    endloop
  endfacet
  facet normal 0.000000e+00 0.000000e+00 -1.000000e+00
    outer loop
      vertex   -6.505388e+01 1.273000e+02 -1.290000e+02
      vertex   -6.529904e+01 1.492500e+02 -1.290000e+02
      vertex   -6.506066e+01 1.489393e+02 -1.290000e+02
    endloop
  endfacet
  facet normal 0.000000e+00 0.000000e+00 -1.000000e+00
    outer loop
      vertex   -6.505388e+01 1.273000e+02 -1.290000e+02
      vertex   -6.506066e+01 1.489393e+02 -1.290000e+02
      vertex   -6.479961e+01 1.276314e+02 -1.290000e+02
    endloop
  endfacet
  facet normal 0.000000e+00 0.000000e+00 -1.000000e+00
    outer loop
      vertex   -6.479961e+01 1.276314e+02 -1.290000e+02
      vertex   -6.506066e+01 1.489393e+02 -1.290000e+02
      vertex   -6.475000e+01 1.487010e+02 -1.290000e+02
    endloop
  endfacet
  facet normal 0.000000e+00 0.000000e+00 -1.000000e+00
    outer loop
      vertex   -6.479961e+01 1.276314e+02 -1.290000e+02
      vertex   -6.475000e+01 1.487010e+02 -1.290000e+02
      vertex   -6.446824e+01 1.278856e+02 -1.290000e+02
    endloop
  endfacet
  facet normal 0.000000e+00 0.000000e+00 -1.000000e+00
    outer loop
      vertex   -6.446824e+01 1.278856e+02 -1.290000e+02
      vertex   -6.475000e+01 1.487010e+02 -1.290000e+02
      vertex   -6.438823e+01 1.485511e+02 -1.290000e+02
    endloop
  endfacet
  facet normal 0.000000e+00 0.000000e+00 -1.000000e+00
    outer loop
      vertex   -6.446824e+01 1.278856e+02 -1.290000e+02
      vertex   -6.438823e+01 1.485511e+02 -1.290000e+02
      vertex   -6.408235e+01 1.280455e+02 -1.290000e+02
    endloop
  endfacet
  facet normal 0.000000e+00 0.000000e+00 -1.000000e+00
    outer loop
      vertex   -6.408235e+01 1.280455e+02 -1.290000e+02
      vertex   -6.438823e+01 1.485511e+02 -1.290000e+02
      vertex   -6.400000e+01 1.485000e+02 -1.290000e+02
    endloop
  endfacet
  facet normal 0.000000e+00 0.000000e+00 -1.000000e+00
    outer loop
      vertex   -6.408235e+01 1.280455e+02 -1.290000e+02
      vertex   -6.400000e+01 1.485000e+02 -1.290000e+02
      vertex   -6.366824e+01 1.281000e+02 -1.290000e+02
    endloop
  endfacet
  facet normal 0.000000e+00 0.000000e+00 -1.000000e+00
    outer loop
      vertex   -6.366824e+01 1.281000e+02 -1.290000e+02
      vertex   -6.400000e+01 1.485000e+02 -1.290000e+02
      vertex   -6.361177e+01 1.485511e+02 -1.290000e+02
    endloop
  endfacet
  facet normal 0.000000e+00 0.000000e+00 -1.000000e+00
    outer loop
      vertex   -6.366824e+01 1.281000e+02 -1.290000e+02
      vertex   -6.361177e+01 1.485511e+02 -1.290000e+02
      vertex   -6.325413e+01 1.280455e+02 -1.290000e+02
    endloop
  endfacet
  facet normal 0.000000e+00 0.000000e+00 -1.000000e+00
    outer loop
      vertex   -6.325413e+01 1.280455e+02 -1.290000e+02
      vertex   -6.361177e+01 1.485511e+02 -1.290000e+02
      vertex   -6.325000e+01 1.487010e+02 -1.290000e+02
    endloop
  endfacet
  facet normal 0.000000e+00 0.000000e+00 -1.000000e+00
    outer loop
      vertex   -6.325413e+01 1.280455e+02 -1.290000e+02
      vertex   -6.325000e+01 1.487010e+02 -1.290000e+02
      vertex   -6.286824e+01 1.278856e+02 -1.290000e+02
    endloop
  endfacet
  facet normal 0.000000e+00 0.000000e+00 -1.000000e+00
    outer loop
      vertex   -6.286824e+01 1.278856e+02 -1.290000e+02
      vertex   -6.325000e+01 1.487010e+02 -1.290000e+02
      vertex   -6.293934e+01 1.489393e+02 -1.290000e+02
    endloop
  endfacet
  facet normal 0.000000e+00 0.000000e+00 -1.000000e+00
    outer loop
      vertex   -6.286824e+01 1.278856e+02 -1.290000e+02
      vertex   -6.293934e+01 1.489393e+02 -1.290000e+02
      vertex   -6.253687e+01 1.276314e+02 -1.290000e+02
    endloop
  endfacet
  facet normal 0.000000e+00 0.000000e+00 -1.000000e+00
    outer loop
      vertex   -6.253687e+01 1.276314e+02 -1.290000e+02
      vertex   -6.293934e+01 1.489393e+02 -1.290000e+02
      vertex   -6.270096e+01 1.492500e+02 -1.290000e+02
    endloop
  endfacet
  facet normal 0.000000e+00 0.000000e+00 -1.000000e+00
    outer loop
      vertex   -6.253687e+01 1.276314e+02 -1.290000e+02
      vertex   -6.270096e+01 1.492500e+02 -1.290000e+02
      vertex   -4.302288e+01 1.519190e+02 -1.290000e+02
    endloop
  endfacet
  facet normal -0.000000e+00 0.000000e+00 -1.000000e+00
    outer loop
      vertex   -4.302288e+01 1.519190e+02 -1.290000e+02
      vertex   -6.270096e+01 1.492500e+02 -1.290000e+02
      vertex   -4.327715e+01 1.522503e+02 -1.290000e+02
    endloop
  endfacet
  facet normal 0.000000e+00 0.000000e+00 -1.000000e+00
    outer loop
      vertex   -4.327715e+01 1.522503e+02 -1.290000e+02
      vertex   -6.270096e+01 1.492500e+02 -1.290000e+02
      vertex   -6.255111e+01 1.496118e+02 -1.290000e+02
    endloop
  endfacet
  facet normal -0.000000e+00 0.000000e+00 -1.000000e+00
    outer loop
      vertex   -4.327715e+01 1.522503e+02 -1.290000e+02
      vertex   -6.255111e+01 1.496118e+02 -1.290000e+02
      vertex   -4.343699e+01 1.526362e+02 -1.290000e+02
    endloop
  endfacet
  facet normal 0.000000e+00 0.000000e+00 -1.000000e+00
    outer loop
      vertex   -4.343699e+01 1.526362e+02 -1.290000e+02
      vertex   -6.255111e+01 1.496118e+02 -1.290000e+02
      vertex   -6.250000e+01 1.500000e+02 -1.290000e+02
    endloop
  endfacet
  facet normal -0.000000e+00 0.000000e+00 -1.000000e+00
    outer loop
      vertex   -4.343699e+01 1.526362e+02 -1.290000e+02
      vertex   -6.250000e+01 1.500000e+02 -1.290000e+02
      vertex   -4.349151e+01 1.530503e+02 -1.290000e+02
    endloop
  endfacet
  facet normal 0.000000e+00 0.000000e+00 -1.000000e+00
    outer loop
      vertex   -4.349151e+01 1.530503e+02 -1.290000e+02
      vertex   -6.250000e+01 1.500000e+02 -1.290000e+02
      vertex   -6.255111e+01 1.503882e+02 -1.290000e+02
    endloop
  endfacet
  facet normal -0.000000e+00 0.000000e+00 -1.000000e+00
    outer loop
      vertex   -4.349151e+01 1.530503e+02 -1.290000e+02
      vertex   -6.255111e+01 1.503882e+02 -1.290000e+02
      vertex   -4.343699e+01 1.534645e+02 -1.290000e+02
    endloop
  endfacet
  facet normal 0.000000e+00 0.000000e+00 -1.000000e+00
    outer loop
      vertex   -4.343699e+01 1.534645e+02 -1.290000e+02
      vertex   -6.255111e+01 1.503882e+02 -1.290000e+02
      vertex   -6.270096e+01 1.507500e+02 -1.290000e+02
    endloop
  endfacet
  facet normal -0.000000e+00 0.000000e+00 -1.000000e+00
    outer loop
      vertex   -4.343699e+01 1.534645e+02 -1.290000e+02
      vertex   -6.270096e+01 1.507500e+02 -1.290000e+02
      vertex   -4.327715e+01 1.538503e+02 -1.290000e+02
    endloop
  endfacet
  facet normal 0.000000e+00 0.000000e+00 -1.000000e+00
    outer loop
      vertex   -4.327715e+01 1.538503e+02 -1.290000e+02
      vertex   -6.270096e+01 1.507500e+02 -1.290000e+02
      vertex   -6.293934e+01 1.510607e+02 -1.290000e+02
    endloop
  endfacet
  facet normal -0.000000e+00 0.000000e+00 -1.000000e+00
    outer loop
      vertex   -4.327715e+01 1.538503e+02 -1.290000e+02
      vertex   -6.293934e+01 1.510607e+02 -1.290000e+02
      vertex   -4.302288e+01 1.541817e+02 -1.290000e+02
    endloop
  endfacet
  facet normal 0.000000e+00 0.000000e+00 -1.000000e+00
    outer loop
      vertex   -4.302288e+01 1.541817e+02 -1.290000e+02
      vertex   -6.293934e+01 1.510607e+02 -1.290000e+02
      vertex   -6.325000e+01 1.512990e+02 -1.290000e+02
    endloop
  endfacet
  facet normal -0.000000e+00 0.000000e+00 -1.000000e+00
    outer loop
      vertex   -4.302288e+01 1.541817e+02 -1.290000e+02
      vertex   -6.325000e+01 1.512990e+02 -1.290000e+02
      vertex   -7.000000e+01 1.560000e+02 -1.290000e+02
    endloop
  endfacet
  facet normal 0.000000e+00 0.000000e+00 -1.000000e+00
    outer loop
      vertex   -7.000000e+01 1.560000e+02 -1.290000e+02
      vertex   -6.325000e+01 1.512990e+02 -1.290000e+02
      vertex   -6.361177e+01 1.514489e+02 -1.290000e+02
    endloop
  endfacet
  facet normal 0.000000e+00 0.000000e+00 -1.000000e+00
    outer loop
      vertex   -7.000000e+01 1.560000e+02 -1.290000e+02
      vertex   -6.361177e+01 1.514489e+02 -1.290000e+02
      vertex   -6.400000e+01 1.515000e+02 -1.290000e+02
    endloop
  endfacet
  facet normal -0.000000e+00 0.000000e+00 -1.000000e+00
    outer loop
      vertex   -6.400000e+01 1.515000e+02 -1.290000e+02
      vertex   -6.438823e+01 1.514489e+02 -1.290000e+02
      vertex   -7.000000e+01 1.560000e+02 -1.290000e+02
    endloop
  endfacet
  facet normal 0.000000e+00 0.000000e+00 -1.000000e+00
    outer loop
      vertex   -7.000000e+01 1.560000e+02 -1.290000e+02
      vertex   -6.438823e+01 1.514489e+02 -1.290000e+02
      vertex   -6.475000e+01 1.512990e+02 -1.290000e+02
    endloop
  endfacet
  facet normal 0.000000e+00 0.000000e+00 -1.000000e+00
    outer loop
      vertex   -7.000000e+01 1.560000e+02 -1.290000e+02
      vertex   -6.475000e+01 1.512990e+02 -1.290000e+02
      vertex   -6.506066e+01 1.510607e+02 -1.290000e+02
    endloop
  endfacet
  facet normal -0.000000e+00 0.000000e+00 -1.000000e+00
    outer loop
      vertex   -6.506066e+01 1.510607e+02 -1.290000e+02
      vertex   -6.529904e+01 1.507500e+02 -1.290000e+02
      vertex   -7.000000e+01 1.560000e+02 -1.290000e+02
    endloop
  endfacet
  facet normal 0.000000e+00 0.000000e+00 -1.000000e+00
    outer loop
      vertex   -7.000000e+01 1.560000e+02 -1.290000e+02
      vertex   -6.529904e+01 1.507500e+02 -1.290000e+02
      vertex   -6.544889e+01 1.503882e+02 -1.290000e+02
    endloop
  endfacet
  facet normal -0.000000e+00 0.000000e+00 -1.000000e+00
    outer loop
      vertex   -3.183666e+01 1.560000e+02 -1.290000e+02
      vertex   -4.189151e+01 1.546503e+02 -1.290000e+02
      vertex   -7.000000e+01 1.560000e+02 -1.290000e+02
    endloop
  endfacet
  facet normal 0.000000e+00 0.000000e+00 -1.000000e+00
    outer loop
      vertex   -7.000000e+01 1.560000e+02 -1.290000e+02
      vertex   -4.189151e+01 1.546503e+02 -1.290000e+02
      vertex   -4.230562e+01 1.545958e+02 -1.290000e+02
    endloop
  endfacet
  facet normal 0.000000e+00 0.000000e+00 -1.000000e+00
    outer loop
      vertex   -7.000000e+01 1.560000e+02 -1.290000e+02
      vertex   -4.230562e+01 1.545958e+02 -1.290000e+02
      vertex   -4.269151e+01 1.544360e+02 -1.290000e+02
    endloop
  endfacet
  facet normal 0.000000e+00 0.000000e+00 -1.000000e+00
    outer loop
      vertex   -3.183666e+01 1.440003e+02 -1.290000e+02
      vertex   -4.034603e+01 1.526362e+02 -1.290000e+02
      vertex   -3.183666e+01 1.560000e+02 -1.290000e+02
    endloop
  endfacet
  facet normal 0.000000e+00 0.000000e+00 -1.000000e+00
    outer loop
      vertex   -3.183666e+01 1.560000e+02 -1.290000e+02
      vertex   -4.034603e+01 1.526362e+02 -1.290000e+02
      vertex   -4.029151e+01 1.530503e+02 -1.290000e+02
    endloop
  endfacet
  facet normal 0.000000e+00 0.000000e+00 -1.000000e+00
    outer loop
      vertex   -3.183666e+01 1.560000e+02 -1.290000e+02
      vertex   -4.029151e+01 1.530503e+02 -1.290000e+02
      vertex   -4.034603e+01 1.534645e+02 -1.290000e+02
    endloop
  endfacet
  facet normal 0.000000e+00 0.000000e+00 -1.000000e+00
    outer loop
      vertex   -3.178555e+01 1.436120e+02 -1.290000e+02
      vertex   -4.147740e+01 1.515049e+02 -1.290000e+02
      vertex   -3.183666e+01 1.440003e+02 -1.290000e+02
    endloop
  endfacet
  facet normal 0.000000e+00 0.000000e+00 -1.000000e+00
    outer loop
      vertex   -3.183666e+01 1.440003e+02 -1.290000e+02
      vertex   -4.147740e+01 1.515049e+02 -1.290000e+02
      vertex   -4.109151e+01 1.516647e+02 -1.290000e+02
    endloop
  endfacet
  facet normal 0.000000e+00 0.000000e+00 -1.000000e+00
    outer loop
      vertex   -3.183666e+01 1.440003e+02 -1.290000e+02
      vertex   -4.109151e+01 1.516647e+02 -1.290000e+02
      vertex   -4.076014e+01 1.519190e+02 -1.290000e+02
    endloop
  endfacet
  facet normal 0.000000e+00 -0.000000e+00 -1.000000e+00
    outer loop
      vertex   -4.147740e+01 1.515049e+02 -1.290000e+02
      vertex   -3.178555e+01 1.436120e+02 -1.290000e+02
      vertex   -4.189151e+01 1.514503e+02 -1.290000e+02
    endloop
  endfacet
  facet normal 0.000000e+00 0.000000e+00 -1.000000e+00
    outer loop
      vertex   -4.189151e+01 1.514503e+02 -1.290000e+02
      vertex   -3.178555e+01 1.436120e+02 -1.290000e+02
      vertex   -3.163570e+01 1.432503e+02 -1.290000e+02
    endloop
  endfacet
  facet normal -0.000000e+00 -0.000000e+00 -1.000000e+00
    outer loop
      vertex   -4.189151e+01 1.514503e+02 -1.290000e+02
      vertex   -3.163570e+01 1.432503e+02 -1.290000e+02
      vertex   -4.230562e+01 1.515049e+02 -1.290000e+02
    endloop
  endfacet
  facet normal 0.000000e+00 -0.000000e+00 -1.000000e+00
    outer loop
      vertex   -4.230562e+01 1.515049e+02 -1.290000e+02
      vertex   -3.163570e+01 1.432503e+02 -1.290000e+02
      vertex   -6.212276e+01 1.269141e+02 -1.290000e+02
    endloop
  endfacet
  facet normal 0.000000e+00 0.000000e+00 -1.000000e+00
    outer loop
      vertex   -4.230562e+01 1.515049e+02 -1.290000e+02
      vertex   -6.212276e+01 1.269141e+02 -1.290000e+02
      vertex   -6.228260e+01 1.273000e+02 -1.290000e+02
    endloop
  endfacet
  facet normal 0.000000e+00 -0.000000e+00 -1.000000e+00
    outer loop
      vertex   -3.163570e+01 1.432503e+02 -1.290000e+02
      vertex   -3.139732e+01 1.429396e+02 -1.290000e+02
      vertex   -6.212276e+01 1.269141e+02 -1.290000e+02
    endloop
  endfacet
  facet normal 0.000000e+00 0.000000e+00 -1.000000e+00
    outer loop
      vertex   -6.212276e+01 1.269141e+02 -1.290000e+02
      vertex   -3.139732e+01 1.429396e+02 -1.290000e+02
      vertex   -6.206824e+01 1.265000e+02 -1.290000e+02
    endloop
  endfacet
  facet normal 0.000000e+00 0.000000e+00 -1.000000e+00
    outer loop
      vertex   -6.206824e+01 1.265000e+02 -1.290000e+02
      vertex   -3.139732e+01 1.429396e+02 -1.290000e+02
      vertex   -3.669151e+01 1.074360e+02 -1.290000e+02
    endloop
  endfacet
  facet normal 0.000000e+00 -0.000000e+00 -1.000000e+00
    outer loop
      vertex   -6.206824e+01 1.265000e+02 -1.290000e+02
      vertex   -3.669151e+01 1.074360e+02 -1.290000e+02
      vertex   -6.212276e+01 1.260859e+02 -1.290000e+02
    endloop
  endfacet
  facet normal 0.000000e+00 0.000000e+00 -1.000000e+00
    outer loop
      vertex   -6.212276e+01 1.260859e+02 -1.290000e+02
      vertex   -3.669151e+01 1.074360e+02 -1.290000e+02
      vertex   -3.702288e+01 1.071817e+02 -1.290000e+02
    endloop
  endfacet
  facet normal 0.000000e+00 -0.000000e+00 -1.000000e+00
    outer loop
      vertex   -6.212276e+01 1.260859e+02 -1.290000e+02
      vertex   -3.702288e+01 1.071817e+02 -1.290000e+02
      vertex   -6.228260e+01 1.257000e+02 -1.290000e+02
    endloop
  endfacet
  facet normal 0.000000e+00 0.000000e+00 -1.000000e+00
    outer loop
      vertex   -3.669151e+01 1.074360e+02 -1.290000e+02
      vertex   -3.139732e+01 1.429396e+02 -1.290000e+02
      vertex   -3.630562e+01 1.075958e+02 -1.290000e+02
    endloop
  endfacet
  facet normal 0.000000e+00 0.000000e+00 -1.000000e+00
    outer loop
      vertex   -3.630562e+01 1.075958e+02 -1.290000e+02
      vertex   -3.139732e+01 1.429396e+02 -1.290000e+02
      vertex   -3.108666e+01 1.427012e+02 -1.290000e+02
    endloop
  endfacet
  facet normal 0.000000e+00 0.000000e+00 -1.000000e+00
    outer loop
      vertex   -3.630562e+01 1.075958e+02 -1.290000e+02
      vertex   -3.108666e+01 1.427012e+02 -1.290000e+02
      vertex   -3.589151e+01 1.076503e+02 -1.290000e+02
    endloop
  endfacet
  facet normal 0.000000e+00 0.000000e+00 -1.000000e+00
    outer loop
      vertex   -3.589151e+01 1.076503e+02 -1.290000e+02
      vertex   -3.108666e+01 1.427012e+02 -1.290000e+02
      vertex   -3.072489e+01 1.425514e+02 -1.290000e+02
    endloop
  endfacet
  facet normal 0.000000e+00 0.000000e+00 -1.000000e+00
    outer loop
      vertex   -3.589151e+01 1.076503e+02 -1.290000e+02
      vertex   -3.072489e+01 1.425514e+02 -1.290000e+02
      vertex   -3.547740e+01 1.075958e+02 -1.290000e+02
    endloop
  endfacet
  facet normal 0.000000e+00 0.000000e+00 -1.000000e+00
    outer loop
      vertex   -3.547740e+01 1.075958e+02 -1.290000e+02
      vertex   -3.072489e+01 1.425514e+02 -1.290000e+02
      vertex   -1.770104e+01 1.313055e+02 -1.290000e+02
    endloop
  endfacet
  facet normal 0.000000e+00 0.000000e+00 -1.000000e+00
    outer loop
      vertex   -3.547740e+01 1.075958e+02 -1.290000e+02
      vertex   -1.770104e+01 1.313055e+02 -1.290000e+02
      vertex   -3.509151e+01 1.074360e+02 -1.290000e+02
    endloop
  endfacet
  facet normal 0.000000e+00 0.000000e+00 -1.000000e+00
    outer loop
      vertex   -3.509151e+01 1.074360e+02 -1.290000e+02
      vertex   -1.770104e+01 1.313055e+02 -1.290000e+02
      vertex   -1.744605e+01 1.308807e+02 -1.290000e+02
    endloop
  endfacet
  facet normal 0.000000e+00 0.000000e+00 -1.000000e+00
    outer loop
      vertex   -3.509151e+01 1.074360e+02 -1.290000e+02
      vertex   -1.744605e+01 1.308807e+02 -1.290000e+02
      vertex   -3.476014e+01 1.071817e+02 -1.290000e+02
    endloop
  endfacet
  facet normal 0.000000e+00 0.000000e+00 -1.000000e+00
    outer loop
      vertex   -3.476014e+01 1.071817e+02 -1.290000e+02
      vertex   -1.744605e+01 1.308807e+02 -1.290000e+02
      vertex   -3.450587e+01 1.068503e+02 -1.290000e+02
    endloop
  endfacet
  facet normal 2.965525e-15 -2.105314e-15 -1.000000e+00
    outer loop
      vertex   -3.450587e+01 1.068503e+02 -1.290000e+02
      vertex   -1.744605e+01 1.308807e+02 -1.290000e+02
      vertex   -2.883666e+01 1.013360e+02 -1.290000e+02
    endloop
  endfacet
  facet normal -3.718321e-15 -8.976821e-15 -1.000000e+00
    outer loop
      vertex   -3.450587e+01 1.068503e+02 -1.290000e+02
      vertex   -2.883666e+01 1.013360e+02 -1.290000e+02
      vertex   -2.919843e+01 1.014858e+02 -1.290000e+02
    endloop
  endfacet
  facet normal 0.000000e+00 0.000000e+00 -1.000000e+00
    outer loop
      vertex   -3.072489e+01 1.425514e+02 -1.290000e+02
      vertex   -3.033666e+01 1.425003e+02 -1.290000e+02
      vertex   -1.770104e+01 1.313055e+02 -1.290000e+02
    endloop
  endfacet
  facet normal 0.000000e+00 0.000000e+00 -1.000000e+00
    outer loop
      vertex   -1.770104e+01 1.313055e+02 -1.290000e+02
      vertex   -3.033666e+01 1.425003e+02 -1.290000e+02
      vertex   -1.784375e+01 1.317800e+02 -1.290000e+02
    endloop
  endfacet
  facet normal 0.000000e+00 0.000000e+00 -1.000000e+00
    outer loop
      vertex   -1.784375e+01 1.317800e+02 -1.290000e+02
      vertex   -3.033666e+01 1.425003e+02 -1.290000e+02
      vertex   -2.958666e+01 1.425003e+02 -1.290000e+02
    endloop
  endfacet
  facet normal 0.000000e+00 0.000000e+00 -1.000000e+00
    outer loop
      vertex   -1.784375e+01 1.317800e+02 -1.290000e+02
      vertex   -2.958666e+01 1.425003e+02 -1.290000e+02
      vertex   -2.919843e+01 1.425514e+02 -1.290000e+02
    endloop
  endfacet
  facet normal 0.000000e+00 0.000000e+00 -1.000000e+00
    outer loop
      vertex   -1.784375e+01 1.317800e+02 -1.290000e+02
      vertex   -2.919843e+01 1.425514e+02 -1.290000e+02
      vertex   -1.786542e+01 1.322751e+02 -1.290000e+02
    endloop
  endfacet
  facet normal 0.000000e+00 0.000000e+00 -1.000000e+00
    outer loop
      vertex   -1.786542e+01 1.322751e+02 -1.290000e+02
      vertex   -2.919843e+01 1.425514e+02 -1.290000e+02
      vertex   -2.883666e+01 1.427012e+02 -1.290000e+02
    endloop
  endfacet
  facet normal 0.000000e+00 0.000000e+00 -1.000000e+00
    outer loop
      vertex   -1.786542e+01 1.322751e+02 -1.290000e+02
      vertex   -2.883666e+01 1.427012e+02 -1.290000e+02
      vertex   -1.776473e+01 1.327602e+02 -1.290000e+02
    endloop
  endfacet
  facet normal 0.000000e+00 0.000000e+00 -1.000000e+00
    outer loop
      vertex   -1.776473e+01 1.327602e+02 -1.290000e+02
      vertex   -2.883666e+01 1.427012e+02 -1.290000e+02
      vertex   -2.852600e+01 1.429396e+02 -1.290000e+02
    endloop
  endfacet
  facet normal 0.000000e+00 0.000000e+00 -1.000000e+00
    outer loop
      vertex   -1.776473e+01 1.327602e+02 -1.290000e+02
      vertex   -2.852600e+01 1.429396e+02 -1.290000e+02
      vertex   -1.754785e+01 1.332058e+02 -1.290000e+02
    endloop
  endfacet
  facet normal 0.000000e+00 0.000000e+00 -1.000000e+00
    outer loop
      vertex   -1.754785e+01 1.332058e+02 -1.290000e+02
      vertex   -2.852600e+01 1.429396e+02 -1.290000e+02
      vertex   -2.828762e+01 1.432503e+02 -1.290000e+02
    endloop
  endfacet
  facet normal 0.000000e+00 0.000000e+00 -1.000000e+00
    outer loop
      vertex   -1.754785e+01 1.332058e+02 -1.290000e+02
      vertex   -2.828762e+01 1.432503e+02 -1.290000e+02
      vertex   -1.722810e+01 1.335843e+02 -1.290000e+02
    endloop
  endfacet
  facet normal 0.000000e+00 0.000000e+00 -1.000000e+00
    outer loop
      vertex   -1.722810e+01 1.335843e+02 -1.290000e+02
      vertex   -2.828762e+01 1.432503e+02 -1.290000e+02
      vertex   -1.845754e+01 1.455861e+02 -1.290000e+02
    endloop
  endfacet
  facet normal 0.000000e+00 0.000000e+00 -1.000000e+00
    outer loop
      vertex   -1.722810e+01 1.335843e+02 -1.290000e+02
      vertex   -1.845754e+01 1.455861e+02 -1.290000e+02
      vertex   -1.804333e+01 1.452682e+02 -1.290000e+02
    endloop
  endfacet
  facet normal 0.000000e+00 0.000000e+00 -1.000000e+00
    outer loop
      vertex   -2.828762e+01 1.432503e+02 -1.290000e+02
      vertex   -2.813777e+01 1.436120e+02 -1.290000e+02
      vertex   -1.845754e+01 1.455861e+02 -1.290000e+02
    endloop
  endfacet
  facet normal -0.000000e+00 0.000000e+00 -1.000000e+00
    outer loop
      vertex   -1.845754e+01 1.455861e+02 -1.290000e+02
      vertex   -2.813777e+01 1.436120e+02 -1.290000e+02
      vertex   -1.877538e+01 1.460003e+02 -1.290000e+02
    endloop
  endfacet
  facet normal 0.000000e+00 0.000000e+00 -1.000000e+00
    outer loop
      vertex   -1.877538e+01 1.460003e+02 -1.290000e+02
      vertex   -2.813777e+01 1.436120e+02 -1.290000e+02
      vertex   -2.808666e+01 1.440003e+02 -1.290000e+02
    endloop
  endfacet
  facet normal -0.000000e+00 0.000000e+00 -1.000000e+00
    outer loop
      vertex   -1.877538e+01 1.460003e+02 -1.290000e+02
      vertex   -2.808666e+01 1.440003e+02 -1.290000e+02
      vertex   -1.897518e+01 1.464826e+02 -1.290000e+02
    endloop
  endfacet
  facet normal -0.000000e+00 0.000000e+00 -1.000000e+00
    outer loop
      vertex   -1.897518e+01 1.464826e+02 -1.290000e+02
      vertex   -2.808666e+01 1.440003e+02 -1.290000e+02
      vertex   -1.904333e+01 1.470003e+02 -1.290000e+02
    endloop
  endfacet
  facet normal -0.000000e+00 0.000000e+00 -1.000000e+00
    outer loop
      vertex   -1.904333e+01 1.470003e+02 -1.290000e+02
      vertex   -2.808666e+01 1.440003e+02 -1.290000e+02
      vertex   -2.808666e+01 1.560000e+02 -1.290000e+02
    endloop
  endfacet
  facet normal 0.000000e+00 0.000000e+00 -1.000000e+00
    outer loop
      vertex   -1.904333e+01 1.470003e+02 -1.290000e+02
      vertex   -2.808666e+01 1.560000e+02 -1.290000e+02
      vertex   -1.904333e+01 1.530003e+02 -1.290000e+02
    endloop
  endfacet
  facet normal 0.000000e+00 0.000000e+00 -1.000000e+00
    outer loop
      vertex   -1.904333e+01 1.530003e+02 -1.290000e+02
      vertex   -2.808666e+01 1.560000e+02 -1.290000e+02
      vertex   -1.897518e+01 1.535179e+02 -1.290000e+02
    endloop
  endfacet
  facet normal 0.000000e+00 0.000000e+00 -1.000000e+00
    outer loop
      vertex   -1.897518e+01 1.535179e+02 -1.290000e+02
      vertex   -2.808666e+01 1.560000e+02 -1.290000e+02
      vertex   -1.877538e+01 1.540003e+02 -1.290000e+02
    endloop
  endfacet
  facet normal 0.000000e+00 0.000000e+00 -1.000000e+00
    outer loop
      vertex   -1.877538e+01 1.540003e+02 -1.290000e+02
      vertex   -2.808666e+01 1.560000e+02 -1.290000e+02
      vertex   -1.845754e+01 1.544145e+02 -1.290000e+02
    endloop
  endfacet
  facet normal 0.000000e+00 0.000000e+00 -1.000000e+00
    outer loop
      vertex   -1.845754e+01 1.544145e+02 -1.290000e+02
      vertex   -2.808666e+01 1.560000e+02 -1.290000e+02
      vertex   -1.804333e+01 1.547323e+02 -1.290000e+02
    endloop
  endfacet
  facet normal 0.000000e+00 0.000000e+00 -1.000000e+00
    outer loop
      vertex   -1.804333e+01 1.547323e+02 -1.290000e+02
      vertex   -2.808666e+01 1.560000e+02 -1.290000e+02
      vertex   -1.756097e+01 1.549321e+02 -1.290000e+02
    endloop
  endfacet
  facet normal 0.000000e+00 0.000000e+00 -1.000000e+00
    outer loop
      vertex   -1.756097e+01 1.549321e+02 -1.290000e+02
      vertex   -2.808666e+01 1.560000e+02 -1.290000e+02
      vertex   -1.704333e+01 1.550003e+02 -1.290000e+02
    endloop
  endfacet
  facet normal 0.000000e+00 0.000000e+00 -1.000000e+00
    outer loop
      vertex   -1.704333e+01 1.550003e+02 -1.290000e+02
      vertex   -2.808666e+01 1.560000e+02 -1.290000e+02
      vertex   -1.104333e+01 1.550003e+02 -1.290000e+02
    endloop
  endfacet
  facet normal 0.000000e+00 0.000000e+00 -1.000000e+00
    outer loop
      vertex   -1.104333e+01 1.550003e+02 -1.290000e+02
      vertex   -2.808666e+01 1.560000e+02 -1.290000e+02
      vertex   1.104333e+01 1.550003e+02 -1.290000e+02
    endloop
  endfacet
  facet normal 0.000000e+00 0.000000e+00 -1.000000e+00
    outer loop
      vertex   -1.104333e+01 1.550003e+02 -1.290000e+02
      vertex   1.104333e+01 1.550003e+02 -1.290000e+02
      vertex   1.052569e+01 1.549321e+02 -1.290000e+02
    endloop
  endfacet
  facet normal 0.000000e+00 0.000000e+00 -1.000000e+00
    outer loop
      vertex   -2.808666e+01 1.560000e+02 -1.290000e+02
      vertex   2.808666e+01 1.560000e+02 -1.290000e+02
      vertex   1.104333e+01 1.550003e+02 -1.290000e+02
    endloop
  endfacet
  facet normal 0.000000e+00 0.000000e+00 -1.000000e+00
    outer loop
      vertex   1.104333e+01 1.550003e+02 -1.290000e+02
      vertex   2.808666e+01 1.560000e+02 -1.290000e+02
      vertex   1.704333e+01 1.550003e+02 -1.290000e+02
    endloop
  endfacet
  facet normal 0.000000e+00 0.000000e+00 -1.000000e+00
    outer loop
      vertex   1.704333e+01 1.550003e+02 -1.290000e+02
      vertex   2.808666e+01 1.560000e+02 -1.290000e+02
      vertex   1.756097e+01 1.549321e+02 -1.290000e+02
    endloop
  endfacet
  facet normal 0.000000e+00 0.000000e+00 -1.000000e+00
    outer loop
      vertex   1.756097e+01 1.549321e+02 -1.290000e+02
      vertex   2.808666e+01 1.560000e+02 -1.290000e+02
      vertex   1.804333e+01 1.547323e+02 -1.290000e+02
    endloop
  endfacet
  facet normal 0.000000e+00 0.000000e+00 -1.000000e+00
    outer loop
      vertex   1.804333e+01 1.547323e+02 -1.290000e+02
      vertex   2.808666e+01 1.560000e+02 -1.290000e+02
      vertex   1.845754e+01 1.544145e+02 -1.290000e+02
    endloop
  endfacet
  facet normal 0.000000e+00 0.000000e+00 -1.000000e+00
    outer loop
      vertex   1.845754e+01 1.544145e+02 -1.290000e+02
      vertex   2.808666e+01 1.560000e+02 -1.290000e+02
      vertex   1.877538e+01 1.540003e+02 -1.290000e+02
    endloop
  endfacet
  facet normal 0.000000e+00 0.000000e+00 -1.000000e+00
    outer loop
      vertex   1.877538e+01 1.540003e+02 -1.290000e+02
      vertex   2.808666e+01 1.560000e+02 -1.290000e+02
      vertex   1.897518e+01 1.535179e+02 -1.290000e+02
    endloop
  endfacet
  facet normal 0.000000e+00 0.000000e+00 -1.000000e+00
    outer loop
      vertex   1.897518e+01 1.535179e+02 -1.290000e+02
      vertex   2.808666e+01 1.560000e+02 -1.290000e+02
      vertex   1.904333e+01 1.530003e+02 -1.290000e+02
    endloop
  endfacet
  facet normal 0.000000e+00 0.000000e+00 -1.000000e+00
    outer loop
      vertex   1.904333e+01 1.530003e+02 -1.290000e+02
      vertex   2.808666e+01 1.560000e+02 -1.290000e+02
      vertex   1.904333e+01 1.470003e+02 -1.290000e+02
    endloop
  endfacet
  facet normal 0.000000e+00 0.000000e+00 -1.000000e+00
    outer loop
      vertex   1.904333e+01 1.470003e+02 -1.290000e+02
      vertex   2.808666e+01 1.560000e+02 -1.290000e+02
      vertex   2.808666e+01 1.440003e+02 -1.290000e+02
    endloop
  endfacet
  facet normal 0.000000e+00 -0.000000e+00 -1.000000e+00
    outer loop
      vertex   1.904333e+01 1.470003e+02 -1.290000e+02
      vertex   2.808666e+01 1.440003e+02 -1.290000e+02
      vertex   1.897518e+01 1.464826e+02 -1.290000e+02
    endloop
  endfacet
  facet normal 0.000000e+00 -0.000000e+00 -1.000000e+00
    outer loop
      vertex   1.897518e+01 1.464826e+02 -1.290000e+02
      vertex   2.808666e+01 1.440003e+02 -1.290000e+02
      vertex   1.877538e+01 1.460003e+02 -1.290000e+02
    endloop
  endfacet
  facet normal 0.000000e+00 0.000000e+00 -1.000000e+00
    outer loop
      vertex   1.877538e+01 1.460003e+02 -1.290000e+02
      vertex   2.808666e+01 1.440003e+02 -1.290000e+02
      vertex   2.813777e+01 1.436120e+02 -1.290000e+02
    endloop
  endfacet
  facet normal 0.000000e+00 -0.000000e+00 -1.000000e+00
    outer loop
      vertex   1.877538e+01 1.460003e+02 -1.290000e+02
      vertex   2.813777e+01 1.436120e+02 -1.290000e+02
      vertex   1.845754e+01 1.455861e+02 -1.290000e+02
    endloop
  endfacet
  facet normal 0.000000e+00 0.000000e+00 -1.000000e+00
    outer loop
      vertex   1.845754e+01 1.455861e+02 -1.290000e+02
      vertex   2.813777e+01 1.436120e+02 -1.290000e+02
      vertex   2.828762e+01 1.432503e+02 -1.290000e+02
    endloop
  endfacet
  facet normal 0.000000e+00 -0.000000e+00 -1.000000e+00
    outer loop
      vertex   1.845754e+01 1.455861e+02 -1.290000e+02
      vertex   2.828762e+01 1.432503e+02 -1.290000e+02
      vertex   1.722810e+01 1.335843e+02 -1.290000e+02
    endloop
  endfacet
  facet normal 0.000000e+00 0.000000e+00 -1.000000e+00
    outer loop
      vertex   1.722810e+01 1.335843e+02 -1.290000e+02
      vertex   2.828762e+01 1.432503e+02 -1.290000e+02
      vertex   1.754785e+01 1.332058e+02 -1.290000e+02
    endloop
  endfacet
  facet normal 0.000000e+00 0.000000e+00 -1.000000e+00
    outer loop
      vertex   1.754785e+01 1.332058e+02 -1.290000e+02
      vertex   2.828762e+01 1.432503e+02 -1.290000e+02
      vertex   2.852600e+01 1.429396e+02 -1.290000e+02
    endloop
  endfacet
  facet normal 0.000000e+00 0.000000e+00 -1.000000e+00
    outer loop
      vertex   1.754785e+01 1.332058e+02 -1.290000e+02
      vertex   2.852600e+01 1.429396e+02 -1.290000e+02
      vertex   1.776473e+01 1.327602e+02 -1.290000e+02
    endloop
  endfacet
  facet normal 0.000000e+00 0.000000e+00 -1.000000e+00
    outer loop
      vertex   1.776473e+01 1.327602e+02 -1.290000e+02
      vertex   2.852600e+01 1.429396e+02 -1.290000e+02
      vertex   2.883666e+01 1.427012e+02 -1.290000e+02
    endloop
  endfacet
  facet normal 0.000000e+00 0.000000e+00 -1.000000e+00
    outer loop
      vertex   1.776473e+01 1.327602e+02 -1.290000e+02
      vertex   2.883666e+01 1.427012e+02 -1.290000e+02
      vertex   1.786542e+01 1.322751e+02 -1.290000e+02
    endloop
  endfacet
  facet normal 0.000000e+00 0.000000e+00 -1.000000e+00
    outer loop
      vertex   1.786542e+01 1.322751e+02 -1.290000e+02
      vertex   2.883666e+01 1.427012e+02 -1.290000e+02
      vertex   2.919843e+01 1.425514e+02 -1.290000e+02
    endloop
  endfacet
  facet normal 0.000000e+00 0.000000e+00 -1.000000e+00
    outer loop
      vertex   1.786542e+01 1.322751e+02 -1.290000e+02
      vertex   2.919843e+01 1.425514e+02 -1.290000e+02
      vertex   3.507392e+01 1.337841e+02 -1.290000e+02
    endloop
  endfacet
  facet normal 0.000000e+00 0.000000e+00 -1.000000e+00
    outer loop
      vertex   3.507392e+01 1.337841e+02 -1.290000e+02
      vertex   2.919843e+01 1.425514e+02 -1.290000e+02
      vertex   2.958666e+01 1.425003e+02 -1.290000e+02
    endloop
  endfacet
  facet normal 0.000000e+00 0.000000e+00 -1.000000e+00
    outer loop
      vertex   3.507392e+01 1.337841e+02 -1.290000e+02
      vertex   2.958666e+01 1.425003e+02 -1.290000e+02
      vertex   3.033666e+01 1.425003e+02 -1.290000e+02
    endloop
  endfacet
  facet normal 0.000000e+00 0.000000e+00 -1.000000e+00
    outer loop
      vertex   3.033666e+01 1.425003e+02 -1.290000e+02
      vertex   3.072489e+01 1.425514e+02 -1.290000e+02
      vertex   3.507392e+01 1.337841e+02 -1.290000e+02
    endloop
  endfacet
  facet normal 0.000000e+00 0.000000e+00 -1.000000e+00
    outer loop
      vertex   3.507392e+01 1.337841e+02 -1.290000e+02
      vertex   3.072489e+01 1.425514e+02 -1.290000e+02
      vertex   3.539120e+01 1.341061e+02 -1.290000e+02
    endloop
  endfacet
  facet normal 0.000000e+00 0.000000e+00 -1.000000e+00
    outer loop
      vertex   3.539120e+01 1.341061e+02 -1.290000e+02
      vertex   3.072489e+01 1.425514e+02 -1.290000e+02
      vertex   3.108666e+01 1.427012e+02 -1.290000e+02
    endloop
  endfacet
  facet normal 0.000000e+00 0.000000e+00 -1.000000e+00
    outer loop
      vertex   3.539120e+01 1.341061e+02 -1.290000e+02
      vertex   3.108666e+01 1.427012e+02 -1.290000e+02
      vertex   3.577269e+01 1.343486e+02 -1.290000e+02
    endloop
  endfacet
  facet normal 0.000000e+00 0.000000e+00 -1.000000e+00
    outer loop
      vertex   3.577269e+01 1.343486e+02 -1.290000e+02
      vertex   3.108666e+01 1.427012e+02 -1.290000e+02
      vertex   3.139732e+01 1.429396e+02 -1.290000e+02
    endloop
  endfacet
  facet normal 0.000000e+00 0.000000e+00 -1.000000e+00
    outer loop
      vertex   3.577269e+01 1.343486e+02 -1.290000e+02
      vertex   3.139732e+01 1.429396e+02 -1.290000e+02
      vertex   3.619891e+01 1.344993e+02 -1.290000e+02
    endloop
  endfacet
  facet normal 0.000000e+00 0.000000e+00 -1.000000e+00
    outer loop
      vertex   3.619891e+01 1.344993e+02 -1.290000e+02
      vertex   3.139732e+01 1.429396e+02 -1.290000e+02
      vertex   3.163570e+01 1.432503e+02 -1.290000e+02
    endloop
  endfacet
  facet normal 0.000000e+00 0.000000e+00 -1.000000e+00
    outer loop
      vertex   3.619891e+01 1.344993e+02 -1.290000e+02
      vertex   3.163570e+01 1.432503e+02 -1.290000e+02
      vertex   3.664807e+01 1.345503e+02 -1.290000e+02
    endloop
  endfacet
  facet normal 0.000000e+00 0.000000e+00 -1.000000e+00
    outer loop
      vertex   3.664807e+01 1.345503e+02 -1.290000e+02
      vertex   3.163570e+01 1.432503e+02 -1.290000e+02
      vertex   3.178555e+01 1.436120e+02 -1.290000e+02
    endloop
  endfacet
  facet normal 0.000000e+00 0.000000e+00 -1.000000e+00
    outer loop
      vertex   3.664807e+01 1.345503e+02 -1.290000e+02
      vertex   3.178555e+01 1.436120e+02 -1.290000e+02
      vertex   3.183666e+01 1.440003e+02 -1.290000e+02
    endloop
  endfacet
  facet normal 0.000000e+00 0.000000e+00 -1.000000e+00
    outer loop
      vertex   3.183666e+01 1.560000e+02 -1.290000e+02
      vertex   4.749959e+01 1.560000e+02 -1.290000e+02
      vertex   3.183666e+01 1.440003e+02 -1.290000e+02
    endloop
  endfacet
  facet normal 0.000000e+00 0.000000e+00 -1.000000e+00
    outer loop
      vertex   3.183666e+01 1.440003e+02 -1.290000e+02
      vertex   4.749959e+01 1.560000e+02 -1.290000e+02
      vertex   4.749959e+01 1.420038e+02 -1.290000e+02
    endloop
  endfacet
  facet normal 0.000000e+00 0.000000e+00 -1.000000e+00
    outer loop
      vertex   3.183666e+01 1.440003e+02 -1.290000e+02
      vertex   4.749959e+01 1.420038e+02 -1.290000e+02
      vertex   3.664807e+01 1.345503e+02 -1.290000e+02
    endloop
  endfacet
  facet normal 0.000000e+00 0.000000e+00 -1.000000e+00
    outer loop
      vertex   3.664807e+01 1.345503e+02 -1.290000e+02
      vertex   4.749959e+01 1.420038e+02 -1.290000e+02
      vertex   4.367448e+01 1.345503e+02 -1.290000e+02
    endloop
  endfacet
  facet normal 0.000000e+00 0.000000e+00 -1.000000e+00
    outer loop
      vertex   4.367448e+01 1.345503e+02 -1.290000e+02
      vertex   4.749959e+01 1.420038e+02 -1.290000e+02
      vertex   4.756774e+01 1.414862e+02 -1.290000e+02
    endloop
  endfacet
  facet normal 0.000000e+00 0.000000e+00 -1.000000e+00
    outer loop
      vertex   4.367448e+01 1.345503e+02 -1.290000e+02
      vertex   4.756774e+01 1.414862e+02 -1.290000e+02
      vertex   4.776754e+01 1.410038e+02 -1.290000e+02
    endloop
  endfacet
  facet normal 0.000000e+00 0.000000e+00 -1.000000e+00
    outer loop
      vertex   4.367448e+01 1.345503e+02 -1.290000e+02
      vertex   4.776754e+01 1.410038e+02 -1.290000e+02
      vertex   4.419212e+01 1.344822e+02 -1.290000e+02
    endloop
  endfacet
  facet normal 0.000000e+00 0.000000e+00 -1.000000e+00
    outer loop
      vertex   4.419212e+01 1.344822e+02 -1.290000e+02
      vertex   4.776754e+01 1.410038e+02 -1.290000e+02
      vertex   4.808537e+01 1.405896e+02 -1.290000e+02
    endloop
  endfacet
  facet normal 0.000000e+00 0.000000e+00 -1.000000e+00
    outer loop
      vertex   4.419212e+01 1.344822e+02 -1.290000e+02
      vertex   4.808537e+01 1.405896e+02 -1.290000e+02
      vertex   4.467448e+01 1.342824e+02 -1.290000e+02
    endloop
  endfacet
  facet normal 0.000000e+00 0.000000e+00 -1.000000e+00
    outer loop
      vertex   4.467448e+01 1.342824e+02 -1.290000e+02
      vertex   4.808537e+01 1.405896e+02 -1.290000e+02
      vertex   4.849959e+01 1.402718e+02 -1.290000e+02
    endloop
  endfacet
  facet normal 0.000000e+00 0.000000e+00 -1.000000e+00
    outer loop
      vertex   4.467448e+01 1.342824e+02 -1.290000e+02
      vertex   4.849959e+01 1.402718e+02 -1.290000e+02
      vertex   4.508869e+01 1.339646e+02 -1.290000e+02
    endloop
  endfacet
  facet normal 0.000000e+00 0.000000e+00 -1.000000e+00
    outer loop
      vertex   4.508869e+01 1.339646e+02 -1.290000e+02
      vertex   4.849959e+01 1.402718e+02 -1.290000e+02
      vertex   4.898195e+01 1.400720e+02 -1.290000e+02
    endloop
  endfacet
  facet normal 0.000000e+00 0.000000e+00 -1.000000e+00
    outer loop
      vertex   4.508869e+01 1.339646e+02 -1.290000e+02
      vertex   4.898195e+01 1.400720e+02 -1.290000e+02
      vertex   4.540653e+01 1.335503e+02 -1.290000e+02
    endloop
  endfacet
  facet normal 0.000000e+00 0.000000e+00 -1.000000e+00
    outer loop
      vertex   4.540653e+01 1.335503e+02 -1.290000e+02
      vertex   4.898195e+01 1.400720e+02 -1.290000e+02
      vertex   4.949959e+01 1.400038e+02 -1.290000e+02
    endloop
  endfacet
  facet normal 0.000000e+00 0.000000e+00 -1.000000e+00
    outer loop
      vertex   4.540653e+01 1.335503e+02 -1.290000e+02
      vertex   4.949959e+01 1.400038e+02 -1.290000e+02
      vertex   4.560633e+01 1.330680e+02 -1.290000e+02
    endloop
  endfacet
  facet normal 0.000000e+00 0.000000e+00 -1.000000e+00
    outer loop
      vertex   4.560633e+01 1.330680e+02 -1.290000e+02
      vertex   4.949959e+01 1.400038e+02 -1.290000e+02
      vertex   5.049959e+01 1.400038e+02 -1.290000e+02
    endloop
  endfacet
  facet normal 0.000000e+00 0.000000e+00 -1.000000e+00
    outer loop
      vertex   4.560633e+01 1.330680e+02 -1.290000e+02
      vertex   5.049959e+01 1.400038e+02 -1.290000e+02
      vertex   4.567448e+01 1.325503e+02 -1.290000e+02
    endloop
  endfacet
  facet normal 0.000000e+00 0.000000e+00 -1.000000e+00
    outer loop
      vertex   4.567448e+01 1.325503e+02 -1.290000e+02
      vertex   5.049959e+01 1.400038e+02 -1.290000e+02
      vertex   5.101723e+01 1.400720e+02 -1.290000e+02
    endloop
  endfacet
  facet normal 0.000000e+00 0.000000e+00 -1.000000e+00
    outer loop
      vertex   4.567448e+01 1.325503e+02 -1.290000e+02
      vertex   5.101723e+01 1.400720e+02 -1.290000e+02
      vertex   6.212276e+01 1.269141e+02 -1.290000e+02
    endloop
  endfacet
  facet normal 0.000000e+00 0.000000e+00 -1.000000e+00
    outer loop
      vertex   6.212276e+01 1.269141e+02 -1.290000e+02
      vertex   5.101723e+01 1.400720e+02 -1.290000e+02
      vertex   5.149959e+01 1.402718e+02 -1.290000e+02
    endloop
  endfacet
  facet normal 0.000000e+00 0.000000e+00 -1.000000e+00
    outer loop
      vertex   6.212276e+01 1.269141e+02 -1.290000e+02
      vertex   5.149959e+01 1.402718e+02 -1.290000e+02
      vertex   6.228260e+01 1.273000e+02 -1.290000e+02
    endloop
  endfacet
  facet normal 0.000000e+00 0.000000e+00 -1.000000e+00
    outer loop
      vertex   6.228260e+01 1.273000e+02 -1.290000e+02
      vertex   5.149959e+01 1.402718e+02 -1.290000e+02
      vertex   5.191380e+01 1.405896e+02 -1.290000e+02
    endloop
  endfacet
  facet normal 0.000000e+00 0.000000e+00 -1.000000e+00
    outer loop
      vertex   6.228260e+01 1.273000e+02 -1.290000e+02
      vertex   5.191380e+01 1.405896e+02 -1.290000e+02
      vertex   6.253687e+01 1.276314e+02 -1.290000e+02
    endloop
  endfacet
  facet normal 0.000000e+00 0.000000e+00 -1.000000e+00
    outer loop
      vertex   6.253687e+01 1.276314e+02 -1.290000e+02
      vertex   5.191380e+01 1.405896e+02 -1.290000e+02
      vertex   5.223164e+01 1.410038e+02 -1.290000e+02
    endloop
  endfacet
  facet normal 0.000000e+00 0.000000e+00 -1.000000e+00
    outer loop
      vertex   6.990814e+01 9.176435e+01 -1.290000e+02
      vertex   6.650413e+01 9.666574e+01 -1.290000e+02
      vertex   7.000000e+01 9.281025e+01 -1.290000e+02
    endloop
  endfacet
  facet normal 0.000000e+00 0.000000e+00 -1.000000e+00
    outer loop
      vertex   7.000000e+01 9.281025e+01 -1.290000e+02
      vertex   6.650413e+01 9.666574e+01 -1.290000e+02
      vertex   6.691824e+01 9.672026e+01 -1.290000e+02
    endloop
  endfacet
  facet normal 0.000000e+00 0.000000e+00 -1.000000e+00
    outer loop
      vertex   7.000000e+01 9.281025e+01 -1.290000e+02
      vertex   6.691824e+01 9.672026e+01 -1.290000e+02
      vertex   6.730413e+01 9.688010e+01 -1.290000e+02
    endloop
  endfacet
  facet normal -0.000000e+00 0.000000e+00 -1.000000e+00
    outer loop
      vertex   6.990814e+01 9.176435e+01 -1.290000e+02
      vertex   6.963537e+01 9.075048e+01 -1.290000e+02
      vertex   6.650413e+01 9.666574e+01 -1.290000e+02
    endloop
  endfacet
  facet normal 0.000000e+00 0.000000e+00 -1.000000e+00
    outer loop
      vertex   6.650413e+01 9.666574e+01 -1.290000e+02
      vertex   6.963537e+01 9.075048e+01 -1.290000e+02
      vertex   6.919003e+01 8.979968e+01 -1.290000e+02
    endloop
  endfacet
  facet normal -0.000000e+00 -0.000000e+00 -1.000000e+00
    outer loop
      vertex   6.650413e+01 9.666574e+01 -1.290000e+02
      vertex   6.919003e+01 8.979968e+01 -1.290000e+02
      vertex   6.609002e+01 9.672026e+01 -1.290000e+02
    endloop
  endfacet
  facet normal 0.000000e+00 0.000000e+00 -1.000000e+00
    outer loop
      vertex   6.609002e+01 9.672026e+01 -1.290000e+02
      vertex   6.919003e+01 8.979968e+01 -1.290000e+02
      vertex   6.858578e+01 8.894106e+01 -1.290000e+02
    endloop
  endfacet
  facet normal 0.000000e+00 0.000000e+00 -1.000000e+00
    outer loop
      vertex   6.609002e+01 9.672026e+01 -1.290000e+02
      vertex   6.858578e+01 8.894106e+01 -1.290000e+02
      vertex   6.784111e+01 8.820092e+01 -1.290000e+02
    endloop
  endfacet
  facet normal -0.000000e+00 -0.000000e+00 -1.000000e+00
    outer loop
      vertex   6.609002e+01 9.672026e+01 -1.290000e+02
      vertex   6.784111e+01 8.820092e+01 -1.290000e+02
      vertex   6.570413e+01 9.688010e+01 -1.290000e+02
    endloop
  endfacet
  facet normal 0.000000e+00 -0.000000e+00 -1.000000e+00
    outer loop
      vertex   6.570413e+01 9.688010e+01 -1.290000e+02
      vertex   6.784111e+01 8.820092e+01 -1.290000e+02
      vertex   6.280000e+01 8.400000e+01 -1.290000e+02
    endloop
  endfacet
  facet normal -0.000000e+00 0.000000e+00 -1.000000e+00
    outer loop
      vertex   6.570413e+01 9.688010e+01 -1.290000e+02
      vertex   6.280000e+01 8.400000e+01 -1.290000e+02
      vertex   6.537276e+01 9.713437e+01 -1.290000e+02
    endloop
  endfacet
  facet normal 0.000000e+00 0.000000e+00 -1.000000e+00
    outer loop
      vertex   6.537276e+01 9.713437e+01 -1.290000e+02
      vertex   6.280000e+01 8.400000e+01 -1.290000e+02
      vertex   5.750000e+01 8.400000e+01 -1.290000e+02
    endloop
  endfacet
  facet normal -0.000000e+00 0.000000e+00 -1.000000e+00
    outer loop
      vertex   6.537276e+01 9.713437e+01 -1.290000e+02
      vertex   5.750000e+01 8.400000e+01 -1.290000e+02
      vertex   6.511849e+01 9.746574e+01 -1.290000e+02
    endloop
  endfacet
  facet normal 0.000000e+00 0.000000e+00 -1.000000e+00
    outer loop
      vertex   6.511849e+01 9.746574e+01 -1.290000e+02
      vertex   5.750000e+01 8.400000e+01 -1.290000e+02
      vertex   5.249959e+01 8.603338e+01 -1.290000e+02
    endloop
  endfacet
  facet normal -0.000000e+00 0.000000e+00 -1.000000e+00
    outer loop
      vertex   6.511849e+01 9.746574e+01 -1.290000e+02
      vertex   5.249959e+01 8.603338e+01 -1.290000e+02
      vertex   6.495865e+01 9.785163e+01 -1.290000e+02
    endloop
  endfacet
  facet normal 1.684992e-15 -1.776357e-15 -1.000000e+00
    outer loop
      vertex   6.495865e+01 9.785163e+01 -1.290000e+02
      vertex   5.249959e+01 8.603338e+01 -1.290000e+02
      vertex   5.249959e+01 1.020334e+02 -1.290000e+02
    endloop
  endfacet
  facet normal 2.386669e-15 3.142109e-16 -1.000000e+00
    outer loop
      vertex   6.495865e+01 9.785163e+01 -1.290000e+02
      vertex   5.249959e+01 1.020334e+02 -1.290000e+02
      vertex   6.490413e+01 9.826574e+01 -1.290000e+02
    endloop
  endfacet
  facet normal 3.318230e-14 8.160058e-14 -1.000000e+00
    outer loop
      vertex   5.750000e+01 8.400000e+01 -1.290000e+02
      vertex   5.685295e+01 8.391482e+01 -1.290000e+02
      vertex   5.249959e+01 8.603338e+01 -1.290000e+02
    endloop
  endfacet
  facet normal -3.001858e-15 7.247126e-15 -1.000000e+00
    outer loop
      vertex   5.249959e+01 8.603338e+01 -1.290000e+02
      vertex   5.685295e+01 8.391482e+01 -1.290000e+02
      vertex   5.625000e+01 8.366506e+01 -1.290000e+02
    endloop
  endfacet
  facet normal -4.157126e-15 5.417672e-15 -1.000000e+00
    outer loop
      vertex   5.249959e+01 8.603338e+01 -1.290000e+02
      vertex   5.625000e+01 8.366506e+01 -1.290000e+02
      vertex   5.573223e+01 8.326777e+01 -1.290000e+02
    endloop
  endfacet
  facet normal -7.902063e-15 1.040326e-15 -1.000000e+00
    outer loop
      vertex   5.249959e+01 8.603338e+01 -1.290000e+02
      vertex   5.573223e+01 8.326777e+01 -1.290000e+02
      vertex   5.243144e+01 8.551575e+01 -1.290000e+02
    endloop
  endfacet
  facet normal -5.655243e-15 4.339421e-15 -1.000000e+00
    outer loop
      vertex   5.243144e+01 8.551575e+01 -1.290000e+02
      vertex   5.573223e+01 8.326777e+01 -1.290000e+02
      vertex   5.533494e+01 8.275000e+01 -1.290000e+02
    endloop
  endfacet
  facet normal -7.019256e-15 2.907471e-15 -1.000000e+00
    outer loop
      vertex   5.243144e+01 8.551575e+01 -1.290000e+02
      vertex   5.533494e+01 8.275000e+01 -1.290000e+02
      vertex   5.223164e+01 8.503338e+01 -1.290000e+02
    endloop
  endfacet
  facet normal -5.853630e-15 4.491648e-15 -1.000000e+00
    outer loop
      vertex   5.223164e+01 8.503338e+01 -1.290000e+02
      vertex   5.533494e+01 8.275000e+01 -1.290000e+02
      vertex   5.191380e+01 8.461917e+01 -1.290000e+02
    endloop
  endfacet
  facet normal -6.774541e-15 2.806107e-15 -1.000000e+00
    outer loop
      vertex   5.191380e+01 8.461917e+01 -1.290000e+02
      vertex   5.533494e+01 8.275000e+01 -1.290000e+02
      vertex   5.508519e+01 8.214705e+01 -1.290000e+02
    endloop
  endfacet
  facet normal -4.445675e-15 5.793716e-15 -1.000000e+00
    outer loop
      vertex   5.191380e+01 8.461917e+01 -1.290000e+02
      vertex   5.508519e+01 8.214705e+01 -1.290000e+02
      vertex   5.149959e+01 8.430133e+01 -1.290000e+02
    endloop
  endfacet
  facet normal -7.345602e-15 9.670668e-16 -1.000000e+00
    outer loop
      vertex   5.149959e+01 8.430133e+01 -1.290000e+02
      vertex   5.508519e+01 8.214705e+01 -1.290000e+02
      vertex   5.500000e+01 8.150000e+01 -1.290000e+02
    endloop
  endfacet
  facet normal -2.769223e-15 6.685495e-15 -1.000000e+00
    outer loop
      vertex   5.149959e+01 8.430133e+01 -1.290000e+02
      vertex   5.500000e+01 8.150000e+01 -1.290000e+02
      vertex   5.101723e+01 8.410153e+01 -1.290000e+02
    endloop
  endfacet
  facet normal -1.177739e-14 -7.105425e-15 -1.000000e+00
    outer loop
      vertex   5.101723e+01 8.410153e+01 -1.290000e+02
      vertex   5.500000e+01 8.150000e+01 -1.290000e+02
      vertex   5.500000e+01 7.750000e+01 -1.290000e+02
    endloop
  endfacet
  facet normal 0.000000e+00 -0.000000e+00 -1.000000e+00
    outer loop
      vertex   5.101723e+01 8.410153e+01 -1.290000e+02
      vertex   5.500000e+01 7.750000e+01 -1.290000e+02
      vertex   5.049959e+01 8.403338e+01 -1.290000e+02
    endloop
  endfacet
  facet normal -0.000000e+00 -0.000000e+00 -1.000000e+00
    outer loop
      vertex   5.049959e+01 8.403338e+01 -1.290000e+02
      vertex   5.500000e+01 7.750000e+01 -1.290000e+02
      vertex   4.949959e+01 8.403338e+01 -1.290000e+02
    endloop
  endfacet
  facet normal -0.000000e+00 -0.000000e+00 -1.000000e+00
    outer loop
      vertex   4.949959e+01 8.403338e+01 -1.290000e+02
      vertex   5.500000e+01 7.750000e+01 -1.290000e+02
      vertex   4.898195e+01 8.410153e+01 -1.290000e+02
    endloop
  endfacet
  facet normal 0.000000e+00 -0.000000e+00 -1.000000e+00
    outer loop
      vertex   4.898195e+01 8.410153e+01 -1.290000e+02
      vertex   5.500000e+01 7.750000e+01 -1.290000e+02
      vertex   4.215889e+01 6.679908e+01 -1.290000e+02
    endloop
  endfacet
  facet normal -0.000000e+00 0.000000e+00 -1.000000e+00
    outer loop
      vertex   4.898195e+01 8.410153e+01 -1.290000e+02
      vertex   4.215889e+01 6.679908e+01 -1.290000e+02
      vertex   4.849959e+01 8.430133e+01 -1.290000e+02
    endloop
  endfacet
  facet normal -0.000000e+00 0.000000e+00 -1.000000e+00
    outer loop
      vertex   4.849959e+01 8.430133e+01 -1.290000e+02
      vertex   4.215889e+01 6.679908e+01 -1.290000e+02
      vertex   4.808537e+01 8.461917e+01 -1.290000e+02
    endloop
  endfacet
  facet normal 2.126683e-15 -7.072772e-16 -1.000000e+00
    outer loop
      vertex   4.808537e+01 8.461917e+01 -1.290000e+02
      vertex   4.215889e+01 6.679908e+01 -1.290000e+02
      vertex   3.261179e+01 7.827697e+01 -1.290000e+02
    endloop
  endfacet
  facet normal 1.941557e-15 -2.556108e-16 -1.000000e+00
    outer loop
      vertex   4.808537e+01 8.461917e+01 -1.290000e+02
      vertex   3.261179e+01 7.827697e+01 -1.290000e+02
      vertex   3.270040e+01 7.895000e+01 -1.290000e+02
    endloop
  endfacet
  facet normal 1.379997e-15 -1.388452e-15 -1.000000e+00
    outer loop
      vertex   4.141422e+01 6.605894e+01 -1.290000e+02
      vertex   3.193876e+01 7.711124e+01 -1.290000e+02
      vertex   4.215889e+01 6.679908e+01 -1.290000e+02
    endloop
  endfacet
  facet normal 1.567408e-15 -1.202714e-15 -1.000000e+00
    outer loop
      vertex   4.215889e+01 6.679908e+01 -1.290000e+02
      vertex   3.193876e+01 7.711124e+01 -1.290000e+02
      vertex   3.235201e+01 7.764980e+01 -1.290000e+02
    endloop
  endfacet
  facet normal 1.987337e-15 -8.231821e-16 -1.000000e+00
    outer loop
      vertex   4.215889e+01 6.679908e+01 -1.290000e+02
      vertex   3.235201e+01 7.764980e+01 -1.290000e+02
      vertex   3.261179e+01 7.827697e+01 -1.290000e+02
    endloop
  endfacet
  facet normal 4.786190e-16 -2.161230e-15 -1.000000e+00
    outer loop
      vertex   3.193876e+01 7.711124e+01 -1.290000e+02
      vertex   4.141422e+01 6.605894e+01 -1.290000e+02
      vertex   3.191421e+01 6.395510e+01 -1.290000e+02
    endloop
  endfacet
  facet normal 0.000000e+00 0.000000e+00 -1.000000e+00
    outer loop
      vertex   3.191421e+01 6.395510e+01 -1.290000e+02
      vertex   4.141422e+01 6.605894e+01 -1.290000e+02
      vertex   4.080997e+01 6.520032e+01 -1.290000e+02
    endloop
  endfacet
  facet normal 0.000000e+00 0.000000e+00 -1.000000e+00
    outer loop
      vertex   3.191421e+01 6.395510e+01 -1.290000e+02
      vertex   4.080997e+01 6.520032e+01 -1.290000e+02
      vertex   3.223205e+01 6.354089e+01 -1.290000e+02
    endloop
  endfacet
  facet normal 0.000000e+00 0.000000e+00 -1.000000e+00
    outer loop
      vertex   3.223205e+01 6.354089e+01 -1.290000e+02
      vertex   4.080997e+01 6.520032e+01 -1.290000e+02
      vertex   4.036463e+01 6.424952e+01 -1.290000e+02
    endloop
  endfacet
  facet normal 0.000000e+00 0.000000e+00 -1.000000e+00
    outer loop
      vertex   3.223205e+01 6.354089e+01 -1.290000e+02
      vertex   4.036463e+01 6.424952e+01 -1.290000e+02
      vertex   3.243185e+01 6.305852e+01 -1.290000e+02
    endloop
  endfacet
  facet normal 0.000000e+00 0.000000e+00 -1.000000e+00
    outer loop
      vertex   3.243185e+01 6.305852e+01 -1.290000e+02
      vertex   4.036463e+01 6.424952e+01 -1.290000e+02
      vertex   4.009186e+01 6.323565e+01 -1.290000e+02
    endloop
  endfacet
  facet normal 0.000000e+00 0.000000e+00 -1.000000e+00
    outer loop
      vertex   3.243185e+01 6.305852e+01 -1.290000e+02
      vertex   4.009186e+01 6.323565e+01 -1.290000e+02
      vertex   3.250000e+01 6.254089e+01 -1.290000e+02
    endloop
  endfacet
  facet normal 0.000000e+00 0.000000e+00 -1.000000e+00
    outer loop
      vertex   3.250000e+01 6.254089e+01 -1.290000e+02
      vertex   4.009186e+01 6.323565e+01 -1.290000e+02
      vertex   4.000000e+01 6.218975e+01 -1.290000e+02
    endloop
  endfacet
  facet normal 0.000000e+00 0.000000e+00 -1.000000e+00
    outer loop
      vertex   3.250000e+01 6.254089e+01 -1.290000e+02
      vertex   4.000000e+01 6.218975e+01 -1.290000e+02
      vertex   3.250000e+01 4.827792e+01 -1.290000e+02
    endloop
  endfacet
  facet normal 0.000000e+00 0.000000e+00 -1.000000e+00
    outer loop
      vertex   3.250000e+01 4.827792e+01 -1.290000e+02
      vertex   4.000000e+01 6.218975e+01 -1.290000e+02
      vertex   4.000000e+01 4.454089e+01 -1.290000e+02
    endloop
  endfacet
  facet normal 0.000000e+00 -0.000000e+00 -1.000000e+00
    outer loop
      vertex   3.250000e+01 4.827792e+01 -1.290000e+02
      vertex   4.000000e+01 4.454089e+01 -1.290000e+02
      vertex   3.244274e+01 4.780277e+01 -1.290000e+02
    endloop
  endfacet
  facet normal 0.000000e+00 -0.000000e+00 -1.000000e+00
    outer loop
      vertex   3.244274e+01 4.780277e+01 -1.290000e+02
      vertex   4.000000e+01 4.454089e+01 -1.290000e+02
      vertex   3.227424e+01 4.735483e+01 -1.290000e+02
    endloop
  endfacet
  facet normal 0.000000e+00 -0.000000e+00 -1.000000e+00
    outer loop
      vertex   3.227424e+01 4.735483e+01 -1.290000e+02
      vertex   4.000000e+01 4.454089e+01 -1.290000e+02
      vertex   3.200414e+01 4.695975e+01 -1.290000e+02
    endloop
  endfacet
  facet normal 0.000000e+00 -0.000000e+00 -1.000000e+00
    outer loop
      vertex   3.200414e+01 4.695975e+01 -1.290000e+02
      vertex   4.000000e+01 4.454089e+01 -1.290000e+02
      vertex   3.198085e+01 3.981480e+01 -1.290000e+02
    endloop
  endfacet
  facet normal 0.000000e+00 0.000000e+00 -1.000000e+00
    outer loop
      vertex   3.200414e+01 4.695975e+01 -1.290000e+02
      vertex   3.198085e+01 3.981480e+01 -1.290000e+02
      vertex   3.164791e+01 4.664015e+01 -1.290000e+02
    endloop
  endfacet
  facet normal 0.000000e+00 -0.000000e+00 -1.000000e+00
    outer loop
      vertex   3.164791e+01 4.664015e+01 -1.290000e+02
      vertex   3.198085e+01 3.981480e+01 -1.290000e+02
      vertex   3.160940e+01 4.013462e+01 -1.290000e+02
    endloop
  endfacet
  facet normal 0.000000e+00 0.000000e+00 -1.000000e+00
    outer loop
      vertex   3.164791e+01 4.664015e+01 -1.290000e+02
      vertex   3.160940e+01 4.013462e+01 -1.290000e+02
      vertex   3.122596e+01 4.641433e+01 -1.290000e+02
    endloop
  endfacet
  facet normal 0.000000e+00 -0.000000e+00 -1.000000e+00
    outer loop
      vertex   3.122596e+01 4.641433e+01 -1.290000e+02
      vertex   3.160940e+01 4.013462e+01 -1.290000e+02
      vertex   3.076244e+01 4.629521e+01 -1.290000e+02
    endloop
  endfacet
  facet normal 0.000000e+00 -0.000000e+00 -1.000000e+00
    outer loop
      vertex   3.076244e+01 4.629521e+01 -1.290000e+02
      vertex   3.160940e+01 4.013462e+01 -1.290000e+02
      vertex   3.028388e+01 4.628963e+01 -1.290000e+02
    endloop
  endfacet
  facet normal -0.000000e+00 -0.000000e+00 -1.000000e+00
    outer loop
      vertex   3.028388e+01 4.628963e+01 -1.290000e+02
      vertex   3.160940e+01 4.013462e+01 -1.290000e+02
      vertex   2.981771e+01 4.639790e+01 -1.290000e+02
    endloop
  endfacet
  facet normal -0.000000e+00 -0.000000e+00 -1.000000e+00
    outer loop
      vertex   2.981771e+01 4.639790e+01 -1.290000e+02
      vertex   3.160940e+01 4.013462e+01 -1.290000e+02
      vertex   2.939060e+01 4.661382e+01 -1.290000e+02
    endloop
  endfacet
  facet normal -0.000000e+00 -0.000000e+00 -1.000000e+00
    outer loop
      vertex   2.939060e+01 4.661382e+01 -1.290000e+02
      vertex   3.160940e+01 4.013462e+01 -1.290000e+02
      vertex   2.060940e+01 4.746795e+01 -1.290000e+02
    endloop
  endfacet
  facet normal 0.000000e+00 0.000000e+00 -1.000000e+00
    outer loop
      vertex   2.939060e+01 4.661382e+01 -1.290000e+02
      vertex   2.060940e+01 4.746795e+01 -1.290000e+02
      vertex   1.839060e+01 5.394715e+01 -1.290000e+02
    endloop
  endfacet
  facet normal 0.000000e+00 0.000000e+00 -1.000000e+00
    outer loop
      vertex   1.839060e+01 5.394715e+01 -1.290000e+02
      vertex   2.060940e+01 4.746795e+01 -1.290000e+02
      vertex   2.018229e+01 4.768387e+01 -1.290000e+02
    endloop
  endfacet
  facet normal 0.000000e+00 0.000000e+00 -1.000000e+00
    outer loop
      vertex   1.839060e+01 5.394715e+01 -1.290000e+02
      vertex   2.018229e+01 4.768387e+01 -1.290000e+02
      vertex   1.971612e+01 4.779214e+01 -1.290000e+02
    endloop
  endfacet
  facet normal -0.000000e+00 0.000000e+00 -1.000000e+00
    outer loop
      vertex   4.137812e+01 4.441318e+01 -1.290000e+02
      vertex   4.000000e+01 3.864089e+01 -1.290000e+02
      vertex   4.000000e+01 4.454089e+01 -1.290000e+02
    endloop
  endfacet
  facet normal 0.000000e+00 -0.000000e+00 -1.000000e+00
    outer loop
      vertex   4.000000e+01 4.454089e+01 -1.290000e+02
      vertex   4.000000e+01 3.864089e+01 -1.290000e+02
      vertex   3.958589e+01 3.858637e+01 -1.290000e+02
    endloop
  endfacet
  facet normal 0.000000e+00 0.000000e+00 -1.000000e+00
    outer loop
      vertex   4.000000e+01 4.454089e+01 -1.290000e+02
      vertex   3.958589e+01 3.858637e+01 -1.290000e+02
      vertex   3.920000e+01 3.842653e+01 -1.290000e+02
    endloop
  endfacet
  facet normal 0.000000e+00 0.000000e+00 -1.000000e+00
    outer loop
      vertex   4.000000e+01 3.864089e+01 -1.290000e+02
      vertex   4.137812e+01 4.441318e+01 -1.290000e+02
      vertex   4.041411e+01 3.858637e+01 -1.290000e+02
    endloop
  endfacet
  facet normal 0.000000e+00 0.000000e+00 -1.000000e+00
    outer loop
      vertex   4.041411e+01 3.858637e+01 -1.290000e+02
      vertex   4.137812e+01 4.441318e+01 -1.290000e+02
      vertex   4.270931e+01 4.403443e+01 -1.290000e+02
    endloop
  endfacet
  facet normal 0.000000e+00 0.000000e+00 -1.000000e+00
    outer loop
      vertex   4.041411e+01 3.858637e+01 -1.290000e+02
      vertex   4.270931e+01 4.403443e+01 -1.290000e+02
      vertex   4.080000e+01 3.842653e+01 -1.290000e+02
    endloop
  endfacet
  facet normal 0.000000e+00 0.000000e+00 -1.000000e+00
    outer loop
      vertex   4.080000e+01 3.842653e+01 -1.290000e+02
      vertex   4.270931e+01 4.403443e+01 -1.290000e+02
      vertex   4.394824e+01 4.341751e+01 -1.290000e+02
    endloop
  endfacet
  facet normal 0.000000e+00 0.000000e+00 -1.000000e+00
    outer loop
      vertex   4.080000e+01 3.842653e+01 -1.290000e+02
      vertex   4.394824e+01 4.341751e+01 -1.290000e+02
      vertex   4.113137e+01 3.817226e+01 -1.290000e+02
    endloop
  endfacet
  facet normal 0.000000e+00 0.000000e+00 -1.000000e+00
    outer loop
      vertex   4.113137e+01 3.817226e+01 -1.290000e+02
      vertex   4.394824e+01 4.341751e+01 -1.290000e+02
      vertex   4.505272e+01 4.258345e+01 -1.290000e+02
    endloop
  endfacet
  facet normal 0.000000e+00 0.000000e+00 -1.000000e+00
    outer loop
      vertex   4.113137e+01 3.817226e+01 -1.290000e+02
      vertex   4.505272e+01 4.258345e+01 -1.290000e+02
      vertex   4.138564e+01 3.784089e+01 -1.290000e+02
    endloop
  endfacet
  facet normal 0.000000e+00 0.000000e+00 -1.000000e+00
    outer loop
      vertex   4.138564e+01 3.784089e+01 -1.290000e+02
      vertex   4.505272e+01 4.258345e+01 -1.290000e+02
      vertex   4.598513e+01 4.156065e+01 -1.290000e+02
    endloop
  endfacet
  facet normal 0.000000e+00 0.000000e+00 -1.000000e+00
    outer loop
      vertex   4.138564e+01 3.784089e+01 -1.290000e+02
      vertex   4.598513e+01 4.156065e+01 -1.290000e+02
      vertex   4.671372e+01 4.038392e+01 -1.290000e+02
    endloop
  endfacet
  facet normal 0.000000e+00 0.000000e+00 -1.000000e+00
    outer loop
      vertex   4.138564e+01 3.784089e+01 -1.290000e+02
      vertex   4.671372e+01 4.038392e+01 -1.290000e+02
      vertex   4.154548e+01 3.745500e+01 -1.290000e+02
    endloop
  endfacet
  facet normal 0.000000e+00 0.000000e+00 -1.000000e+00
    outer loop
      vertex   4.154548e+01 3.745500e+01 -1.290000e+02
      vertex   4.671372e+01 4.038392e+01 -1.290000e+02
      vertex   4.721369e+01 3.909336e+01 -1.290000e+02
    endloop
  endfacet
  facet normal 0.000000e+00 0.000000e+00 -1.000000e+00
    outer loop
      vertex   4.154548e+01 3.745500e+01 -1.290000e+02
      vertex   4.721369e+01 3.909336e+01 -1.290000e+02
      vertex   4.746801e+01 3.773290e+01 -1.290000e+02
    endloop
  endfacet
  facet normal 0.000000e+00 0.000000e+00 -1.000000e+00
    outer loop
      vertex   4.154548e+01 3.745500e+01 -1.290000e+02
      vertex   4.746801e+01 3.773290e+01 -1.290000e+02
      vertex   4.160000e+01 3.704089e+01 -1.290000e+02
    endloop
  endfacet
  facet normal 0.000000e+00 0.000000e+00 -1.000000e+00
    outer loop
      vertex   4.160000e+01 3.704089e+01 -1.290000e+02
      vertex   4.746801e+01 3.773290e+01 -1.290000e+02
      vertex   4.746801e+01 3.634887e+01 -1.290000e+02
    endloop
  endfacet
  facet normal 0.000000e+00 -0.000000e+00 -1.000000e+00
    outer loop
      vertex   4.160000e+01 3.704089e+01 -1.290000e+02
      vertex   4.746801e+01 3.634887e+01 -1.290000e+02
      vertex   4.154548e+01 3.662677e+01 -1.290000e+02
    endloop
  endfacet
  facet normal 0.000000e+00 0.000000e+00 -1.000000e+00
    outer loop
      vertex   4.154548e+01 3.662677e+01 -1.290000e+02
      vertex   4.746801e+01 3.634887e+01 -1.290000e+02
      vertex   4.721369e+01 3.498841e+01 -1.290000e+02
    endloop
  endfacet
  facet normal 0.000000e+00 0.000000e+00 -1.000000e+00
    outer loop
      vertex   4.154548e+01 3.662677e+01 -1.290000e+02
      vertex   4.721369e+01 3.498841e+01 -1.290000e+02
      vertex   4.671372e+01 3.369785e+01 -1.290000e+02
    endloop
  endfacet
  facet normal 0.000000e+00 -0.000000e+00 -1.000000e+00
    outer loop
      vertex   4.154548e+01 3.662677e+01 -1.290000e+02
      vertex   4.671372e+01 3.369785e+01 -1.290000e+02
      vertex   4.138564e+01 3.624089e+01 -1.290000e+02
    endloop
  endfacet
  facet normal 0.000000e+00 0.000000e+00 -1.000000e+00
    outer loop
      vertex   4.138564e+01 3.624089e+01 -1.290000e+02
      vertex   4.671372e+01 3.369785e+01 -1.290000e+02
      vertex   4.598513e+01 3.252113e+01 -1.290000e+02
    endloop
  endfacet
  facet normal 0.000000e+00 0.000000e+00 -1.000000e+00
    outer loop
      vertex   4.138564e+01 3.624089e+01 -1.290000e+02
      vertex   4.598513e+01 3.252113e+01 -1.290000e+02
      vertex   4.505272e+01 3.149832e+01 -1.290000e+02
    endloop
  endfacet
  facet normal 0.000000e+00 -0.000000e+00 -1.000000e+00
    outer loop
      vertex   4.138564e+01 3.624089e+01 -1.290000e+02
      vertex   4.505272e+01 3.149832e+01 -1.290000e+02
      vertex   4.113137e+01 3.590951e+01 -1.290000e+02
    endloop
  endfacet
  facet normal 0.000000e+00 0.000000e+00 -1.000000e+00
    outer loop
      vertex   4.113137e+01 3.590951e+01 -1.290000e+02
      vertex   4.505272e+01 3.149832e+01 -1.290000e+02
      vertex   4.394824e+01 3.066426e+01 -1.290000e+02
    endloop
  endfacet
  facet normal 0.000000e+00 -0.000000e+00 -1.000000e+00
    outer loop
      vertex   4.113137e+01 3.590951e+01 -1.290000e+02
      vertex   4.394824e+01 3.066426e+01 -1.290000e+02
      vertex   4.080000e+01 3.565524e+01 -1.290000e+02
    endloop
  endfacet
  facet normal 0.000000e+00 0.000000e+00 -1.000000e+00
    outer loop
      vertex   4.080000e+01 3.565524e+01 -1.290000e+02
      vertex   4.394824e+01 3.066426e+01 -1.290000e+02
      vertex   4.270931e+01 3.004734e+01 -1.290000e+02
    endloop
  endfacet
  facet normal 0.000000e+00 -0.000000e+00 -1.000000e+00
    outer loop
      vertex   4.080000e+01 3.565524e+01 -1.290000e+02
      vertex   4.270931e+01 3.004734e+01 -1.290000e+02
      vertex   4.041411e+01 3.549540e+01 -1.290000e+02
    endloop
  endfacet
  facet normal 0.000000e+00 0.000000e+00 -1.000000e+00
    outer loop
      vertex   4.041411e+01 3.549540e+01 -1.290000e+02
      vertex   4.270931e+01 3.004734e+01 -1.290000e+02
      vertex   4.137812e+01 2.966859e+01 -1.290000e+02
    endloop
  endfacet
  facet normal 0.000000e+00 -0.000000e+00 -1.000000e+00
    outer loop
      vertex   4.041411e+01 3.549540e+01 -1.290000e+02
      vertex   4.137812e+01 2.966859e+01 -1.290000e+02
      vertex   4.000000e+01 3.544089e+01 -1.290000e+02
    endloop
  endfacet
  facet normal 0.000000e+00 0.000000e+00 -1.000000e+00
    outer loop
      vertex   4.000000e+01 3.544089e+01 -1.290000e+02
      vertex   4.137812e+01 2.966859e+01 -1.290000e+02
      vertex   4.000000e+01 2.954089e+01 -1.290000e+02
    endloop
  endfacet
  facet normal -0.000000e+00 -0.000000e+00 -1.000000e+00
    outer loop
      vertex   4.000000e+01 3.544089e+01 -1.290000e+02
      vertex   4.000000e+01 2.954089e+01 -1.290000e+02
      vertex   3.958589e+01 3.549540e+01 -1.290000e+02
    endloop
  endfacet
  facet normal -0.000000e+00 -0.000000e+00 -1.000000e+00
    outer loop
      vertex   3.958589e+01 3.549540e+01 -1.290000e+02
      vertex   4.000000e+01 2.954089e+01 -1.290000e+02
      vertex   3.920000e+01 3.565524e+01 -1.290000e+02
    endloop
  endfacet
  facet normal -0.000000e+00 -0.000000e+00 -1.000000e+00
    outer loop
      vertex   3.920000e+01 3.565524e+01 -1.290000e+02
      vertex   4.000000e+01 2.954089e+01 -1.290000e+02
      vertex   3.886863e+01 3.590951e+01 -1.290000e+02
    endloop
  endfacet
  facet normal 0.000000e+00 -0.000000e+00 -1.000000e+00
    outer loop
      vertex   3.886863e+01 3.590951e+01 -1.290000e+02
      vertex   4.000000e+01 2.954089e+01 -1.290000e+02
      vertex   3.226335e+01 3.466754e+01 -1.290000e+02
    endloop
  endfacet
  facet normal 0.000000e+00 0.000000e+00 -1.000000e+00
    outer loop
      vertex   3.886863e+01 3.590951e+01 -1.290000e+02
      vertex   3.226335e+01 3.466754e+01 -1.290000e+02
      vertex   3.243994e+01 3.512479e+01 -1.290000e+02
    endloop
  endfacet
  facet normal 0.000000e+00 0.000000e+00 -1.000000e+00
    outer loop
      vertex   4.000000e+01 2.321110e+01 -1.290000e+02
      vertex   3.160940e+01 3.394715e+01 -1.290000e+02
      vertex   4.000000e+01 2.954089e+01 -1.290000e+02
    endloop
  endfacet
  facet normal 0.000000e+00 0.000000e+00 -1.000000e+00
    outer loop
      vertex   4.000000e+01 2.954089e+01 -1.290000e+02
      vertex   3.160940e+01 3.394715e+01 -1.290000e+02
      vertex   3.198085e+01 3.426697e+01 -1.290000e+02
    endloop
  endfacet
  facet normal 0.000000e+00 0.000000e+00 -1.000000e+00
    outer loop
      vertex   4.000000e+01 2.954089e+01 -1.290000e+02
      vertex   3.198085e+01 3.426697e+01 -1.290000e+02
      vertex   3.226335e+01 3.466754e+01 -1.290000e+02
    endloop
  endfacet
  facet normal -0.000000e+00 0.000000e+00 -1.000000e+00
    outer loop
      vertex   3.988447e+01 2.203933e+01 -1.290000e+02
      vertex   3.954232e+01 2.091268e+01 -1.290000e+02
      vertex   4.000000e+01 2.321110e+01 -1.290000e+02
    endloop
  endfacet
  facet normal 0.000000e+00 0.000000e+00 -1.000000e+00
    outer loop
      vertex   4.000000e+01 2.321110e+01 -1.290000e+02
      vertex   3.954232e+01 2.091268e+01 -1.290000e+02
      vertex   3.898672e+01 1.987455e+01 -1.290000e+02
    endloop
  endfacet
  facet normal 0.000000e+00 0.000000e+00 -1.000000e+00
    outer loop
      vertex   4.000000e+01 2.321110e+01 -1.290000e+02
      vertex   3.898672e+01 1.987455e+01 -1.290000e+02
      vertex   3.823909e+01 1.896491e+01 -1.290000e+02
    endloop
  endfacet
  facet normal -0.000000e+00 0.000000e+00 -1.000000e+00
    outer loop
      vertex   3.823909e+01 1.896491e+01 -1.290000e+02
      vertex   3.732820e+01 1.821880e+01 -1.290000e+02
      vertex   4.000000e+01 2.321110e+01 -1.290000e+02
    endloop
  endfacet
  facet normal -0.000000e+00 0.000000e+00 -1.000000e+00
    outer loop
      vertex   4.000000e+01 2.321110e+01 -1.290000e+02
      vertex   3.732820e+01 1.821880e+01 -1.290000e+02
      vertex   3.160940e+01 3.394715e+01 -1.290000e+02
    endloop
  endfacet
  facet normal 0.000000e+00 0.000000e+00 -1.000000e+00
    outer loop
      vertex   1.151155e+01 1.007698e+00 -1.290000e+02
      vertex   1.000000e+01 5.000000e+00 -1.290000e+02
      vertex   3.732820e+01 1.821880e+01 -1.290000e+02
    endloop
  endfacet
  facet normal -0.000000e+00 0.000000e+00 -1.000000e+00
    outer loop
      vertex   3.732820e+01 1.821880e+01 -1.290000e+02
      vertex   1.000000e+01 5.000000e+00 -1.290000e+02
      vertex   2.018229e+01 2.639790e+01 -1.290000e+02
    endloop
  endfacet
  facet normal 0.000000e+00 0.000000e+00 -1.000000e+00
    outer loop
      vertex   3.732820e+01 1.821880e+01 -1.290000e+02
      vertex   2.018229e+01 2.639790e+01 -1.290000e+02
      vertex   2.060940e+01 2.661382e+01 -1.290000e+02
    endloop
  endfacet
  facet normal -0.000000e+00 0.000000e+00 -1.000000e+00
    outer loop
      vertex   1.151155e+01 1.007698e+00 -1.290000e+02
      vertex   1.047558e+01 4.551230e-01 -1.290000e+02
      vertex   1.000000e+01 5.000000e+00 -1.290000e+02
    endloop
  endfacet
  facet normal 0.000000e+00 -0.000000e+00 -1.000000e+00
    outer loop
      vertex   1.000000e+01 5.000000e+00 -1.290000e+02
      vertex   1.047558e+01 4.551230e-01 -1.290000e+02
      vertex   9.351836e+00 1.148805e-01 -1.290000e+02
    endloop
  endfacet
  facet normal 0.000000e+00 0.000000e+00 -1.000000e+00
    outer loop
      vertex   1.000000e+01 5.000000e+00 -1.290000e+02
      vertex   9.351836e+00 1.148805e-01 -1.290000e+02
      vertex   8.183346e+00 -1.776357e-13 -1.290000e+02
    endloop
  endfacet
  facet normal -0.000000e+00 0.000000e+00 -1.000000e+00
    outer loop
      vertex   1.000000e+01 5.000000e+00 -1.290000e+02
      vertex   8.183346e+00 -1.776357e-13 -1.290000e+02
      vertex   -1.000000e+01 5.000000e+00 -1.290000e+02
    endloop
  endfacet
  facet normal 0.000000e+00 0.000000e+00 -1.000000e+00
    outer loop
      vertex   -1.000000e+01 5.000000e+00 -1.290000e+02
      vertex   8.183346e+00 -1.776357e-13 -1.290000e+02
      vertex   -8.183346e+00 -1.776357e-13 -1.290000e+02
    endloop
  endfacet
  facet normal 0.000000e+00 0.000000e+00 -1.000000e+00
    outer loop
      vertex   -1.000000e+01 5.000000e+00 -1.290000e+02
      vertex   -8.183346e+00 -1.776357e-13 -1.290000e+02
      vertex   -9.351836e+00 1.148805e-01 -1.290000e+02
    endloop
  endfacet
  facet normal 0.000000e+00 0.000000e+00 -1.000000e+00
    outer loop
      vertex   -9.351836e+00 1.148805e-01 -1.290000e+02
      vertex   -1.047558e+01 4.551230e-01 -1.290000e+02
      vertex   -1.000000e+01 5.000000e+00 -1.290000e+02
    endloop
  endfacet
  facet normal 0.000000e+00 0.000000e+00 -1.000000e+00
    outer loop
      vertex   -1.000000e+01 5.000000e+00 -1.290000e+02
      vertex   -1.047558e+01 4.551230e-01 -1.290000e+02
      vertex   -1.151155e+01 1.007698e+00 -1.290000e+02
    endloop
  endfacet
  facet normal -0.000000e+00 0.000000e+00 -1.000000e+00
    outer loop
      vertex   -1.000000e+01 5.000000e+00 -1.290000e+02
      vertex   -1.151155e+01 1.007698e+00 -1.290000e+02
      vertex   -3.732820e+01 1.821880e+01 -1.290000e+02
    endloop
  endfacet
  facet normal 0.000000e+00 0.000000e+00 -1.000000e+00
    outer loop
      vertex   -3.823909e+01 1.896491e+01 -1.290000e+02
      vertex   -4.000000e+01 2.321110e+01 -1.290000e+02
      vertex   -3.732820e+01 1.821880e+01 -1.290000e+02
    endloop
  endfacet
  facet normal 0.000000e+00 0.000000e+00 -1.000000e+00
    outer loop
      vertex   -3.732820e+01 1.821880e+01 -1.290000e+02
      vertex   -4.000000e+01 2.321110e+01 -1.290000e+02
      vertex   -3.160940e+01 3.394715e+01 -1.290000e+02
    endloop
  endfacet
  facet normal 0.000000e+00 0.000000e+00 -1.000000e+00
    outer loop
      vertex   -3.732820e+01 1.821880e+01 -1.290000e+02
      vertex   -3.160940e+01 3.394715e+01 -1.290000e+02
      vertex   -2.060940e+01 2.661382e+01 -1.290000e+02
    endloop
  endfacet
  facet normal 0.000000e+00 0.000000e+00 -1.000000e+00
    outer loop
      vertex   -3.823909e+01 1.896491e+01 -1.290000e+02
      vertex   -3.898672e+01 1.987455e+01 -1.290000e+02
      vertex   -4.000000e+01 2.321110e+01 -1.290000e+02
    endloop
  endfacet
  facet normal 0.000000e+00 0.000000e+00 -1.000000e+00
    outer loop
      vertex   -4.000000e+01 2.321110e+01 -1.290000e+02
      vertex   -3.898672e+01 1.987455e+01 -1.290000e+02
      vertex   -3.954232e+01 2.091268e+01 -1.290000e+02
    endloop
  endfacet
  facet normal 0.000000e+00 0.000000e+00 -1.000000e+00
    outer loop
      vertex   -4.000000e+01 2.321110e+01 -1.290000e+02
      vertex   -3.954232e+01 2.091268e+01 -1.290000e+02
      vertex   -3.988447e+01 2.203933e+01 -1.290000e+02
    endloop
  endfacet
  facet normal 0.000000e+00 0.000000e+00 -1.000000e+00
    outer loop
      vertex   -4.000000e+01 2.321110e+01 -1.290000e+02
      vertex   -4.000000e+01 2.954089e+01 -1.290000e+02
      vertex   -3.160940e+01 3.394715e+01 -1.290000e+02
    endloop
  endfacet
  facet normal -0.000000e+00 0.000000e+00 -1.000000e+00
    outer loop
      vertex   -3.160940e+01 3.394715e+01 -1.290000e+02
      vertex   -4.000000e+01 2.954089e+01 -1.290000e+02
      vertex   -3.198085e+01 3.426697e+01 -1.290000e+02
    endloop
  endfacet
  facet normal -0.000000e+00 0.000000e+00 -1.000000e+00
    outer loop
      vertex   -3.198085e+01 3.426697e+01 -1.290000e+02
      vertex   -4.000000e+01 2.954089e+01 -1.290000e+02
      vertex   -3.226335e+01 3.466754e+01 -1.290000e+02
    endloop
  endfacet
  facet normal -0.000000e+00 0.000000e+00 -1.000000e+00
    outer loop
      vertex   -3.226335e+01 3.466754e+01 -1.290000e+02
      vertex   -4.000000e+01 2.954089e+01 -1.290000e+02
      vertex   -3.886863e+01 3.590951e+01 -1.290000e+02
    endloop
  endfacet
  facet normal 0.000000e+00 0.000000e+00 -1.000000e+00
    outer loop
      vertex   -3.226335e+01 3.466754e+01 -1.290000e+02
      vertex   -3.886863e+01 3.590951e+01 -1.290000e+02
      vertex   -3.243994e+01 3.512479e+01 -1.290000e+02
    endloop
  endfacet
  facet normal 0.000000e+00 0.000000e+00 -1.000000e+00
    outer loop
      vertex   -3.243994e+01 3.512479e+01 -1.290000e+02
      vertex   -3.886863e+01 3.590951e+01 -1.290000e+02
      vertex   -3.861436e+01 3.624089e+01 -1.290000e+02
    endloop
  endfacet
  facet normal 0.000000e+00 0.000000e+00 -1.000000e+00
    outer loop
      vertex   -3.243994e+01 3.512479e+01 -1.290000e+02
      vertex   -3.861436e+01 3.624089e+01 -1.290000e+02
      vertex   -3.250000e+01 3.561125e+01 -1.290000e+02
    endloop
  endfacet
  facet normal 0.000000e+00 0.000000e+00 -1.000000e+00
    outer loop
      vertex   -3.250000e+01 3.561125e+01 -1.290000e+02
      vertex   -3.861436e+01 3.624089e+01 -1.290000e+02
      vertex   -3.845452e+01 3.662677e+01 -1.290000e+02
    endloop
  endfacet
  facet normal 0.000000e+00 0.000000e+00 -1.000000e+00
    outer loop
      vertex   -3.250000e+01 3.561125e+01 -1.290000e+02
      vertex   -3.845452e+01 3.662677e+01 -1.290000e+02
      vertex   -3.840000e+01 3.704089e+01 -1.290000e+02
    endloop
  endfacet
  facet normal 0.000000e+00 0.000000e+00 -1.000000e+00
    outer loop
      vertex   -4.137812e+01 2.966859e+01 -1.290000e+02
      vertex   -4.000000e+01 3.544089e+01 -1.290000e+02
      vertex   -4.000000e+01 2.954089e+01 -1.290000e+02
    endloop
  endfacet
  facet normal 0.000000e+00 0.000000e+00 -1.000000e+00
    outer loop
      vertex   -4.000000e+01 2.954089e+01 -1.290000e+02
      vertex   -4.000000e+01 3.544089e+01 -1.290000e+02
      vertex   -3.958589e+01 3.549540e+01 -1.290000e+02
    endloop
  endfacet
  facet normal 0.000000e+00 0.000000e+00 -1.000000e+00
    outer loop
      vertex   -4.000000e+01 2.954089e+01 -1.290000e+02
      vertex   -3.958589e+01 3.549540e+01 -1.290000e+02
      vertex   -3.920000e+01 3.565524e+01 -1.290000e+02
    endloop
  endfacet
  facet normal -0.000000e+00 0.000000e+00 -1.000000e+00
    outer loop
      vertex   -4.000000e+01 3.544089e+01 -1.290000e+02
      vertex   -4.137812e+01 2.966859e+01 -1.290000e+02
      vertex   -4.041411e+01 3.549540e+01 -1.290000e+02
    endloop
  endfacet
  facet normal 0.000000e+00 0.000000e+00 -1.000000e+00
    outer loop
      vertex   -4.041411e+01 3.549540e+01 -1.290000e+02
      vertex   -4.137812e+01 2.966859e+01 -1.290000e+02
      vertex   -4.270931e+01 3.004734e+01 -1.290000e+02
    endloop
  endfacet
  facet normal -0.000000e+00 0.000000e+00 -1.000000e+00
    outer loop
      vertex   -4.041411e+01 3.549540e+01 -1.290000e+02
      vertex   -4.270931e+01 3.004734e+01 -1.290000e+02
      vertex   -4.080000e+01 3.565524e+01 -1.290000e+02
    endloop
  endfacet
  facet normal 0.000000e+00 0.000000e+00 -1.000000e+00
    outer loop
      vertex   -4.080000e+01 3.565524e+01 -1.290000e+02
      vertex   -4.270931e+01 3.004734e+01 -1.290000e+02
      vertex   -4.394824e+01 3.066426e+01 -1.290000e+02
    endloop
  endfacet
  facet normal -0.000000e+00 0.000000e+00 -1.000000e+00
    outer loop
      vertex   -4.080000e+01 3.565524e+01 -1.290000e+02
      vertex   -4.394824e+01 3.066426e+01 -1.290000e+02
      vertex   -4.113137e+01 3.590951e+01 -1.290000e+02
    endloop
  endfacet
  facet normal 0.000000e+00 0.000000e+00 -1.000000e+00
    outer loop
      vertex   -4.113137e+01 3.590951e+01 -1.290000e+02
      vertex   -4.394824e+01 3.066426e+01 -1.290000e+02
      vertex   -4.505272e+01 3.149832e+01 -1.290000e+02
    endloop
  endfacet
  facet normal -0.000000e+00 0.000000e+00 -1.000000e+00
    outer loop
      vertex   -4.113137e+01 3.590951e+01 -1.290000e+02
      vertex   -4.505272e+01 3.149832e+01 -1.290000e+02
      vertex   -4.138564e+01 3.624089e+01 -1.290000e+02
    endloop
  endfacet
  facet normal 0.000000e+00 0.000000e+00 -1.000000e+00
    outer loop
      vertex   -4.138564e+01 3.624089e+01 -1.290000e+02
      vertex   -4.505272e+01 3.149832e+01 -1.290000e+02
      vertex   -4.598513e+01 3.252113e+01 -1.290000e+02
    endloop
  endfacet
  facet normal 0.000000e+00 0.000000e+00 -1.000000e+00
    outer loop
      vertex   -4.138564e+01 3.624089e+01 -1.290000e+02
      vertex   -4.598513e+01 3.252113e+01 -1.290000e+02
      vertex   -4.671372e+01 3.369785e+01 -1.290000e+02
    endloop
  endfacet
  facet normal -0.000000e+00 0.000000e+00 -1.000000e+00
    outer loop
      vertex   -4.138564e+01 3.624089e+01 -1.290000e+02
      vertex   -4.671372e+01 3.369785e+01 -1.290000e+02
      vertex   -4.154548e+01 3.662677e+01 -1.290000e+02
    endloop
  endfacet
  facet normal 0.000000e+00 0.000000e+00 -1.000000e+00
    outer loop
      vertex   -4.154548e+01 3.662677e+01 -1.290000e+02
      vertex   -4.671372e+01 3.369785e+01 -1.290000e+02
      vertex   -4.721369e+01 3.498841e+01 -1.290000e+02
    endloop
  endfacet
  facet normal 0.000000e+00 0.000000e+00 -1.000000e+00
    outer loop
      vertex   -4.154548e+01 3.662677e+01 -1.290000e+02
      vertex   -4.721369e+01 3.498841e+01 -1.290000e+02
      vertex   -4.746801e+01 3.634887e+01 -1.290000e+02
    endloop
  endfacet
  facet normal -0.000000e+00 0.000000e+00 -1.000000e+00
    outer loop
      vertex   -4.154548e+01 3.662677e+01 -1.290000e+02
      vertex   -4.746801e+01 3.634887e+01 -1.290000e+02
      vertex   -4.160000e+01 3.704089e+01 -1.290000e+02
    endloop
  endfacet
  facet normal -0.000000e+00 0.000000e+00 -1.000000e+00
    outer loop
      vertex   -4.160000e+01 3.704089e+01 -1.290000e+02
      vertex   -4.746801e+01 3.634887e+01 -1.290000e+02
      vertex   -4.746801e+01 3.773290e+01 -1.290000e+02
    endloop
  endfacet
  facet normal 0.000000e+00 0.000000e+00 -1.000000e+00
    outer loop
      vertex   -4.160000e+01 3.704089e+01 -1.290000e+02
      vertex   -4.746801e+01 3.773290e+01 -1.290000e+02
      vertex   -4.154548e+01 3.745500e+01 -1.290000e+02
    endloop
  endfacet
  facet normal 0.000000e+00 0.000000e+00 -1.000000e+00
    outer loop
      vertex   -4.154548e+01 3.745500e+01 -1.290000e+02
      vertex   -4.746801e+01 3.773290e+01 -1.290000e+02
      vertex   -4.721369e+01 3.909336e+01 -1.290000e+02
    endloop
  endfacet
  facet normal 0.000000e+00 0.000000e+00 -1.000000e+00
    outer loop
      vertex   -4.154548e+01 3.745500e+01 -1.290000e+02
      vertex   -4.721369e+01 3.909336e+01 -1.290000e+02
      vertex   -4.671372e+01 4.038392e+01 -1.290000e+02
    endloop
  endfacet
  facet normal 0.000000e+00 0.000000e+00 -1.000000e+00
    outer loop
      vertex   -4.154548e+01 3.745500e+01 -1.290000e+02
      vertex   -4.671372e+01 4.038392e+01 -1.290000e+02
      vertex   -4.138564e+01 3.784089e+01 -1.290000e+02
    endloop
  endfacet
  facet normal 0.000000e+00 0.000000e+00 -1.000000e+00
    outer loop
      vertex   -4.138564e+01 3.784089e+01 -1.290000e+02
      vertex   -4.671372e+01 4.038392e+01 -1.290000e+02
      vertex   -4.598513e+01 4.156065e+01 -1.290000e+02
    endloop
  endfacet
  facet normal 0.000000e+00 0.000000e+00 -1.000000e+00
    outer loop
      vertex   -4.138564e+01 3.784089e+01 -1.290000e+02
      vertex   -4.598513e+01 4.156065e+01 -1.290000e+02
      vertex   -4.505272e+01 4.258345e+01 -1.290000e+02
    endloop
  endfacet
  facet normal 0.000000e+00 0.000000e+00 -1.000000e+00
    outer loop
      vertex   -4.138564e+01 3.784089e+01 -1.290000e+02
      vertex   -4.505272e+01 4.258345e+01 -1.290000e+02
      vertex   -4.113137e+01 3.817226e+01 -1.290000e+02
    endloop
  endfacet
  facet normal 0.000000e+00 0.000000e+00 -1.000000e+00
    outer loop
      vertex   -4.113137e+01 3.817226e+01 -1.290000e+02
      vertex   -4.505272e+01 4.258345e+01 -1.290000e+02
      vertex   -4.394824e+01 4.341751e+01 -1.290000e+02
    endloop
  endfacet
  facet normal 0.000000e+00 0.000000e+00 -1.000000e+00
    outer loop
      vertex   -4.113137e+01 3.817226e+01 -1.290000e+02
      vertex   -4.394824e+01 4.341751e+01 -1.290000e+02
      vertex   -4.080000e+01 3.842653e+01 -1.290000e+02
    endloop
  endfacet
  facet normal 0.000000e+00 0.000000e+00 -1.000000e+00
    outer loop
      vertex   -4.080000e+01 3.842653e+01 -1.290000e+02
      vertex   -4.394824e+01 4.341751e+01 -1.290000e+02
      vertex   -4.270931e+01 4.403443e+01 -1.290000e+02
    endloop
  endfacet
  facet normal 0.000000e+00 0.000000e+00 -1.000000e+00
    outer loop
      vertex   -4.080000e+01 3.842653e+01 -1.290000e+02
      vertex   -4.270931e+01 4.403443e+01 -1.290000e+02
      vertex   -4.041411e+01 3.858637e+01 -1.290000e+02
    endloop
  endfacet
  facet normal 0.000000e+00 0.000000e+00 -1.000000e+00
    outer loop
      vertex   -4.041411e+01 3.858637e+01 -1.290000e+02
      vertex   -4.270931e+01 4.403443e+01 -1.290000e+02
      vertex   -4.137812e+01 4.441318e+01 -1.290000e+02
    endloop
  endfacet
  facet normal 0.000000e+00 0.000000e+00 -1.000000e+00
    outer loop
      vertex   -4.041411e+01 3.858637e+01 -1.290000e+02
      vertex   -4.137812e+01 4.441318e+01 -1.290000e+02
      vertex   -4.000000e+01 3.864089e+01 -1.290000e+02
    endloop
  endfacet
  facet normal 0.000000e+00 0.000000e+00 -1.000000e+00
    outer loop
      vertex   -4.000000e+01 3.864089e+01 -1.290000e+02
      vertex   -4.137812e+01 4.441318e+01 -1.290000e+02
      vertex   -4.000000e+01 4.454089e+01 -1.290000e+02
    endloop
  endfacet
  facet normal 0.000000e+00 0.000000e+00 -1.000000e+00
    outer loop
      vertex   -4.000000e+01 3.864089e+01 -1.290000e+02
      vertex   -4.000000e+01 4.454089e+01 -1.290000e+02
      vertex   -3.958589e+01 3.858637e+01 -1.290000e+02
    endloop
  endfacet
  facet normal 0.000000e+00 0.000000e+00 -1.000000e+00
    outer loop
      vertex   -3.958589e+01 3.858637e+01 -1.290000e+02
      vertex   -4.000000e+01 4.454089e+01 -1.290000e+02
      vertex   -3.920000e+01 3.842653e+01 -1.290000e+02
    endloop
  endfacet
  facet normal 0.000000e+00 0.000000e+00 -1.000000e+00
    outer loop
      vertex   -3.920000e+01 3.842653e+01 -1.290000e+02
      vertex   -4.000000e+01 4.454089e+01 -1.290000e+02
      vertex   -3.886863e+01 3.817226e+01 -1.290000e+02
    endloop
  endfacet
  facet normal 0.000000e+00 0.000000e+00 -1.000000e+00
    outer loop
      vertex   -3.886863e+01 3.817226e+01 -1.290000e+02
      vertex   -4.000000e+01 4.454089e+01 -1.290000e+02
      vertex   -3.226335e+01 3.941423e+01 -1.290000e+02
    endloop
  endfacet
  facet normal 0.000000e+00 0.000000e+00 -1.000000e+00
    outer loop
      vertex   -3.886863e+01 3.817226e+01 -1.290000e+02
      vertex   -3.226335e+01 3.941423e+01 -1.290000e+02
      vertex   -3.243994e+01 3.895699e+01 -1.290000e+02
    endloop
  endfacet
  facet normal 0.000000e+00 0.000000e+00 -1.000000e+00
    outer loop
      vertex   -4.000000e+01 6.218975e+01 -1.290000e+02
      vertex   -3.250000e+01 4.827792e+01 -1.290000e+02
      vertex   -4.000000e+01 4.454089e+01 -1.290000e+02
    endloop
  endfacet
  facet normal 0.000000e+00 0.000000e+00 -1.000000e+00
    outer loop
      vertex   -4.000000e+01 4.454089e+01 -1.290000e+02
      vertex   -3.250000e+01 4.827792e+01 -1.290000e+02
      vertex   -3.244274e+01 4.780277e+01 -1.290000e+02
    endloop
  endfacet
  facet normal 0.000000e+00 0.000000e+00 -1.000000e+00
    outer loop
      vertex   -4.000000e+01 4.454089e+01 -1.290000e+02
      vertex   -3.244274e+01 4.780277e+01 -1.290000e+02
      vertex   -3.227424e+01 4.735483e+01 -1.290000e+02
    endloop
  endfacet
  facet normal 0.000000e+00 0.000000e+00 -1.000000e+00
    outer loop
      vertex   -3.250000e+01 4.827792e+01 -1.290000e+02
      vertex   -4.000000e+01 6.218975e+01 -1.290000e+02
      vertex   -3.250000e+01 6.254089e+01 -1.290000e+02
    endloop
  endfacet
  facet normal -0.000000e+00 0.000000e+00 -1.000000e+00
    outer loop
      vertex   -3.250000e+01 6.254089e+01 -1.290000e+02
      vertex   -4.000000e+01 6.218975e+01 -1.290000e+02
      vertex   -4.009186e+01 6.323565e+01 -1.290000e+02
    endloop
  endfacet
  facet normal 0.000000e+00 0.000000e+00 -1.000000e+00
    outer loop
      vertex   -3.250000e+01 6.254089e+01 -1.290000e+02
      vertex   -4.009186e+01 6.323565e+01 -1.290000e+02
      vertex   -3.243185e+01 6.305852e+01 -1.290000e+02
    endloop
  endfacet
  facet normal 0.000000e+00 0.000000e+00 -1.000000e+00
    outer loop
      vertex   -3.243185e+01 6.305852e+01 -1.290000e+02
      vertex   -4.009186e+01 6.323565e+01 -1.290000e+02
      vertex   -4.036463e+01 6.424952e+01 -1.290000e+02
    endloop
  endfacet
  facet normal 0.000000e+00 0.000000e+00 -1.000000e+00
    outer loop
      vertex   -3.243185e+01 6.305852e+01 -1.290000e+02
      vertex   -4.036463e+01 6.424952e+01 -1.290000e+02
      vertex   -3.223205e+01 6.354089e+01 -1.290000e+02
    endloop
  endfacet
  facet normal 0.000000e+00 0.000000e+00 -1.000000e+00
    outer loop
      vertex   -3.223205e+01 6.354089e+01 -1.290000e+02
      vertex   -4.036463e+01 6.424952e+01 -1.290000e+02
      vertex   -4.080997e+01 6.520032e+01 -1.290000e+02
    endloop
  endfacet
  facet normal 0.000000e+00 0.000000e+00 -1.000000e+00
    outer loop
      vertex   -3.223205e+01 6.354089e+01 -1.290000e+02
      vertex   -4.080997e+01 6.520032e+01 -1.290000e+02
      vertex   -3.191421e+01 6.395510e+01 -1.290000e+02
    endloop
  endfacet
  facet normal 0.000000e+00 0.000000e+00 -1.000000e+00
    outer loop
      vertex   -3.191421e+01 6.395510e+01 -1.290000e+02
      vertex   -4.080997e+01 6.520032e+01 -1.290000e+02
      vertex   -4.141422e+01 6.605894e+01 -1.290000e+02
    endloop
  endfacet
  facet normal 0.000000e+00 0.000000e+00 -1.000000e+00
    outer loop
      vertex   -3.191421e+01 6.395510e+01 -1.290000e+02
      vertex   -4.141422e+01 6.605894e+01 -1.290000e+02
      vertex   -3.150000e+01 6.427294e+01 -1.290000e+02
    endloop
  endfacet
  facet normal -3.999414e-16 -2.220101e-15 -1.000000e+00
    outer loop
      vertex   -3.150000e+01 6.427294e+01 -1.290000e+02
      vertex   -4.141422e+01 6.605894e+01 -1.290000e+02
      vertex   -3.175735e+01 7.712129e+01 -1.290000e+02
    endloop
  endfacet
  facet normal -1.723892e-15 -2.246619e-15 -1.000000e+00
    outer loop
      vertex   -3.150000e+01 6.427294e+01 -1.290000e+02
      vertex   -3.175735e+01 7.712129e+01 -1.290000e+02
      vertex   -3.121887e+01 7.670810e+01 -1.290000e+02
    endloop
  endfacet
  facet normal -1.367283e-15 -1.375660e-15 -1.000000e+00
    outer loop
      vertex   -4.141422e+01 6.605894e+01 -1.290000e+02
      vertex   -4.215889e+01 6.679908e+01 -1.290000e+02
      vertex   -3.175735e+01 7.712129e+01 -1.290000e+02
    endloop
  endfacet
  facet normal -1.551229e-15 -1.190300e-15 -1.000000e+00
    outer loop
      vertex   -3.175735e+01 7.712129e+01 -1.290000e+02
      vertex   -4.215889e+01 6.679908e+01 -1.290000e+02
      vertex   -3.217054e+01 7.765976e+01 -1.290000e+02
    endloop
  endfacet
  facet normal -1.961877e-15 -8.126360e-16 -1.000000e+00
    outer loop
      vertex   -3.217054e+01 7.765976e+01 -1.290000e+02
      vertex   -4.215889e+01 6.679908e+01 -1.290000e+02
      vertex   -3.243028e+01 7.828684e+01 -1.290000e+02
    endloop
  endfacet
  facet normal -2.528395e-15 -3.328696e-16 -1.000000e+00
    outer loop
      vertex   -3.243028e+01 7.828684e+01 -1.290000e+02
      vertex   -4.215889e+01 6.679908e+01 -1.290000e+02
      vertex   -3.251887e+01 7.895976e+01 -1.290000e+02
    endloop
  endfacet
  facet normal -3.535462e-15 4.654524e-16 -1.000000e+00
    outer loop
      vertex   -3.251887e+01 7.895976e+01 -1.290000e+02
      vertex   -4.215889e+01 6.679908e+01 -1.290000e+02
      vertex   -3.243028e+01 7.963269e+01 -1.290000e+02
    endloop
  endfacet
  facet normal -1.131034e-15 -1.357241e-15 -1.000000e+00
    outer loop
      vertex   -3.243028e+01 7.963269e+01 -1.290000e+02
      vertex   -4.215889e+01 6.679908e+01 -1.290000e+02
      vertex   -6.784111e+01 8.820092e+01 -1.290000e+02
    endloop
  endfacet
  facet normal 1.539936e-17 3.380747e-15 -1.000000e+00
    outer loop
      vertex   -3.243028e+01 7.963269e+01 -1.290000e+02
      vertex   -6.784111e+01 8.820092e+01 -1.290000e+02
      vertex   -3.183666e+01 8.803692e+01 -1.290000e+02
    endloop
  endfacet
  facet normal -7.679326e-18 -1.685905e-15 -1.000000e+00
    outer loop
      vertex   -3.183666e+01 8.803692e+01 -1.290000e+02
      vertex   -6.784111e+01 8.820092e+01 -1.290000e+02
      vertex   -3.702288e+01 1.049190e+02 -1.290000e+02
    endloop
  endfacet
  facet normal -1.690270e-15 -2.202802e-15 -1.000000e+00
    outer loop
      vertex   -3.183666e+01 8.803692e+01 -1.290000e+02
      vertex   -3.702288e+01 1.049190e+02 -1.290000e+02
      vertex   -3.669151e+01 1.046647e+02 -1.290000e+02
    endloop
  endfacet
  facet normal 0.000000e+00 0.000000e+00 -1.000000e+00
    outer loop
      vertex   -6.858578e+01 8.894106e+01 -1.290000e+02
      vertex   -6.919003e+01 8.979968e+01 -1.290000e+02
      vertex   -7.000000e+01 9.281025e+01 -1.290000e+02
    endloop
  endfacet
  facet normal 0.000000e+00 0.000000e+00 -1.000000e+00
    outer loop
      vertex   -7.000000e+01 9.281025e+01 -1.290000e+02
      vertex   -6.919003e+01 8.979968e+01 -1.290000e+02
      vertex   -6.963537e+01 9.075048e+01 -1.290000e+02
    endloop
  endfacet
  facet normal 0.000000e+00 0.000000e+00 -1.000000e+00
    outer loop
      vertex   -7.000000e+01 9.281025e+01 -1.290000e+02
      vertex   -6.963537e+01 9.075048e+01 -1.290000e+02
      vertex   -6.990814e+01 9.176435e+01 -1.290000e+02
    endloop
  endfacet
  facet normal -2.804159e-15 -4.497835e-16 -1.000000e+00
    outer loop
      vertex   -7.000000e+01 9.281025e+01 -1.290000e+02
      vertex   -7.000000e+01 1.560000e+02 -1.290000e+02
      vertex   -6.526824e+01 1.265000e+02 -1.290000e+02
    endloop
  endfacet
  facet normal 0.000000e+00 0.000000e+00 -1.000000e+00
    outer loop
      vertex   -6.526824e+01 1.265000e+02 -1.290000e+02
      vertex   -7.000000e+01 1.560000e+02 -1.290000e+02
      vertex   -6.521372e+01 1.269141e+02 -1.290000e+02
    endloop
  endfacet
  facet normal 0.000000e+00 0.000000e+00 -1.000000e+00
    outer loop
      vertex   -6.521372e+01 1.269141e+02 -1.290000e+02
      vertex   -7.000000e+01 1.560000e+02 -1.290000e+02
      vertex   -6.505388e+01 1.273000e+02 -1.290000e+02
    endloop
  endfacet
  facet normal 0.000000e+00 0.000000e+00 -1.000000e+00
    outer loop
      vertex   6.804962e+01 9.785163e+01 -1.290000e+02
      vertex   6.810413e+01 9.826574e+01 -1.290000e+02
      vertex   7.000000e+01 9.281025e+01 -1.290000e+02
    endloop
  endfacet
  facet normal 0.000000e+00 0.000000e+00 -1.000000e+00
    outer loop
      vertex   7.000000e+01 9.281025e+01 -1.290000e+02
      vertex   6.810413e+01 9.826574e+01 -1.290000e+02
      vertex   6.804962e+01 9.867985e+01 -1.290000e+02
    endloop
  endfacet
  facet normal 0.000000e+00 0.000000e+00 -1.000000e+00
    outer loop
      vertex   6.730413e+01 9.688010e+01 -1.290000e+02
      vertex   6.763550e+01 9.713437e+01 -1.290000e+02
      vertex   7.000000e+01 9.281025e+01 -1.290000e+02
    endloop
  endfacet
  facet normal 0.000000e+00 0.000000e+00 -1.000000e+00
    outer loop
      vertex   7.000000e+01 9.281025e+01 -1.290000e+02
      vertex   6.763550e+01 9.713437e+01 -1.290000e+02
      vertex   6.788977e+01 9.746574e+01 -1.290000e+02
    endloop
  endfacet
  facet normal 0.000000e+00 0.000000e+00 -1.000000e+00
    outer loop
      vertex   7.000000e+01 9.281025e+01 -1.290000e+02
      vertex   6.788977e+01 9.746574e+01 -1.290000e+02
      vertex   6.804962e+01 9.785163e+01 -1.290000e+02
    endloop
  endfacet
  facet normal 0.000000e+00 0.000000e+00 -1.000000e+00
    outer loop
      vertex   5.249959e+01 1.020334e+02 -1.290000e+02
      vertex   5.243144e+01 1.025510e+02 -1.290000e+02
      vertex   6.325000e+01 1.097010e+02 -1.290000e+02
    endloop
  endfacet
  facet normal 1.786523e-15 2.352003e-16 -1.000000e+00
    outer loop
      vertex   4.749959e+01 8.603338e+01 -1.290000e+02
      vertex   4.756774e+01 8.551575e+01 -1.290000e+02
      vertex   3.235201e+01 8.025020e+01 -1.290000e+02
    endloop
  endfacet
  facet normal 1.633733e-15 6.767145e-16 -1.000000e+00
    outer loop
      vertex   3.235201e+01 8.025020e+01 -1.290000e+02
      vertex   4.756774e+01 8.551575e+01 -1.290000e+02
      vertex   3.261179e+01 7.962303e+01 -1.290000e+02
    endloop
  endfacet
  facet normal 1.633733e-15 6.767145e-16 -1.000000e+00
    outer loop
      vertex   3.261179e+01 7.962303e+01 -1.290000e+02
      vertex   4.756774e+01 8.551575e+01 -1.290000e+02
      vertex   4.776754e+01 8.503338e+01 -1.290000e+02
    endloop
  endfacet
  facet normal 1.791130e-15 2.358067e-16 -1.000000e+00
    outer loop
      vertex   3.261179e+01 7.962303e+01 -1.290000e+02
      vertex   4.776754e+01 8.503338e+01 -1.290000e+02
      vertex   3.270040e+01 7.895000e+01 -1.290000e+02
    endloop
  endfacet
  facet normal 1.440162e-15 1.105075e-15 -1.000000e+00
    outer loop
      vertex   3.270040e+01 7.895000e+01 -1.290000e+02
      vertex   4.776754e+01 8.503338e+01 -1.290000e+02
      vertex   4.808537e+01 8.461917e+01 -1.290000e+02
    endloop
  endfacet
  facet normal 0.000000e+00 -1.730707e-15 -1.000000e+00
    outer loop
      vertex   1.104333e+01 9.903692e+01 -1.290000e+02
      vertex   2.243253e+01 1.154589e+02 -1.290000e+02
      vertex   1.704333e+01 9.903692e+01 -1.290000e+02
    endloop
  endfacet
  facet normal -1.475590e-15 -1.246464e-15 -1.000000e+00
    outer loop
      vertex   1.704333e+01 9.903692e+01 -1.290000e+02
      vertex   2.243253e+01 1.154589e+02 -1.290000e+02
      vertex   2.275228e+01 1.150804e+02 -1.290000e+02
    endloop
  endfacet
  facet normal -2.227907e-16 -1.692263e-15 -1.000000e+00
    outer loop
      vertex   1.704333e+01 9.903692e+01 -1.290000e+02
      vertex   2.275228e+01 1.150804e+02 -1.290000e+02
      vertex   1.756097e+01 9.896877e+01 -1.290000e+02
    endloop
  endfacet
  facet normal -1.025583e-15 -1.433596e-15 -1.000000e+00
    outer loop
      vertex   1.756097e+01 9.896877e+01 -1.290000e+02
      vertex   2.275228e+01 1.150804e+02 -1.290000e+02
      vertex   2.315529e+01 1.147921e+02 -1.290000e+02
    endloop
  endfacet
  facet normal -6.489682e-16 -1.566748e-15 -1.000000e+00
    outer loop
      vertex   1.756097e+01 9.896877e+01 -1.290000e+02
      vertex   2.315529e+01 1.147921e+02 -1.290000e+02
      vertex   1.804333e+01 9.876897e+01 -1.290000e+02
    endloop
  endfacet
  facet normal -6.164142e-16 -1.577134e-15 -1.000000e+00
    outer loop
      vertex   1.804333e+01 9.876897e+01 -1.290000e+02
      vertex   2.315529e+01 1.147921e+02 -1.290000e+02
      vertex   2.361680e+01 1.146117e+02 -1.290000e+02
    endloop
  endfacet
  facet normal 3.796971e-16 -1.927565e-15 -1.000000e+00
    outer loop
      vertex   1.804333e+01 9.876897e+01 -1.290000e+02
      vertex   2.361680e+01 1.146117e+02 -1.290000e+02
      vertex   2.828762e+01 1.007869e+02 -1.290000e+02
    endloop
  endfacet
  facet normal 1.860185e-15 -1.427370e-15 -1.000000e+00
    outer loop
      vertex   2.828762e+01 1.007869e+02 -1.290000e+02
      vertex   2.361680e+01 1.146117e+02 -1.290000e+02
      vertex   2.852600e+01 1.010976e+02 -1.290000e+02
    endloop
  endfacet
  facet normal -2.750217e-16 -2.203013e-15 -1.000000e+00
    outer loop
      vertex   2.852600e+01 1.010976e+02 -1.290000e+02
      vertex   2.361680e+01 1.146117e+02 -1.290000e+02
      vertex   2.410849e+01 1.145503e+02 -1.290000e+02
    endloop
  endfacet
  facet normal 1.294869e-15 -1.687506e-15 -1.000000e+00
    outer loop
      vertex   2.852600e+01 1.010976e+02 -1.290000e+02
      vertex   2.410849e+01 1.145503e+02 -1.290000e+02
      vertex   2.883666e+01 1.013360e+02 -1.290000e+02
    endloop
  endfacet
  facet normal 7.759024e-16 -1.873194e-15 -1.000000e+00
    outer loop
      vertex   2.883666e+01 1.013360e+02 -1.290000e+02
      vertex   2.410849e+01 1.145503e+02 -1.290000e+02
      vertex   2.919843e+01 1.014858e+02 -1.290000e+02
    endloop
  endfacet
  facet normal -6.936447e-14 -2.919986e-14 -1.000000e+00
    outer loop
      vertex   2.919843e+01 1.014858e+02 -1.290000e+02
      vertex   2.410849e+01 1.145503e+02 -1.290000e+02
      vertex   2.958666e+01 1.015369e+02 -1.290000e+02
    endloop
  endfacet
  facet normal 0.000000e+00 0.000000e+00 -1.000000e+00
    outer loop
      vertex   2.958666e+01 1.015369e+02 -1.290000e+02
      vertex   2.410849e+01 1.145503e+02 -1.290000e+02
      vertex   3.033666e+01 1.015369e+02 -1.290000e+02
    endloop
  endfacet
  facet normal 7.813164e-14 3.739346e-14 -1.000000e+00
    outer loop
      vertex   3.033666e+01 1.015369e+02 -1.290000e+02
      vertex   2.410849e+01 1.145503e+02 -1.290000e+02
      vertex   3.072489e+01 1.014858e+02 -1.290000e+02
    endloop
  endfacet
  facet normal -1.138396e-15 -2.752014e-15 -1.000000e+00
    outer loop
      vertex   3.072489e+01 1.014858e+02 -1.290000e+02
      vertex   2.410849e+01 1.145503e+02 -1.290000e+02
      vertex   4.272285e+01 1.068503e+02 -1.290000e+02
    endloop
  endfacet
  facet normal -1.139188e-15 -2.750243e-15 -1.000000e+00
    outer loop
      vertex   3.072489e+01 1.014858e+02 -1.290000e+02
      vertex   4.272285e+01 1.068503e+02 -1.290000e+02
      vertex   3.108666e+01 1.013360e+02 -1.290000e+02
    endloop
  endfacet
  facet normal -3.039087e-15 1.258831e-15 -1.000000e+00
    outer loop
      vertex   3.108666e+01 1.013360e+02 -1.290000e+02
      vertex   4.272285e+01 1.068503e+02 -1.290000e+02
      vertex   4.256301e+01 1.064645e+02 -1.290000e+02
    endloop
  endfacet
  facet normal -1.565078e-15 -2.039649e-15 -1.000000e+00
    outer loop
      vertex   3.108666e+01 1.013360e+02 -1.290000e+02
      vertex   4.256301e+01 1.064645e+02 -1.290000e+02
      vertex   3.139732e+01 1.010976e+02 -1.290000e+02
    endloop
  endfacet
  facet normal -2.717408e-15 3.577535e-16 -1.000000e+00
    outer loop
      vertex   3.139732e+01 1.010976e+02 -1.290000e+02
      vertex   4.256301e+01 1.064645e+02 -1.290000e+02
      vertex   4.250849e+01 1.060503e+02 -1.290000e+02
    endloop
  endfacet
  facet normal -1.906018e-15 -1.462539e-15 -1.000000e+00
    outer loop
      vertex   3.139732e+01 1.010976e+02 -1.290000e+02
      vertex   4.250849e+01 1.060503e+02 -1.290000e+02
      vertex   3.163570e+01 1.007869e+02 -1.290000e+02
    endloop
  endfacet
  facet normal -2.457406e-15 -3.235237e-16 -1.000000e+00
    outer loop
      vertex   3.163570e+01 1.007869e+02 -1.290000e+02
      vertex   4.250849e+01 1.060503e+02 -1.290000e+02
      vertex   4.256301e+01 1.056362e+02 -1.290000e+02
    endloop
  endfacet
  facet normal -2.197108e-15 -9.100720e-16 -1.000000e+00
    outer loop
      vertex   3.163570e+01 1.007869e+02 -1.290000e+02
      vertex   4.256301e+01 1.056362e+02 -1.290000e+02
      vertex   3.178555e+01 1.004251e+02 -1.290000e+02
    endloop
  endfacet
  facet normal -2.197108e-15 -9.100720e-16 -1.000000e+00
    outer loop
      vertex   3.178555e+01 1.004251e+02 -1.290000e+02
      vertex   4.256301e+01 1.056362e+02 -1.290000e+02
      vertex   4.272285e+01 1.052503e+02 -1.290000e+02
    endloop
  endfacet
  facet normal -2.455959e-15 -3.233331e-16 -1.000000e+00
    outer loop
      vertex   3.178555e+01 1.004251e+02 -1.290000e+02
      vertex   4.272285e+01 1.052503e+02 -1.290000e+02
      vertex   3.183666e+01 1.000369e+02 -1.290000e+02
    endloop
  endfacet
  facet normal -1.909215e-15 -1.464992e-15 -1.000000e+00
    outer loop
      vertex   3.183666e+01 1.000369e+02 -1.290000e+02
      vertex   4.272285e+01 1.052503e+02 -1.290000e+02
      vertex   4.297712e+01 1.049190e+02 -1.290000e+02
    endloop
  endfacet
  facet normal -1.623831e-15 -2.116217e-15 -1.000000e+00
    outer loop
      vertex   3.183666e+01 1.000369e+02 -1.290000e+02
      vertex   4.297712e+01 1.049190e+02 -1.290000e+02
      vertex   4.330849e+01 1.046647e+02 -1.290000e+02
    endloop
  endfacet
  facet normal 2.179808e-16 -1.655728e-15 -1.000000e+00
    outer loop
      vertex   1.052569e+01 9.896877e+01 -1.290000e+02
      vertex   5.283283e+00 1.154443e+02 -1.290000e+02
      vertex   1.104333e+01 9.903692e+01 -1.290000e+02
    endloop
  endfacet
  facet normal 1.296241e-15 -1.277189e-15 -1.000000e+00
    outer loop
      vertex   1.104333e+01 9.903692e+01 -1.290000e+02
      vertex   5.283283e+00 1.154443e+02 -1.290000e+02
      vertex   5.600564e+00 1.157663e+02 -1.290000e+02
    endloop
  endfacet
  facet normal -3.120749e-17 -1.709064e-15 -1.000000e+00
    outer loop
      vertex   1.104333e+01 9.903692e+01 -1.290000e+02
      vertex   5.600564e+00 1.157663e+02 -1.290000e+02
      vertex   2.243253e+01 1.154589e+02 -1.290000e+02
    endloop
  endfacet
  facet normal 0.000000e+00 0.000000e+00 -1.000000e+00
    outer loop
      vertex   2.243253e+01 1.154589e+02 -1.290000e+02
      vertex   5.600564e+00 1.157663e+02 -1.290000e+02
      vertex   2.221565e+01 1.159045e+02 -1.290000e+02
    endloop
  endfacet
  facet normal -0.000000e+00 0.000000e+00 -1.000000e+00
    outer loop
      vertex   2.221565e+01 1.159045e+02 -1.290000e+02
      vertex   5.600564e+00 1.157663e+02 -1.290000e+02
      vertex   2.211496e+01 1.163896e+02 -1.290000e+02
    endloop
  endfacet
  facet normal -0.000000e+00 0.000000e+00 -1.000000e+00
    outer loop
      vertex   2.211496e+01 1.163896e+02 -1.290000e+02
      vertex   5.600564e+00 1.157663e+02 -1.290000e+02
      vertex   2.213663e+01 1.168847e+02 -1.290000e+02
    endloop
  endfacet
  facet normal -0.000000e+00 0.000000e+00 -1.000000e+00
    outer loop
      vertex   2.213663e+01 1.168847e+02 -1.290000e+02
      vertex   5.600564e+00 1.157663e+02 -1.290000e+02
      vertex   2.227934e+01 1.173592e+02 -1.290000e+02
    endloop
  endfacet
  facet normal -0.000000e+00 0.000000e+00 -1.000000e+00
    outer loop
      vertex   2.227934e+01 1.173592e+02 -1.290000e+02
      vertex   5.600564e+00 1.157663e+02 -1.290000e+02
      vertex   1.744605e+01 1.308807e+02 -1.290000e+02
    endloop
  endfacet
  facet normal 0.000000e+00 0.000000e+00 -1.000000e+00
    outer loop
      vertex   2.227934e+01 1.173592e+02 -1.290000e+02
      vertex   1.744605e+01 1.308807e+02 -1.290000e+02
      vertex   2.253433e+01 1.177841e+02 -1.290000e+02
    endloop
  endfacet
  facet normal 0.000000e+00 0.000000e+00 -1.000000e+00
    outer loop
      vertex   2.253433e+01 1.177841e+02 -1.290000e+02
      vertex   1.744605e+01 1.308807e+02 -1.290000e+02
      vertex   1.770104e+01 1.313055e+02 -1.290000e+02
    endloop
  endfacet
  facet normal 0.000000e+00 0.000000e+00 -1.000000e+00
    outer loop
      vertex   2.253433e+01 1.177841e+02 -1.290000e+02
      vertex   1.770104e+01 1.313055e+02 -1.290000e+02
      vertex   3.507392e+01 1.337841e+02 -1.290000e+02
    endloop
  endfacet
  facet normal 0.000000e+00 0.000000e+00 -1.000000e+00
    outer loop
      vertex   3.507392e+01 1.337841e+02 -1.290000e+02
      vertex   1.770104e+01 1.313055e+02 -1.290000e+02
      vertex   1.784375e+01 1.317800e+02 -1.290000e+02
    endloop
  endfacet
  facet normal 0.000000e+00 0.000000e+00 -1.000000e+00
    outer loop
      vertex   3.507392e+01 1.337841e+02 -1.290000e+02
      vertex   1.784375e+01 1.317800e+02 -1.290000e+02
      vertex   1.786542e+01 1.322751e+02 -1.290000e+02
    endloop
  endfacet
  facet normal 9.121860e-16 -1.434836e-15 -1.000000e+00
    outer loop
      vertex   5.283283e+00 1.154443e+02 -1.290000e+02
      vertex   1.052569e+01 9.896877e+01 -1.290000e+02
      vertex   4.901789e+00 1.152017e+02 -1.290000e+02
    endloop
  endfacet
  facet normal 6.342182e-16 -1.531138e-15 -1.000000e+00
    outer loop
      vertex   4.901789e+00 1.152017e+02 -1.290000e+02
      vertex   1.052569e+01 9.896877e+01 -1.290000e+02
      vertex   1.004333e+01 9.876897e+01 -1.290000e+02
    endloop
  endfacet
  facet normal 5.504878e-16 -1.557336e-15 -1.000000e+00
    outer loop
      vertex   4.901789e+00 1.152017e+02 -1.290000e+02
      vertex   1.004333e+01 9.876897e+01 -1.290000e+02
      vertex   4.475572e+00 1.150511e+02 -1.290000e+02
    endloop
  endfacet
  facet normal 1.061025e-15 -1.382755e-15 -1.000000e+00
    outer loop
      vertex   4.475572e+00 1.150511e+02 -1.290000e+02
      vertex   1.004333e+01 9.876897e+01 -1.290000e+02
      vertex   9.629115e+00 9.845113e+01 -1.290000e+02
    endloop
  endfacet
  facet normal 1.881052e-16 -1.653758e-15 -1.000000e+00
    outer loop
      vertex   4.475572e+00 1.150511e+02 -1.290000e+02
      vertex   9.629115e+00 9.845113e+01 -1.290000e+02
      vertex   4.026406e+00 1.150000e+02 -1.290000e+02
    endloop
  endfacet
  facet normal 1.553006e-15 -1.191663e-15 -1.000000e+00
    outer loop
      vertex   4.026406e+00 1.150000e+02 -1.290000e+02
      vertex   9.629115e+00 9.845113e+01 -1.290000e+02
      vertex   9.311278e+00 9.803692e+01 -1.290000e+02
    endloop
  endfacet
  facet normal -0.000000e+00 -1.675504e-15 -1.000000e+00
    outer loop
      vertex   4.026406e+00 1.150000e+02 -1.290000e+02
      vertex   9.311278e+00 9.803692e+01 -1.290000e+02
      vertex   -4.026406e+00 1.150000e+02 -1.290000e+02
    endloop
  endfacet
  facet normal 0.000000e+00 -1.675504e-15 -1.000000e+00
    outer loop
      vertex   -4.026406e+00 1.150000e+02 -1.290000e+02
      vertex   9.311278e+00 9.803692e+01 -1.290000e+02
      vertex   -9.311278e+00 9.803692e+01 -1.290000e+02
    endloop
  endfacet
  facet normal -1.553006e-15 -1.191663e-15 -1.000000e+00
    outer loop
      vertex   -4.026406e+00 1.150000e+02 -1.290000e+02
      vertex   -9.311278e+00 9.803692e+01 -1.290000e+02
      vertex   -9.629115e+00 9.845113e+01 -1.290000e+02
    endloop
  endfacet
  facet normal -0.000000e+00 0.000000e+00 -1.000000e+00
    outer loop
      vertex   9.311278e+00 9.803692e+01 -1.290000e+02
      vertex   9.111477e+00 9.755456e+01 -1.290000e+02
      vertex   -9.311278e+00 9.803692e+01 -1.290000e+02
    endloop
  endfacet
  facet normal 0.000000e+00 0.000000e+00 -1.000000e+00
    outer loop
      vertex   -9.311278e+00 9.803692e+01 -1.290000e+02
      vertex   9.111477e+00 9.755456e+01 -1.290000e+02
      vertex   -9.111477e+00 9.755456e+01 -1.290000e+02
    endloop
  endfacet
  facet normal 0.000000e+00 0.000000e+00 -1.000000e+00
    outer loop
      vertex   -9.111477e+00 9.755456e+01 -1.290000e+02
      vertex   9.111477e+00 9.755456e+01 -1.290000e+02
      vertex   9.043329e+00 9.703692e+01 -1.290000e+02
    endloop
  endfacet
  facet normal 0.000000e+00 0.000000e+00 -1.000000e+00
    outer loop
      vertex   -9.111477e+00 9.755456e+01 -1.290000e+02
      vertex   9.043329e+00 9.703692e+01 -1.290000e+02
      vertex   -9.043329e+00 9.703692e+01 -1.290000e+02
    endloop
  endfacet
  facet normal 0.000000e+00 0.000000e+00 -1.000000e+00
    outer loop
      vertex   -9.043329e+00 9.703692e+01 -1.290000e+02
      vertex   9.043329e+00 9.703692e+01 -1.290000e+02
      vertex   9.043329e+00 9.103692e+01 -1.290000e+02
    endloop
  endfacet
  facet normal 0.000000e+00 0.000000e+00 -1.000000e+00
    outer loop
      vertex   -9.043329e+00 9.703692e+01 -1.290000e+02
      vertex   9.043329e+00 9.103692e+01 -1.290000e+02
      vertex   -9.043329e+00 9.103692e+01 -1.290000e+02
    endloop
  endfacet
  facet normal 0.000000e+00 0.000000e+00 -1.000000e+00
    outer loop
      vertex   -9.043329e+00 9.103692e+01 -1.290000e+02
      vertex   9.043329e+00 9.103692e+01 -1.290000e+02
      vertex   9.111477e+00 9.051928e+01 -1.290000e+02
    endloop
  endfacet
  facet normal 0.000000e+00 -0.000000e+00 -1.000000e+00
    outer loop
      vertex   -9.043329e+00 9.103692e+01 -1.290000e+02
      vertex   9.111477e+00 9.051928e+01 -1.290000e+02
      vertex   -9.111477e+00 9.051928e+01 -1.290000e+02
    endloop
  endfacet
  facet normal 0.000000e+00 0.000000e+00 -1.000000e+00
    outer loop
      vertex   -9.111477e+00 9.051928e+01 -1.290000e+02
      vertex   9.111477e+00 9.051928e+01 -1.290000e+02
      vertex   9.311278e+00 9.003692e+01 -1.290000e+02
    endloop
  endfacet
  facet normal 0.000000e+00 -0.000000e+00 -1.000000e+00
    outer loop
      vertex   -9.111477e+00 9.051928e+01 -1.290000e+02
      vertex   9.311278e+00 9.003692e+01 -1.290000e+02
      vertex   -9.311278e+00 9.003692e+01 -1.290000e+02
    endloop
  endfacet
  facet normal 0.000000e+00 0.000000e+00 -1.000000e+00
    outer loop
      vertex   -9.311278e+00 9.003692e+01 -1.290000e+02
      vertex   9.311278e+00 9.003692e+01 -1.290000e+02
      vertex   9.629115e+00 8.962271e+01 -1.290000e+02
    endloop
  endfacet
  facet normal 0.000000e+00 -0.000000e+00 -1.000000e+00
    outer loop
      vertex   -9.311278e+00 9.003692e+01 -1.290000e+02
      vertex   9.629115e+00 8.962271e+01 -1.290000e+02
      vertex   -9.629115e+00 8.962271e+01 -1.290000e+02
    endloop
  endfacet
  facet normal 0.000000e+00 -0.000000e+00 -1.000000e+00
    outer loop
      vertex   -9.629115e+00 8.962271e+01 -1.290000e+02
      vertex   9.629115e+00 8.962271e+01 -1.290000e+02
      vertex   -1.000000e+01 6.000000e+01 -1.290000e+02
    endloop
  endfacet
  facet normal 0.000000e+00 0.000000e+00 -1.000000e+00
    outer loop
      vertex   -9.629115e+00 8.962271e+01 -1.290000e+02
      vertex   -1.000000e+01 6.000000e+01 -1.290000e+02
      vertex   -1.004333e+01 8.930487e+01 -1.290000e+02
    endloop
  endfacet
  facet normal 0.000000e+00 -0.000000e+00 -1.000000e+00
    outer loop
      vertex   -1.004333e+01 8.930487e+01 -1.290000e+02
      vertex   -1.000000e+01 6.000000e+01 -1.290000e+02
      vertex   -1.052569e+01 8.910507e+01 -1.290000e+02
    endloop
  endfacet
  facet normal 0.000000e+00 -0.000000e+00 -1.000000e+00
    outer loop
      vertex   -1.052569e+01 8.910507e+01 -1.290000e+02
      vertex   -1.000000e+01 6.000000e+01 -1.290000e+02
      vertex   -1.808579e+01 6.395510e+01 -1.290000e+02
    endloop
  endfacet
  facet normal 0.000000e+00 0.000000e+00 -1.000000e+00
    outer loop
      vertex   -1.052569e+01 8.910507e+01 -1.290000e+02
      vertex   -1.808579e+01 6.395510e+01 -1.290000e+02
      vertex   -1.104333e+01 8.903692e+01 -1.290000e+02
    endloop
  endfacet
  facet normal 0.000000e+00 0.000000e+00 -1.000000e+00
    outer loop
      vertex   -1.104333e+01 8.903692e+01 -1.290000e+02
      vertex   -1.808579e+01 6.395510e+01 -1.290000e+02
      vertex   -1.850000e+01 6.427294e+01 -1.290000e+02
    endloop
  endfacet
  facet normal -0.000000e+00 0.000000e+00 -1.000000e+00
    outer loop
      vertex   -1.104333e+01 8.903692e+01 -1.290000e+02
      vertex   -1.850000e+01 6.427294e+01 -1.290000e+02
      vertex   -1.704333e+01 8.903692e+01 -1.290000e+02
    endloop
  endfacet
  facet normal 0.000000e+00 0.000000e+00 -1.000000e+00
    outer loop
      vertex   -1.704333e+01 8.903692e+01 -1.290000e+02
      vertex   -1.850000e+01 6.427294e+01 -1.290000e+02
      vertex   -1.898236e+01 6.447274e+01 -1.290000e+02
    endloop
  endfacet
  facet normal 2.986869e-15 -2.357757e-16 -1.000000e+00
    outer loop
      vertex   -1.704333e+01 8.903692e+01 -1.290000e+02
      vertex   -1.898236e+01 6.447274e+01 -1.290000e+02
      vertex   -2.740746e+01 7.828684e+01 -1.290000e+02
    endloop
  endfacet
  facet normal -2.945151e-16 -2.237065e-15 -1.000000e+00
    outer loop
      vertex   -2.740746e+01 7.828684e+01 -1.290000e+02
      vertex   -1.898236e+01 6.447274e+01 -1.290000e+02
      vertex   -1.950000e+01 6.454089e+01 -1.290000e+02
    endloop
  endfacet
  facet normal 2.089644e-15 -8.655587e-16 -1.000000e+00
    outer loop
      vertex   -2.740746e+01 7.828684e+01 -1.290000e+02
      vertex   -1.950000e+01 6.454089e+01 -1.290000e+02
      vertex   -2.766721e+01 7.765976e+01 -1.290000e+02
    endloop
  endfacet
  facet normal 1.558748e-15 -1.196070e-15 -1.000000e+00
    outer loop
      vertex   -2.766721e+01 7.765976e+01 -1.290000e+02
      vertex   -1.950000e+01 6.454089e+01 -1.290000e+02
      vertex   -2.808039e+01 7.712129e+01 -1.290000e+02
    endloop
  endfacet
  facet normal 1.137984e-15 -1.483050e-15 -1.000000e+00
    outer loop
      vertex   -2.808039e+01 7.712129e+01 -1.290000e+02
      vertex   -1.950000e+01 6.454089e+01 -1.290000e+02
      vertex   -2.861887e+01 7.670810e+01 -1.290000e+02
    endloop
  endfacet
  facet normal 0.000000e+00 -2.335926e-15 -1.000000e+00
    outer loop
      vertex   -2.861887e+01 7.670810e+01 -1.290000e+02
      vertex   -1.950000e+01 6.454089e+01 -1.290000e+02
      vertex   -3.050000e+01 6.454089e+01 -1.290000e+02
    endloop
  endfacet
  facet normal 1.033775e-15 -2.495754e-15 -1.000000e+00
    outer loop
      vertex   -2.861887e+01 7.670810e+01 -1.290000e+02
      vertex   -3.050000e+01 6.454089e+01 -1.290000e+02
      vertex   -2.924594e+01 7.644836e+01 -1.290000e+02
    endloop
  endfacet
  facet normal 3.186570e-16 -2.420440e-15 -1.000000e+00
    outer loop
      vertex   -2.924594e+01 7.644836e+01 -1.290000e+02
      vertex   -3.050000e+01 6.454089e+01 -1.290000e+02
      vertex   -2.991887e+01 7.635976e+01 -1.290000e+02
    endloop
  endfacet
  facet normal -3.145580e-16 -2.389305e-15 -1.000000e+00
    outer loop
      vertex   -2.991887e+01 7.635976e+01 -1.290000e+02
      vertex   -3.050000e+01 6.454089e+01 -1.290000e+02
      vertex   -3.059180e+01 7.644836e+01 -1.290000e+02
    endloop
  endfacet
  facet normal 3.139201e-16 -2.384460e-15 -1.000000e+00
    outer loop
      vertex   -3.059180e+01 7.644836e+01 -1.290000e+02
      vertex   -3.050000e+01 6.454089e+01 -1.290000e+02
      vertex   -3.101764e+01 6.447274e+01 -1.290000e+02
    endloop
  endfacet
  facet normal -9.687829e-16 -2.338849e-15 -1.000000e+00
    outer loop
      vertex   -3.059180e+01 7.644836e+01 -1.290000e+02
      vertex   -3.101764e+01 6.447274e+01 -1.290000e+02
      vertex   -3.121887e+01 7.670810e+01 -1.290000e+02
    endloop
  endfacet
  facet normal 9.556725e-16 -2.307198e-15 -1.000000e+00
    outer loop
      vertex   -3.121887e+01 7.670810e+01 -1.290000e+02
      vertex   -3.101764e+01 6.447274e+01 -1.290000e+02
      vertex   -3.150000e+01 6.427294e+01 -1.290000e+02
    endloop
  endfacet
  facet normal 0.000000e+00 0.000000e+00 -1.000000e+00
    outer loop
      vertex   -1.000000e+01 6.000000e+01 -1.290000e+02
      vertex   9.629115e+00 8.962271e+01 -1.290000e+02
      vertex   1.000000e+01 6.000000e+01 -1.290000e+02
    endloop
  endfacet
  facet normal 0.000000e+00 0.000000e+00 -1.000000e+00
    outer loop
      vertex   1.000000e+01 6.000000e+01 -1.290000e+02
      vertex   9.629115e+00 8.962271e+01 -1.290000e+02
      vertex   1.004333e+01 8.930487e+01 -1.290000e+02
    endloop
  endfacet
  facet normal 0.000000e+00 0.000000e+00 -1.000000e+00
    outer loop
      vertex   1.000000e+01 6.000000e+01 -1.290000e+02
      vertex   1.004333e+01 8.930487e+01 -1.290000e+02
      vertex   1.052569e+01 8.910507e+01 -1.290000e+02
    endloop
  endfacet
  facet normal 0.000000e+00 0.000000e+00 -1.000000e+00
    outer loop
      vertex   1.000000e+01 6.000000e+01 -1.290000e+02
      vertex   1.052569e+01 8.910507e+01 -1.290000e+02
      vertex   1.808579e+01 6.395510e+01 -1.290000e+02
    endloop
  endfacet
  facet normal 0.000000e+00 0.000000e+00 -1.000000e+00
    outer loop
      vertex   1.808579e+01 6.395510e+01 -1.290000e+02
      vertex   1.052569e+01 8.910507e+01 -1.290000e+02
      vertex   1.104333e+01 8.903692e+01 -1.290000e+02
    endloop
  endfacet
  facet normal 0.000000e+00 0.000000e+00 -1.000000e+00
    outer loop
      vertex   1.808579e+01 6.395510e+01 -1.290000e+02
      vertex   1.104333e+01 8.903692e+01 -1.290000e+02
      vertex   1.850000e+01 6.427294e+01 -1.290000e+02
    endloop
  endfacet
  facet normal 0.000000e+00 0.000000e+00 -1.000000e+00
    outer loop
      vertex   1.850000e+01 6.427294e+01 -1.290000e+02
      vertex   1.104333e+01 8.903692e+01 -1.290000e+02
      vertex   1.704333e+01 8.903692e+01 -1.290000e+02
    endloop
  endfacet
  facet normal 0.000000e+00 0.000000e+00 -1.000000e+00
    outer loop
      vertex   1.850000e+01 6.427294e+01 -1.290000e+02
      vertex   1.704333e+01 8.903692e+01 -1.290000e+02
      vertex   1.898236e+01 6.447274e+01 -1.290000e+02
    endloop
  endfacet
  facet normal 0.000000e+00 0.000000e+00 -1.000000e+00
    outer loop
      vertex   2.828762e+01 8.728692e+01 -1.290000e+02
      vertex   1.845754e+01 8.962271e+01 -1.290000e+02
      vertex   2.813777e+01 8.764869e+01 -1.290000e+02
    endloop
  endfacet
  facet normal 0.000000e+00 0.000000e+00 -1.000000e+00
    outer loop
      vertex   2.813777e+01 8.764869e+01 -1.290000e+02
      vertex   1.845754e+01 8.962271e+01 -1.290000e+02
      vertex   1.877538e+01 9.003692e+01 -1.290000e+02
    endloop
  endfacet
  facet normal 0.000000e+00 0.000000e+00 -1.000000e+00
    outer loop
      vertex   2.813777e+01 8.764869e+01 -1.290000e+02
      vertex   1.877538e+01 9.003692e+01 -1.290000e+02
      vertex   2.808666e+01 8.803692e+01 -1.290000e+02
    endloop
  endfacet
  facet normal 0.000000e+00 0.000000e+00 -1.000000e+00
    outer loop
      vertex   2.808666e+01 8.803692e+01 -1.290000e+02
      vertex   1.877538e+01 9.003692e+01 -1.290000e+02
      vertex   1.897518e+01 9.051928e+01 -1.290000e+02
    endloop
  endfacet
  facet normal 0.000000e+00 0.000000e+00 -1.000000e+00
    outer loop
      vertex   2.808666e+01 8.803692e+01 -1.290000e+02
      vertex   1.897518e+01 9.051928e+01 -1.290000e+02
      vertex   1.904333e+01 9.103692e+01 -1.290000e+02
    endloop
  endfacet
  facet normal 0.000000e+00 0.000000e+00 -1.000000e+00
    outer loop
      vertex   2.808666e+01 8.803692e+01 -1.290000e+02
      vertex   1.904333e+01 9.103692e+01 -1.290000e+02
      vertex   2.808666e+01 1.000369e+02 -1.290000e+02
    endloop
  endfacet
  facet normal 0.000000e+00 0.000000e+00 -1.000000e+00
    outer loop
      vertex   2.808666e+01 1.000369e+02 -1.290000e+02
      vertex   1.904333e+01 9.103692e+01 -1.290000e+02
      vertex   1.904333e+01 9.703692e+01 -1.290000e+02
    endloop
  endfacet
  facet normal 0.000000e+00 0.000000e+00 -1.000000e+00
    outer loop
      vertex   2.808666e+01 1.000369e+02 -1.290000e+02
      vertex   1.904333e+01 9.703692e+01 -1.290000e+02
      vertex   1.897518e+01 9.755456e+01 -1.290000e+02
    endloop
  endfacet
  facet normal 0.000000e+00 0.000000e+00 -1.000000e+00
    outer loop
      vertex   1.897518e+01 9.755456e+01 -1.290000e+02
      vertex   1.877538e+01 9.803692e+01 -1.290000e+02
      vertex   2.808666e+01 1.000369e+02 -1.290000e+02
    endloop
  endfacet
  facet normal -0.000000e+00 0.000000e+00 -1.000000e+00
    outer loop
      vertex   2.808666e+01 1.000369e+02 -1.290000e+02
      vertex   1.877538e+01 9.803692e+01 -1.290000e+02
      vertex   2.813777e+01 1.004251e+02 -1.290000e+02
    endloop
  endfacet
  facet normal 0.000000e+00 0.000000e+00 -1.000000e+00
    outer loop
      vertex   2.813777e+01 1.004251e+02 -1.290000e+02
      vertex   1.877538e+01 9.803692e+01 -1.290000e+02
      vertex   1.845754e+01 9.845113e+01 -1.290000e+02
    endloop
  endfacet
  facet normal -0.000000e+00 0.000000e+00 -1.000000e+00
    outer loop
      vertex   2.813777e+01 1.004251e+02 -1.290000e+02
      vertex   1.845754e+01 9.845113e+01 -1.290000e+02
      vertex   2.828762e+01 1.007869e+02 -1.290000e+02
    endloop
  endfacet
  facet normal 0.000000e+00 0.000000e+00 -1.000000e+00
    outer loop
      vertex   2.828762e+01 1.007869e+02 -1.290000e+02
      vertex   1.845754e+01 9.845113e+01 -1.290000e+02
      vertex   1.804333e+01 9.876897e+01 -1.290000e+02
    endloop
  endfacet
  facet normal 0.000000e+00 0.000000e+00 -1.000000e+00
    outer loop
      vertex   1.808579e+01 6.395510e+01 -1.290000e+02
      vertex   1.776795e+01 6.354089e+01 -1.290000e+02
      vertex   1.000000e+01 6.000000e+01 -1.290000e+02
    endloop
  endfacet
  facet normal 0.000000e+00 0.000000e+00 -1.000000e+00
    outer loop
      vertex   1.000000e+01 6.000000e+01 -1.290000e+02
      vertex   1.776795e+01 6.354089e+01 -1.290000e+02
      vertex   1.756815e+01 6.305852e+01 -1.290000e+02
    endloop
  endfacet
  facet normal 0.000000e+00 0.000000e+00 -1.000000e+00
    outer loop
      vertex   1.000000e+01 6.000000e+01 -1.290000e+02
      vertex   1.756815e+01 6.305852e+01 -1.290000e+02
      vertex   1.750000e+01 6.254089e+01 -1.290000e+02
    endloop
  endfacet
  facet normal 0.000000e+00 -0.000000e+00 -1.000000e+00
    outer loop
      vertex   1.750000e+01 6.254089e+01 -1.290000e+02
      vertex   1.750000e+01 5.561125e+01 -1.290000e+02
      vertex   1.000000e+01 6.000000e+01 -1.290000e+02
    endloop
  endfacet
  facet normal 0.000000e+00 0.000000e+00 -1.000000e+00
    outer loop
      vertex   1.000000e+01 6.000000e+01 -1.290000e+02
      vertex   1.750000e+01 5.561125e+01 -1.290000e+02
      vertex   1.756006e+01 5.512479e+01 -1.290000e+02
    endloop
  endfacet
  facet normal 0.000000e+00 0.000000e+00 -1.000000e+00
    outer loop
      vertex   1.000000e+01 6.000000e+01 -1.290000e+02
      vertex   1.756006e+01 5.512479e+01 -1.290000e+02
      vertex   1.773665e+01 5.466754e+01 -1.290000e+02
    endloop
  endfacet
  facet normal -0.000000e+00 0.000000e+00 -1.000000e+00
    outer loop
      vertex   1.801915e+01 5.426697e+01 -1.290000e+02
      vertex   1.799586e+01 4.712202e+01 -1.290000e+02
      vertex   1.773665e+01 5.466754e+01 -1.290000e+02
    endloop
  endfacet
  facet normal 0.000000e+00 -0.000000e+00 -1.000000e+00
    outer loop
      vertex   1.773665e+01 5.466754e+01 -1.290000e+02
      vertex   1.799586e+01 4.712202e+01 -1.290000e+02
      vertex   1.772576e+01 4.672694e+01 -1.290000e+02
    endloop
  endfacet
  facet normal -0.000000e+00 0.000000e+00 -1.000000e+00
    outer loop
      vertex   1.773665e+01 5.466754e+01 -1.290000e+02
      vertex   1.772576e+01 4.672694e+01 -1.290000e+02
      vertex   1.000000e+01 6.000000e+01 -1.290000e+02
    endloop
  endfacet
  facet normal 0.000000e+00 0.000000e+00 -1.000000e+00
    outer loop
      vertex   1.000000e+01 6.000000e+01 -1.290000e+02
      vertex   1.772576e+01 4.672694e+01 -1.290000e+02
      vertex   1.755726e+01 4.627900e+01 -1.290000e+02
    endloop
  endfacet
  facet normal 0.000000e+00 0.000000e+00 -1.000000e+00
    outer loop
      vertex   1.000000e+01 6.000000e+01 -1.290000e+02
      vertex   1.755726e+01 4.627900e+01 -1.290000e+02
      vertex   1.750000e+01 4.580385e+01 -1.290000e+02
    endloop
  endfacet
  facet normal 0.000000e+00 0.000000e+00 -1.000000e+00
    outer loop
      vertex   1.799586e+01 4.712202e+01 -1.290000e+02
      vertex   1.801915e+01 5.426697e+01 -1.290000e+02
      vertex   1.835209e+01 4.744162e+01 -1.290000e+02
    endloop
  endfacet
  facet normal 0.000000e+00 0.000000e+00 -1.000000e+00
    outer loop
      vertex   1.835209e+01 4.744162e+01 -1.290000e+02
      vertex   1.801915e+01 5.426697e+01 -1.290000e+02
      vertex   1.839060e+01 5.394715e+01 -1.290000e+02
    endloop
  endfacet
  facet normal 0.000000e+00 0.000000e+00 -1.000000e+00
    outer loop
      vertex   1.835209e+01 4.744162e+01 -1.290000e+02
      vertex   1.839060e+01 5.394715e+01 -1.290000e+02
      vertex   1.877404e+01 4.766745e+01 -1.290000e+02
    endloop
  endfacet
  facet normal 0.000000e+00 0.000000e+00 -1.000000e+00
    outer loop
      vertex   1.877404e+01 4.766745e+01 -1.290000e+02
      vertex   1.839060e+01 5.394715e+01 -1.290000e+02
      vertex   1.923756e+01 4.778656e+01 -1.290000e+02
    endloop
  endfacet
  facet normal 0.000000e+00 0.000000e+00 -1.000000e+00
    outer loop
      vertex   1.923756e+01 4.778656e+01 -1.290000e+02
      vertex   1.839060e+01 5.394715e+01 -1.290000e+02
      vertex   1.971612e+01 4.779214e+01 -1.290000e+02
    endloop
  endfacet
  facet normal -1.655316e-15 -2.157249e-15 -1.000000e+00
    outer loop
      vertex   3.191421e+01 6.395510e+01 -1.290000e+02
      vertex   3.150000e+01 6.427294e+01 -1.290000e+02
      vertex   3.193876e+01 7.711124e+01 -1.290000e+02
    endloop
  endfacet
  facet normal 1.744471e-15 -2.273439e-15 -1.000000e+00
    outer loop
      vertex   3.193876e+01 7.711124e+01 -1.290000e+02
      vertex   3.150000e+01 6.427294e+01 -1.290000e+02
      vertex   3.140020e+01 7.669799e+01 -1.290000e+02
    endloop
  endfacet
  facet normal -9.506564e-16 -2.295087e-15 -1.000000e+00
    outer loop
      vertex   3.140020e+01 7.669799e+01 -1.290000e+02
      vertex   3.150000e+01 6.427294e+01 -1.290000e+02
      vertex   3.101764e+01 6.447274e+01 -1.290000e+02
    endloop
  endfacet
  facet normal 9.756245e-16 -2.355366e-15 -1.000000e+00
    outer loop
      vertex   3.140020e+01 7.669799e+01 -1.290000e+02
      vertex   3.101764e+01 6.447274e+01 -1.290000e+02
      vertex   3.077303e+01 7.643821e+01 -1.290000e+02
    endloop
  endfacet
  facet normal -3.135594e-16 -2.381720e-15 -1.000000e+00
    outer loop
      vertex   3.077303e+01 7.643821e+01 -1.290000e+02
      vertex   3.101764e+01 6.447274e+01 -1.290000e+02
      vertex   3.050000e+01 6.454089e+01 -1.290000e+02
    endloop
  endfacet
  facet normal 3.154599e-16 -2.396156e-15 -1.000000e+00
    outer loop
      vertex   3.077303e+01 7.643821e+01 -1.290000e+02
      vertex   3.050000e+01 6.454089e+01 -1.290000e+02
      vertex   3.010000e+01 7.634960e+01 -1.290000e+02
    endloop
  endfacet
  facet normal -3.182861e-16 -2.417623e-15 -1.000000e+00
    outer loop
      vertex   3.010000e+01 7.634960e+01 -1.290000e+02
      vertex   3.050000e+01 6.454089e+01 -1.290000e+02
      vertex   2.942697e+01 7.643821e+01 -1.290000e+02
    endloop
  endfacet
  facet normal -1.027923e-15 -2.481626e-15 -1.000000e+00
    outer loop
      vertex   2.942697e+01 7.643821e+01 -1.290000e+02
      vertex   3.050000e+01 6.454089e+01 -1.290000e+02
      vertex   2.879980e+01 7.669799e+01 -1.290000e+02
    endloop
  endfacet
  facet normal 0.000000e+00 -2.337868e-15 -1.000000e+00
    outer loop
      vertex   2.879980e+01 7.669799e+01 -1.290000e+02
      vertex   3.050000e+01 6.454089e+01 -1.290000e+02
      vertex   1.950000e+01 6.454089e+01 -1.290000e+02
    endloop
  endfacet
  facet normal -1.130391e-15 -1.473155e-15 -1.000000e+00
    outer loop
      vertex   2.879980e+01 7.669799e+01 -1.290000e+02
      vertex   1.950000e+01 6.454089e+01 -1.290000e+02
      vertex   2.826124e+01 7.711124e+01 -1.290000e+02
    endloop
  endfacet
  facet normal 0.000000e+00 0.000000e+00 -1.000000e+00
    outer loop
      vertex   3.243994e+01 3.895699e+01 -1.290000e+02
      vertex   3.861436e+01 3.784089e+01 -1.290000e+02
      vertex   3.250000e+01 3.847052e+01 -1.290000e+02
    endloop
  endfacet
  facet normal 0.000000e+00 0.000000e+00 -1.000000e+00
    outer loop
      vertex   3.250000e+01 3.847052e+01 -1.290000e+02
      vertex   3.861436e+01 3.784089e+01 -1.290000e+02
      vertex   3.845452e+01 3.745500e+01 -1.290000e+02
    endloop
  endfacet
  facet normal 0.000000e+00 0.000000e+00 -1.000000e+00
    outer loop
      vertex   3.250000e+01 3.847052e+01 -1.290000e+02
      vertex   3.845452e+01 3.745500e+01 -1.290000e+02
      vertex   3.840000e+01 3.704089e+01 -1.290000e+02
    endloop
  endfacet
  facet normal 0.000000e+00 0.000000e+00 -1.000000e+00
    outer loop
      vertex   3.861436e+01 3.784089e+01 -1.290000e+02
      vertex   3.243994e+01 3.895699e+01 -1.290000e+02
      vertex   3.886863e+01 3.817226e+01 -1.290000e+02
    endloop
  endfacet
  facet normal 0.000000e+00 0.000000e+00 -1.000000e+00
    outer loop
      vertex   3.886863e+01 3.817226e+01 -1.290000e+02
      vertex   3.243994e+01 3.895699e+01 -1.290000e+02
      vertex   3.226335e+01 3.941423e+01 -1.290000e+02
    endloop
  endfacet
  facet normal 0.000000e+00 0.000000e+00 -1.000000e+00
    outer loop
      vertex   3.886863e+01 3.817226e+01 -1.290000e+02
      vertex   3.226335e+01 3.941423e+01 -1.290000e+02
      vertex   4.000000e+01 4.454089e+01 -1.290000e+02
    endloop
  endfacet
  facet normal 0.000000e+00 0.000000e+00 -1.000000e+00
    outer loop
      vertex   4.000000e+01 4.454089e+01 -1.290000e+02
      vertex   3.226335e+01 3.941423e+01 -1.290000e+02
      vertex   3.198085e+01 3.981480e+01 -1.290000e+02
    endloop
  endfacet
  facet normal -0.000000e+00 -0.000000e+00 -1.000000e+00
    outer loop
      vertex   1.750000e+01 4.580385e+01 -1.290000e+02
      vertex   1.750000e+01 2.827792e+01 -1.290000e+02
      vertex   1.000000e+01 6.000000e+01 -1.290000e+02
    endloop
  endfacet
  facet normal 0.000000e+00 0.000000e+00 -1.000000e+00
    outer loop
      vertex   1.000000e+01 6.000000e+01 -1.290000e+02
      vertex   1.750000e+01 2.827792e+01 -1.290000e+02
      vertex   1.000000e+01 5.000000e+00 -1.290000e+02
    endloop
  endfacet
  facet normal 0.000000e+00 0.000000e+00 -1.000000e+00
    outer loop
      vertex   1.000000e+01 5.000000e+00 -1.290000e+02
      vertex   1.750000e+01 2.827792e+01 -1.290000e+02
      vertex   1.755726e+01 2.780277e+01 -1.290000e+02
    endloop
  endfacet
  facet normal 0.000000e+00 0.000000e+00 -1.000000e+00
    outer loop
      vertex   1.000000e+01 5.000000e+00 -1.290000e+02
      vertex   1.755726e+01 2.780277e+01 -1.290000e+02
      vertex   1.772576e+01 2.735483e+01 -1.290000e+02
    endloop
  endfacet
  facet normal 0.000000e+00 -0.000000e+00 -1.000000e+00
    outer loop
      vertex   1.772576e+01 2.735483e+01 -1.290000e+02
      vertex   1.799586e+01 2.695975e+01 -1.290000e+02
      vertex   1.000000e+01 5.000000e+00 -1.290000e+02
    endloop
  endfacet
  facet normal 0.000000e+00 0.000000e+00 -1.000000e+00
    outer loop
      vertex   1.000000e+01 5.000000e+00 -1.290000e+02
      vertex   1.799586e+01 2.695975e+01 -1.290000e+02
      vertex   1.835209e+01 2.664015e+01 -1.290000e+02
    endloop
  endfacet
  facet normal 0.000000e+00 0.000000e+00 -1.000000e+00
    outer loop
      vertex   1.000000e+01 5.000000e+00 -1.290000e+02
      vertex   1.835209e+01 2.664015e+01 -1.290000e+02
      vertex   1.877404e+01 2.641433e+01 -1.290000e+02
    endloop
  endfacet
  facet normal 0.000000e+00 -0.000000e+00 -1.000000e+00
    outer loop
      vertex   1.877404e+01 2.641433e+01 -1.290000e+02
      vertex   1.923756e+01 2.629521e+01 -1.290000e+02
      vertex   1.000000e+01 5.000000e+00 -1.290000e+02
    endloop
  endfacet
  facet normal 0.000000e+00 0.000000e+00 -1.000000e+00
    outer loop
      vertex   1.000000e+01 5.000000e+00 -1.290000e+02
      vertex   1.923756e+01 2.629521e+01 -1.290000e+02
      vertex   1.971612e+01 2.628963e+01 -1.290000e+02
    endloop
  endfacet
  facet normal 0.000000e+00 0.000000e+00 -1.000000e+00
    outer loop
      vertex   1.000000e+01 5.000000e+00 -1.290000e+02
      vertex   1.971612e+01 2.628963e+01 -1.290000e+02
      vertex   2.018229e+01 2.639790e+01 -1.290000e+02
    endloop
  endfacet
  facet normal 0.000000e+00 0.000000e+00 -1.000000e+00
    outer loop
      vertex   2.060940e+01 2.661382e+01 -1.290000e+02
      vertex   3.160940e+01 3.394715e+01 -1.290000e+02
      vertex   3.732820e+01 1.821880e+01 -1.290000e+02
    endloop
  endfacet
  facet normal -0.000000e+00 0.000000e+00 -1.000000e+00
    outer loop
      vertex   3.886863e+01 3.590951e+01 -1.290000e+02
      vertex   3.243994e+01 3.512479e+01 -1.290000e+02
      vertex   3.861436e+01 3.624089e+01 -1.290000e+02
    endloop
  endfacet
  facet normal 0.000000e+00 0.000000e+00 -1.000000e+00
    outer loop
      vertex   3.861436e+01 3.624089e+01 -1.290000e+02
      vertex   3.243994e+01 3.512479e+01 -1.290000e+02
      vertex   3.250000e+01 3.561125e+01 -1.290000e+02
    endloop
  endfacet
  facet normal -0.000000e+00 0.000000e+00 -1.000000e+00
    outer loop
      vertex   3.861436e+01 3.624089e+01 -1.290000e+02
      vertex   3.250000e+01 3.561125e+01 -1.290000e+02
      vertex   3.845452e+01 3.662677e+01 -1.290000e+02
    endloop
  endfacet
  facet normal -0.000000e+00 0.000000e+00 -1.000000e+00
    outer loop
      vertex   3.845452e+01 3.662677e+01 -1.290000e+02
      vertex   3.250000e+01 3.561125e+01 -1.290000e+02
      vertex   3.840000e+01 3.704089e+01 -1.290000e+02
    endloop
  endfacet
  facet normal -0.000000e+00 0.000000e+00 -1.000000e+00
    outer loop
      vertex   3.840000e+01 3.704089e+01 -1.290000e+02
      vertex   3.250000e+01 3.561125e+01 -1.290000e+02
      vertex   3.250000e+01 3.847052e+01 -1.290000e+02
    endloop
  endfacet
  facet normal -0.000000e+00 0.000000e+00 -1.000000e+00
    outer loop
      vertex   3.920000e+01 3.842653e+01 -1.290000e+02
      vertex   3.886863e+01 3.817226e+01 -1.290000e+02
      vertex   4.000000e+01 4.454089e+01 -1.290000e+02
    endloop
  endfacet
  facet normal 0.000000e+00 0.000000e+00 -1.000000e+00
    outer loop
      vertex   -1.104333e+01 1.550003e+02 -1.290000e+02
      vertex   1.052569e+01 1.549321e+02 -1.290000e+02
      vertex   -1.052569e+01 1.549321e+02 -1.290000e+02
    endloop
  endfacet
  facet normal 0.000000e+00 0.000000e+00 -1.000000e+00
    outer loop
      vertex   -1.052569e+01 1.549321e+02 -1.290000e+02
      vertex   1.052569e+01 1.549321e+02 -1.290000e+02
      vertex   1.004333e+01 1.547323e+02 -1.290000e+02
    endloop
  endfacet
  facet normal 0.000000e+00 0.000000e+00 -1.000000e+00
    outer loop
      vertex   -1.052569e+01 1.549321e+02 -1.290000e+02
      vertex   1.004333e+01 1.547323e+02 -1.290000e+02
      vertex   -1.004333e+01 1.547323e+02 -1.290000e+02
    endloop
  endfacet
  facet normal 0.000000e+00 0.000000e+00 -1.000000e+00
    outer loop
      vertex   -1.004333e+01 1.547323e+02 -1.290000e+02
      vertex   1.004333e+01 1.547323e+02 -1.290000e+02
      vertex   9.629115e+00 1.544145e+02 -1.290000e+02
    endloop
  endfacet
  facet normal 0.000000e+00 0.000000e+00 -1.000000e+00
    outer loop
      vertex   -1.004333e+01 1.547323e+02 -1.290000e+02
      vertex   9.629115e+00 1.544145e+02 -1.290000e+02
      vertex   -9.629115e+00 1.544145e+02 -1.290000e+02
    endloop
  endfacet
  facet normal 0.000000e+00 0.000000e+00 -1.000000e+00
    outer loop
      vertex   -9.629115e+00 1.544145e+02 -1.290000e+02
      vertex   9.629115e+00 1.544145e+02 -1.290000e+02
      vertex   9.311278e+00 1.540003e+02 -1.290000e+02
    endloop
  endfacet
  facet normal 0.000000e+00 0.000000e+00 -1.000000e+00
    outer loop
      vertex   -9.629115e+00 1.544145e+02 -1.290000e+02
      vertex   9.311278e+00 1.540003e+02 -1.290000e+02
      vertex   -9.311278e+00 1.540003e+02 -1.290000e+02
    endloop
  endfacet
  facet normal 0.000000e+00 0.000000e+00 -1.000000e+00
    outer loop
      vertex   -9.311278e+00 1.540003e+02 -1.290000e+02
      vertex   9.311278e+00 1.540003e+02 -1.290000e+02
      vertex   9.111477e+00 1.535179e+02 -1.290000e+02
    endloop
  endfacet
  facet normal 0.000000e+00 0.000000e+00 -1.000000e+00
    outer loop
      vertex   -9.311278e+00 1.540003e+02 -1.290000e+02
      vertex   9.111477e+00 1.535179e+02 -1.290000e+02
      vertex   -9.111477e+00 1.535179e+02 -1.290000e+02
    endloop
  endfacet
  facet normal 0.000000e+00 0.000000e+00 -1.000000e+00
    outer loop
      vertex   -9.111477e+00 1.535179e+02 -1.290000e+02
      vertex   9.111477e+00 1.535179e+02 -1.290000e+02
      vertex   9.043329e+00 1.530003e+02 -1.290000e+02
    endloop
  endfacet
  facet normal 0.000000e+00 0.000000e+00 -1.000000e+00
    outer loop
      vertex   -9.111477e+00 1.535179e+02 -1.290000e+02
      vertex   9.043329e+00 1.530003e+02 -1.290000e+02
      vertex   -9.043329e+00 1.530003e+02 -1.290000e+02
    endloop
  endfacet
  facet normal 0.000000e+00 0.000000e+00 -1.000000e+00
    outer loop
      vertex   -9.043329e+00 1.530003e+02 -1.290000e+02
      vertex   9.043329e+00 1.530003e+02 -1.290000e+02
      vertex   9.043329e+00 1.470003e+02 -1.290000e+02
    endloop
  endfacet
  facet normal 0.000000e+00 0.000000e+00 -1.000000e+00
    outer loop
      vertex   -9.043329e+00 1.530003e+02 -1.290000e+02
      vertex   9.043329e+00 1.470003e+02 -1.290000e+02
      vertex   -9.043329e+00 1.470003e+02 -1.290000e+02
    endloop
  endfacet
  facet normal 0.000000e+00 -0.000000e+00 -1.000000e+00
    outer loop
      vertex   -9.043329e+00 1.470003e+02 -1.290000e+02
      vertex   9.043329e+00 1.470003e+02 -1.290000e+02
      vertex   -9.111477e+00 1.464826e+02 -1.290000e+02
    endloop
  endfacet
  facet normal 0.000000e+00 0.000000e+00 -1.000000e+00
    outer loop
      vertex   -9.111477e+00 1.464826e+02 -1.290000e+02
      vertex   9.043329e+00 1.470003e+02 -1.290000e+02
      vertex   9.111477e+00 1.464826e+02 -1.290000e+02
    endloop
  endfacet
  facet normal 0.000000e+00 -0.000000e+00 -1.000000e+00
    outer loop
      vertex   -9.111477e+00 1.464826e+02 -1.290000e+02
      vertex   9.111477e+00 1.464826e+02 -1.290000e+02
      vertex   -9.311278e+00 1.460003e+02 -1.290000e+02
    endloop
  endfacet
  facet normal 0.000000e+00 0.000000e+00 -1.000000e+00
    outer loop
      vertex   -9.311278e+00 1.460003e+02 -1.290000e+02
      vertex   9.111477e+00 1.464826e+02 -1.290000e+02
      vertex   9.311278e+00 1.460003e+02 -1.290000e+02
    endloop
  endfacet
  facet normal 0.000000e+00 0.000000e+00 -1.000000e+00
    outer loop
      vertex   -9.311278e+00 1.460003e+02 -1.290000e+02
      vertex   9.311278e+00 1.460003e+02 -1.290000e+02
      vertex   9.629115e+00 1.455861e+02 -1.290000e+02
    endloop
  endfacet
  facet normal -0.000000e+00 -0.000000e+00 -1.000000e+00
    outer loop
      vertex   1.004333e+01 1.452682e+02 -1.290000e+02
      vertex   1.587189e+01 1.341144e+02 -1.290000e+02
      vertex   9.629115e+00 1.455861e+02 -1.290000e+02
    endloop
  endfacet
  facet normal 0.000000e+00 -0.000000e+00 -1.000000e+00
    outer loop
      vertex   9.629115e+00 1.455861e+02 -1.290000e+02
      vertex   1.587189e+01 1.341144e+02 -1.290000e+02
      vertex   -1.587189e+01 1.341144e+02 -1.290000e+02
    endloop
  endfacet
  facet normal -0.000000e+00 0.000000e+00 -1.000000e+00
    outer loop
      vertex   9.629115e+00 1.455861e+02 -1.290000e+02
      vertex   -1.587189e+01 1.341144e+02 -1.290000e+02
      vertex   -9.629115e+00 1.455861e+02 -1.290000e+02
    endloop
  endfacet
  facet normal 0.000000e+00 0.000000e+00 -1.000000e+00
    outer loop
      vertex   -9.629115e+00 1.455861e+02 -1.290000e+02
      vertex   -1.587189e+01 1.341144e+02 -1.290000e+02
      vertex   -1.004333e+01 1.452682e+02 -1.290000e+02
    endloop
  endfacet
  facet normal 0.000000e+00 0.000000e+00 -1.000000e+00
    outer loop
      vertex   -1.004333e+01 1.452682e+02 -1.290000e+02
      vertex   -1.587189e+01 1.341144e+02 -1.290000e+02
      vertex   -1.052569e+01 1.450684e+02 -1.290000e+02
    endloop
  endfacet
  facet normal 0.000000e+00 0.000000e+00 -1.000000e+00
    outer loop
      vertex   -1.052569e+01 1.450684e+02 -1.290000e+02
      vertex   -1.587189e+01 1.341144e+02 -1.290000e+02
      vertex   -1.104333e+01 1.450003e+02 -1.290000e+02
    endloop
  endfacet
  facet normal -0.000000e+00 0.000000e+00 -1.000000e+00
    outer loop
      vertex   -1.104333e+01 1.450003e+02 -1.290000e+02
      vertex   -1.587189e+01 1.341144e+02 -1.290000e+02
      vertex   -1.704333e+01 1.450003e+02 -1.290000e+02
    endloop
  endfacet
  facet normal 0.000000e+00 0.000000e+00 -1.000000e+00
    outer loop
      vertex   -1.704333e+01 1.450003e+02 -1.290000e+02
      vertex   -1.587189e+01 1.341144e+02 -1.290000e+02
      vertex   -1.636358e+01 1.340530e+02 -1.290000e+02
    endloop
  endfacet
  facet normal -0.000000e+00 -0.000000e+00 -1.000000e+00
    outer loop
      vertex   -1.704333e+01 1.450003e+02 -1.290000e+02
      vertex   -1.636358e+01 1.340530e+02 -1.290000e+02
      vertex   -1.756097e+01 1.450684e+02 -1.290000e+02
    endloop
  endfacet
  facet normal 0.000000e+00 0.000000e+00 -1.000000e+00
    outer loop
      vertex   -1.756097e+01 1.450684e+02 -1.290000e+02
      vertex   -1.636358e+01 1.340530e+02 -1.290000e+02
      vertex   -1.682510e+01 1.338726e+02 -1.290000e+02
    endloop
  endfacet
  facet normal -0.000000e+00 -0.000000e+00 -1.000000e+00
    outer loop
      vertex   -1.756097e+01 1.450684e+02 -1.290000e+02
      vertex   -1.682510e+01 1.338726e+02 -1.290000e+02
      vertex   -1.804333e+01 1.452682e+02 -1.290000e+02
    endloop
  endfacet
  facet normal 0.000000e+00 0.000000e+00 -1.000000e+00
    outer loop
      vertex   -1.804333e+01 1.452682e+02 -1.290000e+02
      vertex   -1.682510e+01 1.338726e+02 -1.290000e+02
      vertex   -1.722810e+01 1.335843e+02 -1.290000e+02
    endloop
  endfacet
  facet normal 0.000000e+00 0.000000e+00 -1.000000e+00
    outer loop
      vertex   1.004333e+01 1.452682e+02 -1.290000e+02
      vertex   1.052569e+01 1.450684e+02 -1.290000e+02
      vertex   1.587189e+01 1.341144e+02 -1.290000e+02
    endloop
  endfacet
  facet normal 0.000000e+00 0.000000e+00 -1.000000e+00
    outer loop
      vertex   1.587189e+01 1.341144e+02 -1.290000e+02
      vertex   1.052569e+01 1.450684e+02 -1.290000e+02
      vertex   1.104333e+01 1.450003e+02 -1.290000e+02
    endloop
  endfacet
  facet normal 0.000000e+00 0.000000e+00 -1.000000e+00
    outer loop
      vertex   1.587189e+01 1.341144e+02 -1.290000e+02
      vertex   1.104333e+01 1.450003e+02 -1.290000e+02
      vertex   1.704333e+01 1.450003e+02 -1.290000e+02
    endloop
  endfacet
  facet normal 0.000000e+00 0.000000e+00 -1.000000e+00
    outer loop
      vertex   1.587189e+01 1.341144e+02 -1.290000e+02
      vertex   1.704333e+01 1.450003e+02 -1.290000e+02
      vertex   1.636358e+01 1.340530e+02 -1.290000e+02
    endloop
  endfacet
  facet normal 0.000000e+00 0.000000e+00 -1.000000e+00
    outer loop
      vertex   1.636358e+01 1.340530e+02 -1.290000e+02
      vertex   1.704333e+01 1.450003e+02 -1.290000e+02
      vertex   1.756097e+01 1.450684e+02 -1.290000e+02
    endloop
  endfacet
  facet normal 0.000000e+00 0.000000e+00 -1.000000e+00
    outer loop
      vertex   1.636358e+01 1.340530e+02 -1.290000e+02
      vertex   1.756097e+01 1.450684e+02 -1.290000e+02
      vertex   1.682510e+01 1.338726e+02 -1.290000e+02
    endloop
  endfacet
  facet normal 0.000000e+00 0.000000e+00 -1.000000e+00
    outer loop
      vertex   1.682510e+01 1.338726e+02 -1.290000e+02
      vertex   1.756097e+01 1.450684e+02 -1.290000e+02
      vertex   1.804333e+01 1.452682e+02 -1.290000e+02
    endloop
  endfacet
  facet normal 0.000000e+00 0.000000e+00 -1.000000e+00
    outer loop
      vertex   1.682510e+01 1.338726e+02 -1.290000e+02
      vertex   1.804333e+01 1.452682e+02 -1.290000e+02
      vertex   1.722810e+01 1.335843e+02 -1.290000e+02
    endloop
  endfacet
  facet normal 0.000000e+00 0.000000e+00 -1.000000e+00
    outer loop
      vertex   1.722810e+01 1.335843e+02 -1.290000e+02
      vertex   1.804333e+01 1.452682e+02 -1.290000e+02
      vertex   1.845754e+01 1.455861e+02 -1.290000e+02
    endloop
  endfacet
  facet normal 0.000000e+00 0.000000e+00 -1.000000e+00
    outer loop
      vertex   2.410849e+01 1.145503e+02 -1.290000e+02
      vertex   4.367448e+01 1.145503e+02 -1.290000e+02
      vertex   4.272285e+01 1.068503e+02 -1.290000e+02
    endloop
  endfacet
  facet normal 0.000000e+00 0.000000e+00 -1.000000e+00
    outer loop
      vertex   4.272285e+01 1.068503e+02 -1.290000e+02
      vertex   4.367448e+01 1.145503e+02 -1.290000e+02
      vertex   4.297712e+01 1.071817e+02 -1.290000e+02
    endloop
  endfacet
  facet normal 0.000000e+00 0.000000e+00 -1.000000e+00
    outer loop
      vertex   4.297712e+01 1.071817e+02 -1.290000e+02
      vertex   4.367448e+01 1.145503e+02 -1.290000e+02
      vertex   4.330849e+01 1.074360e+02 -1.290000e+02
    endloop
  endfacet
  facet normal 0.000000e+00 0.000000e+00 -1.000000e+00
    outer loop
      vertex   4.330849e+01 1.074360e+02 -1.290000e+02
      vertex   4.367448e+01 1.145503e+02 -1.290000e+02
      vertex   4.369438e+01 1.075958e+02 -1.290000e+02
    endloop
  endfacet
  facet normal 0.000000e+00 0.000000e+00 -1.000000e+00
    outer loop
      vertex   4.369438e+01 1.075958e+02 -1.290000e+02
      vertex   4.367448e+01 1.145503e+02 -1.290000e+02
      vertex   4.410849e+01 1.076503e+02 -1.290000e+02
    endloop
  endfacet
  facet normal 0.000000e+00 0.000000e+00 -1.000000e+00
    outer loop
      vertex   4.410849e+01 1.076503e+02 -1.290000e+02
      vertex   4.367448e+01 1.145503e+02 -1.290000e+02
      vertex   4.419212e+01 1.146185e+02 -1.290000e+02
    endloop
  endfacet
  facet normal 0.000000e+00 0.000000e+00 -1.000000e+00
    outer loop
      vertex   4.410849e+01 1.076503e+02 -1.290000e+02
      vertex   4.419212e+01 1.146185e+02 -1.290000e+02
      vertex   4.452260e+01 1.075958e+02 -1.290000e+02
    endloop
  endfacet
  facet normal 0.000000e+00 0.000000e+00 -1.000000e+00
    outer loop
      vertex   4.452260e+01 1.075958e+02 -1.290000e+02
      vertex   4.419212e+01 1.146185e+02 -1.290000e+02
      vertex   4.467448e+01 1.148183e+02 -1.290000e+02
    endloop
  endfacet
  facet normal 0.000000e+00 0.000000e+00 -1.000000e+00
    outer loop
      vertex   4.452260e+01 1.075958e+02 -1.290000e+02
      vertex   4.467448e+01 1.148183e+02 -1.290000e+02
      vertex   4.490849e+01 1.074360e+02 -1.290000e+02
    endloop
  endfacet
  facet normal 0.000000e+00 0.000000e+00 -1.000000e+00
    outer loop
      vertex   4.490849e+01 1.074360e+02 -1.290000e+02
      vertex   4.467448e+01 1.148183e+02 -1.290000e+02
      vertex   4.508869e+01 1.151361e+02 -1.290000e+02
    endloop
  endfacet
  facet normal 0.000000e+00 0.000000e+00 -1.000000e+00
    outer loop
      vertex   4.490849e+01 1.074360e+02 -1.290000e+02
      vertex   4.508869e+01 1.151361e+02 -1.290000e+02
      vertex   4.523986e+01 1.071817e+02 -1.290000e+02
    endloop
  endfacet
  facet normal 0.000000e+00 0.000000e+00 -1.000000e+00
    outer loop
      vertex   4.523986e+01 1.071817e+02 -1.290000e+02
      vertex   4.508869e+01 1.151361e+02 -1.290000e+02
      vertex   4.540653e+01 1.155503e+02 -1.290000e+02
    endloop
  endfacet
  facet normal 0.000000e+00 0.000000e+00 -1.000000e+00
    outer loop
      vertex   4.523986e+01 1.071817e+02 -1.290000e+02
      vertex   4.540653e+01 1.155503e+02 -1.290000e+02
      vertex   4.549413e+01 1.068503e+02 -1.290000e+02
    endloop
  endfacet
  facet normal 0.000000e+00 0.000000e+00 -1.000000e+00
    outer loop
      vertex   4.567448e+01 1.325503e+02 -1.290000e+02
      vertex   6.212276e+01 1.260859e+02 -1.290000e+02
      vertex   4.567448e+01 1.165503e+02 -1.290000e+02
    endloop
  endfacet
  facet normal 0.000000e+00 0.000000e+00 -1.000000e+00
    outer loop
      vertex   4.567448e+01 1.165503e+02 -1.290000e+02
      vertex   6.212276e+01 1.260859e+02 -1.290000e+02
      vertex   6.228260e+01 1.257000e+02 -1.290000e+02
    endloop
  endfacet
  facet normal 0.000000e+00 0.000000e+00 -1.000000e+00
    outer loop
      vertex   4.567448e+01 1.165503e+02 -1.290000e+02
      vertex   6.228260e+01 1.257000e+02 -1.290000e+02
      vertex   6.253687e+01 1.253686e+02 -1.290000e+02
    endloop
  endfacet
  facet normal 0.000000e+00 0.000000e+00 -1.000000e+00
    outer loop
      vertex   -9.629115e+00 1.455861e+02 -1.290000e+02
      vertex   -9.311278e+00 1.460003e+02 -1.290000e+02
      vertex   9.629115e+00 1.455861e+02 -1.290000e+02
    endloop
  endfacet
  facet normal 0.000000e+00 0.000000e+00 -1.000000e+00
    outer loop
      vertex   -1.000000e+01 5.000000e+00 -1.290000e+02
      vertex   -1.750000e+01 2.827792e+01 -1.290000e+02
      vertex   -1.000000e+01 6.000000e+01 -1.290000e+02
    endloop
  endfacet
  facet normal 0.000000e+00 0.000000e+00 -1.000000e+00
    outer loop
      vertex   -1.000000e+01 6.000000e+01 -1.290000e+02
      vertex   -1.750000e+01 2.827792e+01 -1.290000e+02
      vertex   -1.750000e+01 4.580385e+01 -1.290000e+02
    endloop
  endfacet
  facet normal 0.000000e+00 0.000000e+00 -1.000000e+00
    outer loop
      vertex   -1.000000e+01 6.000000e+01 -1.290000e+02
      vertex   -1.750000e+01 4.580385e+01 -1.290000e+02
      vertex   -1.755726e+01 4.627900e+01 -1.290000e+02
    endloop
  endfacet
  facet normal 0.000000e+00 -0.000000e+00 -1.000000e+00
    outer loop
      vertex   -3.920000e+01 3.565524e+01 -1.290000e+02
      vertex   -3.886863e+01 3.590951e+01 -1.290000e+02
      vertex   -4.000000e+01 2.954089e+01 -1.290000e+02
    endloop
  endfacet
  facet normal 0.000000e+00 0.000000e+00 -1.000000e+00
    outer loop
      vertex   -3.250000e+01 3.561125e+01 -1.290000e+02
      vertex   -3.840000e+01 3.704089e+01 -1.290000e+02
      vertex   -3.250000e+01 3.847052e+01 -1.290000e+02
    endloop
  endfacet
  facet normal 0.000000e+00 0.000000e+00 -1.000000e+00
    outer loop
      vertex   -3.250000e+01 3.847052e+01 -1.290000e+02
      vertex   -3.840000e+01 3.704089e+01 -1.290000e+02
      vertex   -3.845452e+01 3.745500e+01 -1.290000e+02
    endloop
  endfacet
  facet normal 0.000000e+00 0.000000e+00 -1.000000e+00
    outer loop
      vertex   -3.250000e+01 3.847052e+01 -1.290000e+02
      vertex   -3.845452e+01 3.745500e+01 -1.290000e+02
      vertex   -3.861436e+01 3.784089e+01 -1.290000e+02
    endloop
  endfacet
  facet normal -0.000000e+00 0.000000e+00 -1.000000e+00
    outer loop
      vertex   -3.250000e+01 3.847052e+01 -1.290000e+02
      vertex   -3.861436e+01 3.784089e+01 -1.290000e+02
      vertex   -3.243994e+01 3.895699e+01 -1.290000e+02
    endloop
  endfacet
  facet normal 0.000000e+00 0.000000e+00 -1.000000e+00
    outer loop
      vertex   -3.243994e+01 3.895699e+01 -1.290000e+02
      vertex   -3.861436e+01 3.784089e+01 -1.290000e+02
      vertex   -3.886863e+01 3.817226e+01 -1.290000e+02
    endloop
  endfacet
  facet normal 0.000000e+00 -0.000000e+00 -1.000000e+00
    outer loop
      vertex   -2.808666e+01 1.000369e+02 -1.290000e+02
      vertex   -1.904333e+01 9.103692e+01 -1.290000e+02
      vertex   -2.808666e+01 8.803692e+01 -1.290000e+02
    endloop
  endfacet
  facet normal 0.000000e+00 0.000000e+00 -1.000000e+00
    outer loop
      vertex   -2.808666e+01 8.803692e+01 -1.290000e+02
      vertex   -1.904333e+01 9.103692e+01 -1.290000e+02
      vertex   -1.897518e+01 9.051928e+01 -1.290000e+02
    endloop
  endfacet
  facet normal 0.000000e+00 0.000000e+00 -1.000000e+00
    outer loop
      vertex   -2.808666e+01 8.803692e+01 -1.290000e+02
      vertex   -1.897518e+01 9.051928e+01 -1.290000e+02
      vertex   -1.877538e+01 9.003692e+01 -1.290000e+02
    endloop
  endfacet
  facet normal 0.000000e+00 0.000000e+00 -1.000000e+00
    outer loop
      vertex   -2.813777e+01 1.004251e+02 -1.290000e+02
      vertex   -1.877538e+01 9.803692e+01 -1.290000e+02
      vertex   -2.808666e+01 1.000369e+02 -1.290000e+02
    endloop
  endfacet
  facet normal 0.000000e+00 0.000000e+00 -1.000000e+00
    outer loop
      vertex   -2.808666e+01 1.000369e+02 -1.290000e+02
      vertex   -1.877538e+01 9.803692e+01 -1.290000e+02
      vertex   -1.897518e+01 9.755456e+01 -1.290000e+02
    endloop
  endfacet
  facet normal 0.000000e+00 0.000000e+00 -1.000000e+00
    outer loop
      vertex   -2.808666e+01 1.000369e+02 -1.290000e+02
      vertex   -1.897518e+01 9.755456e+01 -1.290000e+02
      vertex   -1.904333e+01 9.703692e+01 -1.290000e+02
    endloop
  endfacet
  facet normal 0.000000e+00 0.000000e+00 -1.000000e+00
    outer loop
      vertex   -1.877538e+01 9.803692e+01 -1.290000e+02
      vertex   -2.813777e+01 1.004251e+02 -1.290000e+02
      vertex   -1.845754e+01 9.845113e+01 -1.290000e+02
    endloop
  endfacet
  facet normal 0.000000e+00 0.000000e+00 -1.000000e+00
    outer loop
      vertex   -1.845754e+01 9.845113e+01 -1.290000e+02
      vertex   -2.813777e+01 1.004251e+02 -1.290000e+02
      vertex   -2.828762e+01 1.007869e+02 -1.290000e+02
    endloop
  endfacet
  facet normal 0.000000e+00 0.000000e+00 -1.000000e+00
    outer loop
      vertex   -1.845754e+01 9.845113e+01 -1.290000e+02
      vertex   -2.828762e+01 1.007869e+02 -1.290000e+02
      vertex   -1.804333e+01 9.876897e+01 -1.290000e+02
    endloop
  endfacet
  facet normal 0.000000e+00 0.000000e+00 -1.000000e+00
    outer loop
      vertex   -1.804333e+01 9.876897e+01 -1.290000e+02
      vertex   -2.828762e+01 1.007869e+02 -1.290000e+02
      vertex   -2.852600e+01 1.010976e+02 -1.290000e+02
    endloop
  endfacet
  facet normal 0.000000e+00 0.000000e+00 -1.000000e+00
    outer loop
      vertex   -1.804333e+01 9.876897e+01 -1.290000e+02
      vertex   -2.852600e+01 1.010976e+02 -1.290000e+02
      vertex   -1.756097e+01 9.896877e+01 -1.290000e+02
    endloop
  endfacet
  facet normal 0.000000e+00 0.000000e+00 -1.000000e+00
    outer loop
      vertex   -1.756097e+01 9.896877e+01 -1.290000e+02
      vertex   -2.852600e+01 1.010976e+02 -1.290000e+02
      vertex   -2.883666e+01 1.013360e+02 -1.290000e+02
    endloop
  endfacet
  facet normal -1.868353e-16 -8.899582e-16 -1.000000e+00
    outer loop
      vertex   -1.756097e+01 9.896877e+01 -1.290000e+02
      vertex   -2.883666e+01 1.013360e+02 -1.290000e+02
      vertex   -1.744605e+01 1.308807e+02 -1.290000e+02
    endloop
  endfacet
  facet normal 9.211744e-15 3.815629e-15 -1.000000e+00
    outer loop
      vertex   -3.450587e+01 1.068503e+02 -1.290000e+02
      vertex   -2.919843e+01 1.014858e+02 -1.290000e+02
      vertex   -3.434603e+01 1.064645e+02 -1.290000e+02
    endloop
  endfacet
  facet normal 8.387409e-14 8.101170e-14 -1.000000e+00
    outer loop
      vertex   -3.434603e+01 1.064645e+02 -1.290000e+02
      vertex   -2.919843e+01 1.014858e+02 -1.290000e+02
      vertex   -2.958666e+01 1.015369e+02 -1.290000e+02
    endloop
  endfacet
  facet normal 0.000000e+00 0.000000e+00 -1.000000e+00
    outer loop
      vertex   -3.434603e+01 1.064645e+02 -1.290000e+02
      vertex   -2.958666e+01 1.015369e+02 -1.290000e+02
      vertex   -3.429151e+01 1.060503e+02 -1.290000e+02
    endloop
  endfacet
  facet normal 0.000000e+00 0.000000e+00 -1.000000e+00
    outer loop
      vertex   -3.429151e+01 1.060503e+02 -1.290000e+02
      vertex   -2.958666e+01 1.015369e+02 -1.290000e+02
      vertex   -3.033666e+01 1.015369e+02 -1.290000e+02
    endloop
  endfacet
  facet normal 0.000000e+00 -0.000000e+00 -1.000000e+00
    outer loop
      vertex   -3.429151e+01 1.060503e+02 -1.290000e+02
      vertex   -3.033666e+01 1.015369e+02 -1.290000e+02
      vertex   -3.434603e+01 1.056362e+02 -1.290000e+02
    endloop
  endfacet
  facet normal -6.485741e-14 -6.343438e-14 -1.000000e+00
    outer loop
      vertex   -3.434603e+01 1.056362e+02 -1.290000e+02
      vertex   -3.033666e+01 1.015369e+02 -1.290000e+02
      vertex   -3.072489e+01 1.014858e+02 -1.290000e+02
    endloop
  endfacet
  facet normal 2.083526e-15 -5.030077e-15 -1.000000e+00
    outer loop
      vertex   -3.434603e+01 1.056362e+02 -1.290000e+02
      vertex   -3.072489e+01 1.014858e+02 -1.290000e+02
      vertex   -3.108666e+01 1.013360e+02 -1.290000e+02
    endloop
  endfacet
  facet normal 5.638551e-15 -2.335564e-15 -1.000000e+00
    outer loop
      vertex   -3.434603e+01 1.056362e+02 -1.290000e+02
      vertex   -3.108666e+01 1.013360e+02 -1.290000e+02
      vertex   -3.450587e+01 1.052503e+02 -1.290000e+02
    endloop
  endfacet
  facet normal 3.335669e-15 -4.347129e-15 -1.000000e+00
    outer loop
      vertex   -3.450587e+01 1.052503e+02 -1.290000e+02
      vertex   -3.108666e+01 1.013360e+02 -1.290000e+02
      vertex   -3.139732e+01 1.010976e+02 -1.290000e+02
    endloop
  endfacet
  facet normal 4.514907e-15 -3.464410e-15 -1.000000e+00
    outer loop
      vertex   -3.450587e+01 1.052503e+02 -1.290000e+02
      vertex   -3.139732e+01 1.010976e+02 -1.290000e+02
      vertex   -3.476014e+01 1.049190e+02 -1.290000e+02
    endloop
  endfacet
  facet normal 4.514907e-15 -3.464410e-15 -1.000000e+00
    outer loop
      vertex   -3.476014e+01 1.049190e+02 -1.290000e+02
      vertex   -3.139732e+01 1.010976e+02 -1.290000e+02
      vertex   -3.163570e+01 1.007869e+02 -1.290000e+02
    endloop
  endfacet
  facet normal 3.340020e-15 -4.352799e-15 -1.000000e+00
    outer loop
      vertex   -3.476014e+01 1.049190e+02 -1.290000e+02
      vertex   -3.163570e+01 1.007869e+02 -1.290000e+02
      vertex   -3.509151e+01 1.046647e+02 -1.290000e+02
    endloop
  endfacet
  facet normal 5.614668e-15 -2.325672e-15 -1.000000e+00
    outer loop
      vertex   -3.509151e+01 1.046647e+02 -1.290000e+02
      vertex   -3.163570e+01 1.007869e+02 -1.290000e+02
      vertex   -3.178555e+01 1.004251e+02 -1.290000e+02
    endloop
  endfacet
  facet normal 2.098913e-15 -5.067224e-15 -1.000000e+00
    outer loop
      vertex   -3.509151e+01 1.046647e+02 -1.290000e+02
      vertex   -3.178555e+01 1.004251e+02 -1.290000e+02
      vertex   -3.547740e+01 1.045049e+02 -1.290000e+02
    endloop
  endfacet
  facet normal 6.720734e-15 -8.848014e-16 -1.000000e+00
    outer loop
      vertex   -3.547740e+01 1.045049e+02 -1.290000e+02
      vertex   -3.178555e+01 1.004251e+02 -1.290000e+02
      vertex   -3.183666e+01 1.000369e+02 -1.290000e+02
    endloop
  endfacet
  facet normal 7.563362e-16 -5.744943e-15 -1.000000e+00
    outer loop
      vertex   -3.547740e+01 1.045049e+02 -1.290000e+02
      vertex   -3.183666e+01 1.000369e+02 -1.290000e+02
      vertex   -3.589151e+01 1.044503e+02 -1.290000e+02
    endloop
  endfacet
  facet normal -9.644797e-16 -7.325951e-15 -1.000000e+00
    outer loop
      vertex   -3.589151e+01 1.044503e+02 -1.290000e+02
      vertex   -3.183666e+01 1.000369e+02 -1.290000e+02
      vertex   -3.630562e+01 1.045049e+02 -1.290000e+02
    endloop
  endfacet
  facet normal -4.498810e-15 -1.086109e-14 -1.000000e+00
    outer loop
      vertex   -3.630562e+01 1.045049e+02 -1.290000e+02
      vertex   -3.183666e+01 1.000369e+02 -1.290000e+02
      vertex   -3.669151e+01 1.046647e+02 -1.290000e+02
    endloop
  endfacet
  facet normal 5.854288e-15 0.000000e+00 -1.000000e+00
    outer loop
      vertex   -3.669151e+01 1.046647e+02 -1.290000e+02
      vertex   -3.183666e+01 1.000369e+02 -1.290000e+02
      vertex   -3.183666e+01 8.803692e+01 -1.290000e+02
    endloop
  endfacet
  facet normal 1.671808e-14 2.200976e-15 -1.000000e+00
    outer loop
      vertex   -3.183666e+01 8.803692e+01 -1.290000e+02
      vertex   -3.178555e+01 8.764869e+01 -1.290000e+02
      vertex   -3.243028e+01 7.963269e+01 -1.290000e+02
    endloop
  endfacet
  facet normal -1.062254e-14 4.400002e-15 -1.000000e+00
    outer loop
      vertex   -3.243028e+01 7.963269e+01 -1.290000e+02
      vertex   -3.178555e+01 8.764869e+01 -1.290000e+02
      vertex   -3.217054e+01 8.025976e+01 -1.290000e+02
    endloop
  endfacet
  facet normal 8.248732e-15 3.416736e-15 -1.000000e+00
    outer loop
      vertex   -3.217054e+01 8.025976e+01 -1.290000e+02
      vertex   -3.178555e+01 8.764869e+01 -1.290000e+02
      vertex   -3.163570e+01 8.728692e+01 -1.290000e+02
    endloop
  endfacet
  facet normal -5.851357e-15 4.489904e-15 -1.000000e+00
    outer loop
      vertex   -3.217054e+01 8.025976e+01 -1.290000e+02
      vertex   -3.163570e+01 8.728692e+01 -1.290000e+02
      vertex   -3.175735e+01 8.079824e+01 -1.290000e+02
    endloop
  endfacet
  facet normal 5.572238e-15 4.275728e-15 -1.000000e+00
    outer loop
      vertex   -3.175735e+01 8.079824e+01 -1.290000e+02
      vertex   -3.163570e+01 8.728692e+01 -1.290000e+02
      vertex   -3.139732e+01 8.697626e+01 -1.290000e+02
    endloop
  endfacet
  facet normal -3.695297e-15 4.815805e-15 -1.000000e+00
    outer loop
      vertex   -3.175735e+01 8.079824e+01 -1.290000e+02
      vertex   -3.139732e+01 8.697626e+01 -1.290000e+02
      vertex   -3.121887e+01 8.121143e+01 -1.290000e+02
    endloop
  endfacet
  facet normal 3.875110e-15 5.050141e-15 -1.000000e+00
    outer loop
      vertex   -3.121887e+01 8.121143e+01 -1.290000e+02
      vertex   -3.139732e+01 8.697626e+01 -1.290000e+02
      vertex   -3.108666e+01 8.673788e+01 -1.290000e+02
    endloop
  endfacet
  facet normal 2.109335e-15 5.092386e-15 -1.000000e+00
    outer loop
      vertex   -3.121887e+01 8.121143e+01 -1.290000e+02
      vertex   -3.108666e+01 8.673788e+01 -1.290000e+02
      vertex   -3.072489e+01 8.658803e+01 -1.290000e+02
    endloop
  endfacet
  facet normal -2.276235e-15 5.495318e-15 -1.000000e+00
    outer loop
      vertex   -3.121887e+01 8.121143e+01 -1.290000e+02
      vertex   -3.072489e+01 8.658803e+01 -1.290000e+02
      vertex   -3.059180e+01 8.147117e+01 -1.290000e+02
    endloop
  endfacet
  facet normal 7.337791e-16 5.573606e-15 -1.000000e+00
    outer loop
      vertex   -3.059180e+01 8.147117e+01 -1.290000e+02
      vertex   -3.072489e+01 8.658803e+01 -1.290000e+02
      vertex   -3.033666e+01 8.653692e+01 -1.290000e+02
    endloop
  endfacet
  facet normal -7.435753e-16 5.648015e-15 -1.000000e+00
    outer loop
      vertex   -3.059180e+01 8.147117e+01 -1.290000e+02
      vertex   -3.033666e+01 8.653692e+01 -1.290000e+02
      vertex   -2.991887e+01 8.155976e+01 -1.290000e+02
    endloop
  endfacet
  facet normal 0.000000e+00 5.710431e-15 -1.000000e+00
    outer loop
      vertex   -2.991887e+01 8.155976e+01 -1.290000e+02
      vertex   -3.033666e+01 8.653692e+01 -1.290000e+02
      vertex   -2.958666e+01 8.653692e+01 -1.290000e+02
    endloop
  endfacet
  facet normal 7.452437e-16 5.660688e-15 -1.000000e+00
    outer loop
      vertex   -2.991887e+01 8.155976e+01 -1.290000e+02
      vertex   -2.958666e+01 8.653692e+01 -1.290000e+02
      vertex   -2.924594e+01 8.147117e+01 -1.290000e+02
    endloop
  endfacet
  facet normal -7.321616e-16 5.561320e-15 -1.000000e+00
    outer loop
      vertex   -2.924594e+01 8.147117e+01 -1.290000e+02
      vertex   -2.958666e+01 8.653692e+01 -1.290000e+02
      vertex   -2.919843e+01 8.658803e+01 -1.290000e+02
    endloop
  endfacet
  facet normal -2.309641e-15 5.575967e-15 -1.000000e+00
    outer loop
      vertex   -2.924594e+01 8.147117e+01 -1.290000e+02
      vertex   -2.919843e+01 8.658803e+01 -1.290000e+02
      vertex   -2.883666e+01 8.673788e+01 -1.290000e+02
    endloop
  endfacet
  facet normal 2.165587e-15 5.228190e-15 -1.000000e+00
    outer loop
      vertex   -2.924594e+01 8.147117e+01 -1.290000e+02
      vertex   -2.883666e+01 8.673788e+01 -1.290000e+02
      vertex   -2.861887e+01 8.121143e+01 -1.290000e+02
    endloop
  endfacet
  facet normal -3.830420e-15 4.991900e-15 -1.000000e+00
    outer loop
      vertex   -2.861887e+01 8.121143e+01 -1.290000e+02
      vertex   -2.883666e+01 8.673788e+01 -1.290000e+02
      vertex   -2.852600e+01 8.697626e+01 -1.290000e+02
    endloop
  endfacet
  facet normal 3.736873e-15 4.869987e-15 -1.000000e+00
    outer loop
      vertex   -2.861887e+01 8.121143e+01 -1.290000e+02
      vertex   -2.852600e+01 8.697626e+01 -1.290000e+02
      vertex   -2.808039e+01 8.079824e+01 -1.290000e+02
    endloop
  endfacet
  facet normal -5.480295e-15 4.205178e-15 -1.000000e+00
    outer loop
      vertex   -2.808039e+01 8.079824e+01 -1.290000e+02
      vertex   -2.852600e+01 8.697626e+01 -1.290000e+02
      vertex   -2.828762e+01 8.728692e+01 -1.290000e+02
    endloop
  endfacet
  facet normal 5.956291e-15 4.570423e-15 -1.000000e+00
    outer loop
      vertex   -2.808039e+01 8.079824e+01 -1.290000e+02
      vertex   -2.828762e+01 8.728692e+01 -1.290000e+02
      vertex   -2.766721e+01 8.025976e+01 -1.290000e+02
    endloop
  endfacet
  facet normal -9.413044e-16 3.961447e-15 -1.000000e+00
    outer loop
      vertex   -2.766721e+01 8.025976e+01 -1.290000e+02
      vertex   -2.828762e+01 8.728692e+01 -1.290000e+02
      vertex   -1.845754e+01 8.962271e+01 -1.290000e+02
    endloop
  endfacet
  facet normal 1.327392e-15 1.729891e-15 -1.000000e+00
    outer loop
      vertex   -2.766721e+01 8.025976e+01 -1.290000e+02
      vertex   -1.845754e+01 8.962271e+01 -1.290000e+02
      vertex   -1.804333e+01 8.930487e+01 -1.290000e+02
    endloop
  endfacet
  facet normal 0.000000e+00 0.000000e+00 -1.000000e+00
    outer loop
      vertex   -2.828762e+01 8.728692e+01 -1.290000e+02
      vertex   -2.813777e+01 8.764869e+01 -1.290000e+02
      vertex   -1.845754e+01 8.962271e+01 -1.290000e+02
    endloop
  endfacet
  facet normal -0.000000e+00 0.000000e+00 -1.000000e+00
    outer loop
      vertex   -1.845754e+01 8.962271e+01 -1.290000e+02
      vertex   -2.813777e+01 8.764869e+01 -1.290000e+02
      vertex   -1.877538e+01 9.003692e+01 -1.290000e+02
    endloop
  endfacet
  facet normal 0.000000e+00 0.000000e+00 -1.000000e+00
    outer loop
      vertex   -1.877538e+01 9.003692e+01 -1.290000e+02
      vertex   -2.813777e+01 8.764869e+01 -1.290000e+02
      vertex   -2.808666e+01 8.803692e+01 -1.290000e+02
    endloop
  endfacet
  facet normal 2.125706e-15 8.804961e-16 -1.000000e+00
    outer loop
      vertex   -2.766721e+01 8.025976e+01 -1.290000e+02
      vertex   -1.804333e+01 8.930487e+01 -1.290000e+02
      vertex   -2.740746e+01 7.963269e+01 -1.290000e+02
    endloop
  endfacet
  facet normal 8.687713e-16 2.097399e-15 -1.000000e+00
    outer loop
      vertex   -2.740746e+01 7.963269e+01 -1.290000e+02
      vertex   -1.804333e+01 8.930487e+01 -1.290000e+02
      vertex   -1.756097e+01 8.910507e+01 -1.290000e+02
    endloop
  endfacet
  facet normal 2.562001e-15 3.372938e-16 -1.000000e+00
    outer loop
      vertex   -2.740746e+01 7.963269e+01 -1.290000e+02
      vertex   -1.756097e+01 8.910507e+01 -1.290000e+02
      vertex   -2.731887e+01 7.895976e+01 -1.290000e+02
    endloop
  endfacet
  facet normal 3.273668e-16 2.486598e-15 -1.000000e+00
    outer loop
      vertex   -2.731887e+01 7.895976e+01 -1.290000e+02
      vertex   -1.756097e+01 8.910507e+01 -1.290000e+02
      vertex   -1.704333e+01 8.903692e+01 -1.290000e+02
    endloop
  endfacet
  facet normal 3.176014e-15 -4.181302e-16 -1.000000e+00
    outer loop
      vertex   -2.731887e+01 7.895976e+01 -1.290000e+02
      vertex   -1.704333e+01 8.903692e+01 -1.290000e+02
      vertex   -2.740746e+01 7.828684e+01 -1.290000e+02
    endloop
  endfacet
  facet normal -1.881052e-16 -1.653758e-15 -1.000000e+00
    outer loop
      vertex   -4.026406e+00 1.150000e+02 -1.290000e+02
      vertex   -9.629115e+00 9.845113e+01 -1.290000e+02
      vertex   -4.475572e+00 1.150511e+02 -1.290000e+02
    endloop
  endfacet
  facet normal -1.061025e-15 -1.382755e-15 -1.000000e+00
    outer loop
      vertex   -4.475572e+00 1.150511e+02 -1.290000e+02
      vertex   -9.629115e+00 9.845113e+01 -1.290000e+02
      vertex   -1.004333e+01 9.876897e+01 -1.290000e+02
    endloop
  endfacet
  facet normal -5.504878e-16 -1.557336e-15 -1.000000e+00
    outer loop
      vertex   -4.475572e+00 1.150511e+02 -1.290000e+02
      vertex   -1.004333e+01 9.876897e+01 -1.290000e+02
      vertex   -4.901789e+00 1.152017e+02 -1.290000e+02
    endloop
  endfacet
  facet normal -6.342182e-16 -1.531138e-15 -1.000000e+00
    outer loop
      vertex   -4.901789e+00 1.152017e+02 -1.290000e+02
      vertex   -1.004333e+01 9.876897e+01 -1.290000e+02
      vertex   -1.052569e+01 9.896877e+01 -1.290000e+02
    endloop
  endfacet
  facet normal -9.121860e-16 -1.434836e-15 -1.000000e+00
    outer loop
      vertex   -4.901789e+00 1.152017e+02 -1.290000e+02
      vertex   -1.052569e+01 9.896877e+01 -1.290000e+02
      vertex   -5.283283e+00 1.154443e+02 -1.290000e+02
    endloop
  endfacet
  facet normal -2.179808e-16 -1.655728e-15 -1.000000e+00
    outer loop
      vertex   -5.283283e+00 1.154443e+02 -1.290000e+02
      vertex   -1.052569e+01 9.896877e+01 -1.290000e+02
      vertex   -1.104333e+01 9.903692e+01 -1.290000e+02
    endloop
  endfacet
  facet normal -1.296241e-15 -1.277189e-15 -1.000000e+00
    outer loop
      vertex   -5.283283e+00 1.154443e+02 -1.290000e+02
      vertex   -1.104333e+01 9.903692e+01 -1.290000e+02
      vertex   -5.600564e+00 1.157663e+02 -1.290000e+02
    endloop
  endfacet
  facet normal 0.000000e+00 -1.698911e-15 -1.000000e+00
    outer loop
      vertex   -5.600564e+00 1.157663e+02 -1.290000e+02
      vertex   -1.104333e+01 9.903692e+01 -1.290000e+02
      vertex   -1.704333e+01 9.903692e+01 -1.290000e+02
    endloop
  endfacet
  facet normal 2.457999e-16 -1.867036e-15 -1.000000e+00
    outer loop
      vertex   -5.600564e+00 1.157663e+02 -1.290000e+02
      vertex   -1.704333e+01 9.903692e+01 -1.290000e+02
      vertex   -1.756097e+01 9.896877e+01 -1.290000e+02
    endloop
  endfacet
  facet normal -0.000000e+00 -0.000000e+00 -1.000000e+00
    outer loop
      vertex   -1.904333e+01 9.703692e+01 -1.290000e+02
      vertex   -1.904333e+01 9.103692e+01 -1.290000e+02
      vertex   -2.808666e+01 1.000369e+02 -1.290000e+02
    endloop
  endfacet
  facet normal 0.000000e+00 -0.000000e+00 -1.000000e+00
    outer loop
      vertex   -3.227424e+01 4.735483e+01 -1.290000e+02
      vertex   -3.200414e+01 4.695975e+01 -1.290000e+02
      vertex   -4.000000e+01 4.454089e+01 -1.290000e+02
    endloop
  endfacet
  facet normal 0.000000e+00 0.000000e+00 -1.000000e+00
    outer loop
      vertex   -4.000000e+01 4.454089e+01 -1.290000e+02
      vertex   -3.200414e+01 4.695975e+01 -1.290000e+02
      vertex   -3.198085e+01 3.981480e+01 -1.290000e+02
    endloop
  endfacet
  facet normal 0.000000e+00 0.000000e+00 -1.000000e+00
    outer loop
      vertex   -4.000000e+01 4.454089e+01 -1.290000e+02
      vertex   -3.198085e+01 3.981480e+01 -1.290000e+02
      vertex   -3.226335e+01 3.941423e+01 -1.290000e+02
    endloop
  endfacet
  facet normal 0.000000e+00 0.000000e+00 -1.000000e+00
    outer loop
      vertex   -3.200414e+01 4.695975e+01 -1.290000e+02
      vertex   -3.164791e+01 4.664015e+01 -1.290000e+02
      vertex   -3.198085e+01 3.981480e+01 -1.290000e+02
    endloop
  endfacet
  facet normal 0.000000e+00 0.000000e+00 -1.000000e+00
    outer loop
      vertex   -3.198085e+01 3.981480e+01 -1.290000e+02
      vertex   -3.164791e+01 4.664015e+01 -1.290000e+02
      vertex   -3.160940e+01 4.013462e+01 -1.290000e+02
    endloop
  endfacet
  facet normal 0.000000e+00 0.000000e+00 -1.000000e+00
    outer loop
      vertex   -3.160940e+01 4.013462e+01 -1.290000e+02
      vertex   -3.164791e+01 4.664015e+01 -1.290000e+02
      vertex   -3.122596e+01 4.641433e+01 -1.290000e+02
    endloop
  endfacet
  facet normal 0.000000e+00 0.000000e+00 -1.000000e+00
    outer loop
      vertex   -3.160940e+01 4.013462e+01 -1.290000e+02
      vertex   -3.122596e+01 4.641433e+01 -1.290000e+02
      vertex   -3.076244e+01 4.629521e+01 -1.290000e+02
    endloop
  endfacet
  facet normal 0.000000e+00 -0.000000e+00 -1.000000e+00
    outer loop
      vertex   -3.076244e+01 4.629521e+01 -1.290000e+02
      vertex   -3.028388e+01 4.628963e+01 -1.290000e+02
      vertex   -3.160940e+01 4.013462e+01 -1.290000e+02
    endloop
  endfacet
  facet normal 0.000000e+00 0.000000e+00 -1.000000e+00
    outer loop
      vertex   -3.160940e+01 4.013462e+01 -1.290000e+02
      vertex   -3.028388e+01 4.628963e+01 -1.290000e+02
      vertex   -2.981771e+01 4.639790e+01 -1.290000e+02
    endloop
  endfacet
  facet normal 0.000000e+00 0.000000e+00 -1.000000e+00
    outer loop
      vertex   -3.160940e+01 4.013462e+01 -1.290000e+02
      vertex   -2.981771e+01 4.639790e+01 -1.290000e+02
      vertex   -2.939060e+01 4.661382e+01 -1.290000e+02
    endloop
  endfacet
  facet normal 0.000000e+00 0.000000e+00 -1.000000e+00
    outer loop
      vertex   -3.160940e+01 4.013462e+01 -1.290000e+02
      vertex   -2.939060e+01 4.661382e+01 -1.290000e+02
      vertex   -2.060940e+01 4.746795e+01 -1.290000e+02
    endloop
  endfacet
  facet normal -0.000000e+00 0.000000e+00 -1.000000e+00
    outer loop
      vertex   -2.060940e+01 4.746795e+01 -1.290000e+02
      vertex   -2.939060e+01 4.661382e+01 -1.290000e+02
      vertex   -1.839060e+01 5.394715e+01 -1.290000e+02
    endloop
  endfacet
  facet normal 0.000000e+00 0.000000e+00 -1.000000e+00
    outer loop
      vertex   -2.060940e+01 4.746795e+01 -1.290000e+02
      vertex   -1.839060e+01 5.394715e+01 -1.290000e+02
      vertex   -2.018229e+01 4.768387e+01 -1.290000e+02
    endloop
  endfacet
  facet normal 0.000000e+00 0.000000e+00 -1.000000e+00
    outer loop
      vertex   -2.018229e+01 4.768387e+01 -1.290000e+02
      vertex   -1.839060e+01 5.394715e+01 -1.290000e+02
      vertex   -1.971612e+01 4.779214e+01 -1.290000e+02
    endloop
  endfacet
  facet normal 0.000000e+00 0.000000e+00 -1.000000e+00
    outer loop
      vertex   -1.971612e+01 4.779214e+01 -1.290000e+02
      vertex   -1.839060e+01 5.394715e+01 -1.290000e+02
      vertex   -1.923756e+01 4.778656e+01 -1.290000e+02
    endloop
  endfacet
  facet normal 0.000000e+00 0.000000e+00 -1.000000e+00
    outer loop
      vertex   -1.923756e+01 4.778656e+01 -1.290000e+02
      vertex   -1.839060e+01 5.394715e+01 -1.290000e+02
      vertex   -1.877404e+01 4.766745e+01 -1.290000e+02
    endloop
  endfacet
  facet normal 0.000000e+00 0.000000e+00 -1.000000e+00
    outer loop
      vertex   -1.877404e+01 4.766745e+01 -1.290000e+02
      vertex   -1.839060e+01 5.394715e+01 -1.290000e+02
      vertex   -1.835209e+01 4.744162e+01 -1.290000e+02
    endloop
  endfacet
  facet normal 0.000000e+00 0.000000e+00 -1.000000e+00
    outer loop
      vertex   -1.835209e+01 4.744162e+01 -1.290000e+02
      vertex   -1.839060e+01 5.394715e+01 -1.290000e+02
      vertex   -1.801915e+01 5.426697e+01 -1.290000e+02
    endloop
  endfacet
  facet normal 0.000000e+00 0.000000e+00 -1.000000e+00
    outer loop
      vertex   -1.835209e+01 4.744162e+01 -1.290000e+02
      vertex   -1.801915e+01 5.426697e+01 -1.290000e+02
      vertex   -1.799586e+01 4.712202e+01 -1.290000e+02
    endloop
  endfacet
  facet normal 0.000000e+00 0.000000e+00 -1.000000e+00
    outer loop
      vertex   -1.799586e+01 4.712202e+01 -1.290000e+02
      vertex   -1.801915e+01 5.426697e+01 -1.290000e+02
      vertex   -1.773665e+01 5.466754e+01 -1.290000e+02
    endloop
  endfacet
  facet normal 0.000000e+00 0.000000e+00 -1.000000e+00
    outer loop
      vertex   -1.799586e+01 4.712202e+01 -1.290000e+02
      vertex   -1.773665e+01 5.466754e+01 -1.290000e+02
      vertex   -1.772576e+01 4.672694e+01 -1.290000e+02
    endloop
  endfacet
  facet normal 0.000000e+00 0.000000e+00 -1.000000e+00
    outer loop
      vertex   -1.772576e+01 4.672694e+01 -1.290000e+02
      vertex   -1.773665e+01 5.466754e+01 -1.290000e+02
      vertex   -1.000000e+01 6.000000e+01 -1.290000e+02
    endloop
  endfacet
  facet normal 0.000000e+00 0.000000e+00 -1.000000e+00
    outer loop
      vertex   -1.772576e+01 4.672694e+01 -1.290000e+02
      vertex   -1.000000e+01 6.000000e+01 -1.290000e+02
      vertex   -1.755726e+01 4.627900e+01 -1.290000e+02
    endloop
  endfacet
  facet normal 0.000000e+00 0.000000e+00 -1.000000e+00
    outer loop
      vertex   -1.773665e+01 5.466754e+01 -1.290000e+02
      vertex   -1.756006e+01 5.512479e+01 -1.290000e+02
      vertex   -1.000000e+01 6.000000e+01 -1.290000e+02
    endloop
  endfacet
  facet normal 0.000000e+00 0.000000e+00 -1.000000e+00
    outer loop
      vertex   -1.000000e+01 6.000000e+01 -1.290000e+02
      vertex   -1.756006e+01 5.512479e+01 -1.290000e+02
      vertex   -1.750000e+01 5.561125e+01 -1.290000e+02
    endloop
  endfacet
  facet normal -0.000000e+00 0.000000e+00 -1.000000e+00
    outer loop
      vertex   -1.000000e+01 6.000000e+01 -1.290000e+02
      vertex   -1.750000e+01 5.561125e+01 -1.290000e+02
      vertex   -1.750000e+01 6.254089e+01 -1.290000e+02
    endloop
  endfacet
  facet normal 0.000000e+00 0.000000e+00 -1.000000e+00
    outer loop
      vertex   -1.750000e+01 6.254089e+01 -1.290000e+02
      vertex   -1.756815e+01 6.305852e+01 -1.290000e+02
      vertex   -1.000000e+01 6.000000e+01 -1.290000e+02
    endloop
  endfacet
  facet normal 0.000000e+00 0.000000e+00 -1.000000e+00
    outer loop
      vertex   -1.000000e+01 6.000000e+01 -1.290000e+02
      vertex   -1.756815e+01 6.305852e+01 -1.290000e+02
      vertex   -1.776795e+01 6.354089e+01 -1.290000e+02
    endloop
  endfacet
  facet normal 0.000000e+00 0.000000e+00 -1.000000e+00
    outer loop
      vertex   -1.000000e+01 6.000000e+01 -1.290000e+02
      vertex   -1.776795e+01 6.354089e+01 -1.290000e+02
      vertex   -1.808579e+01 6.395510e+01 -1.290000e+02
    endloop
  endfacet
  facet normal 0.000000e+00 -0.000000e+00 -1.000000e+00
    outer loop
      vertex   -2.060940e+01 2.661382e+01 -1.290000e+02
      vertex   -2.018229e+01 2.639790e+01 -1.290000e+02
      vertex   -3.732820e+01 1.821880e+01 -1.290000e+02
    endloop
  endfacet
  facet normal 0.000000e+00 0.000000e+00 -1.000000e+00
    outer loop
      vertex   -3.732820e+01 1.821880e+01 -1.290000e+02
      vertex   -2.018229e+01 2.639790e+01 -1.290000e+02
      vertex   -1.000000e+01 5.000000e+00 -1.290000e+02
    endloop
  endfacet
  facet normal 0.000000e+00 0.000000e+00 -1.000000e+00
    outer loop
      vertex   -2.018229e+01 2.639790e+01 -1.290000e+02
      vertex   -1.971612e+01 2.628963e+01 -1.290000e+02
      vertex   -1.000000e+01 5.000000e+00 -1.290000e+02
    endloop
  endfacet
  facet normal 0.000000e+00 0.000000e+00 -1.000000e+00
    outer loop
      vertex   -1.000000e+01 5.000000e+00 -1.290000e+02
      vertex   -1.971612e+01 2.628963e+01 -1.290000e+02
      vertex   -1.923756e+01 2.629521e+01 -1.290000e+02
    endloop
  endfacet
  facet normal 0.000000e+00 0.000000e+00 -1.000000e+00
    outer loop
      vertex   -1.000000e+01 5.000000e+00 -1.290000e+02
      vertex   -1.923756e+01 2.629521e+01 -1.290000e+02
      vertex   -1.877404e+01 2.641433e+01 -1.290000e+02
    endloop
  endfacet
  facet normal 0.000000e+00 0.000000e+00 -1.000000e+00
    outer loop
      vertex   -1.877404e+01 2.641433e+01 -1.290000e+02
      vertex   -1.835209e+01 2.664015e+01 -1.290000e+02
      vertex   -1.000000e+01 5.000000e+00 -1.290000e+02
    endloop
  endfacet
  facet normal 0.000000e+00 0.000000e+00 -1.000000e+00
    outer loop
      vertex   -1.000000e+01 5.000000e+00 -1.290000e+02
      vertex   -1.835209e+01 2.664015e+01 -1.290000e+02
      vertex   -1.799586e+01 2.695975e+01 -1.290000e+02
    endloop
  endfacet
  facet normal 0.000000e+00 0.000000e+00 -1.000000e+00
    outer loop
      vertex   -1.000000e+01 5.000000e+00 -1.290000e+02
      vertex   -1.799586e+01 2.695975e+01 -1.290000e+02
      vertex   -1.772576e+01 2.735483e+01 -1.290000e+02
    endloop
  endfacet
  facet normal 0.000000e+00 0.000000e+00 -1.000000e+00
    outer loop
      vertex   -1.772576e+01 2.735483e+01 -1.290000e+02
      vertex   -1.755726e+01 2.780277e+01 -1.290000e+02
      vertex   -1.000000e+01 5.000000e+00 -1.290000e+02
    endloop
  endfacet
  facet normal 0.000000e+00 0.000000e+00 -1.000000e+00
    outer loop
      vertex   -1.000000e+01 5.000000e+00 -1.290000e+02
      vertex   -1.755726e+01 2.780277e+01 -1.290000e+02
      vertex   -1.750000e+01 2.827792e+01 -1.290000e+02
    endloop
  endfacet
  facet normal -1.131211e-15 -8.865574e-16 -1.000000e+00
    outer loop
      vertex   -1.744605e+01 1.308807e+02 -1.290000e+02
      vertex   -5.600564e+00 1.157663e+02 -1.290000e+02
      vertex   -1.756097e+01 9.896877e+01 -1.290000e+02
    endloop
  endfacet
  facet normal -0.000000e+00 0.000000e+00 -1.000000e+00
    outer loop
      vertex   -4.230562e+01 1.515049e+02 -1.290000e+02
      vertex   -6.228260e+01 1.273000e+02 -1.290000e+02
      vertex   -4.269151e+01 1.516647e+02 -1.290000e+02
    endloop
  endfacet
  facet normal 0.000000e+00 0.000000e+00 -1.000000e+00
    outer loop
      vertex   -4.269151e+01 1.516647e+02 -1.290000e+02
      vertex   -6.228260e+01 1.273000e+02 -1.290000e+02
      vertex   -6.253687e+01 1.276314e+02 -1.290000e+02
    endloop
  endfacet
  facet normal -0.000000e+00 0.000000e+00 -1.000000e+00
    outer loop
      vertex   -4.269151e+01 1.516647e+02 -1.290000e+02
      vertex   -6.253687e+01 1.276314e+02 -1.290000e+02
      vertex   -4.302288e+01 1.519190e+02 -1.290000e+02
    endloop
  endfacet
  facet normal -0.000000e+00 0.000000e+00 -1.000000e+00
    outer loop
      vertex   6.212276e+01 1.269141e+02 -1.290000e+02
      vertex   6.206824e+01 1.265000e+02 -1.290000e+02
      vertex   4.567448e+01 1.325503e+02 -1.290000e+02
    endloop
  endfacet
  facet normal 0.000000e+00 0.000000e+00 -1.000000e+00
    outer loop
      vertex   4.567448e+01 1.325503e+02 -1.290000e+02
      vertex   6.206824e+01 1.265000e+02 -1.290000e+02
      vertex   6.212276e+01 1.260859e+02 -1.290000e+02
    endloop
  endfacet
  facet normal 0.000000e+00 0.000000e+00 -1.000000e+00
    outer loop
      vertex   -4.034603e+01 1.534645e+02 -1.290000e+02
      vertex   -4.050587e+01 1.538503e+02 -1.290000e+02
      vertex   -3.183666e+01 1.560000e+02 -1.290000e+02
    endloop
  endfacet
  facet normal 0.000000e+00 0.000000e+00 -1.000000e+00
    outer loop
      vertex   -3.183666e+01 1.560000e+02 -1.290000e+02
      vertex   -4.050587e+01 1.538503e+02 -1.290000e+02
      vertex   -4.076014e+01 1.541817e+02 -1.290000e+02
    endloop
  endfacet
  facet normal 0.000000e+00 0.000000e+00 -1.000000e+00
    outer loop
      vertex   -3.183666e+01 1.560000e+02 -1.290000e+02
      vertex   -4.076014e+01 1.541817e+02 -1.290000e+02
      vertex   -4.109151e+01 1.544360e+02 -1.290000e+02
    endloop
  endfacet
  facet normal 0.000000e+00 0.000000e+00 -1.000000e+00
    outer loop
      vertex   -4.109151e+01 1.544360e+02 -1.290000e+02
      vertex   -4.147740e+01 1.545958e+02 -1.290000e+02
      vertex   -3.183666e+01 1.560000e+02 -1.290000e+02
    endloop
  endfacet
  facet normal 0.000000e+00 0.000000e+00 -1.000000e+00
    outer loop
      vertex   -3.183666e+01 1.560000e+02 -1.290000e+02
      vertex   -4.147740e+01 1.545958e+02 -1.290000e+02
      vertex   -4.189151e+01 1.546503e+02 -1.290000e+02
    endloop
  endfacet
  facet normal -0.000000e+00 0.000000e+00 -1.000000e+00
    outer loop
      vertex   -4.269151e+01 1.544360e+02 -1.290000e+02
      vertex   -4.302288e+01 1.541817e+02 -1.290000e+02
      vertex   -7.000000e+01 1.560000e+02 -1.290000e+02
    endloop
  endfacet
  facet normal 0.000000e+00 0.000000e+00 -1.000000e+00
    outer loop
      vertex   -4.076014e+01 1.519190e+02 -1.290000e+02
      vertex   -4.050587e+01 1.522503e+02 -1.290000e+02
      vertex   -3.183666e+01 1.440003e+02 -1.290000e+02
    endloop
  endfacet
  facet normal 0.000000e+00 0.000000e+00 -1.000000e+00
    outer loop
      vertex   -3.183666e+01 1.440003e+02 -1.290000e+02
      vertex   -4.050587e+01 1.522503e+02 -1.290000e+02
      vertex   -4.034603e+01 1.526362e+02 -1.290000e+02
    endloop
  endfacet
  facet normal -1.255138e-15 -3.030171e-15 -1.000000e+00
    outer loop
      vertex   4.330849e+01 1.046647e+02 -1.290000e+02
      vertex   4.369438e+01 1.045049e+02 -1.290000e+02
      vertex   3.183666e+01 1.000369e+02 -1.290000e+02
    endloop
  endfacet
  facet normal 6.401844e-01 -7.682213e-01 8.187811e-15
    outer loop
      vertex   5.500000e+01 7.750000e+01 -1.250000e+02
      vertex   4.215889e+01 6.679908e+01 -1.250000e+02
      vertex   5.500000e+01 7.750000e+01 -1.290000e+02
    endloop
  endfacet
  facet normal 6.401844e-01 -7.682213e-01 0.000000e+00
    outer loop
      vertex   5.500000e+01 7.750000e+01 -1.290000e+02
      vertex   4.215889e+01 6.679908e+01 -1.250000e+02
      vertex   4.215889e+01 6.679908e+01 -1.290000e+02
    endloop
  endfacet
  facet normal 9.892683e-01 1.461100e-01 0.000000e+00
    outer loop
      vertex   4.250928e+01 1.060000e+02 -1.250000e+02
      vertex   4.256301e+01 1.056362e+02 -1.290000e+02
      vertex   4.250928e+01 1.060000e+02 -1.270000e+02
    endloop
  endfacet
  facet normal 9.914407e-01 1.305256e-01 2.892893e-03
    outer loop
      vertex   4.250928e+01 1.060000e+02 -1.270000e+02
      vertex   4.256301e+01 1.056362e+02 -1.290000e+02
      vertex   4.250849e+01 1.060503e+02 -1.290000e+02
    endloop
  endfacet
  facet normal 9.957875e-01 -9.165165e-02 -2.701536e-03
    outer loop
      vertex   4.250928e+01 1.060000e+02 -1.270000e+02
      vertex   4.250849e+01 1.060503e+02 -1.290000e+02
      vertex   4.254534e+01 1.063918e+02 -1.270000e+02
    endloop
  endfacet
  facet normal 9.914369e-01 -1.305251e-01 4.014448e-03
    outer loop
      vertex   4.254534e+01 1.063918e+02 -1.270000e+02
      vertex   4.250849e+01 1.060503e+02 -1.290000e+02
      vertex   4.256301e+01 1.064645e+02 -1.290000e+02
    endloop
  endfacet
  facet normal 9.433192e-01 -3.318659e-01 -3.729862e-03
    outer loop
      vertex   4.254534e+01 1.063918e+02 -1.270000e+02
      vertex   4.256301e+01 1.064645e+02 -1.290000e+02
      vertex   4.267590e+01 1.067629e+02 -1.270000e+02
    endloop
  endfacet
  facet normal 9.238682e-01 -3.826787e-01 4.949468e-03
    outer loop
      vertex   4.267590e+01 1.067629e+02 -1.270000e+02
      vertex   4.256301e+01 1.064645e+02 -1.290000e+02
      vertex   4.272285e+01 1.068503e+02 -1.290000e+02
    endloop
  endfacet
  facet normal 8.338215e-01 -5.520152e-01 -4.571539e-03
    outer loop
      vertex   4.267590e+01 1.067629e+02 -1.270000e+02
      vertex   4.272285e+01 1.068503e+02 -1.290000e+02
      vertex   4.289306e+01 1.070909e+02 -1.270000e+02
    endloop
  endfacet
  facet normal 7.933405e-01 -6.087515e-01 5.697737e-03
    outer loop
      vertex   4.289306e+01 1.070909e+02 -1.270000e+02
      vertex   4.272285e+01 1.068503e+02 -1.290000e+02
      vertex   4.297712e+01 1.071817e+02 -1.290000e+02
    endloop
  endfacet
  facet normal 6.739151e-01 -7.387903e-01 -5.226375e-03
    outer loop
      vertex   4.289306e+01 1.070909e+02 -1.270000e+02
      vertex   4.297712e+01 1.071817e+02 -1.290000e+02
      vertex   4.318371e+01 1.073560e+02 -1.270000e+02
    endloop
  endfacet
  facet normal 6.087495e-01 -7.933378e-01 6.259085e-03
    outer loop
      vertex   4.318371e+01 1.073560e+02 -1.270000e+02
      vertex   4.297712e+01 1.071817e+02 -1.290000e+02
      vertex   4.330849e+01 1.074360e+02 -1.290000e+02
    endloop
  endfacet
  facet normal 4.732677e-01 -8.809003e-01 -5.694219e-03
    outer loop
      vertex   4.318371e+01 1.073560e+02 -1.270000e+02
      vertex   4.330849e+01 1.074360e+02 -1.290000e+02
      vertex   4.353027e+01 1.075422e+02 -1.270000e+02
    endloop
  endfacet
  facet normal 3.826750e-01 -9.238592e-01 6.633388e-03
    outer loop
      vertex   4.353027e+01 1.075422e+02 -1.270000e+02
      vertex   4.330849e+01 1.074360e+02 -1.290000e+02
      vertex   4.369438e+01 1.075958e+02 -1.290000e+02
    endloop
  endfacet
  facet normal 2.440094e-01 -9.697545e-01 -5.974968e-03
    outer loop
      vertex   4.353027e+01 1.075422e+02 -1.270000e+02
      vertex   4.369438e+01 1.075958e+02 -1.290000e+02
      vertex   4.391179e+01 1.076382e+02 -1.270000e+02
    endloop
  endfacet
  facet normal 1.305232e-01 -9.914218e-01 6.820560e-03
    outer loop
      vertex   4.391179e+01 1.076382e+02 -1.270000e+02
      vertex   4.369438e+01 1.075958e+02 -1.290000e+02
      vertex   4.410849e+01 1.076503e+02 -1.290000e+02
    endloop
  endfacet
  facet normal 0.000000e+00 -9.999816e-01 -6.068558e-03
    outer loop
      vertex   4.391179e+01 1.076382e+02 -1.270000e+02
      vertex   4.410849e+01 1.076503e+02 -1.290000e+02
      vertex   4.430519e+01 1.076382e+02 -1.270000e+02
    endloop
  endfacet
  facet normal -1.305232e-01 -9.914218e-01 6.820560e-03
    outer loop
      vertex   4.430519e+01 1.076382e+02 -1.270000e+02
      vertex   4.410849e+01 1.076503e+02 -1.290000e+02
      vertex   4.452260e+01 1.075958e+02 -1.290000e+02
    endloop
  endfacet
  facet normal -2.440094e-01 -9.697545e-01 -5.974968e-03
    outer loop
      vertex   4.430519e+01 1.076382e+02 -1.270000e+02
      vertex   4.452260e+01 1.075958e+02 -1.290000e+02
      vertex   4.468671e+01 1.075422e+02 -1.270000e+02
    endloop
  endfacet
  facet normal -3.826750e-01 -9.238592e-01 6.633388e-03
    outer loop
      vertex   4.468671e+01 1.075422e+02 -1.270000e+02
      vertex   4.452260e+01 1.075958e+02 -1.290000e+02
      vertex   4.490849e+01 1.074360e+02 -1.290000e+02
    endloop
  endfacet
  facet normal -4.732677e-01 -8.809003e-01 -5.694219e-03
    outer loop
      vertex   4.468671e+01 1.075422e+02 -1.270000e+02
      vertex   4.490849e+01 1.074360e+02 -1.290000e+02
      vertex   4.503326e+01 1.073560e+02 -1.270000e+02
    endloop
  endfacet
  facet normal -6.087495e-01 -7.933378e-01 6.259085e-03
    outer loop
      vertex   4.503326e+01 1.073560e+02 -1.270000e+02
      vertex   4.490849e+01 1.074360e+02 -1.290000e+02
      vertex   4.523986e+01 1.071817e+02 -1.290000e+02
    endloop
  endfacet
  facet normal -6.739151e-01 -7.387903e-01 -5.226375e-03
    outer loop
      vertex   4.503326e+01 1.073560e+02 -1.270000e+02
      vertex   4.523986e+01 1.071817e+02 -1.290000e+02
      vertex   4.532391e+01 1.070909e+02 -1.270000e+02
    endloop
  endfacet
  facet normal -7.933405e-01 -6.087515e-01 5.697737e-03
    outer loop
      vertex   4.532391e+01 1.070909e+02 -1.270000e+02
      vertex   4.523986e+01 1.071817e+02 -1.290000e+02
      vertex   4.549413e+01 1.068503e+02 -1.290000e+02
    endloop
  endfacet
  facet normal -8.338215e-01 -5.520152e-01 -4.571539e-03
    outer loop
      vertex   4.532391e+01 1.070909e+02 -1.270000e+02
      vertex   4.549413e+01 1.068503e+02 -1.290000e+02
      vertex   4.554108e+01 1.067629e+02 -1.270000e+02
    endloop
  endfacet
  facet normal -9.238682e-01 -3.826787e-01 4.949468e-03
    outer loop
      vertex   4.554108e+01 1.067629e+02 -1.270000e+02
      vertex   4.549413e+01 1.068503e+02 -1.290000e+02
      vertex   4.565397e+01 1.064645e+02 -1.290000e+02
    endloop
  endfacet
  facet normal -9.433192e-01 -3.318659e-01 -3.729862e-03
    outer loop
      vertex   4.554108e+01 1.067629e+02 -1.270000e+02
      vertex   4.565397e+01 1.064645e+02 -1.290000e+02
      vertex   4.567164e+01 1.063918e+02 -1.270000e+02
    endloop
  endfacet
  facet normal -9.914369e-01 -1.305251e-01 4.014448e-03
    outer loop
      vertex   4.567164e+01 1.063918e+02 -1.270000e+02
      vertex   4.565397e+01 1.064645e+02 -1.290000e+02
      vertex   4.570849e+01 1.060503e+02 -1.290000e+02
    endloop
  endfacet
  facet normal -9.957875e-01 -9.165165e-02 -2.701536e-03
    outer loop
      vertex   4.567164e+01 1.063918e+02 -1.270000e+02
      vertex   4.570849e+01 1.060503e+02 -1.290000e+02
      vertex   4.570770e+01 1.060000e+02 -1.270000e+02
    endloop
  endfacet
  facet normal -9.914407e-01 1.305256e-01 2.892893e-03
    outer loop
      vertex   4.570770e+01 1.060000e+02 -1.270000e+02
      vertex   4.570849e+01 1.060503e+02 -1.290000e+02
      vertex   4.565397e+01 1.056362e+02 -1.290000e+02
    endloop
  endfacet
  facet normal -9.892683e-01 1.461100e-01 0.000000e+00
    outer loop
      vertex   4.570770e+01 1.060000e+02 -1.270000e+02
      vertex   4.565397e+01 1.056362e+02 -1.290000e+02
      vertex   4.570770e+01 1.060000e+02 -1.250000e+02
    endloop
  endfacet
  facet normal -9.872667e-01 1.590690e-01 -1.205390e-03
    outer loop
      vertex   4.570770e+01 1.060000e+02 -1.250000e+02
      vertex   4.565397e+01 1.056362e+02 -1.290000e+02
      vertex   4.564258e+01 1.055959e+02 -1.250000e+02
    endloop
  endfacet
  facet normal -9.238788e-01 3.826831e-01 1.232714e-03
    outer loop
      vertex   4.564258e+01 1.055959e+02 -1.250000e+02
      vertex   4.565397e+01 1.056362e+02 -1.290000e+02
      vertex   4.549413e+01 1.052503e+02 -1.290000e+02
    endloop
  endfacet
  facet normal -9.145902e-01 4.043808e-01 -9.861816e-04
    outer loop
      vertex   4.564258e+01 1.055959e+02 -1.250000e+02
      vertex   4.549413e+01 1.052503e+02 -1.290000e+02
      vertex   4.547704e+01 1.052215e+02 -1.250000e+02
    endloop
  endfacet
  facet normal -7.933529e-01 6.087611e-01 1.008034e-03
    outer loop
      vertex   4.547704e+01 1.052215e+02 -1.250000e+02
      vertex   4.549413e+01 1.052503e+02 -1.290000e+02
      vertex   4.523986e+01 1.049190e+02 -1.290000e+02
    endloop
  endfacet
  facet normal -7.820445e-01 6.232221e-01 -7.560317e-04
    outer loop
      vertex   4.547704e+01 1.052215e+02 -1.250000e+02
      vertex   4.523986e+01 1.049190e+02 -1.290000e+02
      vertex   4.522192e+01 1.049013e+02 -1.250000e+02
    endloop
  endfacet
  facet normal -6.087612e-01 7.933531e-01 7.724159e-04
    outer loop
      vertex   4.522192e+01 1.049013e+02 -1.250000e+02
      vertex   4.523986e+01 1.049190e+02 -1.290000e+02
      vertex   4.490849e+01 1.046647e+02 -1.290000e+02
    endloop
  endfacet
  facet normal -5.983063e-01 8.012673e-01 -5.149470e-04
    outer loop
      vertex   4.522192e+01 1.049013e+02 -1.250000e+02
      vertex   4.490849e+01 1.046647e+02 -1.290000e+02
      vertex   4.489391e+01 1.046564e+02 -1.250000e+02
    endloop
  endfacet
  facet normal -3.826834e-01 9.238794e-01 5.258663e-04
    outer loop
      vertex   4.489391e+01 1.046564e+02 -1.250000e+02
      vertex   4.490849e+01 1.046647e+02 -1.290000e+02
      vertex   4.452260e+01 1.045049e+02 -1.290000e+02
    endloop
  endfacet
  facet normal -3.754029e-01 9.268617e-01 -2.629341e-04
    outer loop
      vertex   4.489391e+01 1.046564e+02 -1.250000e+02
      vertex   4.452260e+01 1.045049e+02 -1.290000e+02
      vertex   4.451449e+01 1.045027e+02 -1.250000e+02
    endloop
  endfacet
  facet normal -1.305262e-01 9.914448e-01 2.683920e-04
    outer loop
      vertex   4.451449e+01 1.045027e+02 -1.250000e+02
      vertex   4.452260e+01 1.045049e+02 -1.290000e+02
      vertex   4.410849e+01 1.044503e+02 -1.290000e+02
    endloop
  endfacet
  facet normal -1.279256e-01 9.917838e-01 0.000000e+00
    outer loop
      vertex   4.451449e+01 1.045027e+02 -1.250000e+02
      vertex   4.410849e+01 1.044503e+02 -1.290000e+02
      vertex   4.410849e+01 1.044503e+02 -1.250000e+02
    endloop
  endfacet
  facet normal 1.279256e-01 9.917838e-01 0.000000e+00
    outer loop
      vertex   4.410849e+01 1.044503e+02 -1.250000e+02
      vertex   4.410849e+01 1.044503e+02 -1.290000e+02
      vertex   4.370249e+01 1.045027e+02 -1.250000e+02
    endloop
  endfacet
  facet normal 1.305262e-01 9.914448e-01 2.683920e-04
    outer loop
      vertex   4.370249e+01 1.045027e+02 -1.250000e+02
      vertex   4.410849e+01 1.044503e+02 -1.290000e+02
      vertex   4.369438e+01 1.045049e+02 -1.290000e+02
    endloop
  endfacet
  facet normal 3.754029e-01 9.268617e-01 -2.629341e-04
    outer loop
      vertex   4.370249e+01 1.045027e+02 -1.250000e+02
      vertex   4.369438e+01 1.045049e+02 -1.290000e+02
      vertex   4.332307e+01 1.046564e+02 -1.250000e+02
    endloop
  endfacet
  facet normal 3.826834e-01 9.238794e-01 5.258663e-04
    outer loop
      vertex   4.332307e+01 1.046564e+02 -1.250000e+02
      vertex   4.369438e+01 1.045049e+02 -1.290000e+02
      vertex   4.330849e+01 1.046647e+02 -1.290000e+02
    endloop
  endfacet
  facet normal 5.983063e-01 8.012673e-01 -5.149470e-04
    outer loop
      vertex   4.332307e+01 1.046564e+02 -1.250000e+02
      vertex   4.330849e+01 1.046647e+02 -1.290000e+02
      vertex   4.299506e+01 1.049013e+02 -1.250000e+02
    endloop
  endfacet
  facet normal 6.087612e-01 7.933531e-01 7.724159e-04
    outer loop
      vertex   4.299506e+01 1.049013e+02 -1.250000e+02
      vertex   4.330849e+01 1.046647e+02 -1.290000e+02
      vertex   4.297712e+01 1.049190e+02 -1.290000e+02
    endloop
  endfacet
  facet normal 7.820445e-01 6.232221e-01 -7.560317e-04
    outer loop
      vertex   4.299506e+01 1.049013e+02 -1.250000e+02
      vertex   4.297712e+01 1.049190e+02 -1.290000e+02
      vertex   4.273994e+01 1.052215e+02 -1.250000e+02
    endloop
  endfacet
  facet normal 7.933529e-01 6.087611e-01 1.008034e-03
    outer loop
      vertex   4.273994e+01 1.052215e+02 -1.250000e+02
      vertex   4.297712e+01 1.049190e+02 -1.290000e+02
      vertex   4.272285e+01 1.052503e+02 -1.290000e+02
    endloop
  endfacet
  facet normal 9.145902e-01 4.043808e-01 -9.861816e-04
    outer loop
      vertex   4.273994e+01 1.052215e+02 -1.250000e+02
      vertex   4.272285e+01 1.052503e+02 -1.290000e+02
      vertex   4.257440e+01 1.055959e+02 -1.250000e+02
    endloop
  endfacet
  facet normal 9.238788e-01 3.826831e-01 1.232714e-03
    outer loop
      vertex   4.257440e+01 1.055959e+02 -1.250000e+02
      vertex   4.272285e+01 1.052503e+02 -1.290000e+02
      vertex   4.256301e+01 1.056362e+02 -1.290000e+02
    endloop
  endfacet
  facet normal 9.872667e-01 1.590690e-01 -1.205390e-03
    outer loop
      vertex   4.257440e+01 1.055959e+02 -1.250000e+02
      vertex   4.256301e+01 1.056362e+02 -1.290000e+02
      vertex   4.250928e+01 1.060000e+02 -1.250000e+02
    endloop
  endfacet
  facet normal 9.892683e-01 1.461100e-01 0.000000e+00
    outer loop
      vertex   -3.749072e+01 1.060000e+02 -1.250000e+02
      vertex   -3.743699e+01 1.056362e+02 -1.290000e+02
      vertex   -3.749072e+01 1.060000e+02 -1.270000e+02
    endloop
  endfacet
  facet normal 9.914407e-01 1.305256e-01 2.892893e-03
    outer loop
      vertex   -3.749072e+01 1.060000e+02 -1.270000e+02
      vertex   -3.743699e+01 1.056362e+02 -1.290000e+02
      vertex   -3.749151e+01 1.060503e+02 -1.290000e+02
    endloop
  endfacet
  facet normal 9.957875e-01 -9.165165e-02 -2.701536e-03
    outer loop
      vertex   -3.749072e+01 1.060000e+02 -1.270000e+02
      vertex   -3.749151e+01 1.060503e+02 -1.290000e+02
      vertex   -3.745466e+01 1.063918e+02 -1.270000e+02
    endloop
  endfacet
  facet normal 9.914369e-01 -1.305251e-01 4.014448e-03
    outer loop
      vertex   -3.745466e+01 1.063918e+02 -1.270000e+02
      vertex   -3.749151e+01 1.060503e+02 -1.290000e+02
      vertex   -3.743699e+01 1.064645e+02 -1.290000e+02
    endloop
  endfacet
  facet normal 9.433192e-01 -3.318659e-01 -3.729862e-03
    outer loop
      vertex   -3.745466e+01 1.063918e+02 -1.270000e+02
      vertex   -3.743699e+01 1.064645e+02 -1.290000e+02
      vertex   -3.732410e+01 1.067629e+02 -1.270000e+02
    endloop
  endfacet
  facet normal 9.238682e-01 -3.826787e-01 4.949468e-03
    outer loop
      vertex   -3.732410e+01 1.067629e+02 -1.270000e+02
      vertex   -3.743699e+01 1.064645e+02 -1.290000e+02
      vertex   -3.727715e+01 1.068503e+02 -1.290000e+02
    endloop
  endfacet
  facet normal 8.338215e-01 -5.520152e-01 -4.571539e-03
    outer loop
      vertex   -3.732410e+01 1.067629e+02 -1.270000e+02
      vertex   -3.727715e+01 1.068503e+02 -1.290000e+02
      vertex   -3.710694e+01 1.070909e+02 -1.270000e+02
    endloop
  endfacet
  facet normal 7.933405e-01 -6.087515e-01 5.697737e-03
    outer loop
      vertex   -3.710694e+01 1.070909e+02 -1.270000e+02
      vertex   -3.727715e+01 1.068503e+02 -1.290000e+02
      vertex   -3.702288e+01 1.071817e+02 -1.290000e+02
    endloop
  endfacet
  facet normal 6.739151e-01 -7.387903e-01 -5.226375e-03
    outer loop
      vertex   -3.710694e+01 1.070909e+02 -1.270000e+02
      vertex   -3.702288e+01 1.071817e+02 -1.290000e+02
      vertex   -3.681629e+01 1.073560e+02 -1.270000e+02
    endloop
  endfacet
  facet normal 6.087495e-01 -7.933378e-01 6.259085e-03
    outer loop
      vertex   -3.681629e+01 1.073560e+02 -1.270000e+02
      vertex   -3.702288e+01 1.071817e+02 -1.290000e+02
      vertex   -3.669151e+01 1.074360e+02 -1.290000e+02
    endloop
  endfacet
  facet normal 4.732677e-01 -8.809003e-01 -5.694219e-03
    outer loop
      vertex   -3.681629e+01 1.073560e+02 -1.270000e+02
      vertex   -3.669151e+01 1.074360e+02 -1.290000e+02
      vertex   -3.646973e+01 1.075422e+02 -1.270000e+02
    endloop
  endfacet
  facet normal 3.826750e-01 -9.238592e-01 6.633388e-03
    outer loop
      vertex   -3.646973e+01 1.075422e+02 -1.270000e+02
      vertex   -3.669151e+01 1.074360e+02 -1.290000e+02
      vertex   -3.630562e+01 1.075958e+02 -1.290000e+02
    endloop
  endfacet
  facet normal 2.440094e-01 -9.697545e-01 -5.974968e-03
    outer loop
      vertex   -3.646973e+01 1.075422e+02 -1.270000e+02
      vertex   -3.630562e+01 1.075958e+02 -1.290000e+02
      vertex   -3.608821e+01 1.076382e+02 -1.270000e+02
    endloop
  endfacet
  facet normal 1.305232e-01 -9.914218e-01 6.820560e-03
    outer loop
      vertex   -3.608821e+01 1.076382e+02 -1.270000e+02
      vertex   -3.630562e+01 1.075958e+02 -1.290000e+02
      vertex   -3.589151e+01 1.076503e+02 -1.290000e+02
    endloop
  endfacet
  facet normal 0.000000e+00 -9.999816e-01 -6.068558e-03
    outer loop
      vertex   -3.608821e+01 1.076382e+02 -1.270000e+02
      vertex   -3.589151e+01 1.076503e+02 -1.290000e+02
      vertex   -3.569481e+01 1.076382e+02 -1.270000e+02
    endloop
  endfacet
  facet normal -1.305232e-01 -9.914218e-01 6.820560e-03
    outer loop
      vertex   -3.569481e+01 1.076382e+02 -1.270000e+02
      vertex   -3.589151e+01 1.076503e+02 -1.290000e+02
      vertex   -3.547740e+01 1.075958e+02 -1.290000e+02
    endloop
  endfacet
  facet normal -2.440094e-01 -9.697545e-01 -5.974968e-03
    outer loop
      vertex   -3.569481e+01 1.076382e+02 -1.270000e+02
      vertex   -3.547740e+01 1.075958e+02 -1.290000e+02
      vertex   -3.531329e+01 1.075422e+02 -1.270000e+02
    endloop
  endfacet
  facet normal -3.826750e-01 -9.238592e-01 6.633388e-03
    outer loop
      vertex   -3.531329e+01 1.075422e+02 -1.270000e+02
      vertex   -3.547740e+01 1.075958e+02 -1.290000e+02
      vertex   -3.509151e+01 1.074360e+02 -1.290000e+02
    endloop
  endfacet
  facet normal -4.732677e-01 -8.809003e-01 -5.694219e-03
    outer loop
      vertex   -3.531329e+01 1.075422e+02 -1.270000e+02
      vertex   -3.509151e+01 1.074360e+02 -1.290000e+02
      vertex   -3.496674e+01 1.073560e+02 -1.270000e+02
    endloop
  endfacet
  facet normal -6.087495e-01 -7.933378e-01 6.259085e-03
    outer loop
      vertex   -3.496674e+01 1.073560e+02 -1.270000e+02
      vertex   -3.509151e+01 1.074360e+02 -1.290000e+02
      vertex   -3.476014e+01 1.071817e+02 -1.290000e+02
    endloop
  endfacet
  facet normal -6.739151e-01 -7.387903e-01 -5.226375e-03
    outer loop
      vertex   -3.496674e+01 1.073560e+02 -1.270000e+02
      vertex   -3.476014e+01 1.071817e+02 -1.290000e+02
      vertex   -3.467609e+01 1.070909e+02 -1.270000e+02
    endloop
  endfacet
  facet normal -7.933405e-01 -6.087515e-01 5.697737e-03
    outer loop
      vertex   -3.467609e+01 1.070909e+02 -1.270000e+02
      vertex   -3.476014e+01 1.071817e+02 -1.290000e+02
      vertex   -3.450587e+01 1.068503e+02 -1.290000e+02
    endloop
  endfacet
  facet normal -8.338215e-01 -5.520152e-01 -4.571539e-03
    outer loop
      vertex   -3.467609e+01 1.070909e+02 -1.270000e+02
      vertex   -3.450587e+01 1.068503e+02 -1.290000e+02
      vertex   -3.445892e+01 1.067629e+02 -1.270000e+02
    endloop
  endfacet
  facet normal -9.238682e-01 -3.826787e-01 4.949468e-03
    outer loop
      vertex   -3.445892e+01 1.067629e+02 -1.270000e+02
      vertex   -3.450587e+01 1.068503e+02 -1.290000e+02
      vertex   -3.434603e+01 1.064645e+02 -1.290000e+02
    endloop
  endfacet
  facet normal -9.433192e-01 -3.318659e-01 -3.729862e-03
    outer loop
      vertex   -3.445892e+01 1.067629e+02 -1.270000e+02
      vertex   -3.434603e+01 1.064645e+02 -1.290000e+02
      vertex   -3.432836e+01 1.063918e+02 -1.270000e+02
    endloop
  endfacet
  facet normal -9.914369e-01 -1.305251e-01 4.014448e-03
    outer loop
      vertex   -3.432836e+01 1.063918e+02 -1.270000e+02
      vertex   -3.434603e+01 1.064645e+02 -1.290000e+02
      vertex   -3.429151e+01 1.060503e+02 -1.290000e+02
    endloop
  endfacet
  facet normal -9.957875e-01 -9.165165e-02 -2.701536e-03
    outer loop
      vertex   -3.432836e+01 1.063918e+02 -1.270000e+02
      vertex   -3.429151e+01 1.060503e+02 -1.290000e+02
      vertex   -3.429230e+01 1.060000e+02 -1.270000e+02
    endloop
  endfacet
  facet normal -9.914407e-01 1.305256e-01 2.892893e-03
    outer loop
      vertex   -3.429230e+01 1.060000e+02 -1.270000e+02
      vertex   -3.429151e+01 1.060503e+02 -1.290000e+02
      vertex   -3.434603e+01 1.056362e+02 -1.290000e+02
    endloop
  endfacet
  facet normal -9.892683e-01 1.461100e-01 0.000000e+00
    outer loop
      vertex   -3.429230e+01 1.060000e+02 -1.270000e+02
      vertex   -3.434603e+01 1.056362e+02 -1.290000e+02
      vertex   -3.429230e+01 1.060000e+02 -1.250000e+02
    endloop
  endfacet
  facet normal -9.872667e-01 1.590690e-01 -1.205390e-03
    outer loop
      vertex   -3.429230e+01 1.060000e+02 -1.250000e+02
      vertex   -3.434603e+01 1.056362e+02 -1.290000e+02
      vertex   -3.435742e+01 1.055959e+02 -1.250000e+02
    endloop
  endfacet
  facet normal -9.238788e-01 3.826831e-01 1.232714e-03
    outer loop
      vertex   -3.435742e+01 1.055959e+02 -1.250000e+02
      vertex   -3.434603e+01 1.056362e+02 -1.290000e+02
      vertex   -3.450587e+01 1.052503e+02 -1.290000e+02
    endloop
  endfacet
  facet normal -9.145902e-01 4.043808e-01 -9.861816e-04
    outer loop
      vertex   -3.435742e+01 1.055959e+02 -1.250000e+02
      vertex   -3.450587e+01 1.052503e+02 -1.290000e+02
      vertex   -3.452296e+01 1.052215e+02 -1.250000e+02
    endloop
  endfacet
  facet normal -7.933529e-01 6.087611e-01 1.008034e-03
    outer loop
      vertex   -3.452296e+01 1.052215e+02 -1.250000e+02
      vertex   -3.450587e+01 1.052503e+02 -1.290000e+02
      vertex   -3.476014e+01 1.049190e+02 -1.290000e+02
    endloop
  endfacet
  facet normal -7.820445e-01 6.232221e-01 -7.560317e-04
    outer loop
      vertex   -3.452296e+01 1.052215e+02 -1.250000e+02
      vertex   -3.476014e+01 1.049190e+02 -1.290000e+02
      vertex   -3.477808e+01 1.049013e+02 -1.250000e+02
    endloop
  endfacet
  facet normal -6.087612e-01 7.933531e-01 7.724159e-04
    outer loop
      vertex   -3.477808e+01 1.049013e+02 -1.250000e+02
      vertex   -3.476014e+01 1.049190e+02 -1.290000e+02
      vertex   -3.509151e+01 1.046647e+02 -1.290000e+02
    endloop
  endfacet
  facet normal -5.983063e-01 8.012673e-01 -5.149470e-04
    outer loop
      vertex   -3.477808e+01 1.049013e+02 -1.250000e+02
      vertex   -3.509151e+01 1.046647e+02 -1.290000e+02
      vertex   -3.510609e+01 1.046564e+02 -1.250000e+02
    endloop
  endfacet
  facet normal -3.826834e-01 9.238794e-01 5.258663e-04
    outer loop
      vertex   -3.510609e+01 1.046564e+02 -1.250000e+02
      vertex   -3.509151e+01 1.046647e+02 -1.290000e+02
      vertex   -3.547740e+01 1.045049e+02 -1.290000e+02
    endloop
  endfacet
  facet normal -3.754029e-01 9.268617e-01 -2.629341e-04
    outer loop
      vertex   -3.510609e+01 1.046564e+02 -1.250000e+02
      vertex   -3.547740e+01 1.045049e+02 -1.290000e+02
      vertex   -3.548551e+01 1.045027e+02 -1.250000e+02
    endloop
  endfacet
  facet normal -1.305262e-01 9.914448e-01 2.683920e-04
    outer loop
      vertex   -3.548551e+01 1.045027e+02 -1.250000e+02
      vertex   -3.547740e+01 1.045049e+02 -1.290000e+02
      vertex   -3.589151e+01 1.044503e+02 -1.290000e+02
    endloop
  endfacet
  facet normal -1.279256e-01 9.917838e-01 0.000000e+00
    outer loop
      vertex   -3.548551e+01 1.045027e+02 -1.250000e+02
      vertex   -3.589151e+01 1.044503e+02 -1.290000e+02
      vertex   -3.589151e+01 1.044503e+02 -1.250000e+02
    endloop
  endfacet
  facet normal 1.279256e-01 9.917838e-01 0.000000e+00
    outer loop
      vertex   -3.589151e+01 1.044503e+02 -1.250000e+02
      vertex   -3.589151e+01 1.044503e+02 -1.290000e+02
      vertex   -3.629751e+01 1.045027e+02 -1.250000e+02
    endloop
  endfacet
  facet normal 1.305262e-01 9.914448e-01 2.683920e-04
    outer loop
      vertex   -3.629751e+01 1.045027e+02 -1.250000e+02
      vertex   -3.589151e+01 1.044503e+02 -1.290000e+02
      vertex   -3.630562e+01 1.045049e+02 -1.290000e+02
    endloop
  endfacet
  facet normal 3.754029e-01 9.268617e-01 -2.629341e-04
    outer loop
      vertex   -3.629751e+01 1.045027e+02 -1.250000e+02
      vertex   -3.630562e+01 1.045049e+02 -1.290000e+02
      vertex   -3.667693e+01 1.046564e+02 -1.250000e+02
    endloop
  endfacet
  facet normal 3.826834e-01 9.238794e-01 5.258663e-04
    outer loop
      vertex   -3.667693e+01 1.046564e+02 -1.250000e+02
      vertex   -3.630562e+01 1.045049e+02 -1.290000e+02
      vertex   -3.669151e+01 1.046647e+02 -1.290000e+02
    endloop
  endfacet
  facet normal 5.983063e-01 8.012673e-01 -5.149470e-04
    outer loop
      vertex   -3.667693e+01 1.046564e+02 -1.250000e+02
      vertex   -3.669151e+01 1.046647e+02 -1.290000e+02
      vertex   -3.700494e+01 1.049013e+02 -1.250000e+02
    endloop
  endfacet
  facet normal 6.087612e-01 7.933531e-01 7.724159e-04
    outer loop
      vertex   -3.700494e+01 1.049013e+02 -1.250000e+02
      vertex   -3.669151e+01 1.046647e+02 -1.290000e+02
      vertex   -3.702288e+01 1.049190e+02 -1.290000e+02
    endloop
  endfacet
  facet normal 7.820445e-01 6.232221e-01 -7.560317e-04
    outer loop
      vertex   -3.700494e+01 1.049013e+02 -1.250000e+02
      vertex   -3.702288e+01 1.049190e+02 -1.290000e+02
      vertex   -3.726006e+01 1.052215e+02 -1.250000e+02
    endloop
  endfacet
  facet normal 7.933529e-01 6.087611e-01 1.008034e-03
    outer loop
      vertex   -3.726006e+01 1.052215e+02 -1.250000e+02
      vertex   -3.702288e+01 1.049190e+02 -1.290000e+02
      vertex   -3.727715e+01 1.052503e+02 -1.290000e+02
    endloop
  endfacet
  facet normal 9.145902e-01 4.043808e-01 -9.861816e-04
    outer loop
      vertex   -3.726006e+01 1.052215e+02 -1.250000e+02
      vertex   -3.727715e+01 1.052503e+02 -1.290000e+02
      vertex   -3.742560e+01 1.055959e+02 -1.250000e+02
    endloop
  endfacet
  facet normal 9.238788e-01 3.826831e-01 1.232714e-03
    outer loop
      vertex   -3.742560e+01 1.055959e+02 -1.250000e+02
      vertex   -3.727715e+01 1.052503e+02 -1.290000e+02
      vertex   -3.743699e+01 1.056362e+02 -1.290000e+02
    endloop
  endfacet
  facet normal 9.872667e-01 1.590690e-01 -1.205390e-03
    outer loop
      vertex   -3.742560e+01 1.055959e+02 -1.250000e+02
      vertex   -3.743699e+01 1.056362e+02 -1.290000e+02
      vertex   -3.749072e+01 1.060000e+02 -1.250000e+02
    endloop
  endfacet
  facet normal -9.914449e-01 -1.305262e-01 -0.000000e+00
    outer loop
      vertex   -4.034603e+01 1.534645e+02 -1.270000e+02
      vertex   -4.034603e+01 1.534645e+02 -1.290000e+02
      vertex   -4.029151e+01 1.530503e+02 -1.270000e+02
    endloop
  endfacet
  facet normal -9.914449e-01 -1.305262e-01 -0.000000e+00
    outer loop
      vertex   -4.029151e+01 1.530503e+02 -1.270000e+02
      vertex   -4.034603e+01 1.534645e+02 -1.290000e+02
      vertex   -4.029151e+01 1.530503e+02 -1.290000e+02
    endloop
  endfacet
  facet normal -9.914449e-01 1.305262e-01 0.000000e+00
    outer loop
      vertex   -4.029151e+01 1.530503e+02 -1.270000e+02
      vertex   -4.029151e+01 1.530503e+02 -1.290000e+02
      vertex   -4.034603e+01 1.526362e+02 -1.270000e+02
    endloop
  endfacet
  facet normal -9.914449e-01 1.305262e-01 0.000000e+00
    outer loop
      vertex   -4.034603e+01 1.526362e+02 -1.270000e+02
      vertex   -4.029151e+01 1.530503e+02 -1.290000e+02
      vertex   -4.034603e+01 1.526362e+02 -1.290000e+02
    endloop
  endfacet
  facet normal -9.238795e-01 3.826834e-01 0.000000e+00
    outer loop
      vertex   -4.034603e+01 1.526362e+02 -1.270000e+02
      vertex   -4.034603e+01 1.526362e+02 -1.290000e+02
      vertex   -4.050587e+01 1.522503e+02 -1.270000e+02
    endloop
  endfacet
  facet normal -9.238795e-01 3.826834e-01 0.000000e+00
    outer loop
      vertex   -4.050587e+01 1.522503e+02 -1.270000e+02
      vertex   -4.034603e+01 1.526362e+02 -1.290000e+02
      vertex   -4.050587e+01 1.522503e+02 -1.290000e+02
    endloop
  endfacet
  facet normal -7.933533e-01 6.087614e-01 0.000000e+00
    outer loop
      vertex   -4.050587e+01 1.522503e+02 -1.270000e+02
      vertex   -4.050587e+01 1.522503e+02 -1.290000e+02
      vertex   -4.076014e+01 1.519190e+02 -1.270000e+02
    endloop
  endfacet
  facet normal -7.933533e-01 6.087614e-01 0.000000e+00
    outer loop
      vertex   -4.076014e+01 1.519190e+02 -1.270000e+02
      vertex   -4.050587e+01 1.522503e+02 -1.290000e+02
      vertex   -4.076014e+01 1.519190e+02 -1.290000e+02
    endloop
  endfacet
  facet normal -6.087614e-01 7.933533e-01 0.000000e+00
    outer loop
      vertex   -4.076014e+01 1.519190e+02 -1.270000e+02
      vertex   -4.076014e+01 1.519190e+02 -1.290000e+02
      vertex   -4.109151e+01 1.516647e+02 -1.270000e+02
    endloop
  endfacet
  facet normal -6.087614e-01 7.933533e-01 0.000000e+00
    outer loop
      vertex   -4.109151e+01 1.516647e+02 -1.270000e+02
      vertex   -4.076014e+01 1.519190e+02 -1.290000e+02
      vertex   -4.109151e+01 1.516647e+02 -1.290000e+02
    endloop
  endfacet
  facet normal -3.826834e-01 9.238795e-01 0.000000e+00
    outer loop
      vertex   -4.109151e+01 1.516647e+02 -1.270000e+02
      vertex   -4.109151e+01 1.516647e+02 -1.290000e+02
      vertex   -4.147740e+01 1.515049e+02 -1.270000e+02
    endloop
  endfacet
  facet normal -3.826834e-01 9.238795e-01 0.000000e+00
    outer loop
      vertex   -4.147740e+01 1.515049e+02 -1.270000e+02
      vertex   -4.109151e+01 1.516647e+02 -1.290000e+02
      vertex   -4.147740e+01 1.515049e+02 -1.290000e+02
    endloop
  endfacet
  facet normal -1.305262e-01 9.914449e-01 0.000000e+00
    outer loop
      vertex   -4.147740e+01 1.515049e+02 -1.270000e+02
      vertex   -4.147740e+01 1.515049e+02 -1.290000e+02
      vertex   -4.189151e+01 1.514503e+02 -1.270000e+02
    endloop
  endfacet
  facet normal -1.305262e-01 9.914449e-01 0.000000e+00
    outer loop
      vertex   -4.189151e+01 1.514503e+02 -1.270000e+02
      vertex   -4.147740e+01 1.515049e+02 -1.290000e+02
      vertex   -4.189151e+01 1.514503e+02 -1.290000e+02
    endloop
  endfacet
  facet normal 1.305262e-01 9.914449e-01 0.000000e+00
    outer loop
      vertex   -4.189151e+01 1.514503e+02 -1.270000e+02
      vertex   -4.189151e+01 1.514503e+02 -1.290000e+02
      vertex   -4.230562e+01 1.515049e+02 -1.270000e+02
    endloop
  endfacet
  facet normal 1.305262e-01 9.914449e-01 0.000000e+00
    outer loop
      vertex   -4.230562e+01 1.515049e+02 -1.270000e+02
      vertex   -4.189151e+01 1.514503e+02 -1.290000e+02
      vertex   -4.230562e+01 1.515049e+02 -1.290000e+02
    endloop
  endfacet
  facet normal 3.826834e-01 9.238795e-01 0.000000e+00
    outer loop
      vertex   -4.230562e+01 1.515049e+02 -1.270000e+02
      vertex   -4.230562e+01 1.515049e+02 -1.290000e+02
      vertex   -4.269151e+01 1.516647e+02 -1.270000e+02
    endloop
  endfacet
  facet normal 3.826834e-01 9.238795e-01 0.000000e+00
    outer loop
      vertex   -4.269151e+01 1.516647e+02 -1.270000e+02
      vertex   -4.230562e+01 1.515049e+02 -1.290000e+02
      vertex   -4.269151e+01 1.516647e+02 -1.290000e+02
    endloop
  endfacet
  facet normal 6.087614e-01 7.933533e-01 0.000000e+00
    outer loop
      vertex   -4.269151e+01 1.516647e+02 -1.270000e+02
      vertex   -4.269151e+01 1.516647e+02 -1.290000e+02
      vertex   -4.302288e+01 1.519190e+02 -1.270000e+02
    endloop
  endfacet
  facet normal 6.087614e-01 7.933533e-01 0.000000e+00
    outer loop
      vertex   -4.302288e+01 1.519190e+02 -1.270000e+02
      vertex   -4.269151e+01 1.516647e+02 -1.290000e+02
      vertex   -4.302288e+01 1.519190e+02 -1.290000e+02
    endloop
  endfacet
  facet normal 7.933533e-01 6.087614e-01 0.000000e+00
    outer loop
      vertex   -4.302288e+01 1.519190e+02 -1.270000e+02
      vertex   -4.302288e+01 1.519190e+02 -1.290000e+02
      vertex   -4.327715e+01 1.522503e+02 -1.270000e+02
    endloop
  endfacet
  facet normal 7.933533e-01 6.087614e-01 0.000000e+00
    outer loop
      vertex   -4.327715e+01 1.522503e+02 -1.270000e+02
      vertex   -4.302288e+01 1.519190e+02 -1.290000e+02
      vertex   -4.327715e+01 1.522503e+02 -1.290000e+02
    endloop
  endfacet
  facet normal 9.238795e-01 3.826834e-01 0.000000e+00
    outer loop
      vertex   -4.327715e+01 1.522503e+02 -1.270000e+02
      vertex   -4.327715e+01 1.522503e+02 -1.290000e+02
      vertex   -4.343699e+01 1.526362e+02 -1.270000e+02
    endloop
  endfacet
  facet normal 9.238795e-01 3.826834e-01 0.000000e+00
    outer loop
      vertex   -4.343699e+01 1.526362e+02 -1.270000e+02
      vertex   -4.327715e+01 1.522503e+02 -1.290000e+02
      vertex   -4.343699e+01 1.526362e+02 -1.290000e+02
    endloop
  endfacet
  facet normal 9.914449e-01 1.305262e-01 0.000000e+00
    outer loop
      vertex   -4.343699e+01 1.526362e+02 -1.270000e+02
      vertex   -4.343699e+01 1.526362e+02 -1.290000e+02
      vertex   -4.349151e+01 1.530503e+02 -1.270000e+02
    endloop
  endfacet
  facet normal 9.914449e-01 1.305262e-01 0.000000e+00
    outer loop
      vertex   -4.349151e+01 1.530503e+02 -1.270000e+02
      vertex   -4.343699e+01 1.526362e+02 -1.290000e+02
      vertex   -4.349151e+01 1.530503e+02 -1.290000e+02
    endloop
  endfacet
  facet normal 9.914449e-01 -1.305262e-01 0.000000e+00
    outer loop
      vertex   -4.349151e+01 1.530503e+02 -1.270000e+02
      vertex   -4.349151e+01 1.530503e+02 -1.290000e+02
      vertex   -4.343699e+01 1.534645e+02 -1.270000e+02
    endloop
  endfacet
  facet normal 9.914449e-01 -1.305262e-01 0.000000e+00
    outer loop
      vertex   -4.343699e+01 1.534645e+02 -1.270000e+02
      vertex   -4.349151e+01 1.530503e+02 -1.290000e+02
      vertex   -4.343699e+01 1.534645e+02 -1.290000e+02
    endloop
  endfacet
  facet normal 9.238795e-01 -3.826834e-01 0.000000e+00
    outer loop
      vertex   -4.343699e+01 1.534645e+02 -1.270000e+02
      vertex   -4.343699e+01 1.534645e+02 -1.290000e+02
      vertex   -4.327715e+01 1.538503e+02 -1.270000e+02
    endloop
  endfacet
  facet normal 9.238795e-01 -3.826834e-01 0.000000e+00
    outer loop
      vertex   -4.327715e+01 1.538503e+02 -1.270000e+02
      vertex   -4.343699e+01 1.534645e+02 -1.290000e+02
      vertex   -4.327715e+01 1.538503e+02 -1.290000e+02
    endloop
  endfacet
  facet normal 7.933533e-01 -6.087614e-01 0.000000e+00
    outer loop
      vertex   -4.327715e+01 1.538503e+02 -1.270000e+02
      vertex   -4.327715e+01 1.538503e+02 -1.290000e+02
      vertex   -4.302288e+01 1.541817e+02 -1.270000e+02
    endloop
  endfacet
  facet normal 7.933533e-01 -6.087614e-01 0.000000e+00
    outer loop
      vertex   -4.302288e+01 1.541817e+02 -1.270000e+02
      vertex   -4.327715e+01 1.538503e+02 -1.290000e+02
      vertex   -4.302288e+01 1.541817e+02 -1.290000e+02
    endloop
  endfacet
  facet normal 6.087614e-01 -7.933533e-01 0.000000e+00
    outer loop
      vertex   -4.302288e+01 1.541817e+02 -1.270000e+02
      vertex   -4.302288e+01 1.541817e+02 -1.290000e+02
      vertex   -4.269151e+01 1.544360e+02 -1.270000e+02
    endloop
  endfacet
  facet normal 6.087614e-01 -7.933533e-01 0.000000e+00
    outer loop
      vertex   -4.269151e+01 1.544360e+02 -1.270000e+02
      vertex   -4.302288e+01 1.541817e+02 -1.290000e+02
      vertex   -4.269151e+01 1.544360e+02 -1.290000e+02
    endloop
  endfacet
  facet normal 3.826834e-01 -9.238795e-01 0.000000e+00
    outer loop
      vertex   -4.269151e+01 1.544360e+02 -1.270000e+02
      vertex   -4.269151e+01 1.544360e+02 -1.290000e+02
      vertex   -4.230562e+01 1.545958e+02 -1.270000e+02
    endloop
  endfacet
  facet normal 3.826834e-01 -9.238795e-01 0.000000e+00
    outer loop
      vertex   -4.230562e+01 1.545958e+02 -1.270000e+02
      vertex   -4.269151e+01 1.544360e+02 -1.290000e+02
      vertex   -4.230562e+01 1.545958e+02 -1.290000e+02
    endloop
  endfacet
  facet normal 1.305262e-01 -9.914449e-01 0.000000e+00
    outer loop
      vertex   -4.230562e+01 1.545958e+02 -1.270000e+02
      vertex   -4.230562e+01 1.545958e+02 -1.290000e+02
      vertex   -4.189151e+01 1.546503e+02 -1.270000e+02
    endloop
  endfacet
  facet normal 1.305262e-01 -9.914449e-01 0.000000e+00
    outer loop
      vertex   -4.189151e+01 1.546503e+02 -1.270000e+02
      vertex   -4.230562e+01 1.545958e+02 -1.290000e+02
      vertex   -4.189151e+01 1.546503e+02 -1.290000e+02
    endloop
  endfacet
  facet normal -1.305262e-01 -9.914449e-01 -0.000000e+00
    outer loop
      vertex   -4.189151e+01 1.546503e+02 -1.270000e+02
      vertex   -4.189151e+01 1.546503e+02 -1.290000e+02
      vertex   -4.147740e+01 1.545958e+02 -1.270000e+02
    endloop
  endfacet
  facet normal -1.305262e-01 -9.914449e-01 -0.000000e+00
    outer loop
      vertex   -4.147740e+01 1.545958e+02 -1.270000e+02
      vertex   -4.189151e+01 1.546503e+02 -1.290000e+02
      vertex   -4.147740e+01 1.545958e+02 -1.290000e+02
    endloop
  endfacet
  facet normal -3.826834e-01 -9.238795e-01 -0.000000e+00
    outer loop
      vertex   -4.147740e+01 1.545958e+02 -1.270000e+02
      vertex   -4.147740e+01 1.545958e+02 -1.290000e+02
      vertex   -4.109151e+01 1.544360e+02 -1.270000e+02
    endloop
  endfacet
  facet normal -3.826834e-01 -9.238795e-01 -0.000000e+00
    outer loop
      vertex   -4.109151e+01 1.544360e+02 -1.270000e+02
      vertex   -4.147740e+01 1.545958e+02 -1.290000e+02
      vertex   -4.109151e+01 1.544360e+02 -1.290000e+02
    endloop
  endfacet
  facet normal -6.087614e-01 -7.933533e-01 -0.000000e+00
    outer loop
      vertex   -4.109151e+01 1.544360e+02 -1.270000e+02
      vertex   -4.109151e+01 1.544360e+02 -1.290000e+02
      vertex   -4.076014e+01 1.541817e+02 -1.270000e+02
    endloop
  endfacet
  facet normal -6.087614e-01 -7.933533e-01 -0.000000e+00
    outer loop
      vertex   -4.076014e+01 1.541817e+02 -1.270000e+02
      vertex   -4.109151e+01 1.544360e+02 -1.290000e+02
      vertex   -4.076014e+01 1.541817e+02 -1.290000e+02
    endloop
  endfacet
  facet normal -7.933533e-01 -6.087614e-01 -0.000000e+00
    outer loop
      vertex   -4.076014e+01 1.541817e+02 -1.270000e+02
      vertex   -4.076014e+01 1.541817e+02 -1.290000e+02
      vertex   -4.050587e+01 1.538503e+02 -1.270000e+02
    endloop
  endfacet
  facet normal -7.933533e-01 -6.087614e-01 -0.000000e+00
    outer loop
      vertex   -4.050587e+01 1.538503e+02 -1.270000e+02
      vertex   -4.076014e+01 1.541817e+02 -1.290000e+02
      vertex   -4.050587e+01 1.538503e+02 -1.290000e+02
    endloop
  endfacet
  facet normal -9.238795e-01 -3.826834e-01 -0.000000e+00
    outer loop
      vertex   -4.050587e+01 1.538503e+02 -1.270000e+02
      vertex   -4.050587e+01 1.538503e+02 -1.290000e+02
      vertex   -4.034603e+01 1.534645e+02 -1.270000e+02
    endloop
  endfacet
  facet normal -9.238795e-01 -3.826834e-01 -0.000000e+00
    outer loop
      vertex   -4.034603e+01 1.534645e+02 -1.270000e+02
      vertex   -4.050587e+01 1.538503e+02 -1.290000e+02
      vertex   -4.034603e+01 1.534645e+02 -1.290000e+02
    endloop
  endfacet
  facet normal 9.982919e-01 -5.842358e-02 0.000000e+00
    outer loop
      vertex   -2.646153e+01 2.506742e+01 -1.250000e+02
      vertex   -2.673575e+01 2.038188e+01 -1.250000e+02
      vertex   -2.646153e+01 2.506742e+01 -1.260000e+02
    endloop
  endfacet
  facet normal 9.982919e-01 -5.842358e-02 0.000000e+00
    outer loop
      vertex   -2.646153e+01 2.506742e+01 -1.260000e+02
      vertex   -2.673575e+01 2.038188e+01 -1.250000e+02
      vertex   -2.673575e+01 2.038188e+01 -1.260000e+02
    endloop
  endfacet
  facet normal 4.423688e-01 -8.968332e-01 0.000000e+00
    outer loop
      vertex   -2.673575e+01 2.038188e+01 -1.250000e+02
      vertex   -3.106101e+01 1.824841e+01 -1.250000e+02
      vertex   -2.673575e+01 2.038188e+01 -1.260000e+02
    endloop
  endfacet
  facet normal 4.423688e-01 -8.968332e-01 0.000000e+00
    outer loop
      vertex   -2.673575e+01 2.038188e+01 -1.260000e+02
      vertex   -3.106101e+01 1.824841e+01 -1.250000e+02
      vertex   -3.106101e+01 1.824841e+01 -1.260000e+02
    endloop
  endfacet
  facet normal 5.591929e-01 8.290376e-01 0.000000e+00
    outer loop
      vertex   -3.106101e+01 1.824841e+01 -1.250000e+02
      vertex   -2.870536e+01 1.665950e+01 -1.250000e+02
      vertex   -3.106101e+01 1.824841e+01 -1.260000e+02
    endloop
  endfacet
  facet normal 5.591929e-01 8.290376e-01 0.000000e+00
    outer loop
      vertex   -3.106101e+01 1.824841e+01 -1.260000e+02
      vertex   -2.870536e+01 1.665950e+01 -1.250000e+02
      vertex   -2.870536e+01 1.665950e+01 -1.260000e+02
    endloop
  endfacet
  facet normal -3.796165e-01 9.251439e-01 0.000000e+00
    outer loop
      vertex   -2.870536e+01 1.665950e+01 -1.250000e+02
      vertex   -2.571229e+01 1.788766e+01 -1.250000e+02
      vertex   -2.870536e+01 1.665950e+01 -1.260000e+02
    endloop
  endfacet
  facet normal -3.796165e-01 9.251439e-01 0.000000e+00
    outer loop
      vertex   -2.870536e+01 1.665950e+01 -1.260000e+02
      vertex   -2.571229e+01 1.788766e+01 -1.250000e+02
      vertex   -2.571229e+01 1.788766e+01 -1.260000e+02
    endloop
  endfacet
  facet normal 9.995042e-01 -3.148518e-02 0.000000e+00
    outer loop
      vertex   -2.571229e+01 1.788766e+01 -1.250000e+02
      vertex   -2.581244e+01 1.470821e+01 -1.250000e+02
      vertex   -2.571229e+01 1.788766e+01 -1.260000e+02
    endloop
  endfacet
  facet normal 9.995042e-01 -3.148518e-02 0.000000e+00
    outer loop
      vertex   -2.571229e+01 1.788766e+01 -1.260000e+02
      vertex   -2.581244e+01 1.470821e+01 -1.250000e+02
      vertex   -2.581244e+01 1.470821e+01 -1.260000e+02
    endloop
  endfacet
  facet normal 5.591929e-01 8.290376e-01 0.000000e+00
    outer loop
      vertex   -2.581244e+01 1.470821e+01 -1.250000e+02
      vertex   -2.325015e+01 1.297992e+01 -1.250000e+02
      vertex   -2.581244e+01 1.470821e+01 -1.260000e+02
    endloop
  endfacet
  facet normal 5.591929e-01 8.290376e-01 0.000000e+00
    outer loop
      vertex   -2.581244e+01 1.470821e+01 -1.260000e+02
      vertex   -2.325015e+01 1.297992e+01 -1.250000e+02
      vertex   -2.325015e+01 1.297992e+01 -1.260000e+02
    endloop
  endfacet
  facet normal -9.995042e-01 3.148518e-02 0.000000e+00
    outer loop
      vertex   -2.325015e+01 1.297992e+01 -1.250000e+02
      vertex   -2.309435e+01 1.792573e+01 -1.250000e+02
      vertex   -2.325015e+01 1.297992e+01 -1.260000e+02
    endloop
  endfacet
  facet normal -9.995042e-01 3.148518e-02 0.000000e+00
    outer loop
      vertex   -2.325015e+01 1.297992e+01 -1.260000e+02
      vertex   -2.309435e+01 1.792573e+01 -1.250000e+02
      vertex   -2.309435e+01 1.792573e+01 -1.260000e+02
    endloop
  endfacet
  facet normal -3.884406e-01 9.214738e-01 0.000000e+00
    outer loop
      vertex   -2.309435e+01 1.792573e+01 -1.250000e+02
      vertex   -1.865067e+01 1.979893e+01 -1.250000e+02
      vertex   -2.309435e+01 1.792573e+01 -1.260000e+02
    endloop
  endfacet
  facet normal -3.884406e-01 9.214738e-01 0.000000e+00
    outer loop
      vertex   -2.309435e+01 1.792573e+01 -1.260000e+02
      vertex   -1.865067e+01 1.979893e+01 -1.250000e+02
      vertex   -1.865067e+01 1.979893e+01 -1.260000e+02
    endloop
  endfacet
  facet normal -5.591929e-01 -8.290376e-01 -0.000000e+00
    outer loop
      vertex   -1.865067e+01 1.979893e+01 -1.250000e+02
      vertex   -2.125429e+01 2.155509e+01 -1.250000e+02
      vertex   -1.865067e+01 1.979893e+01 -1.260000e+02
    endloop
  endfacet
  facet normal -5.591929e-01 -8.290376e-01 0.000000e+00
    outer loop
      vertex   -1.865067e+01 1.979893e+01 -1.260000e+02
      vertex   -2.125429e+01 2.155509e+01 -1.250000e+02
      vertex   -2.125429e+01 2.155509e+01 -1.260000e+02
    endloop
  endfacet
  facet normal 4.158116e-01 -9.094508e-01 0.000000e+00
    outer loop
      vertex   -2.125429e+01 2.155509e+01 -1.250000e+02
      vertex   -2.412338e+01 2.024331e+01 -1.250000e+02
      vertex   -2.125429e+01 2.155509e+01 -1.260000e+02
    endloop
  endfacet
  facet normal 4.158116e-01 -9.094508e-01 0.000000e+00
    outer loop
      vertex   -2.125429e+01 2.155509e+01 -1.260000e+02
      vertex   -2.412338e+01 2.024331e+01 -1.250000e+02
      vertex   -2.412338e+01 2.024331e+01 -1.260000e+02
    endloop
  endfacet
  facet normal -9.999854e-01 5.409316e-03 0.000000e+00
    outer loop
      vertex   -2.412338e+01 2.024331e+01 -1.250000e+02
      vertex   -2.410588e+01 2.347851e+01 -1.250000e+02
      vertex   -2.412338e+01 2.024331e+01 -1.260000e+02
    endloop
  endfacet
  facet normal -9.999854e-01 5.409316e-03 0.000000e+00
    outer loop
      vertex   -2.412338e+01 2.024331e+01 -1.260000e+02
      vertex   -2.410588e+01 2.347851e+01 -1.250000e+02
      vertex   -2.410588e+01 2.347851e+01 -1.260000e+02
    endloop
  endfacet
  facet normal -5.591929e-01 -8.290376e-01 -0.000000e+00
    outer loop
      vertex   -2.410588e+01 2.347851e+01 -1.250000e+02
      vertex   -2.646153e+01 2.506742e+01 -1.250000e+02
      vertex   -2.410588e+01 2.347851e+01 -1.260000e+02
    endloop
  endfacet
  facet normal -5.591929e-01 -8.290376e-01 0.000000e+00
    outer loop
      vertex   -2.410588e+01 2.347851e+01 -1.260000e+02
      vertex   -2.646153e+01 2.506742e+01 -1.250000e+02
      vertex   -2.646153e+01 2.506742e+01 -1.260000e+02
    endloop
  endfacet
  facet normal 0.000000e+00 0.000000e+00 1.000000e+00
    outer loop
      vertex   -2.646153e+01 2.506742e+01 -1.260000e+02
      vertex   -2.673575e+01 2.038188e+01 -1.260000e+02
      vertex   -2.410588e+01 2.347851e+01 -1.260000e+02
    endloop
  endfacet
  facet normal 0.000000e+00 0.000000e+00 1.000000e+00
    outer loop
      vertex   -2.410588e+01 2.347851e+01 -1.260000e+02
      vertex   -2.673575e+01 2.038188e+01 -1.260000e+02
      vertex   -2.412338e+01 2.024331e+01 -1.260000e+02
    endloop
  endfacet
  facet normal -6.178631e-16 -1.164854e-14 1.000000e+00
    outer loop
      vertex   -2.412338e+01 2.024331e+01 -1.260000e+02
      vertex   -2.673575e+01 2.038188e+01 -1.260000e+02
      vertex   -2.571229e+01 1.788766e+01 -1.260000e+02
    endloop
  endfacet
  facet normal 1.771926e-16 -1.218481e-14 1.000000e+00
    outer loop
      vertex   -2.412338e+01 2.024331e+01 -1.260000e+02
      vertex   -2.571229e+01 1.788766e+01 -1.260000e+02
      vertex   -2.309435e+01 1.792573e+01 -1.260000e+02
    endloop
  endfacet
  facet normal -6.502707e-17 4.471646e-15 1.000000e+00
    outer loop
      vertex   -2.309435e+01 1.792573e+01 -1.260000e+02
      vertex   -2.571229e+01 1.788766e+01 -1.260000e+02
      vertex   -2.581244e+01 1.470821e+01 -1.260000e+02
    endloop
  endfacet
  facet normal 5.430753e-15 -1.710730e-16 1.000000e+00
    outer loop
      vertex   -2.309435e+01 1.792573e+01 -1.260000e+02
      vertex   -2.581244e+01 1.470821e+01 -1.260000e+02
      vertex   -2.325015e+01 1.297992e+01 -1.260000e+02
    endloop
  endfacet
  facet normal -3.795503e-15 -5.627065e-15 1.000000e+00
    outer loop
      vertex   -3.106101e+01 1.824841e+01 -1.260000e+02
      vertex   -2.870536e+01 1.665950e+01 -1.260000e+02
      vertex   -2.673575e+01 2.038188e+01 -1.260000e+02
    endloop
  endfacet
  facet normal 4.001927e-15 -9.752890e-15 1.000000e+00
    outer loop
      vertex   -2.673575e+01 2.038188e+01 -1.260000e+02
      vertex   -2.870536e+01 1.665950e+01 -1.260000e+02
      vertex   -2.571229e+01 1.788766e+01 -1.260000e+02
    endloop
  endfacet
  facet normal -3.936077e-15 -5.835474e-15 1.000000e+00
    outer loop
      vertex   -1.865067e+01 1.979893e+01 -1.260000e+02
      vertex   -2.125429e+01 2.155509e+01 -1.260000e+02
      vertex   -2.309435e+01 1.792573e+01 -1.260000e+02
    endloop
  endfacet
  facet normal 4.660836e-15 -1.019404e-14 1.000000e+00
    outer loop
      vertex   -2.309435e+01 1.792573e+01 -1.260000e+02
      vertex   -2.125429e+01 2.155509e+01 -1.260000e+02
      vertex   -2.412338e+01 2.024331e+01 -1.260000e+02
    endloop
  endfacet
  facet normal 9.936463e-01 1.125482e-01 0.000000e+00
    outer loop
      vertex   -3.247344e+01 2.551473e+01 -1.250000e+02
      vertex   -3.172128e+01 1.887416e+01 -1.250000e+02
      vertex   -3.247344e+01 2.551473e+01 -1.260000e+02
    endloop
  endfacet
  facet normal 9.936463e-01 1.125482e-01 0.000000e+00
    outer loop
      vertex   -3.247344e+01 2.551473e+01 -1.260000e+02
      vertex   -3.172128e+01 1.887416e+01 -1.250000e+02
      vertex   -3.172128e+01 1.887416e+01 -1.260000e+02
    endloop
  endfacet
  facet normal -4.036134e-01 9.149296e-01 0.000000e+00
    outer loop
      vertex   -3.172128e+01 1.887416e+01 -1.250000e+02
      vertex   -2.735566e+01 2.080001e+01 -1.250000e+02
      vertex   -3.172128e+01 1.887416e+01 -1.260000e+02
    endloop
  endfacet
  facet normal -4.036134e-01 9.149296e-01 0.000000e+00
    outer loop
      vertex   -3.172128e+01 1.887416e+01 -1.260000e+02
      vertex   -2.735566e+01 2.080001e+01 -1.250000e+02
      vertex   -2.735566e+01 2.080001e+01 -1.260000e+02
    endloop
  endfacet
  facet normal -9.995042e-01 3.148518e-02 0.000000e+00
    outer loop
      vertex   -2.735566e+01 2.080001e+01 -1.250000e+02
      vertex   -2.720543e+01 2.556919e+01 -1.250000e+02
      vertex   -2.735566e+01 2.080001e+01 -1.260000e+02
    endloop
  endfacet
  facet normal -9.995042e-01 3.148518e-02 0.000000e+00
    outer loop
      vertex   -2.735566e+01 2.080001e+01 -1.260000e+02
      vertex   -2.720543e+01 2.556919e+01 -1.250000e+02
      vertex   -2.720543e+01 2.556919e+01 -1.260000e+02
    endloop
  endfacet
  facet normal 8.290376e-01 -5.591929e-01 0.000000e+00
    outer loop
      vertex   -2.720543e+01 2.556919e+01 -1.250000e+02
      vertex   -2.996511e+01 2.147778e+01 -1.250000e+02
      vertex   -2.720543e+01 2.556919e+01 -1.260000e+02
    endloop
  endfacet
  facet normal 8.290376e-01 -5.591929e-01 0.000000e+00
    outer loop
      vertex   -2.720543e+01 2.556919e+01 -1.260000e+02
      vertex   -2.996511e+01 2.147778e+01 -1.250000e+02
      vertex   -2.996511e+01 2.147778e+01 -1.260000e+02
    endloop
  endfacet
  facet normal -9.918753e-01 -1.272137e-01 -0.000000e+00
    outer loop
      vertex   -2.996511e+01 2.147778e+01 -1.250000e+02
      vertex   -3.080090e+01 2.799437e+01 -1.250000e+02
      vertex   -2.996511e+01 2.147778e+01 -1.260000e+02
    endloop
  endfacet
  facet normal -9.918753e-01 -1.272137e-01 0.000000e+00
    outer loop
      vertex   -2.996511e+01 2.147778e+01 -1.260000e+02
      vertex   -3.080090e+01 2.799437e+01 -1.250000e+02
      vertex   -3.080090e+01 2.799437e+01 -1.260000e+02
    endloop
  endfacet
  facet normal -5.591929e-01 -8.290376e-01 -0.000000e+00
    outer loop
      vertex   -3.080090e+01 2.799437e+01 -1.250000e+02
      vertex   -3.278462e+01 2.933240e+01 -1.250000e+02
      vertex   -3.080090e+01 2.799437e+01 -1.260000e+02
    endloop
  endfacet
  facet normal -5.591929e-01 -8.290376e-01 0.000000e+00
    outer loop
      vertex   -3.080090e+01 2.799437e+01 -1.260000e+02
      vertex   -3.278462e+01 2.933240e+01 -1.250000e+02
      vertex   -3.278462e+01 2.933240e+01 -1.260000e+02
    endloop
  endfacet
  facet normal 8.290376e-01 -5.591929e-01 0.000000e+00
    outer loop
      vertex   -3.278462e+01 2.933240e+01 -1.250000e+02
      vertex   -3.730047e+01 2.263737e+01 -1.250000e+02
      vertex   -3.278462e+01 2.933240e+01 -1.260000e+02
    endloop
  endfacet
  facet normal 8.290376e-01 -5.591929e-01 0.000000e+00
    outer loop
      vertex   -3.278462e+01 2.933240e+01 -1.260000e+02
      vertex   -3.730047e+01 2.263737e+01 -1.250000e+02
      vertex   -3.730047e+01 2.263737e+01 -1.260000e+02
    endloop
  endfacet
  facet normal 5.591929e-01 8.290376e-01 0.000000e+00
    outer loop
      vertex   -3.730047e+01 2.263737e+01 -1.250000e+02
      vertex   -3.531676e+01 2.129934e+01 -1.250000e+02
      vertex   -3.730047e+01 2.263737e+01 -1.260000e+02
    endloop
  endfacet
  facet normal 5.591929e-01 8.290376e-01 0.000000e+00
    outer loop
      vertex   -3.730047e+01 2.263737e+01 -1.260000e+02
      vertex   -3.531676e+01 2.129934e+01 -1.250000e+02
      vertex   -3.531676e+01 2.129934e+01 -1.260000e+02
    endloop
  endfacet
  facet normal -8.290376e-01 5.591929e-01 0.000000e+00
    outer loop
      vertex   -3.531676e+01 2.129934e+01 -1.250000e+02
      vertex   -3.247344e+01 2.551473e+01 -1.250000e+02
      vertex   -3.531676e+01 2.129934e+01 -1.260000e+02
    endloop
  endfacet
  facet normal -8.290376e-01 5.591929e-01 0.000000e+00
    outer loop
      vertex   -3.531676e+01 2.129934e+01 -1.260000e+02
      vertex   -3.247344e+01 2.551473e+01 -1.250000e+02
      vertex   -3.247344e+01 2.551473e+01 -1.260000e+02
    endloop
  endfacet
  facet normal 0.000000e+00 -0.000000e+00 1.000000e+00
    outer loop
      vertex   -3.531676e+01 2.129934e+01 -1.260000e+02
      vertex   -3.247344e+01 2.551473e+01 -1.260000e+02
      vertex   -3.730047e+01 2.263737e+01 -1.260000e+02
    endloop
  endfacet
  facet normal 0.000000e+00 0.000000e+00 1.000000e+00
    outer loop
      vertex   -3.730047e+01 2.263737e+01 -1.260000e+02
      vertex   -3.247344e+01 2.551473e+01 -1.260000e+02
      vertex   -3.278462e+01 2.933240e+01 -1.260000e+02
    endloop
  endfacet
  facet normal 0.000000e+00 0.000000e+00 1.000000e+00
    outer loop
      vertex   -3.278462e+01 2.933240e+01 -1.260000e+02
      vertex   -3.247344e+01 2.551473e+01 -1.260000e+02
      vertex   -3.080090e+01 2.799437e+01 -1.260000e+02
    endloop
  endfacet
  facet normal 0.000000e+00 0.000000e+00 1.000000e+00
    outer loop
      vertex   -3.080090e+01 2.799437e+01 -1.260000e+02
      vertex   -3.247344e+01 2.551473e+01 -1.260000e+02
      vertex   -2.996511e+01 2.147778e+01 -1.260000e+02
    endloop
  endfacet
  facet normal -8.423974e-15 -5.234176e-15 1.000000e+00
    outer loop
      vertex   -2.996511e+01 2.147778e+01 -1.260000e+02
      vertex   -3.247344e+01 2.551473e+01 -1.260000e+02
      vertex   -3.172128e+01 1.887416e+01 -1.260000e+02
    endloop
  endfacet
  facet normal -2.412640e-15 -9.288872e-15 1.000000e+00
    outer loop
      vertex   -2.996511e+01 2.147778e+01 -1.260000e+02
      vertex   -3.172128e+01 1.887416e+01 -1.260000e+02
      vertex   -2.735566e+01 2.080001e+01 -1.260000e+02
    endloop
  endfacet
  facet normal 0.000000e+00 -0.000000e+00 1.000000e+00
    outer loop
      vertex   -2.735566e+01 2.080001e+01 -1.260000e+02
      vertex   -2.720543e+01 2.556919e+01 -1.260000e+02
      vertex   -2.996511e+01 2.147778e+01 -1.260000e+02
    endloop
  endfacet
  facet normal 9.997564e-01 -2.207267e-02 0.000000e+00
    outer loop
      vertex   -2.252036e+01 1.753856e+01 -1.250000e+02
      vertex   -2.263024e+01 1.256178e+01 -1.250000e+02
      vertex   -2.252036e+01 1.753856e+01 -1.260000e+02
    endloop
  endfacet
  facet normal 9.997564e-01 -2.207267e-02 0.000000e+00
    outer loop
      vertex   -2.252036e+01 1.753856e+01 -1.260000e+02
      vertex   -2.263024e+01 1.256178e+01 -1.250000e+02
      vertex   -2.263024e+01 1.256178e+01 -1.260000e+02
    endloop
  endfacet
  facet normal -8.290376e-01 5.591929e-01 0.000000e+00
    outer loop
      vertex   -2.263024e+01 1.256178e+01 -1.250000e+02
      vertex   -2.154309e+01 1.417355e+01 -1.250000e+02
      vertex   -2.263024e+01 1.256178e+01 -1.260000e+02
    endloop
  endfacet
  facet normal -8.290376e-01 5.591929e-01 0.000000e+00
    outer loop
      vertex   -2.263024e+01 1.256178e+01 -1.260000e+02
      vertex   -2.154309e+01 1.417355e+01 -1.250000e+02
      vertex   -2.154309e+01 1.417355e+01 -1.260000e+02
    endloop
  endfacet
  facet normal 5.591929e-01 8.290376e-01 0.000000e+00
    outer loop
      vertex   -2.154309e+01 1.417355e+01 -1.250000e+02
      vertex   -1.757566e+01 1.149749e+01 -1.250000e+02
      vertex   -2.154309e+01 1.417355e+01 -1.260000e+02
    endloop
  endfacet
  facet normal 5.591929e-01 8.290376e-01 0.000000e+00
    outer loop
      vertex   -2.154309e+01 1.417355e+01 -1.260000e+02
      vertex   -1.757566e+01 1.149749e+01 -1.250000e+02
      vertex   -1.757566e+01 1.149749e+01 -1.260000e+02
    endloop
  endfacet
  facet normal 2.988616e-01 9.542965e-01 0.000000e+00
    outer loop
      vertex   -1.757566e+01 1.149749e+01 -1.250000e+02
      vertex   -1.718514e+01 1.137519e+01 -1.250000e+02
      vertex   -1.757566e+01 1.149749e+01 -1.260000e+02
    endloop
  endfacet
  facet normal 2.988616e-01 9.542965e-01 0.000000e+00
    outer loop
      vertex   -1.757566e+01 1.149749e+01 -1.260000e+02
      vertex   -1.718514e+01 1.137519e+01 -1.250000e+02
      vertex   -1.718514e+01 1.137519e+01 -1.260000e+02
    endloop
  endfacet
  facet normal 6.001423e-02 9.981975e-01 -0.000000e+00
    outer loop
      vertex   -1.718514e+01 1.137519e+01 -1.260000e+02
      vertex   -1.718514e+01 1.137519e+01 -1.250000e+02
      vertex   -1.678462e+01 1.135111e+01 -1.250000e+02
    endloop
  endfacet
  facet normal 6.001423e-02 9.981975e-01 0.000000e+00
    outer loop
      vertex   -1.718514e+01 1.137519e+01 -1.260000e+02
      vertex   -1.678462e+01 1.135111e+01 -1.250000e+02
      vertex   -1.678462e+01 1.135111e+01 -1.260000e+02
    endloop
  endfacet
  facet normal -1.803953e-01 9.835942e-01 0.000000e+00
    outer loop
      vertex   -1.678462e+01 1.135111e+01 -1.260000e+02
      vertex   -1.678462e+01 1.135111e+01 -1.250000e+02
      vertex   -1.637486e+01 1.142626e+01 -1.250000e+02
    endloop
  endfacet
  facet normal -1.803953e-01 9.835942e-01 0.000000e+00
    outer loop
      vertex   -1.678462e+01 1.135111e+01 -1.260000e+02
      vertex   -1.637486e+01 1.142626e+01 -1.250000e+02
      vertex   -1.637486e+01 1.142626e+01 -1.260000e+02
    endloop
  endfacet
  facet normal -3.857338e-01 9.226101e-01 0.000000e+00
    outer loop
      vertex   -1.637486e+01 1.142626e+01 -1.260000e+02
      vertex   -1.637486e+01 1.142626e+01 -1.250000e+02
      vertex   -1.595814e+01 1.160049e+01 -1.250000e+02
    endloop
  endfacet
  facet normal -3.857338e-01 9.226101e-01 0.000000e+00
    outer loop
      vertex   -1.637486e+01 1.142626e+01 -1.260000e+02
      vertex   -1.595814e+01 1.160049e+01 -1.250000e+02
      vertex   -1.595814e+01 1.160049e+01 -1.260000e+02
    endloop
  endfacet
  facet normal -5.419634e-01 8.404021e-01 0.000000e+00
    outer loop
      vertex   -1.595814e+01 1.160049e+01 -1.260000e+02
      vertex   -1.595814e+01 1.160049e+01 -1.250000e+02
      vertex   -1.553915e+01 1.187068e+01 -1.250000e+02
    endloop
  endfacet
  facet normal -5.419634e-01 8.404021e-01 0.000000e+00
    outer loop
      vertex   -1.595814e+01 1.160049e+01 -1.260000e+02
      vertex   -1.553915e+01 1.187068e+01 -1.250000e+02
      vertex   -1.553915e+01 1.187068e+01 -1.260000e+02
    endloop
  endfacet
  facet normal -6.549341e-01 7.556860e-01 0.000000e+00
    outer loop
      vertex   -1.553915e+01 1.187068e+01 -1.260000e+02
      vertex   -1.553915e+01 1.187068e+01 -1.250000e+02
      vertex   -1.512602e+01 1.222874e+01 -1.250000e+02
    endloop
  endfacet
  facet normal -6.549341e-01 7.556860e-01 0.000000e+00
    outer loop
      vertex   -1.553915e+01 1.187068e+01 -1.260000e+02
      vertex   -1.512602e+01 1.222874e+01 -1.250000e+02
      vertex   -1.512602e+01 1.222874e+01 -1.260000e+02
    endloop
  endfacet
  facet normal -7.709326e-01 6.369168e-01 0.000000e+00
    outer loop
      vertex   -1.512602e+01 1.222874e+01 -1.260000e+02
      vertex   -1.512602e+01 1.222874e+01 -1.250000e+02
      vertex   -1.436836e+01 1.314582e+01 -1.250000e+02
    endloop
  endfacet
  facet normal -7.709326e-01 6.369168e-01 0.000000e+00
    outer loop
      vertex   -1.512602e+01 1.222874e+01 -1.260000e+02
      vertex   -1.436836e+01 1.314582e+01 -1.250000e+02
      vertex   -1.436836e+01 1.314582e+01 -1.260000e+02
    endloop
  endfacet
  facet normal -8.811768e-01 4.727870e-01 0.000000e+00
    outer loop
      vertex   -1.436836e+01 1.314582e+01 -1.260000e+02
      vertex   -1.436836e+01 1.314582e+01 -1.250000e+02
      vertex   -1.380742e+01 1.419130e+01 -1.250000e+02
    endloop
  endfacet
  facet normal -8.811768e-01 4.727870e-01 0.000000e+00
    outer loop
      vertex   -1.436836e+01 1.314582e+01 -1.260000e+02
      vertex   -1.380742e+01 1.419130e+01 -1.250000e+02
      vertex   -1.380742e+01 1.419130e+01 -1.260000e+02
    endloop
  endfacet
  facet normal -9.509095e-01 3.094692e-01 0.000000e+00
    outer loop
      vertex   -1.380742e+01 1.419130e+01 -1.260000e+02
      vertex   -1.380742e+01 1.419130e+01 -1.250000e+02
      vertex   -1.363883e+01 1.470932e+01 -1.250000e+02
    endloop
  endfacet
  facet normal -9.509095e-01 3.094692e-01 0.000000e+00
    outer loop
      vertex   -1.380742e+01 1.419130e+01 -1.260000e+02
      vertex   -1.363883e+01 1.470932e+01 -1.250000e+02
      vertex   -1.363883e+01 1.470932e+01 -1.260000e+02
    endloop
  endfacet
  facet normal -9.872495e-01 1.591802e-01 0.000000e+00
    outer loop
      vertex   -1.363883e+01 1.470932e+01 -1.260000e+02
      vertex   -1.363883e+01 1.470932e+01 -1.250000e+02
      vertex   -1.355936e+01 1.520222e+01 -1.250000e+02
    endloop
  endfacet
  facet normal -9.872495e-01 1.591802e-01 0.000000e+00
    outer loop
      vertex   -1.363883e+01 1.470932e+01 -1.260000e+02
      vertex   -1.355936e+01 1.520222e+01 -1.250000e+02
      vertex   -1.355936e+01 1.520222e+01 -1.260000e+02
    endloop
  endfacet
  facet normal -9.994888e-01 -3.197147e-02 0.000000e+00
    outer loop
      vertex   -1.355936e+01 1.520222e+01 -1.260000e+02
      vertex   -1.355936e+01 1.520222e+01 -1.250000e+02
      vertex   -1.357401e+01 1.566027e+01 -1.250000e+02
    endloop
  endfacet
  facet normal -9.994888e-01 -3.197147e-02 0.000000e+00
    outer loop
      vertex   -1.355936e+01 1.520222e+01 -1.260000e+02
      vertex   -1.357401e+01 1.566027e+01 -1.250000e+02
      vertex   -1.357401e+01 1.566027e+01 -1.260000e+02
    endloop
  endfacet
  facet normal -9.670291e-01 -2.546659e-01 0.000000e+00
    outer loop
      vertex   -1.357401e+01 1.566027e+01 -1.260000e+02
      vertex   -1.357401e+01 1.566027e+01 -1.250000e+02
      vertex   -1.368411e+01 1.607837e+01 -1.250000e+02
    endloop
  endfacet
  facet normal -9.670291e-01 -2.546659e-01 0.000000e+00
    outer loop
      vertex   -1.357401e+01 1.566027e+01 -1.260000e+02
      vertex   -1.368411e+01 1.607837e+01 -1.250000e+02
      vertex   -1.368411e+01 1.607837e+01 -1.260000e+02
    endloop
  endfacet
  facet normal -8.781893e-01 -4.783132e-01 0.000000e+00
    outer loop
      vertex   -1.368411e+01 1.607837e+01 -1.260000e+02
      vertex   -1.368411e+01 1.607837e+01 -1.250000e+02
      vertex   -1.388898e+01 1.645450e+01 -1.250000e+02
    endloop
  endfacet
  facet normal -8.781893e-01 -4.783132e-01 0.000000e+00
    outer loop
      vertex   -1.368411e+01 1.607837e+01 -1.260000e+02
      vertex   -1.388898e+01 1.645450e+01 -1.250000e+02
      vertex   -1.388898e+01 1.645450e+01 -1.260000e+02
    endloop
  endfacet
  facet normal -7.456653e-01 -6.663207e-01 0.000000e+00
    outer loop
      vertex   -1.388898e+01 1.645450e+01 -1.260000e+02
      vertex   -1.388898e+01 1.645450e+01 -1.250000e+02
      vertex   -1.418731e+01 1.678836e+01 -1.250000e+02
    endloop
  endfacet
  facet normal -7.456653e-01 -6.663207e-01 0.000000e+00
    outer loop
      vertex   -1.388898e+01 1.645450e+01 -1.260000e+02
      vertex   -1.418731e+01 1.678836e+01 -1.250000e+02
      vertex   -1.418731e+01 1.678836e+01 -1.260000e+02
    endloop
  endfacet
  facet normal -5.591929e-01 -8.290376e-01 -0.000000e+00
    outer loop
      vertex   -1.418731e+01 1.678836e+01 -1.250000e+02
      vertex   -1.803076e+01 1.938079e+01 -1.250000e+02
      vertex   -1.418731e+01 1.678836e+01 -1.260000e+02
    endloop
  endfacet
  facet normal -5.591929e-01 -8.290376e-01 0.000000e+00
    outer loop
      vertex   -1.418731e+01 1.678836e+01 -1.260000e+02
      vertex   -1.803076e+01 1.938079e+01 -1.250000e+02
      vertex   -1.803076e+01 1.938079e+01 -1.260000e+02
    endloop
  endfacet
  facet normal 3.796165e-01 -9.251439e-01 0.000000e+00
    outer loop
      vertex   -1.803076e+01 1.938079e+01 -1.250000e+02
      vertex   -2.252036e+01 1.753856e+01 -1.250000e+02
      vertex   -1.803076e+01 1.938079e+01 -1.260000e+02
    endloop
  endfacet
  facet normal 3.796165e-01 -9.251439e-01 0.000000e+00
    outer loop
      vertex   -1.803076e+01 1.938079e+01 -1.260000e+02
      vertex   -2.252036e+01 1.753856e+01 -1.250000e+02
      vertex   -2.252036e+01 1.753856e+01 -1.260000e+02
    endloop
  endfacet
  facet normal 1.265168e-15 1.875688e-15 1.000000e+00
    outer loop
      vertex   -1.418731e+01 1.678836e+01 -1.260000e+02
      vertex   -1.803076e+01 1.938079e+01 -1.260000e+02
      vertex   -2.154309e+01 1.417355e+01 -1.260000e+02
    endloop
  endfacet
  facet normal -1.548365e-15 3.773440e-15 1.000000e+00
    outer loop
      vertex   -2.154309e+01 1.417355e+01 -1.260000e+02
      vertex   -1.803076e+01 1.938079e+01 -1.260000e+02
      vertex   -2.252036e+01 1.753856e+01 -1.260000e+02
    endloop
  endfacet
  facet normal -1.351400e-14 2.983628e-16 1.000000e+00
    outer loop
      vertex   -2.154309e+01 1.417355e+01 -1.260000e+02
      vertex   -2.252036e+01 1.753856e+01 -1.260000e+02
      vertex   -2.263024e+01 1.256178e+01 -1.260000e+02
    endloop
  endfacet
  facet normal 1.098883e-15 -3.681200e-15 1.000000e+00
    outer loop
      vertex   -1.757566e+01 1.149749e+01 -1.260000e+02
      vertex   -1.512602e+01 1.222874e+01 -1.260000e+02
      vertex   -2.154309e+01 1.417355e+01 -1.260000e+02
    endloop
  endfacet
  facet normal 1.771087e-15 -1.463209e-15 1.000000e+00
    outer loop
      vertex   -2.154309e+01 1.417355e+01 -1.260000e+02
      vertex   -1.512602e+01 1.222874e+01 -1.260000e+02
      vertex   -1.436836e+01 1.314582e+01 -1.260000e+02
    endloop
  endfacet
  facet normal 1.966680e-15 -9.775102e-17 1.000000e+00
    outer loop
      vertex   -2.154309e+01 1.417355e+01 -1.260000e+02
      vertex   -1.436836e+01 1.314582e+01 -1.260000e+02
      vertex   -1.418731e+01 1.678836e+01 -1.260000e+02
    endloop
  endfacet
  facet normal -5.584070e-14 2.775482e-15 1.000000e+00
    outer loop
      vertex   -1.418731e+01 1.678836e+01 -1.260000e+02
      vertex   -1.436836e+01 1.314582e+01 -1.260000e+02
      vertex   -1.380742e+01 1.419130e+01 -1.260000e+02
    endloop
  endfacet
  facet normal -2.319955e-14 7.550188e-15 1.000000e+00
    outer loop
      vertex   -1.418731e+01 1.678836e+01 -1.260000e+02
      vertex   -1.380742e+01 1.419130e+01 -1.260000e+02
      vertex   -1.363883e+01 1.470932e+01 -1.260000e+02
    endloop
  endfacet
  facet normal -0.000000e+00 -0.000000e+00 1.000000e+00
    outer loop
      vertex   -1.718514e+01 1.137519e+01 -1.260000e+02
      vertex   -1.678462e+01 1.135111e+01 -1.260000e+02
      vertex   -1.757566e+01 1.149749e+01 -1.260000e+02
    endloop
  endfacet
  facet normal 0.000000e+00 0.000000e+00 1.000000e+00
    outer loop
      vertex   -1.757566e+01 1.149749e+01 -1.260000e+02
      vertex   -1.678462e+01 1.135111e+01 -1.260000e+02
      vertex   -1.637486e+01 1.142626e+01 -1.260000e+02
    endloop
  endfacet
  facet normal -0.000000e+00 0.000000e+00 1.000000e+00
    outer loop
      vertex   -1.757566e+01 1.149749e+01 -1.260000e+02
      vertex   -1.637486e+01 1.142626e+01 -1.260000e+02
      vertex   -1.595814e+01 1.160049e+01 -1.260000e+02
    endloop
  endfacet
  facet normal 0.000000e+00 -0.000000e+00 1.000000e+00
    outer loop
      vertex   -1.595814e+01 1.160049e+01 -1.260000e+02
      vertex   -1.553915e+01 1.187068e+01 -1.260000e+02
      vertex   -1.757566e+01 1.149749e+01 -1.260000e+02
    endloop
  endfacet
  facet normal 0.000000e+00 0.000000e+00 1.000000e+00
    outer loop
      vertex   -1.757566e+01 1.149749e+01 -1.260000e+02
      vertex   -1.553915e+01 1.187068e+01 -1.260000e+02
      vertex   -1.512602e+01 1.222874e+01 -1.260000e+02
    endloop
  endfacet
  facet normal -3.216220e-14 5.185706e-15 1.000000e+00
    outer loop
      vertex   -1.363883e+01 1.470932e+01 -1.260000e+02
      vertex   -1.355936e+01 1.520222e+01 -1.260000e+02
      vertex   -1.418731e+01 1.678836e+01 -1.260000e+02
    endloop
  endfacet
  facet normal -4.923900e-14 -1.575048e-15 1.000000e+00
    outer loop
      vertex   -1.418731e+01 1.678836e+01 -1.260000e+02
      vertex   -1.355936e+01 1.520222e+01 -1.260000e+02
      vertex   -1.357401e+01 1.566027e+01 -1.260000e+02
    endloop
  endfacet
  facet normal 1.526286e-13 1.081739e-13 1.000000e+00
    outer loop
      vertex   -1.418731e+01 1.678836e+01 -1.260000e+02
      vertex   -1.357401e+01 1.566027e+01 -1.260000e+02
      vertex   -1.368411e+01 1.607837e+01 -1.260000e+02
    endloop
  endfacet
  facet normal 0.000000e+00 0.000000e+00 1.000000e+00
    outer loop
      vertex   -1.368411e+01 1.607837e+01 -1.260000e+02
      vertex   -1.388898e+01 1.645450e+01 -1.260000e+02
      vertex   -1.418731e+01 1.678836e+01 -1.260000e+02
    endloop
  endfacet
  facet normal 9.914449e-01 -1.305262e-01 0.000000e+00
    outer loop
      vertex   2.758821e+01 7.962303e+01 -1.290000e+02
      vertex   2.758821e+01 7.962303e+01 -1.250000e+02
      vertex   2.749960e+01 7.895000e+01 -1.290000e+02
    endloop
  endfacet
  facet normal 9.914449e-01 -1.305262e-01 0.000000e+00
    outer loop
      vertex   2.749960e+01 7.895000e+01 -1.290000e+02
      vertex   2.758821e+01 7.962303e+01 -1.250000e+02
      vertex   2.749960e+01 7.895000e+01 -1.250000e+02
    endloop
  endfacet
  facet normal 9.914449e-01 1.305262e-01 -0.000000e+00
    outer loop
      vertex   2.749960e+01 7.895000e+01 -1.290000e+02
      vertex   2.749960e+01 7.895000e+01 -1.250000e+02
      vertex   2.758821e+01 7.827697e+01 -1.290000e+02
    endloop
  endfacet
  facet normal 9.914449e-01 1.305262e-01 -0.000000e+00
    outer loop
      vertex   2.758821e+01 7.827697e+01 -1.290000e+02
      vertex   2.749960e+01 7.895000e+01 -1.250000e+02
      vertex   2.758821e+01 7.827697e+01 -1.250000e+02
    endloop
  endfacet
  facet normal 9.238795e-01 3.826834e-01 -0.000000e+00
    outer loop
      vertex   2.758821e+01 7.827697e+01 -1.290000e+02
      vertex   2.758821e+01 7.827697e+01 -1.250000e+02
      vertex   2.784799e+01 7.764980e+01 -1.290000e+02
    endloop
  endfacet
  facet normal 9.238795e-01 3.826834e-01 -0.000000e+00
    outer loop
      vertex   2.784799e+01 7.764980e+01 -1.290000e+02
      vertex   2.758821e+01 7.827697e+01 -1.250000e+02
      vertex   2.784799e+01 7.764980e+01 -1.250000e+02
    endloop
  endfacet
  facet normal 7.933533e-01 6.087614e-01 -0.000000e+00
    outer loop
      vertex   2.784799e+01 7.764980e+01 -1.290000e+02
      vertex   2.784799e+01 7.764980e+01 -1.250000e+02
      vertex   2.826124e+01 7.711124e+01 -1.290000e+02
    endloop
  endfacet
  facet normal 7.933533e-01 6.087614e-01 -0.000000e+00
    outer loop
      vertex   2.826124e+01 7.711124e+01 -1.290000e+02
      vertex   2.784799e+01 7.764980e+01 -1.250000e+02
      vertex   2.826124e+01 7.711124e+01 -1.250000e+02
    endloop
  endfacet
  facet normal 6.087614e-01 7.933533e-01 -0.000000e+00
    outer loop
      vertex   2.826124e+01 7.711124e+01 -1.290000e+02
      vertex   2.826124e+01 7.711124e+01 -1.250000e+02
      vertex   2.879980e+01 7.669799e+01 -1.290000e+02
    endloop
  endfacet
  facet normal 6.087614e-01 7.933533e-01 -0.000000e+00
    outer loop
      vertex   2.879980e+01 7.669799e+01 -1.290000e+02
      vertex   2.826124e+01 7.711124e+01 -1.250000e+02
      vertex   2.879980e+01 7.669799e+01 -1.250000e+02
    endloop
  endfacet
  facet normal 3.826834e-01 9.238795e-01 -0.000000e+00
    outer loop
      vertex   2.879980e+01 7.669799e+01 -1.290000e+02
      vertex   2.879980e+01 7.669799e+01 -1.250000e+02
      vertex   2.942697e+01 7.643821e+01 -1.290000e+02
    endloop
  endfacet
  facet normal 3.826834e-01 9.238795e-01 -0.000000e+00
    outer loop
      vertex   2.942697e+01 7.643821e+01 -1.290000e+02
      vertex   2.879980e+01 7.669799e+01 -1.250000e+02
      vertex   2.942697e+01 7.643821e+01 -1.250000e+02
    endloop
  endfacet
  facet normal 1.305262e-01 9.914449e-01 -0.000000e+00
    outer loop
      vertex   2.942697e+01 7.643821e+01 -1.290000e+02
      vertex   2.942697e+01 7.643821e+01 -1.250000e+02
      vertex   3.010000e+01 7.634960e+01 -1.290000e+02
    endloop
  endfacet
  facet normal 1.305262e-01 9.914449e-01 -0.000000e+00
    outer loop
      vertex   3.010000e+01 7.634960e+01 -1.290000e+02
      vertex   2.942697e+01 7.643821e+01 -1.250000e+02
      vertex   3.010000e+01 7.634960e+01 -1.250000e+02
    endloop
  endfacet
  facet normal -1.305262e-01 9.914449e-01 0.000000e+00
    outer loop
      vertex   3.010000e+01 7.634960e+01 -1.290000e+02
      vertex   3.010000e+01 7.634960e+01 -1.250000e+02
      vertex   3.077303e+01 7.643821e+01 -1.290000e+02
    endloop
  endfacet
  facet normal -1.305262e-01 9.914449e-01 -3.522320e-15
    outer loop
      vertex   3.077303e+01 7.643821e+01 -1.290000e+02
      vertex   3.010000e+01 7.634960e+01 -1.250000e+02
      vertex   3.077303e+01 7.643821e+01 -1.250000e+02
    endloop
  endfacet
  facet normal -3.826834e-01 9.238795e-01 -3.282279e-15
    outer loop
      vertex   3.077303e+01 7.643821e+01 -1.290000e+02
      vertex   3.077303e+01 7.643821e+01 -1.250000e+02
      vertex   3.140020e+01 7.669799e+01 -1.290000e+02
    endloop
  endfacet
  facet normal -3.826834e-01 9.238795e-01 0.000000e+00
    outer loop
      vertex   3.140020e+01 7.669799e+01 -1.290000e+02
      vertex   3.077303e+01 7.643821e+01 -1.250000e+02
      vertex   3.140020e+01 7.669799e+01 -1.250000e+02
    endloop
  endfacet
  facet normal -6.087614e-01 7.933533e-01 0.000000e+00
    outer loop
      vertex   3.140020e+01 7.669799e+01 -1.290000e+02
      vertex   3.140020e+01 7.669799e+01 -1.250000e+02
      vertex   3.193876e+01 7.711124e+01 -1.290000e+02
    endloop
  endfacet
  facet normal -6.087614e-01 7.933533e-01 -2.818557e-15
    outer loop
      vertex   3.193876e+01 7.711124e+01 -1.290000e+02
      vertex   3.140020e+01 7.669799e+01 -1.250000e+02
      vertex   3.193876e+01 7.711124e+01 -1.250000e+02
    endloop
  endfacet
  facet normal -7.933533e-01 6.087614e-01 -2.162755e-15
    outer loop
      vertex   3.193876e+01 7.711124e+01 -1.290000e+02
      vertex   3.193876e+01 7.711124e+01 -1.250000e+02
      vertex   3.235201e+01 7.764980e+01 -1.290000e+02
    endloop
  endfacet
  facet normal -7.933533e-01 6.087614e-01 0.000000e+00
    outer loop
      vertex   3.235201e+01 7.764980e+01 -1.290000e+02
      vertex   3.193876e+01 7.711124e+01 -1.250000e+02
      vertex   3.235201e+01 7.764980e+01 -1.250000e+02
    endloop
  endfacet
  facet normal -9.238795e-01 3.826834e-01 0.000000e+00
    outer loop
      vertex   3.235201e+01 7.764980e+01 -1.290000e+02
      vertex   3.235201e+01 7.764980e+01 -1.250000e+02
      vertex   3.261179e+01 7.827697e+01 -1.290000e+02
    endloop
  endfacet
  facet normal -9.238795e-01 3.826834e-01 0.000000e+00
    outer loop
      vertex   3.261179e+01 7.827697e+01 -1.290000e+02
      vertex   3.235201e+01 7.764980e+01 -1.250000e+02
      vertex   3.261179e+01 7.827697e+01 -1.250000e+02
    endloop
  endfacet
  facet normal -9.914449e-01 1.305262e-01 0.000000e+00
    outer loop
      vertex   3.261179e+01 7.827697e+01 -1.290000e+02
      vertex   3.261179e+01 7.827697e+01 -1.250000e+02
      vertex   3.270040e+01 7.895000e+01 -1.290000e+02
    endloop
  endfacet
  facet normal -9.914449e-01 1.305262e-01 0.000000e+00
    outer loop
      vertex   3.270040e+01 7.895000e+01 -1.290000e+02
      vertex   3.261179e+01 7.827697e+01 -1.250000e+02
      vertex   3.270040e+01 7.895000e+01 -1.250000e+02
    endloop
  endfacet
  facet normal -9.914449e-01 -1.305262e-01 0.000000e+00
    outer loop
      vertex   3.270040e+01 7.895000e+01 -1.290000e+02
      vertex   3.270040e+01 7.895000e+01 -1.250000e+02
      vertex   3.261179e+01 7.962303e+01 -1.290000e+02
    endloop
  endfacet
  facet normal -9.914449e-01 -1.305262e-01 0.000000e+00
    outer loop
      vertex   3.261179e+01 7.962303e+01 -1.290000e+02
      vertex   3.270040e+01 7.895000e+01 -1.250000e+02
      vertex   3.261179e+01 7.962303e+01 -1.250000e+02
    endloop
  endfacet
  facet normal -9.238795e-01 -3.826834e-01 0.000000e+00
    outer loop
      vertex   3.261179e+01 7.962303e+01 -1.290000e+02
      vertex   3.261179e+01 7.962303e+01 -1.250000e+02
      vertex   3.235201e+01 8.025020e+01 -1.290000e+02
    endloop
  endfacet
  facet normal -9.238795e-01 -3.826834e-01 0.000000e+00
    outer loop
      vertex   3.235201e+01 8.025020e+01 -1.290000e+02
      vertex   3.261179e+01 7.962303e+01 -1.250000e+02
      vertex   3.235201e+01 8.025020e+01 -1.250000e+02
    endloop
  endfacet
  facet normal -7.933533e-01 -6.087614e-01 0.000000e+00
    outer loop
      vertex   3.235201e+01 8.025020e+01 -1.290000e+02
      vertex   3.235201e+01 8.025020e+01 -1.250000e+02
      vertex   3.193876e+01 8.078876e+01 -1.290000e+02
    endloop
  endfacet
  facet normal -7.933533e-01 -6.087614e-01 0.000000e+00
    outer loop
      vertex   3.193876e+01 8.078876e+01 -1.290000e+02
      vertex   3.235201e+01 8.025020e+01 -1.250000e+02
      vertex   3.193876e+01 8.078876e+01 -1.250000e+02
    endloop
  endfacet
  facet normal -6.087614e-01 -7.933533e-01 0.000000e+00
    outer loop
      vertex   3.193876e+01 8.078876e+01 -1.290000e+02
      vertex   3.193876e+01 8.078876e+01 -1.250000e+02
      vertex   3.140020e+01 8.120201e+01 -1.290000e+02
    endloop
  endfacet
  facet normal -6.087614e-01 -7.933533e-01 0.000000e+00
    outer loop
      vertex   3.140020e+01 8.120201e+01 -1.290000e+02
      vertex   3.193876e+01 8.078876e+01 -1.250000e+02
      vertex   3.140020e+01 8.120201e+01 -1.250000e+02
    endloop
  endfacet
  facet normal -3.826834e-01 -9.238795e-01 0.000000e+00
    outer loop
      vertex   3.140020e+01 8.120201e+01 -1.290000e+02
      vertex   3.140020e+01 8.120201e+01 -1.250000e+02
      vertex   3.077303e+01 8.146179e+01 -1.290000e+02
    endloop
  endfacet
  facet normal -3.826834e-01 -9.238795e-01 0.000000e+00
    outer loop
      vertex   3.077303e+01 8.146179e+01 -1.290000e+02
      vertex   3.140020e+01 8.120201e+01 -1.250000e+02
      vertex   3.077303e+01 8.146179e+01 -1.250000e+02
    endloop
  endfacet
  facet normal -1.305262e-01 -9.914449e-01 0.000000e+00
    outer loop
      vertex   3.077303e+01 8.146179e+01 -1.290000e+02
      vertex   3.077303e+01 8.146179e+01 -1.250000e+02
      vertex   3.010000e+01 8.155040e+01 -1.290000e+02
    endloop
  endfacet
  facet normal -1.305262e-01 -9.914449e-01 0.000000e+00
    outer loop
      vertex   3.010000e+01 8.155040e+01 -1.290000e+02
      vertex   3.077303e+01 8.146179e+01 -1.250000e+02
      vertex   3.010000e+01 8.155040e+01 -1.250000e+02
    endloop
  endfacet
  facet normal 1.305262e-01 -9.914449e-01 0.000000e+00
    outer loop
      vertex   3.010000e+01 8.155040e+01 -1.290000e+02
      vertex   3.010000e+01 8.155040e+01 -1.250000e+02
      vertex   2.942697e+01 8.146179e+01 -1.290000e+02
    endloop
  endfacet
  facet normal 1.305262e-01 -9.914449e-01 0.000000e+00
    outer loop
      vertex   2.942697e+01 8.146179e+01 -1.290000e+02
      vertex   3.010000e+01 8.155040e+01 -1.250000e+02
      vertex   2.942697e+01 8.146179e+01 -1.250000e+02
    endloop
  endfacet
  facet normal 3.826834e-01 -9.238795e-01 0.000000e+00
    outer loop
      vertex   2.942697e+01 8.146179e+01 -1.290000e+02
      vertex   2.942697e+01 8.146179e+01 -1.250000e+02
      vertex   2.879980e+01 8.120201e+01 -1.290000e+02
    endloop
  endfacet
  facet normal 3.826834e-01 -9.238795e-01 0.000000e+00
    outer loop
      vertex   2.879980e+01 8.120201e+01 -1.290000e+02
      vertex   2.942697e+01 8.146179e+01 -1.250000e+02
      vertex   2.879980e+01 8.120201e+01 -1.250000e+02
    endloop
  endfacet
  facet normal 6.087614e-01 -7.933533e-01 0.000000e+00
    outer loop
      vertex   2.879980e+01 8.120201e+01 -1.290000e+02
      vertex   2.879980e+01 8.120201e+01 -1.250000e+02
      vertex   2.826124e+01 8.078876e+01 -1.290000e+02
    endloop
  endfacet
  facet normal 6.087614e-01 -7.933533e-01 0.000000e+00
    outer loop
      vertex   2.826124e+01 8.078876e+01 -1.290000e+02
      vertex   2.879980e+01 8.120201e+01 -1.250000e+02
      vertex   2.826124e+01 8.078876e+01 -1.250000e+02
    endloop
  endfacet
  facet normal 7.933533e-01 -6.087614e-01 0.000000e+00
    outer loop
      vertex   2.826124e+01 8.078876e+01 -1.290000e+02
      vertex   2.826124e+01 8.078876e+01 -1.250000e+02
      vertex   2.784799e+01 8.025020e+01 -1.290000e+02
    endloop
  endfacet
  facet normal 7.933533e-01 -6.087614e-01 0.000000e+00
    outer loop
      vertex   2.784799e+01 8.025020e+01 -1.290000e+02
      vertex   2.826124e+01 8.078876e+01 -1.250000e+02
      vertex   2.784799e+01 8.025020e+01 -1.250000e+02
    endloop
  endfacet
  facet normal 9.238795e-01 -3.826834e-01 0.000000e+00
    outer loop
      vertex   2.784799e+01 8.025020e+01 -1.290000e+02
      vertex   2.784799e+01 8.025020e+01 -1.250000e+02
      vertex   2.758821e+01 7.962303e+01 -1.290000e+02
    endloop
  endfacet
  facet normal 9.238795e-01 -3.826834e-01 0.000000e+00
    outer loop
      vertex   2.758821e+01 7.962303e+01 -1.290000e+02
      vertex   2.784799e+01 8.025020e+01 -1.250000e+02
      vertex   2.758821e+01 7.962303e+01 -1.250000e+02
    endloop
  endfacet
  facet normal 9.914449e-01 -1.305262e-01 0.000000e+00
    outer loop
      vertex   -3.243028e+01 7.963269e+01 -1.290000e+02
      vertex   -3.243028e+01 7.963269e+01 -1.250000e+02
      vertex   -3.251887e+01 7.895976e+01 -1.290000e+02
    endloop
  endfacet
  facet normal 9.914449e-01 -1.305262e-01 0.000000e+00
    outer loop
      vertex   -3.251887e+01 7.895976e+01 -1.290000e+02
      vertex   -3.243028e+01 7.963269e+01 -1.250000e+02
      vertex   -3.251887e+01 7.895976e+01 -1.250000e+02
    endloop
  endfacet
  facet normal 9.914449e-01 1.305262e-01 -0.000000e+00
    outer loop
      vertex   -3.251887e+01 7.895976e+01 -1.290000e+02
      vertex   -3.251887e+01 7.895976e+01 -1.250000e+02
      vertex   -3.243028e+01 7.828684e+01 -1.290000e+02
    endloop
  endfacet
  facet normal 9.914449e-01 1.305262e-01 -0.000000e+00
    outer loop
      vertex   -3.243028e+01 7.828684e+01 -1.290000e+02
      vertex   -3.251887e+01 7.895976e+01 -1.250000e+02
      vertex   -3.243028e+01 7.828684e+01 -1.250000e+02
    endloop
  endfacet
  facet normal 9.238795e-01 3.826834e-01 -0.000000e+00
    outer loop
      vertex   -3.243028e+01 7.828684e+01 -1.290000e+02
      vertex   -3.243028e+01 7.828684e+01 -1.250000e+02
      vertex   -3.217054e+01 7.765976e+01 -1.290000e+02
    endloop
  endfacet
  facet normal 9.238795e-01 3.826834e-01 -0.000000e+00
    outer loop
      vertex   -3.217054e+01 7.765976e+01 -1.290000e+02
      vertex   -3.243028e+01 7.828684e+01 -1.250000e+02
      vertex   -3.217054e+01 7.765976e+01 -1.250000e+02
    endloop
  endfacet
  facet normal 7.933533e-01 6.087614e-01 -0.000000e+00
    outer loop
      vertex   -3.217054e+01 7.765976e+01 -1.290000e+02
      vertex   -3.217054e+01 7.765976e+01 -1.250000e+02
      vertex   -3.175735e+01 7.712129e+01 -1.290000e+02
    endloop
  endfacet
  facet normal 7.933533e-01 6.087614e-01 -0.000000e+00
    outer loop
      vertex   -3.175735e+01 7.712129e+01 -1.290000e+02
      vertex   -3.217054e+01 7.765976e+01 -1.250000e+02
      vertex   -3.175735e+01 7.712129e+01 -1.250000e+02
    endloop
  endfacet
  facet normal 6.087614e-01 7.933533e-01 -0.000000e+00
    outer loop
      vertex   -3.175735e+01 7.712129e+01 -1.290000e+02
      vertex   -3.175735e+01 7.712129e+01 -1.250000e+02
      vertex   -3.121887e+01 7.670810e+01 -1.290000e+02
    endloop
  endfacet
  facet normal 6.087614e-01 7.933533e-01 -0.000000e+00
    outer loop
      vertex   -3.121887e+01 7.670810e+01 -1.290000e+02
      vertex   -3.175735e+01 7.712129e+01 -1.250000e+02
      vertex   -3.121887e+01 7.670810e+01 -1.250000e+02
    endloop
  endfacet
  facet normal 3.826834e-01 9.238795e-01 -0.000000e+00
    outer loop
      vertex   -3.121887e+01 7.670810e+01 -1.290000e+02
      vertex   -3.121887e+01 7.670810e+01 -1.250000e+02
      vertex   -3.059180e+01 7.644836e+01 -1.290000e+02
    endloop
  endfacet
  facet normal 3.826834e-01 9.238795e-01 -0.000000e+00
    outer loop
      vertex   -3.059180e+01 7.644836e+01 -1.290000e+02
      vertex   -3.121887e+01 7.670810e+01 -1.250000e+02
      vertex   -3.059180e+01 7.644836e+01 -1.250000e+02
    endloop
  endfacet
  facet normal 1.305262e-01 9.914449e-01 -0.000000e+00
    outer loop
      vertex   -3.059180e+01 7.644836e+01 -1.290000e+02
      vertex   -3.059180e+01 7.644836e+01 -1.250000e+02
      vertex   -2.991887e+01 7.635976e+01 -1.290000e+02
    endloop
  endfacet
  facet normal 1.305262e-01 9.914449e-01 -0.000000e+00
    outer loop
      vertex   -2.991887e+01 7.635976e+01 -1.290000e+02
      vertex   -3.059180e+01 7.644836e+01 -1.250000e+02
      vertex   -2.991887e+01 7.635976e+01 -1.250000e+02
    endloop
  endfacet
  facet normal -1.305262e-01 9.914449e-01 0.000000e+00
    outer loop
      vertex   -2.991887e+01 7.635976e+01 -1.290000e+02
      vertex   -2.991887e+01 7.635976e+01 -1.250000e+02
      vertex   -2.924594e+01 7.644836e+01 -1.290000e+02
    endloop
  endfacet
  facet normal -1.305262e-01 9.914449e-01 0.000000e+00
    outer loop
      vertex   -2.924594e+01 7.644836e+01 -1.290000e+02
      vertex   -2.991887e+01 7.635976e+01 -1.250000e+02
      vertex   -2.924594e+01 7.644836e+01 -1.250000e+02
    endloop
  endfacet
  facet normal -3.826834e-01 9.238795e-01 0.000000e+00
    outer loop
      vertex   -2.924594e+01 7.644836e+01 -1.290000e+02
      vertex   -2.924594e+01 7.644836e+01 -1.250000e+02
      vertex   -2.861887e+01 7.670810e+01 -1.290000e+02
    endloop
  endfacet
  facet normal -3.826834e-01 9.238795e-01 0.000000e+00
    outer loop
      vertex   -2.861887e+01 7.670810e+01 -1.290000e+02
      vertex   -2.924594e+01 7.644836e+01 -1.250000e+02
      vertex   -2.861887e+01 7.670810e+01 -1.250000e+02
    endloop
  endfacet
  facet normal -6.087614e-01 7.933533e-01 0.000000e+00
    outer loop
      vertex   -2.861887e+01 7.670810e+01 -1.290000e+02
      vertex   -2.861887e+01 7.670810e+01 -1.250000e+02
      vertex   -2.808039e+01 7.712129e+01 -1.290000e+02
    endloop
  endfacet
  facet normal -6.087614e-01 7.933533e-01 0.000000e+00
    outer loop
      vertex   -2.808039e+01 7.712129e+01 -1.290000e+02
      vertex   -2.861887e+01 7.670810e+01 -1.250000e+02
      vertex   -2.808039e+01 7.712129e+01 -1.250000e+02
    endloop
  endfacet
  facet normal -7.933533e-01 6.087614e-01 0.000000e+00
    outer loop
      vertex   -2.808039e+01 7.712129e+01 -1.290000e+02
      vertex   -2.808039e+01 7.712129e+01 -1.250000e+02
      vertex   -2.766721e+01 7.765976e+01 -1.290000e+02
    endloop
  endfacet
  facet normal -7.933533e-01 6.087614e-01 7.046393e-16
    outer loop
      vertex   -2.766721e+01 7.765976e+01 -1.290000e+02
      vertex   -2.808039e+01 7.712129e+01 -1.250000e+02
      vertex   -2.766721e+01 7.765976e+01 -1.250000e+02
    endloop
  endfacet
  facet normal -9.238795e-01 3.826834e-01 8.205699e-16
    outer loop
      vertex   -2.766721e+01 7.765976e+01 -1.290000e+02
      vertex   -2.766721e+01 7.765976e+01 -1.250000e+02
      vertex   -2.740746e+01 7.828684e+01 -1.290000e+02
    endloop
  endfacet
  facet normal -9.238795e-01 3.826834e-01 -1.359565e-15
    outer loop
      vertex   -2.740746e+01 7.828684e+01 -1.290000e+02
      vertex   -2.766721e+01 7.765976e+01 -1.250000e+02
      vertex   -2.740746e+01 7.828684e+01 -1.250000e+02
    endloop
  endfacet
  facet normal -9.914449e-01 1.305262e-01 -4.637222e-16
    outer loop
      vertex   -2.740746e+01 7.828684e+01 -1.290000e+02
      vertex   -2.740746e+01 7.828684e+01 -1.250000e+02
      vertex   -2.731887e+01 7.895976e+01 -1.290000e+02
    endloop
  endfacet
  facet normal -9.914449e-01 1.305262e-01 0.000000e+00
    outer loop
      vertex   -2.731887e+01 7.895976e+01 -1.290000e+02
      vertex   -2.740746e+01 7.828684e+01 -1.250000e+02
      vertex   -2.731887e+01 7.895976e+01 -1.250000e+02
    endloop
  endfacet
  facet normal -9.914449e-01 -1.305262e-01 0.000000e+00
    outer loop
      vertex   -2.731887e+01 7.895976e+01 -1.290000e+02
      vertex   -2.731887e+01 7.895976e+01 -1.250000e+02
      vertex   -2.740746e+01 7.963269e+01 -1.290000e+02
    endloop
  endfacet
  facet normal -9.914449e-01 -1.305262e-01 0.000000e+00
    outer loop
      vertex   -2.740746e+01 7.963269e+01 -1.290000e+02
      vertex   -2.731887e+01 7.895976e+01 -1.250000e+02
      vertex   -2.740746e+01 7.963269e+01 -1.250000e+02
    endloop
  endfacet
  facet normal -9.238795e-01 -3.826834e-01 0.000000e+00
    outer loop
      vertex   -2.740746e+01 7.963269e+01 -1.290000e+02
      vertex   -2.740746e+01 7.963269e+01 -1.250000e+02
      vertex   -2.766721e+01 8.025976e+01 -1.290000e+02
    endloop
  endfacet
  facet normal -9.238795e-01 -3.826834e-01 -8.205699e-16
    outer loop
      vertex   -2.766721e+01 8.025976e+01 -1.290000e+02
      vertex   -2.740746e+01 7.963269e+01 -1.250000e+02
      vertex   -2.766721e+01 8.025976e+01 -1.250000e+02
    endloop
  endfacet
  facet normal -7.933533e-01 -6.087614e-01 -7.046393e-16
    outer loop
      vertex   -2.766721e+01 8.025976e+01 -1.290000e+02
      vertex   -2.766721e+01 8.025976e+01 -1.250000e+02
      vertex   -2.808039e+01 8.079824e+01 -1.290000e+02
    endloop
  endfacet
  facet normal -7.933533e-01 -6.087614e-01 0.000000e+00
    outer loop
      vertex   -2.808039e+01 8.079824e+01 -1.290000e+02
      vertex   -2.766721e+01 8.025976e+01 -1.250000e+02
      vertex   -2.808039e+01 8.079824e+01 -1.250000e+02
    endloop
  endfacet
  facet normal -6.087614e-01 -7.933533e-01 0.000000e+00
    outer loop
      vertex   -2.808039e+01 8.079824e+01 -1.290000e+02
      vertex   -2.808039e+01 8.079824e+01 -1.250000e+02
      vertex   -2.861887e+01 8.121143e+01 -1.290000e+02
    endloop
  endfacet
  facet normal -6.087614e-01 -7.933533e-01 0.000000e+00
    outer loop
      vertex   -2.861887e+01 8.121143e+01 -1.290000e+02
      vertex   -2.808039e+01 8.079824e+01 -1.250000e+02
      vertex   -2.861887e+01 8.121143e+01 -1.250000e+02
    endloop
  endfacet
  facet normal -3.826834e-01 -9.238795e-01 0.000000e+00
    outer loop
      vertex   -2.861887e+01 8.121143e+01 -1.290000e+02
      vertex   -2.861887e+01 8.121143e+01 -1.250000e+02
      vertex   -2.924594e+01 8.147117e+01 -1.290000e+02
    endloop
  endfacet
  facet normal -3.826834e-01 -9.238795e-01 0.000000e+00
    outer loop
      vertex   -2.924594e+01 8.147117e+01 -1.290000e+02
      vertex   -2.861887e+01 8.121143e+01 -1.250000e+02
      vertex   -2.924594e+01 8.147117e+01 -1.250000e+02
    endloop
  endfacet
  facet normal -1.305262e-01 -9.914449e-01 0.000000e+00
    outer loop
      vertex   -2.924594e+01 8.147117e+01 -1.290000e+02
      vertex   -2.924594e+01 8.147117e+01 -1.250000e+02
      vertex   -2.991887e+01 8.155976e+01 -1.290000e+02
    endloop
  endfacet
  facet normal -1.305262e-01 -9.914449e-01 0.000000e+00
    outer loop
      vertex   -2.991887e+01 8.155976e+01 -1.290000e+02
      vertex   -2.924594e+01 8.147117e+01 -1.250000e+02
      vertex   -2.991887e+01 8.155976e+01 -1.250000e+02
    endloop
  endfacet
  facet normal 1.305262e-01 -9.914449e-01 0.000000e+00
    outer loop
      vertex   -2.991887e+01 8.155976e+01 -1.290000e+02
      vertex   -2.991887e+01 8.155976e+01 -1.250000e+02
      vertex   -3.059180e+01 8.147117e+01 -1.290000e+02
    endloop
  endfacet
  facet normal 1.305262e-01 -9.914449e-01 0.000000e+00
    outer loop
      vertex   -3.059180e+01 8.147117e+01 -1.290000e+02
      vertex   -2.991887e+01 8.155976e+01 -1.250000e+02
      vertex   -3.059180e+01 8.147117e+01 -1.250000e+02
    endloop
  endfacet
  facet normal 3.826834e-01 -9.238795e-01 0.000000e+00
    outer loop
      vertex   -3.059180e+01 8.147117e+01 -1.290000e+02
      vertex   -3.059180e+01 8.147117e+01 -1.250000e+02
      vertex   -3.121887e+01 8.121143e+01 -1.290000e+02
    endloop
  endfacet
  facet normal 3.826834e-01 -9.238795e-01 0.000000e+00
    outer loop
      vertex   -3.121887e+01 8.121143e+01 -1.290000e+02
      vertex   -3.059180e+01 8.147117e+01 -1.250000e+02
      vertex   -3.121887e+01 8.121143e+01 -1.250000e+02
    endloop
  endfacet
  facet normal 6.087614e-01 -7.933533e-01 0.000000e+00
    outer loop
      vertex   -3.121887e+01 8.121143e+01 -1.290000e+02
      vertex   -3.121887e+01 8.121143e+01 -1.250000e+02
      vertex   -3.175735e+01 8.079824e+01 -1.290000e+02
    endloop
  endfacet
  facet normal 6.087614e-01 -7.933533e-01 0.000000e+00
    outer loop
      vertex   -3.175735e+01 8.079824e+01 -1.290000e+02
      vertex   -3.121887e+01 8.121143e+01 -1.250000e+02
      vertex   -3.175735e+01 8.079824e+01 -1.250000e+02
    endloop
  endfacet
  facet normal 7.933533e-01 -6.087614e-01 0.000000e+00
    outer loop
      vertex   -3.175735e+01 8.079824e+01 -1.290000e+02
      vertex   -3.175735e+01 8.079824e+01 -1.250000e+02
      vertex   -3.217054e+01 8.025976e+01 -1.290000e+02
    endloop
  endfacet
  facet normal 7.933533e-01 -6.087614e-01 0.000000e+00
    outer loop
      vertex   -3.217054e+01 8.025976e+01 -1.290000e+02
      vertex   -3.175735e+01 8.079824e+01 -1.250000e+02
      vertex   -3.217054e+01 8.025976e+01 -1.250000e+02
    endloop
  endfacet
  facet normal 9.238795e-01 -3.826834e-01 0.000000e+00
    outer loop
      vertex   -3.217054e+01 8.025976e+01 -1.290000e+02
      vertex   -3.217054e+01 8.025976e+01 -1.250000e+02
      vertex   -3.243028e+01 7.963269e+01 -1.290000e+02
    endloop
  endfacet
  facet normal 9.238795e-01 -3.826834e-01 0.000000e+00
    outer loop
      vertex   -3.243028e+01 7.963269e+01 -1.290000e+02
      vertex   -3.217054e+01 8.025976e+01 -1.250000e+02
      vertex   -3.243028e+01 7.963269e+01 -1.250000e+02
    endloop
  endfacet
  facet normal -9.914449e-01 -1.305262e-01 -0.000000e+00
    outer loop
      vertex   6.521372e+01 1.269141e+02 -1.270000e+02
      vertex   6.521372e+01 1.269141e+02 -1.290000e+02
      vertex   6.526824e+01 1.265000e+02 -1.270000e+02
    endloop
  endfacet
  facet normal -9.914449e-01 -1.305262e-01 -0.000000e+00
    outer loop
      vertex   6.526824e+01 1.265000e+02 -1.270000e+02
      vertex   6.521372e+01 1.269141e+02 -1.290000e+02
      vertex   6.526824e+01 1.265000e+02 -1.290000e+02
    endloop
  endfacet
  facet normal -9.914449e-01 1.305262e-01 0.000000e+00
    outer loop
      vertex   6.526824e+01 1.265000e+02 -1.270000e+02
      vertex   6.526824e+01 1.265000e+02 -1.290000e+02
      vertex   6.521372e+01 1.260859e+02 -1.270000e+02
    endloop
  endfacet
  facet normal -9.914449e-01 1.305262e-01 0.000000e+00
    outer loop
      vertex   6.521372e+01 1.260859e+02 -1.270000e+02
      vertex   6.526824e+01 1.265000e+02 -1.290000e+02
      vertex   6.521372e+01 1.260859e+02 -1.290000e+02
    endloop
  endfacet
  facet normal -9.238795e-01 3.826834e-01 0.000000e+00
    outer loop
      vertex   6.521372e+01 1.260859e+02 -1.270000e+02
      vertex   6.521372e+01 1.260859e+02 -1.290000e+02
      vertex   6.505388e+01 1.257000e+02 -1.270000e+02
    endloop
  endfacet
  facet normal -9.238795e-01 3.826834e-01 0.000000e+00
    outer loop
      vertex   6.505388e+01 1.257000e+02 -1.270000e+02
      vertex   6.521372e+01 1.260859e+02 -1.290000e+02
      vertex   6.505388e+01 1.257000e+02 -1.290000e+02
    endloop
  endfacet
  facet normal -7.933533e-01 6.087614e-01 0.000000e+00
    outer loop
      vertex   6.505388e+01 1.257000e+02 -1.270000e+02
      vertex   6.505388e+01 1.257000e+02 -1.290000e+02
      vertex   6.479961e+01 1.253686e+02 -1.270000e+02
    endloop
  endfacet
  facet normal -7.933533e-01 6.087614e-01 0.000000e+00
    outer loop
      vertex   6.479961e+01 1.253686e+02 -1.270000e+02
      vertex   6.505388e+01 1.257000e+02 -1.290000e+02
      vertex   6.479961e+01 1.253686e+02 -1.290000e+02
    endloop
  endfacet
  facet normal -6.087614e-01 7.933533e-01 0.000000e+00
    outer loop
      vertex   6.479961e+01 1.253686e+02 -1.270000e+02
      vertex   6.479961e+01 1.253686e+02 -1.290000e+02
      vertex   6.446824e+01 1.251144e+02 -1.270000e+02
    endloop
  endfacet
  facet normal -6.087614e-01 7.933533e-01 0.000000e+00
    outer loop
      vertex   6.446824e+01 1.251144e+02 -1.270000e+02
      vertex   6.479961e+01 1.253686e+02 -1.290000e+02
      vertex   6.446824e+01 1.251144e+02 -1.290000e+02
    endloop
  endfacet
  facet normal -3.826834e-01 9.238795e-01 0.000000e+00
    outer loop
      vertex   6.446824e+01 1.251144e+02 -1.270000e+02
      vertex   6.446824e+01 1.251144e+02 -1.290000e+02
      vertex   6.408235e+01 1.249545e+02 -1.270000e+02
    endloop
  endfacet
  facet normal -3.826834e-01 9.238795e-01 0.000000e+00
    outer loop
      vertex   6.408235e+01 1.249545e+02 -1.270000e+02
      vertex   6.446824e+01 1.251144e+02 -1.290000e+02
      vertex   6.408235e+01 1.249545e+02 -1.290000e+02
    endloop
  endfacet
  facet normal -1.305262e-01 9.914449e-01 0.000000e+00
    outer loop
      vertex   6.408235e+01 1.249545e+02 -1.270000e+02
      vertex   6.408235e+01 1.249545e+02 -1.290000e+02
      vertex   6.366824e+01 1.249000e+02 -1.270000e+02
    endloop
  endfacet
  facet normal -1.305262e-01 9.914449e-01 0.000000e+00
    outer loop
      vertex   6.366824e+01 1.249000e+02 -1.270000e+02
      vertex   6.408235e+01 1.249545e+02 -1.290000e+02
      vertex   6.366824e+01 1.249000e+02 -1.290000e+02
    endloop
  endfacet
  facet normal 1.305262e-01 9.914449e-01 0.000000e+00
    outer loop
      vertex   6.366824e+01 1.249000e+02 -1.270000e+02
      vertex   6.366824e+01 1.249000e+02 -1.290000e+02
      vertex   6.325413e+01 1.249545e+02 -1.270000e+02
    endloop
  endfacet
  facet normal 1.305262e-01 9.914449e-01 0.000000e+00
    outer loop
      vertex   6.325413e+01 1.249545e+02 -1.270000e+02
      vertex   6.366824e+01 1.249000e+02 -1.290000e+02
      vertex   6.325413e+01 1.249545e+02 -1.290000e+02
    endloop
  endfacet
  facet normal 3.826834e-01 9.238795e-01 0.000000e+00
    outer loop
      vertex   6.325413e+01 1.249545e+02 -1.270000e+02
      vertex   6.325413e+01 1.249545e+02 -1.290000e+02
      vertex   6.286824e+01 1.251144e+02 -1.270000e+02
    endloop
  endfacet
  facet normal 3.826834e-01 9.238795e-01 0.000000e+00
    outer loop
      vertex   6.286824e+01 1.251144e+02 -1.270000e+02
      vertex   6.325413e+01 1.249545e+02 -1.290000e+02
      vertex   6.286824e+01 1.251144e+02 -1.290000e+02
    endloop
  endfacet
  facet normal 6.087614e-01 7.933533e-01 0.000000e+00
    outer loop
      vertex   6.286824e+01 1.251144e+02 -1.270000e+02
      vertex   6.286824e+01 1.251144e+02 -1.290000e+02
      vertex   6.253687e+01 1.253686e+02 -1.270000e+02
    endloop
  endfacet
  facet normal 6.087614e-01 7.933533e-01 0.000000e+00
    outer loop
      vertex   6.253687e+01 1.253686e+02 -1.270000e+02
      vertex   6.286824e+01 1.251144e+02 -1.290000e+02
      vertex   6.253687e+01 1.253686e+02 -1.290000e+02
    endloop
  endfacet
  facet normal 7.933533e-01 6.087614e-01 0.000000e+00
    outer loop
      vertex   6.253687e+01 1.253686e+02 -1.270000e+02
      vertex   6.253687e+01 1.253686e+02 -1.290000e+02
      vertex   6.228260e+01 1.257000e+02 -1.270000e+02
    endloop
  endfacet
  facet normal 7.933533e-01 6.087614e-01 0.000000e+00
    outer loop
      vertex   6.228260e+01 1.257000e+02 -1.270000e+02
      vertex   6.253687e+01 1.253686e+02 -1.290000e+02
      vertex   6.228260e+01 1.257000e+02 -1.290000e+02
    endloop
  endfacet
  facet normal 9.238795e-01 3.826834e-01 0.000000e+00
    outer loop
      vertex   6.228260e+01 1.257000e+02 -1.270000e+02
      vertex   6.228260e+01 1.257000e+02 -1.290000e+02
      vertex   6.212276e+01 1.260859e+02 -1.270000e+02
    endloop
  endfacet
  facet normal 9.238795e-01 3.826834e-01 0.000000e+00
    outer loop
      vertex   6.212276e+01 1.260859e+02 -1.270000e+02
      vertex   6.228260e+01 1.257000e+02 -1.290000e+02
      vertex   6.212276e+01 1.260859e+02 -1.290000e+02
    endloop
  endfacet
  facet normal 9.914449e-01 1.305262e-01 0.000000e+00
    outer loop
      vertex   6.212276e+01 1.260859e+02 -1.270000e+02
      vertex   6.212276e+01 1.260859e+02 -1.290000e+02
      vertex   6.206824e+01 1.265000e+02 -1.270000e+02
    endloop
  endfacet
  facet normal 9.914449e-01 1.305262e-01 0.000000e+00
    outer loop
      vertex   6.206824e+01 1.265000e+02 -1.270000e+02
      vertex   6.212276e+01 1.260859e+02 -1.290000e+02
      vertex   6.206824e+01 1.265000e+02 -1.290000e+02
    endloop
  endfacet
  facet normal 9.914449e-01 -1.305262e-01 0.000000e+00
    outer loop
      vertex   6.206824e+01 1.265000e+02 -1.270000e+02
      vertex   6.206824e+01 1.265000e+02 -1.290000e+02
      vertex   6.212276e+01 1.269141e+02 -1.270000e+02
    endloop
  endfacet
  facet normal 9.914449e-01 -1.305262e-01 0.000000e+00
    outer loop
      vertex   6.212276e+01 1.269141e+02 -1.270000e+02
      vertex   6.206824e+01 1.265000e+02 -1.290000e+02
      vertex   6.212276e+01 1.269141e+02 -1.290000e+02
    endloop
  endfacet
  facet normal 9.238795e-01 -3.826834e-01 0.000000e+00
    outer loop
      vertex   6.212276e+01 1.269141e+02 -1.270000e+02
      vertex   6.212276e+01 1.269141e+02 -1.290000e+02
      vertex   6.228260e+01 1.273000e+02 -1.270000e+02
    endloop
  endfacet
  facet normal 9.238795e-01 -3.826834e-01 0.000000e+00
    outer loop
      vertex   6.228260e+01 1.273000e+02 -1.270000e+02
      vertex   6.212276e+01 1.269141e+02 -1.290000e+02
      vertex   6.228260e+01 1.273000e+02 -1.290000e+02
    endloop
  endfacet
  facet normal 7.933533e-01 -6.087614e-01 0.000000e+00
    outer loop
      vertex   6.228260e+01 1.273000e+02 -1.270000e+02
      vertex   6.228260e+01 1.273000e+02 -1.290000e+02
      vertex   6.253687e+01 1.276314e+02 -1.270000e+02
    endloop
  endfacet
  facet normal 7.933533e-01 -6.087614e-01 0.000000e+00
    outer loop
      vertex   6.253687e+01 1.276314e+02 -1.270000e+02
      vertex   6.228260e+01 1.273000e+02 -1.290000e+02
      vertex   6.253687e+01 1.276314e+02 -1.290000e+02
    endloop
  endfacet
  facet normal 6.087614e-01 -7.933533e-01 0.000000e+00
    outer loop
      vertex   6.253687e+01 1.276314e+02 -1.270000e+02
      vertex   6.253687e+01 1.276314e+02 -1.290000e+02
      vertex   6.286824e+01 1.278856e+02 -1.270000e+02
    endloop
  endfacet
  facet normal 6.087614e-01 -7.933533e-01 0.000000e+00
    outer loop
      vertex   6.286824e+01 1.278856e+02 -1.270000e+02
      vertex   6.253687e+01 1.276314e+02 -1.290000e+02
      vertex   6.286824e+01 1.278856e+02 -1.290000e+02
    endloop
  endfacet
  facet normal 3.826834e-01 -9.238795e-01 0.000000e+00
    outer loop
      vertex   6.286824e+01 1.278856e+02 -1.270000e+02
      vertex   6.286824e+01 1.278856e+02 -1.290000e+02
      vertex   6.325413e+01 1.280455e+02 -1.270000e+02
    endloop
  endfacet
  facet normal 3.826834e-01 -9.238795e-01 0.000000e+00
    outer loop
      vertex   6.325413e+01 1.280455e+02 -1.270000e+02
      vertex   6.286824e+01 1.278856e+02 -1.290000e+02
      vertex   6.325413e+01 1.280455e+02 -1.290000e+02
    endloop
  endfacet
  facet normal 1.305262e-01 -9.914449e-01 0.000000e+00
    outer loop
      vertex   6.325413e+01 1.280455e+02 -1.270000e+02
      vertex   6.325413e+01 1.280455e+02 -1.290000e+02
      vertex   6.366824e+01 1.281000e+02 -1.270000e+02
    endloop
  endfacet
  facet normal 1.305262e-01 -9.914449e-01 0.000000e+00
    outer loop
      vertex   6.366824e+01 1.281000e+02 -1.270000e+02
      vertex   6.325413e+01 1.280455e+02 -1.290000e+02
      vertex   6.366824e+01 1.281000e+02 -1.290000e+02
    endloop
  endfacet
  facet normal -1.305262e-01 -9.914449e-01 -0.000000e+00
    outer loop
      vertex   6.366824e+01 1.281000e+02 -1.270000e+02
      vertex   6.366824e+01 1.281000e+02 -1.290000e+02
      vertex   6.408235e+01 1.280455e+02 -1.270000e+02
    endloop
  endfacet
  facet normal -1.305262e-01 -9.914449e-01 -0.000000e+00
    outer loop
      vertex   6.408235e+01 1.280455e+02 -1.270000e+02
      vertex   6.366824e+01 1.281000e+02 -1.290000e+02
      vertex   6.408235e+01 1.280455e+02 -1.290000e+02
    endloop
  endfacet
  facet normal -3.826834e-01 -9.238795e-01 -0.000000e+00
    outer loop
      vertex   6.408235e+01 1.280455e+02 -1.270000e+02
      vertex   6.408235e+01 1.280455e+02 -1.290000e+02
      vertex   6.446824e+01 1.278856e+02 -1.270000e+02
    endloop
  endfacet
  facet normal -3.826834e-01 -9.238795e-01 -0.000000e+00
    outer loop
      vertex   6.446824e+01 1.278856e+02 -1.270000e+02
      vertex   6.408235e+01 1.280455e+02 -1.290000e+02
      vertex   6.446824e+01 1.278856e+02 -1.290000e+02
    endloop
  endfacet
  facet normal -6.087614e-01 -7.933533e-01 -0.000000e+00
    outer loop
      vertex   6.446824e+01 1.278856e+02 -1.270000e+02
      vertex   6.446824e+01 1.278856e+02 -1.290000e+02
      vertex   6.479961e+01 1.276314e+02 -1.270000e+02
    endloop
  endfacet
  facet normal -6.087614e-01 -7.933533e-01 -0.000000e+00
    outer loop
      vertex   6.479961e+01 1.276314e+02 -1.270000e+02
      vertex   6.446824e+01 1.278856e+02 -1.290000e+02
      vertex   6.479961e+01 1.276314e+02 -1.290000e+02
    endloop
  endfacet
  facet normal -7.933533e-01 -6.087614e-01 -0.000000e+00
    outer loop
      vertex   6.479961e+01 1.276314e+02 -1.270000e+02
      vertex   6.479961e+01 1.276314e+02 -1.290000e+02
      vertex   6.505388e+01 1.273000e+02 -1.270000e+02
    endloop
  endfacet
  facet normal -7.933533e-01 -6.087614e-01 -0.000000e+00
    outer loop
      vertex   6.505388e+01 1.273000e+02 -1.270000e+02
      vertex   6.479961e+01 1.276314e+02 -1.290000e+02
      vertex   6.505388e+01 1.273000e+02 -1.290000e+02
    endloop
  endfacet
  facet normal -9.238795e-01 -3.826834e-01 -0.000000e+00
    outer loop
      vertex   6.505388e+01 1.273000e+02 -1.270000e+02
      vertex   6.505388e+01 1.273000e+02 -1.290000e+02
      vertex   6.521372e+01 1.269141e+02 -1.270000e+02
    endloop
  endfacet
  facet normal -9.238795e-01 -3.826834e-01 -0.000000e+00
    outer loop
      vertex   6.521372e+01 1.269141e+02 -1.270000e+02
      vertex   6.505388e+01 1.273000e+02 -1.290000e+02
      vertex   6.521372e+01 1.269141e+02 -1.290000e+02
    endloop
  endfacet
  facet normal -9.914449e-01 -1.305262e-01 -0.000000e+00
    outer loop
      vertex   -6.212276e+01 1.269141e+02 -1.270000e+02
      vertex   -6.212276e+01 1.269141e+02 -1.290000e+02
      vertex   -6.206824e+01 1.265000e+02 -1.270000e+02
    endloop
  endfacet
  facet normal -9.914449e-01 -1.305262e-01 -0.000000e+00
    outer loop
      vertex   -6.206824e+01 1.265000e+02 -1.270000e+02
      vertex   -6.212276e+01 1.269141e+02 -1.290000e+02
      vertex   -6.206824e+01 1.265000e+02 -1.290000e+02
    endloop
  endfacet
  facet normal -9.914449e-01 1.305262e-01 0.000000e+00
    outer loop
      vertex   -6.206824e+01 1.265000e+02 -1.270000e+02
      vertex   -6.206824e+01 1.265000e+02 -1.290000e+02
      vertex   -6.212276e+01 1.260859e+02 -1.270000e+02
    endloop
  endfacet
  facet normal -9.914449e-01 1.305262e-01 0.000000e+00
    outer loop
      vertex   -6.212276e+01 1.260859e+02 -1.270000e+02
      vertex   -6.206824e+01 1.265000e+02 -1.290000e+02
      vertex   -6.212276e+01 1.260859e+02 -1.290000e+02
    endloop
  endfacet
  facet normal -9.238795e-01 3.826834e-01 0.000000e+00
    outer loop
      vertex   -6.212276e+01 1.260859e+02 -1.270000e+02
      vertex   -6.212276e+01 1.260859e+02 -1.290000e+02
      vertex   -6.228260e+01 1.257000e+02 -1.270000e+02
    endloop
  endfacet
  facet normal -9.238795e-01 3.826834e-01 0.000000e+00
    outer loop
      vertex   -6.228260e+01 1.257000e+02 -1.270000e+02
      vertex   -6.212276e+01 1.260859e+02 -1.290000e+02
      vertex   -6.228260e+01 1.257000e+02 -1.290000e+02
    endloop
  endfacet
  facet normal -7.933533e-01 6.087614e-01 0.000000e+00
    outer loop
      vertex   -6.228260e+01 1.257000e+02 -1.270000e+02
      vertex   -6.228260e+01 1.257000e+02 -1.290000e+02
      vertex   -6.253687e+01 1.253686e+02 -1.270000e+02
    endloop
  endfacet
  facet normal -7.933533e-01 6.087614e-01 0.000000e+00
    outer loop
      vertex   -6.253687e+01 1.253686e+02 -1.270000e+02
      vertex   -6.228260e+01 1.257000e+02 -1.290000e+02
      vertex   -6.253687e+01 1.253686e+02 -1.290000e+02
    endloop
  endfacet
  facet normal -6.087614e-01 7.933533e-01 0.000000e+00
    outer loop
      vertex   -6.253687e+01 1.253686e+02 -1.270000e+02
      vertex   -6.253687e+01 1.253686e+02 -1.290000e+02
      vertex   -6.286824e+01 1.251144e+02 -1.270000e+02
    endloop
  endfacet
  facet normal -6.087614e-01 7.933533e-01 0.000000e+00
    outer loop
      vertex   -6.286824e+01 1.251144e+02 -1.270000e+02
      vertex   -6.253687e+01 1.253686e+02 -1.290000e+02
      vertex   -6.286824e+01 1.251144e+02 -1.290000e+02
    endloop
  endfacet
  facet normal -3.826834e-01 9.238795e-01 0.000000e+00
    outer loop
      vertex   -6.286824e+01 1.251144e+02 -1.270000e+02
      vertex   -6.286824e+01 1.251144e+02 -1.290000e+02
      vertex   -6.325413e+01 1.249545e+02 -1.270000e+02
    endloop
  endfacet
  facet normal -3.826834e-01 9.238795e-01 0.000000e+00
    outer loop
      vertex   -6.325413e+01 1.249545e+02 -1.270000e+02
      vertex   -6.286824e+01 1.251144e+02 -1.290000e+02
      vertex   -6.325413e+01 1.249545e+02 -1.290000e+02
    endloop
  endfacet
  facet normal -1.305262e-01 9.914449e-01 0.000000e+00
    outer loop
      vertex   -6.325413e+01 1.249545e+02 -1.270000e+02
      vertex   -6.325413e+01 1.249545e+02 -1.290000e+02
      vertex   -6.366824e+01 1.249000e+02 -1.270000e+02
    endloop
  endfacet
  facet normal -1.305262e-01 9.914449e-01 0.000000e+00
    outer loop
      vertex   -6.366824e+01 1.249000e+02 -1.270000e+02
      vertex   -6.325413e+01 1.249545e+02 -1.290000e+02
      vertex   -6.366824e+01 1.249000e+02 -1.290000e+02
    endloop
  endfacet
  facet normal 1.305262e-01 9.914449e-01 0.000000e+00
    outer loop
      vertex   -6.366824e+01 1.249000e+02 -1.270000e+02
      vertex   -6.366824e+01 1.249000e+02 -1.290000e+02
      vertex   -6.408235e+01 1.249545e+02 -1.270000e+02
    endloop
  endfacet
  facet normal 1.305262e-01 9.914449e-01 0.000000e+00
    outer loop
      vertex   -6.408235e+01 1.249545e+02 -1.270000e+02
      vertex   -6.366824e+01 1.249000e+02 -1.290000e+02
      vertex   -6.408235e+01 1.249545e+02 -1.290000e+02
    endloop
  endfacet
  facet normal 3.826834e-01 9.238795e-01 0.000000e+00
    outer loop
      vertex   -6.408235e+01 1.249545e+02 -1.270000e+02
      vertex   -6.408235e+01 1.249545e+02 -1.290000e+02
      vertex   -6.446824e+01 1.251144e+02 -1.270000e+02
    endloop
  endfacet
  facet normal 3.826834e-01 9.238795e-01 0.000000e+00
    outer loop
      vertex   -6.446824e+01 1.251144e+02 -1.270000e+02
      vertex   -6.408235e+01 1.249545e+02 -1.290000e+02
      vertex   -6.446824e+01 1.251144e+02 -1.290000e+02
    endloop
  endfacet
  facet normal 6.087614e-01 7.933533e-01 0.000000e+00
    outer loop
      vertex   -6.446824e+01 1.251144e+02 -1.270000e+02
      vertex   -6.446824e+01 1.251144e+02 -1.290000e+02
      vertex   -6.479961e+01 1.253686e+02 -1.270000e+02
    endloop
  endfacet
  facet normal 6.087614e-01 7.933533e-01 0.000000e+00
    outer loop
      vertex   -6.479961e+01 1.253686e+02 -1.270000e+02
      vertex   -6.446824e+01 1.251144e+02 -1.290000e+02
      vertex   -6.479961e+01 1.253686e+02 -1.290000e+02
    endloop
  endfacet
  facet normal 7.933533e-01 6.087614e-01 0.000000e+00
    outer loop
      vertex   -6.479961e+01 1.253686e+02 -1.270000e+02
      vertex   -6.479961e+01 1.253686e+02 -1.290000e+02
      vertex   -6.505388e+01 1.257000e+02 -1.270000e+02
    endloop
  endfacet
  facet normal 7.933533e-01 6.087614e-01 0.000000e+00
    outer loop
      vertex   -6.505388e+01 1.257000e+02 -1.270000e+02
      vertex   -6.479961e+01 1.253686e+02 -1.290000e+02
      vertex   -6.505388e+01 1.257000e+02 -1.290000e+02
    endloop
  endfacet
  facet normal 9.238795e-01 3.826834e-01 0.000000e+00
    outer loop
      vertex   -6.505388e+01 1.257000e+02 -1.270000e+02
      vertex   -6.505388e+01 1.257000e+02 -1.290000e+02
      vertex   -6.521372e+01 1.260859e+02 -1.270000e+02
    endloop
  endfacet
  facet normal 9.238795e-01 3.826834e-01 0.000000e+00
    outer loop
      vertex   -6.521372e+01 1.260859e+02 -1.270000e+02
      vertex   -6.505388e+01 1.257000e+02 -1.290000e+02
      vertex   -6.521372e+01 1.260859e+02 -1.290000e+02
    endloop
  endfacet
  facet normal 9.914449e-01 1.305262e-01 0.000000e+00
    outer loop
      vertex   -6.521372e+01 1.260859e+02 -1.270000e+02
      vertex   -6.521372e+01 1.260859e+02 -1.290000e+02
      vertex   -6.526824e+01 1.265000e+02 -1.270000e+02
    endloop
  endfacet
  facet normal 9.914449e-01 1.305262e-01 0.000000e+00
    outer loop
      vertex   -6.526824e+01 1.265000e+02 -1.270000e+02
      vertex   -6.521372e+01 1.260859e+02 -1.290000e+02
      vertex   -6.526824e+01 1.265000e+02 -1.290000e+02
    endloop
  endfacet
  facet normal 9.914449e-01 -1.305262e-01 0.000000e+00
    outer loop
      vertex   -6.526824e+01 1.265000e+02 -1.270000e+02
      vertex   -6.526824e+01 1.265000e+02 -1.290000e+02
      vertex   -6.521372e+01 1.269141e+02 -1.270000e+02
    endloop
  endfacet
  facet normal 9.914449e-01 -1.305262e-01 0.000000e+00
    outer loop
      vertex   -6.521372e+01 1.269141e+02 -1.270000e+02
      vertex   -6.526824e+01 1.265000e+02 -1.290000e+02
      vertex   -6.521372e+01 1.269141e+02 -1.290000e+02
    endloop
  endfacet
  facet normal 9.238795e-01 -3.826834e-01 0.000000e+00
    outer loop
      vertex   -6.521372e+01 1.269141e+02 -1.270000e+02
      vertex   -6.521372e+01 1.269141e+02 -1.290000e+02
      vertex   -6.505388e+01 1.273000e+02 -1.270000e+02
    endloop
  endfacet
  facet normal 9.238795e-01 -3.826834e-01 0.000000e+00
    outer loop
      vertex   -6.505388e+01 1.273000e+02 -1.270000e+02
      vertex   -6.521372e+01 1.269141e+02 -1.290000e+02
      vertex   -6.505388e+01 1.273000e+02 -1.290000e+02
    endloop
  endfacet
  facet normal 7.933533e-01 -6.087614e-01 0.000000e+00
    outer loop
      vertex   -6.505388e+01 1.273000e+02 -1.270000e+02
      vertex   -6.505388e+01 1.273000e+02 -1.290000e+02
      vertex   -6.479961e+01 1.276314e+02 -1.270000e+02
    endloop
  endfacet
  facet normal 7.933533e-01 -6.087614e-01 0.000000e+00
    outer loop
      vertex   -6.479961e+01 1.276314e+02 -1.270000e+02
      vertex   -6.505388e+01 1.273000e+02 -1.290000e+02
      vertex   -6.479961e+01 1.276314e+02 -1.290000e+02
    endloop
  endfacet
  facet normal 6.087614e-01 -7.933533e-01 0.000000e+00
    outer loop
      vertex   -6.479961e+01 1.276314e+02 -1.270000e+02
      vertex   -6.479961e+01 1.276314e+02 -1.290000e+02
      vertex   -6.446824e+01 1.278856e+02 -1.270000e+02
    endloop
  endfacet
  facet normal 6.087614e-01 -7.933533e-01 0.000000e+00
    outer loop
      vertex   -6.446824e+01 1.278856e+02 -1.270000e+02
      vertex   -6.479961e+01 1.276314e+02 -1.290000e+02
      vertex   -6.446824e+01 1.278856e+02 -1.290000e+02
    endloop
  endfacet
  facet normal 3.826834e-01 -9.238795e-01 0.000000e+00
    outer loop
      vertex   -6.446824e+01 1.278856e+02 -1.270000e+02
      vertex   -6.446824e+01 1.278856e+02 -1.290000e+02
      vertex   -6.408235e+01 1.280455e+02 -1.270000e+02
    endloop
  endfacet
  facet normal 3.826834e-01 -9.238795e-01 0.000000e+00
    outer loop
      vertex   -6.408235e+01 1.280455e+02 -1.270000e+02
      vertex   -6.446824e+01 1.278856e+02 -1.290000e+02
      vertex   -6.408235e+01 1.280455e+02 -1.290000e+02
    endloop
  endfacet
  facet normal 1.305262e-01 -9.914449e-01 0.000000e+00
    outer loop
      vertex   -6.408235e+01 1.280455e+02 -1.270000e+02
      vertex   -6.408235e+01 1.280455e+02 -1.290000e+02
      vertex   -6.366824e+01 1.281000e+02 -1.270000e+02
    endloop
  endfacet
  facet normal 1.305262e-01 -9.914449e-01 0.000000e+00
    outer loop
      vertex   -6.366824e+01 1.281000e+02 -1.270000e+02
      vertex   -6.408235e+01 1.280455e+02 -1.290000e+02
      vertex   -6.366824e+01 1.281000e+02 -1.290000e+02
    endloop
  endfacet
  facet normal -1.305262e-01 -9.914449e-01 -0.000000e+00
    outer loop
      vertex   -6.366824e+01 1.281000e+02 -1.270000e+02
      vertex   -6.366824e+01 1.281000e+02 -1.290000e+02
      vertex   -6.325413e+01 1.280455e+02 -1.270000e+02
    endloop
  endfacet
  facet normal -1.305262e-01 -9.914449e-01 -0.000000e+00
    outer loop
      vertex   -6.325413e+01 1.280455e+02 -1.270000e+02
      vertex   -6.366824e+01 1.281000e+02 -1.290000e+02
      vertex   -6.325413e+01 1.280455e+02 -1.290000e+02
    endloop
  endfacet
  facet normal -3.826834e-01 -9.238795e-01 -0.000000e+00
    outer loop
      vertex   -6.325413e+01 1.280455e+02 -1.270000e+02
      vertex   -6.325413e+01 1.280455e+02 -1.290000e+02
      vertex   -6.286824e+01 1.278856e+02 -1.270000e+02
    endloop
  endfacet
  facet normal -3.826834e-01 -9.238795e-01 -0.000000e+00
    outer loop
      vertex   -6.286824e+01 1.278856e+02 -1.270000e+02
      vertex   -6.325413e+01 1.280455e+02 -1.290000e+02
      vertex   -6.286824e+01 1.278856e+02 -1.290000e+02
    endloop
  endfacet
  facet normal -6.087614e-01 -7.933533e-01 -0.000000e+00
    outer loop
      vertex   -6.286824e+01 1.278856e+02 -1.270000e+02
      vertex   -6.286824e+01 1.278856e+02 -1.290000e+02
      vertex   -6.253687e+01 1.276314e+02 -1.270000e+02
    endloop
  endfacet
  facet normal -6.087614e-01 -7.933533e-01 -0.000000e+00
    outer loop
      vertex   -6.253687e+01 1.276314e+02 -1.270000e+02
      vertex   -6.286824e+01 1.278856e+02 -1.290000e+02
      vertex   -6.253687e+01 1.276314e+02 -1.290000e+02
    endloop
  endfacet
  facet normal -7.933533e-01 -6.087614e-01 -0.000000e+00
    outer loop
      vertex   -6.253687e+01 1.276314e+02 -1.270000e+02
      vertex   -6.253687e+01 1.276314e+02 -1.290000e+02
      vertex   -6.228260e+01 1.273000e+02 -1.270000e+02
    endloop
  endfacet
  facet normal -7.933533e-01 -6.087614e-01 -0.000000e+00
    outer loop
      vertex   -6.228260e+01 1.273000e+02 -1.270000e+02
      vertex   -6.253687e+01 1.276314e+02 -1.290000e+02
      vertex   -6.228260e+01 1.273000e+02 -1.290000e+02
    endloop
  endfacet
  facet normal -9.238795e-01 -3.826834e-01 -0.000000e+00
    outer loop
      vertex   -6.228260e+01 1.273000e+02 -1.270000e+02
      vertex   -6.228260e+01 1.273000e+02 -1.290000e+02
      vertex   -6.212276e+01 1.269141e+02 -1.270000e+02
    endloop
  endfacet
  facet normal -9.238795e-01 -3.826834e-01 -0.000000e+00
    outer loop
      vertex   -6.212276e+01 1.269141e+02 -1.270000e+02
      vertex   -6.228260e+01 1.273000e+02 -1.290000e+02
      vertex   -6.212276e+01 1.269141e+02 -1.290000e+02
    endloop
  endfacet
  facet normal -1.305262e-01 9.914449e-01 0.000000e+00
    outer loop
      vertex   5.049959e+01 8.403338e+01 -1.290000e+02
      vertex   5.049959e+01 8.403338e+01 -1.250000e+02
      vertex   5.101723e+01 8.410153e+01 -1.290000e+02
    endloop
  endfacet
  facet normal -1.305262e-01 9.914449e-01 0.000000e+00
    outer loop
      vertex   5.101723e+01 8.410153e+01 -1.290000e+02
      vertex   5.049959e+01 8.403338e+01 -1.250000e+02
      vertex   5.101723e+01 8.410153e+01 -1.250000e+02
    endloop
  endfacet
  facet normal -3.826834e-01 9.238795e-01 0.000000e+00
    outer loop
      vertex   5.101723e+01 8.410153e+01 -1.290000e+02
      vertex   5.101723e+01 8.410153e+01 -1.250000e+02
      vertex   5.149959e+01 8.430133e+01 -1.290000e+02
    endloop
  endfacet
  facet normal -3.826834e-01 9.238795e-01 0.000000e+00
    outer loop
      vertex   5.149959e+01 8.430133e+01 -1.290000e+02
      vertex   5.101723e+01 8.410153e+01 -1.250000e+02
      vertex   5.149959e+01 8.430133e+01 -1.250000e+02
    endloop
  endfacet
  facet normal -6.087614e-01 7.933533e-01 0.000000e+00
    outer loop
      vertex   5.149959e+01 8.430133e+01 -1.290000e+02
      vertex   5.149959e+01 8.430133e+01 -1.250000e+02
      vertex   5.191380e+01 8.461917e+01 -1.290000e+02
    endloop
  endfacet
  facet normal -6.087614e-01 7.933533e-01 0.000000e+00
    outer loop
      vertex   5.191380e+01 8.461917e+01 -1.290000e+02
      vertex   5.149959e+01 8.430133e+01 -1.250000e+02
      vertex   5.191380e+01 8.461917e+01 -1.250000e+02
    endloop
  endfacet
  facet normal -7.933533e-01 6.087614e-01 0.000000e+00
    outer loop
      vertex   5.191380e+01 8.461917e+01 -1.290000e+02
      vertex   5.191380e+01 8.461917e+01 -1.250000e+02
      vertex   5.223164e+01 8.503338e+01 -1.290000e+02
    endloop
  endfacet
  facet normal -7.933533e-01 6.087614e-01 0.000000e+00
    outer loop
      vertex   5.223164e+01 8.503338e+01 -1.290000e+02
      vertex   5.191380e+01 8.461917e+01 -1.250000e+02
      vertex   5.223164e+01 8.503338e+01 -1.250000e+02
    endloop
  endfacet
  facet normal -9.238795e-01 3.826834e-01 0.000000e+00
    outer loop
      vertex   5.223164e+01 8.503338e+01 -1.290000e+02
      vertex   5.223164e+01 8.503338e+01 -1.250000e+02
      vertex   5.243144e+01 8.551575e+01 -1.290000e+02
    endloop
  endfacet
  facet normal -9.238795e-01 3.826834e-01 0.000000e+00
    outer loop
      vertex   5.243144e+01 8.551575e+01 -1.290000e+02
      vertex   5.223164e+01 8.503338e+01 -1.250000e+02
      vertex   5.243144e+01 8.551575e+01 -1.250000e+02
    endloop
  endfacet
  facet normal -9.914449e-01 1.305262e-01 0.000000e+00
    outer loop
      vertex   5.243144e+01 8.551575e+01 -1.290000e+02
      vertex   5.243144e+01 8.551575e+01 -1.250000e+02
      vertex   5.249959e+01 8.603338e+01 -1.290000e+02
    endloop
  endfacet
  facet normal -9.914449e-01 1.305262e-01 0.000000e+00
    outer loop
      vertex   5.249959e+01 8.603338e+01 -1.290000e+02
      vertex   5.243144e+01 8.551575e+01 -1.250000e+02
      vertex   5.249959e+01 8.603338e+01 -1.250000e+02
    endloop
  endfacet
  facet normal -0.000000e+00 1.000000e+00 0.000000e+00
    outer loop
      vertex   4.949959e+01 8.403338e+01 -1.250000e+02
      vertex   5.049959e+01 8.403338e+01 -1.250000e+02
      vertex   4.949959e+01 8.403338e+01 -1.290000e+02
    endloop
  endfacet
  facet normal 0.000000e+00 1.000000e+00 0.000000e+00
    outer loop
      vertex   4.949959e+01 8.403338e+01 -1.290000e+02
      vertex   5.049959e+01 8.403338e+01 -1.250000e+02
      vertex   5.049959e+01 8.403338e+01 -1.290000e+02
    endloop
  endfacet
  facet normal 9.914449e-01 1.305262e-01 -0.000000e+00
    outer loop
      vertex   4.749959e+01 8.603338e+01 -1.290000e+02
      vertex   4.749959e+01 8.603338e+01 -1.250000e+02
      vertex   4.756774e+01 8.551575e+01 -1.290000e+02
    endloop
  endfacet
  facet normal 9.914449e-01 1.305262e-01 -0.000000e+00
    outer loop
      vertex   4.756774e+01 8.551575e+01 -1.290000e+02
      vertex   4.749959e+01 8.603338e+01 -1.250000e+02
      vertex   4.756774e+01 8.551575e+01 -1.250000e+02
    endloop
  endfacet
  facet normal 9.238795e-01 3.826834e-01 -0.000000e+00
    outer loop
      vertex   4.756774e+01 8.551575e+01 -1.290000e+02
      vertex   4.756774e+01 8.551575e+01 -1.250000e+02
      vertex   4.776754e+01 8.503338e+01 -1.290000e+02
    endloop
  endfacet
  facet normal 9.238795e-01 3.826834e-01 -0.000000e+00
    outer loop
      vertex   4.776754e+01 8.503338e+01 -1.290000e+02
      vertex   4.756774e+01 8.551575e+01 -1.250000e+02
      vertex   4.776754e+01 8.503338e+01 -1.250000e+02
    endloop
  endfacet
  facet normal 7.933533e-01 6.087614e-01 -0.000000e+00
    outer loop
      vertex   4.776754e+01 8.503338e+01 -1.290000e+02
      vertex   4.776754e+01 8.503338e+01 -1.250000e+02
      vertex   4.808537e+01 8.461917e+01 -1.290000e+02
    endloop
  endfacet
  facet normal 7.933533e-01 6.087614e-01 -0.000000e+00
    outer loop
      vertex   4.808537e+01 8.461917e+01 -1.290000e+02
      vertex   4.776754e+01 8.503338e+01 -1.250000e+02
      vertex   4.808537e+01 8.461917e+01 -1.250000e+02
    endloop
  endfacet
  facet normal 6.087614e-01 7.933533e-01 -0.000000e+00
    outer loop
      vertex   4.808537e+01 8.461917e+01 -1.290000e+02
      vertex   4.808537e+01 8.461917e+01 -1.250000e+02
      vertex   4.849959e+01 8.430133e+01 -1.290000e+02
    endloop
  endfacet
  facet normal 6.087614e-01 7.933533e-01 -0.000000e+00
    outer loop
      vertex   4.849959e+01 8.430133e+01 -1.290000e+02
      vertex   4.808537e+01 8.461917e+01 -1.250000e+02
      vertex   4.849959e+01 8.430133e+01 -1.250000e+02
    endloop
  endfacet
  facet normal 3.826834e-01 9.238795e-01 -0.000000e+00
    outer loop
      vertex   4.849959e+01 8.430133e+01 -1.290000e+02
      vertex   4.849959e+01 8.430133e+01 -1.250000e+02
      vertex   4.898195e+01 8.410153e+01 -1.290000e+02
    endloop
  endfacet
  facet normal 3.826834e-01 9.238795e-01 -0.000000e+00
    outer loop
      vertex   4.898195e+01 8.410153e+01 -1.290000e+02
      vertex   4.849959e+01 8.430133e+01 -1.250000e+02
      vertex   4.898195e+01 8.410153e+01 -1.250000e+02
    endloop
  endfacet
  facet normal 1.305262e-01 9.914449e-01 -0.000000e+00
    outer loop
      vertex   4.898195e+01 8.410153e+01 -1.290000e+02
      vertex   4.898195e+01 8.410153e+01 -1.250000e+02
      vertex   4.949959e+01 8.403338e+01 -1.290000e+02
    endloop
  endfacet
  facet normal 1.305262e-01 9.914449e-01 -0.000000e+00
    outer loop
      vertex   4.949959e+01 8.403338e+01 -1.290000e+02
      vertex   4.898195e+01 8.410153e+01 -1.250000e+02
      vertex   4.949959e+01 8.403338e+01 -1.250000e+02
    endloop
  endfacet
  facet normal 1.000000e+00 6.661338e-15 0.000000e+00
    outer loop
      vertex   4.749959e+01 1.020334e+02 -1.250000e+02
      vertex   4.749959e+01 8.603338e+01 -1.250000e+02
      vertex   4.749959e+01 1.020334e+02 -1.290000e+02
    endloop
  endfacet
  facet normal 1.000000e+00 6.661338e-15 0.000000e+00
    outer loop
      vertex   4.749959e+01 1.020334e+02 -1.290000e+02
      vertex   4.749959e+01 8.603338e+01 -1.250000e+02
      vertex   4.749959e+01 8.603338e+01 -1.290000e+02
    endloop
  endfacet
  facet normal 1.305262e-01 -9.914449e-01 0.000000e+00
    outer loop
      vertex   4.949959e+01 1.040334e+02 -1.290000e+02
      vertex   4.949959e+01 1.040334e+02 -1.250000e+02
      vertex   4.898195e+01 1.039652e+02 -1.290000e+02
    endloop
  endfacet
  facet normal 1.305262e-01 -9.914449e-01 0.000000e+00
    outer loop
      vertex   4.898195e+01 1.039652e+02 -1.290000e+02
      vertex   4.949959e+01 1.040334e+02 -1.250000e+02
      vertex   4.898195e+01 1.039652e+02 -1.250000e+02
    endloop
  endfacet
  facet normal 3.826834e-01 -9.238795e-01 0.000000e+00
    outer loop
      vertex   4.898195e+01 1.039652e+02 -1.290000e+02
      vertex   4.898195e+01 1.039652e+02 -1.250000e+02
      vertex   4.849959e+01 1.037654e+02 -1.290000e+02
    endloop
  endfacet
  facet normal 3.826834e-01 -9.238795e-01 0.000000e+00
    outer loop
      vertex   4.849959e+01 1.037654e+02 -1.290000e+02
      vertex   4.898195e+01 1.039652e+02 -1.250000e+02
      vertex   4.849959e+01 1.037654e+02 -1.250000e+02
    endloop
  endfacet
  facet normal 6.087614e-01 -7.933533e-01 0.000000e+00
    outer loop
      vertex   4.849959e+01 1.037654e+02 -1.290000e+02
      vertex   4.849959e+01 1.037654e+02 -1.250000e+02
      vertex   4.808537e+01 1.034476e+02 -1.290000e+02
    endloop
  endfacet
  facet normal 6.087614e-01 -7.933533e-01 0.000000e+00
    outer loop
      vertex   4.808537e+01 1.034476e+02 -1.290000e+02
      vertex   4.849959e+01 1.037654e+02 -1.250000e+02
      vertex   4.808537e+01 1.034476e+02 -1.250000e+02
    endloop
  endfacet
  facet normal 7.933533e-01 -6.087614e-01 0.000000e+00
    outer loop
      vertex   4.808537e+01 1.034476e+02 -1.290000e+02
      vertex   4.808537e+01 1.034476e+02 -1.250000e+02
      vertex   4.776754e+01 1.030334e+02 -1.290000e+02
    endloop
  endfacet
  facet normal 7.933533e-01 -6.087614e-01 0.000000e+00
    outer loop
      vertex   4.776754e+01 1.030334e+02 -1.290000e+02
      vertex   4.808537e+01 1.034476e+02 -1.250000e+02
      vertex   4.776754e+01 1.030334e+02 -1.250000e+02
    endloop
  endfacet
  facet normal 9.238795e-01 -3.826834e-01 0.000000e+00
    outer loop
      vertex   4.776754e+01 1.030334e+02 -1.290000e+02
      vertex   4.776754e+01 1.030334e+02 -1.250000e+02
      vertex   4.756774e+01 1.025510e+02 -1.290000e+02
    endloop
  endfacet
  facet normal 9.238795e-01 -3.826834e-01 0.000000e+00
    outer loop
      vertex   4.756774e+01 1.025510e+02 -1.290000e+02
      vertex   4.776754e+01 1.030334e+02 -1.250000e+02
      vertex   4.756774e+01 1.025510e+02 -1.250000e+02
    endloop
  endfacet
  facet normal 9.914449e-01 -1.305262e-01 0.000000e+00
    outer loop
      vertex   4.756774e+01 1.025510e+02 -1.290000e+02
      vertex   4.756774e+01 1.025510e+02 -1.250000e+02
      vertex   4.749959e+01 1.020334e+02 -1.290000e+02
    endloop
  endfacet
  facet normal 9.914449e-01 -1.305262e-01 0.000000e+00
    outer loop
      vertex   4.749959e+01 1.020334e+02 -1.290000e+02
      vertex   4.756774e+01 1.025510e+02 -1.250000e+02
      vertex   4.749959e+01 1.020334e+02 -1.250000e+02
    endloop
  endfacet
  facet normal -0.000000e+00 -1.000000e+00 -0.000000e+00
    outer loop
      vertex   5.049959e+01 1.040334e+02 -1.250000e+02
      vertex   4.949959e+01 1.040334e+02 -1.250000e+02
      vertex   5.049959e+01 1.040334e+02 -1.290000e+02
    endloop
  endfacet
  facet normal 0.000000e+00 -1.000000e+00 0.000000e+00
    outer loop
      vertex   5.049959e+01 1.040334e+02 -1.290000e+02
      vertex   4.949959e+01 1.040334e+02 -1.250000e+02
      vertex   4.949959e+01 1.040334e+02 -1.290000e+02
    endloop
  endfacet
  facet normal -9.914449e-01 -1.305262e-01 0.000000e+00
    outer loop
      vertex   5.249959e+01 1.020334e+02 -1.290000e+02
      vertex   5.249959e+01 1.020334e+02 -1.250000e+02
      vertex   5.243144e+01 1.025510e+02 -1.290000e+02
    endloop
  endfacet
  facet normal -9.914449e-01 -1.305262e-01 0.000000e+00
    outer loop
      vertex   5.243144e+01 1.025510e+02 -1.290000e+02
      vertex   5.249959e+01 1.020334e+02 -1.250000e+02
      vertex   5.243144e+01 1.025510e+02 -1.250000e+02
    endloop
  endfacet
  facet normal -9.238795e-01 -3.826834e-01 0.000000e+00
    outer loop
      vertex   5.243144e+01 1.025510e+02 -1.290000e+02
      vertex   5.243144e+01 1.025510e+02 -1.250000e+02
      vertex   5.223164e+01 1.030334e+02 -1.290000e+02
    endloop
  endfacet
  facet normal -9.238795e-01 -3.826834e-01 0.000000e+00
    outer loop
      vertex   5.223164e+01 1.030334e+02 -1.290000e+02
      vertex   5.243144e+01 1.025510e+02 -1.250000e+02
      vertex   5.223164e+01 1.030334e+02 -1.250000e+02
    endloop
  endfacet
  facet normal -7.933533e-01 -6.087614e-01 0.000000e+00
    outer loop
      vertex   5.223164e+01 1.030334e+02 -1.290000e+02
      vertex   5.223164e+01 1.030334e+02 -1.250000e+02
      vertex   5.191380e+01 1.034476e+02 -1.290000e+02
    endloop
  endfacet
  facet normal -7.933533e-01 -6.087614e-01 0.000000e+00
    outer loop
      vertex   5.191380e+01 1.034476e+02 -1.290000e+02
      vertex   5.223164e+01 1.030334e+02 -1.250000e+02
      vertex   5.191380e+01 1.034476e+02 -1.250000e+02
    endloop
  endfacet
  facet normal -6.087614e-01 -7.933533e-01 0.000000e+00
    outer loop
      vertex   5.191380e+01 1.034476e+02 -1.290000e+02
      vertex   5.191380e+01 1.034476e+02 -1.250000e+02
      vertex   5.149959e+01 1.037654e+02 -1.290000e+02
    endloop
  endfacet
  facet normal -6.087614e-01 -7.933533e-01 0.000000e+00
    outer loop
      vertex   5.149959e+01 1.037654e+02 -1.290000e+02
      vertex   5.191380e+01 1.034476e+02 -1.250000e+02
      vertex   5.149959e+01 1.037654e+02 -1.250000e+02
    endloop
  endfacet
  facet normal -3.826834e-01 -9.238795e-01 0.000000e+00
    outer loop
      vertex   5.149959e+01 1.037654e+02 -1.290000e+02
      vertex   5.149959e+01 1.037654e+02 -1.250000e+02
      vertex   5.101723e+01 1.039652e+02 -1.290000e+02
    endloop
  endfacet
  facet normal -3.826834e-01 -9.238795e-01 0.000000e+00
    outer loop
      vertex   5.101723e+01 1.039652e+02 -1.290000e+02
      vertex   5.149959e+01 1.037654e+02 -1.250000e+02
      vertex   5.101723e+01 1.039652e+02 -1.250000e+02
    endloop
  endfacet
  facet normal -1.305262e-01 -9.914449e-01 0.000000e+00
    outer loop
      vertex   5.101723e+01 1.039652e+02 -1.290000e+02
      vertex   5.101723e+01 1.039652e+02 -1.250000e+02
      vertex   5.049959e+01 1.040334e+02 -1.290000e+02
    endloop
  endfacet
  facet normal -1.305262e-01 -9.914449e-01 0.000000e+00
    outer loop
      vertex   5.049959e+01 1.040334e+02 -1.290000e+02
      vertex   5.101723e+01 1.039652e+02 -1.250000e+02
      vertex   5.049959e+01 1.040334e+02 -1.250000e+02
    endloop
  endfacet
  facet normal -1.000000e+00 0.000000e+00 0.000000e+00
    outer loop
      vertex   5.249959e+01 8.603338e+01 -1.250000e+02
      vertex   5.249959e+01 1.020334e+02 -1.250000e+02
      vertex   5.249959e+01 8.603338e+01 -1.290000e+02
    endloop
  endfacet
  facet normal -1.000000e+00 0.000000e+00 0.000000e+00
    outer loop
      vertex   5.249959e+01 8.603338e+01 -1.290000e+02
      vertex   5.249959e+01 1.020334e+02 -1.250000e+02
      vertex   5.249959e+01 1.020334e+02 -1.290000e+02
    endloop
  endfacet
  facet normal -9.914449e-01 -1.305262e-01 0.000000e+00
    outer loop
      vertex   1.904333e+01 9.703692e+01 -1.290000e+02
      vertex   1.904333e+01 9.703692e+01 -1.250000e+02
      vertex   1.897518e+01 9.755456e+01 -1.290000e+02
    endloop
  endfacet
  facet normal -9.914449e-01 -1.305262e-01 0.000000e+00
    outer loop
      vertex   1.897518e+01 9.755456e+01 -1.290000e+02
      vertex   1.904333e+01 9.703692e+01 -1.250000e+02
      vertex   1.897518e+01 9.755456e+01 -1.250000e+02
    endloop
  endfacet
  facet normal -9.238795e-01 -3.826834e-01 0.000000e+00
    outer loop
      vertex   1.897518e+01 9.755456e+01 -1.290000e+02
      vertex   1.897518e+01 9.755456e+01 -1.250000e+02
      vertex   1.877538e+01 9.803692e+01 -1.290000e+02
    endloop
  endfacet
  facet normal -9.238795e-01 -3.826834e-01 0.000000e+00
    outer loop
      vertex   1.877538e+01 9.803692e+01 -1.290000e+02
      vertex   1.897518e+01 9.755456e+01 -1.250000e+02
      vertex   1.877538e+01 9.803692e+01 -1.250000e+02
    endloop
  endfacet
  facet normal -7.933533e-01 -6.087614e-01 0.000000e+00
    outer loop
      vertex   1.877538e+01 9.803692e+01 -1.290000e+02
      vertex   1.877538e+01 9.803692e+01 -1.250000e+02
      vertex   1.845754e+01 9.845113e+01 -1.290000e+02
    endloop
  endfacet
  facet normal -7.933533e-01 -6.087614e-01 0.000000e+00
    outer loop
      vertex   1.845754e+01 9.845113e+01 -1.290000e+02
      vertex   1.877538e+01 9.803692e+01 -1.250000e+02
      vertex   1.845754e+01 9.845113e+01 -1.250000e+02
    endloop
  endfacet
  facet normal -6.087614e-01 -7.933533e-01 0.000000e+00
    outer loop
      vertex   1.845754e+01 9.845113e+01 -1.290000e+02
      vertex   1.845754e+01 9.845113e+01 -1.250000e+02
      vertex   1.804333e+01 9.876897e+01 -1.290000e+02
    endloop
  endfacet
  facet normal -6.087614e-01 -7.933533e-01 0.000000e+00
    outer loop
      vertex   1.804333e+01 9.876897e+01 -1.290000e+02
      vertex   1.845754e+01 9.845113e+01 -1.250000e+02
      vertex   1.804333e+01 9.876897e+01 -1.250000e+02
    endloop
  endfacet
  facet normal -3.826834e-01 -9.238795e-01 0.000000e+00
    outer loop
      vertex   1.804333e+01 9.876897e+01 -1.290000e+02
      vertex   1.804333e+01 9.876897e+01 -1.250000e+02
      vertex   1.756097e+01 9.896877e+01 -1.290000e+02
    endloop
  endfacet
  facet normal -3.826834e-01 -9.238795e-01 0.000000e+00
    outer loop
      vertex   1.756097e+01 9.896877e+01 -1.290000e+02
      vertex   1.804333e+01 9.876897e+01 -1.250000e+02
      vertex   1.756097e+01 9.896877e+01 -1.250000e+02
    endloop
  endfacet
  facet normal -1.305262e-01 -9.914449e-01 0.000000e+00
    outer loop
      vertex   1.756097e+01 9.896877e+01 -1.290000e+02
      vertex   1.756097e+01 9.896877e+01 -1.250000e+02
      vertex   1.704333e+01 9.903692e+01 -1.290000e+02
    endloop
  endfacet
  facet normal -1.305262e-01 -9.914449e-01 0.000000e+00
    outer loop
      vertex   1.704333e+01 9.903692e+01 -1.290000e+02
      vertex   1.756097e+01 9.896877e+01 -1.250000e+02
      vertex   1.704333e+01 9.903692e+01 -1.250000e+02
    endloop
  endfacet
  facet normal -1.000000e+00 0.000000e+00 0.000000e+00
    outer loop
      vertex   1.904333e+01 9.103692e+01 -1.250000e+02
      vertex   1.904333e+01 9.703692e+01 -1.250000e+02
      vertex   1.904333e+01 9.103692e+01 -1.290000e+02
    endloop
  endfacet
  facet normal -1.000000e+00 0.000000e+00 0.000000e+00
    outer loop
      vertex   1.904333e+01 9.103692e+01 -1.290000e+02
      vertex   1.904333e+01 9.703692e+01 -1.250000e+02
      vertex   1.904333e+01 9.703692e+01 -1.290000e+02
    endloop
  endfacet
  facet normal -1.305262e-01 9.914449e-01 0.000000e+00
    outer loop
      vertex   1.704333e+01 8.903692e+01 -1.290000e+02
      vertex   1.704333e+01 8.903692e+01 -1.250000e+02
      vertex   1.756097e+01 8.910507e+01 -1.290000e+02
    endloop
  endfacet
  facet normal -1.305262e-01 9.914449e-01 0.000000e+00
    outer loop
      vertex   1.756097e+01 8.910507e+01 -1.290000e+02
      vertex   1.704333e+01 8.903692e+01 -1.250000e+02
      vertex   1.756097e+01 8.910507e+01 -1.250000e+02
    endloop
  endfacet
  facet normal -3.826834e-01 9.238795e-01 0.000000e+00
    outer loop
      vertex   1.756097e+01 8.910507e+01 -1.290000e+02
      vertex   1.756097e+01 8.910507e+01 -1.250000e+02
      vertex   1.804333e+01 8.930487e+01 -1.290000e+02
    endloop
  endfacet
  facet normal -3.826834e-01 9.238795e-01 0.000000e+00
    outer loop
      vertex   1.804333e+01 8.930487e+01 -1.290000e+02
      vertex   1.756097e+01 8.910507e+01 -1.250000e+02
      vertex   1.804333e+01 8.930487e+01 -1.250000e+02
    endloop
  endfacet
  facet normal -6.087614e-01 7.933533e-01 0.000000e+00
    outer loop
      vertex   1.804333e+01 8.930487e+01 -1.290000e+02
      vertex   1.804333e+01 8.930487e+01 -1.250000e+02
      vertex   1.845754e+01 8.962271e+01 -1.290000e+02
    endloop
  endfacet
  facet normal -6.087614e-01 7.933533e-01 0.000000e+00
    outer loop
      vertex   1.845754e+01 8.962271e+01 -1.290000e+02
      vertex   1.804333e+01 8.930487e+01 -1.250000e+02
      vertex   1.845754e+01 8.962271e+01 -1.250000e+02
    endloop
  endfacet
  facet normal -7.933533e-01 6.087614e-01 0.000000e+00
    outer loop
      vertex   1.845754e+01 8.962271e+01 -1.290000e+02
      vertex   1.845754e+01 8.962271e+01 -1.250000e+02
      vertex   1.877538e+01 9.003692e+01 -1.290000e+02
    endloop
  endfacet
  facet normal -7.933533e-01 6.087614e-01 0.000000e+00
    outer loop
      vertex   1.877538e+01 9.003692e+01 -1.290000e+02
      vertex   1.845754e+01 8.962271e+01 -1.250000e+02
      vertex   1.877538e+01 9.003692e+01 -1.250000e+02
    endloop
  endfacet
  facet normal -9.238795e-01 3.826834e-01 0.000000e+00
    outer loop
      vertex   1.877538e+01 9.003692e+01 -1.290000e+02
      vertex   1.877538e+01 9.003692e+01 -1.250000e+02
      vertex   1.897518e+01 9.051928e+01 -1.290000e+02
    endloop
  endfacet
  facet normal -9.238795e-01 3.826834e-01 0.000000e+00
    outer loop
      vertex   1.897518e+01 9.051928e+01 -1.290000e+02
      vertex   1.877538e+01 9.003692e+01 -1.250000e+02
      vertex   1.897518e+01 9.051928e+01 -1.250000e+02
    endloop
  endfacet
  facet normal -9.914449e-01 1.305262e-01 0.000000e+00
    outer loop
      vertex   1.897518e+01 9.051928e+01 -1.290000e+02
      vertex   1.897518e+01 9.051928e+01 -1.250000e+02
      vertex   1.904333e+01 9.103692e+01 -1.290000e+02
    endloop
  endfacet
  facet normal -9.914449e-01 1.305262e-01 0.000000e+00
    outer loop
      vertex   1.904333e+01 9.103692e+01 -1.290000e+02
      vertex   1.897518e+01 9.051928e+01 -1.250000e+02
      vertex   1.904333e+01 9.103692e+01 -1.250000e+02
    endloop
  endfacet
  facet normal -0.000000e+00 1.000000e+00 0.000000e+00
    outer loop
      vertex   1.104333e+01 8.903692e+01 -1.250000e+02
      vertex   1.704333e+01 8.903692e+01 -1.250000e+02
      vertex   1.104333e+01 8.903692e+01 -1.290000e+02
    endloop
  endfacet
  facet normal 0.000000e+00 1.000000e+00 0.000000e+00
    outer loop
      vertex   1.104333e+01 8.903692e+01 -1.290000e+02
      vertex   1.704333e+01 8.903692e+01 -1.250000e+02
      vertex   1.704333e+01 8.903692e+01 -1.290000e+02
    endloop
  endfacet
  facet normal 9.914449e-01 1.305262e-01 -0.000000e+00
    outer loop
      vertex   9.043329e+00 9.103692e+01 -1.290000e+02
      vertex   9.043329e+00 9.103692e+01 -1.250000e+02
      vertex   9.111477e+00 9.051928e+01 -1.290000e+02
    endloop
  endfacet
  facet normal 9.914449e-01 1.305262e-01 -0.000000e+00
    outer loop
      vertex   9.111477e+00 9.051928e+01 -1.290000e+02
      vertex   9.043329e+00 9.103692e+01 -1.250000e+02
      vertex   9.111477e+00 9.051928e+01 -1.250000e+02
    endloop
  endfacet
  facet normal 9.238795e-01 3.826834e-01 -0.000000e+00
    outer loop
      vertex   9.111477e+00 9.051928e+01 -1.290000e+02
      vertex   9.111477e+00 9.051928e+01 -1.250000e+02
      vertex   9.311278e+00 9.003692e+01 -1.290000e+02
    endloop
  endfacet
  facet normal 9.238795e-01 3.826834e-01 -0.000000e+00
    outer loop
      vertex   9.311278e+00 9.003692e+01 -1.290000e+02
      vertex   9.111477e+00 9.051928e+01 -1.250000e+02
      vertex   9.311278e+00 9.003692e+01 -1.250000e+02
    endloop
  endfacet
  facet normal 7.933533e-01 6.087614e-01 -0.000000e+00
    outer loop
      vertex   9.311278e+00 9.003692e+01 -1.290000e+02
      vertex   9.311278e+00 9.003692e+01 -1.250000e+02
      vertex   9.629115e+00 8.962271e+01 -1.290000e+02
    endloop
  endfacet
  facet normal 7.933533e-01 6.087614e-01 -0.000000e+00
    outer loop
      vertex   9.629115e+00 8.962271e+01 -1.290000e+02
      vertex   9.311278e+00 9.003692e+01 -1.250000e+02
      vertex   9.629115e+00 8.962271e+01 -1.250000e+02
    endloop
  endfacet
  facet normal 6.087614e-01 7.933533e-01 -0.000000e+00
    outer loop
      vertex   9.629115e+00 8.962271e+01 -1.290000e+02
      vertex   9.629115e+00 8.962271e+01 -1.250000e+02
      vertex   1.004333e+01 8.930487e+01 -1.290000e+02
    endloop
  endfacet
  facet normal 6.087614e-01 7.933533e-01 -0.000000e+00
    outer loop
      vertex   1.004333e+01 8.930487e+01 -1.290000e+02
      vertex   9.629115e+00 8.962271e+01 -1.250000e+02
      vertex   1.004333e+01 8.930487e+01 -1.250000e+02
    endloop
  endfacet
  facet normal 3.826834e-01 9.238795e-01 -0.000000e+00
    outer loop
      vertex   1.004333e+01 8.930487e+01 -1.290000e+02
      vertex   1.004333e+01 8.930487e+01 -1.250000e+02
      vertex   1.052569e+01 8.910507e+01 -1.290000e+02
    endloop
  endfacet
  facet normal 3.826834e-01 9.238795e-01 -0.000000e+00
    outer loop
      vertex   1.052569e+01 8.910507e+01 -1.290000e+02
      vertex   1.004333e+01 8.930487e+01 -1.250000e+02
      vertex   1.052569e+01 8.910507e+01 -1.250000e+02
    endloop
  endfacet
  facet normal 1.305262e-01 9.914449e-01 -0.000000e+00
    outer loop
      vertex   1.052569e+01 8.910507e+01 -1.290000e+02
      vertex   1.052569e+01 8.910507e+01 -1.250000e+02
      vertex   1.104333e+01 8.903692e+01 -1.290000e+02
    endloop
  endfacet
  facet normal 1.305262e-01 9.914449e-01 -0.000000e+00
    outer loop
      vertex   1.104333e+01 8.903692e+01 -1.290000e+02
      vertex   1.052569e+01 8.910507e+01 -1.250000e+02
      vertex   1.104333e+01 8.903692e+01 -1.250000e+02
    endloop
  endfacet
  facet normal 1.000000e+00 0.000000e+00 0.000000e+00
    outer loop
      vertex   9.043329e+00 9.703692e+01 -1.250000e+02
      vertex   9.043329e+00 9.103692e+01 -1.250000e+02
      vertex   9.043329e+00 9.703692e+01 -1.290000e+02
    endloop
  endfacet
  facet normal 1.000000e+00 0.000000e+00 0.000000e+00
    outer loop
      vertex   9.043329e+00 9.703692e+01 -1.290000e+02
      vertex   9.043329e+00 9.103692e+01 -1.250000e+02
      vertex   9.043329e+00 9.103692e+01 -1.290000e+02
    endloop
  endfacet
  facet normal 1.305262e-01 -9.914449e-01 0.000000e+00
    outer loop
      vertex   1.104333e+01 9.903692e+01 -1.290000e+02
      vertex   1.104333e+01 9.903692e+01 -1.250000e+02
      vertex   1.052569e+01 9.896877e+01 -1.290000e+02
    endloop
  endfacet
  facet normal 1.305262e-01 -9.914449e-01 0.000000e+00
    outer loop
      vertex   1.052569e+01 9.896877e+01 -1.290000e+02
      vertex   1.104333e+01 9.903692e+01 -1.250000e+02
      vertex   1.052569e+01 9.896877e+01 -1.250000e+02
    endloop
  endfacet
  facet normal 3.826834e-01 -9.238795e-01 0.000000e+00
    outer loop
      vertex   1.052569e+01 9.896877e+01 -1.290000e+02
      vertex   1.052569e+01 9.896877e+01 -1.250000e+02
      vertex   1.004333e+01 9.876897e+01 -1.290000e+02
    endloop
  endfacet
  facet normal 3.826834e-01 -9.238795e-01 0.000000e+00
    outer loop
      vertex   1.004333e+01 9.876897e+01 -1.290000e+02
      vertex   1.052569e+01 9.896877e+01 -1.250000e+02
      vertex   1.004333e+01 9.876897e+01 -1.250000e+02
    endloop
  endfacet
  facet normal 6.087614e-01 -7.933533e-01 0.000000e+00
    outer loop
      vertex   1.004333e+01 9.876897e+01 -1.290000e+02
      vertex   1.004333e+01 9.876897e+01 -1.250000e+02
      vertex   9.629115e+00 9.845113e+01 -1.290000e+02
    endloop
  endfacet
  facet normal 6.087614e-01 -7.933533e-01 0.000000e+00
    outer loop
      vertex   9.629115e+00 9.845113e+01 -1.290000e+02
      vertex   1.004333e+01 9.876897e+01 -1.250000e+02
      vertex   9.629115e+00 9.845113e+01 -1.250000e+02
    endloop
  endfacet
  facet normal 7.933533e-01 -6.087614e-01 0.000000e+00
    outer loop
      vertex   9.629115e+00 9.845113e+01 -1.290000e+02
      vertex   9.629115e+00 9.845113e+01 -1.250000e+02
      vertex   9.311278e+00 9.803692e+01 -1.290000e+02
    endloop
  endfacet
  facet normal 7.933533e-01 -6.087614e-01 0.000000e+00
    outer loop
      vertex   9.311278e+00 9.803692e+01 -1.290000e+02
      vertex   9.629115e+00 9.845113e+01 -1.250000e+02
      vertex   9.311278e+00 9.803692e+01 -1.250000e+02
    endloop
  endfacet
  facet normal 9.238795e-01 -3.826834e-01 0.000000e+00
    outer loop
      vertex   9.311278e+00 9.803692e+01 -1.290000e+02
      vertex   9.311278e+00 9.803692e+01 -1.250000e+02
      vertex   9.111477e+00 9.755456e+01 -1.290000e+02
    endloop
  endfacet
  facet normal 9.238795e-01 -3.826834e-01 0.000000e+00
    outer loop
      vertex   9.111477e+00 9.755456e+01 -1.290000e+02
      vertex   9.311278e+00 9.803692e+01 -1.250000e+02
      vertex   9.111477e+00 9.755456e+01 -1.250000e+02
    endloop
  endfacet
  facet normal 9.914449e-01 -1.305262e-01 0.000000e+00
    outer loop
      vertex   9.111477e+00 9.755456e+01 -1.290000e+02
      vertex   9.111477e+00 9.755456e+01 -1.250000e+02
      vertex   9.043329e+00 9.703692e+01 -1.290000e+02
    endloop
  endfacet
  facet normal 9.914449e-01 -1.305262e-01 0.000000e+00
    outer loop
      vertex   9.043329e+00 9.703692e+01 -1.290000e+02
      vertex   9.111477e+00 9.755456e+01 -1.250000e+02
      vertex   9.043329e+00 9.703692e+01 -1.250000e+02
    endloop
  endfacet
  facet normal -0.000000e+00 -1.000000e+00 -0.000000e+00
    outer loop
      vertex   1.704333e+01 9.903692e+01 -1.250000e+02
      vertex   1.104333e+01 9.903692e+01 -1.250000e+02
      vertex   1.704333e+01 9.903692e+01 -1.290000e+02
    endloop
  endfacet
  facet normal 0.000000e+00 -1.000000e+00 0.000000e+00
    outer loop
      vertex   1.704333e+01 9.903692e+01 -1.290000e+02
      vertex   1.104333e+01 9.903692e+01 -1.250000e+02
      vertex   1.104333e+01 9.903692e+01 -1.290000e+02
    endloop
  endfacet
  facet normal -0.000000e+00 1.000000e+00 0.000000e+00
    outer loop
      vertex   2.958666e+01 8.653692e+01 -1.250000e+02
      vertex   3.033666e+01 8.653692e+01 -1.250000e+02
      vertex   2.958666e+01 8.653692e+01 -1.290000e+02
    endloop
  endfacet
  facet normal 0.000000e+00 1.000000e+00 0.000000e+00
    outer loop
      vertex   2.958666e+01 8.653692e+01 -1.290000e+02
      vertex   3.033666e+01 8.653692e+01 -1.250000e+02
      vertex   3.033666e+01 8.653692e+01 -1.290000e+02
    endloop
  endfacet
  facet normal 9.914449e-01 1.305262e-01 -0.000000e+00
    outer loop
      vertex   2.808666e+01 8.803692e+01 -1.290000e+02
      vertex   2.808666e+01 8.803692e+01 -1.250000e+02
      vertex   2.813777e+01 8.764869e+01 -1.290000e+02
    endloop
  endfacet
  facet normal 9.914449e-01 1.305262e-01 -0.000000e+00
    outer loop
      vertex   2.813777e+01 8.764869e+01 -1.290000e+02
      vertex   2.808666e+01 8.803692e+01 -1.250000e+02
      vertex   2.813777e+01 8.764869e+01 -1.250000e+02
    endloop
  endfacet
  facet normal 9.238795e-01 3.826834e-01 -0.000000e+00
    outer loop
      vertex   2.813777e+01 8.764869e+01 -1.290000e+02
      vertex   2.813777e+01 8.764869e+01 -1.250000e+02
      vertex   2.828762e+01 8.728692e+01 -1.290000e+02
    endloop
  endfacet
  facet normal 9.238795e-01 3.826834e-01 -0.000000e+00
    outer loop
      vertex   2.828762e+01 8.728692e+01 -1.290000e+02
      vertex   2.813777e+01 8.764869e+01 -1.250000e+02
      vertex   2.828762e+01 8.728692e+01 -1.250000e+02
    endloop
  endfacet
  facet normal 7.933533e-01 6.087614e-01 -0.000000e+00
    outer loop
      vertex   2.828762e+01 8.728692e+01 -1.290000e+02
      vertex   2.828762e+01 8.728692e+01 -1.250000e+02
      vertex   2.852600e+01 8.697626e+01 -1.290000e+02
    endloop
  endfacet
  facet normal 7.933533e-01 6.087614e-01 -0.000000e+00
    outer loop
      vertex   2.852600e+01 8.697626e+01 -1.290000e+02
      vertex   2.828762e+01 8.728692e+01 -1.250000e+02
      vertex   2.852600e+01 8.697626e+01 -1.250000e+02
    endloop
  endfacet
  facet normal 6.087614e-01 7.933533e-01 -0.000000e+00
    outer loop
      vertex   2.852600e+01 8.697626e+01 -1.290000e+02
      vertex   2.852600e+01 8.697626e+01 -1.250000e+02
      vertex   2.883666e+01 8.673788e+01 -1.290000e+02
    endloop
  endfacet
  facet normal 6.087614e-01 7.933533e-01 -0.000000e+00
    outer loop
      vertex   2.883666e+01 8.673788e+01 -1.290000e+02
      vertex   2.852600e+01 8.697626e+01 -1.250000e+02
      vertex   2.883666e+01 8.673788e+01 -1.250000e+02
    endloop
  endfacet
  facet normal 3.826834e-01 9.238795e-01 -0.000000e+00
    outer loop
      vertex   2.883666e+01 8.673788e+01 -1.290000e+02
      vertex   2.883666e+01 8.673788e+01 -1.250000e+02
      vertex   2.919843e+01 8.658803e+01 -1.290000e+02
    endloop
  endfacet
  facet normal 3.826834e-01 9.238795e-01 -0.000000e+00
    outer loop
      vertex   2.919843e+01 8.658803e+01 -1.290000e+02
      vertex   2.883666e+01 8.673788e+01 -1.250000e+02
      vertex   2.919843e+01 8.658803e+01 -1.250000e+02
    endloop
  endfacet
  facet normal 1.305262e-01 9.914449e-01 -0.000000e+00
    outer loop
      vertex   2.919843e+01 8.658803e+01 -1.290000e+02
      vertex   2.919843e+01 8.658803e+01 -1.250000e+02
      vertex   2.958666e+01 8.653692e+01 -1.290000e+02
    endloop
  endfacet
  facet normal 1.305262e-01 9.914449e-01 -0.000000e+00
    outer loop
      vertex   2.958666e+01 8.653692e+01 -1.290000e+02
      vertex   2.919843e+01 8.658803e+01 -1.250000e+02
      vertex   2.958666e+01 8.653692e+01 -1.250000e+02
    endloop
  endfacet
  facet normal 1.000000e+00 7.993606e-15 0.000000e+00
    outer loop
      vertex   2.808666e+01 1.000369e+02 -1.250000e+02
      vertex   2.808666e+01 8.803692e+01 -1.250000e+02
      vertex   2.808666e+01 1.000369e+02 -1.290000e+02
    endloop
  endfacet
  facet normal 1.000000e+00 7.993606e-15 0.000000e+00
    outer loop
      vertex   2.808666e+01 1.000369e+02 -1.290000e+02
      vertex   2.808666e+01 8.803692e+01 -1.250000e+02
      vertex   2.808666e+01 8.803692e+01 -1.290000e+02
    endloop
  endfacet
  facet normal 1.305262e-01 -9.914449e-01 2.152611e-14
    outer loop
      vertex   2.958666e+01 1.015369e+02 -1.290000e+02
      vertex   2.958666e+01 1.015369e+02 -1.250000e+02
      vertex   2.919843e+01 1.014858e+02 -1.290000e+02
    endloop
  endfacet
  facet normal 1.305262e-01 -9.914449e-01 1.087778e-15
    outer loop
      vertex   2.919843e+01 1.014858e+02 -1.290000e+02
      vertex   2.958666e+01 1.015369e+02 -1.250000e+02
      vertex   2.919843e+01 1.014858e+02 -1.250000e+02
    endloop
  endfacet
  facet normal 3.826834e-01 -9.238795e-01 -3.855435e-15
    outer loop
      vertex   2.919843e+01 1.014858e+02 -1.290000e+02
      vertex   2.919843e+01 1.014858e+02 -1.250000e+02
      vertex   2.883666e+01 1.013360e+02 -1.290000e+02
    endloop
  endfacet
  facet normal 3.826834e-01 -9.238795e-01 4.408580e-15
    outer loop
      vertex   2.883666e+01 1.013360e+02 -1.290000e+02
      vertex   2.919843e+01 1.014858e+02 -1.250000e+02
      vertex   2.883666e+01 1.013360e+02 -1.250000e+02
    endloop
  endfacet
  facet normal 6.087614e-01 -7.933533e-01 -1.953484e-16
    outer loop
      vertex   2.883666e+01 1.013360e+02 -1.290000e+02
      vertex   2.883666e+01 1.013360e+02 -1.250000e+02
      vertex   2.852600e+01 1.010976e+02 -1.290000e+02
    endloop
  endfacet
  facet normal 6.087614e-01 -7.933533e-01 2.302269e-16
    outer loop
      vertex   2.852600e+01 1.010976e+02 -1.290000e+02
      vertex   2.883666e+01 1.013360e+02 -1.250000e+02
      vertex   2.852600e+01 1.010976e+02 -1.250000e+02
    endloop
  endfacet
  facet normal 7.933533e-01 -6.087614e-01 -2.720883e-15
    outer loop
      vertex   2.852600e+01 1.010976e+02 -1.290000e+02
      vertex   2.852600e+01 1.010976e+02 -1.250000e+02
      vertex   2.828762e+01 1.007869e+02 -1.290000e+02
    endloop
  endfacet
  facet normal 7.933533e-01 -6.087614e-01 -1.360442e-15
    outer loop
      vertex   2.828762e+01 1.007869e+02 -1.290000e+02
      vertex   2.852600e+01 1.010976e+02 -1.250000e+02
      vertex   2.828762e+01 1.007869e+02 -1.250000e+02
    endloop
  endfacet
  facet normal 9.238795e-01 -3.826834e-01 -2.743285e-15
    outer loop
      vertex   2.828762e+01 1.007869e+02 -1.290000e+02
      vertex   2.828762e+01 1.007869e+02 -1.250000e+02
      vertex   2.813777e+01 1.004251e+02 -1.290000e+02
    endloop
  endfacet
  facet normal 9.238795e-01 -3.826834e-01 -8.205699e-16
    outer loop
      vertex   2.813777e+01 1.004251e+02 -1.290000e+02
      vertex   2.828762e+01 1.007869e+02 -1.250000e+02
      vertex   2.813777e+01 1.004251e+02 -1.250000e+02
    endloop
  endfacet
  facet normal 9.914449e-01 -1.305262e-01 -8.805799e-16
    outer loop
      vertex   2.813777e+01 1.004251e+02 -1.290000e+02
      vertex   2.813777e+01 1.004251e+02 -1.250000e+02
      vertex   2.808666e+01 1.000369e+02 -1.290000e+02
    endloop
  endfacet
  facet normal 9.914449e-01 -1.305262e-01 0.000000e+00
    outer loop
      vertex   2.808666e+01 1.000369e+02 -1.290000e+02
      vertex   2.813777e+01 1.004251e+02 -1.250000e+02
      vertex   2.808666e+01 1.000369e+02 -1.250000e+02
    endloop
  endfacet
  facet normal -1.326346e-13 -1.000000e+00 -0.000000e+00
    outer loop
      vertex   3.033666e+01 1.015369e+02 -1.250000e+02
      vertex   2.958666e+01 1.015369e+02 -1.250000e+02
      vertex   3.033666e+01 1.015369e+02 -1.290000e+02
    endloop
  endfacet
  facet normal 0.000000e+00 -1.000000e+00 2.486900e-14
    outer loop
      vertex   3.033666e+01 1.015369e+02 -1.290000e+02
      vertex   2.958666e+01 1.015369e+02 -1.250000e+02
      vertex   2.958666e+01 1.015369e+02 -1.290000e+02
    endloop
  endfacet
  facet normal -9.914449e-01 -1.305262e-01 0.000000e+00
    outer loop
      vertex   3.183666e+01 1.000369e+02 -1.290000e+02
      vertex   3.183666e+01 1.000369e+02 -1.250000e+02
      vertex   3.178555e+01 1.004251e+02 -1.290000e+02
    endloop
  endfacet
  facet normal -9.914449e-01 -1.305262e-01 0.000000e+00
    outer loop
      vertex   3.178555e+01 1.004251e+02 -1.290000e+02
      vertex   3.183666e+01 1.000369e+02 -1.250000e+02
      vertex   3.178555e+01 1.004251e+02 -1.250000e+02
    endloop
  endfacet
  facet normal -9.238795e-01 -3.826834e-01 0.000000e+00
    outer loop
      vertex   3.178555e+01 1.004251e+02 -1.290000e+02
      vertex   3.178555e+01 1.004251e+02 -1.250000e+02
      vertex   3.163570e+01 1.007869e+02 -1.290000e+02
    endloop
  endfacet
  facet normal -9.238795e-01 -3.826834e-01 0.000000e+00
    outer loop
      vertex   3.163570e+01 1.007869e+02 -1.290000e+02
      vertex   3.178555e+01 1.004251e+02 -1.250000e+02
      vertex   3.163570e+01 1.007869e+02 -1.250000e+02
    endloop
  endfacet
  facet normal -7.933533e-01 -6.087614e-01 0.000000e+00
    outer loop
      vertex   3.163570e+01 1.007869e+02 -1.290000e+02
      vertex   3.163570e+01 1.007869e+02 -1.250000e+02
      vertex   3.139732e+01 1.010976e+02 -1.290000e+02
    endloop
  endfacet
  facet normal -7.933533e-01 -6.087614e-01 0.000000e+00
    outer loop
      vertex   3.139732e+01 1.010976e+02 -1.290000e+02
      vertex   3.163570e+01 1.007869e+02 -1.250000e+02
      vertex   3.139732e+01 1.010976e+02 -1.250000e+02
    endloop
  endfacet
  facet normal -6.087614e-01 -7.933533e-01 0.000000e+00
    outer loop
      vertex   3.139732e+01 1.010976e+02 -1.290000e+02
      vertex   3.139732e+01 1.010976e+02 -1.250000e+02
      vertex   3.108666e+01 1.013360e+02 -1.290000e+02
    endloop
  endfacet
  facet normal -6.087614e-01 -7.933533e-01 0.000000e+00
    outer loop
      vertex   3.108666e+01 1.013360e+02 -1.290000e+02
      vertex   3.139732e+01 1.010976e+02 -1.250000e+02
      vertex   3.108666e+01 1.013360e+02 -1.250000e+02
    endloop
  endfacet
  facet normal -3.826834e-01 -9.238795e-01 0.000000e+00
    outer loop
      vertex   3.108666e+01 1.013360e+02 -1.290000e+02
      vertex   3.108666e+01 1.013360e+02 -1.250000e+02
      vertex   3.072489e+01 1.014858e+02 -1.290000e+02
    endloop
  endfacet
  facet normal -3.826834e-01 -9.238795e-01 0.000000e+00
    outer loop
      vertex   3.072489e+01 1.014858e+02 -1.290000e+02
      vertex   3.108666e+01 1.013360e+02 -1.250000e+02
      vertex   3.072489e+01 1.014858e+02 -1.250000e+02
    endloop
  endfacet
  facet normal -1.305262e-01 -9.914449e-01 0.000000e+00
    outer loop
      vertex   3.072489e+01 1.014858e+02 -1.290000e+02
      vertex   3.072489e+01 1.014858e+02 -1.250000e+02
      vertex   3.033666e+01 1.015369e+02 -1.290000e+02
    endloop
  endfacet
  facet normal -1.305262e-01 -9.914449e-01 0.000000e+00
    outer loop
      vertex   3.033666e+01 1.015369e+02 -1.290000e+02
      vertex   3.072489e+01 1.014858e+02 -1.250000e+02
      vertex   3.033666e+01 1.015369e+02 -1.250000e+02
    endloop
  endfacet
  facet normal -1.000000e+00 0.000000e+00 0.000000e+00
    outer loop
      vertex   3.183666e+01 8.803692e+01 -1.250000e+02
      vertex   3.183666e+01 1.000369e+02 -1.250000e+02
      vertex   3.183666e+01 8.803692e+01 -1.290000e+02
    endloop
  endfacet
  facet normal -1.000000e+00 0.000000e+00 0.000000e+00
    outer loop
      vertex   3.183666e+01 8.803692e+01 -1.290000e+02
      vertex   3.183666e+01 1.000369e+02 -1.250000e+02
      vertex   3.183666e+01 1.000369e+02 -1.290000e+02
    endloop
  endfacet
  facet normal -1.305262e-01 9.914449e-01 0.000000e+00
    outer loop
      vertex   3.033666e+01 8.653692e+01 -1.290000e+02
      vertex   3.033666e+01 8.653692e+01 -1.250000e+02
      vertex   3.072489e+01 8.658803e+01 -1.290000e+02
    endloop
  endfacet
  facet normal -1.305262e-01 9.914449e-01 0.000000e+00
    outer loop
      vertex   3.072489e+01 8.658803e+01 -1.290000e+02
      vertex   3.033666e+01 8.653692e+01 -1.250000e+02
      vertex   3.072489e+01 8.658803e+01 -1.250000e+02
    endloop
  endfacet
  facet normal -3.826834e-01 9.238795e-01 0.000000e+00
    outer loop
      vertex   3.072489e+01 8.658803e+01 -1.290000e+02
      vertex   3.072489e+01 8.658803e+01 -1.250000e+02
      vertex   3.108666e+01 8.673788e+01 -1.290000e+02
    endloop
  endfacet
  facet normal -3.826834e-01 9.238795e-01 0.000000e+00
    outer loop
      vertex   3.108666e+01 8.673788e+01 -1.290000e+02
      vertex   3.072489e+01 8.658803e+01 -1.250000e+02
      vertex   3.108666e+01 8.673788e+01 -1.250000e+02
    endloop
  endfacet
  facet normal -6.087614e-01 7.933533e-01 0.000000e+00
    outer loop
      vertex   3.108666e+01 8.673788e+01 -1.290000e+02
      vertex   3.108666e+01 8.673788e+01 -1.250000e+02
      vertex   3.139732e+01 8.697626e+01 -1.290000e+02
    endloop
  endfacet
  facet normal -6.087614e-01 7.933533e-01 0.000000e+00
    outer loop
      vertex   3.139732e+01 8.697626e+01 -1.290000e+02
      vertex   3.108666e+01 8.673788e+01 -1.250000e+02
      vertex   3.139732e+01 8.697626e+01 -1.250000e+02
    endloop
  endfacet
  facet normal -7.933533e-01 6.087614e-01 0.000000e+00
    outer loop
      vertex   3.139732e+01 8.697626e+01 -1.290000e+02
      vertex   3.139732e+01 8.697626e+01 -1.250000e+02
      vertex   3.163570e+01 8.728692e+01 -1.290000e+02
    endloop
  endfacet
  facet normal -7.933533e-01 6.087614e-01 0.000000e+00
    outer loop
      vertex   3.163570e+01 8.728692e+01 -1.290000e+02
      vertex   3.139732e+01 8.697626e+01 -1.250000e+02
      vertex   3.163570e+01 8.728692e+01 -1.250000e+02
    endloop
  endfacet
  facet normal -9.238795e-01 3.826834e-01 0.000000e+00
    outer loop
      vertex   3.163570e+01 8.728692e+01 -1.290000e+02
      vertex   3.163570e+01 8.728692e+01 -1.250000e+02
      vertex   3.178555e+01 8.764869e+01 -1.290000e+02
    endloop
  endfacet
  facet normal -9.238795e-01 3.826834e-01 0.000000e+00
    outer loop
      vertex   3.178555e+01 8.764869e+01 -1.290000e+02
      vertex   3.163570e+01 8.728692e+01 -1.250000e+02
      vertex   3.178555e+01 8.764869e+01 -1.250000e+02
    endloop
  endfacet
  facet normal -9.914449e-01 1.305262e-01 0.000000e+00
    outer loop
      vertex   3.178555e+01 8.764869e+01 -1.290000e+02
      vertex   3.178555e+01 8.764869e+01 -1.250000e+02
      vertex   3.183666e+01 8.803692e+01 -1.290000e+02
    endloop
  endfacet
  facet normal -9.914449e-01 1.305262e-01 0.000000e+00
    outer loop
      vertex   3.183666e+01 8.803692e+01 -1.290000e+02
      vertex   3.178555e+01 8.764869e+01 -1.250000e+02
      vertex   3.183666e+01 8.803692e+01 -1.250000e+02
    endloop
  endfacet
  facet normal -0.000000e+00 -1.000000e+00 -0.000000e+00
    outer loop
      vertex   3.050000e+01 6.454089e+01 -1.250000e+02
      vertex   1.950000e+01 6.454089e+01 -1.250000e+02
      vertex   3.050000e+01 6.454089e+01 -1.290000e+02
    endloop
  endfacet
  facet normal 0.000000e+00 -1.000000e+00 0.000000e+00
    outer loop
      vertex   3.050000e+01 6.454089e+01 -1.290000e+02
      vertex   1.950000e+01 6.454089e+01 -1.250000e+02
      vertex   1.950000e+01 6.454089e+01 -1.290000e+02
    endloop
  endfacet
  facet normal -9.914449e-01 -1.305262e-01 0.000000e+00
    outer loop
      vertex   3.250000e+01 6.254089e+01 -1.290000e+02
      vertex   3.250000e+01 6.254089e+01 -1.250000e+02
      vertex   3.243185e+01 6.305852e+01 -1.290000e+02
    endloop
  endfacet
  facet normal -9.914449e-01 -1.305262e-01 0.000000e+00
    outer loop
      vertex   3.243185e+01 6.305852e+01 -1.290000e+02
      vertex   3.250000e+01 6.254089e+01 -1.250000e+02
      vertex   3.243185e+01 6.305852e+01 -1.250000e+02
    endloop
  endfacet
  facet normal -9.238795e-01 -3.826834e-01 0.000000e+00
    outer loop
      vertex   3.243185e+01 6.305852e+01 -1.290000e+02
      vertex   3.243185e+01 6.305852e+01 -1.250000e+02
      vertex   3.223205e+01 6.354089e+01 -1.290000e+02
    endloop
  endfacet
  facet normal -9.238795e-01 -3.826834e-01 0.000000e+00
    outer loop
      vertex   3.223205e+01 6.354089e+01 -1.290000e+02
      vertex   3.243185e+01 6.305852e+01 -1.250000e+02
      vertex   3.223205e+01 6.354089e+01 -1.250000e+02
    endloop
  endfacet
  facet normal -7.933533e-01 -6.087614e-01 0.000000e+00
    outer loop
      vertex   3.223205e+01 6.354089e+01 -1.290000e+02
      vertex   3.223205e+01 6.354089e+01 -1.250000e+02
      vertex   3.191421e+01 6.395510e+01 -1.290000e+02
    endloop
  endfacet
  facet normal -7.933533e-01 -6.087614e-01 0.000000e+00
    outer loop
      vertex   3.191421e+01 6.395510e+01 -1.290000e+02
      vertex   3.223205e+01 6.354089e+01 -1.250000e+02
      vertex   3.191421e+01 6.395510e+01 -1.250000e+02
    endloop
  endfacet
  facet normal -6.087614e-01 -7.933533e-01 0.000000e+00
    outer loop
      vertex   3.191421e+01 6.395510e+01 -1.290000e+02
      vertex   3.191421e+01 6.395510e+01 -1.250000e+02
      vertex   3.150000e+01 6.427294e+01 -1.290000e+02
    endloop
  endfacet
  facet normal -6.087614e-01 -7.933533e-01 0.000000e+00
    outer loop
      vertex   3.150000e+01 6.427294e+01 -1.290000e+02
      vertex   3.191421e+01 6.395510e+01 -1.250000e+02
      vertex   3.150000e+01 6.427294e+01 -1.250000e+02
    endloop
  endfacet
  facet normal -3.826834e-01 -9.238795e-01 0.000000e+00
    outer loop
      vertex   3.150000e+01 6.427294e+01 -1.290000e+02
      vertex   3.150000e+01 6.427294e+01 -1.250000e+02
      vertex   3.101764e+01 6.447274e+01 -1.290000e+02
    endloop
  endfacet
  facet normal -3.826834e-01 -9.238795e-01 0.000000e+00
    outer loop
      vertex   3.101764e+01 6.447274e+01 -1.290000e+02
      vertex   3.150000e+01 6.427294e+01 -1.250000e+02
      vertex   3.101764e+01 6.447274e+01 -1.250000e+02
    endloop
  endfacet
  facet normal -1.305262e-01 -9.914449e-01 0.000000e+00
    outer loop
      vertex   3.101764e+01 6.447274e+01 -1.290000e+02
      vertex   3.101764e+01 6.447274e+01 -1.250000e+02
      vertex   3.050000e+01 6.454089e+01 -1.290000e+02
    endloop
  endfacet
  facet normal -1.305262e-01 -9.914449e-01 0.000000e+00
    outer loop
      vertex   3.050000e+01 6.454089e+01 -1.290000e+02
      vertex   3.101764e+01 6.447274e+01 -1.250000e+02
      vertex   3.050000e+01 6.454089e+01 -1.250000e+02
    endloop
  endfacet
  facet normal -1.000000e+00 0.000000e+00 0.000000e+00
    outer loop
      vertex   3.250000e+01 4.827792e+01 -1.250000e+02
      vertex   3.250000e+01 6.254089e+01 -1.250000e+02
      vertex   3.250000e+01 4.827792e+01 -1.290000e+02
    endloop
  endfacet
  facet normal -1.000000e+00 0.000000e+00 0.000000e+00
    outer loop
      vertex   3.250000e+01 4.827792e+01 -1.290000e+02
      vertex   3.250000e+01 6.254089e+01 -1.250000e+02
      vertex   3.250000e+01 6.254089e+01 -1.290000e+02
    endloop
  endfacet
  facet normal 4.511641e-01 8.924410e-01 -0.000000e+00
    outer loop
      vertex   2.939060e+01 4.661382e+01 -1.290000e+02
      vertex   2.939060e+01 4.661382e+01 -1.250000e+02
      vertex   2.981771e+01 4.639790e+01 -1.290000e+02
    endloop
  endfacet
  facet normal 4.511641e-01 8.924410e-01 -0.000000e+00
    outer loop
      vertex   2.981771e+01 4.639790e+01 -1.290000e+02
      vertex   2.939060e+01 4.661382e+01 -1.250000e+02
      vertex   2.981771e+01 4.639790e+01 -1.250000e+02
    endloop
  endfacet
  facet normal 2.262273e-01 9.740745e-01 -0.000000e+00
    outer loop
      vertex   2.981771e+01 4.639790e+01 -1.290000e+02
      vertex   2.981771e+01 4.639790e+01 -1.250000e+02
      vertex   3.028388e+01 4.628963e+01 -1.290000e+02
    endloop
  endfacet
  facet normal 2.262273e-01 9.740745e-01 -0.000000e+00
    outer loop
      vertex   3.028388e+01 4.628963e+01 -1.290000e+02
      vertex   2.981771e+01 4.639790e+01 -1.250000e+02
      vertex   3.028388e+01 4.628963e+01 -1.250000e+02
    endloop
  endfacet
  facet normal -1.166350e-02 9.999320e-01 0.000000e+00
    outer loop
      vertex   3.028388e+01 4.628963e+01 -1.290000e+02
      vertex   3.028388e+01 4.628963e+01 -1.250000e+02
      vertex   3.076244e+01 4.629521e+01 -1.290000e+02
    endloop
  endfacet
  facet normal -1.166350e-02 9.999320e-01 0.000000e+00
    outer loop
      vertex   3.076244e+01 4.629521e+01 -1.290000e+02
      vertex   3.028388e+01 4.628963e+01 -1.250000e+02
      vertex   3.076244e+01 4.629521e+01 -1.250000e+02
    endloop
  endfacet
  facet normal -2.488864e-01 9.685327e-01 0.000000e+00
    outer loop
      vertex   3.076244e+01 4.629521e+01 -1.290000e+02
      vertex   3.076244e+01 4.629521e+01 -1.250000e+02
      vertex   3.122596e+01 4.641433e+01 -1.290000e+02
    endloop
  endfacet
  facet normal -2.488864e-01 9.685327e-01 0.000000e+00
    outer loop
      vertex   3.122596e+01 4.641433e+01 -1.290000e+02
      vertex   3.076244e+01 4.629521e+01 -1.250000e+02
      vertex   3.122596e+01 4.641433e+01 -1.250000e+02
    endloop
  endfacet
  facet normal -4.718579e-01 8.816746e-01 0.000000e+00
    outer loop
      vertex   3.122596e+01 4.641433e+01 -1.290000e+02
      vertex   3.122596e+01 4.641433e+01 -1.250000e+02
      vertex   3.164791e+01 4.664015e+01 -1.290000e+02
    endloop
  endfacet
  facet normal -4.718579e-01 8.816746e-01 0.000000e+00
    outer loop
      vertex   3.164791e+01 4.664015e+01 -1.290000e+02
      vertex   3.122596e+01 4.641433e+01 -1.250000e+02
      vertex   3.164791e+01 4.664015e+01 -1.250000e+02
    endloop
  endfacet
  facet normal -6.678106e-01 7.443313e-01 0.000000e+00
    outer loop
      vertex   3.164791e+01 4.664015e+01 -1.290000e+02
      vertex   3.164791e+01 4.664015e+01 -1.250000e+02
      vertex   3.200414e+01 4.695975e+01 -1.290000e+02
    endloop
  endfacet
  facet normal -6.678106e-01 7.443313e-01 0.000000e+00
    outer loop
      vertex   3.200414e+01 4.695975e+01 -1.290000e+02
      vertex   3.164791e+01 4.664015e+01 -1.250000e+02
      vertex   3.200414e+01 4.695975e+01 -1.250000e+02
    endloop
  endfacet
  facet normal -8.255240e-01 5.643671e-01 0.000000e+00
    outer loop
      vertex   3.200414e+01 4.695975e+01 -1.290000e+02
      vertex   3.200414e+01 4.695975e+01 -1.250000e+02
      vertex   3.227424e+01 4.735483e+01 -1.290000e+02
    endloop
  endfacet
  facet normal -8.255240e-01 5.643671e-01 0.000000e+00
    outer loop
      vertex   3.227424e+01 4.735483e+01 -1.290000e+02
      vertex   3.200414e+01 4.695975e+01 -1.250000e+02
      vertex   3.227424e+01 4.735483e+01 -1.250000e+02
    endloop
  endfacet
  facet normal -9.359673e-01 3.520869e-01 0.000000e+00
    outer loop
      vertex   3.227424e+01 4.735483e+01 -1.290000e+02
      vertex   3.227424e+01 4.735483e+01 -1.250000e+02
      vertex   3.244274e+01 4.780277e+01 -1.290000e+02
    endloop
  endfacet
  facet normal -9.359673e-01 3.520869e-01 0.000000e+00
    outer loop
      vertex   3.244274e+01 4.780277e+01 -1.290000e+02
      vertex   3.227424e+01 4.735483e+01 -1.250000e+02
      vertex   3.244274e+01 4.780277e+01 -1.250000e+02
    endloop
  endfacet
  facet normal -9.928166e-01 1.196460e-01 0.000000e+00
    outer loop
      vertex   3.244274e+01 4.780277e+01 -1.290000e+02
      vertex   3.244274e+01 4.780277e+01 -1.250000e+02
      vertex   3.250000e+01 4.827792e+01 -1.290000e+02
    endloop
  endfacet
  facet normal -9.928166e-01 1.196460e-01 0.000000e+00
    outer loop
      vertex   3.250000e+01 4.827792e+01 -1.290000e+02
      vertex   3.244274e+01 4.780277e+01 -1.250000e+02
      vertex   3.250000e+01 4.827792e+01 -1.250000e+02
    endloop
  endfacet
  facet normal 5.547002e-01 8.320503e-01 0.000000e+00
    outer loop
      vertex   1.839060e+01 5.394715e+01 -1.250000e+02
      vertex   2.939060e+01 4.661382e+01 -1.250000e+02
      vertex   1.839060e+01 5.394715e+01 -1.290000e+02
    endloop
  endfacet
  facet normal 5.547002e-01 8.320503e-01 0.000000e+00
    outer loop
      vertex   1.839060e+01 5.394715e+01 -1.290000e+02
      vertex   2.939060e+01 4.661382e+01 -1.250000e+02
      vertex   2.939060e+01 4.661382e+01 -1.290000e+02
    endloop
  endfacet
  facet normal 9.924635e-01 1.225404e-01 -0.000000e+00
    outer loop
      vertex   1.750000e+01 5.561125e+01 -1.290000e+02
      vertex   1.750000e+01 5.561125e+01 -1.250000e+02
      vertex   1.756006e+01 5.512479e+01 -1.290000e+02
    endloop
  endfacet
  facet normal 9.924635e-01 1.225404e-01 -0.000000e+00
    outer loop
      vertex   1.756006e+01 5.512479e+01 -1.290000e+02
      vertex   1.750000e+01 5.561125e+01 -1.250000e+02
      vertex   1.756006e+01 5.512479e+01 -1.250000e+02
    endloop
  endfacet
  facet normal 9.328516e-01 3.602610e-01 -0.000000e+00
    outer loop
      vertex   1.756006e+01 5.512479e+01 -1.290000e+02
      vertex   1.756006e+01 5.512479e+01 -1.250000e+02
      vertex   1.773665e+01 5.466754e+01 -1.290000e+02
    endloop
  endfacet
  facet normal 9.328516e-01 3.602610e-01 -0.000000e+00
    outer loop
      vertex   1.773665e+01 5.466754e+01 -1.290000e+02
      vertex   1.756006e+01 5.512479e+01 -1.250000e+02
      vertex   1.773665e+01 5.466754e+01 -1.250000e+02
    endloop
  endfacet
  facet normal 8.172082e-01 5.763426e-01 -0.000000e+00
    outer loop
      vertex   1.773665e+01 5.466754e+01 -1.290000e+02
      vertex   1.773665e+01 5.466754e+01 -1.250000e+02
      vertex   1.801915e+01 5.426697e+01 -1.290000e+02
    endloop
  endfacet
  facet normal 8.172082e-01 5.763426e-01 -0.000000e+00
    outer loop
      vertex   1.801915e+01 5.426697e+01 -1.290000e+02
      vertex   1.773665e+01 5.466754e+01 -1.250000e+02
      vertex   1.801915e+01 5.426697e+01 -1.250000e+02
    endloop
  endfacet
  facet normal 6.524795e-01 7.578064e-01 -0.000000e+00
    outer loop
      vertex   1.801915e+01 5.426697e+01 -1.290000e+02
      vertex   1.801915e+01 5.426697e+01 -1.250000e+02
      vertex   1.839060e+01 5.394715e+01 -1.290000e+02
    endloop
  endfacet
  facet normal 6.524795e-01 7.578064e-01 -0.000000e+00
    outer loop
      vertex   1.839060e+01 5.394715e+01 -1.290000e+02
      vertex   1.801915e+01 5.426697e+01 -1.250000e+02
      vertex   1.839060e+01 5.394715e+01 -1.250000e+02
    endloop
  endfacet
  facet normal 1.000000e+00 0.000000e+00 0.000000e+00
    outer loop
      vertex   1.750000e+01 6.254089e+01 -1.250000e+02
      vertex   1.750000e+01 5.561125e+01 -1.250000e+02
      vertex   1.750000e+01 6.254089e+01 -1.290000e+02
    endloop
  endfacet
  facet normal 1.000000e+00 0.000000e+00 0.000000e+00
    outer loop
      vertex   1.750000e+01 6.254089e+01 -1.290000e+02
      vertex   1.750000e+01 5.561125e+01 -1.250000e+02
      vertex   1.750000e+01 5.561125e+01 -1.290000e+02
    endloop
  endfacet
  facet normal 1.305262e-01 -9.914449e-01 0.000000e+00
    outer loop
      vertex   1.950000e+01 6.454089e+01 -1.290000e+02
      vertex   1.950000e+01 6.454089e+01 -1.250000e+02
      vertex   1.898236e+01 6.447274e+01 -1.290000e+02
    endloop
  endfacet
  facet normal 1.305262e-01 -9.914449e-01 0.000000e+00
    outer loop
      vertex   1.898236e+01 6.447274e+01 -1.290000e+02
      vertex   1.950000e+01 6.454089e+01 -1.250000e+02
      vertex   1.898236e+01 6.447274e+01 -1.250000e+02
    endloop
  endfacet
  facet normal 3.826834e-01 -9.238795e-01 0.000000e+00
    outer loop
      vertex   1.898236e+01 6.447274e+01 -1.290000e+02
      vertex   1.898236e+01 6.447274e+01 -1.250000e+02
      vertex   1.850000e+01 6.427294e+01 -1.290000e+02
    endloop
  endfacet
  facet normal 3.826834e-01 -9.238795e-01 0.000000e+00
    outer loop
      vertex   1.850000e+01 6.427294e+01 -1.290000e+02
      vertex   1.898236e+01 6.447274e+01 -1.250000e+02
      vertex   1.850000e+01 6.427294e+01 -1.250000e+02
    endloop
  endfacet
  facet normal 6.087614e-01 -7.933533e-01 0.000000e+00
    outer loop
      vertex   1.850000e+01 6.427294e+01 -1.290000e+02
      vertex   1.850000e+01 6.427294e+01 -1.250000e+02
      vertex   1.808579e+01 6.395510e+01 -1.290000e+02
    endloop
  endfacet
  facet normal 6.087614e-01 -7.933533e-01 0.000000e+00
    outer loop
      vertex   1.808579e+01 6.395510e+01 -1.290000e+02
      vertex   1.850000e+01 6.427294e+01 -1.250000e+02
      vertex   1.808579e+01 6.395510e+01 -1.250000e+02
    endloop
  endfacet
  facet normal 7.933533e-01 -6.087614e-01 0.000000e+00
    outer loop
      vertex   1.808579e+01 6.395510e+01 -1.290000e+02
      vertex   1.808579e+01 6.395510e+01 -1.250000e+02
      vertex   1.776795e+01 6.354089e+01 -1.290000e+02
    endloop
  endfacet
  facet normal 7.933533e-01 -6.087614e-01 0.000000e+00
    outer loop
      vertex   1.776795e+01 6.354089e+01 -1.290000e+02
      vertex   1.808579e+01 6.395510e+01 -1.250000e+02
      vertex   1.776795e+01 6.354089e+01 -1.250000e+02
    endloop
  endfacet
  facet normal 9.238795e-01 -3.826834e-01 0.000000e+00
    outer loop
      vertex   1.776795e+01 6.354089e+01 -1.290000e+02
      vertex   1.776795e+01 6.354089e+01 -1.250000e+02
      vertex   1.756815e+01 6.305852e+01 -1.290000e+02
    endloop
  endfacet
  facet normal 9.238795e-01 -3.826834e-01 0.000000e+00
    outer loop
      vertex   1.756815e+01 6.305852e+01 -1.290000e+02
      vertex   1.776795e+01 6.354089e+01 -1.250000e+02
      vertex   1.756815e+01 6.305852e+01 -1.250000e+02
    endloop
  endfacet
  facet normal 9.914449e-01 -1.305262e-01 0.000000e+00
    outer loop
      vertex   1.756815e+01 6.305852e+01 -1.290000e+02
      vertex   1.756815e+01 6.305852e+01 -1.250000e+02
      vertex   1.750000e+01 6.254089e+01 -1.290000e+02
    endloop
  endfacet
  facet normal 9.914449e-01 -1.305262e-01 0.000000e+00
    outer loop
      vertex   1.750000e+01 6.254089e+01 -1.290000e+02
      vertex   1.756815e+01 6.305852e+01 -1.250000e+02
      vertex   1.750000e+01 6.254089e+01 -1.250000e+02
    endloop
  endfacet
  facet normal -1.000000e+00 0.000000e+00 0.000000e+00
    outer loop
      vertex   3.250000e+01 3.561125e+01 -1.250000e+02
      vertex   3.250000e+01 3.847052e+01 -1.250000e+02
      vertex   3.250000e+01 3.561125e+01 -1.290000e+02
    endloop
  endfacet
  facet normal -1.000000e+00 0.000000e+00 0.000000e+00
    outer loop
      vertex   3.250000e+01 3.561125e+01 -1.290000e+02
      vertex   3.250000e+01 3.847052e+01 -1.250000e+02
      vertex   3.250000e+01 3.847052e+01 -1.290000e+02
    endloop
  endfacet
  facet normal -6.524795e-01 7.578064e-01 0.000000e+00
    outer loop
      vertex   3.160940e+01 3.394715e+01 -1.290000e+02
      vertex   3.160940e+01 3.394715e+01 -1.250000e+02
      vertex   3.198085e+01 3.426697e+01 -1.290000e+02
    endloop
  endfacet
  facet normal -6.524795e-01 7.578064e-01 0.000000e+00
    outer loop
      vertex   3.198085e+01 3.426697e+01 -1.290000e+02
      vertex   3.160940e+01 3.394715e+01 -1.250000e+02
      vertex   3.198085e+01 3.426697e+01 -1.250000e+02
    endloop
  endfacet
  facet normal -8.172082e-01 5.763426e-01 0.000000e+00
    outer loop
      vertex   3.198085e+01 3.426697e+01 -1.290000e+02
      vertex   3.198085e+01 3.426697e+01 -1.250000e+02
      vertex   3.226335e+01 3.466754e+01 -1.290000e+02
    endloop
  endfacet
  facet normal -8.172082e-01 5.763426e-01 0.000000e+00
    outer loop
      vertex   3.226335e+01 3.466754e+01 -1.290000e+02
      vertex   3.198085e+01 3.426697e+01 -1.250000e+02
      vertex   3.226335e+01 3.466754e+01 -1.250000e+02
    endloop
  endfacet
  facet normal -9.328516e-01 3.602610e-01 0.000000e+00
    outer loop
      vertex   3.226335e+01 3.466754e+01 -1.290000e+02
      vertex   3.226335e+01 3.466754e+01 -1.250000e+02
      vertex   3.243994e+01 3.512479e+01 -1.290000e+02
    endloop
  endfacet
  facet normal -9.328516e-01 3.602610e-01 0.000000e+00
    outer loop
      vertex   3.243994e+01 3.512479e+01 -1.290000e+02
      vertex   3.226335e+01 3.466754e+01 -1.250000e+02
      vertex   3.243994e+01 3.512479e+01 -1.250000e+02
    endloop
  endfacet
  facet normal -9.924635e-01 1.225404e-01 0.000000e+00
    outer loop
      vertex   3.243994e+01 3.512479e+01 -1.290000e+02
      vertex   3.243994e+01 3.512479e+01 -1.250000e+02
      vertex   3.250000e+01 3.561125e+01 -1.290000e+02
    endloop
  endfacet
  facet normal -9.924635e-01 1.225404e-01 0.000000e+00
    outer loop
      vertex   3.250000e+01 3.561125e+01 -1.290000e+02
      vertex   3.243994e+01 3.512479e+01 -1.250000e+02
      vertex   3.250000e+01 3.561125e+01 -1.250000e+02
    endloop
  endfacet
  facet normal -5.547002e-01 8.320503e-01 0.000000e+00
    outer loop
      vertex   2.060940e+01 2.661382e+01 -1.250000e+02
      vertex   3.160940e+01 3.394715e+01 -1.250000e+02
      vertex   2.060940e+01 2.661382e+01 -1.290000e+02
    endloop
  endfacet
  facet normal -5.547002e-01 8.320503e-01 0.000000e+00
    outer loop
      vertex   2.060940e+01 2.661382e+01 -1.290000e+02
      vertex   3.160940e+01 3.394715e+01 -1.250000e+02
      vertex   3.160940e+01 3.394715e+01 -1.290000e+02
    endloop
  endfacet
  facet normal 9.928166e-01 1.196460e-01 -0.000000e+00
    outer loop
      vertex   1.750000e+01 2.827792e+01 -1.290000e+02
      vertex   1.750000e+01 2.827792e+01 -1.250000e+02
      vertex   1.755726e+01 2.780277e+01 -1.290000e+02
    endloop
  endfacet
  facet normal 9.928166e-01 1.196460e-01 -0.000000e+00
    outer loop
      vertex   1.755726e+01 2.780277e+01 -1.290000e+02
      vertex   1.750000e+01 2.827792e+01 -1.250000e+02
      vertex   1.755726e+01 2.780277e+01 -1.250000e+02
    endloop
  endfacet
  facet normal 9.359673e-01 3.520869e-01 -0.000000e+00
    outer loop
      vertex   1.755726e+01 2.780277e+01 -1.290000e+02
      vertex   1.755726e+01 2.780277e+01 -1.250000e+02
      vertex   1.772576e+01 2.735483e+01 -1.290000e+02
    endloop
  endfacet
  facet normal 9.359673e-01 3.520869e-01 -0.000000e+00
    outer loop
      vertex   1.772576e+01 2.735483e+01 -1.290000e+02
      vertex   1.755726e+01 2.780277e+01 -1.250000e+02
      vertex   1.772576e+01 2.735483e+01 -1.250000e+02
    endloop
  endfacet
  facet normal 8.255240e-01 5.643671e-01 -0.000000e+00
    outer loop
      vertex   1.772576e+01 2.735483e+01 -1.290000e+02
      vertex   1.772576e+01 2.735483e+01 -1.250000e+02
      vertex   1.799586e+01 2.695975e+01 -1.290000e+02
    endloop
  endfacet
  facet normal 8.255240e-01 5.643671e-01 -0.000000e+00
    outer loop
      vertex   1.799586e+01 2.695975e+01 -1.290000e+02
      vertex   1.772576e+01 2.735483e+01 -1.250000e+02
      vertex   1.799586e+01 2.695975e+01 -1.250000e+02
    endloop
  endfacet
  facet normal 6.678106e-01 7.443313e-01 -0.000000e+00
    outer loop
      vertex   1.799586e+01 2.695975e+01 -1.290000e+02
      vertex   1.799586e+01 2.695975e+01 -1.250000e+02
      vertex   1.835209e+01 2.664015e+01 -1.290000e+02
    endloop
  endfacet
  facet normal 6.678106e-01 7.443313e-01 -0.000000e+00
    outer loop
      vertex   1.835209e+01 2.664015e+01 -1.290000e+02
      vertex   1.799586e+01 2.695975e+01 -1.250000e+02
      vertex   1.835209e+01 2.664015e+01 -1.250000e+02
    endloop
  endfacet
  facet normal 4.718579e-01 8.816746e-01 -0.000000e+00
    outer loop
      vertex   1.835209e+01 2.664015e+01 -1.290000e+02
      vertex   1.835209e+01 2.664015e+01 -1.250000e+02
      vertex   1.877404e+01 2.641433e+01 -1.290000e+02
    endloop
  endfacet
  facet normal 4.718579e-01 8.816746e-01 -0.000000e+00
    outer loop
      vertex   1.877404e+01 2.641433e+01 -1.290000e+02
      vertex   1.835209e+01 2.664015e+01 -1.250000e+02
      vertex   1.877404e+01 2.641433e+01 -1.250000e+02
    endloop
  endfacet
  facet normal 2.488864e-01 9.685327e-01 -0.000000e+00
    outer loop
      vertex   1.877404e+01 2.641433e+01 -1.290000e+02
      vertex   1.877404e+01 2.641433e+01 -1.250000e+02
      vertex   1.923756e+01 2.629521e+01 -1.290000e+02
    endloop
  endfacet
  facet normal 2.488864e-01 9.685327e-01 -0.000000e+00
    outer loop
      vertex   1.923756e+01 2.629521e+01 -1.290000e+02
      vertex   1.877404e+01 2.641433e+01 -1.250000e+02
      vertex   1.923756e+01 2.629521e+01 -1.250000e+02
    endloop
  endfacet
  facet normal 1.166350e-02 9.999320e-01 -0.000000e+00
    outer loop
      vertex   1.923756e+01 2.629521e+01 -1.290000e+02
      vertex   1.923756e+01 2.629521e+01 -1.250000e+02
      vertex   1.971612e+01 2.628963e+01 -1.290000e+02
    endloop
  endfacet
  facet normal 1.166350e-02 9.999320e-01 -0.000000e+00
    outer loop
      vertex   1.971612e+01 2.628963e+01 -1.290000e+02
      vertex   1.923756e+01 2.629521e+01 -1.250000e+02
      vertex   1.971612e+01 2.628963e+01 -1.250000e+02
    endloop
  endfacet
  facet normal -2.262273e-01 9.740745e-01 0.000000e+00
    outer loop
      vertex   1.971612e+01 2.628963e+01 -1.290000e+02
      vertex   1.971612e+01 2.628963e+01 -1.250000e+02
      vertex   2.018229e+01 2.639790e+01 -1.290000e+02
    endloop
  endfacet
  facet normal -2.262273e-01 9.740745e-01 0.000000e+00
    outer loop
      vertex   2.018229e+01 2.639790e+01 -1.290000e+02
      vertex   1.971612e+01 2.628963e+01 -1.250000e+02
      vertex   2.018229e+01 2.639790e+01 -1.250000e+02
    endloop
  endfacet
  facet normal -4.511641e-01 8.924410e-01 0.000000e+00
    outer loop
      vertex   2.018229e+01 2.639790e+01 -1.290000e+02
      vertex   2.018229e+01 2.639790e+01 -1.250000e+02
      vertex   2.060940e+01 2.661382e+01 -1.290000e+02
    endloop
  endfacet
  facet normal -4.511641e-01 8.924410e-01 0.000000e+00
    outer loop
      vertex   2.060940e+01 2.661382e+01 -1.290000e+02
      vertex   2.018229e+01 2.639790e+01 -1.250000e+02
      vertex   2.060940e+01 2.661382e+01 -1.250000e+02
    endloop
  endfacet
  facet normal 1.000000e+00 0.000000e+00 0.000000e+00
    outer loop
      vertex   1.750000e+01 4.580385e+01 -1.250000e+02
      vertex   1.750000e+01 2.827792e+01 -1.250000e+02
      vertex   1.750000e+01 4.580385e+01 -1.290000e+02
    endloop
  endfacet
  facet normal 1.000000e+00 0.000000e+00 0.000000e+00
    outer loop
      vertex   1.750000e+01 4.580385e+01 -1.290000e+02
      vertex   1.750000e+01 2.827792e+01 -1.250000e+02
      vertex   1.750000e+01 2.827792e+01 -1.290000e+02
    endloop
  endfacet
  facet normal -4.511641e-01 -8.924410e-01 0.000000e+00
    outer loop
      vertex   2.060940e+01 4.746795e+01 -1.290000e+02
      vertex   2.060940e+01 4.746795e+01 -1.250000e+02
      vertex   2.018229e+01 4.768387e+01 -1.290000e+02
    endloop
  endfacet
  facet normal -4.511641e-01 -8.924410e-01 0.000000e+00
    outer loop
      vertex   2.018229e+01 4.768387e+01 -1.290000e+02
      vertex   2.060940e+01 4.746795e+01 -1.250000e+02
      vertex   2.018229e+01 4.768387e+01 -1.250000e+02
    endloop
  endfacet
  facet normal -2.262273e-01 -9.740745e-01 0.000000e+00
    outer loop
      vertex   2.018229e+01 4.768387e+01 -1.290000e+02
      vertex   2.018229e+01 4.768387e+01 -1.250000e+02
      vertex   1.971612e+01 4.779214e+01 -1.290000e+02
    endloop
  endfacet
  facet normal -2.262273e-01 -9.740745e-01 0.000000e+00
    outer loop
      vertex   1.971612e+01 4.779214e+01 -1.290000e+02
      vertex   2.018229e+01 4.768387e+01 -1.250000e+02
      vertex   1.971612e+01 4.779214e+01 -1.250000e+02
    endloop
  endfacet
  facet normal 1.166350e-02 -9.999320e-01 0.000000e+00
    outer loop
      vertex   1.971612e+01 4.779214e+01 -1.290000e+02
      vertex   1.971612e+01 4.779214e+01 -1.250000e+02
      vertex   1.923756e+01 4.778656e+01 -1.290000e+02
    endloop
  endfacet
  facet normal 1.166350e-02 -9.999320e-01 0.000000e+00
    outer loop
      vertex   1.923756e+01 4.778656e+01 -1.290000e+02
      vertex   1.971612e+01 4.779214e+01 -1.250000e+02
      vertex   1.923756e+01 4.778656e+01 -1.250000e+02
    endloop
  endfacet
  facet normal 2.488864e-01 -9.685327e-01 0.000000e+00
    outer loop
      vertex   1.923756e+01 4.778656e+01 -1.290000e+02
      vertex   1.923756e+01 4.778656e+01 -1.250000e+02
      vertex   1.877404e+01 4.766745e+01 -1.290000e+02
    endloop
  endfacet
  facet normal 2.488864e-01 -9.685327e-01 0.000000e+00
    outer loop
      vertex   1.877404e+01 4.766745e+01 -1.290000e+02
      vertex   1.923756e+01 4.778656e+01 -1.250000e+02
      vertex   1.877404e+01 4.766745e+01 -1.250000e+02
    endloop
  endfacet
  facet normal 4.718579e-01 -8.816746e-01 0.000000e+00
    outer loop
      vertex   1.877404e+01 4.766745e+01 -1.290000e+02
      vertex   1.877404e+01 4.766745e+01 -1.250000e+02
      vertex   1.835209e+01 4.744162e+01 -1.290000e+02
    endloop
  endfacet
  facet normal 4.718579e-01 -8.816746e-01 0.000000e+00
    outer loop
      vertex   1.835209e+01 4.744162e+01 -1.290000e+02
      vertex   1.877404e+01 4.766745e+01 -1.250000e+02
      vertex   1.835209e+01 4.744162e+01 -1.250000e+02
    endloop
  endfacet
  facet normal 6.678106e-01 -7.443313e-01 0.000000e+00
    outer loop
      vertex   1.835209e+01 4.744162e+01 -1.290000e+02
      vertex   1.835209e+01 4.744162e+01 -1.250000e+02
      vertex   1.799586e+01 4.712202e+01 -1.290000e+02
    endloop
  endfacet
  facet normal 6.678106e-01 -7.443313e-01 0.000000e+00
    outer loop
      vertex   1.799586e+01 4.712202e+01 -1.290000e+02
      vertex   1.835209e+01 4.744162e+01 -1.250000e+02
      vertex   1.799586e+01 4.712202e+01 -1.250000e+02
    endloop
  endfacet
  facet normal 8.255240e-01 -5.643671e-01 0.000000e+00
    outer loop
      vertex   1.799586e+01 4.712202e+01 -1.290000e+02
      vertex   1.799586e+01 4.712202e+01 -1.250000e+02
      vertex   1.772576e+01 4.672694e+01 -1.290000e+02
    endloop
  endfacet
  facet normal 8.255240e-01 -5.643671e-01 0.000000e+00
    outer loop
      vertex   1.772576e+01 4.672694e+01 -1.290000e+02
      vertex   1.799586e+01 4.712202e+01 -1.250000e+02
      vertex   1.772576e+01 4.672694e+01 -1.250000e+02
    endloop
  endfacet
  facet normal 9.359673e-01 -3.520869e-01 0.000000e+00
    outer loop
      vertex   1.772576e+01 4.672694e+01 -1.290000e+02
      vertex   1.772576e+01 4.672694e+01 -1.250000e+02
      vertex   1.755726e+01 4.627900e+01 -1.290000e+02
    endloop
  endfacet
  facet normal 9.359673e-01 -3.520869e-01 0.000000e+00
    outer loop
      vertex   1.755726e+01 4.627900e+01 -1.290000e+02
      vertex   1.772576e+01 4.672694e+01 -1.250000e+02
      vertex   1.755726e+01 4.627900e+01 -1.250000e+02
    endloop
  endfacet
  facet normal 9.928166e-01 -1.196460e-01 0.000000e+00
    outer loop
      vertex   1.755726e+01 4.627900e+01 -1.290000e+02
      vertex   1.755726e+01 4.627900e+01 -1.250000e+02
      vertex   1.750000e+01 4.580385e+01 -1.290000e+02
    endloop
  endfacet
  facet normal 9.928166e-01 -1.196460e-01 0.000000e+00
    outer loop
      vertex   1.750000e+01 4.580385e+01 -1.290000e+02
      vertex   1.755726e+01 4.627900e+01 -1.250000e+02
      vertex   1.750000e+01 4.580385e+01 -1.250000e+02
    endloop
  endfacet
  facet normal -5.547002e-01 -8.320503e-01 -0.000000e+00
    outer loop
      vertex   3.160940e+01 4.013462e+01 -1.250000e+02
      vertex   2.060940e+01 4.746795e+01 -1.250000e+02
      vertex   3.160940e+01 4.013462e+01 -1.290000e+02
    endloop
  endfacet
  facet normal -5.547002e-01 -8.320503e-01 0.000000e+00
    outer loop
      vertex   3.160940e+01 4.013462e+01 -1.290000e+02
      vertex   2.060940e+01 4.746795e+01 -1.250000e+02
      vertex   2.060940e+01 4.746795e+01 -1.290000e+02
    endloop
  endfacet
  facet normal -9.924635e-01 -1.225404e-01 0.000000e+00
    outer loop
      vertex   3.250000e+01 3.847052e+01 -1.290000e+02
      vertex   3.250000e+01 3.847052e+01 -1.250000e+02
      vertex   3.243994e+01 3.895699e+01 -1.290000e+02
    endloop
  endfacet
  facet normal -9.924635e-01 -1.225404e-01 0.000000e+00
    outer loop
      vertex   3.243994e+01 3.895699e+01 -1.290000e+02
      vertex   3.250000e+01 3.847052e+01 -1.250000e+02
      vertex   3.243994e+01 3.895699e+01 -1.250000e+02
    endloop
  endfacet
  facet normal -9.328516e-01 -3.602610e-01 0.000000e+00
    outer loop
      vertex   3.243994e+01 3.895699e+01 -1.290000e+02
      vertex   3.243994e+01 3.895699e+01 -1.250000e+02
      vertex   3.226335e+01 3.941423e+01 -1.290000e+02
    endloop
  endfacet
  facet normal -9.328516e-01 -3.602610e-01 0.000000e+00
    outer loop
      vertex   3.226335e+01 3.941423e+01 -1.290000e+02
      vertex   3.243994e+01 3.895699e+01 -1.250000e+02
      vertex   3.226335e+01 3.941423e+01 -1.250000e+02
    endloop
  endfacet
  facet normal -8.172082e-01 -5.763426e-01 0.000000e+00
    outer loop
      vertex   3.226335e+01 3.941423e+01 -1.290000e+02
      vertex   3.226335e+01 3.941423e+01 -1.250000e+02
      vertex   3.198085e+01 3.981480e+01 -1.290000e+02
    endloop
  endfacet
  facet normal -8.172082e-01 -5.763426e-01 0.000000e+00
    outer loop
      vertex   3.198085e+01 3.981480e+01 -1.290000e+02
      vertex   3.226335e+01 3.941423e+01 -1.250000e+02
      vertex   3.198085e+01 3.981480e+01 -1.250000e+02
    endloop
  endfacet
  facet normal -6.524795e-01 -7.578064e-01 0.000000e+00
    outer loop
      vertex   3.198085e+01 3.981480e+01 -1.290000e+02
      vertex   3.198085e+01 3.981480e+01 -1.250000e+02
      vertex   3.160940e+01 4.013462e+01 -1.290000e+02
    endloop
  endfacet
  facet normal -6.524795e-01 -7.578064e-01 0.000000e+00
    outer loop
      vertex   3.160940e+01 4.013462e+01 -1.290000e+02
      vertex   3.198085e+01 3.981480e+01 -1.250000e+02
      vertex   3.160940e+01 4.013462e+01 -1.250000e+02
    endloop
  endfacet
  facet normal 9.914449e-01 1.305262e-01 0.000000e+00
    outer loop
      vertex   3.845452e+01 3.662677e+01 -1.250000e+02
      vertex   3.845452e+01 3.662677e+01 -1.290000e+02
      vertex   3.840000e+01 3.704089e+01 -1.250000e+02
    endloop
  endfacet
  facet normal 9.914449e-01 1.305262e-01 0.000000e+00
    outer loop
      vertex   3.840000e+01 3.704089e+01 -1.250000e+02
      vertex   3.845452e+01 3.662677e+01 -1.290000e+02
      vertex   3.840000e+01 3.704089e+01 -1.290000e+02
    endloop
  endfacet
  facet normal 9.914449e-01 -1.305262e-01 0.000000e+00
    outer loop
      vertex   3.840000e+01 3.704089e+01 -1.250000e+02
      vertex   3.840000e+01 3.704089e+01 -1.290000e+02
      vertex   3.845452e+01 3.745500e+01 -1.250000e+02
    endloop
  endfacet
  facet normal 9.914449e-01 -1.305262e-01 0.000000e+00
    outer loop
      vertex   3.845452e+01 3.745500e+01 -1.250000e+02
      vertex   3.840000e+01 3.704089e+01 -1.290000e+02
      vertex   3.845452e+01 3.745500e+01 -1.290000e+02
    endloop
  endfacet
  facet normal 9.238795e-01 -3.826834e-01 0.000000e+00
    outer loop
      vertex   3.845452e+01 3.745500e+01 -1.250000e+02
      vertex   3.845452e+01 3.745500e+01 -1.290000e+02
      vertex   3.861436e+01 3.784089e+01 -1.250000e+02
    endloop
  endfacet
  facet normal 9.238795e-01 -3.826834e-01 0.000000e+00
    outer loop
      vertex   3.861436e+01 3.784089e+01 -1.250000e+02
      vertex   3.845452e+01 3.745500e+01 -1.290000e+02
      vertex   3.861436e+01 3.784089e+01 -1.290000e+02
    endloop
  endfacet
  facet normal 7.933533e-01 -6.087614e-01 0.000000e+00
    outer loop
      vertex   3.861436e+01 3.784089e+01 -1.250000e+02
      vertex   3.861436e+01 3.784089e+01 -1.290000e+02
      vertex   3.886863e+01 3.817226e+01 -1.250000e+02
    endloop
  endfacet
  facet normal 7.933533e-01 -6.087614e-01 0.000000e+00
    outer loop
      vertex   3.886863e+01 3.817226e+01 -1.250000e+02
      vertex   3.861436e+01 3.784089e+01 -1.290000e+02
      vertex   3.886863e+01 3.817226e+01 -1.290000e+02
    endloop
  endfacet
  facet normal 6.087614e-01 -7.933533e-01 0.000000e+00
    outer loop
      vertex   3.886863e+01 3.817226e+01 -1.250000e+02
      vertex   3.886863e+01 3.817226e+01 -1.290000e+02
      vertex   3.920000e+01 3.842653e+01 -1.250000e+02
    endloop
  endfacet
  facet normal 6.087614e-01 -7.933533e-01 0.000000e+00
    outer loop
      vertex   3.920000e+01 3.842653e+01 -1.250000e+02
      vertex   3.886863e+01 3.817226e+01 -1.290000e+02
      vertex   3.920000e+01 3.842653e+01 -1.290000e+02
    endloop
  endfacet
  facet normal 3.826834e-01 -9.238795e-01 0.000000e+00
    outer loop
      vertex   3.920000e+01 3.842653e+01 -1.250000e+02
      vertex   3.920000e+01 3.842653e+01 -1.290000e+02
      vertex   3.958589e+01 3.858637e+01 -1.250000e+02
    endloop
  endfacet
  facet normal 3.826834e-01 -9.238795e-01 0.000000e+00
    outer loop
      vertex   3.958589e+01 3.858637e+01 -1.250000e+02
      vertex   3.920000e+01 3.842653e+01 -1.290000e+02
      vertex   3.958589e+01 3.858637e+01 -1.290000e+02
    endloop
  endfacet
  facet normal 1.305262e-01 -9.914449e-01 0.000000e+00
    outer loop
      vertex   3.958589e+01 3.858637e+01 -1.250000e+02
      vertex   3.958589e+01 3.858637e+01 -1.290000e+02
      vertex   4.000000e+01 3.864089e+01 -1.250000e+02
    endloop
  endfacet
  facet normal 1.305262e-01 -9.914449e-01 0.000000e+00
    outer loop
      vertex   4.000000e+01 3.864089e+01 -1.250000e+02
      vertex   3.958589e+01 3.858637e+01 -1.290000e+02
      vertex   4.000000e+01 3.864089e+01 -1.290000e+02
    endloop
  endfacet
  facet normal -1.305262e-01 -9.914449e-01 -0.000000e+00
    outer loop
      vertex   4.000000e+01 3.864089e+01 -1.250000e+02
      vertex   4.000000e+01 3.864089e+01 -1.290000e+02
      vertex   4.041411e+01 3.858637e+01 -1.250000e+02
    endloop
  endfacet
  facet normal -1.305262e-01 -9.914449e-01 -0.000000e+00
    outer loop
      vertex   4.041411e+01 3.858637e+01 -1.250000e+02
      vertex   4.000000e+01 3.864089e+01 -1.290000e+02
      vertex   4.041411e+01 3.858637e+01 -1.290000e+02
    endloop
  endfacet
  facet normal -3.826834e-01 -9.238795e-01 -0.000000e+00
    outer loop
      vertex   4.041411e+01 3.858637e+01 -1.250000e+02
      vertex   4.041411e+01 3.858637e+01 -1.290000e+02
      vertex   4.080000e+01 3.842653e+01 -1.250000e+02
    endloop
  endfacet
  facet normal -3.826834e-01 -9.238795e-01 -0.000000e+00
    outer loop
      vertex   4.080000e+01 3.842653e+01 -1.250000e+02
      vertex   4.041411e+01 3.858637e+01 -1.290000e+02
      vertex   4.080000e+01 3.842653e+01 -1.290000e+02
    endloop
  endfacet
  facet normal -6.087614e-01 -7.933533e-01 -0.000000e+00
    outer loop
      vertex   4.080000e+01 3.842653e+01 -1.250000e+02
      vertex   4.080000e+01 3.842653e+01 -1.290000e+02
      vertex   4.113137e+01 3.817226e+01 -1.250000e+02
    endloop
  endfacet
  facet normal -6.087614e-01 -7.933533e-01 -0.000000e+00
    outer loop
      vertex   4.113137e+01 3.817226e+01 -1.250000e+02
      vertex   4.080000e+01 3.842653e+01 -1.290000e+02
      vertex   4.113137e+01 3.817226e+01 -1.290000e+02
    endloop
  endfacet
  facet normal -7.933533e-01 -6.087614e-01 -0.000000e+00
    outer loop
      vertex   4.113137e+01 3.817226e+01 -1.250000e+02
      vertex   4.113137e+01 3.817226e+01 -1.290000e+02
      vertex   4.138564e+01 3.784089e+01 -1.250000e+02
    endloop
  endfacet
  facet normal -7.933533e-01 -6.087614e-01 -0.000000e+00
    outer loop
      vertex   4.138564e+01 3.784089e+01 -1.250000e+02
      vertex   4.113137e+01 3.817226e+01 -1.290000e+02
      vertex   4.138564e+01 3.784089e+01 -1.290000e+02
    endloop
  endfacet
  facet normal -9.238795e-01 -3.826834e-01 -0.000000e+00
    outer loop
      vertex   4.138564e+01 3.784089e+01 -1.250000e+02
      vertex   4.138564e+01 3.784089e+01 -1.290000e+02
      vertex   4.154548e+01 3.745500e+01 -1.250000e+02
    endloop
  endfacet
  facet normal -9.238795e-01 -3.826834e-01 -0.000000e+00
    outer loop
      vertex   4.154548e+01 3.745500e+01 -1.250000e+02
      vertex   4.138564e+01 3.784089e+01 -1.290000e+02
      vertex   4.154548e+01 3.745500e+01 -1.290000e+02
    endloop
  endfacet
  facet normal -9.914449e-01 -1.305262e-01 -0.000000e+00
    outer loop
      vertex   4.154548e+01 3.745500e+01 -1.250000e+02
      vertex   4.154548e+01 3.745500e+01 -1.290000e+02
      vertex   4.160000e+01 3.704089e+01 -1.250000e+02
    endloop
  endfacet
  facet normal -9.914449e-01 -1.305262e-01 -0.000000e+00
    outer loop
      vertex   4.160000e+01 3.704089e+01 -1.250000e+02
      vertex   4.154548e+01 3.745500e+01 -1.290000e+02
      vertex   4.160000e+01 3.704089e+01 -1.290000e+02
    endloop
  endfacet
  facet normal -9.914449e-01 1.305262e-01 0.000000e+00
    outer loop
      vertex   4.160000e+01 3.704089e+01 -1.250000e+02
      vertex   4.160000e+01 3.704089e+01 -1.290000e+02
      vertex   4.154548e+01 3.662677e+01 -1.250000e+02
    endloop
  endfacet
  facet normal -9.914449e-01 1.305262e-01 0.000000e+00
    outer loop
      vertex   4.154548e+01 3.662677e+01 -1.250000e+02
      vertex   4.160000e+01 3.704089e+01 -1.290000e+02
      vertex   4.154548e+01 3.662677e+01 -1.290000e+02
    endloop
  endfacet
  facet normal -9.238795e-01 3.826834e-01 0.000000e+00
    outer loop
      vertex   4.154548e+01 3.662677e+01 -1.250000e+02
      vertex   4.154548e+01 3.662677e+01 -1.290000e+02
      vertex   4.138564e+01 3.624089e+01 -1.250000e+02
    endloop
  endfacet
  facet normal -9.238795e-01 3.826834e-01 0.000000e+00
    outer loop
      vertex   4.138564e+01 3.624089e+01 -1.250000e+02
      vertex   4.154548e+01 3.662677e+01 -1.290000e+02
      vertex   4.138564e+01 3.624089e+01 -1.290000e+02
    endloop
  endfacet
  facet normal -7.933533e-01 6.087614e-01 0.000000e+00
    outer loop
      vertex   4.138564e+01 3.624089e+01 -1.250000e+02
      vertex   4.138564e+01 3.624089e+01 -1.290000e+02
      vertex   4.113137e+01 3.590951e+01 -1.250000e+02
    endloop
  endfacet
  facet normal -7.933533e-01 6.087614e-01 0.000000e+00
    outer loop
      vertex   4.113137e+01 3.590951e+01 -1.250000e+02
      vertex   4.138564e+01 3.624089e+01 -1.290000e+02
      vertex   4.113137e+01 3.590951e+01 -1.290000e+02
    endloop
  endfacet
  facet normal -6.087614e-01 7.933533e-01 0.000000e+00
    outer loop
      vertex   4.113137e+01 3.590951e+01 -1.250000e+02
      vertex   4.113137e+01 3.590951e+01 -1.290000e+02
      vertex   4.080000e+01 3.565524e+01 -1.250000e+02
    endloop
  endfacet
  facet normal -6.087614e-01 7.933533e-01 0.000000e+00
    outer loop
      vertex   4.080000e+01 3.565524e+01 -1.250000e+02
      vertex   4.113137e+01 3.590951e+01 -1.290000e+02
      vertex   4.080000e+01 3.565524e+01 -1.290000e+02
    endloop
  endfacet
  facet normal -3.826834e-01 9.238795e-01 0.000000e+00
    outer loop
      vertex   4.080000e+01 3.565524e+01 -1.250000e+02
      vertex   4.080000e+01 3.565524e+01 -1.290000e+02
      vertex   4.041411e+01 3.549540e+01 -1.250000e+02
    endloop
  endfacet
  facet normal -3.826834e-01 9.238795e-01 0.000000e+00
    outer loop
      vertex   4.041411e+01 3.549540e+01 -1.250000e+02
      vertex   4.080000e+01 3.565524e+01 -1.290000e+02
      vertex   4.041411e+01 3.549540e+01 -1.290000e+02
    endloop
  endfacet
  facet normal -1.305262e-01 9.914449e-01 0.000000e+00
    outer loop
      vertex   4.041411e+01 3.549540e+01 -1.250000e+02
      vertex   4.041411e+01 3.549540e+01 -1.290000e+02
      vertex   4.000000e+01 3.544089e+01 -1.250000e+02
    endloop
  endfacet
  facet normal -1.305262e-01 9.914449e-01 0.000000e+00
    outer loop
      vertex   4.000000e+01 3.544089e+01 -1.250000e+02
      vertex   4.041411e+01 3.549540e+01 -1.290000e+02
      vertex   4.000000e+01 3.544089e+01 -1.290000e+02
    endloop
  endfacet
  facet normal 1.305262e-01 9.914449e-01 0.000000e+00
    outer loop
      vertex   4.000000e+01 3.544089e+01 -1.250000e+02
      vertex   4.000000e+01 3.544089e+01 -1.290000e+02
      vertex   3.958589e+01 3.549540e+01 -1.250000e+02
    endloop
  endfacet
  facet normal 1.305262e-01 9.914449e-01 0.000000e+00
    outer loop
      vertex   3.958589e+01 3.549540e+01 -1.250000e+02
      vertex   4.000000e+01 3.544089e+01 -1.290000e+02
      vertex   3.958589e+01 3.549540e+01 -1.290000e+02
    endloop
  endfacet
  facet normal 3.826834e-01 9.238795e-01 0.000000e+00
    outer loop
      vertex   3.958589e+01 3.549540e+01 -1.250000e+02
      vertex   3.958589e+01 3.549540e+01 -1.290000e+02
      vertex   3.920000e+01 3.565524e+01 -1.250000e+02
    endloop
  endfacet
  facet normal 3.826834e-01 9.238795e-01 0.000000e+00
    outer loop
      vertex   3.920000e+01 3.565524e+01 -1.250000e+02
      vertex   3.958589e+01 3.549540e+01 -1.290000e+02
      vertex   3.920000e+01 3.565524e+01 -1.290000e+02
    endloop
  endfacet
  facet normal 6.087614e-01 7.933533e-01 0.000000e+00
    outer loop
      vertex   3.920000e+01 3.565524e+01 -1.250000e+02
      vertex   3.920000e+01 3.565524e+01 -1.290000e+02
      vertex   3.886863e+01 3.590951e+01 -1.250000e+02
    endloop
  endfacet
  facet normal 6.087614e-01 7.933533e-01 0.000000e+00
    outer loop
      vertex   3.886863e+01 3.590951e+01 -1.250000e+02
      vertex   3.920000e+01 3.565524e+01 -1.290000e+02
      vertex   3.886863e+01 3.590951e+01 -1.290000e+02
    endloop
  endfacet
  facet normal 7.933533e-01 6.087614e-01 0.000000e+00
    outer loop
      vertex   3.886863e+01 3.590951e+01 -1.250000e+02
      vertex   3.886863e+01 3.590951e+01 -1.290000e+02
      vertex   3.861436e+01 3.624089e+01 -1.250000e+02
    endloop
  endfacet
  facet normal 7.933533e-01 6.087614e-01 0.000000e+00
    outer loop
      vertex   3.861436e+01 3.624089e+01 -1.250000e+02
      vertex   3.886863e+01 3.590951e+01 -1.290000e+02
      vertex   3.861436e+01 3.624089e+01 -1.290000e+02
    endloop
  endfacet
  facet normal 9.238795e-01 3.826834e-01 0.000000e+00
    outer loop
      vertex   3.861436e+01 3.624089e+01 -1.250000e+02
      vertex   3.861436e+01 3.624089e+01 -1.290000e+02
      vertex   3.845452e+01 3.662677e+01 -1.250000e+02
    endloop
  endfacet
  facet normal 9.238795e-01 3.826834e-01 0.000000e+00
    outer loop
      vertex   3.845452e+01 3.662677e+01 -1.250000e+02
      vertex   3.861436e+01 3.624089e+01 -1.290000e+02
      vertex   3.845452e+01 3.662677e+01 -1.290000e+02
    endloop
  endfacet
  facet normal -1.000000e+00 0.000000e+00 0.000000e+00
    outer loop
      vertex   1.904333e+01 1.470003e+02 -1.270000e+02
      vertex   1.904333e+01 1.530003e+02 -1.270000e+02
      vertex   1.904333e+01 1.470003e+02 -1.290000e+02
    endloop
  endfacet
  facet normal -1.000000e+00 0.000000e+00 0.000000e+00
    outer loop
      vertex   1.904333e+01 1.470003e+02 -1.290000e+02
      vertex   1.904333e+01 1.530003e+02 -1.270000e+02
      vertex   1.904333e+01 1.530003e+02 -1.290000e+02
    endloop
  endfacet
  facet normal 1.305262e-01 -9.914449e-01 0.000000e+00
    outer loop
      vertex   1.104333e+01 1.550003e+02 -1.290000e+02
      vertex   1.104333e+01 1.550003e+02 -1.270000e+02
      vertex   1.052569e+01 1.549321e+02 -1.290000e+02
    endloop
  endfacet
  facet normal 1.305262e-01 -9.914449e-01 0.000000e+00
    outer loop
      vertex   1.052569e+01 1.549321e+02 -1.290000e+02
      vertex   1.104333e+01 1.550003e+02 -1.270000e+02
      vertex   1.052569e+01 1.549321e+02 -1.270000e+02
    endloop
  endfacet
  facet normal 3.826834e-01 -9.238795e-01 0.000000e+00
    outer loop
      vertex   1.052569e+01 1.549321e+02 -1.290000e+02
      vertex   1.052569e+01 1.549321e+02 -1.270000e+02
      vertex   1.004333e+01 1.547323e+02 -1.290000e+02
    endloop
  endfacet
  facet normal 3.826834e-01 -9.238795e-01 0.000000e+00
    outer loop
      vertex   1.004333e+01 1.547323e+02 -1.290000e+02
      vertex   1.052569e+01 1.549321e+02 -1.270000e+02
      vertex   1.004333e+01 1.547323e+02 -1.270000e+02
    endloop
  endfacet
  facet normal 6.087614e-01 -7.933533e-01 0.000000e+00
    outer loop
      vertex   1.004333e+01 1.547323e+02 -1.290000e+02
      vertex   1.004333e+01 1.547323e+02 -1.270000e+02
      vertex   9.629115e+00 1.544145e+02 -1.290000e+02
    endloop
  endfacet
  facet normal 6.087614e-01 -7.933533e-01 0.000000e+00
    outer loop
      vertex   9.629115e+00 1.544145e+02 -1.290000e+02
      vertex   1.004333e+01 1.547323e+02 -1.270000e+02
      vertex   9.629115e+00 1.544145e+02 -1.270000e+02
    endloop
  endfacet
  facet normal 7.933533e-01 -6.087614e-01 0.000000e+00
    outer loop
      vertex   9.629115e+00 1.544145e+02 -1.290000e+02
      vertex   9.629115e+00 1.544145e+02 -1.270000e+02
      vertex   9.311278e+00 1.540003e+02 -1.290000e+02
    endloop
  endfacet
  facet normal 7.933533e-01 -6.087614e-01 0.000000e+00
    outer loop
      vertex   9.311278e+00 1.540003e+02 -1.290000e+02
      vertex   9.629115e+00 1.544145e+02 -1.270000e+02
      vertex   9.311278e+00 1.540003e+02 -1.270000e+02
    endloop
  endfacet
  facet normal 9.238795e-01 -3.826834e-01 0.000000e+00
    outer loop
      vertex   9.311278e+00 1.540003e+02 -1.290000e+02
      vertex   9.311278e+00 1.540003e+02 -1.270000e+02
      vertex   9.111477e+00 1.535179e+02 -1.290000e+02
    endloop
  endfacet
  facet normal 9.238795e-01 -3.826834e-01 0.000000e+00
    outer loop
      vertex   9.111477e+00 1.535179e+02 -1.290000e+02
      vertex   9.311278e+00 1.540003e+02 -1.270000e+02
      vertex   9.111477e+00 1.535179e+02 -1.270000e+02
    endloop
  endfacet
  facet normal 9.914449e-01 -1.305262e-01 0.000000e+00
    outer loop
      vertex   9.111477e+00 1.535179e+02 -1.290000e+02
      vertex   9.111477e+00 1.535179e+02 -1.270000e+02
      vertex   9.043329e+00 1.530003e+02 -1.290000e+02
    endloop
  endfacet
  facet normal 9.914449e-01 -1.305262e-01 0.000000e+00
    outer loop
      vertex   9.043329e+00 1.530003e+02 -1.290000e+02
      vertex   9.111477e+00 1.535179e+02 -1.270000e+02
      vertex   9.043329e+00 1.530003e+02 -1.270000e+02
    endloop
  endfacet
  facet normal -0.000000e+00 -1.000000e+00 -0.000000e+00
    outer loop
      vertex   1.704333e+01 1.550003e+02 -1.270000e+02
      vertex   1.104333e+01 1.550003e+02 -1.270000e+02
      vertex   1.704333e+01 1.550003e+02 -1.290000e+02
    endloop
  endfacet
  facet normal 0.000000e+00 -1.000000e+00 0.000000e+00
    outer loop
      vertex   1.704333e+01 1.550003e+02 -1.290000e+02
      vertex   1.104333e+01 1.550003e+02 -1.270000e+02
      vertex   1.104333e+01 1.550003e+02 -1.290000e+02
    endloop
  endfacet
  facet normal -9.914449e-01 -1.305262e-01 0.000000e+00
    outer loop
      vertex   1.904333e+01 1.530003e+02 -1.290000e+02
      vertex   1.904333e+01 1.530003e+02 -1.270000e+02
      vertex   1.897518e+01 1.535179e+02 -1.290000e+02
    endloop
  endfacet
  facet normal -9.914449e-01 -1.305262e-01 0.000000e+00
    outer loop
      vertex   1.897518e+01 1.535179e+02 -1.290000e+02
      vertex   1.904333e+01 1.530003e+02 -1.270000e+02
      vertex   1.897518e+01 1.535179e+02 -1.270000e+02
    endloop
  endfacet
  facet normal -9.238795e-01 -3.826834e-01 0.000000e+00
    outer loop
      vertex   1.897518e+01 1.535179e+02 -1.290000e+02
      vertex   1.897518e+01 1.535179e+02 -1.270000e+02
      vertex   1.877538e+01 1.540003e+02 -1.290000e+02
    endloop
  endfacet
  facet normal -9.238795e-01 -3.826834e-01 0.000000e+00
    outer loop
      vertex   1.877538e+01 1.540003e+02 -1.290000e+02
      vertex   1.897518e+01 1.535179e+02 -1.270000e+02
      vertex   1.877538e+01 1.540003e+02 -1.270000e+02
    endloop
  endfacet
  facet normal -7.933533e-01 -6.087614e-01 0.000000e+00
    outer loop
      vertex   1.877538e+01 1.540003e+02 -1.290000e+02
      vertex   1.877538e+01 1.540003e+02 -1.270000e+02
      vertex   1.845754e+01 1.544145e+02 -1.290000e+02
    endloop
  endfacet
  facet normal -7.933533e-01 -6.087614e-01 0.000000e+00
    outer loop
      vertex   1.845754e+01 1.544145e+02 -1.290000e+02
      vertex   1.877538e+01 1.540003e+02 -1.270000e+02
      vertex   1.845754e+01 1.544145e+02 -1.270000e+02
    endloop
  endfacet
  facet normal -6.087614e-01 -7.933533e-01 0.000000e+00
    outer loop
      vertex   1.845754e+01 1.544145e+02 -1.290000e+02
      vertex   1.845754e+01 1.544145e+02 -1.270000e+02
      vertex   1.804333e+01 1.547323e+02 -1.290000e+02
    endloop
  endfacet
  facet normal -6.087614e-01 -7.933533e-01 0.000000e+00
    outer loop
      vertex   1.804333e+01 1.547323e+02 -1.290000e+02
      vertex   1.845754e+01 1.544145e+02 -1.270000e+02
      vertex   1.804333e+01 1.547323e+02 -1.270000e+02
    endloop
  endfacet
  facet normal -3.826834e-01 -9.238795e-01 0.000000e+00
    outer loop
      vertex   1.804333e+01 1.547323e+02 -1.290000e+02
      vertex   1.804333e+01 1.547323e+02 -1.270000e+02
      vertex   1.756097e+01 1.549321e+02 -1.290000e+02
    endloop
  endfacet
  facet normal -3.826834e-01 -9.238795e-01 0.000000e+00
    outer loop
      vertex   1.756097e+01 1.549321e+02 -1.290000e+02
      vertex   1.804333e+01 1.547323e+02 -1.270000e+02
      vertex   1.756097e+01 1.549321e+02 -1.270000e+02
    endloop
  endfacet
  facet normal -1.305262e-01 -9.914449e-01 0.000000e+00
    outer loop
      vertex   1.756097e+01 1.549321e+02 -1.290000e+02
      vertex   1.756097e+01 1.549321e+02 -1.270000e+02
      vertex   1.704333e+01 1.550003e+02 -1.290000e+02
    endloop
  endfacet
  facet normal -1.305262e-01 -9.914449e-01 0.000000e+00
    outer loop
      vertex   1.704333e+01 1.550003e+02 -1.290000e+02
      vertex   1.756097e+01 1.549321e+02 -1.270000e+02
      vertex   1.704333e+01 1.550003e+02 -1.270000e+02
    endloop
  endfacet
  facet normal 1.130154e-01 -9.935932e-01 0.000000e+00
    outer loop
      vertex   3.664807e+01 1.345503e+02 -1.290000e+02
      vertex   3.664807e+01 1.345503e+02 -1.270000e+02
      vertex   3.619891e+01 1.344993e+02 -1.290000e+02
    endloop
  endfacet
  facet normal 1.130154e-01 -9.935932e-01 0.000000e+00
    outer loop
      vertex   3.619891e+01 1.344993e+02 -1.290000e+02
      vertex   3.664807e+01 1.345503e+02 -1.270000e+02
      vertex   3.619891e+01 1.344993e+02 -1.270000e+02
    endloop
  endfacet
  facet normal 3.332722e-01 -9.428307e-01 0.000000e+00
    outer loop
      vertex   3.619891e+01 1.344993e+02 -1.290000e+02
      vertex   3.619891e+01 1.344993e+02 -1.270000e+02
      vertex   3.577269e+01 1.343486e+02 -1.290000e+02
    endloop
  endfacet
  facet normal 3.332722e-01 -9.428307e-01 -1.184022e-15
    outer loop
      vertex   3.577269e+01 1.343486e+02 -1.290000e+02
      vertex   3.619891e+01 1.344993e+02 -1.270000e+02
      vertex   3.577269e+01 1.343486e+02 -1.270000e+02
    endloop
  endfacet
  facet normal 5.365022e-01 -8.438989e-01 -1.906040e-15
    outer loop
      vertex   3.577269e+01 1.343486e+02 -1.290000e+02
      vertex   3.577269e+01 1.343486e+02 -1.270000e+02
      vertex   3.539120e+01 1.341061e+02 -1.290000e+02
    endloop
  endfacet
  facet normal 5.365022e-01 -8.438989e-01 0.000000e+00
    outer loop
      vertex   3.539120e+01 1.341061e+02 -1.290000e+02
      vertex   3.577269e+01 1.343486e+02 -1.270000e+02
      vertex   3.539120e+01 1.341061e+02 -1.270000e+02
    endloop
  endfacet
  facet normal 7.123223e-01 -7.018525e-01 0.000000e+00
    outer loop
      vertex   3.539120e+01 1.341061e+02 -1.290000e+02
      vertex   3.539120e+01 1.341061e+02 -1.270000e+02
      vertex   3.507392e+01 1.337841e+02 -1.290000e+02
    endloop
  endfacet
  facet normal 7.123223e-01 -7.018525e-01 9.973934e-15
    outer loop
      vertex   3.507392e+01 1.337841e+02 -1.290000e+02
      vertex   3.539120e+01 1.341061e+02 -1.270000e+02
      vertex   3.507392e+01 1.337841e+02 -1.270000e+02
    endloop
  endfacet
  facet normal -0.000000e+00 1.000000e+00 0.000000e+00
    outer loop
      vertex   2.410849e+01 1.145503e+02 -1.270000e+02
      vertex   4.367448e+01 1.145503e+02 -1.270000e+02
      vertex   2.410849e+01 1.145503e+02 -1.290000e+02
    endloop
  endfacet
  facet normal 0.000000e+00 1.000000e+00 0.000000e+00
    outer loop
      vertex   2.410849e+01 1.145503e+02 -1.290000e+02
      vertex   4.367448e+01 1.145503e+02 -1.270000e+02
      vertex   4.367448e+01 1.145503e+02 -1.290000e+02
    endloop
  endfacet
  facet normal 8.574303e-01 -5.146001e-01 0.000000e+00
    outer loop
      vertex   2.253433e+01 1.177841e+02 -1.290000e+02
      vertex   2.253433e+01 1.177841e+02 -1.270000e+02
      vertex   2.227934e+01 1.173592e+02 -1.290000e+02
    endloop
  endfacet
  facet normal 8.574303e-01 -5.146001e-01 0.000000e+00
    outer loop
      vertex   2.227934e+01 1.173592e+02 -1.290000e+02
      vertex   2.253433e+01 1.177841e+02 -1.270000e+02
      vertex   2.227934e+01 1.173592e+02 -1.270000e+02
    endloop
  endfacet
  facet normal 9.576273e-01 -2.880104e-01 0.000000e+00
    outer loop
      vertex   2.227934e+01 1.173592e+02 -1.290000e+02
      vertex   2.227934e+01 1.173592e+02 -1.270000e+02
      vertex   2.213663e+01 1.168847e+02 -1.290000e+02
    endloop
  endfacet
  facet normal 9.576273e-01 -2.880104e-01 2.046439e-15
    outer loop
      vertex   2.213663e+01 1.168847e+02 -1.290000e+02
      vertex   2.227934e+01 1.173592e+02 -1.270000e+02
      vertex   2.213663e+01 1.168847e+02 -1.270000e+02
    endloop
  endfacet
  facet normal 9.990429e-01 -4.374192e-02 3.108053e-16
    outer loop
      vertex   2.213663e+01 1.168847e+02 -1.290000e+02
      vertex   2.213663e+01 1.168847e+02 -1.270000e+02
      vertex   2.211496e+01 1.163896e+02 -1.290000e+02
    endloop
  endfacet
  facet normal 9.990429e-01 -4.374192e-02 0.000000e+00
    outer loop
      vertex   2.211496e+01 1.163896e+02 -1.290000e+02
      vertex   2.213663e+01 1.168847e+02 -1.270000e+02
      vertex   2.211496e+01 1.163896e+02 -1.270000e+02
    endloop
  endfacet
  facet normal 9.791349e-01 2.032115e-01 -0.000000e+00
    outer loop
      vertex   2.211496e+01 1.163896e+02 -1.290000e+02
      vertex   2.211496e+01 1.163896e+02 -1.270000e+02
      vertex   2.221565e+01 1.159045e+02 -1.290000e+02
    endloop
  endfacet
  facet normal 9.791349e-01 2.032115e-01 -0.000000e+00
    outer loop
      vertex   2.221565e+01 1.159045e+02 -1.290000e+02
      vertex   2.211496e+01 1.163896e+02 -1.270000e+02
      vertex   2.221565e+01 1.159045e+02 -1.270000e+02
    endloop
  endfacet
  facet normal 8.991253e-01 4.376914e-01 -0.000000e+00
    outer loop
      vertex   2.221565e+01 1.159045e+02 -1.290000e+02
      vertex   2.221565e+01 1.159045e+02 -1.270000e+02
      vertex   2.243253e+01 1.154589e+02 -1.290000e+02
    endloop
  endfacet
  facet normal 8.991253e-01 4.376914e-01 -0.000000e+00
    outer loop
      vertex   2.243253e+01 1.154589e+02 -1.290000e+02
      vertex   2.221565e+01 1.159045e+02 -1.270000e+02
      vertex   2.243253e+01 1.154589e+02 -1.270000e+02
    endloop
  endfacet
  facet normal 7.639253e-01 6.453047e-01 -0.000000e+00
    outer loop
      vertex   2.243253e+01 1.154589e+02 -1.290000e+02
      vertex   2.243253e+01 1.154589e+02 -1.270000e+02
      vertex   2.275228e+01 1.150804e+02 -1.290000e+02
    endloop
  endfacet
  facet normal 7.639253e-01 6.453047e-01 -0.000000e+00
    outer loop
      vertex   2.275228e+01 1.150804e+02 -1.290000e+02
      vertex   2.243253e+01 1.154589e+02 -1.270000e+02
      vertex   2.275228e+01 1.150804e+02 -1.270000e+02
    endloop
  endfacet
  facet normal 5.818338e-01 8.133077e-01 -0.000000e+00
    outer loop
      vertex   2.275228e+01 1.150804e+02 -1.290000e+02
      vertex   2.275228e+01 1.150804e+02 -1.270000e+02
      vertex   2.315529e+01 1.147921e+02 -1.290000e+02
    endloop
  endfacet
  facet normal 5.818338e-01 8.133077e-01 -0.000000e+00
    outer loop
      vertex   2.315529e+01 1.147921e+02 -1.290000e+02
      vertex   2.275228e+01 1.150804e+02 -1.270000e+02
      vertex   2.315529e+01 1.147921e+02 -1.270000e+02
    endloop
  endfacet
  facet normal 3.640280e-01 9.313880e-01 -0.000000e+00
    outer loop
      vertex   2.315529e+01 1.147921e+02 -1.290000e+02
      vertex   2.315529e+01 1.147921e+02 -1.270000e+02
      vertex   2.361680e+01 1.146117e+02 -1.290000e+02
    endloop
  endfacet
  facet normal 3.640280e-01 9.313880e-01 -0.000000e+00
    outer loop
      vertex   2.361680e+01 1.146117e+02 -1.290000e+02
      vertex   2.315529e+01 1.147921e+02 -1.270000e+02
      vertex   2.361680e+01 1.146117e+02 -1.270000e+02
    endloop
  endfacet
  facet normal 1.238773e-01 9.922975e-01 -0.000000e+00
    outer loop
      vertex   2.361680e+01 1.146117e+02 -1.290000e+02
      vertex   2.361680e+01 1.146117e+02 -1.270000e+02
      vertex   2.410849e+01 1.145503e+02 -1.290000e+02
    endloop
  endfacet
  facet normal 1.238773e-01 9.922975e-01 -0.000000e+00
    outer loop
      vertex   2.410849e+01 1.145503e+02 -1.290000e+02
      vertex   2.361680e+01 1.146117e+02 -1.270000e+02
      vertex   2.410849e+01 1.145503e+02 -1.270000e+02
    endloop
  endfacet
  facet normal 7.870787e-01 -6.168525e-01 8.766010e-15
    outer loop
      vertex   3.507392e+01 1.337841e+02 -1.270000e+02
      vertex   2.253433e+01 1.177841e+02 -1.270000e+02
      vertex   3.507392e+01 1.337841e+02 -1.290000e+02
    endloop
  endfacet
  facet normal 7.870787e-01 -6.168525e-01 0.000000e+00
    outer loop
      vertex   3.507392e+01 1.337841e+02 -1.290000e+02
      vertex   2.253433e+01 1.177841e+02 -1.270000e+02
      vertex   2.253433e+01 1.177841e+02 -1.290000e+02
    endloop
  endfacet
  facet normal -1.305262e-01 9.914449e-01 0.000000e+00
    outer loop
      vertex   -1.104333e+01 1.450003e+02 -1.290000e+02
      vertex   -1.104333e+01 1.450003e+02 -1.270000e+02
      vertex   -1.052569e+01 1.450684e+02 -1.290000e+02
    endloop
  endfacet
  facet normal -1.305262e-01 9.914449e-01 0.000000e+00
    outer loop
      vertex   -1.052569e+01 1.450684e+02 -1.290000e+02
      vertex   -1.104333e+01 1.450003e+02 -1.270000e+02
      vertex   -1.052569e+01 1.450684e+02 -1.270000e+02
    endloop
  endfacet
  facet normal -3.826834e-01 9.238795e-01 0.000000e+00
    outer loop
      vertex   -1.052569e+01 1.450684e+02 -1.290000e+02
      vertex   -1.052569e+01 1.450684e+02 -1.270000e+02
      vertex   -1.004333e+01 1.452682e+02 -1.290000e+02
    endloop
  endfacet
  facet normal -3.826834e-01 9.238795e-01 0.000000e+00
    outer loop
      vertex   -1.004333e+01 1.452682e+02 -1.290000e+02
      vertex   -1.052569e+01 1.450684e+02 -1.270000e+02
      vertex   -1.004333e+01 1.452682e+02 -1.270000e+02
    endloop
  endfacet
  facet normal -6.087614e-01 7.933533e-01 0.000000e+00
    outer loop
      vertex   -1.004333e+01 1.452682e+02 -1.290000e+02
      vertex   -1.004333e+01 1.452682e+02 -1.270000e+02
      vertex   -9.629115e+00 1.455861e+02 -1.290000e+02
    endloop
  endfacet
  facet normal -6.087614e-01 7.933533e-01 0.000000e+00
    outer loop
      vertex   -9.629115e+00 1.455861e+02 -1.290000e+02
      vertex   -1.004333e+01 1.452682e+02 -1.270000e+02
      vertex   -9.629115e+00 1.455861e+02 -1.270000e+02
    endloop
  endfacet
  facet normal -7.933533e-01 6.087614e-01 0.000000e+00
    outer loop
      vertex   -9.629115e+00 1.455861e+02 -1.290000e+02
      vertex   -9.629115e+00 1.455861e+02 -1.270000e+02
      vertex   -9.311278e+00 1.460003e+02 -1.290000e+02
    endloop
  endfacet
  facet normal -7.933533e-01 6.087614e-01 0.000000e+00
    outer loop
      vertex   -9.311278e+00 1.460003e+02 -1.290000e+02
      vertex   -9.629115e+00 1.455861e+02 -1.270000e+02
      vertex   -9.311278e+00 1.460003e+02 -1.270000e+02
    endloop
  endfacet
  facet normal -9.238795e-01 3.826834e-01 0.000000e+00
    outer loop
      vertex   -9.311278e+00 1.460003e+02 -1.290000e+02
      vertex   -9.311278e+00 1.460003e+02 -1.270000e+02
      vertex   -9.111477e+00 1.464826e+02 -1.290000e+02
    endloop
  endfacet
  facet normal -9.238795e-01 3.826834e-01 0.000000e+00
    outer loop
      vertex   -9.111477e+00 1.464826e+02 -1.290000e+02
      vertex   -9.311278e+00 1.460003e+02 -1.270000e+02
      vertex   -9.111477e+00 1.464826e+02 -1.270000e+02
    endloop
  endfacet
  facet normal -9.914449e-01 1.305262e-01 0.000000e+00
    outer loop
      vertex   -9.111477e+00 1.464826e+02 -1.290000e+02
      vertex   -9.111477e+00 1.464826e+02 -1.270000e+02
      vertex   -9.043329e+00 1.470003e+02 -1.290000e+02
    endloop
  endfacet
  facet normal -9.914449e-01 1.305262e-01 0.000000e+00
    outer loop
      vertex   -9.043329e+00 1.470003e+02 -1.290000e+02
      vertex   -9.111477e+00 1.464826e+02 -1.270000e+02
      vertex   -9.043329e+00 1.470003e+02 -1.270000e+02
    endloop
  endfacet
  facet normal -0.000000e+00 -1.000000e+00 -0.000000e+00
    outer loop
      vertex   -1.104333e+01 1.550003e+02 -1.270000e+02
      vertex   -1.704333e+01 1.550003e+02 -1.270000e+02
      vertex   -1.104333e+01 1.550003e+02 -1.290000e+02
    endloop
  endfacet
  facet normal 0.000000e+00 -1.000000e+00 0.000000e+00
    outer loop
      vertex   -1.104333e+01 1.550003e+02 -1.290000e+02
      vertex   -1.704333e+01 1.550003e+02 -1.270000e+02
      vertex   -1.704333e+01 1.550003e+02 -1.290000e+02
    endloop
  endfacet
  facet normal -9.914449e-01 -1.305262e-01 0.000000e+00
    outer loop
      vertex   -9.043329e+00 1.530003e+02 -1.290000e+02
      vertex   -9.043329e+00 1.530003e+02 -1.270000e+02
      vertex   -9.111477e+00 1.535179e+02 -1.290000e+02
    endloop
  endfacet
  facet normal -9.914449e-01 -1.305262e-01 0.000000e+00
    outer loop
      vertex   -9.111477e+00 1.535179e+02 -1.290000e+02
      vertex   -9.043329e+00 1.530003e+02 -1.270000e+02
      vertex   -9.111477e+00 1.535179e+02 -1.270000e+02
    endloop
  endfacet
  facet normal -9.238795e-01 -3.826834e-01 0.000000e+00
    outer loop
      vertex   -9.111477e+00 1.535179e+02 -1.290000e+02
      vertex   -9.111477e+00 1.535179e+02 -1.270000e+02
      vertex   -9.311278e+00 1.540003e+02 -1.290000e+02
    endloop
  endfacet
  facet normal -9.238795e-01 -3.826834e-01 0.000000e+00
    outer loop
      vertex   -9.311278e+00 1.540003e+02 -1.290000e+02
      vertex   -9.111477e+00 1.535179e+02 -1.270000e+02
      vertex   -9.311278e+00 1.540003e+02 -1.270000e+02
    endloop
  endfacet
  facet normal -7.933533e-01 -6.087614e-01 0.000000e+00
    outer loop
      vertex   -9.311278e+00 1.540003e+02 -1.290000e+02
      vertex   -9.311278e+00 1.540003e+02 -1.270000e+02
      vertex   -9.629115e+00 1.544145e+02 -1.290000e+02
    endloop
  endfacet
  facet normal -7.933533e-01 -6.087614e-01 0.000000e+00
    outer loop
      vertex   -9.629115e+00 1.544145e+02 -1.290000e+02
      vertex   -9.311278e+00 1.540003e+02 -1.270000e+02
      vertex   -9.629115e+00 1.544145e+02 -1.270000e+02
    endloop
  endfacet
  facet normal -6.087614e-01 -7.933533e-01 0.000000e+00
    outer loop
      vertex   -9.629115e+00 1.544145e+02 -1.290000e+02
      vertex   -9.629115e+00 1.544145e+02 -1.270000e+02
      vertex   -1.004333e+01 1.547323e+02 -1.290000e+02
    endloop
  endfacet
  facet normal -6.087614e-01 -7.933533e-01 0.000000e+00
    outer loop
      vertex   -1.004333e+01 1.547323e+02 -1.290000e+02
      vertex   -9.629115e+00 1.544145e+02 -1.270000e+02
      vertex   -1.004333e+01 1.547323e+02 -1.270000e+02
    endloop
  endfacet
  facet normal -3.826834e-01 -9.238795e-01 0.000000e+00
    outer loop
      vertex   -1.004333e+01 1.547323e+02 -1.290000e+02
      vertex   -1.004333e+01 1.547323e+02 -1.270000e+02
      vertex   -1.052569e+01 1.549321e+02 -1.290000e+02
    endloop
  endfacet
  facet normal -3.826834e-01 -9.238795e-01 0.000000e+00
    outer loop
      vertex   -1.052569e+01 1.549321e+02 -1.290000e+02
      vertex   -1.004333e+01 1.547323e+02 -1.270000e+02
      vertex   -1.052569e+01 1.549321e+02 -1.270000e+02
    endloop
  endfacet
  facet normal -1.305262e-01 -9.914449e-01 0.000000e+00
    outer loop
      vertex   -1.052569e+01 1.549321e+02 -1.290000e+02
      vertex   -1.052569e+01 1.549321e+02 -1.270000e+02
      vertex   -1.104333e+01 1.550003e+02 -1.290000e+02
    endloop
  endfacet
  facet normal -1.305262e-01 -9.914449e-01 0.000000e+00
    outer loop
      vertex   -1.104333e+01 1.550003e+02 -1.290000e+02
      vertex   -1.052569e+01 1.549321e+02 -1.270000e+02
      vertex   -1.104333e+01 1.550003e+02 -1.270000e+02
    endloop
  endfacet
  facet normal -1.000000e+00 0.000000e+00 0.000000e+00
    outer loop
      vertex   -9.043329e+00 1.470003e+02 -1.270000e+02
      vertex   -9.043329e+00 1.530003e+02 -1.270000e+02
      vertex   -9.043329e+00 1.470003e+02 -1.290000e+02
    endloop
  endfacet
  facet normal -1.000000e+00 0.000000e+00 0.000000e+00
    outer loop
      vertex   -9.043329e+00 1.470003e+02 -1.290000e+02
      vertex   -9.043329e+00 1.530003e+02 -1.270000e+02
      vertex   -9.043329e+00 1.530003e+02 -1.290000e+02
    endloop
  endfacet
  facet normal 9.914449e-01 1.305262e-01 -0.000000e+00
    outer loop
      vertex   -3.183666e+01 1.440003e+02 -1.290000e+02
      vertex   -3.183666e+01 1.440003e+02 -1.270000e+02
      vertex   -3.178555e+01 1.436120e+02 -1.290000e+02
    endloop
  endfacet
  facet normal 9.914449e-01 1.305262e-01 -0.000000e+00
    outer loop
      vertex   -3.178555e+01 1.436120e+02 -1.290000e+02
      vertex   -3.183666e+01 1.440003e+02 -1.270000e+02
      vertex   -3.178555e+01 1.436120e+02 -1.270000e+02
    endloop
  endfacet
  facet normal 9.238795e-01 3.826834e-01 -0.000000e+00
    outer loop
      vertex   -3.178555e+01 1.436120e+02 -1.290000e+02
      vertex   -3.178555e+01 1.436120e+02 -1.270000e+02
      vertex   -3.163570e+01 1.432503e+02 -1.290000e+02
    endloop
  endfacet
  facet normal 9.238795e-01 3.826834e-01 -0.000000e+00
    outer loop
      vertex   -3.163570e+01 1.432503e+02 -1.290000e+02
      vertex   -3.178555e+01 1.436120e+02 -1.270000e+02
      vertex   -3.163570e+01 1.432503e+02 -1.270000e+02
    endloop
  endfacet
  facet normal 7.933533e-01 6.087614e-01 -0.000000e+00
    outer loop
      vertex   -3.163570e+01 1.432503e+02 -1.290000e+02
      vertex   -3.163570e+01 1.432503e+02 -1.270000e+02
      vertex   -3.139732e+01 1.429396e+02 -1.290000e+02
    endloop
  endfacet
  facet normal 7.933533e-01 6.087614e-01 -0.000000e+00
    outer loop
      vertex   -3.139732e+01 1.429396e+02 -1.290000e+02
      vertex   -3.163570e+01 1.432503e+02 -1.270000e+02
      vertex   -3.139732e+01 1.429396e+02 -1.270000e+02
    endloop
  endfacet
  facet normal 6.087614e-01 7.933533e-01 -0.000000e+00
    outer loop
      vertex   -3.139732e+01 1.429396e+02 -1.290000e+02
      vertex   -3.139732e+01 1.429396e+02 -1.270000e+02
      vertex   -3.108666e+01 1.427012e+02 -1.290000e+02
    endloop
  endfacet
  facet normal 6.087614e-01 7.933533e-01 -0.000000e+00
    outer loop
      vertex   -3.108666e+01 1.427012e+02 -1.290000e+02
      vertex   -3.139732e+01 1.429396e+02 -1.270000e+02
      vertex   -3.108666e+01 1.427012e+02 -1.270000e+02
    endloop
  endfacet
  facet normal 3.826834e-01 9.238795e-01 -0.000000e+00
    outer loop
      vertex   -3.108666e+01 1.427012e+02 -1.290000e+02
      vertex   -3.108666e+01 1.427012e+02 -1.270000e+02
      vertex   -3.072489e+01 1.425514e+02 -1.290000e+02
    endloop
  endfacet
  facet normal 3.826834e-01 9.238795e-01 -0.000000e+00
    outer loop
      vertex   -3.072489e+01 1.425514e+02 -1.290000e+02
      vertex   -3.108666e+01 1.427012e+02 -1.270000e+02
      vertex   -3.072489e+01 1.425514e+02 -1.270000e+02
    endloop
  endfacet
  facet normal 1.305262e-01 9.914449e-01 -0.000000e+00
    outer loop
      vertex   -3.072489e+01 1.425514e+02 -1.290000e+02
      vertex   -3.072489e+01 1.425514e+02 -1.270000e+02
      vertex   -3.033666e+01 1.425003e+02 -1.290000e+02
    endloop
  endfacet
  facet normal 1.305262e-01 9.914449e-01 -0.000000e+00
    outer loop
      vertex   -3.033666e+01 1.425003e+02 -1.290000e+02
      vertex   -3.072489e+01 1.425514e+02 -1.270000e+02
      vertex   -3.033666e+01 1.425003e+02 -1.270000e+02
    endloop
  endfacet
  facet normal 1.000000e+00 2.960662e-16 1.776359e-15
    outer loop
      vertex   -3.183666e+01 1.560000e+02 -1.270000e+02
      vertex   -3.183666e+01 1.440003e+02 -1.270000e+02
      vertex   -3.183666e+01 1.560000e+02 -1.290000e+02
    endloop
  endfacet
  facet normal 1.000000e+00 0.000000e+00 0.000000e+00
    outer loop
      vertex   -3.183666e+01 1.560000e+02 -1.290000e+02
      vertex   -3.183666e+01 1.440003e+02 -1.270000e+02
      vertex   -3.183666e+01 1.440003e+02 -1.290000e+02
    endloop
  endfacet
  facet normal -1.000000e+00 0.000000e+00 0.000000e+00
    outer loop
      vertex   1.000000e+01 5.000000e+00 -1.250000e+02
      vertex   1.000000e+01 6.000000e+01 -1.250000e+02
      vertex   1.000000e+01 5.000000e+00 -1.290000e+02
    endloop
  endfacet
  facet normal -1.000000e+00 0.000000e+00 0.000000e+00
    outer loop
      vertex   1.000000e+01 5.000000e+00 -1.290000e+02
      vertex   1.000000e+01 6.000000e+01 -1.250000e+02
      vertex   1.000000e+01 6.000000e+01 -1.290000e+02
    endloop
  endfacet
  facet normal -0.000000e+00 1.000000e+00 0.000000e+00
    outer loop
      vertex   -1.000000e+01 5.000000e+00 -1.250000e+02
      vertex   1.000000e+01 5.000000e+00 -1.250000e+02
      vertex   -1.000000e+01 5.000000e+00 -1.290000e+02
    endloop
  endfacet
  facet normal 0.000000e+00 1.000000e+00 0.000000e+00
    outer loop
      vertex   -1.000000e+01 5.000000e+00 -1.290000e+02
      vertex   1.000000e+01 5.000000e+00 -1.250000e+02
      vertex   1.000000e+01 5.000000e+00 -1.290000e+02
    endloop
  endfacet
  facet normal 1.000000e+00 -1.937844e-16 0.000000e+00
    outer loop
      vertex   -1.000000e+01 6.000000e+01 -1.250000e+02
      vertex   -1.000000e+01 5.000000e+00 -1.250000e+02
      vertex   -1.000000e+01 6.000000e+01 -1.290000e+02
    endloop
  endfacet
  facet normal 1.000000e+00 -1.937844e-16 0.000000e+00
    outer loop
      vertex   -1.000000e+01 6.000000e+01 -1.290000e+02
      vertex   -1.000000e+01 5.000000e+00 -1.250000e+02
      vertex   -1.000000e+01 5.000000e+00 -1.290000e+02
    endloop
  endfacet
  facet normal -0.000000e+00 -1.000000e+00 -0.000000e+00
    outer loop
      vertex   1.000000e+01 6.000000e+01 -1.250000e+02
      vertex   -1.000000e+01 6.000000e+01 -1.250000e+02
      vertex   1.000000e+01 6.000000e+01 -1.290000e+02
    endloop
  endfacet
  facet normal 0.000000e+00 -1.000000e+00 0.000000e+00
    outer loop
      vertex   1.000000e+01 6.000000e+01 -1.290000e+02
      vertex   -1.000000e+01 6.000000e+01 -1.250000e+02
      vertex   -1.000000e+01 6.000000e+01 -1.290000e+02
    endloop
  endfacet
  facet normal 9.914449e-01 1.305262e-01 0.000000e+00
    outer loop
      vertex   -4.154548e+01 3.662677e+01 -1.250000e+02
      vertex   -4.154548e+01 3.662677e+01 -1.290000e+02
      vertex   -4.160000e+01 3.704089e+01 -1.250000e+02
    endloop
  endfacet
  facet normal 9.914449e-01 1.305262e-01 0.000000e+00
    outer loop
      vertex   -4.160000e+01 3.704089e+01 -1.250000e+02
      vertex   -4.154548e+01 3.662677e+01 -1.290000e+02
      vertex   -4.160000e+01 3.704089e+01 -1.290000e+02
    endloop
  endfacet
  facet normal 9.914449e-01 -1.305262e-01 0.000000e+00
    outer loop
      vertex   -4.160000e+01 3.704089e+01 -1.250000e+02
      vertex   -4.160000e+01 3.704089e+01 -1.290000e+02
      vertex   -4.154548e+01 3.745500e+01 -1.250000e+02
    endloop
  endfacet
  facet normal 9.914449e-01 -1.305262e-01 0.000000e+00
    outer loop
      vertex   -4.154548e+01 3.745500e+01 -1.250000e+02
      vertex   -4.160000e+01 3.704089e+01 -1.290000e+02
      vertex   -4.154548e+01 3.745500e+01 -1.290000e+02
    endloop
  endfacet
  facet normal 9.238795e-01 -3.826834e-01 0.000000e+00
    outer loop
      vertex   -4.154548e+01 3.745500e+01 -1.250000e+02
      vertex   -4.154548e+01 3.745500e+01 -1.290000e+02
      vertex   -4.138564e+01 3.784089e+01 -1.250000e+02
    endloop
  endfacet
  facet normal 9.238795e-01 -3.826834e-01 0.000000e+00
    outer loop
      vertex   -4.138564e+01 3.784089e+01 -1.250000e+02
      vertex   -4.154548e+01 3.745500e+01 -1.290000e+02
      vertex   -4.138564e+01 3.784089e+01 -1.290000e+02
    endloop
  endfacet
  facet normal 7.933533e-01 -6.087614e-01 0.000000e+00
    outer loop
      vertex   -4.138564e+01 3.784089e+01 -1.250000e+02
      vertex   -4.138564e+01 3.784089e+01 -1.290000e+02
      vertex   -4.113137e+01 3.817226e+01 -1.250000e+02
    endloop
  endfacet
  facet normal 7.933533e-01 -6.087614e-01 0.000000e+00
    outer loop
      vertex   -4.113137e+01 3.817226e+01 -1.250000e+02
      vertex   -4.138564e+01 3.784089e+01 -1.290000e+02
      vertex   -4.113137e+01 3.817226e+01 -1.290000e+02
    endloop
  endfacet
  facet normal 6.087614e-01 -7.933533e-01 0.000000e+00
    outer loop
      vertex   -4.113137e+01 3.817226e+01 -1.250000e+02
      vertex   -4.113137e+01 3.817226e+01 -1.290000e+02
      vertex   -4.080000e+01 3.842653e+01 -1.250000e+02
    endloop
  endfacet
  facet normal 6.087614e-01 -7.933533e-01 0.000000e+00
    outer loop
      vertex   -4.080000e+01 3.842653e+01 -1.250000e+02
      vertex   -4.113137e+01 3.817226e+01 -1.290000e+02
      vertex   -4.080000e+01 3.842653e+01 -1.290000e+02
    endloop
  endfacet
  facet normal 3.826834e-01 -9.238795e-01 0.000000e+00
    outer loop
      vertex   -4.080000e+01 3.842653e+01 -1.250000e+02
      vertex   -4.080000e+01 3.842653e+01 -1.290000e+02
      vertex   -4.041411e+01 3.858637e+01 -1.250000e+02
    endloop
  endfacet
  facet normal 3.826834e-01 -9.238795e-01 0.000000e+00
    outer loop
      vertex   -4.041411e+01 3.858637e+01 -1.250000e+02
      vertex   -4.080000e+01 3.842653e+01 -1.290000e+02
      vertex   -4.041411e+01 3.858637e+01 -1.290000e+02
    endloop
  endfacet
  facet normal 1.305262e-01 -9.914449e-01 0.000000e+00
    outer loop
      vertex   -4.041411e+01 3.858637e+01 -1.250000e+02
      vertex   -4.041411e+01 3.858637e+01 -1.290000e+02
      vertex   -4.000000e+01 3.864089e+01 -1.250000e+02
    endloop
  endfacet
  facet normal 1.305262e-01 -9.914449e-01 0.000000e+00
    outer loop
      vertex   -4.000000e+01 3.864089e+01 -1.250000e+02
      vertex   -4.041411e+01 3.858637e+01 -1.290000e+02
      vertex   -4.000000e+01 3.864089e+01 -1.290000e+02
    endloop
  endfacet
  facet normal -1.305262e-01 -9.914449e-01 -0.000000e+00
    outer loop
      vertex   -4.000000e+01 3.864089e+01 -1.250000e+02
      vertex   -4.000000e+01 3.864089e+01 -1.290000e+02
      vertex   -3.958589e+01 3.858637e+01 -1.250000e+02
    endloop
  endfacet
  facet normal -1.305262e-01 -9.914449e-01 -0.000000e+00
    outer loop
      vertex   -3.958589e+01 3.858637e+01 -1.250000e+02
      vertex   -4.000000e+01 3.864089e+01 -1.290000e+02
      vertex   -3.958589e+01 3.858637e+01 -1.290000e+02
    endloop
  endfacet
  facet normal -3.826834e-01 -9.238795e-01 -0.000000e+00
    outer loop
      vertex   -3.958589e+01 3.858637e+01 -1.250000e+02
      vertex   -3.958589e+01 3.858637e+01 -1.290000e+02
      vertex   -3.920000e+01 3.842653e+01 -1.250000e+02
    endloop
  endfacet
  facet normal -3.826834e-01 -9.238795e-01 -0.000000e+00
    outer loop
      vertex   -3.920000e+01 3.842653e+01 -1.250000e+02
      vertex   -3.958589e+01 3.858637e+01 -1.290000e+02
      vertex   -3.920000e+01 3.842653e+01 -1.290000e+02
    endloop
  endfacet
  facet normal -6.087614e-01 -7.933533e-01 -0.000000e+00
    outer loop
      vertex   -3.920000e+01 3.842653e+01 -1.250000e+02
      vertex   -3.920000e+01 3.842653e+01 -1.290000e+02
      vertex   -3.886863e+01 3.817226e+01 -1.250000e+02
    endloop
  endfacet
  facet normal -6.087614e-01 -7.933533e-01 -0.000000e+00
    outer loop
      vertex   -3.886863e+01 3.817226e+01 -1.250000e+02
      vertex   -3.920000e+01 3.842653e+01 -1.290000e+02
      vertex   -3.886863e+01 3.817226e+01 -1.290000e+02
    endloop
  endfacet
  facet normal -7.933533e-01 -6.087614e-01 -0.000000e+00
    outer loop
      vertex   -3.886863e+01 3.817226e+01 -1.250000e+02
      vertex   -3.886863e+01 3.817226e+01 -1.290000e+02
      vertex   -3.861436e+01 3.784089e+01 -1.250000e+02
    endloop
  endfacet
  facet normal -7.933533e-01 -6.087614e-01 -0.000000e+00
    outer loop
      vertex   -3.861436e+01 3.784089e+01 -1.250000e+02
      vertex   -3.886863e+01 3.817226e+01 -1.290000e+02
      vertex   -3.861436e+01 3.784089e+01 -1.290000e+02
    endloop
  endfacet
  facet normal -9.238795e-01 -3.826834e-01 -0.000000e+00
    outer loop
      vertex   -3.861436e+01 3.784089e+01 -1.250000e+02
      vertex   -3.861436e+01 3.784089e+01 -1.290000e+02
      vertex   -3.845452e+01 3.745500e+01 -1.250000e+02
    endloop
  endfacet
  facet normal -9.238795e-01 -3.826834e-01 -0.000000e+00
    outer loop
      vertex   -3.845452e+01 3.745500e+01 -1.250000e+02
      vertex   -3.861436e+01 3.784089e+01 -1.290000e+02
      vertex   -3.845452e+01 3.745500e+01 -1.290000e+02
    endloop
  endfacet
  facet normal -9.914449e-01 -1.305262e-01 -0.000000e+00
    outer loop
      vertex   -3.845452e+01 3.745500e+01 -1.250000e+02
      vertex   -3.845452e+01 3.745500e+01 -1.290000e+02
      vertex   -3.840000e+01 3.704089e+01 -1.250000e+02
    endloop
  endfacet
  facet normal -9.914449e-01 -1.305262e-01 -0.000000e+00
    outer loop
      vertex   -3.840000e+01 3.704089e+01 -1.250000e+02
      vertex   -3.845452e+01 3.745500e+01 -1.290000e+02
      vertex   -3.840000e+01 3.704089e+01 -1.290000e+02
    endloop
  endfacet
  facet normal -9.914449e-01 1.305262e-01 0.000000e+00
    outer loop
      vertex   -3.840000e+01 3.704089e+01 -1.250000e+02
      vertex   -3.840000e+01 3.704089e+01 -1.290000e+02
      vertex   -3.845452e+01 3.662677e+01 -1.250000e+02
    endloop
  endfacet
  facet normal -9.914449e-01 1.305262e-01 0.000000e+00
    outer loop
      vertex   -3.845452e+01 3.662677e+01 -1.250000e+02
      vertex   -3.840000e+01 3.704089e+01 -1.290000e+02
      vertex   -3.845452e+01 3.662677e+01 -1.290000e+02
    endloop
  endfacet
  facet normal -9.238795e-01 3.826834e-01 0.000000e+00
    outer loop
      vertex   -3.845452e+01 3.662677e+01 -1.250000e+02
      vertex   -3.845452e+01 3.662677e+01 -1.290000e+02
      vertex   -3.861436e+01 3.624089e+01 -1.250000e+02
    endloop
  endfacet
  facet normal -9.238795e-01 3.826834e-01 0.000000e+00
    outer loop
      vertex   -3.861436e+01 3.624089e+01 -1.250000e+02
      vertex   -3.845452e+01 3.662677e+01 -1.290000e+02
      vertex   -3.861436e+01 3.624089e+01 -1.290000e+02
    endloop
  endfacet
  facet normal -7.933533e-01 6.087614e-01 0.000000e+00
    outer loop
      vertex   -3.861436e+01 3.624089e+01 -1.250000e+02
      vertex   -3.861436e+01 3.624089e+01 -1.290000e+02
      vertex   -3.886863e+01 3.590951e+01 -1.250000e+02
    endloop
  endfacet
  facet normal -7.933533e-01 6.087614e-01 0.000000e+00
    outer loop
      vertex   -3.886863e+01 3.590951e+01 -1.250000e+02
      vertex   -3.861436e+01 3.624089e+01 -1.290000e+02
      vertex   -3.886863e+01 3.590951e+01 -1.290000e+02
    endloop
  endfacet
  facet normal -6.087614e-01 7.933533e-01 0.000000e+00
    outer loop
      vertex   -3.886863e+01 3.590951e+01 -1.250000e+02
      vertex   -3.886863e+01 3.590951e+01 -1.290000e+02
      vertex   -3.920000e+01 3.565524e+01 -1.250000e+02
    endloop
  endfacet
  facet normal -6.087614e-01 7.933533e-01 0.000000e+00
    outer loop
      vertex   -3.920000e+01 3.565524e+01 -1.250000e+02
      vertex   -3.886863e+01 3.590951e+01 -1.290000e+02
      vertex   -3.920000e+01 3.565524e+01 -1.290000e+02
    endloop
  endfacet
  facet normal -3.826834e-01 9.238795e-01 0.000000e+00
    outer loop
      vertex   -3.920000e+01 3.565524e+01 -1.250000e+02
      vertex   -3.920000e+01 3.565524e+01 -1.290000e+02
      vertex   -3.958589e+01 3.549540e+01 -1.250000e+02
    endloop
  endfacet
  facet normal -3.826834e-01 9.238795e-01 0.000000e+00
    outer loop
      vertex   -3.958589e+01 3.549540e+01 -1.250000e+02
      vertex   -3.920000e+01 3.565524e+01 -1.290000e+02
      vertex   -3.958589e+01 3.549540e+01 -1.290000e+02
    endloop
  endfacet
  facet normal -1.305262e-01 9.914449e-01 0.000000e+00
    outer loop
      vertex   -3.958589e+01 3.549540e+01 -1.250000e+02
      vertex   -3.958589e+01 3.549540e+01 -1.290000e+02
      vertex   -4.000000e+01 3.544089e+01 -1.250000e+02
    endloop
  endfacet
  facet normal -1.305262e-01 9.914449e-01 0.000000e+00
    outer loop
      vertex   -4.000000e+01 3.544089e+01 -1.250000e+02
      vertex   -3.958589e+01 3.549540e+01 -1.290000e+02
      vertex   -4.000000e+01 3.544089e+01 -1.290000e+02
    endloop
  endfacet
  facet normal 1.305262e-01 9.914449e-01 0.000000e+00
    outer loop
      vertex   -4.000000e+01 3.544089e+01 -1.250000e+02
      vertex   -4.000000e+01 3.544089e+01 -1.290000e+02
      vertex   -4.041411e+01 3.549540e+01 -1.250000e+02
    endloop
  endfacet
  facet normal 1.305262e-01 9.914449e-01 0.000000e+00
    outer loop
      vertex   -4.041411e+01 3.549540e+01 -1.250000e+02
      vertex   -4.000000e+01 3.544089e+01 -1.290000e+02
      vertex   -4.041411e+01 3.549540e+01 -1.290000e+02
    endloop
  endfacet
  facet normal 3.826834e-01 9.238795e-01 0.000000e+00
    outer loop
      vertex   -4.041411e+01 3.549540e+01 -1.250000e+02
      vertex   -4.041411e+01 3.549540e+01 -1.290000e+02
      vertex   -4.080000e+01 3.565524e+01 -1.250000e+02
    endloop
  endfacet
  facet normal 3.826834e-01 9.238795e-01 0.000000e+00
    outer loop
      vertex   -4.080000e+01 3.565524e+01 -1.250000e+02
      vertex   -4.041411e+01 3.549540e+01 -1.290000e+02
      vertex   -4.080000e+01 3.565524e+01 -1.290000e+02
    endloop
  endfacet
  facet normal 6.087614e-01 7.933533e-01 0.000000e+00
    outer loop
      vertex   -4.080000e+01 3.565524e+01 -1.250000e+02
      vertex   -4.080000e+01 3.565524e+01 -1.290000e+02
      vertex   -4.113137e+01 3.590951e+01 -1.250000e+02
    endloop
  endfacet
  facet normal 6.087614e-01 7.933533e-01 0.000000e+00
    outer loop
      vertex   -4.113137e+01 3.590951e+01 -1.250000e+02
      vertex   -4.080000e+01 3.565524e+01 -1.290000e+02
      vertex   -4.113137e+01 3.590951e+01 -1.290000e+02
    endloop
  endfacet
  facet normal 7.933533e-01 6.087614e-01 0.000000e+00
    outer loop
      vertex   -4.113137e+01 3.590951e+01 -1.250000e+02
      vertex   -4.113137e+01 3.590951e+01 -1.290000e+02
      vertex   -4.138564e+01 3.624089e+01 -1.250000e+02
    endloop
  endfacet
  facet normal 7.933533e-01 6.087614e-01 0.000000e+00
    outer loop
      vertex   -4.138564e+01 3.624089e+01 -1.250000e+02
      vertex   -4.113137e+01 3.590951e+01 -1.290000e+02
      vertex   -4.138564e+01 3.624089e+01 -1.290000e+02
    endloop
  endfacet
  facet normal 9.238795e-01 3.826834e-01 0.000000e+00
    outer loop
      vertex   -4.138564e+01 3.624089e+01 -1.250000e+02
      vertex   -4.138564e+01 3.624089e+01 -1.290000e+02
      vertex   -4.154548e+01 3.662677e+01 -1.250000e+02
    endloop
  endfacet
  facet normal 9.238795e-01 3.826834e-01 0.000000e+00
    outer loop
      vertex   -4.154548e+01 3.662677e+01 -1.250000e+02
      vertex   -4.138564e+01 3.624089e+01 -1.290000e+02
      vertex   -4.154548e+01 3.662677e+01 -1.290000e+02
    endloop
  endfacet
  facet normal -1.305262e-01 9.914449e-01 0.000000e+00
    outer loop
      vertex   -2.958666e+01 8.653692e+01 -1.290000e+02
      vertex   -2.958666e+01 8.653692e+01 -1.250000e+02
      vertex   -2.919843e+01 8.658803e+01 -1.290000e+02
    endloop
  endfacet
  facet normal -1.305262e-01 9.914449e-01 0.000000e+00
    outer loop
      vertex   -2.919843e+01 8.658803e+01 -1.290000e+02
      vertex   -2.958666e+01 8.653692e+01 -1.250000e+02
      vertex   -2.919843e+01 8.658803e+01 -1.250000e+02
    endloop
  endfacet
  facet normal -3.826834e-01 9.238795e-01 0.000000e+00
    outer loop
      vertex   -2.919843e+01 8.658803e+01 -1.290000e+02
      vertex   -2.919843e+01 8.658803e+01 -1.250000e+02
      vertex   -2.883666e+01 8.673788e+01 -1.290000e+02
    endloop
  endfacet
  facet normal -3.826834e-01 9.238795e-01 0.000000e+00
    outer loop
      vertex   -2.883666e+01 8.673788e+01 -1.290000e+02
      vertex   -2.919843e+01 8.658803e+01 -1.250000e+02
      vertex   -2.883666e+01 8.673788e+01 -1.250000e+02
    endloop
  endfacet
  facet normal -6.087614e-01 7.933533e-01 0.000000e+00
    outer loop
      vertex   -2.883666e+01 8.673788e+01 -1.290000e+02
      vertex   -2.883666e+01 8.673788e+01 -1.250000e+02
      vertex   -2.852600e+01 8.697626e+01 -1.290000e+02
    endloop
  endfacet
  facet normal -6.087614e-01 7.933533e-01 0.000000e+00
    outer loop
      vertex   -2.852600e+01 8.697626e+01 -1.290000e+02
      vertex   -2.883666e+01 8.673788e+01 -1.250000e+02
      vertex   -2.852600e+01 8.697626e+01 -1.250000e+02
    endloop
  endfacet
  facet normal -7.933533e-01 6.087614e-01 0.000000e+00
    outer loop
      vertex   -2.852600e+01 8.697626e+01 -1.290000e+02
      vertex   -2.852600e+01 8.697626e+01 -1.250000e+02
      vertex   -2.828762e+01 8.728692e+01 -1.290000e+02
    endloop
  endfacet
  facet normal -7.933533e-01 6.087614e-01 0.000000e+00
    outer loop
      vertex   -2.828762e+01 8.728692e+01 -1.290000e+02
      vertex   -2.852600e+01 8.697626e+01 -1.250000e+02
      vertex   -2.828762e+01 8.728692e+01 -1.250000e+02
    endloop
  endfacet
  facet normal -9.238795e-01 3.826834e-01 0.000000e+00
    outer loop
      vertex   -2.828762e+01 8.728692e+01 -1.290000e+02
      vertex   -2.828762e+01 8.728692e+01 -1.250000e+02
      vertex   -2.813777e+01 8.764869e+01 -1.290000e+02
    endloop
  endfacet
  facet normal -9.238795e-01 3.826834e-01 0.000000e+00
    outer loop
      vertex   -2.813777e+01 8.764869e+01 -1.290000e+02
      vertex   -2.828762e+01 8.728692e+01 -1.250000e+02
      vertex   -2.813777e+01 8.764869e+01 -1.250000e+02
    endloop
  endfacet
  facet normal -9.914449e-01 1.305262e-01 0.000000e+00
    outer loop
      vertex   -2.813777e+01 8.764869e+01 -1.290000e+02
      vertex   -2.813777e+01 8.764869e+01 -1.250000e+02
      vertex   -2.808666e+01 8.803692e+01 -1.290000e+02
    endloop
  endfacet
  facet normal -9.914449e-01 1.305262e-01 0.000000e+00
    outer loop
      vertex   -2.808666e+01 8.803692e+01 -1.290000e+02
      vertex   -2.813777e+01 8.764869e+01 -1.250000e+02
      vertex   -2.808666e+01 8.803692e+01 -1.250000e+02
    endloop
  endfacet
  facet normal -0.000000e+00 1.000000e+00 0.000000e+00
    outer loop
      vertex   -3.033666e+01 8.653692e+01 -1.250000e+02
      vertex   -2.958666e+01 8.653692e+01 -1.250000e+02
      vertex   -3.033666e+01 8.653692e+01 -1.290000e+02
    endloop
  endfacet
  facet normal 0.000000e+00 1.000000e+00 0.000000e+00
    outer loop
      vertex   -3.033666e+01 8.653692e+01 -1.290000e+02
      vertex   -2.958666e+01 8.653692e+01 -1.250000e+02
      vertex   -2.958666e+01 8.653692e+01 -1.290000e+02
    endloop
  endfacet
  facet normal 9.914449e-01 1.305262e-01 -0.000000e+00
    outer loop
      vertex   -3.183666e+01 8.803692e+01 -1.290000e+02
      vertex   -3.183666e+01 8.803692e+01 -1.250000e+02
      vertex   -3.178555e+01 8.764869e+01 -1.290000e+02
    endloop
  endfacet
  facet normal 9.914449e-01 1.305262e-01 -0.000000e+00
    outer loop
      vertex   -3.178555e+01 8.764869e+01 -1.290000e+02
      vertex   -3.183666e+01 8.803692e+01 -1.250000e+02
      vertex   -3.178555e+01 8.764869e+01 -1.250000e+02
    endloop
  endfacet
  facet normal 9.238795e-01 3.826834e-01 -0.000000e+00
    outer loop
      vertex   -3.178555e+01 8.764869e+01 -1.290000e+02
      vertex   -3.178555e+01 8.764869e+01 -1.250000e+02
      vertex   -3.163570e+01 8.728692e+01 -1.290000e+02
    endloop
  endfacet
  facet normal 9.238795e-01 3.826834e-01 -0.000000e+00
    outer loop
      vertex   -3.163570e+01 8.728692e+01 -1.290000e+02
      vertex   -3.178555e+01 8.764869e+01 -1.250000e+02
      vertex   -3.163570e+01 8.728692e+01 -1.250000e+02
    endloop
  endfacet
  facet normal 7.933533e-01 6.087614e-01 -0.000000e+00
    outer loop
      vertex   -3.163570e+01 8.728692e+01 -1.290000e+02
      vertex   -3.163570e+01 8.728692e+01 -1.250000e+02
      vertex   -3.139732e+01 8.697626e+01 -1.290000e+02
    endloop
  endfacet
  facet normal 7.933533e-01 6.087614e-01 -0.000000e+00
    outer loop
      vertex   -3.139732e+01 8.697626e+01 -1.290000e+02
      vertex   -3.163570e+01 8.728692e+01 -1.250000e+02
      vertex   -3.139732e+01 8.697626e+01 -1.250000e+02
    endloop
  endfacet
  facet normal 6.087614e-01 7.933533e-01 -0.000000e+00
    outer loop
      vertex   -3.139732e+01 8.697626e+01 -1.290000e+02
      vertex   -3.139732e+01 8.697626e+01 -1.250000e+02
      vertex   -3.108666e+01 8.673788e+01 -1.290000e+02
    endloop
  endfacet
  facet normal 6.087614e-01 7.933533e-01 -0.000000e+00
    outer loop
      vertex   -3.108666e+01 8.673788e+01 -1.290000e+02
      vertex   -3.139732e+01 8.697626e+01 -1.250000e+02
      vertex   -3.108666e+01 8.673788e+01 -1.250000e+02
    endloop
  endfacet
  facet normal 3.826834e-01 9.238795e-01 -0.000000e+00
    outer loop
      vertex   -3.108666e+01 8.673788e+01 -1.290000e+02
      vertex   -3.108666e+01 8.673788e+01 -1.250000e+02
      vertex   -3.072489e+01 8.658803e+01 -1.290000e+02
    endloop
  endfacet
  facet normal 3.826834e-01 9.238795e-01 -0.000000e+00
    outer loop
      vertex   -3.072489e+01 8.658803e+01 -1.290000e+02
      vertex   -3.108666e+01 8.673788e+01 -1.250000e+02
      vertex   -3.072489e+01 8.658803e+01 -1.250000e+02
    endloop
  endfacet
  facet normal 1.305262e-01 9.914449e-01 -0.000000e+00
    outer loop
      vertex   -3.072489e+01 8.658803e+01 -1.290000e+02
      vertex   -3.072489e+01 8.658803e+01 -1.250000e+02
      vertex   -3.033666e+01 8.653692e+01 -1.290000e+02
    endloop
  endfacet
  facet normal 1.305262e-01 9.914449e-01 -0.000000e+00
    outer loop
      vertex   -3.033666e+01 8.653692e+01 -1.290000e+02
      vertex   -3.072489e+01 8.658803e+01 -1.250000e+02
      vertex   -3.033666e+01 8.653692e+01 -1.250000e+02
    endloop
  endfacet
  facet normal 1.000000e+00 0.000000e+00 0.000000e+00
    outer loop
      vertex   -3.183666e+01 1.000369e+02 -1.250000e+02
      vertex   -3.183666e+01 8.803692e+01 -1.250000e+02
      vertex   -3.183666e+01 1.000369e+02 -1.290000e+02
    endloop
  endfacet
  facet normal 1.000000e+00 0.000000e+00 0.000000e+00
    outer loop
      vertex   -3.183666e+01 1.000369e+02 -1.290000e+02
      vertex   -3.183666e+01 8.803692e+01 -1.250000e+02
      vertex   -3.183666e+01 8.803692e+01 -1.290000e+02
    endloop
  endfacet
  facet normal 1.305262e-01 -9.914449e-01 2.465624e-14
    outer loop
      vertex   -3.033666e+01 1.015369e+02 -1.290000e+02
      vertex   -3.033666e+01 1.015369e+02 -1.250000e+02
      vertex   -3.072489e+01 1.014858e+02 -1.290000e+02
    endloop
  endfacet
  facet normal 1.305262e-01 -9.914449e-01 0.000000e+00
    outer loop
      vertex   -3.072489e+01 1.014858e+02 -1.290000e+02
      vertex   -3.033666e+01 1.015369e+02 -1.250000e+02
      vertex   -3.072489e+01 1.014858e+02 -1.250000e+02
    endloop
  endfacet
  facet normal 3.826834e-01 -9.238795e-01 0.000000e+00
    outer loop
      vertex   -3.072489e+01 1.014858e+02 -1.290000e+02
      vertex   -3.072489e+01 1.014858e+02 -1.250000e+02
      vertex   -3.108666e+01 1.013360e+02 -1.290000e+02
    endloop
  endfacet
  facet normal 3.826834e-01 -9.238795e-01 0.000000e+00
    outer loop
      vertex   -3.108666e+01 1.013360e+02 -1.290000e+02
      vertex   -3.072489e+01 1.014858e+02 -1.250000e+02
      vertex   -3.108666e+01 1.013360e+02 -1.250000e+02
    endloop
  endfacet
  facet normal 6.087614e-01 -7.933533e-01 0.000000e+00
    outer loop
      vertex   -3.108666e+01 1.013360e+02 -1.290000e+02
      vertex   -3.108666e+01 1.013360e+02 -1.250000e+02
      vertex   -3.139732e+01 1.010976e+02 -1.290000e+02
    endloop
  endfacet
  facet normal 6.087614e-01 -7.933533e-01 0.000000e+00
    outer loop
      vertex   -3.139732e+01 1.010976e+02 -1.290000e+02
      vertex   -3.108666e+01 1.013360e+02 -1.250000e+02
      vertex   -3.139732e+01 1.010976e+02 -1.250000e+02
    endloop
  endfacet
  facet normal 7.933533e-01 -6.087614e-01 0.000000e+00
    outer loop
      vertex   -3.139732e+01 1.010976e+02 -1.290000e+02
      vertex   -3.139732e+01 1.010976e+02 -1.250000e+02
      vertex   -3.163570e+01 1.007869e+02 -1.290000e+02
    endloop
  endfacet
  facet normal 7.933533e-01 -6.087614e-01 0.000000e+00
    outer loop
      vertex   -3.163570e+01 1.007869e+02 -1.290000e+02
      vertex   -3.139732e+01 1.010976e+02 -1.250000e+02
      vertex   -3.163570e+01 1.007869e+02 -1.250000e+02
    endloop
  endfacet
  facet normal 9.238795e-01 -3.826834e-01 0.000000e+00
    outer loop
      vertex   -3.163570e+01 1.007869e+02 -1.290000e+02
      vertex   -3.163570e+01 1.007869e+02 -1.250000e+02
      vertex   -3.178555e+01 1.004251e+02 -1.290000e+02
    endloop
  endfacet
  facet normal 9.238795e-01 -3.826834e-01 0.000000e+00
    outer loop
      vertex   -3.178555e+01 1.004251e+02 -1.290000e+02
      vertex   -3.163570e+01 1.007869e+02 -1.250000e+02
      vertex   -3.178555e+01 1.004251e+02 -1.250000e+02
    endloop
  endfacet
  facet normal 9.914449e-01 -1.305262e-01 0.000000e+00
    outer loop
      vertex   -3.178555e+01 1.004251e+02 -1.290000e+02
      vertex   -3.178555e+01 1.004251e+02 -1.250000e+02
      vertex   -3.183666e+01 1.000369e+02 -1.290000e+02
    endloop
  endfacet
  facet normal 9.914449e-01 -1.305262e-01 0.000000e+00
    outer loop
      vertex   -3.183666e+01 1.000369e+02 -1.290000e+02
      vertex   -3.178555e+01 1.004251e+02 -1.250000e+02
      vertex   -3.183666e+01 1.000369e+02 -1.250000e+02
    endloop
  endfacet
  facet normal -0.000000e+00 -1.000000e+00 -0.000000e+00
    outer loop
      vertex   -2.958666e+01 1.015369e+02 -1.250000e+02
      vertex   -3.033666e+01 1.015369e+02 -1.250000e+02
      vertex   -2.958666e+01 1.015369e+02 -1.290000e+02
    endloop
  endfacet
  facet normal 1.326346e-13 -1.000000e+00 2.486900e-14
    outer loop
      vertex   -2.958666e+01 1.015369e+02 -1.290000e+02
      vertex   -3.033666e+01 1.015369e+02 -1.250000e+02
      vertex   -3.033666e+01 1.015369e+02 -1.290000e+02
    endloop
  endfacet
  facet normal -9.914449e-01 -1.305262e-01 0.000000e+00
    outer loop
      vertex   -2.808666e+01 1.000369e+02 -1.290000e+02
      vertex   -2.808666e+01 1.000369e+02 -1.250000e+02
      vertex   -2.813777e+01 1.004251e+02 -1.290000e+02
    endloop
  endfacet
  facet normal -9.914449e-01 -1.305262e-01 0.000000e+00
    outer loop
      vertex   -2.813777e+01 1.004251e+02 -1.290000e+02
      vertex   -2.808666e+01 1.000369e+02 -1.250000e+02
      vertex   -2.813777e+01 1.004251e+02 -1.250000e+02
    endloop
  endfacet
  facet normal -9.238795e-01 -3.826834e-01 0.000000e+00
    outer loop
      vertex   -2.813777e+01 1.004251e+02 -1.290000e+02
      vertex   -2.813777e+01 1.004251e+02 -1.250000e+02
      vertex   -2.828762e+01 1.007869e+02 -1.290000e+02
    endloop
  endfacet
  facet normal -9.238795e-01 -3.826834e-01 0.000000e+00
    outer loop
      vertex   -2.828762e+01 1.007869e+02 -1.290000e+02
      vertex   -2.813777e+01 1.004251e+02 -1.250000e+02
      vertex   -2.828762e+01 1.007869e+02 -1.250000e+02
    endloop
  endfacet
  facet normal -7.933533e-01 -6.087614e-01 0.000000e+00
    outer loop
      vertex   -2.828762e+01 1.007869e+02 -1.290000e+02
      vertex   -2.828762e+01 1.007869e+02 -1.250000e+02
      vertex   -2.852600e+01 1.010976e+02 -1.290000e+02
    endloop
  endfacet
  facet normal -7.933533e-01 -6.087614e-01 0.000000e+00
    outer loop
      vertex   -2.852600e+01 1.010976e+02 -1.290000e+02
      vertex   -2.828762e+01 1.007869e+02 -1.250000e+02
      vertex   -2.852600e+01 1.010976e+02 -1.250000e+02
    endloop
  endfacet
  facet normal -6.087614e-01 -7.933533e-01 0.000000e+00
    outer loop
      vertex   -2.852600e+01 1.010976e+02 -1.290000e+02
      vertex   -2.852600e+01 1.010976e+02 -1.250000e+02
      vertex   -2.883666e+01 1.013360e+02 -1.290000e+02
    endloop
  endfacet
  facet normal -6.087614e-01 -7.933533e-01 0.000000e+00
    outer loop
      vertex   -2.883666e+01 1.013360e+02 -1.290000e+02
      vertex   -2.852600e+01 1.010976e+02 -1.250000e+02
      vertex   -2.883666e+01 1.013360e+02 -1.250000e+02
    endloop
  endfacet
  facet normal -3.826834e-01 -9.238795e-01 0.000000e+00
    outer loop
      vertex   -2.883666e+01 1.013360e+02 -1.290000e+02
      vertex   -2.883666e+01 1.013360e+02 -1.250000e+02
      vertex   -2.919843e+01 1.014858e+02 -1.290000e+02
    endloop
  endfacet
  facet normal -3.826834e-01 -9.238795e-01 0.000000e+00
    outer loop
      vertex   -2.919843e+01 1.014858e+02 -1.290000e+02
      vertex   -2.883666e+01 1.013360e+02 -1.250000e+02
      vertex   -2.919843e+01 1.014858e+02 -1.250000e+02
    endloop
  endfacet
  facet normal -1.305262e-01 -9.914449e-01 0.000000e+00
    outer loop
      vertex   -2.919843e+01 1.014858e+02 -1.290000e+02
      vertex   -2.919843e+01 1.014858e+02 -1.250000e+02
      vertex   -2.958666e+01 1.015369e+02 -1.290000e+02
    endloop
  endfacet
  facet normal -1.305262e-01 -9.914449e-01 0.000000e+00
    outer loop
      vertex   -2.958666e+01 1.015369e+02 -1.290000e+02
      vertex   -2.919843e+01 1.014858e+02 -1.250000e+02
      vertex   -2.958666e+01 1.015369e+02 -1.250000e+02
    endloop
  endfacet
  facet normal -1.000000e+00 7.993606e-15 0.000000e+00
    outer loop
      vertex   -2.808666e+01 8.803692e+01 -1.250000e+02
      vertex   -2.808666e+01 1.000369e+02 -1.250000e+02
      vertex   -2.808666e+01 8.803692e+01 -1.290000e+02
    endloop
  endfacet
  facet normal -1.000000e+00 7.993606e-15 0.000000e+00
    outer loop
      vertex   -2.808666e+01 8.803692e+01 -1.290000e+02
      vertex   -2.808666e+01 1.000369e+02 -1.250000e+02
      vertex   -2.808666e+01 1.000369e+02 -1.290000e+02
    endloop
  endfacet
  facet normal 1.000000e+00 0.000000e+00 0.000000e+00
    outer loop
      vertex   -1.904333e+01 9.703692e+01 -1.250000e+02
      vertex   -1.904333e+01 9.103692e+01 -1.250000e+02
      vertex   -1.904333e+01 9.703692e+01 -1.290000e+02
    endloop
  endfacet
  facet normal 1.000000e+00 0.000000e+00 0.000000e+00
    outer loop
      vertex   -1.904333e+01 9.703692e+01 -1.290000e+02
      vertex   -1.904333e+01 9.103692e+01 -1.250000e+02
      vertex   -1.904333e+01 9.103692e+01 -1.290000e+02
    endloop
  endfacet
  facet normal 1.305262e-01 -9.914449e-01 0.000000e+00
    outer loop
      vertex   -1.704333e+01 9.903692e+01 -1.290000e+02
      vertex   -1.704333e+01 9.903692e+01 -1.250000e+02
      vertex   -1.756097e+01 9.896877e+01 -1.290000e+02
    endloop
  endfacet
  facet normal 1.305262e-01 -9.914449e-01 0.000000e+00
    outer loop
      vertex   -1.756097e+01 9.896877e+01 -1.290000e+02
      vertex   -1.704333e+01 9.903692e+01 -1.250000e+02
      vertex   -1.756097e+01 9.896877e+01 -1.250000e+02
    endloop
  endfacet
  facet normal 3.826834e-01 -9.238795e-01 0.000000e+00
    outer loop
      vertex   -1.756097e+01 9.896877e+01 -1.290000e+02
      vertex   -1.756097e+01 9.896877e+01 -1.250000e+02
      vertex   -1.804333e+01 9.876897e+01 -1.290000e+02
    endloop
  endfacet
  facet normal 3.826834e-01 -9.238795e-01 0.000000e+00
    outer loop
      vertex   -1.804333e+01 9.876897e+01 -1.290000e+02
      vertex   -1.756097e+01 9.896877e+01 -1.250000e+02
      vertex   -1.804333e+01 9.876897e+01 -1.250000e+02
    endloop
  endfacet
  facet normal 6.087614e-01 -7.933533e-01 0.000000e+00
    outer loop
      vertex   -1.804333e+01 9.876897e+01 -1.290000e+02
      vertex   -1.804333e+01 9.876897e+01 -1.250000e+02
      vertex   -1.845754e+01 9.845113e+01 -1.290000e+02
    endloop
  endfacet
  facet normal 6.087614e-01 -7.933533e-01 0.000000e+00
    outer loop
      vertex   -1.845754e+01 9.845113e+01 -1.290000e+02
      vertex   -1.804333e+01 9.876897e+01 -1.250000e+02
      vertex   -1.845754e+01 9.845113e+01 -1.250000e+02
    endloop
  endfacet
  facet normal 7.933533e-01 -6.087614e-01 0.000000e+00
    outer loop
      vertex   -1.845754e+01 9.845113e+01 -1.290000e+02
      vertex   -1.845754e+01 9.845113e+01 -1.250000e+02
      vertex   -1.877538e+01 9.803692e+01 -1.290000e+02
    endloop
  endfacet
  facet normal 7.933533e-01 -6.087614e-01 0.000000e+00
    outer loop
      vertex   -1.877538e+01 9.803692e+01 -1.290000e+02
      vertex   -1.845754e+01 9.845113e+01 -1.250000e+02
      vertex   -1.877538e+01 9.803692e+01 -1.250000e+02
    endloop
  endfacet
  facet normal 9.238795e-01 -3.826834e-01 0.000000e+00
    outer loop
      vertex   -1.877538e+01 9.803692e+01 -1.290000e+02
      vertex   -1.877538e+01 9.803692e+01 -1.250000e+02
      vertex   -1.897518e+01 9.755456e+01 -1.290000e+02
    endloop
  endfacet
  facet normal 9.238795e-01 -3.826834e-01 0.000000e+00
    outer loop
      vertex   -1.897518e+01 9.755456e+01 -1.290000e+02
      vertex   -1.877538e+01 9.803692e+01 -1.250000e+02
      vertex   -1.897518e+01 9.755456e+01 -1.250000e+02
    endloop
  endfacet
  facet normal 9.914449e-01 -1.305262e-01 0.000000e+00
    outer loop
      vertex   -1.897518e+01 9.755456e+01 -1.290000e+02
      vertex   -1.897518e+01 9.755456e+01 -1.250000e+02
      vertex   -1.904333e+01 9.703692e+01 -1.290000e+02
    endloop
  endfacet
  facet normal 9.914449e-01 -1.305262e-01 0.000000e+00
    outer loop
      vertex   -1.904333e+01 9.703692e+01 -1.290000e+02
      vertex   -1.897518e+01 9.755456e+01 -1.250000e+02
      vertex   -1.904333e+01 9.703692e+01 -1.250000e+02
    endloop
  endfacet
  facet normal -0.000000e+00 -1.000000e+00 -0.000000e+00
    outer loop
      vertex   -1.104333e+01 9.903692e+01 -1.250000e+02
      vertex   -1.704333e+01 9.903692e+01 -1.250000e+02
      vertex   -1.104333e+01 9.903692e+01 -1.290000e+02
    endloop
  endfacet
  facet normal 0.000000e+00 -1.000000e+00 0.000000e+00
    outer loop
      vertex   -1.104333e+01 9.903692e+01 -1.290000e+02
      vertex   -1.704333e+01 9.903692e+01 -1.250000e+02
      vertex   -1.704333e+01 9.903692e+01 -1.290000e+02
    endloop
  endfacet
  facet normal -9.914449e-01 -1.305262e-01 0.000000e+00
    outer loop
      vertex   -9.043329e+00 9.703692e+01 -1.290000e+02
      vertex   -9.043329e+00 9.703692e+01 -1.250000e+02
      vertex   -9.111477e+00 9.755456e+01 -1.290000e+02
    endloop
  endfacet
  facet normal -9.914449e-01 -1.305262e-01 0.000000e+00
    outer loop
      vertex   -9.111477e+00 9.755456e+01 -1.290000e+02
      vertex   -9.043329e+00 9.703692e+01 -1.250000e+02
      vertex   -9.111477e+00 9.755456e+01 -1.250000e+02
    endloop
  endfacet
  facet normal -9.238795e-01 -3.826834e-01 0.000000e+00
    outer loop
      vertex   -9.111477e+00 9.755456e+01 -1.290000e+02
      vertex   -9.111477e+00 9.755456e+01 -1.250000e+02
      vertex   -9.311278e+00 9.803692e+01 -1.290000e+02
    endloop
  endfacet
  facet normal -9.238795e-01 -3.826834e-01 0.000000e+00
    outer loop
      vertex   -9.311278e+00 9.803692e+01 -1.290000e+02
      vertex   -9.111477e+00 9.755456e+01 -1.250000e+02
      vertex   -9.311278e+00 9.803692e+01 -1.250000e+02
    endloop
  endfacet
  facet normal -7.933533e-01 -6.087614e-01 0.000000e+00
    outer loop
      vertex   -9.311278e+00 9.803692e+01 -1.290000e+02
      vertex   -9.311278e+00 9.803692e+01 -1.250000e+02
      vertex   -9.629115e+00 9.845113e+01 -1.290000e+02
    endloop
  endfacet
  facet normal -7.933533e-01 -6.087614e-01 0.000000e+00
    outer loop
      vertex   -9.629115e+00 9.845113e+01 -1.290000e+02
      vertex   -9.311278e+00 9.803692e+01 -1.250000e+02
      vertex   -9.629115e+00 9.845113e+01 -1.250000e+02
    endloop
  endfacet
  facet normal -6.087614e-01 -7.933533e-01 0.000000e+00
    outer loop
      vertex   -9.629115e+00 9.845113e+01 -1.290000e+02
      vertex   -9.629115e+00 9.845113e+01 -1.250000e+02
      vertex   -1.004333e+01 9.876897e+01 -1.290000e+02
    endloop
  endfacet
  facet normal -6.087614e-01 -7.933533e-01 0.000000e+00
    outer loop
      vertex   -1.004333e+01 9.876897e+01 -1.290000e+02
      vertex   -9.629115e+00 9.845113e+01 -1.250000e+02
      vertex   -1.004333e+01 9.876897e+01 -1.250000e+02
    endloop
  endfacet
  facet normal -3.826834e-01 -9.238795e-01 0.000000e+00
    outer loop
      vertex   -1.004333e+01 9.876897e+01 -1.290000e+02
      vertex   -1.004333e+01 9.876897e+01 -1.250000e+02
      vertex   -1.052569e+01 9.896877e+01 -1.290000e+02
    endloop
  endfacet
  facet normal -3.826834e-01 -9.238795e-01 0.000000e+00
    outer loop
      vertex   -1.052569e+01 9.896877e+01 -1.290000e+02
      vertex   -1.004333e+01 9.876897e+01 -1.250000e+02
      vertex   -1.052569e+01 9.896877e+01 -1.250000e+02
    endloop
  endfacet
  facet normal -1.305262e-01 -9.914449e-01 0.000000e+00
    outer loop
      vertex   -1.052569e+01 9.896877e+01 -1.290000e+02
      vertex   -1.052569e+01 9.896877e+01 -1.250000e+02
      vertex   -1.104333e+01 9.903692e+01 -1.290000e+02
    endloop
  endfacet
  facet normal -1.305262e-01 -9.914449e-01 0.000000e+00
    outer loop
      vertex   -1.104333e+01 9.903692e+01 -1.290000e+02
      vertex   -1.052569e+01 9.896877e+01 -1.250000e+02
      vertex   -1.104333e+01 9.903692e+01 -1.250000e+02
    endloop
  endfacet
  facet normal -1.000000e+00 0.000000e+00 0.000000e+00
    outer loop
      vertex   -9.043329e+00 9.103692e+01 -1.250000e+02
      vertex   -9.043329e+00 9.703692e+01 -1.250000e+02
      vertex   -9.043329e+00 9.103692e+01 -1.290000e+02
    endloop
  endfacet
  facet normal -1.000000e+00 0.000000e+00 0.000000e+00
    outer loop
      vertex   -9.043329e+00 9.103692e+01 -1.290000e+02
      vertex   -9.043329e+00 9.703692e+01 -1.250000e+02
      vertex   -9.043329e+00 9.703692e+01 -1.290000e+02
    endloop
  endfacet
  facet normal -1.305262e-01 9.914449e-01 0.000000e+00
    outer loop
      vertex   -1.104333e+01 8.903692e+01 -1.290000e+02
      vertex   -1.104333e+01 8.903692e+01 -1.250000e+02
      vertex   -1.052569e+01 8.910507e+01 -1.290000e+02
    endloop
  endfacet
  facet normal -1.305262e-01 9.914449e-01 0.000000e+00
    outer loop
      vertex   -1.052569e+01 8.910507e+01 -1.290000e+02
      vertex   -1.104333e+01 8.903692e+01 -1.250000e+02
      vertex   -1.052569e+01 8.910507e+01 -1.250000e+02
    endloop
  endfacet
  facet normal -3.826834e-01 9.238795e-01 0.000000e+00
    outer loop
      vertex   -1.052569e+01 8.910507e+01 -1.290000e+02
      vertex   -1.052569e+01 8.910507e+01 -1.250000e+02
      vertex   -1.004333e+01 8.930487e+01 -1.290000e+02
    endloop
  endfacet
  facet normal -3.826834e-01 9.238795e-01 0.000000e+00
    outer loop
      vertex   -1.004333e+01 8.930487e+01 -1.290000e+02
      vertex   -1.052569e+01 8.910507e+01 -1.250000e+02
      vertex   -1.004333e+01 8.930487e+01 -1.250000e+02
    endloop
  endfacet
  facet normal -6.087614e-01 7.933533e-01 0.000000e+00
    outer loop
      vertex   -1.004333e+01 8.930487e+01 -1.290000e+02
      vertex   -1.004333e+01 8.930487e+01 -1.250000e+02
      vertex   -9.629115e+00 8.962271e+01 -1.290000e+02
    endloop
  endfacet
  facet normal -6.087614e-01 7.933533e-01 0.000000e+00
    outer loop
      vertex   -9.629115e+00 8.962271e+01 -1.290000e+02
      vertex   -1.004333e+01 8.930487e+01 -1.250000e+02
      vertex   -9.629115e+00 8.962271e+01 -1.250000e+02
    endloop
  endfacet
  facet normal -7.933533e-01 6.087614e-01 0.000000e+00
    outer loop
      vertex   -9.629115e+00 8.962271e+01 -1.290000e+02
      vertex   -9.629115e+00 8.962271e+01 -1.250000e+02
      vertex   -9.311278e+00 9.003692e+01 -1.290000e+02
    endloop
  endfacet
  facet normal -7.933533e-01 6.087614e-01 0.000000e+00
    outer loop
      vertex   -9.311278e+00 9.003692e+01 -1.290000e+02
      vertex   -9.629115e+00 8.962271e+01 -1.250000e+02
      vertex   -9.311278e+00 9.003692e+01 -1.250000e+02
    endloop
  endfacet
  facet normal -9.238795e-01 3.826834e-01 0.000000e+00
    outer loop
      vertex   -9.311278e+00 9.003692e+01 -1.290000e+02
      vertex   -9.311278e+00 9.003692e+01 -1.250000e+02
      vertex   -9.111477e+00 9.051928e+01 -1.290000e+02
    endloop
  endfacet
  facet normal -9.238795e-01 3.826834e-01 0.000000e+00
    outer loop
      vertex   -9.111477e+00 9.051928e+01 -1.290000e+02
      vertex   -9.311278e+00 9.003692e+01 -1.250000e+02
      vertex   -9.111477e+00 9.051928e+01 -1.250000e+02
    endloop
  endfacet
  facet normal -9.914449e-01 1.305262e-01 0.000000e+00
    outer loop
      vertex   -9.111477e+00 9.051928e+01 -1.290000e+02
      vertex   -9.111477e+00 9.051928e+01 -1.250000e+02
      vertex   -9.043329e+00 9.103692e+01 -1.290000e+02
    endloop
  endfacet
  facet normal -9.914449e-01 1.305262e-01 0.000000e+00
    outer loop
      vertex   -9.043329e+00 9.103692e+01 -1.290000e+02
      vertex   -9.111477e+00 9.051928e+01 -1.250000e+02
      vertex   -9.043329e+00 9.103692e+01 -1.250000e+02
    endloop
  endfacet
  facet normal -0.000000e+00 1.000000e+00 0.000000e+00
    outer loop
      vertex   -1.704333e+01 8.903692e+01 -1.250000e+02
      vertex   -1.104333e+01 8.903692e+01 -1.250000e+02
      vertex   -1.704333e+01 8.903692e+01 -1.290000e+02
    endloop
  endfacet
  facet normal 0.000000e+00 1.000000e+00 0.000000e+00
    outer loop
      vertex   -1.704333e+01 8.903692e+01 -1.290000e+02
      vertex   -1.104333e+01 8.903692e+01 -1.250000e+02
      vertex   -1.104333e+01 8.903692e+01 -1.290000e+02
    endloop
  endfacet
  facet normal 9.914449e-01 1.305262e-01 -0.000000e+00
    outer loop
      vertex   -1.904333e+01 9.103692e+01 -1.290000e+02
      vertex   -1.904333e+01 9.103692e+01 -1.250000e+02
      vertex   -1.897518e+01 9.051928e+01 -1.290000e+02
    endloop
  endfacet
  facet normal 9.914449e-01 1.305262e-01 -0.000000e+00
    outer loop
      vertex   -1.897518e+01 9.051928e+01 -1.290000e+02
      vertex   -1.904333e+01 9.103692e+01 -1.250000e+02
      vertex   -1.897518e+01 9.051928e+01 -1.250000e+02
    endloop
  endfacet
  facet normal 9.238795e-01 3.826834e-01 -0.000000e+00
    outer loop
      vertex   -1.897518e+01 9.051928e+01 -1.290000e+02
      vertex   -1.897518e+01 9.051928e+01 -1.250000e+02
      vertex   -1.877538e+01 9.003692e+01 -1.290000e+02
    endloop
  endfacet
  facet normal 9.238795e-01 3.826834e-01 -0.000000e+00
    outer loop
      vertex   -1.877538e+01 9.003692e+01 -1.290000e+02
      vertex   -1.897518e+01 9.051928e+01 -1.250000e+02
      vertex   -1.877538e+01 9.003692e+01 -1.250000e+02
    endloop
  endfacet
  facet normal 7.933533e-01 6.087614e-01 -0.000000e+00
    outer loop
      vertex   -1.877538e+01 9.003692e+01 -1.290000e+02
      vertex   -1.877538e+01 9.003692e+01 -1.250000e+02
      vertex   -1.845754e+01 8.962271e+01 -1.290000e+02
    endloop
  endfacet
  facet normal 7.933533e-01 6.087614e-01 -0.000000e+00
    outer loop
      vertex   -1.845754e+01 8.962271e+01 -1.290000e+02
      vertex   -1.877538e+01 9.003692e+01 -1.250000e+02
      vertex   -1.845754e+01 8.962271e+01 -1.250000e+02
    endloop
  endfacet
  facet normal 6.087614e-01 7.933533e-01 -0.000000e+00
    outer loop
      vertex   -1.845754e+01 8.962271e+01 -1.290000e+02
      vertex   -1.845754e+01 8.962271e+01 -1.250000e+02
      vertex   -1.804333e+01 8.930487e+01 -1.290000e+02
    endloop
  endfacet
  facet normal 6.087614e-01 7.933533e-01 -0.000000e+00
    outer loop
      vertex   -1.804333e+01 8.930487e+01 -1.290000e+02
      vertex   -1.845754e+01 8.962271e+01 -1.250000e+02
      vertex   -1.804333e+01 8.930487e+01 -1.250000e+02
    endloop
  endfacet
  facet normal 3.826834e-01 9.238795e-01 -0.000000e+00
    outer loop
      vertex   -1.804333e+01 8.930487e+01 -1.290000e+02
      vertex   -1.804333e+01 8.930487e+01 -1.250000e+02
      vertex   -1.756097e+01 8.910507e+01 -1.290000e+02
    endloop
  endfacet
  facet normal 3.826834e-01 9.238795e-01 -0.000000e+00
    outer loop
      vertex   -1.756097e+01 8.910507e+01 -1.290000e+02
      vertex   -1.804333e+01 8.930487e+01 -1.250000e+02
      vertex   -1.756097e+01 8.910507e+01 -1.250000e+02
    endloop
  endfacet
  facet normal 1.305262e-01 9.914449e-01 -0.000000e+00
    outer loop
      vertex   -1.756097e+01 8.910507e+01 -1.290000e+02
      vertex   -1.756097e+01 8.910507e+01 -1.250000e+02
      vertex   -1.704333e+01 8.903692e+01 -1.290000e+02
    endloop
  endfacet
  facet normal 1.305262e-01 9.914449e-01 -0.000000e+00
    outer loop
      vertex   -1.704333e+01 8.903692e+01 -1.290000e+02
      vertex   -1.756097e+01 8.910507e+01 -1.250000e+02
      vertex   -1.704333e+01 8.903692e+01 -1.250000e+02
    endloop
  endfacet
  facet normal -9.914449e-01 -1.305262e-01 0.000000e+00
    outer loop
      vertex   -1.750000e+01 6.254089e+01 -1.290000e+02
      vertex   -1.750000e+01 6.254089e+01 -1.250000e+02
      vertex   -1.756815e+01 6.305852e+01 -1.290000e+02
    endloop
  endfacet
  facet normal -9.914449e-01 -1.305262e-01 0.000000e+00
    outer loop
      vertex   -1.756815e+01 6.305852e+01 -1.290000e+02
      vertex   -1.750000e+01 6.254089e+01 -1.250000e+02
      vertex   -1.756815e+01 6.305852e+01 -1.250000e+02
    endloop
  endfacet
  facet normal -9.238795e-01 -3.826834e-01 0.000000e+00
    outer loop
      vertex   -1.756815e+01 6.305852e+01 -1.290000e+02
      vertex   -1.756815e+01 6.305852e+01 -1.250000e+02
      vertex   -1.776795e+01 6.354089e+01 -1.290000e+02
    endloop
  endfacet
  facet normal -9.238795e-01 -3.826834e-01 0.000000e+00
    outer loop
      vertex   -1.776795e+01 6.354089e+01 -1.290000e+02
      vertex   -1.756815e+01 6.305852e+01 -1.250000e+02
      vertex   -1.776795e+01 6.354089e+01 -1.250000e+02
    endloop
  endfacet
  facet normal -7.933533e-01 -6.087614e-01 0.000000e+00
    outer loop
      vertex   -1.776795e+01 6.354089e+01 -1.290000e+02
      vertex   -1.776795e+01 6.354089e+01 -1.250000e+02
      vertex   -1.808579e+01 6.395510e+01 -1.290000e+02
    endloop
  endfacet
  facet normal -7.933533e-01 -6.087614e-01 0.000000e+00
    outer loop
      vertex   -1.808579e+01 6.395510e+01 -1.290000e+02
      vertex   -1.776795e+01 6.354089e+01 -1.250000e+02
      vertex   -1.808579e+01 6.395510e+01 -1.250000e+02
    endloop
  endfacet
  facet normal -6.087614e-01 -7.933533e-01 0.000000e+00
    outer loop
      vertex   -1.808579e+01 6.395510e+01 -1.290000e+02
      vertex   -1.808579e+01 6.395510e+01 -1.250000e+02
      vertex   -1.850000e+01 6.427294e+01 -1.290000e+02
    endloop
  endfacet
  facet normal -6.087614e-01 -7.933533e-01 0.000000e+00
    outer loop
      vertex   -1.850000e+01 6.427294e+01 -1.290000e+02
      vertex   -1.808579e+01 6.395510e+01 -1.250000e+02
      vertex   -1.850000e+01 6.427294e+01 -1.250000e+02
    endloop
  endfacet
  facet normal -3.826834e-01 -9.238795e-01 0.000000e+00
    outer loop
      vertex   -1.850000e+01 6.427294e+01 -1.290000e+02
      vertex   -1.850000e+01 6.427294e+01 -1.250000e+02
      vertex   -1.898236e+01 6.447274e+01 -1.290000e+02
    endloop
  endfacet
  facet normal -3.826834e-01 -9.238795e-01 0.000000e+00
    outer loop
      vertex   -1.898236e+01 6.447274e+01 -1.290000e+02
      vertex   -1.850000e+01 6.427294e+01 -1.250000e+02
      vertex   -1.898236e+01 6.447274e+01 -1.250000e+02
    endloop
  endfacet
  facet normal -1.305262e-01 -9.914449e-01 0.000000e+00
    outer loop
      vertex   -1.898236e+01 6.447274e+01 -1.290000e+02
      vertex   -1.898236e+01 6.447274e+01 -1.250000e+02
      vertex   -1.950000e+01 6.454089e+01 -1.290000e+02
    endloop
  endfacet
  facet normal -1.305262e-01 -9.914449e-01 0.000000e+00
    outer loop
      vertex   -1.950000e+01 6.454089e+01 -1.290000e+02
      vertex   -1.898236e+01 6.447274e+01 -1.250000e+02
      vertex   -1.950000e+01 6.454089e+01 -1.250000e+02
    endloop
  endfacet
  facet normal -1.000000e+00 0.000000e+00 0.000000e+00
    outer loop
      vertex   -1.750000e+01 5.561125e+01 -1.250000e+02
      vertex   -1.750000e+01 6.254089e+01 -1.250000e+02
      vertex   -1.750000e+01 5.561125e+01 -1.290000e+02
    endloop
  endfacet
  facet normal -1.000000e+00 0.000000e+00 0.000000e+00
    outer loop
      vertex   -1.750000e+01 5.561125e+01 -1.290000e+02
      vertex   -1.750000e+01 6.254089e+01 -1.250000e+02
      vertex   -1.750000e+01 6.254089e+01 -1.290000e+02
    endloop
  endfacet
  facet normal -6.524795e-01 7.578064e-01 0.000000e+00
    outer loop
      vertex   -1.839060e+01 5.394715e+01 -1.290000e+02
      vertex   -1.839060e+01 5.394715e+01 -1.250000e+02
      vertex   -1.801915e+01 5.426697e+01 -1.290000e+02
    endloop
  endfacet
  facet normal -6.524795e-01 7.578064e-01 0.000000e+00
    outer loop
      vertex   -1.801915e+01 5.426697e+01 -1.290000e+02
      vertex   -1.839060e+01 5.394715e+01 -1.250000e+02
      vertex   -1.801915e+01 5.426697e+01 -1.250000e+02
    endloop
  endfacet
  facet normal -8.172082e-01 5.763426e-01 0.000000e+00
    outer loop
      vertex   -1.801915e+01 5.426697e+01 -1.290000e+02
      vertex   -1.801915e+01 5.426697e+01 -1.250000e+02
      vertex   -1.773665e+01 5.466754e+01 -1.290000e+02
    endloop
  endfacet
  facet normal -8.172082e-01 5.763426e-01 0.000000e+00
    outer loop
      vertex   -1.773665e+01 5.466754e+01 -1.290000e+02
      vertex   -1.801915e+01 5.426697e+01 -1.250000e+02
      vertex   -1.773665e+01 5.466754e+01 -1.250000e+02
    endloop
  endfacet
  facet normal -9.328516e-01 3.602610e-01 0.000000e+00
    outer loop
      vertex   -1.773665e+01 5.466754e+01 -1.290000e+02
      vertex   -1.773665e+01 5.466754e+01 -1.250000e+02
      vertex   -1.756006e+01 5.512479e+01 -1.290000e+02
    endloop
  endfacet
  facet normal -9.328516e-01 3.602610e-01 0.000000e+00
    outer loop
      vertex   -1.756006e+01 5.512479e+01 -1.290000e+02
      vertex   -1.773665e+01 5.466754e+01 -1.250000e+02
      vertex   -1.756006e+01 5.512479e+01 -1.250000e+02
    endloop
  endfacet
  facet normal -9.924635e-01 1.225404e-01 0.000000e+00
    outer loop
      vertex   -1.756006e+01 5.512479e+01 -1.290000e+02
      vertex   -1.756006e+01 5.512479e+01 -1.250000e+02
      vertex   -1.750000e+01 5.561125e+01 -1.290000e+02
    endloop
  endfacet
  facet normal -9.924635e-01 1.225404e-01 0.000000e+00
    outer loop
      vertex   -1.750000e+01 5.561125e+01 -1.290000e+02
      vertex   -1.756006e+01 5.512479e+01 -1.250000e+02
      vertex   -1.750000e+01 5.561125e+01 -1.250000e+02
    endloop
  endfacet
  facet normal -5.547002e-01 8.320503e-01 0.000000e+00
    outer loop
      vertex   -2.939060e+01 4.661382e+01 -1.250000e+02
      vertex   -1.839060e+01 5.394715e+01 -1.250000e+02
      vertex   -2.939060e+01 4.661382e+01 -1.290000e+02
    endloop
  endfacet
  facet normal -5.547002e-01 8.320503e-01 0.000000e+00
    outer loop
      vertex   -2.939060e+01 4.661382e+01 -1.290000e+02
      vertex   -1.839060e+01 5.394715e+01 -1.250000e+02
      vertex   -1.839060e+01 5.394715e+01 -1.290000e+02
    endloop
  endfacet
  facet normal 9.928166e-01 1.196460e-01 -0.000000e+00
    outer loop
      vertex   -3.250000e+01 4.827792e+01 -1.290000e+02
      vertex   -3.250000e+01 4.827792e+01 -1.250000e+02
      vertex   -3.244274e+01 4.780277e+01 -1.290000e+02
    endloop
  endfacet
  facet normal 9.928166e-01 1.196460e-01 -0.000000e+00
    outer loop
      vertex   -3.244274e+01 4.780277e+01 -1.290000e+02
      vertex   -3.250000e+01 4.827792e+01 -1.250000e+02
      vertex   -3.244274e+01 4.780277e+01 -1.250000e+02
    endloop
  endfacet
  facet normal 9.359673e-01 3.520869e-01 -0.000000e+00
    outer loop
      vertex   -3.244274e+01 4.780277e+01 -1.290000e+02
      vertex   -3.244274e+01 4.780277e+01 -1.250000e+02
      vertex   -3.227424e+01 4.735483e+01 -1.290000e+02
    endloop
  endfacet
  facet normal 9.359673e-01 3.520869e-01 -0.000000e+00
    outer loop
      vertex   -3.227424e+01 4.735483e+01 -1.290000e+02
      vertex   -3.244274e+01 4.780277e+01 -1.250000e+02
      vertex   -3.227424e+01 4.735483e+01 -1.250000e+02
    endloop
  endfacet
  facet normal 8.255240e-01 5.643671e-01 -0.000000e+00
    outer loop
      vertex   -3.227424e+01 4.735483e+01 -1.290000e+02
      vertex   -3.227424e+01 4.735483e+01 -1.250000e+02
      vertex   -3.200414e+01 4.695975e+01 -1.290000e+02
    endloop
  endfacet
  facet normal 8.255240e-01 5.643671e-01 -0.000000e+00
    outer loop
      vertex   -3.200414e+01 4.695975e+01 -1.290000e+02
      vertex   -3.227424e+01 4.735483e+01 -1.250000e+02
      vertex   -3.200414e+01 4.695975e+01 -1.250000e+02
    endloop
  endfacet
  facet normal 6.678106e-01 7.443313e-01 -0.000000e+00
    outer loop
      vertex   -3.200414e+01 4.695975e+01 -1.290000e+02
      vertex   -3.200414e+01 4.695975e+01 -1.250000e+02
      vertex   -3.164791e+01 4.664015e+01 -1.290000e+02
    endloop
  endfacet
  facet normal 6.678106e-01 7.443313e-01 -0.000000e+00
    outer loop
      vertex   -3.164791e+01 4.664015e+01 -1.290000e+02
      vertex   -3.200414e+01 4.695975e+01 -1.250000e+02
      vertex   -3.164791e+01 4.664015e+01 -1.250000e+02
    endloop
  endfacet
  facet normal 4.718579e-01 8.816746e-01 -0.000000e+00
    outer loop
      vertex   -3.164791e+01 4.664015e+01 -1.290000e+02
      vertex   -3.164791e+01 4.664015e+01 -1.250000e+02
      vertex   -3.122596e+01 4.641433e+01 -1.290000e+02
    endloop
  endfacet
  facet normal 4.718579e-01 8.816746e-01 -0.000000e+00
    outer loop
      vertex   -3.122596e+01 4.641433e+01 -1.290000e+02
      vertex   -3.164791e+01 4.664015e+01 -1.250000e+02
      vertex   -3.122596e+01 4.641433e+01 -1.250000e+02
    endloop
  endfacet
  facet normal 2.488864e-01 9.685327e-01 -0.000000e+00
    outer loop
      vertex   -3.122596e+01 4.641433e+01 -1.290000e+02
      vertex   -3.122596e+01 4.641433e+01 -1.250000e+02
      vertex   -3.076244e+01 4.629521e+01 -1.290000e+02
    endloop
  endfacet
  facet normal 2.488864e-01 9.685327e-01 -0.000000e+00
    outer loop
      vertex   -3.076244e+01 4.629521e+01 -1.290000e+02
      vertex   -3.122596e+01 4.641433e+01 -1.250000e+02
      vertex   -3.076244e+01 4.629521e+01 -1.250000e+02
    endloop
  endfacet
  facet normal 1.166350e-02 9.999320e-01 -0.000000e+00
    outer loop
      vertex   -3.076244e+01 4.629521e+01 -1.290000e+02
      vertex   -3.076244e+01 4.629521e+01 -1.250000e+02
      vertex   -3.028388e+01 4.628963e+01 -1.290000e+02
    endloop
  endfacet
  facet normal 1.166350e-02 9.999320e-01 -0.000000e+00
    outer loop
      vertex   -3.028388e+01 4.628963e+01 -1.290000e+02
      vertex   -3.076244e+01 4.629521e+01 -1.250000e+02
      vertex   -3.028388e+01 4.628963e+01 -1.250000e+02
    endloop
  endfacet
  facet normal -2.262273e-01 9.740745e-01 0.000000e+00
    outer loop
      vertex   -3.028388e+01 4.628963e+01 -1.290000e+02
      vertex   -3.028388e+01 4.628963e+01 -1.250000e+02
      vertex   -2.981771e+01 4.639790e+01 -1.290000e+02
    endloop
  endfacet
  facet normal -2.262273e-01 9.740745e-01 0.000000e+00
    outer loop
      vertex   -2.981771e+01 4.639790e+01 -1.290000e+02
      vertex   -3.028388e+01 4.628963e+01 -1.250000e+02
      vertex   -2.981771e+01 4.639790e+01 -1.250000e+02
    endloop
  endfacet
  facet normal -4.511641e-01 8.924410e-01 0.000000e+00
    outer loop
      vertex   -2.981771e+01 4.639790e+01 -1.290000e+02
      vertex   -2.981771e+01 4.639790e+01 -1.250000e+02
      vertex   -2.939060e+01 4.661382e+01 -1.290000e+02
    endloop
  endfacet
  facet normal -4.511641e-01 8.924410e-01 0.000000e+00
    outer loop
      vertex   -2.939060e+01 4.661382e+01 -1.290000e+02
      vertex   -2.981771e+01 4.639790e+01 -1.250000e+02
      vertex   -2.939060e+01 4.661382e+01 -1.250000e+02
    endloop
  endfacet
  facet normal 1.000000e+00 0.000000e+00 0.000000e+00
    outer loop
      vertex   -3.250000e+01 6.254089e+01 -1.250000e+02
      vertex   -3.250000e+01 4.827792e+01 -1.250000e+02
      vertex   -3.250000e+01 6.254089e+01 -1.290000e+02
    endloop
  endfacet
  facet normal 1.000000e+00 0.000000e+00 0.000000e+00
    outer loop
      vertex   -3.250000e+01 6.254089e+01 -1.290000e+02
      vertex   -3.250000e+01 4.827792e+01 -1.250000e+02
      vertex   -3.250000e+01 4.827792e+01 -1.290000e+02
    endloop
  endfacet
  facet normal 1.305262e-01 -9.914449e-01 0.000000e+00
    outer loop
      vertex   -3.050000e+01 6.454089e+01 -1.290000e+02
      vertex   -3.050000e+01 6.454089e+01 -1.250000e+02
      vertex   -3.101764e+01 6.447274e+01 -1.290000e+02
    endloop
  endfacet
  facet normal 1.305262e-01 -9.914449e-01 0.000000e+00
    outer loop
      vertex   -3.101764e+01 6.447274e+01 -1.290000e+02
      vertex   -3.050000e+01 6.454089e+01 -1.250000e+02
      vertex   -3.101764e+01 6.447274e+01 -1.250000e+02
    endloop
  endfacet
  facet normal 3.826834e-01 -9.238795e-01 0.000000e+00
    outer loop
      vertex   -3.101764e+01 6.447274e+01 -1.290000e+02
      vertex   -3.101764e+01 6.447274e+01 -1.250000e+02
      vertex   -3.150000e+01 6.427294e+01 -1.290000e+02
    endloop
  endfacet
  facet normal 3.826834e-01 -9.238795e-01 0.000000e+00
    outer loop
      vertex   -3.150000e+01 6.427294e+01 -1.290000e+02
      vertex   -3.101764e+01 6.447274e+01 -1.250000e+02
      vertex   -3.150000e+01 6.427294e+01 -1.250000e+02
    endloop
  endfacet
  facet normal 6.087614e-01 -7.933533e-01 0.000000e+00
    outer loop
      vertex   -3.150000e+01 6.427294e+01 -1.290000e+02
      vertex   -3.150000e+01 6.427294e+01 -1.250000e+02
      vertex   -3.191421e+01 6.395510e+01 -1.290000e+02
    endloop
  endfacet
  facet normal 6.087614e-01 -7.933533e-01 0.000000e+00
    outer loop
      vertex   -3.191421e+01 6.395510e+01 -1.290000e+02
      vertex   -3.150000e+01 6.427294e+01 -1.250000e+02
      vertex   -3.191421e+01 6.395510e+01 -1.250000e+02
    endloop
  endfacet
  facet normal 7.933533e-01 -6.087614e-01 0.000000e+00
    outer loop
      vertex   -3.191421e+01 6.395510e+01 -1.290000e+02
      vertex   -3.191421e+01 6.395510e+01 -1.250000e+02
      vertex   -3.223205e+01 6.354089e+01 -1.290000e+02
    endloop
  endfacet
  facet normal 7.933533e-01 -6.087614e-01 0.000000e+00
    outer loop
      vertex   -3.223205e+01 6.354089e+01 -1.290000e+02
      vertex   -3.191421e+01 6.395510e+01 -1.250000e+02
      vertex   -3.223205e+01 6.354089e+01 -1.250000e+02
    endloop
  endfacet
  facet normal 9.238795e-01 -3.826834e-01 0.000000e+00
    outer loop
      vertex   -3.223205e+01 6.354089e+01 -1.290000e+02
      vertex   -3.223205e+01 6.354089e+01 -1.250000e+02
      vertex   -3.243185e+01 6.305852e+01 -1.290000e+02
    endloop
  endfacet
  facet normal 9.238795e-01 -3.826834e-01 0.000000e+00
    outer loop
      vertex   -3.243185e+01 6.305852e+01 -1.290000e+02
      vertex   -3.223205e+01 6.354089e+01 -1.250000e+02
      vertex   -3.243185e+01 6.305852e+01 -1.250000e+02
    endloop
  endfacet
  facet normal 9.914449e-01 -1.305262e-01 0.000000e+00
    outer loop
      vertex   -3.243185e+01 6.305852e+01 -1.290000e+02
      vertex   -3.243185e+01 6.305852e+01 -1.250000e+02
      vertex   -3.250000e+01 6.254089e+01 -1.290000e+02
    endloop
  endfacet
  facet normal 9.914449e-01 -1.305262e-01 0.000000e+00
    outer loop
      vertex   -3.250000e+01 6.254089e+01 -1.290000e+02
      vertex   -3.243185e+01 6.305852e+01 -1.250000e+02
      vertex   -3.250000e+01 6.254089e+01 -1.250000e+02
    endloop
  endfacet
  facet normal -0.000000e+00 -1.000000e+00 -0.000000e+00
    outer loop
      vertex   -1.950000e+01 6.454089e+01 -1.250000e+02
      vertex   -3.050000e+01 6.454089e+01 -1.250000e+02
      vertex   -1.950000e+01 6.454089e+01 -1.290000e+02
    endloop
  endfacet
  facet normal 0.000000e+00 -1.000000e+00 0.000000e+00
    outer loop
      vertex   -1.950000e+01 6.454089e+01 -1.290000e+02
      vertex   -3.050000e+01 6.454089e+01 -1.250000e+02
      vertex   -3.050000e+01 6.454089e+01 -1.290000e+02
    endloop
  endfacet
  facet normal 6.524795e-01 -7.578064e-01 0.000000e+00
    outer loop
      vertex   -3.160940e+01 4.013462e+01 -1.290000e+02
      vertex   -3.160940e+01 4.013462e+01 -1.250000e+02
      vertex   -3.198085e+01 3.981480e+01 -1.290000e+02
    endloop
  endfacet
  facet normal 6.524795e-01 -7.578064e-01 0.000000e+00
    outer loop
      vertex   -3.198085e+01 3.981480e+01 -1.290000e+02
      vertex   -3.160940e+01 4.013462e+01 -1.250000e+02
      vertex   -3.198085e+01 3.981480e+01 -1.250000e+02
    endloop
  endfacet
  facet normal 8.172082e-01 -5.763426e-01 0.000000e+00
    outer loop
      vertex   -3.198085e+01 3.981480e+01 -1.290000e+02
      vertex   -3.198085e+01 3.981480e+01 -1.250000e+02
      vertex   -3.226335e+01 3.941423e+01 -1.290000e+02
    endloop
  endfacet
  facet normal 8.172082e-01 -5.763426e-01 0.000000e+00
    outer loop
      vertex   -3.226335e+01 3.941423e+01 -1.290000e+02
      vertex   -3.198085e+01 3.981480e+01 -1.250000e+02
      vertex   -3.226335e+01 3.941423e+01 -1.250000e+02
    endloop
  endfacet
  facet normal 9.328516e-01 -3.602610e-01 0.000000e+00
    outer loop
      vertex   -3.226335e+01 3.941423e+01 -1.290000e+02
      vertex   -3.226335e+01 3.941423e+01 -1.250000e+02
      vertex   -3.243994e+01 3.895699e+01 -1.290000e+02
    endloop
  endfacet
  facet normal 9.328516e-01 -3.602610e-01 0.000000e+00
    outer loop
      vertex   -3.243994e+01 3.895699e+01 -1.290000e+02
      vertex   -3.226335e+01 3.941423e+01 -1.250000e+02
      vertex   -3.243994e+01 3.895699e+01 -1.250000e+02
    endloop
  endfacet
  facet normal 9.924635e-01 -1.225404e-01 0.000000e+00
    outer loop
      vertex   -3.243994e+01 3.895699e+01 -1.290000e+02
      vertex   -3.243994e+01 3.895699e+01 -1.250000e+02
      vertex   -3.250000e+01 3.847052e+01 -1.290000e+02
    endloop
  endfacet
  facet normal 9.924635e-01 -1.225404e-01 0.000000e+00
    outer loop
      vertex   -3.250000e+01 3.847052e+01 -1.290000e+02
      vertex   -3.243994e+01 3.895699e+01 -1.250000e+02
      vertex   -3.250000e+01 3.847052e+01 -1.250000e+02
    endloop
  endfacet
  facet normal 5.547002e-01 -8.320503e-01 0.000000e+00
    outer loop
      vertex   -2.060940e+01 4.746795e+01 -1.250000e+02
      vertex   -3.160940e+01 4.013462e+01 -1.250000e+02
      vertex   -2.060940e+01 4.746795e+01 -1.290000e+02
    endloop
  endfacet
  facet normal 5.547002e-01 -8.320503e-01 0.000000e+00
    outer loop
      vertex   -2.060940e+01 4.746795e+01 -1.290000e+02
      vertex   -3.160940e+01 4.013462e+01 -1.250000e+02
      vertex   -3.160940e+01 4.013462e+01 -1.290000e+02
    endloop
  endfacet
  facet normal -9.928166e-01 -1.196460e-01 0.000000e+00
    outer loop
      vertex   -1.750000e+01 4.580385e+01 -1.290000e+02
      vertex   -1.750000e+01 4.580385e+01 -1.250000e+02
      vertex   -1.755726e+01 4.627900e+01 -1.290000e+02
    endloop
  endfacet
  facet normal -9.928166e-01 -1.196460e-01 0.000000e+00
    outer loop
      vertex   -1.755726e+01 4.627900e+01 -1.290000e+02
      vertex   -1.750000e+01 4.580385e+01 -1.250000e+02
      vertex   -1.755726e+01 4.627900e+01 -1.250000e+02
    endloop
  endfacet
  facet normal -9.359673e-01 -3.520869e-01 0.000000e+00
    outer loop
      vertex   -1.755726e+01 4.627900e+01 -1.290000e+02
      vertex   -1.755726e+01 4.627900e+01 -1.250000e+02
      vertex   -1.772576e+01 4.672694e+01 -1.290000e+02
    endloop
  endfacet
  facet normal -9.359673e-01 -3.520869e-01 0.000000e+00
    outer loop
      vertex   -1.772576e+01 4.672694e+01 -1.290000e+02
      vertex   -1.755726e+01 4.627900e+01 -1.250000e+02
      vertex   -1.772576e+01 4.672694e+01 -1.250000e+02
    endloop
  endfacet
  facet normal -8.255240e-01 -5.643671e-01 0.000000e+00
    outer loop
      vertex   -1.772576e+01 4.672694e+01 -1.290000e+02
      vertex   -1.772576e+01 4.672694e+01 -1.250000e+02
      vertex   -1.799586e+01 4.712202e+01 -1.290000e+02
    endloop
  endfacet
  facet normal -8.255240e-01 -5.643671e-01 0.000000e+00
    outer loop
      vertex   -1.799586e+01 4.712202e+01 -1.290000e+02
      vertex   -1.772576e+01 4.672694e+01 -1.250000e+02
      vertex   -1.799586e+01 4.712202e+01 -1.250000e+02
    endloop
  endfacet
  facet normal -6.678106e-01 -7.443313e-01 0.000000e+00
    outer loop
      vertex   -1.799586e+01 4.712202e+01 -1.290000e+02
      vertex   -1.799586e+01 4.712202e+01 -1.250000e+02
      vertex   -1.835209e+01 4.744162e+01 -1.290000e+02
    endloop
  endfacet
  facet normal -6.678106e-01 -7.443313e-01 0.000000e+00
    outer loop
      vertex   -1.835209e+01 4.744162e+01 -1.290000e+02
      vertex   -1.799586e+01 4.712202e+01 -1.250000e+02
      vertex   -1.835209e+01 4.744162e+01 -1.250000e+02
    endloop
  endfacet
  facet normal -4.718579e-01 -8.816746e-01 0.000000e+00
    outer loop
      vertex   -1.835209e+01 4.744162e+01 -1.290000e+02
      vertex   -1.835209e+01 4.744162e+01 -1.250000e+02
      vertex   -1.877404e+01 4.766745e+01 -1.290000e+02
    endloop
  endfacet
  facet normal -4.718579e-01 -8.816746e-01 0.000000e+00
    outer loop
      vertex   -1.877404e+01 4.766745e+01 -1.290000e+02
      vertex   -1.835209e+01 4.744162e+01 -1.250000e+02
      vertex   -1.877404e+01 4.766745e+01 -1.250000e+02
    endloop
  endfacet
  facet normal -2.488864e-01 -9.685327e-01 0.000000e+00
    outer loop
      vertex   -1.877404e+01 4.766745e+01 -1.290000e+02
      vertex   -1.877404e+01 4.766745e+01 -1.250000e+02
      vertex   -1.923756e+01 4.778656e+01 -1.290000e+02
    endloop
  endfacet
  facet normal -2.488864e-01 -9.685327e-01 0.000000e+00
    outer loop
      vertex   -1.923756e+01 4.778656e+01 -1.290000e+02
      vertex   -1.877404e+01 4.766745e+01 -1.250000e+02
      vertex   -1.923756e+01 4.778656e+01 -1.250000e+02
    endloop
  endfacet
  facet normal -1.166350e-02 -9.999320e-01 0.000000e+00
    outer loop
      vertex   -1.923756e+01 4.778656e+01 -1.290000e+02
      vertex   -1.923756e+01 4.778656e+01 -1.250000e+02
      vertex   -1.971612e+01 4.779214e+01 -1.290000e+02
    endloop
  endfacet
  facet normal -1.166350e-02 -9.999320e-01 0.000000e+00
    outer loop
      vertex   -1.971612e+01 4.779214e+01 -1.290000e+02
      vertex   -1.923756e+01 4.778656e+01 -1.250000e+02
      vertex   -1.971612e+01 4.779214e+01 -1.250000e+02
    endloop
  endfacet
  facet normal 2.262273e-01 -9.740745e-01 0.000000e+00
    outer loop
      vertex   -1.971612e+01 4.779214e+01 -1.290000e+02
      vertex   -1.971612e+01 4.779214e+01 -1.250000e+02
      vertex   -2.018229e+01 4.768387e+01 -1.290000e+02
    endloop
  endfacet
  facet normal 2.262273e-01 -9.740745e-01 0.000000e+00
    outer loop
      vertex   -2.018229e+01 4.768387e+01 -1.290000e+02
      vertex   -1.971612e+01 4.779214e+01 -1.250000e+02
      vertex   -2.018229e+01 4.768387e+01 -1.250000e+02
    endloop
  endfacet
  facet normal 4.511641e-01 -8.924410e-01 0.000000e+00
    outer loop
      vertex   -2.018229e+01 4.768387e+01 -1.290000e+02
      vertex   -2.018229e+01 4.768387e+01 -1.250000e+02
      vertex   -2.060940e+01 4.746795e+01 -1.290000e+02
    endloop
  endfacet
  facet normal 4.511641e-01 -8.924410e-01 0.000000e+00
    outer loop
      vertex   -2.060940e+01 4.746795e+01 -1.290000e+02
      vertex   -2.018229e+01 4.768387e+01 -1.250000e+02
      vertex   -2.060940e+01 4.746795e+01 -1.250000e+02
    endloop
  endfacet
  facet normal -1.000000e+00 0.000000e+00 0.000000e+00
    outer loop
      vertex   -1.750000e+01 2.827792e+01 -1.250000e+02
      vertex   -1.750000e+01 4.580385e+01 -1.250000e+02
      vertex   -1.750000e+01 2.827792e+01 -1.290000e+02
    endloop
  endfacet
  facet normal -1.000000e+00 0.000000e+00 0.000000e+00
    outer loop
      vertex   -1.750000e+01 2.827792e+01 -1.290000e+02
      vertex   -1.750000e+01 4.580385e+01 -1.250000e+02
      vertex   -1.750000e+01 4.580385e+01 -1.290000e+02
    endloop
  endfacet
  facet normal 4.511641e-01 8.924410e-01 -0.000000e+00
    outer loop
      vertex   -2.060940e+01 2.661382e+01 -1.290000e+02
      vertex   -2.060940e+01 2.661382e+01 -1.250000e+02
      vertex   -2.018229e+01 2.639790e+01 -1.290000e+02
    endloop
  endfacet
  facet normal 4.511641e-01 8.924410e-01 -0.000000e+00
    outer loop
      vertex   -2.018229e+01 2.639790e+01 -1.290000e+02
      vertex   -2.060940e+01 2.661382e+01 -1.250000e+02
      vertex   -2.018229e+01 2.639790e+01 -1.250000e+02
    endloop
  endfacet
  facet normal 2.262273e-01 9.740745e-01 -0.000000e+00
    outer loop
      vertex   -2.018229e+01 2.639790e+01 -1.290000e+02
      vertex   -2.018229e+01 2.639790e+01 -1.250000e+02
      vertex   -1.971612e+01 2.628963e+01 -1.290000e+02
    endloop
  endfacet
  facet normal 2.262273e-01 9.740745e-01 -0.000000e+00
    outer loop
      vertex   -1.971612e+01 2.628963e+01 -1.290000e+02
      vertex   -2.018229e+01 2.639790e+01 -1.250000e+02
      vertex   -1.971612e+01 2.628963e+01 -1.250000e+02
    endloop
  endfacet
  facet normal -1.166350e-02 9.999320e-01 0.000000e+00
    outer loop
      vertex   -1.971612e+01 2.628963e+01 -1.290000e+02
      vertex   -1.971612e+01 2.628963e+01 -1.250000e+02
      vertex   -1.923756e+01 2.629521e+01 -1.290000e+02
    endloop
  endfacet
  facet normal -1.166350e-02 9.999320e-01 0.000000e+00
    outer loop
      vertex   -1.923756e+01 2.629521e+01 -1.290000e+02
      vertex   -1.971612e+01 2.628963e+01 -1.250000e+02
      vertex   -1.923756e+01 2.629521e+01 -1.250000e+02
    endloop
  endfacet
  facet normal -2.488864e-01 9.685327e-01 0.000000e+00
    outer loop
      vertex   -1.923756e+01 2.629521e+01 -1.290000e+02
      vertex   -1.923756e+01 2.629521e+01 -1.250000e+02
      vertex   -1.877404e+01 2.641433e+01 -1.290000e+02
    endloop
  endfacet
  facet normal -2.488864e-01 9.685327e-01 0.000000e+00
    outer loop
      vertex   -1.877404e+01 2.641433e+01 -1.290000e+02
      vertex   -1.923756e+01 2.629521e+01 -1.250000e+02
      vertex   -1.877404e+01 2.641433e+01 -1.250000e+02
    endloop
  endfacet
  facet normal -4.718579e-01 8.816746e-01 0.000000e+00
    outer loop
      vertex   -1.877404e+01 2.641433e+01 -1.290000e+02
      vertex   -1.877404e+01 2.641433e+01 -1.250000e+02
      vertex   -1.835209e+01 2.664015e+01 -1.290000e+02
    endloop
  endfacet
  facet normal -4.718579e-01 8.816746e-01 0.000000e+00
    outer loop
      vertex   -1.835209e+01 2.664015e+01 -1.290000e+02
      vertex   -1.877404e+01 2.641433e+01 -1.250000e+02
      vertex   -1.835209e+01 2.664015e+01 -1.250000e+02
    endloop
  endfacet
  facet normal -6.678106e-01 7.443313e-01 0.000000e+00
    outer loop
      vertex   -1.835209e+01 2.664015e+01 -1.290000e+02
      vertex   -1.835209e+01 2.664015e+01 -1.250000e+02
      vertex   -1.799586e+01 2.695975e+01 -1.290000e+02
    endloop
  endfacet
  facet normal -6.678106e-01 7.443313e-01 0.000000e+00
    outer loop
      vertex   -1.799586e+01 2.695975e+01 -1.290000e+02
      vertex   -1.835209e+01 2.664015e+01 -1.250000e+02
      vertex   -1.799586e+01 2.695975e+01 -1.250000e+02
    endloop
  endfacet
  facet normal -8.255240e-01 5.643671e-01 0.000000e+00
    outer loop
      vertex   -1.799586e+01 2.695975e+01 -1.290000e+02
      vertex   -1.799586e+01 2.695975e+01 -1.250000e+02
      vertex   -1.772576e+01 2.735483e+01 -1.290000e+02
    endloop
  endfacet
  facet normal -8.255240e-01 5.643671e-01 0.000000e+00
    outer loop
      vertex   -1.772576e+01 2.735483e+01 -1.290000e+02
      vertex   -1.799586e+01 2.695975e+01 -1.250000e+02
      vertex   -1.772576e+01 2.735483e+01 -1.250000e+02
    endloop
  endfacet
  facet normal -9.359673e-01 3.520869e-01 0.000000e+00
    outer loop
      vertex   -1.772576e+01 2.735483e+01 -1.290000e+02
      vertex   -1.772576e+01 2.735483e+01 -1.250000e+02
      vertex   -1.755726e+01 2.780277e+01 -1.290000e+02
    endloop
  endfacet
  facet normal -9.359673e-01 3.520869e-01 0.000000e+00
    outer loop
      vertex   -1.755726e+01 2.780277e+01 -1.290000e+02
      vertex   -1.772576e+01 2.735483e+01 -1.250000e+02
      vertex   -1.755726e+01 2.780277e+01 -1.250000e+02
    endloop
  endfacet
  facet normal -9.928166e-01 1.196460e-01 0.000000e+00
    outer loop
      vertex   -1.755726e+01 2.780277e+01 -1.290000e+02
      vertex   -1.755726e+01 2.780277e+01 -1.250000e+02
      vertex   -1.750000e+01 2.827792e+01 -1.290000e+02
    endloop
  endfacet
  facet normal -9.928166e-01 1.196460e-01 0.000000e+00
    outer loop
      vertex   -1.750000e+01 2.827792e+01 -1.290000e+02
      vertex   -1.755726e+01 2.780277e+01 -1.250000e+02
      vertex   -1.750000e+01 2.827792e+01 -1.250000e+02
    endloop
  endfacet
  facet normal 5.547002e-01 8.320503e-01 0.000000e+00
    outer loop
      vertex   -3.160940e+01 3.394715e+01 -1.250000e+02
      vertex   -2.060940e+01 2.661382e+01 -1.250000e+02
      vertex   -3.160940e+01 3.394715e+01 -1.290000e+02
    endloop
  endfacet
  facet normal 5.547002e-01 8.320503e-01 0.000000e+00
    outer loop
      vertex   -3.160940e+01 3.394715e+01 -1.290000e+02
      vertex   -2.060940e+01 2.661382e+01 -1.250000e+02
      vertex   -2.060940e+01 2.661382e+01 -1.290000e+02
    endloop
  endfacet
  facet normal 9.924635e-01 1.225404e-01 -0.000000e+00
    outer loop
      vertex   -3.250000e+01 3.561125e+01 -1.290000e+02
      vertex   -3.250000e+01 3.561125e+01 -1.250000e+02
      vertex   -3.243994e+01 3.512479e+01 -1.290000e+02
    endloop
  endfacet
  facet normal 9.924635e-01 1.225404e-01 -0.000000e+00
    outer loop
      vertex   -3.243994e+01 3.512479e+01 -1.290000e+02
      vertex   -3.250000e+01 3.561125e+01 -1.250000e+02
      vertex   -3.243994e+01 3.512479e+01 -1.250000e+02
    endloop
  endfacet
  facet normal 9.328516e-01 3.602610e-01 -0.000000e+00
    outer loop
      vertex   -3.243994e+01 3.512479e+01 -1.290000e+02
      vertex   -3.243994e+01 3.512479e+01 -1.250000e+02
      vertex   -3.226335e+01 3.466754e+01 -1.290000e+02
    endloop
  endfacet
  facet normal 9.328516e-01 3.602610e-01 -0.000000e+00
    outer loop
      vertex   -3.226335e+01 3.466754e+01 -1.290000e+02
      vertex   -3.243994e+01 3.512479e+01 -1.250000e+02
      vertex   -3.226335e+01 3.466754e+01 -1.250000e+02
    endloop
  endfacet
  facet normal 8.172082e-01 5.763426e-01 -0.000000e+00
    outer loop
      vertex   -3.226335e+01 3.466754e+01 -1.290000e+02
      vertex   -3.226335e+01 3.466754e+01 -1.250000e+02
      vertex   -3.198085e+01 3.426697e+01 -1.290000e+02
    endloop
  endfacet
  facet normal 8.172082e-01 5.763426e-01 -0.000000e+00
    outer loop
      vertex   -3.198085e+01 3.426697e+01 -1.290000e+02
      vertex   -3.226335e+01 3.466754e+01 -1.250000e+02
      vertex   -3.198085e+01 3.426697e+01 -1.250000e+02
    endloop
  endfacet
  facet normal 6.524795e-01 7.578064e-01 -0.000000e+00
    outer loop
      vertex   -3.198085e+01 3.426697e+01 -1.290000e+02
      vertex   -3.198085e+01 3.426697e+01 -1.250000e+02
      vertex   -3.160940e+01 3.394715e+01 -1.290000e+02
    endloop
  endfacet
  facet normal 6.524795e-01 7.578064e-01 -0.000000e+00
    outer loop
      vertex   -3.160940e+01 3.394715e+01 -1.290000e+02
      vertex   -3.198085e+01 3.426697e+01 -1.250000e+02
      vertex   -3.160940e+01 3.394715e+01 -1.250000e+02
    endloop
  endfacet
  facet normal 1.000000e+00 0.000000e+00 0.000000e+00
    outer loop
      vertex   -3.250000e+01 3.847052e+01 -1.250000e+02
      vertex   -3.250000e+01 3.561125e+01 -1.250000e+02
      vertex   -3.250000e+01 3.847052e+01 -1.290000e+02
    endloop
  endfacet
  facet normal 1.000000e+00 0.000000e+00 0.000000e+00
    outer loop
      vertex   -3.250000e+01 3.847052e+01 -1.290000e+02
      vertex   -3.250000e+01 3.561125e+01 -1.250000e+02
      vertex   -3.250000e+01 3.561125e+01 -1.290000e+02
    endloop
  endfacet
  facet normal 1.238773e-01 -9.922975e-01 0.000000e+00
    outer loop
      vertex   -1.587189e+01 1.341144e+02 -1.290000e+02
      vertex   -1.587189e+01 1.341144e+02 -1.270000e+02
      vertex   -1.636358e+01 1.340530e+02 -1.290000e+02
    endloop
  endfacet
  facet normal 1.238773e-01 -9.922975e-01 0.000000e+00
    outer loop
      vertex   -1.636358e+01 1.340530e+02 -1.290000e+02
      vertex   -1.587189e+01 1.341144e+02 -1.270000e+02
      vertex   -1.636358e+01 1.340530e+02 -1.270000e+02
    endloop
  endfacet
  facet normal 3.640280e-01 -9.313880e-01 0.000000e+00
    outer loop
      vertex   -1.636358e+01 1.340530e+02 -1.290000e+02
      vertex   -1.636358e+01 1.340530e+02 -1.270000e+02
      vertex   -1.682510e+01 1.338726e+02 -1.290000e+02
    endloop
  endfacet
  facet normal 3.640280e-01 -9.313880e-01 0.000000e+00
    outer loop
      vertex   -1.682510e+01 1.338726e+02 -1.290000e+02
      vertex   -1.636358e+01 1.340530e+02 -1.270000e+02
      vertex   -1.682510e+01 1.338726e+02 -1.270000e+02
    endloop
  endfacet
  facet normal 5.818338e-01 -8.133077e-01 0.000000e+00
    outer loop
      vertex   -1.682510e+01 1.338726e+02 -1.290000e+02
      vertex   -1.682510e+01 1.338726e+02 -1.270000e+02
      vertex   -1.722810e+01 1.335843e+02 -1.290000e+02
    endloop
  endfacet
  facet normal 5.818338e-01 -8.133077e-01 1.033545e-15
    outer loop
      vertex   -1.722810e+01 1.335843e+02 -1.290000e+02
      vertex   -1.682510e+01 1.338726e+02 -1.270000e+02
      vertex   -1.722810e+01 1.335843e+02 -1.270000e+02
    endloop
  endfacet
  facet normal 7.639253e-01 -6.453047e-01 1.357005e-15
    outer loop
      vertex   -1.722810e+01 1.335843e+02 -1.290000e+02
      vertex   -1.722810e+01 1.335843e+02 -1.270000e+02
      vertex   -1.754785e+01 1.332058e+02 -1.290000e+02
    endloop
  endfacet
  facet normal 7.639253e-01 -6.453047e-01 0.000000e+00
    outer loop
      vertex   -1.754785e+01 1.332058e+02 -1.290000e+02
      vertex   -1.722810e+01 1.335843e+02 -1.270000e+02
      vertex   -1.754785e+01 1.332058e+02 -1.270000e+02
    endloop
  endfacet
  facet normal 8.991253e-01 -4.376914e-01 0.000000e+00
    outer loop
      vertex   -1.754785e+01 1.332058e+02 -1.290000e+02
      vertex   -1.754785e+01 1.332058e+02 -1.270000e+02
      vertex   -1.776473e+01 1.327602e+02 -1.290000e+02
    endloop
  endfacet
  facet normal 8.991253e-01 -4.376914e-01 0.000000e+00
    outer loop
      vertex   -1.776473e+01 1.327602e+02 -1.290000e+02
      vertex   -1.754785e+01 1.332058e+02 -1.270000e+02
      vertex   -1.776473e+01 1.327602e+02 -1.270000e+02
    endloop
  endfacet
  facet normal 9.791349e-01 -2.032115e-01 0.000000e+00
    outer loop
      vertex   -1.776473e+01 1.327602e+02 -1.290000e+02
      vertex   -1.776473e+01 1.327602e+02 -1.270000e+02
      vertex   -1.786542e+01 1.322751e+02 -1.290000e+02
    endloop
  endfacet
  facet normal 9.791349e-01 -2.032115e-01 0.000000e+00
    outer loop
      vertex   -1.786542e+01 1.322751e+02 -1.290000e+02
      vertex   -1.776473e+01 1.327602e+02 -1.270000e+02
      vertex   -1.786542e+01 1.322751e+02 -1.270000e+02
    endloop
  endfacet
  facet normal 9.990429e-01 4.374192e-02 -0.000000e+00
    outer loop
      vertex   -1.786542e+01 1.322751e+02 -1.290000e+02
      vertex   -1.786542e+01 1.322751e+02 -1.270000e+02
      vertex   -1.784375e+01 1.317800e+02 -1.290000e+02
    endloop
  endfacet
  facet normal 9.990429e-01 4.374192e-02 -0.000000e+00
    outer loop
      vertex   -1.784375e+01 1.317800e+02 -1.290000e+02
      vertex   -1.786542e+01 1.322751e+02 -1.270000e+02
      vertex   -1.784375e+01 1.317800e+02 -1.270000e+02
    endloop
  endfacet
  facet normal 9.576273e-01 2.880104e-01 -0.000000e+00
    outer loop
      vertex   -1.784375e+01 1.317800e+02 -1.290000e+02
      vertex   -1.784375e+01 1.317800e+02 -1.270000e+02
      vertex   -1.770104e+01 1.313055e+02 -1.290000e+02
    endloop
  endfacet
  facet normal 9.576273e-01 2.880104e-01 -0.000000e+00
    outer loop
      vertex   -1.770104e+01 1.313055e+02 -1.290000e+02
      vertex   -1.784375e+01 1.317800e+02 -1.270000e+02
      vertex   -1.770104e+01 1.313055e+02 -1.270000e+02
    endloop
  endfacet
  facet normal 8.574303e-01 5.146001e-01 -0.000000e+00
    outer loop
      vertex   -1.770104e+01 1.313055e+02 -1.290000e+02
      vertex   -1.770104e+01 1.313055e+02 -1.270000e+02
      vertex   -1.744605e+01 1.308807e+02 -1.290000e+02
    endloop
  endfacet
  facet normal 8.574303e-01 5.146001e-01 -0.000000e+00
    outer loop
      vertex   -1.744605e+01 1.308807e+02 -1.290000e+02
      vertex   -1.770104e+01 1.313055e+02 -1.270000e+02
      vertex   -1.744605e+01 1.308807e+02 -1.270000e+02
    endloop
  endfacet
  facet normal -0.000000e+00 1.000000e+00 0.000000e+00
    outer loop
      vertex   -4.026406e+00 1.150000e+02 -1.270000e+02
      vertex   4.026406e+00 1.150000e+02 -1.270000e+02
      vertex   -4.026406e+00 1.150000e+02 -1.290000e+02
    endloop
  endfacet
  facet normal 0.000000e+00 1.000000e+00 0.000000e+00
    outer loop
      vertex   -4.026406e+00 1.150000e+02 -1.290000e+02
      vertex   4.026406e+00 1.150000e+02 -1.270000e+02
      vertex   4.026406e+00 1.150000e+02 -1.290000e+02
    endloop
  endfacet
  facet normal 7.123223e-01 7.018525e-01 3.479684e-15
    outer loop
      vertex   -5.600564e+00 1.157663e+02 -1.290000e+02
      vertex   -5.600564e+00 1.157663e+02 -1.270000e+02
      vertex   -5.283283e+00 1.154443e+02 -1.290000e+02
    endloop
  endfacet
  facet normal 7.123223e-01 7.018525e-01 1.581675e-15
    outer loop
      vertex   -5.283283e+00 1.154443e+02 -1.290000e+02
      vertex   -5.600564e+00 1.157663e+02 -1.270000e+02
      vertex   -5.283283e+00 1.154443e+02 -1.270000e+02
    endloop
  endfacet
  facet normal 5.365022e-01 8.438989e-01 1.191275e-15
    outer loop
      vertex   -5.283283e+00 1.154443e+02 -1.290000e+02
      vertex   -5.283283e+00 1.154443e+02 -1.270000e+02
      vertex   -4.901789e+00 1.152017e+02 -1.290000e+02
    endloop
  endfacet
  facet normal 5.365022e-01 8.438989e-01 7.147651e-16
    outer loop
      vertex   -4.901789e+00 1.152017e+02 -1.290000e+02
      vertex   -5.283283e+00 1.154443e+02 -1.270000e+02
      vertex   -4.901789e+00 1.152017e+02 -1.270000e+02
    endloop
  endfacet
  facet normal 3.332722e-01 9.428307e-01 4.440082e-16
    outer loop
      vertex   -4.901789e+00 1.152017e+02 -1.290000e+02
      vertex   -4.901789e+00 1.152017e+02 -1.270000e+02
      vertex   -4.475572e+00 1.150511e+02 -1.290000e+02
    endloop
  endfacet
  facet normal 3.332722e-01 9.428307e-01 1.480027e-16
    outer loop
      vertex   -4.475572e+00 1.150511e+02 -1.290000e+02
      vertex   -4.901789e+00 1.152017e+02 -1.270000e+02
      vertex   -4.475572e+00 1.150511e+02 -1.270000e+02
    endloop
  endfacet
  facet normal 1.130154e-01 9.935932e-01 5.018896e-17
    outer loop
      vertex   -4.475572e+00 1.150511e+02 -1.290000e+02
      vertex   -4.475572e+00 1.150511e+02 -1.270000e+02
      vertex   -4.026406e+00 1.150000e+02 -1.290000e+02
    endloop
  endfacet
  facet normal 1.130154e-01 9.935932e-01 -0.000000e+00
    outer loop
      vertex   -4.026406e+00 1.150000e+02 -1.290000e+02
      vertex   -4.475572e+00 1.150511e+02 -1.270000e+02
      vertex   -4.026406e+00 1.150000e+02 -1.270000e+02
    endloop
  endfacet
  facet normal 7.870787e-01 6.168525e-01 0.000000e+00
    outer loop
      vertex   -1.744605e+01 1.308807e+02 -1.270000e+02
      vertex   -5.600564e+00 1.157663e+02 -1.270000e+02
      vertex   -1.744605e+01 1.308807e+02 -1.290000e+02
    endloop
  endfacet
  facet normal 7.870787e-01 6.168525e-01 4.440178e-15
    outer loop
      vertex   -1.744605e+01 1.308807e+02 -1.290000e+02
      vertex   -5.600564e+00 1.157663e+02 -1.270000e+02
      vertex   -5.600564e+00 1.157663e+02 -1.290000e+02
    endloop
  endfacet
  facet normal -1.000000e+00 -0.000000e+00 -0.000000e+00
    outer loop
      vertex   -7.000000e+01 1.560000e+02 -1.270000e+02
      vertex   -7.000000e+01 1.560000e+02 -1.290000e+02
      vertex   -7.000000e+01 1.060000e+02 -1.270000e+02
    endloop
  endfacet
  facet normal -1.000000e+00 0.000000e+00 -0.000000e+00
    outer loop
      vertex   -7.000000e+01 1.060000e+02 -1.270000e+02
      vertex   -7.000000e+01 1.560000e+02 -1.290000e+02
      vertex   -7.000000e+01 9.281025e+01 -1.290000e+02
    endloop
  endfacet
  facet normal -1.000000e+00 -0.000000e+00 0.000000e+00
    outer loop
      vertex   -7.000000e+01 1.060000e+02 -1.270000e+02
      vertex   -7.000000e+01 9.281025e+01 -1.290000e+02
      vertex   -7.000000e+01 9.281025e+01 -1.250000e+02
    endloop
  endfacet
  facet normal -1.000000e+00 0.000000e+00 0.000000e+00
    outer loop
      vertex   -7.000000e+01 9.281025e+01 -1.250000e+02
      vertex   -7.000000e+01 1.060000e+02 -1.250000e+02
      vertex   -7.000000e+01 1.060000e+02 -1.270000e+02
    endloop
  endfacet
  facet normal -7.049439e-01 -7.092630e-01 0.000000e+00
    outer loop
      vertex   -6.784111e+01 8.820092e+01 -1.290000e+02
      vertex   -6.784111e+01 8.820092e+01 -1.250000e+02
      vertex   -6.858578e+01 8.894106e+01 -1.290000e+02
    endloop
  endfacet
  facet normal -7.049439e-01 -7.092630e-01 0.000000e+00
    outer loop
      vertex   -6.858578e+01 8.894106e+01 -1.290000e+02
      vertex   -6.784111e+01 8.820092e+01 -1.250000e+02
      vertex   -6.858578e+01 8.894106e+01 -1.250000e+02
    endloop
  endfacet
  facet normal -8.177873e-01 -5.755206e-01 0.000000e+00
    outer loop
      vertex   -6.858578e+01 8.894106e+01 -1.290000e+02
      vertex   -6.858578e+01 8.894106e+01 -1.250000e+02
      vertex   -6.919003e+01 8.979968e+01 -1.290000e+02
    endloop
  endfacet
  facet normal -8.177873e-01 -5.755206e-01 0.000000e+00
    outer loop
      vertex   -6.919003e+01 8.979968e+01 -1.290000e+02
      vertex   -6.858578e+01 8.894106e+01 -1.250000e+02
      vertex   -6.919003e+01 8.979968e+01 -1.250000e+02
    endloop
  endfacet
  facet normal -9.055894e-01 -4.241554e-01 0.000000e+00
    outer loop
      vertex   -6.919003e+01 8.979968e+01 -1.290000e+02
      vertex   -6.919003e+01 8.979968e+01 -1.250000e+02
      vertex   -6.963537e+01 9.075048e+01 -1.290000e+02
    endloop
  endfacet
  facet normal -9.055894e-01 -4.241554e-01 0.000000e+00
    outer loop
      vertex   -6.963537e+01 9.075048e+01 -1.290000e+02
      vertex   -6.919003e+01 8.979968e+01 -1.250000e+02
      vertex   -6.963537e+01 9.075048e+01 -1.250000e+02
    endloop
  endfacet
  facet normal -9.656618e-01 -2.598022e-01 0.000000e+00
    outer loop
      vertex   -6.963537e+01 9.075048e+01 -1.290000e+02
      vertex   -6.963537e+01 9.075048e+01 -1.250000e+02
      vertex   -6.990814e+01 9.176435e+01 -1.290000e+02
    endloop
  endfacet
  facet normal -9.656618e-01 -2.598022e-01 0.000000e+00
    outer loop
      vertex   -6.990814e+01 9.176435e+01 -1.290000e+02
      vertex   -6.963537e+01 9.075048e+01 -1.250000e+02
      vertex   -6.990814e+01 9.176435e+01 -1.250000e+02
    endloop
  endfacet
  facet normal -9.961651e-01 -8.749379e-02 0.000000e+00
    outer loop
      vertex   -6.990814e+01 9.176435e+01 -1.290000e+02
      vertex   -6.990814e+01 9.176435e+01 -1.250000e+02
      vertex   -7.000000e+01 9.281025e+01 -1.290000e+02
    endloop
  endfacet
  facet normal -9.961651e-01 -8.749379e-02 0.000000e+00
    outer loop
      vertex   -7.000000e+01 9.281025e+01 -1.290000e+02
      vertex   -6.990814e+01 9.176435e+01 -1.250000e+02
      vertex   -7.000000e+01 9.281025e+01 -1.250000e+02
    endloop
  endfacet
  facet normal -6.401844e-01 -7.682213e-01 -0.000000e+00
    outer loop
      vertex   -4.215889e+01 6.679908e+01 -1.250000e+02
      vertex   -6.784111e+01 8.820092e+01 -1.250000e+02
      vertex   -4.215889e+01 6.679908e+01 -1.290000e+02
    endloop
  endfacet
  facet normal -6.401844e-01 -7.682213e-01 0.000000e+00
    outer loop
      vertex   -4.215889e+01 6.679908e+01 -1.290000e+02
      vertex   -6.784111e+01 8.820092e+01 -1.250000e+02
      vertex   -6.784111e+01 8.820092e+01 -1.290000e+02
    endloop
  endfacet
  facet normal -9.961651e-01 -8.749379e-02 0.000000e+00
    outer loop
      vertex   -4.000000e+01 6.218975e+01 -1.290000e+02
      vertex   -4.000000e+01 6.218975e+01 -1.250000e+02
      vertex   -4.009186e+01 6.323565e+01 -1.290000e+02
    endloop
  endfacet
  facet normal -9.961651e-01 -8.749379e-02 0.000000e+00
    outer loop
      vertex   -4.009186e+01 6.323565e+01 -1.290000e+02
      vertex   -4.000000e+01 6.218975e+01 -1.250000e+02
      vertex   -4.009186e+01 6.323565e+01 -1.250000e+02
    endloop
  endfacet
  facet normal -9.656618e-01 -2.598022e-01 0.000000e+00
    outer loop
      vertex   -4.009186e+01 6.323565e+01 -1.290000e+02
      vertex   -4.009186e+01 6.323565e+01 -1.250000e+02
      vertex   -4.036463e+01 6.424952e+01 -1.290000e+02
    endloop
  endfacet
  facet normal -9.656618e-01 -2.598022e-01 0.000000e+00
    outer loop
      vertex   -4.036463e+01 6.424952e+01 -1.290000e+02
      vertex   -4.009186e+01 6.323565e+01 -1.250000e+02
      vertex   -4.036463e+01 6.424952e+01 -1.250000e+02
    endloop
  endfacet
  facet normal -9.055894e-01 -4.241554e-01 0.000000e+00
    outer loop
      vertex   -4.036463e+01 6.424952e+01 -1.290000e+02
      vertex   -4.036463e+01 6.424952e+01 -1.250000e+02
      vertex   -4.080997e+01 6.520032e+01 -1.290000e+02
    endloop
  endfacet
  facet normal -9.055894e-01 -4.241554e-01 0.000000e+00
    outer loop
      vertex   -4.080997e+01 6.520032e+01 -1.290000e+02
      vertex   -4.036463e+01 6.424952e+01 -1.250000e+02
      vertex   -4.080997e+01 6.520032e+01 -1.250000e+02
    endloop
  endfacet
  facet normal -8.177873e-01 -5.755206e-01 0.000000e+00
    outer loop
      vertex   -4.080997e+01 6.520032e+01 -1.290000e+02
      vertex   -4.080997e+01 6.520032e+01 -1.250000e+02
      vertex   -4.141422e+01 6.605894e+01 -1.290000e+02
    endloop
  endfacet
  facet normal -8.177873e-01 -5.755206e-01 0.000000e+00
    outer loop
      vertex   -4.141422e+01 6.605894e+01 -1.290000e+02
      vertex   -4.080997e+01 6.520032e+01 -1.250000e+02
      vertex   -4.141422e+01 6.605894e+01 -1.250000e+02
    endloop
  endfacet
  facet normal -7.049439e-01 -7.092630e-01 0.000000e+00
    outer loop
      vertex   -4.141422e+01 6.605894e+01 -1.290000e+02
      vertex   -4.141422e+01 6.605894e+01 -1.250000e+02
      vertex   -4.215889e+01 6.679908e+01 -1.290000e+02
    endloop
  endfacet
  facet normal -7.049439e-01 -7.092630e-01 0.000000e+00
    outer loop
      vertex   -4.215889e+01 6.679908e+01 -1.290000e+02
      vertex   -4.141422e+01 6.605894e+01 -1.250000e+02
      vertex   -4.215889e+01 6.679908e+01 -1.250000e+02
    endloop
  endfacet
  facet normal -1.000000e+00 0.000000e+00 0.000000e+00
    outer loop
      vertex   -4.000000e+01 4.454089e+01 -1.250000e+02
      vertex   -4.000000e+01 6.218975e+01 -1.250000e+02
      vertex   -4.000000e+01 4.454089e+01 -1.290000e+02
    endloop
  endfacet
  facet normal -1.000000e+00 0.000000e+00 0.000000e+00
    outer loop
      vertex   -4.000000e+01 4.454089e+01 -1.290000e+02
      vertex   -4.000000e+01 6.218975e+01 -1.250000e+02
      vertex   -4.000000e+01 6.218975e+01 -1.290000e+02
    endloop
  endfacet
  facet normal -9.226836e-02 -9.957342e-01 0.000000e+00
    outer loop
      vertex   -4.000000e+01 2.954089e+01 -1.290000e+02
      vertex   -4.000000e+01 2.954089e+01 -1.250000e+02
      vertex   -4.137812e+01 2.966859e+01 -1.290000e+02
    endloop
  endfacet
  facet normal -9.226836e-02 -9.957342e-01 0.000000e+00
    outer loop
      vertex   -4.137812e+01 2.966859e+01 -1.290000e+02
      vertex   -4.000000e+01 2.954089e+01 -1.250000e+02
      vertex   -4.137812e+01 2.966859e+01 -1.250000e+02
    endloop
  endfacet
  facet normal -2.736630e-01 -9.618256e-01 0.000000e+00
    outer loop
      vertex   -4.137812e+01 2.966859e+01 -1.290000e+02
      vertex   -4.137812e+01 2.966859e+01 -1.250000e+02
      vertex   -4.270931e+01 3.004734e+01 -1.290000e+02
    endloop
  endfacet
  facet normal -2.736630e-01 -9.618256e-01 0.000000e+00
    outer loop
      vertex   -4.270931e+01 3.004734e+01 -1.290000e+02
      vertex   -4.137812e+01 2.966859e+01 -1.250000e+02
      vertex   -4.270931e+01 3.004734e+01 -1.250000e+02
    endloop
  endfacet
  facet normal -4.457384e-01 -8.951633e-01 0.000000e+00
    outer loop
      vertex   -4.270931e+01 3.004734e+01 -1.290000e+02
      vertex   -4.270931e+01 3.004734e+01 -1.250000e+02
      vertex   -4.394824e+01 3.066426e+01 -1.290000e+02
    endloop
  endfacet
  facet normal -4.457384e-01 -8.951633e-01 0.000000e+00
    outer loop
      vertex   -4.394824e+01 3.066426e+01 -1.290000e+02
      vertex   -4.270931e+01 3.004734e+01 -1.250000e+02
      vertex   -4.394824e+01 3.066426e+01 -1.250000e+02
    endloop
  endfacet
  facet normal -6.026346e-01 -7.980172e-01 0.000000e+00
    outer loop
      vertex   -4.394824e+01 3.066426e+01 -1.290000e+02
      vertex   -4.394824e+01 3.066426e+01 -1.250000e+02
      vertex   -4.505272e+01 3.149832e+01 -1.290000e+02
    endloop
  endfacet
  facet normal -6.026346e-01 -7.980172e-01 0.000000e+00
    outer loop
      vertex   -4.505272e+01 3.149832e+01 -1.290000e+02
      vertex   -4.394824e+01 3.066426e+01 -1.250000e+02
      vertex   -4.505272e+01 3.149832e+01 -1.250000e+02
    endloop
  endfacet
  facet normal -7.390089e-01 -6.736956e-01 0.000000e+00
    outer loop
      vertex   -4.505272e+01 3.149832e+01 -1.290000e+02
      vertex   -4.505272e+01 3.149832e+01 -1.250000e+02
      vertex   -4.598513e+01 3.252113e+01 -1.290000e+02
    endloop
  endfacet
  facet normal -7.390089e-01 -6.736956e-01 0.000000e+00
    outer loop
      vertex   -4.598513e+01 3.252113e+01 -1.290000e+02
      vertex   -4.505272e+01 3.149832e+01 -1.250000e+02
      vertex   -4.598513e+01 3.252113e+01 -1.250000e+02
    endloop
  endfacet
  facet normal -8.502171e-01 -5.264322e-01 0.000000e+00
    outer loop
      vertex   -4.598513e+01 3.252113e+01 -1.290000e+02
      vertex   -4.598513e+01 3.252113e+01 -1.250000e+02
      vertex   -4.671372e+01 3.369785e+01 -1.290000e+02
    endloop
  endfacet
  facet normal -8.502171e-01 -5.264322e-01 0.000000e+00
    outer loop
      vertex   -4.671372e+01 3.369785e+01 -1.290000e+02
      vertex   -4.598513e+01 3.252113e+01 -1.250000e+02
      vertex   -4.671372e+01 3.369785e+01 -1.250000e+02
    endloop
  endfacet
  facet normal -9.324722e-01 -3.612417e-01 0.000000e+00
    outer loop
      vertex   -4.671372e+01 3.369785e+01 -1.290000e+02
      vertex   -4.671372e+01 3.369785e+01 -1.250000e+02
      vertex   -4.721369e+01 3.498841e+01 -1.290000e+02
    endloop
  endfacet
  facet normal -9.324722e-01 -3.612417e-01 0.000000e+00
    outer loop
      vertex   -4.721369e+01 3.498841e+01 -1.290000e+02
      vertex   -4.671372e+01 3.369785e+01 -1.250000e+02
      vertex   -4.721369e+01 3.498841e+01 -1.250000e+02
    endloop
  endfacet
  facet normal -9.829731e-01 -1.837495e-01 0.000000e+00
    outer loop
      vertex   -4.721369e+01 3.498841e+01 -1.290000e+02
      vertex   -4.721369e+01 3.498841e+01 -1.250000e+02
      vertex   -4.746801e+01 3.634887e+01 -1.290000e+02
    endloop
  endfacet
  facet normal -9.829731e-01 -1.837495e-01 0.000000e+00
    outer loop
      vertex   -4.746801e+01 3.634887e+01 -1.290000e+02
      vertex   -4.721369e+01 3.498841e+01 -1.250000e+02
      vertex   -4.746801e+01 3.634887e+01 -1.250000e+02
    endloop
  endfacet
  facet normal -1.000000e+00 0.000000e+00 0.000000e+00
    outer loop
      vertex   -4.746801e+01 3.634887e+01 -1.290000e+02
      vertex   -4.746801e+01 3.634887e+01 -1.250000e+02
      vertex   -4.746801e+01 3.773290e+01 -1.290000e+02
    endloop
  endfacet
  facet normal -1.000000e+00 0.000000e+00 0.000000e+00
    outer loop
      vertex   -4.746801e+01 3.773290e+01 -1.290000e+02
      vertex   -4.746801e+01 3.634887e+01 -1.250000e+02
      vertex   -4.746801e+01 3.773290e+01 -1.250000e+02
    endloop
  endfacet
  facet normal -9.829731e-01 1.837495e-01 0.000000e+00
    outer loop
      vertex   -4.746801e+01 3.773290e+01 -1.290000e+02
      vertex   -4.746801e+01 3.773290e+01 -1.250000e+02
      vertex   -4.721369e+01 3.909336e+01 -1.290000e+02
    endloop
  endfacet
  facet normal -9.829731e-01 1.837495e-01 0.000000e+00
    outer loop
      vertex   -4.721369e+01 3.909336e+01 -1.290000e+02
      vertex   -4.746801e+01 3.773290e+01 -1.250000e+02
      vertex   -4.721369e+01 3.909336e+01 -1.250000e+02
    endloop
  endfacet
  facet normal -9.324722e-01 3.612417e-01 0.000000e+00
    outer loop
      vertex   -4.721369e+01 3.909336e+01 -1.290000e+02
      vertex   -4.721369e+01 3.909336e+01 -1.250000e+02
      vertex   -4.671372e+01 4.038392e+01 -1.290000e+02
    endloop
  endfacet
  facet normal -9.324722e-01 3.612417e-01 0.000000e+00
    outer loop
      vertex   -4.671372e+01 4.038392e+01 -1.290000e+02
      vertex   -4.721369e+01 3.909336e+01 -1.250000e+02
      vertex   -4.671372e+01 4.038392e+01 -1.250000e+02
    endloop
  endfacet
  facet normal -8.502171e-01 5.264322e-01 0.000000e+00
    outer loop
      vertex   -4.671372e+01 4.038392e+01 -1.290000e+02
      vertex   -4.671372e+01 4.038392e+01 -1.250000e+02
      vertex   -4.598513e+01 4.156065e+01 -1.290000e+02
    endloop
  endfacet
  facet normal -8.502171e-01 5.264322e-01 0.000000e+00
    outer loop
      vertex   -4.598513e+01 4.156065e+01 -1.290000e+02
      vertex   -4.671372e+01 4.038392e+01 -1.250000e+02
      vertex   -4.598513e+01 4.156065e+01 -1.250000e+02
    endloop
  endfacet
  facet normal -7.390089e-01 6.736956e-01 0.000000e+00
    outer loop
      vertex   -4.598513e+01 4.156065e+01 -1.290000e+02
      vertex   -4.598513e+01 4.156065e+01 -1.250000e+02
      vertex   -4.505272e+01 4.258345e+01 -1.290000e+02
    endloop
  endfacet
  facet normal -7.390089e-01 6.736956e-01 0.000000e+00
    outer loop
      vertex   -4.505272e+01 4.258345e+01 -1.290000e+02
      vertex   -4.598513e+01 4.156065e+01 -1.250000e+02
      vertex   -4.505272e+01 4.258345e+01 -1.250000e+02
    endloop
  endfacet
  facet normal -6.026346e-01 7.980172e-01 0.000000e+00
    outer loop
      vertex   -4.505272e+01 4.258345e+01 -1.290000e+02
      vertex   -4.505272e+01 4.258345e+01 -1.250000e+02
      vertex   -4.394824e+01 4.341751e+01 -1.290000e+02
    endloop
  endfacet
  facet normal -6.026346e-01 7.980172e-01 0.000000e+00
    outer loop
      vertex   -4.394824e+01 4.341751e+01 -1.290000e+02
      vertex   -4.505272e+01 4.258345e+01 -1.250000e+02
      vertex   -4.394824e+01 4.341751e+01 -1.250000e+02
    endloop
  endfacet
  facet normal -4.457384e-01 8.951633e-01 0.000000e+00
    outer loop
      vertex   -4.394824e+01 4.341751e+01 -1.290000e+02
      vertex   -4.394824e+01 4.341751e+01 -1.250000e+02
      vertex   -4.270931e+01 4.403443e+01 -1.290000e+02
    endloop
  endfacet
  facet normal -4.457384e-01 8.951633e-01 0.000000e+00
    outer loop
      vertex   -4.270931e+01 4.403443e+01 -1.290000e+02
      vertex   -4.394824e+01 4.341751e+01 -1.250000e+02
      vertex   -4.270931e+01 4.403443e+01 -1.250000e+02
    endloop
  endfacet
  facet normal -2.736630e-01 9.618256e-01 0.000000e+00
    outer loop
      vertex   -4.270931e+01 4.403443e+01 -1.290000e+02
      vertex   -4.270931e+01 4.403443e+01 -1.250000e+02
      vertex   -4.137812e+01 4.441318e+01 -1.290000e+02
    endloop
  endfacet
  facet normal -2.736630e-01 9.618256e-01 0.000000e+00
    outer loop
      vertex   -4.137812e+01 4.441318e+01 -1.290000e+02
      vertex   -4.270931e+01 4.403443e+01 -1.250000e+02
      vertex   -4.137812e+01 4.441318e+01 -1.250000e+02
    endloop
  endfacet
  facet normal -9.226836e-02 9.957342e-01 0.000000e+00
    outer loop
      vertex   -4.137812e+01 4.441318e+01 -1.290000e+02
      vertex   -4.137812e+01 4.441318e+01 -1.250000e+02
      vertex   -4.000000e+01 4.454089e+01 -1.290000e+02
    endloop
  endfacet
  facet normal -9.226836e-02 9.957342e-01 0.000000e+00
    outer loop
      vertex   -4.000000e+01 4.454089e+01 -1.290000e+02
      vertex   -4.137812e+01 4.441318e+01 -1.250000e+02
      vertex   -4.000000e+01 4.454089e+01 -1.250000e+02
    endloop
  endfacet
  facet normal -1.000000e+00 0.000000e+00 0.000000e+00
    outer loop
      vertex   -4.000000e+01 2.321110e+01 -1.250000e+02
      vertex   -4.000000e+01 2.954089e+01 -1.250000e+02
      vertex   -4.000000e+01 2.321110e+01 -1.290000e+02
    endloop
  endfacet
  facet normal -1.000000e+00 0.000000e+00 0.000000e+00
    outer loop
      vertex   -4.000000e+01 2.321110e+01 -1.290000e+02
      vertex   -4.000000e+01 2.954089e+01 -1.250000e+02
      vertex   -4.000000e+01 2.954089e+01 -1.290000e+02
    endloop
  endfacet
  facet normal -6.336653e-01 -7.736073e-01 0.000000e+00
    outer loop
      vertex   -3.732820e+01 1.821880e+01 -1.290000e+02
      vertex   -3.732820e+01 1.821880e+01 -1.250000e+02
      vertex   -3.823909e+01 1.896491e+01 -1.290000e+02
    endloop
  endfacet
  facet normal -6.336653e-01 -7.736073e-01 0.000000e+00
    outer loop
      vertex   -3.823909e+01 1.896491e+01 -1.290000e+02
      vertex   -3.732820e+01 1.821880e+01 -1.250000e+02
      vertex   -3.823909e+01 1.896491e+01 -1.250000e+02
    endloop
  endfacet
  facet normal -7.725457e-01 -6.349591e-01 0.000000e+00
    outer loop
      vertex   -3.823909e+01 1.896491e+01 -1.290000e+02
      vertex   -3.823909e+01 1.896491e+01 -1.250000e+02
      vertex   -3.898672e+01 1.987455e+01 -1.290000e+02
    endloop
  endfacet
  facet normal -7.725457e-01 -6.349591e-01 0.000000e+00
    outer loop
      vertex   -3.898672e+01 1.987455e+01 -1.290000e+02
      vertex   -3.823909e+01 1.896491e+01 -1.250000e+02
      vertex   -3.898672e+01 1.987455e+01 -1.250000e+02
    endloop
  endfacet
  facet normal -8.816746e-01 -4.718579e-01 0.000000e+00
    outer loop
      vertex   -3.898672e+01 1.987455e+01 -1.290000e+02
      vertex   -3.898672e+01 1.987455e+01 -1.250000e+02
      vertex   -3.954232e+01 2.091268e+01 -1.290000e+02
    endloop
  endfacet
  facet normal -8.816746e-01 -4.718579e-01 0.000000e+00
    outer loop
      vertex   -3.954232e+01 2.091268e+01 -1.290000e+02
      vertex   -3.898672e+01 1.987455e+01 -1.250000e+02
      vertex   -3.954232e+01 2.091268e+01 -1.250000e+02
    endloop
  endfacet
  facet normal -9.568492e-01 -2.905850e-01 0.000000e+00
    outer loop
      vertex   -3.954232e+01 2.091268e+01 -1.290000e+02
      vertex   -3.954232e+01 2.091268e+01 -1.250000e+02
      vertex   -3.988447e+01 2.203933e+01 -1.290000e+02
    endloop
  endfacet
  facet normal -9.568492e-01 -2.905850e-01 0.000000e+00
    outer loop
      vertex   -3.988447e+01 2.203933e+01 -1.290000e+02
      vertex   -3.954232e+01 2.091268e+01 -1.250000e+02
      vertex   -3.988447e+01 2.203933e+01 -1.250000e+02
    endloop
  endfacet
  facet normal -9.951745e-01 -9.812124e-02 0.000000e+00
    outer loop
      vertex   -3.988447e+01 2.203933e+01 -1.290000e+02
      vertex   -3.988447e+01 2.203933e+01 -1.250000e+02
      vertex   -4.000000e+01 2.321110e+01 -1.290000e+02
    endloop
  endfacet
  facet normal -9.951745e-01 -9.812124e-02 0.000000e+00
    outer loop
      vertex   -4.000000e+01 2.321110e+01 -1.290000e+02
      vertex   -3.988447e+01 2.203933e+01 -1.250000e+02
      vertex   -4.000000e+01 2.321110e+01 -1.250000e+02
    endloop
  endfacet
  facet normal -5.547002e-01 -8.320503e-01 -0.000000e+00
    outer loop
      vertex   -1.151155e+01 1.007698e+00 -1.250000e+02
      vertex   -3.732820e+01 1.821880e+01 -1.250000e+02
      vertex   -1.151155e+01 1.007698e+00 -1.290000e+02
    endloop
  endfacet
  facet normal -5.547002e-01 -8.320503e-01 0.000000e+00
    outer loop
      vertex   -1.151155e+01 1.007698e+00 -1.290000e+02
      vertex   -3.732820e+01 1.821880e+01 -1.250000e+02
      vertex   -3.732820e+01 1.821880e+01 -1.290000e+02
    endloop
  endfacet
  facet normal -9.784364e-02 -9.952018e-01 1.738052e-16
    outer loop
      vertex   -8.183346e+00 -1.776357e-13 -1.290000e+02
      vertex   -8.183346e+00 -1.776357e-13 -1.250000e+02
      vertex   -9.351836e+00 1.148805e-01 -1.290000e+02
    endloop
  endfacet
  facet normal -9.784364e-02 -9.952018e-01 -3.786428e-16
    outer loop
      vertex   -9.351836e+00 1.148805e-01 -1.290000e+02
      vertex   -8.183346e+00 -1.776357e-13 -1.250000e+02
      vertex   -9.351836e+00 1.148805e-01 -1.250000e+02
    endloop
  endfacet
  facet normal -2.897841e-01 -9.570920e-01 -1.653275e-17
    outer loop
      vertex   -9.351836e+00 1.148805e-01 -1.290000e+02
      vertex   -9.351836e+00 1.148805e-01 -1.250000e+02
      vertex   -1.047558e+01 4.551230e-01 -1.290000e+02
    endloop
  endfacet
  facet normal -2.897841e-01 -9.570920e-01 -4.026028e-16
    outer loop
      vertex   -1.047558e+01 4.551230e-01 -1.290000e+02
      vertex   -9.351836e+00 1.148805e-01 -1.250000e+02
      vertex   -1.047558e+01 4.551230e-01 -1.250000e+02
    endloop
  endfacet
  facet normal -4.706278e-01 -8.823318e-01 -2.807918e-16
    outer loop
      vertex   -1.047558e+01 4.551230e-01 -1.290000e+02
      vertex   -1.047558e+01 4.551230e-01 -1.250000e+02
      vertex   -1.151155e+01 1.007698e+00 -1.290000e+02
    endloop
  endfacet
  facet normal -4.706278e-01 -8.823318e-01 0.000000e+00
    outer loop
      vertex   -1.151155e+01 1.007698e+00 -1.290000e+02
      vertex   -1.047558e+01 4.551230e-01 -1.250000e+02
      vertex   -1.151155e+01 1.007698e+00 -1.250000e+02
    endloop
  endfacet
  facet normal -0.000000e+00 -1.000000e+00 -0.000000e+00
    outer loop
      vertex   8.183346e+00 -1.776357e-13 -1.250000e+02
      vertex   -8.183346e+00 -1.776357e-13 -1.250000e+02
      vertex   8.183346e+00 -1.776357e-13 -1.290000e+02
    endloop
  endfacet
  facet normal 0.000000e+00 -1.000000e+00 0.000000e+00
    outer loop
      vertex   8.183346e+00 -1.776357e-13 -1.290000e+02
      vertex   -8.183346e+00 -1.776357e-13 -1.250000e+02
      vertex   -8.183346e+00 -1.776357e-13 -1.290000e+02
    endloop
  endfacet
  facet normal 4.706278e-01 -8.823318e-01 0.000000e+00
    outer loop
      vertex   1.151155e+01 1.007698e+00 -1.290000e+02
      vertex   1.151155e+01 1.007698e+00 -1.250000e+02
      vertex   1.047558e+01 4.551230e-01 -1.290000e+02
    endloop
  endfacet
  facet normal 4.706278e-01 -8.823318e-01 0.000000e+00
    outer loop
      vertex   1.047558e+01 4.551230e-01 -1.290000e+02
      vertex   1.151155e+01 1.007698e+00 -1.250000e+02
      vertex   1.047558e+01 4.551230e-01 -1.250000e+02
    endloop
  endfacet
  facet normal 2.897841e-01 -9.570920e-01 0.000000e+00
    outer loop
      vertex   1.047558e+01 4.551230e-01 -1.290000e+02
      vertex   1.047558e+01 4.551230e-01 -1.250000e+02
      vertex   9.351836e+00 1.148805e-01 -1.290000e+02
    endloop
  endfacet
  facet normal 2.897841e-01 -9.570920e-01 0.000000e+00
    outer loop
      vertex   9.351836e+00 1.148805e-01 -1.290000e+02
      vertex   1.047558e+01 4.551230e-01 -1.250000e+02
      vertex   9.351836e+00 1.148805e-01 -1.250000e+02
    endloop
  endfacet
  facet normal 9.784364e-02 -9.952018e-01 0.000000e+00
    outer loop
      vertex   9.351836e+00 1.148805e-01 -1.290000e+02
      vertex   9.351836e+00 1.148805e-01 -1.250000e+02
      vertex   8.183346e+00 -1.776357e-13 -1.290000e+02
    endloop
  endfacet
  facet normal 9.784364e-02 -9.952018e-01 0.000000e+00
    outer loop
      vertex   8.183346e+00 -1.776357e-13 -1.290000e+02
      vertex   9.351836e+00 1.148805e-01 -1.250000e+02
      vertex   8.183346e+00 -1.776357e-13 -1.250000e+02
    endloop
  endfacet
  facet normal 5.547002e-01 -8.320503e-01 0.000000e+00
    outer loop
      vertex   3.732820e+01 1.821880e+01 -1.250000e+02
      vertex   1.151155e+01 1.007698e+00 -1.250000e+02
      vertex   3.732820e+01 1.821880e+01 -1.290000e+02
    endloop
  endfacet
  facet normal 5.547002e-01 -8.320503e-01 0.000000e+00
    outer loop
      vertex   3.732820e+01 1.821880e+01 -1.290000e+02
      vertex   1.151155e+01 1.007698e+00 -1.250000e+02
      vertex   1.151155e+01 1.007698e+00 -1.290000e+02
    endloop
  endfacet
  facet normal 9.951745e-01 -9.812124e-02 0.000000e+00
    outer loop
      vertex   4.000000e+01 2.321110e+01 -1.290000e+02
      vertex   4.000000e+01 2.321110e+01 -1.250000e+02
      vertex   3.988447e+01 2.203933e+01 -1.290000e+02
    endloop
  endfacet
  facet normal 9.951745e-01 -9.812124e-02 0.000000e+00
    outer loop
      vertex   3.988447e+01 2.203933e+01 -1.290000e+02
      vertex   4.000000e+01 2.321110e+01 -1.250000e+02
      vertex   3.988447e+01 2.203933e+01 -1.250000e+02
    endloop
  endfacet
  facet normal 9.568492e-01 -2.905850e-01 0.000000e+00
    outer loop
      vertex   3.988447e+01 2.203933e+01 -1.290000e+02
      vertex   3.988447e+01 2.203933e+01 -1.250000e+02
      vertex   3.954232e+01 2.091268e+01 -1.290000e+02
    endloop
  endfacet
  facet normal 9.568492e-01 -2.905850e-01 0.000000e+00
    outer loop
      vertex   3.954232e+01 2.091268e+01 -1.290000e+02
      vertex   3.988447e+01 2.203933e+01 -1.250000e+02
      vertex   3.954232e+01 2.091268e+01 -1.250000e+02
    endloop
  endfacet
  facet normal 8.816746e-01 -4.718579e-01 0.000000e+00
    outer loop
      vertex   3.954232e+01 2.091268e+01 -1.290000e+02
      vertex   3.954232e+01 2.091268e+01 -1.250000e+02
      vertex   3.898672e+01 1.987455e+01 -1.290000e+02
    endloop
  endfacet
  facet normal 8.816746e-01 -4.718579e-01 0.000000e+00
    outer loop
      vertex   3.898672e+01 1.987455e+01 -1.290000e+02
      vertex   3.954232e+01 2.091268e+01 -1.250000e+02
      vertex   3.898672e+01 1.987455e+01 -1.250000e+02
    endloop
  endfacet
  facet normal 7.725457e-01 -6.349591e-01 0.000000e+00
    outer loop
      vertex   3.898672e+01 1.987455e+01 -1.290000e+02
      vertex   3.898672e+01 1.987455e+01 -1.250000e+02
      vertex   3.823909e+01 1.896491e+01 -1.290000e+02
    endloop
  endfacet
  facet normal 7.725457e-01 -6.349591e-01 0.000000e+00
    outer loop
      vertex   3.823909e+01 1.896491e+01 -1.290000e+02
      vertex   3.898672e+01 1.987455e+01 -1.250000e+02
      vertex   3.823909e+01 1.896491e+01 -1.250000e+02
    endloop
  endfacet
  facet normal 6.336653e-01 -7.736073e-01 0.000000e+00
    outer loop
      vertex   3.823909e+01 1.896491e+01 -1.290000e+02
      vertex   3.823909e+01 1.896491e+01 -1.250000e+02
      vertex   3.732820e+01 1.821880e+01 -1.290000e+02
    endloop
  endfacet
  facet normal 6.336653e-01 -7.736073e-01 0.000000e+00
    outer loop
      vertex   3.732820e+01 1.821880e+01 -1.290000e+02
      vertex   3.823909e+01 1.896491e+01 -1.250000e+02
      vertex   3.732820e+01 1.821880e+01 -1.250000e+02
    endloop
  endfacet
  facet normal 1.000000e+00 0.000000e+00 0.000000e+00
    outer loop
      vertex   4.000000e+01 2.954089e+01 -1.250000e+02
      vertex   4.000000e+01 2.321110e+01 -1.250000e+02
      vertex   4.000000e+01 2.954089e+01 -1.290000e+02
    endloop
  endfacet
  facet normal 1.000000e+00 0.000000e+00 0.000000e+00
    outer loop
      vertex   4.000000e+01 2.954089e+01 -1.290000e+02
      vertex   4.000000e+01 2.321110e+01 -1.250000e+02
      vertex   4.000000e+01 2.321110e+01 -1.290000e+02
    endloop
  endfacet
  facet normal 9.226836e-02 9.957342e-01 -0.000000e+00
    outer loop
      vertex   4.000000e+01 4.454089e+01 -1.290000e+02
      vertex   4.000000e+01 4.454089e+01 -1.250000e+02
      vertex   4.137812e+01 4.441318e+01 -1.290000e+02
    endloop
  endfacet
  facet normal 9.226836e-02 9.957342e-01 -0.000000e+00
    outer loop
      vertex   4.137812e+01 4.441318e+01 -1.290000e+02
      vertex   4.000000e+01 4.454089e+01 -1.250000e+02
      vertex   4.137812e+01 4.441318e+01 -1.250000e+02
    endloop
  endfacet
  facet normal 2.736630e-01 9.618256e-01 -0.000000e+00
    outer loop
      vertex   4.137812e+01 4.441318e+01 -1.290000e+02
      vertex   4.137812e+01 4.441318e+01 -1.250000e+02
      vertex   4.270931e+01 4.403443e+01 -1.290000e+02
    endloop
  endfacet
  facet normal 2.736630e-01 9.618256e-01 -0.000000e+00
    outer loop
      vertex   4.270931e+01 4.403443e+01 -1.290000e+02
      vertex   4.137812e+01 4.441318e+01 -1.250000e+02
      vertex   4.270931e+01 4.403443e+01 -1.250000e+02
    endloop
  endfacet
  facet normal 4.457384e-01 8.951633e-01 -0.000000e+00
    outer loop
      vertex   4.270931e+01 4.403443e+01 -1.290000e+02
      vertex   4.270931e+01 4.403443e+01 -1.250000e+02
      vertex   4.394824e+01 4.341751e+01 -1.290000e+02
    endloop
  endfacet
  facet normal 4.457384e-01 8.951633e-01 -0.000000e+00
    outer loop
      vertex   4.394824e+01 4.341751e+01 -1.290000e+02
      vertex   4.270931e+01 4.403443e+01 -1.250000e+02
      vertex   4.394824e+01 4.341751e+01 -1.250000e+02
    endloop
  endfacet
  facet normal 6.026346e-01 7.980172e-01 -0.000000e+00
    outer loop
      vertex   4.394824e+01 4.341751e+01 -1.290000e+02
      vertex   4.394824e+01 4.341751e+01 -1.250000e+02
      vertex   4.505272e+01 4.258345e+01 -1.290000e+02
    endloop
  endfacet
  facet normal 6.026346e-01 7.980172e-01 -0.000000e+00
    outer loop
      vertex   4.505272e+01 4.258345e+01 -1.290000e+02
      vertex   4.394824e+01 4.341751e+01 -1.250000e+02
      vertex   4.505272e+01 4.258345e+01 -1.250000e+02
    endloop
  endfacet
  facet normal 7.390089e-01 6.736956e-01 -0.000000e+00
    outer loop
      vertex   4.505272e+01 4.258345e+01 -1.290000e+02
      vertex   4.505272e+01 4.258345e+01 -1.250000e+02
      vertex   4.598513e+01 4.156065e+01 -1.290000e+02
    endloop
  endfacet
  facet normal 7.390089e-01 6.736956e-01 -0.000000e+00
    outer loop
      vertex   4.598513e+01 4.156065e+01 -1.290000e+02
      vertex   4.505272e+01 4.258345e+01 -1.250000e+02
      vertex   4.598513e+01 4.156065e+01 -1.250000e+02
    endloop
  endfacet
  facet normal 8.502171e-01 5.264322e-01 -0.000000e+00
    outer loop
      vertex   4.598513e+01 4.156065e+01 -1.290000e+02
      vertex   4.598513e+01 4.156065e+01 -1.250000e+02
      vertex   4.671372e+01 4.038392e+01 -1.290000e+02
    endloop
  endfacet
  facet normal 8.502171e-01 5.264322e-01 -0.000000e+00
    outer loop
      vertex   4.671372e+01 4.038392e+01 -1.290000e+02
      vertex   4.598513e+01 4.156065e+01 -1.250000e+02
      vertex   4.671372e+01 4.038392e+01 -1.250000e+02
    endloop
  endfacet
  facet normal 9.324722e-01 3.612417e-01 -0.000000e+00
    outer loop
      vertex   4.671372e+01 4.038392e+01 -1.290000e+02
      vertex   4.671372e+01 4.038392e+01 -1.250000e+02
      vertex   4.721369e+01 3.909336e+01 -1.290000e+02
    endloop
  endfacet
  facet normal 9.324722e-01 3.612417e-01 -0.000000e+00
    outer loop
      vertex   4.721369e+01 3.909336e+01 -1.290000e+02
      vertex   4.671372e+01 4.038392e+01 -1.250000e+02
      vertex   4.721369e+01 3.909336e+01 -1.250000e+02
    endloop
  endfacet
  facet normal 9.829731e-01 1.837495e-01 -0.000000e+00
    outer loop
      vertex   4.721369e+01 3.909336e+01 -1.290000e+02
      vertex   4.721369e+01 3.909336e+01 -1.250000e+02
      vertex   4.746801e+01 3.773290e+01 -1.290000e+02
    endloop
  endfacet
  facet normal 9.829731e-01 1.837495e-01 -0.000000e+00
    outer loop
      vertex   4.746801e+01 3.773290e+01 -1.290000e+02
      vertex   4.721369e+01 3.909336e+01 -1.250000e+02
      vertex   4.746801e+01 3.773290e+01 -1.250000e+02
    endloop
  endfacet
  facet normal 1.000000e+00 0.000000e+00 -0.000000e+00
    outer loop
      vertex   4.746801e+01 3.773290e+01 -1.290000e+02
      vertex   4.746801e+01 3.773290e+01 -1.250000e+02
      vertex   4.746801e+01 3.634887e+01 -1.290000e+02
    endloop
  endfacet
  facet normal 1.000000e+00 0.000000e+00 0.000000e+00
    outer loop
      vertex   4.746801e+01 3.634887e+01 -1.290000e+02
      vertex   4.746801e+01 3.773290e+01 -1.250000e+02
      vertex   4.746801e+01 3.634887e+01 -1.250000e+02
    endloop
  endfacet
  facet normal 9.829731e-01 -1.837495e-01 0.000000e+00
    outer loop
      vertex   4.746801e+01 3.634887e+01 -1.290000e+02
      vertex   4.746801e+01 3.634887e+01 -1.250000e+02
      vertex   4.721369e+01 3.498841e+01 -1.290000e+02
    endloop
  endfacet
  facet normal 9.829731e-01 -1.837495e-01 0.000000e+00
    outer loop
      vertex   4.721369e+01 3.498841e+01 -1.290000e+02
      vertex   4.746801e+01 3.634887e+01 -1.250000e+02
      vertex   4.721369e+01 3.498841e+01 -1.250000e+02
    endloop
  endfacet
  facet normal 9.324722e-01 -3.612417e-01 0.000000e+00
    outer loop
      vertex   4.721369e+01 3.498841e+01 -1.290000e+02
      vertex   4.721369e+01 3.498841e+01 -1.250000e+02
      vertex   4.671372e+01 3.369785e+01 -1.290000e+02
    endloop
  endfacet
  facet normal 9.324722e-01 -3.612417e-01 0.000000e+00
    outer loop
      vertex   4.671372e+01 3.369785e+01 -1.290000e+02
      vertex   4.721369e+01 3.498841e+01 -1.250000e+02
      vertex   4.671372e+01 3.369785e+01 -1.250000e+02
    endloop
  endfacet
  facet normal 8.502171e-01 -5.264322e-01 0.000000e+00
    outer loop
      vertex   4.671372e+01 3.369785e+01 -1.290000e+02
      vertex   4.671372e+01 3.369785e+01 -1.250000e+02
      vertex   4.598513e+01 3.252113e+01 -1.290000e+02
    endloop
  endfacet
  facet normal 8.502171e-01 -5.264322e-01 0.000000e+00
    outer loop
      vertex   4.598513e+01 3.252113e+01 -1.290000e+02
      vertex   4.671372e+01 3.369785e+01 -1.250000e+02
      vertex   4.598513e+01 3.252113e+01 -1.250000e+02
    endloop
  endfacet
  facet normal 7.390089e-01 -6.736956e-01 0.000000e+00
    outer loop
      vertex   4.598513e+01 3.252113e+01 -1.290000e+02
      vertex   4.598513e+01 3.252113e+01 -1.250000e+02
      vertex   4.505272e+01 3.149832e+01 -1.290000e+02
    endloop
  endfacet
  facet normal 7.390089e-01 -6.736956e-01 0.000000e+00
    outer loop
      vertex   4.505272e+01 3.149832e+01 -1.290000e+02
      vertex   4.598513e+01 3.252113e+01 -1.250000e+02
      vertex   4.505272e+01 3.149832e+01 -1.250000e+02
    endloop
  endfacet
  facet normal 6.026346e-01 -7.980172e-01 0.000000e+00
    outer loop
      vertex   4.505272e+01 3.149832e+01 -1.290000e+02
      vertex   4.505272e+01 3.149832e+01 -1.250000e+02
      vertex   4.394824e+01 3.066426e+01 -1.290000e+02
    endloop
  endfacet
  facet normal 6.026346e-01 -7.980172e-01 0.000000e+00
    outer loop
      vertex   4.394824e+01 3.066426e+01 -1.290000e+02
      vertex   4.505272e+01 3.149832e+01 -1.250000e+02
      vertex   4.394824e+01 3.066426e+01 -1.250000e+02
    endloop
  endfacet
  facet normal 4.457384e-01 -8.951633e-01 0.000000e+00
    outer loop
      vertex   4.394824e+01 3.066426e+01 -1.290000e+02
      vertex   4.394824e+01 3.066426e+01 -1.250000e+02
      vertex   4.270931e+01 3.004734e+01 -1.290000e+02
    endloop
  endfacet
  facet normal 4.457384e-01 -8.951633e-01 0.000000e+00
    outer loop
      vertex   4.270931e+01 3.004734e+01 -1.290000e+02
      vertex   4.394824e+01 3.066426e+01 -1.250000e+02
      vertex   4.270931e+01 3.004734e+01 -1.250000e+02
    endloop
  endfacet
  facet normal 2.736630e-01 -9.618256e-01 0.000000e+00
    outer loop
      vertex   4.270931e+01 3.004734e+01 -1.290000e+02
      vertex   4.270931e+01 3.004734e+01 -1.250000e+02
      vertex   4.137812e+01 2.966859e+01 -1.290000e+02
    endloop
  endfacet
  facet normal 2.736630e-01 -9.618256e-01 0.000000e+00
    outer loop
      vertex   4.137812e+01 2.966859e+01 -1.290000e+02
      vertex   4.270931e+01 3.004734e+01 -1.250000e+02
      vertex   4.137812e+01 2.966859e+01 -1.250000e+02
    endloop
  endfacet
  facet normal 9.226836e-02 -9.957342e-01 0.000000e+00
    outer loop
      vertex   4.137812e+01 2.966859e+01 -1.290000e+02
      vertex   4.137812e+01 2.966859e+01 -1.250000e+02
      vertex   4.000000e+01 2.954089e+01 -1.290000e+02
    endloop
  endfacet
  facet normal 9.226836e-02 -9.957342e-01 0.000000e+00
    outer loop
      vertex   4.000000e+01 2.954089e+01 -1.290000e+02
      vertex   4.137812e+01 2.966859e+01 -1.250000e+02
      vertex   4.000000e+01 2.954089e+01 -1.250000e+02
    endloop
  endfacet
  facet normal 1.000000e+00 0.000000e+00 0.000000e+00
    outer loop
      vertex   4.000000e+01 6.218975e+01 -1.250000e+02
      vertex   4.000000e+01 4.454089e+01 -1.250000e+02
      vertex   4.000000e+01 6.218975e+01 -1.290000e+02
    endloop
  endfacet
  facet normal 1.000000e+00 0.000000e+00 0.000000e+00
    outer loop
      vertex   4.000000e+01 6.218975e+01 -1.290000e+02
      vertex   4.000000e+01 4.454089e+01 -1.250000e+02
      vertex   4.000000e+01 4.454089e+01 -1.290000e+02
    endloop
  endfacet
  facet normal 7.049439e-01 -7.092630e-01 0.000000e+00
    outer loop
      vertex   4.215889e+01 6.679908e+01 -1.290000e+02
      vertex   4.215889e+01 6.679908e+01 -1.250000e+02
      vertex   4.141422e+01 6.605894e+01 -1.290000e+02
    endloop
  endfacet
  facet normal 7.049439e-01 -7.092630e-01 0.000000e+00
    outer loop
      vertex   4.141422e+01 6.605894e+01 -1.290000e+02
      vertex   4.215889e+01 6.679908e+01 -1.250000e+02
      vertex   4.141422e+01 6.605894e+01 -1.250000e+02
    endloop
  endfacet
  facet normal 8.177873e-01 -5.755206e-01 0.000000e+00
    outer loop
      vertex   4.141422e+01 6.605894e+01 -1.290000e+02
      vertex   4.141422e+01 6.605894e+01 -1.250000e+02
      vertex   4.080997e+01 6.520032e+01 -1.290000e+02
    endloop
  endfacet
  facet normal 8.177873e-01 -5.755206e-01 0.000000e+00
    outer loop
      vertex   4.080997e+01 6.520032e+01 -1.290000e+02
      vertex   4.141422e+01 6.605894e+01 -1.250000e+02
      vertex   4.080997e+01 6.520032e+01 -1.250000e+02
    endloop
  endfacet
  facet normal 9.055894e-01 -4.241554e-01 0.000000e+00
    outer loop
      vertex   4.080997e+01 6.520032e+01 -1.290000e+02
      vertex   4.080997e+01 6.520032e+01 -1.250000e+02
      vertex   4.036463e+01 6.424952e+01 -1.290000e+02
    endloop
  endfacet
  facet normal 9.055894e-01 -4.241554e-01 0.000000e+00
    outer loop
      vertex   4.036463e+01 6.424952e+01 -1.290000e+02
      vertex   4.080997e+01 6.520032e+01 -1.250000e+02
      vertex   4.036463e+01 6.424952e+01 -1.250000e+02
    endloop
  endfacet
  facet normal 9.656618e-01 -2.598022e-01 0.000000e+00
    outer loop
      vertex   4.036463e+01 6.424952e+01 -1.290000e+02
      vertex   4.036463e+01 6.424952e+01 -1.250000e+02
      vertex   4.009186e+01 6.323565e+01 -1.290000e+02
    endloop
  endfacet
  facet normal 9.656618e-01 -2.598022e-01 0.000000e+00
    outer loop
      vertex   4.009186e+01 6.323565e+01 -1.290000e+02
      vertex   4.036463e+01 6.424952e+01 -1.250000e+02
      vertex   4.009186e+01 6.323565e+01 -1.250000e+02
    endloop
  endfacet
  facet normal 9.961651e-01 -8.749379e-02 0.000000e+00
    outer loop
      vertex   4.009186e+01 6.323565e+01 -1.290000e+02
      vertex   4.009186e+01 6.323565e+01 -1.250000e+02
      vertex   4.000000e+01 6.218975e+01 -1.290000e+02
    endloop
  endfacet
  facet normal 9.961651e-01 -8.749379e-02 0.000000e+00
    outer loop
      vertex   4.000000e+01 6.218975e+01 -1.290000e+02
      vertex   4.009186e+01 6.323565e+01 -1.250000e+02
      vertex   4.000000e+01 6.218975e+01 -1.250000e+02
    endloop
  endfacet
  facet normal 6.401844e-01 -7.682213e-01 1.137196e-14
    outer loop
      vertex   6.280000e+01 8.400000e+01 -1.290000e+02
      vertex   6.784111e+01 8.820092e+01 -1.290000e+02
      vertex   6.280000e+01 8.400000e+01 -1.250000e+02
    endloop
  endfacet
  facet normal 6.401844e-01 -7.682213e-01 0.000000e+00
    outer loop
      vertex   6.280000e+01 8.400000e+01 -1.250000e+02
      vertex   6.784111e+01 8.820092e+01 -1.290000e+02
      vertex   6.784111e+01 8.820092e+01 -1.250000e+02
    endloop
  endfacet
  facet normal 9.961651e-01 -8.749379e-02 0.000000e+00
    outer loop
      vertex   7.000000e+01 9.281025e+01 -1.290000e+02
      vertex   7.000000e+01 9.281025e+01 -1.250000e+02
      vertex   6.990814e+01 9.176435e+01 -1.290000e+02
    endloop
  endfacet
  facet normal 9.961651e-01 -8.749379e-02 0.000000e+00
    outer loop
      vertex   6.990814e+01 9.176435e+01 -1.290000e+02
      vertex   7.000000e+01 9.281025e+01 -1.250000e+02
      vertex   6.990814e+01 9.176435e+01 -1.250000e+02
    endloop
  endfacet
  facet normal 9.656618e-01 -2.598022e-01 0.000000e+00
    outer loop
      vertex   6.990814e+01 9.176435e+01 -1.290000e+02
      vertex   6.990814e+01 9.176435e+01 -1.250000e+02
      vertex   6.963537e+01 9.075048e+01 -1.290000e+02
    endloop
  endfacet
  facet normal 9.656618e-01 -2.598022e-01 0.000000e+00
    outer loop
      vertex   6.963537e+01 9.075048e+01 -1.290000e+02
      vertex   6.990814e+01 9.176435e+01 -1.250000e+02
      vertex   6.963537e+01 9.075048e+01 -1.250000e+02
    endloop
  endfacet
  facet normal 9.055894e-01 -4.241554e-01 0.000000e+00
    outer loop
      vertex   6.963537e+01 9.075048e+01 -1.290000e+02
      vertex   6.963537e+01 9.075048e+01 -1.250000e+02
      vertex   6.919003e+01 8.979968e+01 -1.290000e+02
    endloop
  endfacet
  facet normal 9.055894e-01 -4.241554e-01 0.000000e+00
    outer loop
      vertex   6.919003e+01 8.979968e+01 -1.290000e+02
      vertex   6.963537e+01 9.075048e+01 -1.250000e+02
      vertex   6.919003e+01 8.979968e+01 -1.250000e+02
    endloop
  endfacet
  facet normal 8.177873e-01 -5.755206e-01 0.000000e+00
    outer loop
      vertex   6.919003e+01 8.979968e+01 -1.290000e+02
      vertex   6.919003e+01 8.979968e+01 -1.250000e+02
      vertex   6.858578e+01 8.894106e+01 -1.290000e+02
    endloop
  endfacet
  facet normal 8.177873e-01 -5.755206e-01 0.000000e+00
    outer loop
      vertex   6.858578e+01 8.894106e+01 -1.290000e+02
      vertex   6.919003e+01 8.979968e+01 -1.250000e+02
      vertex   6.858578e+01 8.894106e+01 -1.250000e+02
    endloop
  endfacet
  facet normal 7.049439e-01 -7.092630e-01 0.000000e+00
    outer loop
      vertex   6.858578e+01 8.894106e+01 -1.290000e+02
      vertex   6.858578e+01 8.894106e+01 -1.250000e+02
      vertex   6.784111e+01 8.820092e+01 -1.290000e+02
    endloop
  endfacet
  facet normal 7.049439e-01 -7.092630e-01 0.000000e+00
    outer loop
      vertex   6.784111e+01 8.820092e+01 -1.290000e+02
      vertex   6.858578e+01 8.894106e+01 -1.250000e+02
      vertex   6.784111e+01 8.820092e+01 -1.250000e+02
    endloop
  endfacet
  facet normal 1.000000e+00 0.000000e+00 0.000000e+00
    outer loop
      vertex   7.000000e+01 1.060000e+02 -1.250000e+02
      vertex   7.000000e+01 9.281025e+01 -1.250000e+02
      vertex   7.000000e+01 1.060000e+02 -1.270000e+02
    endloop
  endfacet
  facet normal 1.000000e+00 0.000000e+00 0.000000e+00
    outer loop
      vertex   7.000000e+01 1.060000e+02 -1.270000e+02
      vertex   7.000000e+01 9.281025e+01 -1.250000e+02
      vertex   7.000000e+01 9.281025e+01 -1.290000e+02
    endloop
  endfacet
  facet normal 1.000000e+00 0.000000e+00 0.000000e+00
    outer loop
      vertex   7.000000e+01 1.060000e+02 -1.270000e+02
      vertex   7.000000e+01 9.281025e+01 -1.290000e+02
      vertex   7.000000e+01 1.560000e+02 -1.290000e+02
    endloop
  endfacet
  facet normal 1.000000e+00 0.000000e+00 -0.000000e+00
    outer loop
      vertex   7.000000e+01 1.560000e+02 -1.290000e+02
      vertex   7.000000e+01 1.560000e+02 -1.270000e+02
      vertex   7.000000e+01 1.060000e+02 -1.270000e+02
    endloop
  endfacet
  facet normal 0.000000e+00 0.000000e+00 1.000000e+00
    outer loop
      vertex   -3.749072e+01 1.060000e+02 -1.250000e+02
      vertex   -7.000000e+01 1.060000e+02 -1.250000e+02
      vertex   -3.742560e+01 1.055959e+02 -1.250000e+02
    endloop
  endfacet
  facet normal 0.000000e+00 0.000000e+00 1.000000e+00
    outer loop
      vertex   -3.742560e+01 1.055959e+02 -1.250000e+02
      vertex   -7.000000e+01 1.060000e+02 -1.250000e+02
      vertex   -3.726006e+01 1.052215e+02 -1.250000e+02
    endloop
  endfacet
  facet normal 0.000000e+00 0.000000e+00 1.000000e+00
    outer loop
      vertex   -3.726006e+01 1.052215e+02 -1.250000e+02
      vertex   -7.000000e+01 1.060000e+02 -1.250000e+02
      vertex   -7.000000e+01 9.281025e+01 -1.250000e+02
    endloop
  endfacet
  facet normal 0.000000e+00 0.000000e+00 1.000000e+00
    outer loop
      vertex   -3.726006e+01 1.052215e+02 -1.250000e+02
      vertex   -7.000000e+01 9.281025e+01 -1.250000e+02
      vertex   -3.700494e+01 1.049013e+02 -1.250000e+02
    endloop
  endfacet
  facet normal 0.000000e+00 0.000000e+00 1.000000e+00
    outer loop
      vertex   -3.700494e+01 1.049013e+02 -1.250000e+02
      vertex   -7.000000e+01 9.281025e+01 -1.250000e+02
      vertex   -6.784111e+01 8.820092e+01 -1.250000e+02
    endloop
  endfacet
  facet normal 0.000000e+00 0.000000e+00 1.000000e+00
    outer loop
      vertex   -3.700494e+01 1.049013e+02 -1.250000e+02
      vertex   -6.784111e+01 8.820092e+01 -1.250000e+02
      vertex   -3.667693e+01 1.046564e+02 -1.250000e+02
    endloop
  endfacet
  facet normal 0.000000e+00 0.000000e+00 1.000000e+00
    outer loop
      vertex   -3.667693e+01 1.046564e+02 -1.250000e+02
      vertex   -6.784111e+01 8.820092e+01 -1.250000e+02
      vertex   -3.183666e+01 1.000369e+02 -1.250000e+02
    endloop
  endfacet
  facet normal 0.000000e+00 0.000000e+00 1.000000e+00
    outer loop
      vertex   -3.667693e+01 1.046564e+02 -1.250000e+02
      vertex   -3.183666e+01 1.000369e+02 -1.250000e+02
      vertex   -3.629751e+01 1.045027e+02 -1.250000e+02
    endloop
  endfacet
  facet normal 0.000000e+00 0.000000e+00 1.000000e+00
    outer loop
      vertex   -3.629751e+01 1.045027e+02 -1.250000e+02
      vertex   -3.183666e+01 1.000369e+02 -1.250000e+02
      vertex   -3.589151e+01 1.044503e+02 -1.250000e+02
    endloop
  endfacet
  facet normal 0.000000e+00 0.000000e+00 1.000000e+00
    outer loop
      vertex   -3.589151e+01 1.044503e+02 -1.250000e+02
      vertex   -3.183666e+01 1.000369e+02 -1.250000e+02
      vertex   -3.178555e+01 1.004251e+02 -1.250000e+02
    endloop
  endfacet
  facet normal 0.000000e+00 0.000000e+00 1.000000e+00
    outer loop
      vertex   -3.589151e+01 1.044503e+02 -1.250000e+02
      vertex   -3.178555e+01 1.004251e+02 -1.250000e+02
      vertex   -3.163570e+01 1.007869e+02 -1.250000e+02
    endloop
  endfacet
  facet normal 0.000000e+00 0.000000e+00 1.000000e+00
    outer loop
      vertex   -7.000000e+01 9.281025e+01 -1.250000e+02
      vertex   -6.990814e+01 9.176435e+01 -1.250000e+02
      vertex   -6.784111e+01 8.820092e+01 -1.250000e+02
    endloop
  endfacet
  facet normal 0.000000e+00 0.000000e+00 1.000000e+00
    outer loop
      vertex   -6.784111e+01 8.820092e+01 -1.250000e+02
      vertex   -6.990814e+01 9.176435e+01 -1.250000e+02
      vertex   -6.963537e+01 9.075048e+01 -1.250000e+02
    endloop
  endfacet
  facet normal 0.000000e+00 0.000000e+00 1.000000e+00
    outer loop
      vertex   -6.784111e+01 8.820092e+01 -1.250000e+02
      vertex   -6.963537e+01 9.075048e+01 -1.250000e+02
      vertex   -6.919003e+01 8.979968e+01 -1.250000e+02
    endloop
  endfacet
  facet normal 0.000000e+00 0.000000e+00 1.000000e+00
    outer loop
      vertex   -6.919003e+01 8.979968e+01 -1.250000e+02
      vertex   -6.858578e+01 8.894106e+01 -1.250000e+02
      vertex   -6.784111e+01 8.820092e+01 -1.250000e+02
    endloop
  endfacet
  facet normal 5.064318e-16 1.935721e-15 1.000000e+00
    outer loop
      vertex   -4.215889e+01 6.679908e+01 -1.250000e+02
      vertex   -3.251887e+01 7.895976e+01 -1.250000e+02
      vertex   -6.784111e+01 8.820092e+01 -1.250000e+02
    endloop
  endfacet
  facet normal 0.000000e+00 0.000000e+00 1.000000e+00
    outer loop
      vertex   -6.784111e+01 8.820092e+01 -1.250000e+02
      vertex   -3.251887e+01 7.895976e+01 -1.250000e+02
      vertex   -3.243028e+01 7.963269e+01 -1.250000e+02
    endloop
  endfacet
  facet normal 0.000000e+00 0.000000e+00 1.000000e+00
    outer loop
      vertex   -6.784111e+01 8.820092e+01 -1.250000e+02
      vertex   -3.243028e+01 7.963269e+01 -1.250000e+02
      vertex   -3.217054e+01 8.025976e+01 -1.250000e+02
    endloop
  endfacet
  facet normal -0.000000e+00 -0.000000e+00 1.000000e+00
    outer loop
      vertex   -4.141422e+01 6.605894e+01 -1.250000e+02
      vertex   -3.101764e+01 6.447274e+01 -1.250000e+02
      vertex   -4.215889e+01 6.679908e+01 -1.250000e+02
    endloop
  endfacet
  facet normal 4.919022e-16 2.355806e-15 1.000000e+00
    outer loop
      vertex   -4.215889e+01 6.679908e+01 -1.250000e+02
      vertex   -3.101764e+01 6.447274e+01 -1.250000e+02
      vertex   -3.059180e+01 7.644836e+01 -1.250000e+02
    endloop
  endfacet
  facet normal 8.152513e-16 1.968191e-15 1.000000e+00
    outer loop
      vertex   -4.215889e+01 6.679908e+01 -1.250000e+02
      vertex   -3.059180e+01 7.644836e+01 -1.250000e+02
      vertex   -3.121887e+01 7.670810e+01 -1.250000e+02
    endloop
  endfacet
  facet normal 0.000000e+00 0.000000e+00 1.000000e+00
    outer loop
      vertex   -3.101764e+01 6.447274e+01 -1.250000e+02
      vertex   -4.141422e+01 6.605894e+01 -1.250000e+02
      vertex   -3.150000e+01 6.427294e+01 -1.250000e+02
    endloop
  endfacet
  facet normal 0.000000e+00 0.000000e+00 1.000000e+00
    outer loop
      vertex   -3.150000e+01 6.427294e+01 -1.250000e+02
      vertex   -4.141422e+01 6.605894e+01 -1.250000e+02
      vertex   -4.080997e+01 6.520032e+01 -1.250000e+02
    endloop
  endfacet
  facet normal 0.000000e+00 0.000000e+00 1.000000e+00
    outer loop
      vertex   -3.150000e+01 6.427294e+01 -1.250000e+02
      vertex   -4.080997e+01 6.520032e+01 -1.250000e+02
      vertex   -3.191421e+01 6.395510e+01 -1.250000e+02
    endloop
  endfacet
  facet normal 0.000000e+00 0.000000e+00 1.000000e+00
    outer loop
      vertex   -3.191421e+01 6.395510e+01 -1.250000e+02
      vertex   -4.080997e+01 6.520032e+01 -1.250000e+02
      vertex   -4.036463e+01 6.424952e+01 -1.250000e+02
    endloop
  endfacet
  facet normal 0.000000e+00 0.000000e+00 1.000000e+00
    outer loop
      vertex   -3.191421e+01 6.395510e+01 -1.250000e+02
      vertex   -4.036463e+01 6.424952e+01 -1.250000e+02
      vertex   -3.223205e+01 6.354089e+01 -1.250000e+02
    endloop
  endfacet
  facet normal 0.000000e+00 0.000000e+00 1.000000e+00
    outer loop
      vertex   -3.223205e+01 6.354089e+01 -1.250000e+02
      vertex   -4.036463e+01 6.424952e+01 -1.250000e+02
      vertex   -4.009186e+01 6.323565e+01 -1.250000e+02
    endloop
  endfacet
  facet normal 0.000000e+00 0.000000e+00 1.000000e+00
    outer loop
      vertex   -3.223205e+01 6.354089e+01 -1.250000e+02
      vertex   -4.009186e+01 6.323565e+01 -1.250000e+02
      vertex   -3.243185e+01 6.305852e+01 -1.250000e+02
    endloop
  endfacet
  facet normal 0.000000e+00 0.000000e+00 1.000000e+00
    outer loop
      vertex   -3.243185e+01 6.305852e+01 -1.250000e+02
      vertex   -4.009186e+01 6.323565e+01 -1.250000e+02
      vertex   -3.250000e+01 6.254089e+01 -1.250000e+02
    endloop
  endfacet
  facet normal 0.000000e+00 0.000000e+00 1.000000e+00
    outer loop
      vertex   -3.250000e+01 6.254089e+01 -1.250000e+02
      vertex   -4.009186e+01 6.323565e+01 -1.250000e+02
      vertex   -4.000000e+01 6.218975e+01 -1.250000e+02
    endloop
  endfacet
  facet normal 0.000000e+00 0.000000e+00 1.000000e+00
    outer loop
      vertex   -3.250000e+01 6.254089e+01 -1.250000e+02
      vertex   -4.000000e+01 6.218975e+01 -1.250000e+02
      vertex   -3.250000e+01 4.827792e+01 -1.250000e+02
    endloop
  endfacet
  facet normal 0.000000e+00 0.000000e+00 1.000000e+00
    outer loop
      vertex   -3.250000e+01 4.827792e+01 -1.250000e+02
      vertex   -4.000000e+01 6.218975e+01 -1.250000e+02
      vertex   -4.000000e+01 4.454089e+01 -1.250000e+02
    endloop
  endfacet
  facet normal 0.000000e+00 0.000000e+00 1.000000e+00
    outer loop
      vertex   -3.250000e+01 4.827792e+01 -1.250000e+02
      vertex   -4.000000e+01 4.454089e+01 -1.250000e+02
      vertex   -3.244274e+01 4.780277e+01 -1.250000e+02
    endloop
  endfacet
  facet normal 0.000000e+00 0.000000e+00 1.000000e+00
    outer loop
      vertex   -3.244274e+01 4.780277e+01 -1.250000e+02
      vertex   -4.000000e+01 4.454089e+01 -1.250000e+02
      vertex   -3.227424e+01 4.735483e+01 -1.250000e+02
    endloop
  endfacet
  facet normal 0.000000e+00 0.000000e+00 1.000000e+00
    outer loop
      vertex   -3.227424e+01 4.735483e+01 -1.250000e+02
      vertex   -4.000000e+01 4.454089e+01 -1.250000e+02
      vertex   -3.200414e+01 4.695975e+01 -1.250000e+02
    endloop
  endfacet
  facet normal 0.000000e+00 0.000000e+00 1.000000e+00
    outer loop
      vertex   -3.200414e+01 4.695975e+01 -1.250000e+02
      vertex   -4.000000e+01 4.454089e+01 -1.250000e+02
      vertex   -3.164791e+01 4.664015e+01 -1.250000e+02
    endloop
  endfacet
  facet normal 0.000000e+00 0.000000e+00 1.000000e+00
    outer loop
      vertex   -3.164791e+01 4.664015e+01 -1.250000e+02
      vertex   -4.000000e+01 4.454089e+01 -1.250000e+02
      vertex   -3.160940e+01 4.013462e+01 -1.250000e+02
    endloop
  endfacet
  facet normal 0.000000e+00 0.000000e+00 1.000000e+00
    outer loop
      vertex   -3.164791e+01 4.664015e+01 -1.250000e+02
      vertex   -3.160940e+01 4.013462e+01 -1.250000e+02
      vertex   -3.122596e+01 4.641433e+01 -1.250000e+02
    endloop
  endfacet
  facet normal 0.000000e+00 0.000000e+00 1.000000e+00
    outer loop
      vertex   -3.122596e+01 4.641433e+01 -1.250000e+02
      vertex   -3.160940e+01 4.013462e+01 -1.250000e+02
      vertex   -3.076244e+01 4.629521e+01 -1.250000e+02
    endloop
  endfacet
  facet normal 0.000000e+00 0.000000e+00 1.000000e+00
    outer loop
      vertex   -3.076244e+01 4.629521e+01 -1.250000e+02
      vertex   -3.160940e+01 4.013462e+01 -1.250000e+02
      vertex   -3.028388e+01 4.628963e+01 -1.250000e+02
    endloop
  endfacet
  facet normal -0.000000e+00 0.000000e+00 1.000000e+00
    outer loop
      vertex   -3.028388e+01 4.628963e+01 -1.250000e+02
      vertex   -3.160940e+01 4.013462e+01 -1.250000e+02
      vertex   -2.981771e+01 4.639790e+01 -1.250000e+02
    endloop
  endfacet
  facet normal -0.000000e+00 0.000000e+00 1.000000e+00
    outer loop
      vertex   -2.981771e+01 4.639790e+01 -1.250000e+02
      vertex   -3.160940e+01 4.013462e+01 -1.250000e+02
      vertex   -2.939060e+01 4.661382e+01 -1.250000e+02
    endloop
  endfacet
  facet normal -0.000000e+00 0.000000e+00 1.000000e+00
    outer loop
      vertex   -2.939060e+01 4.661382e+01 -1.250000e+02
      vertex   -3.160940e+01 4.013462e+01 -1.250000e+02
      vertex   -2.060940e+01 4.746795e+01 -1.250000e+02
    endloop
  endfacet
  facet normal 0.000000e+00 0.000000e+00 1.000000e+00
    outer loop
      vertex   -2.939060e+01 4.661382e+01 -1.250000e+02
      vertex   -2.060940e+01 4.746795e+01 -1.250000e+02
      vertex   -1.839060e+01 5.394715e+01 -1.250000e+02
    endloop
  endfacet
  facet normal 0.000000e+00 0.000000e+00 1.000000e+00
    outer loop
      vertex   -1.839060e+01 5.394715e+01 -1.250000e+02
      vertex   -2.060940e+01 4.746795e+01 -1.250000e+02
      vertex   -2.018229e+01 4.768387e+01 -1.250000e+02
    endloop
  endfacet
  facet normal 0.000000e+00 0.000000e+00 1.000000e+00
    outer loop
      vertex   -1.839060e+01 5.394715e+01 -1.250000e+02
      vertex   -2.018229e+01 4.768387e+01 -1.250000e+02
      vertex   -1.971612e+01 4.779214e+01 -1.250000e+02
    endloop
  endfacet
  facet normal -0.000000e+00 0.000000e+00 1.000000e+00
    outer loop
      vertex   -4.137812e+01 4.441318e+01 -1.250000e+02
      vertex   -4.000000e+01 3.864089e+01 -1.250000e+02
      vertex   -4.000000e+01 4.454089e+01 -1.250000e+02
    endloop
  endfacet
  facet normal 0.000000e+00 0.000000e+00 1.000000e+00
    outer loop
      vertex   -4.000000e+01 4.454089e+01 -1.250000e+02
      vertex   -4.000000e+01 3.864089e+01 -1.250000e+02
      vertex   -3.958589e+01 3.858637e+01 -1.250000e+02
    endloop
  endfacet
  facet normal 0.000000e+00 0.000000e+00 1.000000e+00
    outer loop
      vertex   -4.000000e+01 4.454089e+01 -1.250000e+02
      vertex   -3.958589e+01 3.858637e+01 -1.250000e+02
      vertex   -3.920000e+01 3.842653e+01 -1.250000e+02
    endloop
  endfacet
  facet normal 0.000000e+00 0.000000e+00 1.000000e+00
    outer loop
      vertex   -4.137812e+01 4.441318e+01 -1.250000e+02
      vertex   -4.270931e+01 4.403443e+01 -1.250000e+02
      vertex   -4.000000e+01 3.864089e+01 -1.250000e+02
    endloop
  endfacet
  facet normal 0.000000e+00 0.000000e+00 1.000000e+00
    outer loop
      vertex   -4.000000e+01 3.864089e+01 -1.250000e+02
      vertex   -4.270931e+01 4.403443e+01 -1.250000e+02
      vertex   -4.041411e+01 3.858637e+01 -1.250000e+02
    endloop
  endfacet
  facet normal 0.000000e+00 0.000000e+00 1.000000e+00
    outer loop
      vertex   -4.041411e+01 3.858637e+01 -1.250000e+02
      vertex   -4.270931e+01 4.403443e+01 -1.250000e+02
      vertex   -4.394824e+01 4.341751e+01 -1.250000e+02
    endloop
  endfacet
  facet normal 0.000000e+00 0.000000e+00 1.000000e+00
    outer loop
      vertex   -4.041411e+01 3.858637e+01 -1.250000e+02
      vertex   -4.394824e+01 4.341751e+01 -1.250000e+02
      vertex   -4.505272e+01 4.258345e+01 -1.250000e+02
    endloop
  endfacet
  facet normal 0.000000e+00 0.000000e+00 1.000000e+00
    outer loop
      vertex   -4.041411e+01 3.858637e+01 -1.250000e+02
      vertex   -4.505272e+01 4.258345e+01 -1.250000e+02
      vertex   -4.080000e+01 3.842653e+01 -1.250000e+02
    endloop
  endfacet
  facet normal 0.000000e+00 0.000000e+00 1.000000e+00
    outer loop
      vertex   -4.080000e+01 3.842653e+01 -1.250000e+02
      vertex   -4.505272e+01 4.258345e+01 -1.250000e+02
      vertex   -4.598513e+01 4.156065e+01 -1.250000e+02
    endloop
  endfacet
  facet normal 0.000000e+00 0.000000e+00 1.000000e+00
    outer loop
      vertex   -4.080000e+01 3.842653e+01 -1.250000e+02
      vertex   -4.598513e+01 4.156065e+01 -1.250000e+02
      vertex   -4.113137e+01 3.817226e+01 -1.250000e+02
    endloop
  endfacet
  facet normal 0.000000e+00 0.000000e+00 1.000000e+00
    outer loop
      vertex   -4.113137e+01 3.817226e+01 -1.250000e+02
      vertex   -4.598513e+01 4.156065e+01 -1.250000e+02
      vertex   -4.671372e+01 4.038392e+01 -1.250000e+02
    endloop
  endfacet
  facet normal 0.000000e+00 0.000000e+00 1.000000e+00
    outer loop
      vertex   -4.113137e+01 3.817226e+01 -1.250000e+02
      vertex   -4.671372e+01 4.038392e+01 -1.250000e+02
      vertex   -4.138564e+01 3.784089e+01 -1.250000e+02
    endloop
  endfacet
  facet normal 0.000000e+00 0.000000e+00 1.000000e+00
    outer loop
      vertex   -4.138564e+01 3.784089e+01 -1.250000e+02
      vertex   -4.671372e+01 4.038392e+01 -1.250000e+02
      vertex   -4.721369e+01 3.909336e+01 -1.250000e+02
    endloop
  endfacet
  facet normal 0.000000e+00 0.000000e+00 1.000000e+00
    outer loop
      vertex   -4.138564e+01 3.784089e+01 -1.250000e+02
      vertex   -4.721369e+01 3.909336e+01 -1.250000e+02
      vertex   -4.154548e+01 3.745500e+01 -1.250000e+02
    endloop
  endfacet
  facet normal 0.000000e+00 0.000000e+00 1.000000e+00
    outer loop
      vertex   -4.154548e+01 3.745500e+01 -1.250000e+02
      vertex   -4.721369e+01 3.909336e+01 -1.250000e+02
      vertex   -4.746801e+01 3.773290e+01 -1.250000e+02
    endloop
  endfacet
  facet normal 0.000000e+00 0.000000e+00 1.000000e+00
    outer loop
      vertex   -4.154548e+01 3.745500e+01 -1.250000e+02
      vertex   -4.746801e+01 3.773290e+01 -1.250000e+02
      vertex   -4.160000e+01 3.704089e+01 -1.250000e+02
    endloop
  endfacet
  facet normal 0.000000e+00 0.000000e+00 1.000000e+00
    outer loop
      vertex   -4.160000e+01 3.704089e+01 -1.250000e+02
      vertex   -4.746801e+01 3.773290e+01 -1.250000e+02
      vertex   -4.746801e+01 3.634887e+01 -1.250000e+02
    endloop
  endfacet
  facet normal 0.000000e+00 0.000000e+00 1.000000e+00
    outer loop
      vertex   -4.160000e+01 3.704089e+01 -1.250000e+02
      vertex   -4.746801e+01 3.634887e+01 -1.250000e+02
      vertex   -4.154548e+01 3.662677e+01 -1.250000e+02
    endloop
  endfacet
  facet normal 0.000000e+00 0.000000e+00 1.000000e+00
    outer loop
      vertex   -4.154548e+01 3.662677e+01 -1.250000e+02
      vertex   -4.746801e+01 3.634887e+01 -1.250000e+02
      vertex   -4.721369e+01 3.498841e+01 -1.250000e+02
    endloop
  endfacet
  facet normal 0.000000e+00 0.000000e+00 1.000000e+00
    outer loop
      vertex   -4.154548e+01 3.662677e+01 -1.250000e+02
      vertex   -4.721369e+01 3.498841e+01 -1.250000e+02
      vertex   -4.138564e+01 3.624089e+01 -1.250000e+02
    endloop
  endfacet
  facet normal 0.000000e+00 0.000000e+00 1.000000e+00
    outer loop
      vertex   -4.138564e+01 3.624089e+01 -1.250000e+02
      vertex   -4.721369e+01 3.498841e+01 -1.250000e+02
      vertex   -4.671372e+01 3.369785e+01 -1.250000e+02
    endloop
  endfacet
  facet normal 0.000000e+00 0.000000e+00 1.000000e+00
    outer loop
      vertex   -4.138564e+01 3.624089e+01 -1.250000e+02
      vertex   -4.671372e+01 3.369785e+01 -1.250000e+02
      vertex   -4.113137e+01 3.590951e+01 -1.250000e+02
    endloop
  endfacet
  facet normal 0.000000e+00 0.000000e+00 1.000000e+00
    outer loop
      vertex   -4.113137e+01 3.590951e+01 -1.250000e+02
      vertex   -4.671372e+01 3.369785e+01 -1.250000e+02
      vertex   -4.598513e+01 3.252113e+01 -1.250000e+02
    endloop
  endfacet
  facet normal 0.000000e+00 0.000000e+00 1.000000e+00
    outer loop
      vertex   -4.113137e+01 3.590951e+01 -1.250000e+02
      vertex   -4.598513e+01 3.252113e+01 -1.250000e+02
      vertex   -4.080000e+01 3.565524e+01 -1.250000e+02
    endloop
  endfacet
  facet normal 0.000000e+00 0.000000e+00 1.000000e+00
    outer loop
      vertex   -4.080000e+01 3.565524e+01 -1.250000e+02
      vertex   -4.598513e+01 3.252113e+01 -1.250000e+02
      vertex   -4.505272e+01 3.149832e+01 -1.250000e+02
    endloop
  endfacet
  facet normal 0.000000e+00 0.000000e+00 1.000000e+00
    outer loop
      vertex   -4.080000e+01 3.565524e+01 -1.250000e+02
      vertex   -4.505272e+01 3.149832e+01 -1.250000e+02
      vertex   -4.041411e+01 3.549540e+01 -1.250000e+02
    endloop
  endfacet
  facet normal 0.000000e+00 0.000000e+00 1.000000e+00
    outer loop
      vertex   -4.041411e+01 3.549540e+01 -1.250000e+02
      vertex   -4.505272e+01 3.149832e+01 -1.250000e+02
      vertex   -4.394824e+01 3.066426e+01 -1.250000e+02
    endloop
  endfacet
  facet normal 0.000000e+00 0.000000e+00 1.000000e+00
    outer loop
      vertex   -4.041411e+01 3.549540e+01 -1.250000e+02
      vertex   -4.394824e+01 3.066426e+01 -1.250000e+02
      vertex   -4.270931e+01 3.004734e+01 -1.250000e+02
    endloop
  endfacet
  facet normal 0.000000e+00 0.000000e+00 1.000000e+00
    outer loop
      vertex   -4.041411e+01 3.549540e+01 -1.250000e+02
      vertex   -4.270931e+01 3.004734e+01 -1.250000e+02
      vertex   -4.000000e+01 3.544089e+01 -1.250000e+02
    endloop
  endfacet
  facet normal 0.000000e+00 0.000000e+00 1.000000e+00
    outer loop
      vertex   -4.000000e+01 3.544089e+01 -1.250000e+02
      vertex   -4.270931e+01 3.004734e+01 -1.250000e+02
      vertex   -4.137812e+01 2.966859e+01 -1.250000e+02
    endloop
  endfacet
  facet normal 0.000000e+00 0.000000e+00 1.000000e+00
    outer loop
      vertex   -4.000000e+01 3.544089e+01 -1.250000e+02
      vertex   -4.137812e+01 2.966859e+01 -1.250000e+02
      vertex   -4.000000e+01 2.954089e+01 -1.250000e+02
    endloop
  endfacet
  facet normal -0.000000e+00 0.000000e+00 1.000000e+00
    outer loop
      vertex   -4.000000e+01 2.321110e+01 -1.250000e+02
      vertex   -3.730047e+01 2.263737e+01 -1.250000e+02
      vertex   -4.000000e+01 2.954089e+01 -1.250000e+02
    endloop
  endfacet
  facet normal 0.000000e+00 0.000000e+00 1.000000e+00
    outer loop
      vertex   -4.000000e+01 2.954089e+01 -1.250000e+02
      vertex   -3.730047e+01 2.263737e+01 -1.250000e+02
      vertex   -3.278462e+01 2.933240e+01 -1.250000e+02
    endloop
  endfacet
  facet normal -0.000000e+00 0.000000e+00 1.000000e+00
    outer loop
      vertex   -4.000000e+01 2.954089e+01 -1.250000e+02
      vertex   -3.278462e+01 2.933240e+01 -1.250000e+02
      vertex   -3.198085e+01 3.426697e+01 -1.250000e+02
    endloop
  endfacet
  facet normal 0.000000e+00 0.000000e+00 1.000000e+00
    outer loop
      vertex   -3.198085e+01 3.426697e+01 -1.250000e+02
      vertex   -3.278462e+01 2.933240e+01 -1.250000e+02
      vertex   -3.160940e+01 3.394715e+01 -1.250000e+02
    endloop
  endfacet
  facet normal 0.000000e+00 0.000000e+00 1.000000e+00
    outer loop
      vertex   -3.160940e+01 3.394715e+01 -1.250000e+02
      vertex   -3.278462e+01 2.933240e+01 -1.250000e+02
      vertex   -3.080090e+01 2.799437e+01 -1.250000e+02
    endloop
  endfacet
  facet normal 0.000000e+00 0.000000e+00 1.000000e+00
    outer loop
      vertex   -3.160940e+01 3.394715e+01 -1.250000e+02
      vertex   -3.080090e+01 2.799437e+01 -1.250000e+02
      vertex   -2.060940e+01 2.661382e+01 -1.250000e+02
    endloop
  endfacet
  facet normal 9.932293e-16 7.332232e-15 1.000000e+00
    outer loop
      vertex   -2.060940e+01 2.661382e+01 -1.250000e+02
      vertex   -3.080090e+01 2.799437e+01 -1.250000e+02
      vertex   -2.720543e+01 2.556919e+01 -1.250000e+02
    endloop
  endfacet
  facet normal 1.744786e-15 2.586751e-15 1.000000e+00
    outer loop
      vertex   -2.060940e+01 2.661382e+01 -1.250000e+02
      vertex   -2.720543e+01 2.556919e+01 -1.250000e+02
      vertex   -2.646153e+01 2.506742e+01 -1.250000e+02
    endloop
  endfacet
  facet normal 0.000000e+00 0.000000e+00 1.000000e+00
    outer loop
      vertex   -2.646153e+01 2.506742e+01 -1.250000e+02
      vertex   -2.720543e+01 2.556919e+01 -1.250000e+02
      vertex   -2.735566e+01 2.080001e+01 -1.250000e+02
    endloop
  endfacet
  facet normal 0.000000e+00 0.000000e+00 1.000000e+00
    outer loop
      vertex   -2.646153e+01 2.506742e+01 -1.250000e+02
      vertex   -2.735566e+01 2.080001e+01 -1.250000e+02
      vertex   -2.673575e+01 2.038188e+01 -1.250000e+02
    endloop
  endfacet
  facet normal -5.693254e-15 -8.440597e-15 1.000000e+00
    outer loop
      vertex   -2.673575e+01 2.038188e+01 -1.250000e+02
      vertex   -2.735566e+01 2.080001e+01 -1.250000e+02
      vertex   -3.106101e+01 1.824841e+01 -1.250000e+02
    endloop
  endfacet
  facet normal -6.663706e-15 -7.031336e-15 1.000000e+00
    outer loop
      vertex   -3.106101e+01 1.824841e+01 -1.250000e+02
      vertex   -2.735566e+01 2.080001e+01 -1.250000e+02
      vertex   -3.172128e+01 1.887416e+01 -1.250000e+02
    endloop
  endfacet
  facet normal 4.512504e-15 4.761454e-15 1.000000e+00
    outer loop
      vertex   -3.106101e+01 1.824841e+01 -1.250000e+02
      vertex   -3.172128e+01 1.887416e+01 -1.250000e+02
      vertex   -3.732820e+01 1.821880e+01 -1.250000e+02
    endloop
  endfacet
  facet normal 6.071618e-15 -8.577584e-15 1.000000e+00
    outer loop
      vertex   -3.732820e+01 1.821880e+01 -1.250000e+02
      vertex   -3.172128e+01 1.887416e+01 -1.250000e+02
      vertex   -3.531676e+01 2.129934e+01 -1.250000e+02
    endloop
  endfacet
  facet normal -2.461904e-15 -3.005604e-15 1.000000e+00
    outer loop
      vertex   -3.732820e+01 1.821880e+01 -1.250000e+02
      vertex   -3.531676e+01 2.129934e+01 -1.250000e+02
      vertex   -3.823909e+01 1.896491e+01 -1.250000e+02
    endloop
  endfacet
  facet normal -2.935517e-15 -2.412716e-15 1.000000e+00
    outer loop
      vertex   -3.823909e+01 1.896491e+01 -1.250000e+02
      vertex   -3.531676e+01 2.129934e+01 -1.250000e+02
      vertex   -3.898672e+01 1.987455e+01 -1.250000e+02
    endloop
  endfacet
  facet normal -3.206066e-15 -1.715834e-15 1.000000e+00
    outer loop
      vertex   -3.898672e+01 1.987455e+01 -1.250000e+02
      vertex   -3.531676e+01 2.129934e+01 -1.250000e+02
      vertex   -3.954232e+01 2.091268e+01 -1.250000e+02
    endloop
  endfacet
  facet normal -3.817084e-15 4.961663e-15 1.000000e+00
    outer loop
      vertex   -3.954232e+01 2.091268e+01 -1.250000e+02
      vertex   -3.531676e+01 2.129934e+01 -1.250000e+02
      vertex   -3.730047e+01 2.263737e+01 -1.250000e+02
    endloop
  endfacet
  facet normal 0.000000e+00 -0.000000e+00 1.000000e+00
    outer loop
      vertex   -3.954232e+01 2.091268e+01 -1.250000e+02
      vertex   -3.730047e+01 2.263737e+01 -1.250000e+02
      vertex   -3.988447e+01 2.203933e+01 -1.250000e+02
    endloop
  endfacet
  facet normal 0.000000e+00 -0.000000e+00 1.000000e+00
    outer loop
      vertex   -3.988447e+01 2.203933e+01 -1.250000e+02
      vertex   -3.730047e+01 2.263737e+01 -1.250000e+02
      vertex   -4.000000e+01 2.321110e+01 -1.250000e+02
    endloop
  endfacet
  facet normal 5.326830e-15 8.815924e-15 1.000000e+00
    outer loop
      vertex   -1.151155e+01 1.007698e+00 -1.250000e+02
      vertex   -2.263024e+01 1.256178e+01 -1.250000e+02
      vertex   -3.732820e+01 1.821880e+01 -1.250000e+02
    endloop
  endfacet
  facet normal 4.503455e-15 6.676647e-15 1.000000e+00
    outer loop
      vertex   -3.732820e+01 1.821880e+01 -1.250000e+02
      vertex   -2.263024e+01 1.256178e+01 -1.250000e+02
      vertex   -2.325015e+01 1.297992e+01 -1.250000e+02
    endloop
  endfacet
  facet normal 4.503455e-15 6.676647e-15 1.000000e+00
    outer loop
      vertex   -3.732820e+01 1.821880e+01 -1.250000e+02
      vertex   -2.325015e+01 1.297992e+01 -1.250000e+02
      vertex   -2.581244e+01 1.470821e+01 -1.250000e+02
    endloop
  endfacet
  facet normal 1.299232e-14 -1.359530e-15 1.000000e+00
    outer loop
      vertex   -1.047558e+01 4.551230e-01 -1.250000e+02
      vertex   -1.000000e+01 5.000000e+00 -1.250000e+02
      vertex   -1.151155e+01 1.007698e+00 -1.250000e+02
    endloop
  endfacet
  facet normal -5.968216e-16 3.785530e-15 1.000000e+00
    outer loop
      vertex   -1.151155e+01 1.007698e+00 -1.250000e+02
      vertex   -1.000000e+01 5.000000e+00 -1.250000e+02
      vertex   -1.718514e+01 1.137519e+01 -1.250000e+02
    endloop
  endfacet
  facet normal 1.554181e-15 4.962664e-15 1.000000e+00
    outer loop
      vertex   -1.151155e+01 1.007698e+00 -1.250000e+02
      vertex   -1.718514e+01 1.137519e+01 -1.250000e+02
      vertex   -1.757566e+01 1.149749e+01 -1.250000e+02
    endloop
  endfacet
  facet normal -0.000000e+00 0.000000e+00 1.000000e+00
    outer loop
      vertex   -1.047558e+01 4.551230e-01 -1.250000e+02
      vertex   -9.351836e+00 1.148805e-01 -1.250000e+02
      vertex   -1.000000e+01 5.000000e+00 -1.250000e+02
    endloop
  endfacet
  facet normal -1.232247e-14 -1.634960e-15 1.000000e+00
    outer loop
      vertex   -1.000000e+01 5.000000e+00 -1.250000e+02
      vertex   -9.351836e+00 1.148805e-01 -1.250000e+02
      vertex   -8.183346e+00 -1.776357e-13 -1.250000e+02
    endloop
  endfacet
  facet normal 0.000000e+00 2.842171e-15 1.000000e+00
    outer loop
      vertex   -1.000000e+01 5.000000e+00 -1.250000e+02
      vertex   -8.183346e+00 -1.776357e-13 -1.250000e+02
      vertex   8.183346e+00 -1.776357e-13 -1.250000e+02
    endloop
  endfacet
  facet normal -0.000000e+00 2.842171e-15 1.000000e+00
    outer loop
      vertex   -1.000000e+01 5.000000e+00 -1.250000e+02
      vertex   8.183346e+00 -1.776357e-13 -1.250000e+02
      vertex   1.000000e+01 5.000000e+00 -1.250000e+02
    endloop
  endfacet
  facet normal 1.232247e-14 -1.634960e-15 1.000000e+00
    outer loop
      vertex   1.000000e+01 5.000000e+00 -1.250000e+02
      vertex   8.183346e+00 -1.776357e-13 -1.250000e+02
      vertex   9.351836e+00 1.148805e-01 -1.250000e+02
    endloop
  endfacet
  facet normal 0.000000e+00 0.000000e+00 1.000000e+00
    outer loop
      vertex   1.000000e+01 5.000000e+00 -1.250000e+02
      vertex   9.351836e+00 1.148805e-01 -1.250000e+02
      vertex   1.047558e+01 4.551230e-01 -1.250000e+02
    endloop
  endfacet
  facet normal -1.299232e-14 -1.359530e-15 1.000000e+00
    outer loop
      vertex   1.047558e+01 4.551230e-01 -1.250000e+02
      vertex   1.151155e+01 1.007698e+00 -1.250000e+02
      vertex   1.000000e+01 5.000000e+00 -1.250000e+02
    endloop
  endfacet
  facet normal -1.455266e-15 3.008578e-15 1.000000e+00
    outer loop
      vertex   1.000000e+01 5.000000e+00 -1.250000e+02
      vertex   1.151155e+01 1.007698e+00 -1.250000e+02
      vertex   3.732820e+01 1.821880e+01 -1.250000e+02
    endloop
  endfacet
  facet normal 0.000000e+00 0.000000e+00 1.000000e+00
    outer loop
      vertex   1.000000e+01 5.000000e+00 -1.250000e+02
      vertex   3.732820e+01 1.821880e+01 -1.250000e+02
      vertex   1.971612e+01 2.628963e+01 -1.250000e+02
    endloop
  endfacet
  facet normal -0.000000e+00 0.000000e+00 1.000000e+00
    outer loop
      vertex   1.971612e+01 2.628963e+01 -1.250000e+02
      vertex   3.732820e+01 1.821880e+01 -1.250000e+02
      vertex   2.018229e+01 2.639790e+01 -1.250000e+02
    endloop
  endfacet
  facet normal -0.000000e+00 0.000000e+00 1.000000e+00
    outer loop
      vertex   2.018229e+01 2.639790e+01 -1.250000e+02
      vertex   3.732820e+01 1.821880e+01 -1.250000e+02
      vertex   2.060940e+01 2.661382e+01 -1.250000e+02
    endloop
  endfacet
  facet normal 0.000000e+00 0.000000e+00 1.000000e+00
    outer loop
      vertex   2.060940e+01 2.661382e+01 -1.250000e+02
      vertex   3.732820e+01 1.821880e+01 -1.250000e+02
      vertex   4.000000e+01 2.321110e+01 -1.250000e+02
    endloop
  endfacet
  facet normal -0.000000e+00 0.000000e+00 1.000000e+00
    outer loop
      vertex   2.060940e+01 2.661382e+01 -1.250000e+02
      vertex   4.000000e+01 2.321110e+01 -1.250000e+02
      vertex   4.000000e+01 2.954089e+01 -1.250000e+02
    endloop
  endfacet
  facet normal 0.000000e+00 -0.000000e+00 1.000000e+00
    outer loop
      vertex   3.823909e+01 1.896491e+01 -1.250000e+02
      vertex   3.898672e+01 1.987455e+01 -1.250000e+02
      vertex   3.732820e+01 1.821880e+01 -1.250000e+02
    endloop
  endfacet
  facet normal 0.000000e+00 0.000000e+00 1.000000e+00
    outer loop
      vertex   3.732820e+01 1.821880e+01 -1.250000e+02
      vertex   3.898672e+01 1.987455e+01 -1.250000e+02
      vertex   3.954232e+01 2.091268e+01 -1.250000e+02
    endloop
  endfacet
  facet normal 0.000000e+00 0.000000e+00 1.000000e+00
    outer loop
      vertex   3.732820e+01 1.821880e+01 -1.250000e+02
      vertex   3.954232e+01 2.091268e+01 -1.250000e+02
      vertex   3.988447e+01 2.203933e+01 -1.250000e+02
    endloop
  endfacet
  facet normal 0.000000e+00 -0.000000e+00 1.000000e+00
    outer loop
      vertex   3.988447e+01 2.203933e+01 -1.250000e+02
      vertex   4.000000e+01 2.321110e+01 -1.250000e+02
      vertex   3.732820e+01 1.821880e+01 -1.250000e+02
    endloop
  endfacet
  facet normal 0.000000e+00 0.000000e+00 1.000000e+00
    outer loop
      vertex   4.137812e+01 2.966859e+01 -1.250000e+02
      vertex   4.000000e+01 3.544089e+01 -1.250000e+02
      vertex   4.000000e+01 2.954089e+01 -1.250000e+02
    endloop
  endfacet
  facet normal 0.000000e+00 -0.000000e+00 1.000000e+00
    outer loop
      vertex   4.000000e+01 2.954089e+01 -1.250000e+02
      vertex   4.000000e+01 3.544089e+01 -1.250000e+02
      vertex   3.958589e+01 3.549540e+01 -1.250000e+02
    endloop
  endfacet
  facet normal 0.000000e+00 0.000000e+00 1.000000e+00
    outer loop
      vertex   4.000000e+01 2.954089e+01 -1.250000e+02
      vertex   3.958589e+01 3.549540e+01 -1.250000e+02
      vertex   3.920000e+01 3.565524e+01 -1.250000e+02
    endloop
  endfacet
  facet normal 0.000000e+00 -0.000000e+00 1.000000e+00
    outer loop
      vertex   4.137812e+01 2.966859e+01 -1.250000e+02
      vertex   4.270931e+01 3.004734e+01 -1.250000e+02
      vertex   4.000000e+01 3.544089e+01 -1.250000e+02
    endloop
  endfacet
  facet normal -0.000000e+00 0.000000e+00 1.000000e+00
    outer loop
      vertex   4.000000e+01 3.544089e+01 -1.250000e+02
      vertex   4.270931e+01 3.004734e+01 -1.250000e+02
      vertex   4.041411e+01 3.549540e+01 -1.250000e+02
    endloop
  endfacet
  facet normal 0.000000e+00 0.000000e+00 1.000000e+00
    outer loop
      vertex   4.041411e+01 3.549540e+01 -1.250000e+02
      vertex   4.270931e+01 3.004734e+01 -1.250000e+02
      vertex   4.394824e+01 3.066426e+01 -1.250000e+02
    endloop
  endfacet
  facet normal 0.000000e+00 0.000000e+00 1.000000e+00
    outer loop
      vertex   4.041411e+01 3.549540e+01 -1.250000e+02
      vertex   4.394824e+01 3.066426e+01 -1.250000e+02
      vertex   4.505272e+01 3.149832e+01 -1.250000e+02
    endloop
  endfacet
  facet normal -0.000000e+00 0.000000e+00 1.000000e+00
    outer loop
      vertex   4.041411e+01 3.549540e+01 -1.250000e+02
      vertex   4.505272e+01 3.149832e+01 -1.250000e+02
      vertex   4.080000e+01 3.565524e+01 -1.250000e+02
    endloop
  endfacet
  facet normal 0.000000e+00 0.000000e+00 1.000000e+00
    outer loop
      vertex   4.080000e+01 3.565524e+01 -1.250000e+02
      vertex   4.505272e+01 3.149832e+01 -1.250000e+02
      vertex   4.598513e+01 3.252113e+01 -1.250000e+02
    endloop
  endfacet
  facet normal -0.000000e+00 0.000000e+00 1.000000e+00
    outer loop
      vertex   4.080000e+01 3.565524e+01 -1.250000e+02
      vertex   4.598513e+01 3.252113e+01 -1.250000e+02
      vertex   4.113137e+01 3.590951e+01 -1.250000e+02
    endloop
  endfacet
  facet normal 0.000000e+00 0.000000e+00 1.000000e+00
    outer loop
      vertex   4.113137e+01 3.590951e+01 -1.250000e+02
      vertex   4.598513e+01 3.252113e+01 -1.250000e+02
      vertex   4.671372e+01 3.369785e+01 -1.250000e+02
    endloop
  endfacet
  facet normal -0.000000e+00 0.000000e+00 1.000000e+00
    outer loop
      vertex   4.113137e+01 3.590951e+01 -1.250000e+02
      vertex   4.671372e+01 3.369785e+01 -1.250000e+02
      vertex   4.138564e+01 3.624089e+01 -1.250000e+02
    endloop
  endfacet
  facet normal 0.000000e+00 0.000000e+00 1.000000e+00
    outer loop
      vertex   4.138564e+01 3.624089e+01 -1.250000e+02
      vertex   4.671372e+01 3.369785e+01 -1.250000e+02
      vertex   4.721369e+01 3.498841e+01 -1.250000e+02
    endloop
  endfacet
  facet normal -0.000000e+00 0.000000e+00 1.000000e+00
    outer loop
      vertex   4.138564e+01 3.624089e+01 -1.250000e+02
      vertex   4.721369e+01 3.498841e+01 -1.250000e+02
      vertex   4.154548e+01 3.662677e+01 -1.250000e+02
    endloop
  endfacet
  facet normal 0.000000e+00 0.000000e+00 1.000000e+00
    outer loop
      vertex   4.154548e+01 3.662677e+01 -1.250000e+02
      vertex   4.721369e+01 3.498841e+01 -1.250000e+02
      vertex   4.746801e+01 3.634887e+01 -1.250000e+02
    endloop
  endfacet
  facet normal -0.000000e+00 0.000000e+00 1.000000e+00
    outer loop
      vertex   4.154548e+01 3.662677e+01 -1.250000e+02
      vertex   4.746801e+01 3.634887e+01 -1.250000e+02
      vertex   4.160000e+01 3.704089e+01 -1.250000e+02
    endloop
  endfacet
  facet normal -0.000000e+00 0.000000e+00 1.000000e+00
    outer loop
      vertex   4.160000e+01 3.704089e+01 -1.250000e+02
      vertex   4.746801e+01 3.634887e+01 -1.250000e+02
      vertex   4.746801e+01 3.773290e+01 -1.250000e+02
    endloop
  endfacet
  facet normal 0.000000e+00 -0.000000e+00 1.000000e+00
    outer loop
      vertex   4.160000e+01 3.704089e+01 -1.250000e+02
      vertex   4.746801e+01 3.773290e+01 -1.250000e+02
      vertex   4.154548e+01 3.745500e+01 -1.250000e+02
    endloop
  endfacet
  facet normal 0.000000e+00 0.000000e+00 1.000000e+00
    outer loop
      vertex   4.154548e+01 3.745500e+01 -1.250000e+02
      vertex   4.746801e+01 3.773290e+01 -1.250000e+02
      vertex   4.721369e+01 3.909336e+01 -1.250000e+02
    endloop
  endfacet
  facet normal 0.000000e+00 -0.000000e+00 1.000000e+00
    outer loop
      vertex   4.154548e+01 3.745500e+01 -1.250000e+02
      vertex   4.721369e+01 3.909336e+01 -1.250000e+02
      vertex   4.138564e+01 3.784089e+01 -1.250000e+02
    endloop
  endfacet
  facet normal 0.000000e+00 0.000000e+00 1.000000e+00
    outer loop
      vertex   4.138564e+01 3.784089e+01 -1.250000e+02
      vertex   4.721369e+01 3.909336e+01 -1.250000e+02
      vertex   4.671372e+01 4.038392e+01 -1.250000e+02
    endloop
  endfacet
  facet normal 0.000000e+00 -0.000000e+00 1.000000e+00
    outer loop
      vertex   4.138564e+01 3.784089e+01 -1.250000e+02
      vertex   4.671372e+01 4.038392e+01 -1.250000e+02
      vertex   4.113137e+01 3.817226e+01 -1.250000e+02
    endloop
  endfacet
  facet normal 0.000000e+00 0.000000e+00 1.000000e+00
    outer loop
      vertex   4.113137e+01 3.817226e+01 -1.250000e+02
      vertex   4.671372e+01 4.038392e+01 -1.250000e+02
      vertex   4.598513e+01 4.156065e+01 -1.250000e+02
    endloop
  endfacet
  facet normal 0.000000e+00 -0.000000e+00 1.000000e+00
    outer loop
      vertex   4.113137e+01 3.817226e+01 -1.250000e+02
      vertex   4.598513e+01 4.156065e+01 -1.250000e+02
      vertex   4.080000e+01 3.842653e+01 -1.250000e+02
    endloop
  endfacet
  facet normal 0.000000e+00 0.000000e+00 1.000000e+00
    outer loop
      vertex   4.080000e+01 3.842653e+01 -1.250000e+02
      vertex   4.598513e+01 4.156065e+01 -1.250000e+02
      vertex   4.505272e+01 4.258345e+01 -1.250000e+02
    endloop
  endfacet
  facet normal 0.000000e+00 -0.000000e+00 1.000000e+00
    outer loop
      vertex   4.080000e+01 3.842653e+01 -1.250000e+02
      vertex   4.505272e+01 4.258345e+01 -1.250000e+02
      vertex   4.041411e+01 3.858637e+01 -1.250000e+02
    endloop
  endfacet
  facet normal 0.000000e+00 0.000000e+00 1.000000e+00
    outer loop
      vertex   4.041411e+01 3.858637e+01 -1.250000e+02
      vertex   4.505272e+01 4.258345e+01 -1.250000e+02
      vertex   4.394824e+01 4.341751e+01 -1.250000e+02
    endloop
  endfacet
  facet normal 0.000000e+00 0.000000e+00 1.000000e+00
    outer loop
      vertex   4.041411e+01 3.858637e+01 -1.250000e+02
      vertex   4.394824e+01 4.341751e+01 -1.250000e+02
      vertex   4.270931e+01 4.403443e+01 -1.250000e+02
    endloop
  endfacet
  facet normal 0.000000e+00 -0.000000e+00 1.000000e+00
    outer loop
      vertex   4.041411e+01 3.858637e+01 -1.250000e+02
      vertex   4.270931e+01 4.403443e+01 -1.250000e+02
      vertex   4.000000e+01 3.864089e+01 -1.250000e+02
    endloop
  endfacet
  facet normal 0.000000e+00 0.000000e+00 1.000000e+00
    outer loop
      vertex   4.000000e+01 3.864089e+01 -1.250000e+02
      vertex   4.270931e+01 4.403443e+01 -1.250000e+02
      vertex   4.137812e+01 4.441318e+01 -1.250000e+02
    endloop
  endfacet
  facet normal 0.000000e+00 0.000000e+00 1.000000e+00
    outer loop
      vertex   4.000000e+01 3.864089e+01 -1.250000e+02
      vertex   4.137812e+01 4.441318e+01 -1.250000e+02
      vertex   4.000000e+01 4.454089e+01 -1.250000e+02
    endloop
  endfacet
  facet normal 0.000000e+00 0.000000e+00 1.000000e+00
    outer loop
      vertex   4.000000e+01 6.218975e+01 -1.250000e+02
      vertex   3.250000e+01 4.827792e+01 -1.250000e+02
      vertex   4.000000e+01 4.454089e+01 -1.250000e+02
    endloop
  endfacet
  facet normal 0.000000e+00 0.000000e+00 1.000000e+00
    outer loop
      vertex   4.000000e+01 4.454089e+01 -1.250000e+02
      vertex   3.250000e+01 4.827792e+01 -1.250000e+02
      vertex   3.244274e+01 4.780277e+01 -1.250000e+02
    endloop
  endfacet
  facet normal 0.000000e+00 0.000000e+00 1.000000e+00
    outer loop
      vertex   4.000000e+01 4.454089e+01 -1.250000e+02
      vertex   3.244274e+01 4.780277e+01 -1.250000e+02
      vertex   3.227424e+01 4.735483e+01 -1.250000e+02
    endloop
  endfacet
  facet normal 0.000000e+00 0.000000e+00 1.000000e+00
    outer loop
      vertex   3.250000e+01 4.827792e+01 -1.250000e+02
      vertex   4.000000e+01 6.218975e+01 -1.250000e+02
      vertex   3.250000e+01 6.254089e+01 -1.250000e+02
    endloop
  endfacet
  facet normal -0.000000e+00 0.000000e+00 1.000000e+00
    outer loop
      vertex   3.250000e+01 6.254089e+01 -1.250000e+02
      vertex   4.000000e+01 6.218975e+01 -1.250000e+02
      vertex   4.009186e+01 6.323565e+01 -1.250000e+02
    endloop
  endfacet
  facet normal 0.000000e+00 -0.000000e+00 1.000000e+00
    outer loop
      vertex   3.250000e+01 6.254089e+01 -1.250000e+02
      vertex   4.009186e+01 6.323565e+01 -1.250000e+02
      vertex   3.243185e+01 6.305852e+01 -1.250000e+02
    endloop
  endfacet
  facet normal 0.000000e+00 -0.000000e+00 1.000000e+00
    outer loop
      vertex   3.243185e+01 6.305852e+01 -1.250000e+02
      vertex   4.009186e+01 6.323565e+01 -1.250000e+02
      vertex   3.223205e+01 6.354089e+01 -1.250000e+02
    endloop
  endfacet
  facet normal -0.000000e+00 0.000000e+00 1.000000e+00
    outer loop
      vertex   3.223205e+01 6.354089e+01 -1.250000e+02
      vertex   4.009186e+01 6.323565e+01 -1.250000e+02
      vertex   4.036463e+01 6.424952e+01 -1.250000e+02
    endloop
  endfacet
  facet normal 0.000000e+00 -0.000000e+00 1.000000e+00
    outer loop
      vertex   3.223205e+01 6.354089e+01 -1.250000e+02
      vertex   4.036463e+01 6.424952e+01 -1.250000e+02
      vertex   3.191421e+01 6.395510e+01 -1.250000e+02
    endloop
  endfacet
  facet normal 0.000000e+00 0.000000e+00 1.000000e+00
    outer loop
      vertex   3.191421e+01 6.395510e+01 -1.250000e+02
      vertex   4.036463e+01 6.424952e+01 -1.250000e+02
      vertex   4.080997e+01 6.520032e+01 -1.250000e+02
    endloop
  endfacet
  facet normal 0.000000e+00 -0.000000e+00 1.000000e+00
    outer loop
      vertex   3.191421e+01 6.395510e+01 -1.250000e+02
      vertex   4.080997e+01 6.520032e+01 -1.250000e+02
      vertex   3.150000e+01 6.427294e+01 -1.250000e+02
    endloop
  endfacet
  facet normal 0.000000e+00 0.000000e+00 1.000000e+00
    outer loop
      vertex   3.150000e+01 6.427294e+01 -1.250000e+02
      vertex   4.080997e+01 6.520032e+01 -1.250000e+02
      vertex   4.141422e+01 6.605894e+01 -1.250000e+02
    endloop
  endfacet
  facet normal 0.000000e+00 -0.000000e+00 1.000000e+00
    outer loop
      vertex   3.150000e+01 6.427294e+01 -1.250000e+02
      vertex   4.141422e+01 6.605894e+01 -1.250000e+02
      vertex   3.101764e+01 6.447274e+01 -1.250000e+02
    endloop
  endfacet
  facet normal 0.000000e+00 0.000000e+00 1.000000e+00
    outer loop
      vertex   3.101764e+01 6.447274e+01 -1.250000e+02
      vertex   4.141422e+01 6.605894e+01 -1.250000e+02
      vertex   4.215889e+01 6.679908e+01 -1.250000e+02
    endloop
  endfacet
  facet normal -4.938667e-16 2.365214e-15 1.000000e+00
    outer loop
      vertex   3.101764e+01 6.447274e+01 -1.250000e+02
      vertex   4.215889e+01 6.679908e+01 -1.250000e+02
      vertex   3.077303e+01 7.643821e+01 -1.250000e+02
    endloop
  endfacet
  facet normal -8.200908e-16 1.979874e-15 1.000000e+00
    outer loop
      vertex   3.077303e+01 7.643821e+01 -1.250000e+02
      vertex   4.215889e+01 6.679908e+01 -1.250000e+02
      vertex   3.140020e+01 7.669799e+01 -1.250000e+02
    endloop
  endfacet
  facet normal -1.201296e-15 1.565559e-15 1.000000e+00
    outer loop
      vertex   3.140020e+01 7.669799e+01 -1.250000e+02
      vertex   4.215889e+01 6.679908e+01 -1.250000e+02
      vertex   3.193876e+01 7.711124e+01 -1.250000e+02
    endloop
  endfacet
  facet normal -1.567408e-15 1.202714e-15 1.000000e+00
    outer loop
      vertex   3.193876e+01 7.711124e+01 -1.250000e+02
      vertex   4.215889e+01 6.679908e+01 -1.250000e+02
      vertex   3.235201e+01 7.764980e+01 -1.250000e+02
    endloop
  endfacet
  facet normal -1.987337e-15 8.231821e-16 1.000000e+00
    outer loop
      vertex   3.235201e+01 7.764980e+01 -1.250000e+02
      vertex   4.215889e+01 6.679908e+01 -1.250000e+02
      vertex   3.261179e+01 7.827697e+01 -1.250000e+02
    endloop
  endfacet
  facet normal 7.421046e-16 3.093483e-15 1.000000e+00
    outer loop
      vertex   3.261179e+01 7.827697e+01 -1.250000e+02
      vertex   4.215889e+01 6.679908e+01 -1.250000e+02
      vertex   5.500000e+01 7.750000e+01 -1.250000e+02
    endloop
  endfacet
  facet normal 5.783374e-16 -1.625440e-15 1.000000e+00
    outer loop
      vertex   3.261179e+01 7.827697e+01 -1.250000e+02
      vertex   5.500000e+01 7.750000e+01 -1.250000e+02
      vertex   4.898195e+01 8.410153e+01 -1.250000e+02
    endloop
  endfacet
  facet normal -6.271699e-14 -5.932636e-14 1.000000e+00
    outer loop
      vertex   4.898195e+01 8.410153e+01 -1.250000e+02
      vertex   5.500000e+01 7.750000e+01 -1.250000e+02
      vertex   4.949959e+01 8.403338e+01 -1.250000e+02
    endloop
  endfacet
  facet normal 3.530886e-15 -3.552713e-15 1.000000e+00
    outer loop
      vertex   4.949959e+01 8.403338e+01 -1.250000e+02
      vertex   5.500000e+01 7.750000e+01 -1.250000e+02
      vertex   5.500000e+01 8.150000e+01 -1.250000e+02
    endloop
  endfacet
  facet normal 0.000000e+00 -1.121888e-14 1.000000e+00
    outer loop
      vertex   4.949959e+01 8.403338e+01 -1.250000e+02
      vertex   5.500000e+01 8.150000e+01 -1.250000e+02
      vertex   5.049959e+01 8.403338e+01 -1.250000e+02
    endloop
  endfacet
  facet normal 4.569636e-14 6.995815e-14 1.000000e+00
    outer loop
      vertex   5.049959e+01 8.403338e+01 -1.250000e+02
      vertex   5.500000e+01 8.150000e+01 -1.250000e+02
      vertex   5.101723e+01 8.410153e+01 -1.250000e+02
    endloop
  endfacet
  facet normal 0.000000e+00 0.000000e+00 1.000000e+00
    outer loop
      vertex   5.101723e+01 8.410153e+01 -1.250000e+02
      vertex   5.500000e+01 8.150000e+01 -1.250000e+02
      vertex   5.508519e+01 8.214705e+01 -1.250000e+02
    endloop
  endfacet
  facet normal -0.000000e+00 0.000000e+00 1.000000e+00
    outer loop
      vertex   5.101723e+01 8.410153e+01 -1.250000e+02
      vertex   5.508519e+01 8.214705e+01 -1.250000e+02
      vertex   5.149959e+01 8.430133e+01 -1.250000e+02
    endloop
  endfacet
  facet normal 0.000000e+00 0.000000e+00 1.000000e+00
    outer loop
      vertex   5.149959e+01 8.430133e+01 -1.250000e+02
      vertex   5.508519e+01 8.214705e+01 -1.250000e+02
      vertex   5.533494e+01 8.275000e+01 -1.250000e+02
    endloop
  endfacet
  facet normal -0.000000e+00 0.000000e+00 1.000000e+00
    outer loop
      vertex   5.149959e+01 8.430133e+01 -1.250000e+02
      vertex   5.533494e+01 8.275000e+01 -1.250000e+02
      vertex   5.191380e+01 8.461917e+01 -1.250000e+02
    endloop
  endfacet
  facet normal 0.000000e+00 0.000000e+00 1.000000e+00
    outer loop
      vertex   5.191380e+01 8.461917e+01 -1.250000e+02
      vertex   5.533494e+01 8.275000e+01 -1.250000e+02
      vertex   5.573223e+01 8.326777e+01 -1.250000e+02
    endloop
  endfacet
  facet normal -0.000000e+00 0.000000e+00 1.000000e+00
    outer loop
      vertex   5.191380e+01 8.461917e+01 -1.250000e+02
      vertex   5.573223e+01 8.326777e+01 -1.250000e+02
      vertex   5.223164e+01 8.503338e+01 -1.250000e+02
    endloop
  endfacet
  facet normal 0.000000e+00 0.000000e+00 1.000000e+00
    outer loop
      vertex   5.223164e+01 8.503338e+01 -1.250000e+02
      vertex   5.573223e+01 8.326777e+01 -1.250000e+02
      vertex   5.625000e+01 8.366506e+01 -1.250000e+02
    endloop
  endfacet
  facet normal -0.000000e+00 0.000000e+00 1.000000e+00
    outer loop
      vertex   5.223164e+01 8.503338e+01 -1.250000e+02
      vertex   5.625000e+01 8.366506e+01 -1.250000e+02
      vertex   5.243144e+01 8.551575e+01 -1.250000e+02
    endloop
  endfacet
  facet normal -0.000000e+00 0.000000e+00 1.000000e+00
    outer loop
      vertex   5.243144e+01 8.551575e+01 -1.250000e+02
      vertex   5.625000e+01 8.366506e+01 -1.250000e+02
      vertex   5.249959e+01 8.603338e+01 -1.250000e+02
    endloop
  endfacet
  facet normal 0.000000e+00 0.000000e+00 1.000000e+00
    outer loop
      vertex   5.249959e+01 8.603338e+01 -1.250000e+02
      vertex   5.625000e+01 8.366506e+01 -1.250000e+02
      vertex   5.685295e+01 8.391482e+01 -1.250000e+02
    endloop
  endfacet
  facet normal -3.457242e-14 -7.104156e-14 1.000000e+00
    outer loop
      vertex   5.249959e+01 8.603338e+01 -1.250000e+02
      vertex   5.685295e+01 8.391482e+01 -1.250000e+02
      vertex   5.750000e+01 8.400000e+01 -1.250000e+02
    endloop
  endfacet
  facet normal 1.072517e-14 -1.963579e-14 1.000000e+00
    outer loop
      vertex   6.280000e+01 8.400000e+01 -1.250000e+02
      vertex   6.784111e+01 8.820092e+01 -1.250000e+02
      vertex   5.750000e+01 8.400000e+01 -1.250000e+02
    endloop
  endfacet
  facet normal 3.707850e-15 -2.361759e-15 1.000000e+00
    outer loop
      vertex   5.750000e+01 8.400000e+01 -1.250000e+02
      vertex   6.784111e+01 8.820092e+01 -1.250000e+02
      vertex   6.570413e+01 9.688010e+01 -1.250000e+02
    endloop
  endfacet
  facet normal -4.514536e-15 2.875588e-15 1.000000e+00
    outer loop
      vertex   5.750000e+01 8.400000e+01 -1.250000e+02
      vertex   6.570413e+01 9.688010e+01 -1.250000e+02
      vertex   5.249959e+01 8.603338e+01 -1.250000e+02
    endloop
  endfacet
  facet normal -1.039555e-15 -1.354775e-15 1.000000e+00
    outer loop
      vertex   5.249959e+01 8.603338e+01 -1.250000e+02
      vertex   6.570413e+01 9.688010e+01 -1.250000e+02
      vertex   6.537276e+01 9.713437e+01 -1.250000e+02
    endloop
  endfacet
  facet normal -1.328660e-15 -1.019516e-15 1.000000e+00
    outer loop
      vertex   5.249959e+01 8.603338e+01 -1.250000e+02
      vertex   6.537276e+01 9.713437e+01 -1.250000e+02
      vertex   6.511849e+01 9.746574e+01 -1.250000e+02
    endloop
  endfacet
  facet normal -1.510474e-15 -3.646606e-15 1.000000e+00
    outer loop
      vertex   6.570413e+01 9.688010e+01 -1.250000e+02
      vertex   6.784111e+01 8.820092e+01 -1.250000e+02
      vertex   6.609002e+01 9.672026e+01 -1.250000e+02
    endloop
  endfacet
  facet normal 2.753343e-15 -2.770212e-15 1.000000e+00
    outer loop
      vertex   6.609002e+01 9.672026e+01 -1.250000e+02
      vertex   6.784111e+01 8.820092e+01 -1.250000e+02
      vertex   6.858578e+01 8.894106e+01 -1.250000e+02
    endloop
  endfacet
  facet normal 3.565909e-15 -2.509521e-15 1.000000e+00
    outer loop
      vertex   6.609002e+01 9.672026e+01 -1.250000e+02
      vertex   6.858578e+01 8.894106e+01 -1.250000e+02
      vertex   6.919003e+01 8.979968e+01 -1.250000e+02
    endloop
  endfacet
  facet normal 4.481902e-15 -2.099211e-15 1.000000e+00
    outer loop
      vertex   6.919003e+01 8.979968e+01 -1.250000e+02
      vertex   6.963537e+01 9.075048e+01 -1.250000e+02
      vertex   6.609002e+01 9.672026e+01 -1.250000e+02
    endloop
  endfacet
  facet normal 5.517219e-15 -1.484356e-15 1.000000e+00
    outer loop
      vertex   6.609002e+01 9.672026e+01 -1.250000e+02
      vertex   6.963537e+01 9.075048e+01 -1.250000e+02
      vertex   6.990814e+01 9.176435e+01 -1.250000e+02
    endloop
  endfacet
  facet normal 6.682123e-15 -5.868949e-16 1.000000e+00
    outer loop
      vertex   6.609002e+01 9.672026e+01 -1.250000e+02
      vertex   6.990814e+01 9.176435e+01 -1.250000e+02
      vertex   7.000000e+01 9.281025e+01 -1.250000e+02
    endloop
  endfacet
  facet normal 0.000000e+00 0.000000e+00 1.000000e+00
    outer loop
      vertex   7.000000e+01 1.060000e+02 -1.250000e+02
      vertex   6.810413e+01 9.826574e+01 -1.250000e+02
      vertex   7.000000e+01 9.281025e+01 -1.250000e+02
    endloop
  endfacet
  facet normal 1.432341e-13 4.977603e-14 1.000000e+00
    outer loop
      vertex   7.000000e+01 9.281025e+01 -1.250000e+02
      vertex   6.810413e+01 9.826574e+01 -1.250000e+02
      vertex   6.804962e+01 9.785163e+01 -1.250000e+02
    endloop
  endfacet
  facet normal 7.037526e-15 -2.915039e-15 1.000000e+00
    outer loop
      vertex   7.000000e+01 9.281025e+01 -1.250000e+02
      vertex   6.804962e+01 9.785163e+01 -1.250000e+02
      vertex   6.788977e+01 9.746574e+01 -1.250000e+02
    endloop
  endfacet
  facet normal -0.000000e+00 0.000000e+00 1.000000e+00
    outer loop
      vertex   4.570770e+01 1.060000e+02 -1.250000e+02
      vertex   5.101723e+01 1.039652e+02 -1.250000e+02
      vertex   7.000000e+01 1.060000e+02 -1.250000e+02
    endloop
  endfacet
  facet normal 0.000000e+00 0.000000e+00 1.000000e+00
    outer loop
      vertex   7.000000e+01 1.060000e+02 -1.250000e+02
      vertex   5.101723e+01 1.039652e+02 -1.250000e+02
      vertex   5.149959e+01 1.037654e+02 -1.250000e+02
    endloop
  endfacet
  facet normal 0.000000e+00 0.000000e+00 1.000000e+00
    outer loop
      vertex   7.000000e+01 1.060000e+02 -1.250000e+02
      vertex   5.149959e+01 1.037654e+02 -1.250000e+02
      vertex   5.191380e+01 1.034476e+02 -1.250000e+02
    endloop
  endfacet
  facet normal -0.000000e+00 0.000000e+00 1.000000e+00
    outer loop
      vertex   4.564258e+01 1.055959e+02 -1.250000e+02
      vertex   4.898195e+01 1.039652e+02 -1.250000e+02
      vertex   4.570770e+01 1.060000e+02 -1.250000e+02
    endloop
  endfacet
  facet normal 0.000000e+00 0.000000e+00 1.000000e+00
    outer loop
      vertex   4.570770e+01 1.060000e+02 -1.250000e+02
      vertex   4.898195e+01 1.039652e+02 -1.250000e+02
      vertex   4.949959e+01 1.040334e+02 -1.250000e+02
    endloop
  endfacet
  facet normal 0.000000e+00 0.000000e+00 1.000000e+00
    outer loop
      vertex   4.570770e+01 1.060000e+02 -1.250000e+02
      vertex   4.949959e+01 1.040334e+02 -1.250000e+02
      vertex   5.049959e+01 1.040334e+02 -1.250000e+02
    endloop
  endfacet
  facet normal 0.000000e+00 0.000000e+00 1.000000e+00
    outer loop
      vertex   4.898195e+01 1.039652e+02 -1.250000e+02
      vertex   4.564258e+01 1.055959e+02 -1.250000e+02
      vertex   4.849959e+01 1.037654e+02 -1.250000e+02
    endloop
  endfacet
  facet normal 0.000000e+00 0.000000e+00 1.000000e+00
    outer loop
      vertex   4.849959e+01 1.037654e+02 -1.250000e+02
      vertex   4.564258e+01 1.055959e+02 -1.250000e+02
      vertex   4.547704e+01 1.052215e+02 -1.250000e+02
    endloop
  endfacet
  facet normal 0.000000e+00 0.000000e+00 1.000000e+00
    outer loop
      vertex   4.849959e+01 1.037654e+02 -1.250000e+02
      vertex   4.547704e+01 1.052215e+02 -1.250000e+02
      vertex   4.808537e+01 1.034476e+02 -1.250000e+02
    endloop
  endfacet
  facet normal 0.000000e+00 0.000000e+00 1.000000e+00
    outer loop
      vertex   4.808537e+01 1.034476e+02 -1.250000e+02
      vertex   4.547704e+01 1.052215e+02 -1.250000e+02
      vertex   4.522192e+01 1.049013e+02 -1.250000e+02
    endloop
  endfacet
  facet normal 0.000000e+00 0.000000e+00 1.000000e+00
    outer loop
      vertex   4.808537e+01 1.034476e+02 -1.250000e+02
      vertex   4.522192e+01 1.049013e+02 -1.250000e+02
      vertex   4.776754e+01 1.030334e+02 -1.250000e+02
    endloop
  endfacet
  facet normal 0.000000e+00 0.000000e+00 1.000000e+00
    outer loop
      vertex   4.776754e+01 1.030334e+02 -1.250000e+02
      vertex   4.522192e+01 1.049013e+02 -1.250000e+02
      vertex   4.489391e+01 1.046564e+02 -1.250000e+02
    endloop
  endfacet
  facet normal 0.000000e+00 0.000000e+00 1.000000e+00
    outer loop
      vertex   4.776754e+01 1.030334e+02 -1.250000e+02
      vertex   4.489391e+01 1.046564e+02 -1.250000e+02
      vertex   4.756774e+01 1.025510e+02 -1.250000e+02
    endloop
  endfacet
  facet normal 0.000000e+00 0.000000e+00 1.000000e+00
    outer loop
      vertex   4.756774e+01 1.025510e+02 -1.250000e+02
      vertex   4.489391e+01 1.046564e+02 -1.250000e+02
      vertex   4.451449e+01 1.045027e+02 -1.250000e+02
    endloop
  endfacet
  facet normal 0.000000e+00 0.000000e+00 1.000000e+00
    outer loop
      vertex   4.756774e+01 1.025510e+02 -1.250000e+02
      vertex   4.451449e+01 1.045027e+02 -1.250000e+02
      vertex   4.749959e+01 1.020334e+02 -1.250000e+02
    endloop
  endfacet
  facet normal 0.000000e+00 0.000000e+00 1.000000e+00
    outer loop
      vertex   4.749959e+01 1.020334e+02 -1.250000e+02
      vertex   4.451449e+01 1.045027e+02 -1.250000e+02
      vertex   4.410849e+01 1.044503e+02 -1.250000e+02
    endloop
  endfacet
  facet normal 0.000000e+00 0.000000e+00 1.000000e+00
    outer loop
      vertex   4.749959e+01 1.020334e+02 -1.250000e+02
      vertex   4.410849e+01 1.044503e+02 -1.250000e+02
      vertex   4.370249e+01 1.045027e+02 -1.250000e+02
    endloop
  endfacet
  facet normal 0.000000e+00 0.000000e+00 1.000000e+00
    outer loop
      vertex   4.749959e+01 1.020334e+02 -1.250000e+02
      vertex   4.370249e+01 1.045027e+02 -1.250000e+02
      vertex   3.183666e+01 1.000369e+02 -1.250000e+02
    endloop
  endfacet
  facet normal 0.000000e+00 0.000000e+00 1.000000e+00
    outer loop
      vertex   3.183666e+01 1.000369e+02 -1.250000e+02
      vertex   4.370249e+01 1.045027e+02 -1.250000e+02
      vertex   4.332307e+01 1.046564e+02 -1.250000e+02
    endloop
  endfacet
  facet normal 0.000000e+00 -0.000000e+00 1.000000e+00
    outer loop
      vertex   3.183666e+01 1.000369e+02 -1.250000e+02
      vertex   4.332307e+01 1.046564e+02 -1.250000e+02
      vertex   3.178555e+01 1.004251e+02 -1.250000e+02
    endloop
  endfacet
  facet normal 0.000000e+00 0.000000e+00 1.000000e+00
    outer loop
      vertex   3.178555e+01 1.004251e+02 -1.250000e+02
      vertex   4.332307e+01 1.046564e+02 -1.250000e+02
      vertex   4.299506e+01 1.049013e+02 -1.250000e+02
    endloop
  endfacet
  facet normal 0.000000e+00 -0.000000e+00 1.000000e+00
    outer loop
      vertex   3.178555e+01 1.004251e+02 -1.250000e+02
      vertex   4.299506e+01 1.049013e+02 -1.250000e+02
      vertex   3.163570e+01 1.007869e+02 -1.250000e+02
    endloop
  endfacet
  facet normal 0.000000e+00 0.000000e+00 1.000000e+00
    outer loop
      vertex   3.163570e+01 1.007869e+02 -1.250000e+02
      vertex   4.299506e+01 1.049013e+02 -1.250000e+02
      vertex   4.273994e+01 1.052215e+02 -1.250000e+02
    endloop
  endfacet
  facet normal 0.000000e+00 -0.000000e+00 1.000000e+00
    outer loop
      vertex   3.163570e+01 1.007869e+02 -1.250000e+02
      vertex   4.273994e+01 1.052215e+02 -1.250000e+02
      vertex   3.139732e+01 1.010976e+02 -1.250000e+02
    endloop
  endfacet
  facet normal 0.000000e+00 0.000000e+00 1.000000e+00
    outer loop
      vertex   3.139732e+01 1.010976e+02 -1.250000e+02
      vertex   4.273994e+01 1.052215e+02 -1.250000e+02
      vertex   4.257440e+01 1.055959e+02 -1.250000e+02
    endloop
  endfacet
  facet normal 0.000000e+00 -0.000000e+00 1.000000e+00
    outer loop
      vertex   3.139732e+01 1.010976e+02 -1.250000e+02
      vertex   4.257440e+01 1.055959e+02 -1.250000e+02
      vertex   3.108666e+01 1.013360e+02 -1.250000e+02
    endloop
  endfacet
  facet normal 0.000000e+00 0.000000e+00 1.000000e+00
    outer loop
      vertex   3.108666e+01 1.013360e+02 -1.250000e+02
      vertex   4.257440e+01 1.055959e+02 -1.250000e+02
      vertex   4.250928e+01 1.060000e+02 -1.250000e+02
    endloop
  endfacet
  facet normal 0.000000e+00 -0.000000e+00 1.000000e+00
    outer loop
      vertex   3.108666e+01 1.013360e+02 -1.250000e+02
      vertex   4.250928e+01 1.060000e+02 -1.250000e+02
      vertex   3.072489e+01 1.014858e+02 -1.250000e+02
    endloop
  endfacet
  facet normal 0.000000e+00 -0.000000e+00 1.000000e+00
    outer loop
      vertex   3.072489e+01 1.014858e+02 -1.250000e+02
      vertex   4.250928e+01 1.060000e+02 -1.250000e+02
      vertex   3.033666e+01 1.015369e+02 -1.250000e+02
    endloop
  endfacet
  facet normal 0.000000e+00 -0.000000e+00 1.000000e+00
    outer loop
      vertex   3.033666e+01 1.015369e+02 -1.250000e+02
      vertex   4.250928e+01 1.060000e+02 -1.250000e+02
      vertex   2.958666e+01 1.015369e+02 -1.250000e+02
    endloop
  endfacet
  facet normal 0.000000e+00 -0.000000e+00 1.000000e+00
    outer loop
      vertex   2.958666e+01 1.015369e+02 -1.250000e+02
      vertex   4.250928e+01 1.060000e+02 -1.250000e+02
      vertex   2.919843e+01 1.014858e+02 -1.250000e+02
    endloop
  endfacet
  facet normal 0.000000e+00 -0.000000e+00 1.000000e+00
    outer loop
      vertex   2.919843e+01 1.014858e+02 -1.250000e+02
      vertex   4.250928e+01 1.060000e+02 -1.250000e+02
      vertex   -3.429230e+01 1.060000e+02 -1.250000e+02
    endloop
  endfacet
  facet normal 0.000000e+00 0.000000e+00 1.000000e+00
    outer loop
      vertex   2.919843e+01 1.014858e+02 -1.250000e+02
      vertex   -3.429230e+01 1.060000e+02 -1.250000e+02
      vertex   1.104333e+01 9.903692e+01 -1.250000e+02
    endloop
  endfacet
  facet normal 0.000000e+00 0.000000e+00 1.000000e+00
    outer loop
      vertex   1.104333e+01 9.903692e+01 -1.250000e+02
      vertex   -3.429230e+01 1.060000e+02 -1.250000e+02
      vertex   1.052569e+01 9.896877e+01 -1.250000e+02
    endloop
  endfacet
  facet normal 0.000000e+00 0.000000e+00 1.000000e+00
    outer loop
      vertex   1.052569e+01 9.896877e+01 -1.250000e+02
      vertex   -3.429230e+01 1.060000e+02 -1.250000e+02
      vertex   -1.052569e+01 9.896877e+01 -1.250000e+02
    endloop
  endfacet
  facet normal 0.000000e+00 0.000000e+00 1.000000e+00
    outer loop
      vertex   1.052569e+01 9.896877e+01 -1.250000e+02
      vertex   -1.052569e+01 9.896877e+01 -1.250000e+02
      vertex   1.004333e+01 9.876897e+01 -1.250000e+02
    endloop
  endfacet
  facet normal 0.000000e+00 0.000000e+00 1.000000e+00
    outer loop
      vertex   1.004333e+01 9.876897e+01 -1.250000e+02
      vertex   -1.052569e+01 9.896877e+01 -1.250000e+02
      vertex   -1.004333e+01 9.876897e+01 -1.250000e+02
    endloop
  endfacet
  facet normal 0.000000e+00 0.000000e+00 1.000000e+00
    outer loop
      vertex   1.004333e+01 9.876897e+01 -1.250000e+02
      vertex   -1.004333e+01 9.876897e+01 -1.250000e+02
      vertex   9.629115e+00 9.845113e+01 -1.250000e+02
    endloop
  endfacet
  facet normal 0.000000e+00 0.000000e+00 1.000000e+00
    outer loop
      vertex   9.629115e+00 9.845113e+01 -1.250000e+02
      vertex   -1.004333e+01 9.876897e+01 -1.250000e+02
      vertex   -9.629115e+00 9.845113e+01 -1.250000e+02
    endloop
  endfacet
  facet normal 0.000000e+00 0.000000e+00 1.000000e+00
    outer loop
      vertex   9.629115e+00 9.845113e+01 -1.250000e+02
      vertex   -9.629115e+00 9.845113e+01 -1.250000e+02
      vertex   9.311278e+00 9.803692e+01 -1.250000e+02
    endloop
  endfacet
  facet normal 0.000000e+00 0.000000e+00 1.000000e+00
    outer loop
      vertex   9.311278e+00 9.803692e+01 -1.250000e+02
      vertex   -9.629115e+00 9.845113e+01 -1.250000e+02
      vertex   -9.311278e+00 9.803692e+01 -1.250000e+02
    endloop
  endfacet
  facet normal 0.000000e+00 0.000000e+00 1.000000e+00
    outer loop
      vertex   9.311278e+00 9.803692e+01 -1.250000e+02
      vertex   -9.311278e+00 9.803692e+01 -1.250000e+02
      vertex   9.111477e+00 9.755456e+01 -1.250000e+02
    endloop
  endfacet
  facet normal 0.000000e+00 0.000000e+00 1.000000e+00
    outer loop
      vertex   9.111477e+00 9.755456e+01 -1.250000e+02
      vertex   -9.311278e+00 9.803692e+01 -1.250000e+02
      vertex   -9.111477e+00 9.755456e+01 -1.250000e+02
    endloop
  endfacet
  facet normal 0.000000e+00 0.000000e+00 1.000000e+00
    outer loop
      vertex   9.111477e+00 9.755456e+01 -1.250000e+02
      vertex   -9.111477e+00 9.755456e+01 -1.250000e+02
      vertex   9.043329e+00 9.703692e+01 -1.250000e+02
    endloop
  endfacet
  facet normal 0.000000e+00 0.000000e+00 1.000000e+00
    outer loop
      vertex   9.043329e+00 9.703692e+01 -1.250000e+02
      vertex   -9.111477e+00 9.755456e+01 -1.250000e+02
      vertex   -9.043329e+00 9.703692e+01 -1.250000e+02
    endloop
  endfacet
  facet normal 0.000000e+00 0.000000e+00 1.000000e+00
    outer loop
      vertex   9.043329e+00 9.703692e+01 -1.250000e+02
      vertex   -9.043329e+00 9.703692e+01 -1.250000e+02
      vertex   -9.043329e+00 9.103692e+01 -1.250000e+02
    endloop
  endfacet
  facet normal -0.000000e+00 0.000000e+00 1.000000e+00
    outer loop
      vertex   -3.435742e+01 1.055959e+02 -1.250000e+02
      vertex   -2.958666e+01 1.015369e+02 -1.250000e+02
      vertex   -3.429230e+01 1.060000e+02 -1.250000e+02
    endloop
  endfacet
  facet normal 0.000000e+00 0.000000e+00 1.000000e+00
    outer loop
      vertex   -3.429230e+01 1.060000e+02 -1.250000e+02
      vertex   -2.958666e+01 1.015369e+02 -1.250000e+02
      vertex   -2.919843e+01 1.014858e+02 -1.250000e+02
    endloop
  endfacet
  facet normal 0.000000e+00 0.000000e+00 1.000000e+00
    outer loop
      vertex   -3.429230e+01 1.060000e+02 -1.250000e+02
      vertex   -2.919843e+01 1.014858e+02 -1.250000e+02
      vertex   -2.883666e+01 1.013360e+02 -1.250000e+02
    endloop
  endfacet
  facet normal 0.000000e+00 0.000000e+00 1.000000e+00
    outer loop
      vertex   -2.958666e+01 1.015369e+02 -1.250000e+02
      vertex   -3.435742e+01 1.055959e+02 -1.250000e+02
      vertex   -3.033666e+01 1.015369e+02 -1.250000e+02
    endloop
  endfacet
  facet normal 0.000000e+00 0.000000e+00 1.000000e+00
    outer loop
      vertex   -3.033666e+01 1.015369e+02 -1.250000e+02
      vertex   -3.435742e+01 1.055959e+02 -1.250000e+02
      vertex   -3.452296e+01 1.052215e+02 -1.250000e+02
    endloop
  endfacet
  facet normal 0.000000e+00 0.000000e+00 1.000000e+00
    outer loop
      vertex   -3.033666e+01 1.015369e+02 -1.250000e+02
      vertex   -3.452296e+01 1.052215e+02 -1.250000e+02
      vertex   -3.072489e+01 1.014858e+02 -1.250000e+02
    endloop
  endfacet
  facet normal 0.000000e+00 0.000000e+00 1.000000e+00
    outer loop
      vertex   -3.072489e+01 1.014858e+02 -1.250000e+02
      vertex   -3.452296e+01 1.052215e+02 -1.250000e+02
      vertex   -3.477808e+01 1.049013e+02 -1.250000e+02
    endloop
  endfacet
  facet normal 0.000000e+00 0.000000e+00 1.000000e+00
    outer loop
      vertex   -3.072489e+01 1.014858e+02 -1.250000e+02
      vertex   -3.477808e+01 1.049013e+02 -1.250000e+02
      vertex   -3.108666e+01 1.013360e+02 -1.250000e+02
    endloop
  endfacet
  facet normal 0.000000e+00 0.000000e+00 1.000000e+00
    outer loop
      vertex   -3.108666e+01 1.013360e+02 -1.250000e+02
      vertex   -3.477808e+01 1.049013e+02 -1.250000e+02
      vertex   -3.510609e+01 1.046564e+02 -1.250000e+02
    endloop
  endfacet
  facet normal 0.000000e+00 0.000000e+00 1.000000e+00
    outer loop
      vertex   -3.108666e+01 1.013360e+02 -1.250000e+02
      vertex   -3.510609e+01 1.046564e+02 -1.250000e+02
      vertex   -3.139732e+01 1.010976e+02 -1.250000e+02
    endloop
  endfacet
  facet normal 0.000000e+00 0.000000e+00 1.000000e+00
    outer loop
      vertex   -3.139732e+01 1.010976e+02 -1.250000e+02
      vertex   -3.510609e+01 1.046564e+02 -1.250000e+02
      vertex   -3.548551e+01 1.045027e+02 -1.250000e+02
    endloop
  endfacet
  facet normal 0.000000e+00 0.000000e+00 1.000000e+00
    outer loop
      vertex   -3.139732e+01 1.010976e+02 -1.250000e+02
      vertex   -3.548551e+01 1.045027e+02 -1.250000e+02
      vertex   -3.163570e+01 1.007869e+02 -1.250000e+02
    endloop
  endfacet
  facet normal 0.000000e+00 0.000000e+00 1.000000e+00
    outer loop
      vertex   -3.163570e+01 1.007869e+02 -1.250000e+02
      vertex   -3.548551e+01 1.045027e+02 -1.250000e+02
      vertex   -3.589151e+01 1.044503e+02 -1.250000e+02
    endloop
  endfacet
  facet normal 5.001611e-15 -3.837871e-15 1.000000e+00
    outer loop
      vertex   6.788977e+01 9.746574e+01 -1.250000e+02
      vertex   6.763550e+01 9.713437e+01 -1.250000e+02
      vertex   7.000000e+01 9.281025e+01 -1.250000e+02
    endloop
  endfacet
  facet normal 3.552802e-15 -4.630102e-15 1.000000e+00
    outer loop
      vertex   7.000000e+01 9.281025e+01 -1.250000e+02
      vertex   6.763550e+01 9.713437e+01 -1.250000e+02
      vertex   6.730413e+01 9.688010e+01 -1.250000e+02
    endloop
  endfacet
  facet normal 2.269858e-15 -5.479923e-15 1.000000e+00
    outer loop
      vertex   7.000000e+01 9.281025e+01 -1.250000e+02
      vertex   6.730413e+01 9.688010e+01 -1.250000e+02
      vertex   6.691824e+01 9.672026e+01 -1.250000e+02
    endloop
  endfacet
  facet normal 8.670114e-16 -6.585606e-15 1.000000e+00
    outer loop
      vertex   6.691824e+01 9.672026e+01 -1.250000e+02
      vertex   6.650413e+01 9.666574e+01 -1.250000e+02
      vertex   7.000000e+01 9.281025e+01 -1.250000e+02
    endloop
  endfacet
  facet normal -1.102065e-15 -8.371013e-15 1.000000e+00
    outer loop
      vertex   7.000000e+01 9.281025e+01 -1.250000e+02
      vertex   6.650413e+01 9.666574e+01 -1.250000e+02
      vertex   6.609002e+01 9.672026e+01 -1.250000e+02
    endloop
  endfacet
  facet normal -2.252312e-15 0.000000e+00 1.000000e+00
    outer loop
      vertex   5.249959e+01 8.603338e+01 -1.250000e+02
      vertex   6.511849e+01 9.746574e+01 -1.250000e+02
      vertex   5.249959e+01 1.020334e+02 -1.250000e+02
    endloop
  endfacet
  facet normal -2.649567e-15 -1.097487e-15 1.000000e+00
    outer loop
      vertex   5.249959e+01 1.020334e+02 -1.250000e+02
      vertex   6.511849e+01 9.746574e+01 -1.250000e+02
      vertex   6.495865e+01 9.785163e+01 -1.250000e+02
    endloop
  endfacet
  facet normal -2.386669e-15 -3.142109e-16 1.000000e+00
    outer loop
      vertex   5.249959e+01 1.020334e+02 -1.250000e+02
      vertex   6.495865e+01 9.785163e+01 -1.250000e+02
      vertex   6.490413e+01 9.826574e+01 -1.250000e+02
    endloop
  endfacet
  facet normal -2.203137e-15 2.900485e-16 1.000000e+00
    outer loop
      vertex   6.490413e+01 9.826574e+01 -1.250000e+02
      vertex   6.495865e+01 9.867985e+01 -1.250000e+02
      vertex   5.249959e+01 1.020334e+02 -1.250000e+02
    endloop
  endfacet
  facet normal -2.052384e-15 8.501254e-16 1.000000e+00
    outer loop
      vertex   5.249959e+01 1.020334e+02 -1.250000e+02
      vertex   6.495865e+01 9.867985e+01 -1.250000e+02
      vertex   6.511849e+01 9.906574e+01 -1.250000e+02
    endloop
  endfacet
  facet normal -1.908002e-15 1.464062e-15 1.000000e+00
    outer loop
      vertex   5.249959e+01 1.020334e+02 -1.250000e+02
      vertex   6.511849e+01 9.906574e+01 -1.250000e+02
      vertex   6.537276e+01 9.939711e+01 -1.250000e+02
    endloop
  endfacet
  facet normal -2.268998e-15 -2.987193e-16 1.000000e+00
    outer loop
      vertex   5.249959e+01 1.020334e+02 -1.250000e+02
      vertex   6.537276e+01 9.939711e+01 -1.250000e+02
      vertex   5.243144e+01 1.025510e+02 -1.250000e+02
    endloop
  endfacet
  facet normal -1.666808e-15 2.172227e-15 1.000000e+00
    outer loop
      vertex   5.243144e+01 1.025510e+02 -1.250000e+02
      vertex   6.537276e+01 9.939711e+01 -1.250000e+02
      vertex   6.570413e+01 9.965138e+01 -1.250000e+02
    endloop
  endfacet
  facet normal -2.354423e-15 -9.752339e-16 1.000000e+00
    outer loop
      vertex   5.243144e+01 1.025510e+02 -1.250000e+02
      vertex   6.570413e+01 9.965138e+01 -1.250000e+02
      vertex   5.223164e+01 1.030334e+02 -1.250000e+02
    endloop
  endfacet
  facet normal -8.426549e-16 5.047026e-15 1.000000e+00
    outer loop
      vertex   5.223164e+01 1.030334e+02 -1.250000e+02
      vertex   6.570413e+01 9.965138e+01 -1.250000e+02
      vertex   7.000000e+01 1.060000e+02 -1.250000e+02
    endloop
  endfacet
  facet normal 0.000000e+00 -0.000000e+00 1.000000e+00
    outer loop
      vertex   5.223164e+01 1.030334e+02 -1.250000e+02
      vertex   7.000000e+01 1.060000e+02 -1.250000e+02
      vertex   5.191380e+01 1.034476e+02 -1.250000e+02
    endloop
  endfacet
  facet normal -2.576518e-15 6.220264e-15 1.000000e+00
    outer loop
      vertex   6.570413e+01 9.965138e+01 -1.250000e+02
      vertex   6.609002e+01 9.981122e+01 -1.250000e+02
      vertex   7.000000e+01 1.060000e+02 -1.250000e+02
    endloop
  endfacet
  facet normal -6.594600e-16 5.009096e-15 1.000000e+00
    outer loop
      vertex   7.000000e+01 1.060000e+02 -1.250000e+02
      vertex   6.609002e+01 9.981122e+01 -1.250000e+02
      vertex   6.650413e+01 9.986574e+01 -1.250000e+02
    endloop
  endfacet
  facet normal 5.674107e-16 4.309912e-15 1.000000e+00
    outer loop
      vertex   7.000000e+01 1.060000e+02 -1.250000e+02
      vertex   6.650413e+01 9.986574e+01 -1.250000e+02
      vertex   6.691824e+01 9.981122e+01 -1.250000e+02
    endloop
  endfacet
  facet normal 1.576987e-15 3.807184e-15 1.000000e+00
    outer loop
      vertex   6.691824e+01 9.981122e+01 -1.250000e+02
      vertex   6.730413e+01 9.965138e+01 -1.250000e+02
      vertex   7.000000e+01 1.060000e+02 -1.250000e+02
    endloop
  endfacet
  facet normal 2.590965e-15 3.376611e-15 1.000000e+00
    outer loop
      vertex   7.000000e+01 1.060000e+02 -1.250000e+02
      vertex   6.730413e+01 9.965138e+01 -1.250000e+02
      vertex   6.763550e+01 9.939711e+01 -1.250000e+02
    endloop
  endfacet
  facet normal 3.824713e-15 2.934805e-15 1.000000e+00
    outer loop
      vertex   7.000000e+01 1.060000e+02 -1.250000e+02
      vertex   6.763550e+01 9.939711e+01 -1.250000e+02
      vertex   6.788977e+01 9.906574e+01 -1.250000e+02
    endloop
  endfacet
  facet normal 5.704319e-15 2.362806e-15 1.000000e+00
    outer loop
      vertex   6.788977e+01 9.906574e+01 -1.250000e+02
      vertex   6.804962e+01 9.867985e+01 -1.250000e+02
      vertex   7.000000e+01 1.060000e+02 -1.250000e+02
    endloop
  endfacet
  facet normal 1.821580e-13 -4.465161e-14 1.000000e+00
    outer loop
      vertex   7.000000e+01 1.060000e+02 -1.250000e+02
      vertex   6.804962e+01 9.867985e+01 -1.250000e+02
      vertex   6.810413e+01 9.826574e+01 -1.250000e+02
    endloop
  endfacet
  facet normal 3.442883e-15 -3.839483e-15 1.000000e+00
    outer loop
      vertex   -2.646153e+01 2.506742e+01 -1.250000e+02
      vertex   -2.410588e+01 2.347851e+01 -1.250000e+02
      vertex   -2.060940e+01 2.661382e+01 -1.250000e+02
    endloop
  endfacet
  facet normal 0.000000e+00 0.000000e+00 1.000000e+00
    outer loop
      vertex   -2.060940e+01 2.661382e+01 -1.250000e+02
      vertex   -2.410588e+01 2.347851e+01 -1.250000e+02
      vertex   -2.018229e+01 2.639790e+01 -1.250000e+02
    endloop
  endfacet
  facet normal -2.613916e-15 3.513039e-15 1.000000e+00
    outer loop
      vertex   -2.018229e+01 2.639790e+01 -1.250000e+02
      vertex   -2.410588e+01 2.347851e+01 -1.250000e+02
      vertex   -2.125429e+01 2.155509e+01 -1.250000e+02
    endloop
  endfacet
  facet normal 6.481922e-16 2.790943e-15 1.000000e+00
    outer loop
      vertex   -2.018229e+01 2.639790e+01 -1.250000e+02
      vertex   -2.125429e+01 2.155509e+01 -1.250000e+02
      vertex   -1.971612e+01 2.628963e+01 -1.250000e+02
    endloop
  endfacet
  facet normal -3.514391e-17 3.012948e-15 1.000000e+00
    outer loop
      vertex   -1.971612e+01 2.628963e+01 -1.250000e+02
      vertex   -2.125429e+01 2.155509e+01 -1.250000e+02
      vertex   -1.923756e+01 2.629521e+01 -1.250000e+02
    endloop
  endfacet
  facet normal -8.649712e-16 3.366005e-15 1.000000e+00
    outer loop
      vertex   -1.923756e+01 2.629521e+01 -1.250000e+02
      vertex   -2.125429e+01 2.155509e+01 -1.250000e+02
      vertex   -1.877404e+01 2.641433e+01 -1.250000e+02
    endloop
  endfacet
  facet normal 1.467403e-15 2.175515e-15 1.000000e+00
    outer loop
      vertex   -1.877404e+01 2.641433e+01 -1.250000e+02
      vertex   -2.125429e+01 2.155509e+01 -1.250000e+02
      vertex   -1.865067e+01 1.979893e+01 -1.250000e+02
    endloop
  endfacet
  facet normal -1.138293e-15 2.126920e-15 1.000000e+00
    outer loop
      vertex   -1.877404e+01 2.641433e+01 -1.250000e+02
      vertex   -1.865067e+01 1.979893e+01 -1.250000e+02
      vertex   -1.835209e+01 2.664015e+01 -1.250000e+02
    endloop
  endfacet
  facet normal 6.816657e-14 -8.978480e-16 1.000000e+00
    outer loop
      vertex   -1.835209e+01 2.664015e+01 -1.250000e+02
      vertex   -1.865067e+01 1.979893e+01 -1.250000e+02
      vertex   -1.803076e+01 1.938079e+01 -1.250000e+02
    endloop
  endfacet
  facet normal 3.378512e-15 -3.765637e-15 1.000000e+00
    outer loop
      vertex   -1.835209e+01 2.664015e+01 -1.250000e+02
      vertex   -1.803076e+01 1.938079e+01 -1.250000e+02
      vertex   -1.799586e+01 2.695975e+01 -1.250000e+02
    endloop
  endfacet
  facet normal -2.521630e-15 -3.738471e-15 1.000000e+00
    outer loop
      vertex   -1.799586e+01 2.695975e+01 -1.250000e+02
      vertex   -1.803076e+01 1.938079e+01 -1.250000e+02
      vertex   -1.418731e+01 1.678836e+01 -1.250000e+02
    endloop
  endfacet
  facet normal 2.640885e-15 -1.805434e-15 1.000000e+00
    outer loop
      vertex   -1.799586e+01 2.695975e+01 -1.250000e+02
      vertex   -1.418731e+01 1.678836e+01 -1.250000e+02
      vertex   -1.772576e+01 2.735483e+01 -1.250000e+02
    endloop
  endfacet
  facet normal 3.782860e-15 -1.423015e-15 1.000000e+00
    outer loop
      vertex   -1.772576e+01 2.735483e+01 -1.250000e+02
      vertex   -1.418731e+01 1.678836e+01 -1.250000e+02
      vertex   -1.755726e+01 2.780277e+01 -1.250000e+02
    endloop
  endfacet
  facet normal -4.391184e-15 -3.923928e-15 1.000000e+00
    outer loop
      vertex   -1.755726e+01 2.780277e+01 -1.250000e+02
      vertex   -1.418731e+01 1.678836e+01 -1.250000e+02
      vertex   -1.388898e+01 1.645450e+01 -1.250000e+02
    endloop
  endfacet
  facet normal 5.643837e-15 -6.801481e-16 1.000000e+00
    outer loop
      vertex   -1.755726e+01 2.780277e+01 -1.250000e+02
      vertex   -1.388898e+01 1.645450e+01 -1.250000e+02
      vertex   -1.750000e+01 2.827792e+01 -1.250000e+02
    endloop
  endfacet
  facet normal -1.004761e-14 -5.472515e-15 1.000000e+00
    outer loop
      vertex   -1.750000e+01 2.827792e+01 -1.250000e+02
      vertex   -1.388898e+01 1.645450e+01 -1.250000e+02
      vertex   -1.368411e+01 1.607837e+01 -1.250000e+02
    endloop
  endfacet
  facet normal 4.241915e-15 -1.002909e-15 1.000000e+00
    outer loop
      vertex   -1.750000e+01 2.827792e+01 -1.250000e+02
      vertex   -1.368411e+01 1.607837e+01 -1.250000e+02
      vertex   -1.000000e+01 6.000000e+01 -1.250000e+02
    endloop
  endfacet
  facet normal -1.863618e-15 -4.907815e-16 1.000000e+00
    outer loop
      vertex   -1.000000e+01 6.000000e+01 -1.250000e+02
      vertex   -1.368411e+01 1.607837e+01 -1.250000e+02
      vertex   -1.357401e+01 1.566027e+01 -1.250000e+02
    endloop
  endfacet
  facet normal -7.952332e-15 1.541038e-30 1.000000e+00
    outer loop
      vertex   -1.000000e+01 6.000000e+01 -1.250000e+02
      vertex   -1.357401e+01 1.566027e+01 -1.250000e+02
      vertex   -1.000000e+01 5.000000e+00 -1.250000e+02
    endloop
  endfacet
  facet normal -8.791097e-15 -2.812081e-16 1.000000e+00
    outer loop
      vertex   -1.000000e+01 5.000000e+00 -1.250000e+02
      vertex   -1.357401e+01 1.566027e+01 -1.250000e+02
      vertex   -1.355936e+01 1.520222e+01 -1.250000e+02
    endloop
  endfacet
  facet normal -5.461173e-15 8.805379e-16 1.000000e+00
    outer loop
      vertex   -1.000000e+01 5.000000e+00 -1.250000e+02
      vertex   -1.355936e+01 1.520222e+01 -1.250000e+02
      vertex   -1.363883e+01 1.470932e+01 -1.250000e+02
    endloop
  endfacet
  facet normal -2.013316e-15 4.403465e-15 1.000000e+00
    outer loop
      vertex   -2.410588e+01 2.347851e+01 -1.250000e+02
      vertex   -2.412338e+01 2.024331e+01 -1.250000e+02
      vertex   -2.125429e+01 2.155509e+01 -1.250000e+02
    endloop
  endfacet
  facet normal 2.601253e-14 -6.339379e-14 1.000000e+00
    outer loop
      vertex   -1.803076e+01 1.938079e+01 -1.250000e+02
      vertex   -1.865067e+01 1.979893e+01 -1.250000e+02
      vertex   -2.252036e+01 1.753856e+01 -1.250000e+02
    endloop
  endfacet
  facet normal -5.904116e-15 -8.753211e-15 1.000000e+00
    outer loop
      vertex   -2.252036e+01 1.753856e+01 -1.250000e+02
      vertex   -1.865067e+01 1.979893e+01 -1.250000e+02
      vertex   -2.309435e+01 1.792573e+01 -1.250000e+02
    endloop
  endfacet
  facet normal 0.000000e+00 0.000000e+00 1.000000e+00
    outer loop
      vertex   -2.252036e+01 1.753856e+01 -1.250000e+02
      vertex   -2.309435e+01 1.792573e+01 -1.250000e+02
      vertex   -2.325015e+01 1.297992e+01 -1.250000e+02
    endloop
  endfacet
  facet normal 0.000000e+00 0.000000e+00 1.000000e+00
    outer loop
      vertex   -2.571229e+01 1.788766e+01 -1.250000e+02
      vertex   -2.870536e+01 1.665950e+01 -1.250000e+02
      vertex   -2.581244e+01 1.470821e+01 -1.250000e+02
    endloop
  endfacet
  facet normal 4.503455e-15 6.676647e-15 1.000000e+00
    outer loop
      vertex   -2.581244e+01 1.470821e+01 -1.250000e+02
      vertex   -2.870536e+01 1.665950e+01 -1.250000e+02
      vertex   -3.732820e+01 1.821880e+01 -1.250000e+02
    endloop
  endfacet
  facet normal 4.503455e-15 6.676647e-15 1.000000e+00
    outer loop
      vertex   -2.870536e+01 1.665950e+01 -1.250000e+02
      vertex   -3.106101e+01 1.824841e+01 -1.250000e+02
      vertex   -3.732820e+01 1.821880e+01 -1.250000e+02
    endloop
  endfacet
  facet normal 8.149542e-15 -5.496935e-15 1.000000e+00
    outer loop
      vertex   -3.172128e+01 1.887416e+01 -1.250000e+02
      vertex   -3.247344e+01 2.551473e+01 -1.250000e+02
      vertex   -3.531676e+01 2.129934e+01 -1.250000e+02
    endloop
  endfacet
  facet normal -2.716514e-15 1.832312e-15 1.000000e+00
    outer loop
      vertex   -3.080090e+01 2.799437e+01 -1.250000e+02
      vertex   -2.996511e+01 2.147778e+01 -1.250000e+02
      vertex   -2.720543e+01 2.556919e+01 -1.250000e+02
    endloop
  endfacet
  facet normal 0.000000e+00 -0.000000e+00 1.000000e+00
    outer loop
      vertex   -2.263024e+01 1.256178e+01 -1.250000e+02
      vertex   -2.252036e+01 1.753856e+01 -1.250000e+02
      vertex   -2.325015e+01 1.297992e+01 -1.250000e+02
    endloop
  endfacet
  facet normal -4.180472e-15 1.360516e-15 1.000000e+00
    outer loop
      vertex   -1.363883e+01 1.470932e+01 -1.250000e+02
      vertex   -1.380742e+01 1.419130e+01 -1.250000e+02
      vertex   -1.000000e+01 5.000000e+00 -1.250000e+02
    endloop
  endfacet
  facet normal -3.252313e-15 1.744998e-15 1.000000e+00
    outer loop
      vertex   -1.000000e+01 5.000000e+00 -1.250000e+02
      vertex   -1.380742e+01 1.419130e+01 -1.250000e+02
      vertex   -1.436836e+01 1.314582e+01 -1.250000e+02
    endloop
  endfacet
  facet normal -2.560943e-15 2.115759e-15 1.000000e+00
    outer loop
      vertex   -1.000000e+01 5.000000e+00 -1.250000e+02
      vertex   -1.436836e+01 1.314582e+01 -1.250000e+02
      vertex   -1.512602e+01 1.222874e+01 -1.250000e+02
    endloop
  endfacet
  facet normal -2.110504e-15 2.435174e-15 1.000000e+00
    outer loop
      vertex   -1.512602e+01 1.222874e+01 -1.250000e+02
      vertex   -1.553915e+01 1.187068e+01 -1.250000e+02
      vertex   -1.000000e+01 5.000000e+00 -1.250000e+02
    endloop
  endfacet
  facet normal 4.287581e-14 3.870321e-14 1.000000e+00
    outer loop
      vertex   -1.000000e+01 5.000000e+00 -1.250000e+02
      vertex   -1.553915e+01 1.187068e+01 -1.250000e+02
      vertex   -1.595814e+01 1.160049e+01 -1.250000e+02
    endloop
  endfacet
  facet normal -4.951545e-14 -4.469669e-14 1.000000e+00
    outer loop
      vertex   -1.000000e+01 5.000000e+00 -1.250000e+02
      vertex   -1.595814e+01 1.160049e+01 -1.250000e+02
      vertex   -1.637486e+01 1.142626e+01 -1.250000e+02
    endloop
  endfacet
  facet normal -6.862886e-16 3.741947e-15 1.000000e+00
    outer loop
      vertex   -1.637486e+01 1.142626e+01 -1.250000e+02
      vertex   -1.678462e+01 1.135111e+01 -1.250000e+02
      vertex   -1.000000e+01 5.000000e+00 -1.250000e+02
    endloop
  endfacet
  facet normal 2.875199e-16 4.782226e-15 1.000000e+00
    outer loop
      vertex   -1.000000e+01 5.000000e+00 -1.250000e+02
      vertex   -1.678462e+01 1.135111e+01 -1.250000e+02
      vertex   -1.718514e+01 1.137519e+01 -1.250000e+02
    endloop
  endfacet
  facet normal 0.000000e+00 0.000000e+00 1.000000e+00
    outer loop
      vertex   -2.154309e+01 1.417355e+01 -1.250000e+02
      vertex   -2.263024e+01 1.256178e+01 -1.250000e+02
      vertex   -1.757566e+01 1.149749e+01 -1.250000e+02
    endloop
  endfacet
  facet normal 9.743647e-16 4.627474e-15 1.000000e+00
    outer loop
      vertex   -1.757566e+01 1.149749e+01 -1.250000e+02
      vertex   -2.263024e+01 1.256178e+01 -1.250000e+02
      vertex   -1.151155e+01 1.007698e+00 -1.250000e+02
    endloop
  endfacet
  facet normal 0.000000e+00 0.000000e+00 1.000000e+00
    outer loop
      vertex   -3.250000e+01 3.847052e+01 -1.250000e+02
      vertex   -3.840000e+01 3.704089e+01 -1.250000e+02
      vertex   -3.250000e+01 3.561125e+01 -1.250000e+02
    endloop
  endfacet
  facet normal 0.000000e+00 0.000000e+00 1.000000e+00
    outer loop
      vertex   -3.250000e+01 3.561125e+01 -1.250000e+02
      vertex   -3.840000e+01 3.704089e+01 -1.250000e+02
      vertex   -3.845452e+01 3.662677e+01 -1.250000e+02
    endloop
  endfacet
  facet normal 0.000000e+00 0.000000e+00 1.000000e+00
    outer loop
      vertex   -3.250000e+01 3.561125e+01 -1.250000e+02
      vertex   -3.845452e+01 3.662677e+01 -1.250000e+02
      vertex   -3.861436e+01 3.624089e+01 -1.250000e+02
    endloop
  endfacet
  facet normal 0.000000e+00 0.000000e+00 1.000000e+00
    outer loop
      vertex   -3.243994e+01 3.895699e+01 -1.250000e+02
      vertex   -3.861436e+01 3.784089e+01 -1.250000e+02
      vertex   -3.250000e+01 3.847052e+01 -1.250000e+02
    endloop
  endfacet
  facet normal 0.000000e+00 0.000000e+00 1.000000e+00
    outer loop
      vertex   -3.250000e+01 3.847052e+01 -1.250000e+02
      vertex   -3.861436e+01 3.784089e+01 -1.250000e+02
      vertex   -3.845452e+01 3.745500e+01 -1.250000e+02
    endloop
  endfacet
  facet normal 0.000000e+00 0.000000e+00 1.000000e+00
    outer loop
      vertex   -3.250000e+01 3.847052e+01 -1.250000e+02
      vertex   -3.845452e+01 3.745500e+01 -1.250000e+02
      vertex   -3.840000e+01 3.704089e+01 -1.250000e+02
    endloop
  endfacet
  facet normal 0.000000e+00 -0.000000e+00 1.000000e+00
    outer loop
      vertex   -3.861436e+01 3.784089e+01 -1.250000e+02
      vertex   -3.243994e+01 3.895699e+01 -1.250000e+02
      vertex   -3.886863e+01 3.817226e+01 -1.250000e+02
    endloop
  endfacet
  facet normal 0.000000e+00 0.000000e+00 1.000000e+00
    outer loop
      vertex   -3.886863e+01 3.817226e+01 -1.250000e+02
      vertex   -3.243994e+01 3.895699e+01 -1.250000e+02
      vertex   -3.226335e+01 3.941423e+01 -1.250000e+02
    endloop
  endfacet
  facet normal 0.000000e+00 -0.000000e+00 1.000000e+00
    outer loop
      vertex   -3.886863e+01 3.817226e+01 -1.250000e+02
      vertex   -3.226335e+01 3.941423e+01 -1.250000e+02
      vertex   -3.920000e+01 3.842653e+01 -1.250000e+02
    endloop
  endfacet
  facet normal 0.000000e+00 0.000000e+00 1.000000e+00
    outer loop
      vertex   -3.920000e+01 3.842653e+01 -1.250000e+02
      vertex   -3.226335e+01 3.941423e+01 -1.250000e+02
      vertex   -3.198085e+01 3.981480e+01 -1.250000e+02
    endloop
  endfacet
  facet normal 0.000000e+00 -0.000000e+00 1.000000e+00
    outer loop
      vertex   -3.920000e+01 3.842653e+01 -1.250000e+02
      vertex   -3.198085e+01 3.981480e+01 -1.250000e+02
      vertex   -4.000000e+01 4.454089e+01 -1.250000e+02
    endloop
  endfacet
  facet normal 0.000000e+00 0.000000e+00 1.000000e+00
    outer loop
      vertex   -4.000000e+01 4.454089e+01 -1.250000e+02
      vertex   -3.198085e+01 3.981480e+01 -1.250000e+02
      vertex   -3.160940e+01 4.013462e+01 -1.250000e+02
    endloop
  endfacet
  facet normal -0.000000e+00 0.000000e+00 1.000000e+00
    outer loop
      vertex   -1.971612e+01 4.779214e+01 -1.250000e+02
      vertex   -1.923756e+01 4.778656e+01 -1.250000e+02
      vertex   -1.839060e+01 5.394715e+01 -1.250000e+02
    endloop
  endfacet
  facet normal 0.000000e+00 0.000000e+00 1.000000e+00
    outer loop
      vertex   -1.839060e+01 5.394715e+01 -1.250000e+02
      vertex   -1.923756e+01 4.778656e+01 -1.250000e+02
      vertex   -1.877404e+01 4.766745e+01 -1.250000e+02
    endloop
  endfacet
  facet normal 0.000000e+00 0.000000e+00 1.000000e+00
    outer loop
      vertex   -1.839060e+01 5.394715e+01 -1.250000e+02
      vertex   -1.877404e+01 4.766745e+01 -1.250000e+02
      vertex   -1.835209e+01 4.744162e+01 -1.250000e+02
    endloop
  endfacet
  facet normal -0.000000e+00 0.000000e+00 1.000000e+00
    outer loop
      vertex   -1.839060e+01 5.394715e+01 -1.250000e+02
      vertex   -1.835209e+01 4.744162e+01 -1.250000e+02
      vertex   -1.801915e+01 5.426697e+01 -1.250000e+02
    endloop
  endfacet
  facet normal 0.000000e+00 0.000000e+00 1.000000e+00
    outer loop
      vertex   -1.801915e+01 5.426697e+01 -1.250000e+02
      vertex   -1.835209e+01 4.744162e+01 -1.250000e+02
      vertex   -1.799586e+01 4.712202e+01 -1.250000e+02
    endloop
  endfacet
  facet normal -0.000000e+00 0.000000e+00 1.000000e+00
    outer loop
      vertex   -1.801915e+01 5.426697e+01 -1.250000e+02
      vertex   -1.799586e+01 4.712202e+01 -1.250000e+02
      vertex   -1.773665e+01 5.466754e+01 -1.250000e+02
    endloop
  endfacet
  facet normal 0.000000e+00 0.000000e+00 1.000000e+00
    outer loop
      vertex   -1.773665e+01 5.466754e+01 -1.250000e+02
      vertex   -1.799586e+01 4.712202e+01 -1.250000e+02
      vertex   -1.772576e+01 4.672694e+01 -1.250000e+02
    endloop
  endfacet
  facet normal -0.000000e+00 0.000000e+00 1.000000e+00
    outer loop
      vertex   -1.773665e+01 5.466754e+01 -1.250000e+02
      vertex   -1.772576e+01 4.672694e+01 -1.250000e+02
      vertex   -1.000000e+01 6.000000e+01 -1.250000e+02
    endloop
  endfacet
  facet normal 0.000000e+00 0.000000e+00 1.000000e+00
    outer loop
      vertex   -1.000000e+01 6.000000e+01 -1.250000e+02
      vertex   -1.772576e+01 4.672694e+01 -1.250000e+02
      vertex   -1.755726e+01 4.627900e+01 -1.250000e+02
    endloop
  endfacet
  facet normal 0.000000e+00 0.000000e+00 1.000000e+00
    outer loop
      vertex   -1.000000e+01 6.000000e+01 -1.250000e+02
      vertex   -1.755726e+01 4.627900e+01 -1.250000e+02
      vertex   -1.750000e+01 4.580385e+01 -1.250000e+02
    endloop
  endfacet
  facet normal -0.000000e+00 0.000000e+00 1.000000e+00
    outer loop
      vertex   -1.750000e+01 4.580385e+01 -1.250000e+02
      vertex   -1.750000e+01 2.827792e+01 -1.250000e+02
      vertex   -1.000000e+01 6.000000e+01 -1.250000e+02
    endloop
  endfacet
  facet normal 0.000000e+00 0.000000e+00 1.000000e+00
    outer loop
      vertex   -4.000000e+01 2.954089e+01 -1.250000e+02
      vertex   -3.198085e+01 3.426697e+01 -1.250000e+02
      vertex   -3.920000e+01 3.565524e+01 -1.250000e+02
    endloop
  endfacet
  facet normal 0.000000e+00 0.000000e+00 1.000000e+00
    outer loop
      vertex   -3.920000e+01 3.565524e+01 -1.250000e+02
      vertex   -3.198085e+01 3.426697e+01 -1.250000e+02
      vertex   -3.226335e+01 3.466754e+01 -1.250000e+02
    endloop
  endfacet
  facet normal -0.000000e+00 0.000000e+00 1.000000e+00
    outer loop
      vertex   -3.920000e+01 3.565524e+01 -1.250000e+02
      vertex   -3.226335e+01 3.466754e+01 -1.250000e+02
      vertex   -3.886863e+01 3.590951e+01 -1.250000e+02
    endloop
  endfacet
  facet normal 0.000000e+00 0.000000e+00 1.000000e+00
    outer loop
      vertex   -3.886863e+01 3.590951e+01 -1.250000e+02
      vertex   -3.226335e+01 3.466754e+01 -1.250000e+02
      vertex   -3.243994e+01 3.512479e+01 -1.250000e+02
    endloop
  endfacet
  facet normal -0.000000e+00 0.000000e+00 1.000000e+00
    outer loop
      vertex   -3.886863e+01 3.590951e+01 -1.250000e+02
      vertex   -3.243994e+01 3.512479e+01 -1.250000e+02
      vertex   -3.861436e+01 3.624089e+01 -1.250000e+02
    endloop
  endfacet
  facet normal 0.000000e+00 0.000000e+00 1.000000e+00
    outer loop
      vertex   -3.861436e+01 3.624089e+01 -1.250000e+02
      vertex   -3.243994e+01 3.512479e+01 -1.250000e+02
      vertex   -3.250000e+01 3.561125e+01 -1.250000e+02
    endloop
  endfacet
  facet normal 0.000000e+00 2.386880e-15 1.000000e+00
    outer loop
      vertex   -1.950000e+01 6.454089e+01 -1.250000e+02
      vertex   -2.924594e+01 7.644836e+01 -1.250000e+02
      vertex   -3.050000e+01 6.454089e+01 -1.250000e+02
    endloop
  endfacet
  facet normal -3.186570e-16 2.420440e-15 1.000000e+00
    outer loop
      vertex   -3.050000e+01 6.454089e+01 -1.250000e+02
      vertex   -2.924594e+01 7.644836e+01 -1.250000e+02
      vertex   -2.991887e+01 7.635976e+01 -1.250000e+02
    endloop
  endfacet
  facet normal 3.145580e-16 2.389305e-15 1.000000e+00
    outer loop
      vertex   -3.050000e+01 6.454089e+01 -1.250000e+02
      vertex   -2.991887e+01 7.635976e+01 -1.250000e+02
      vertex   -3.059180e+01 7.644836e+01 -1.250000e+02
    endloop
  endfacet
  facet normal 3.106857e-16 2.359892e-15 1.000000e+00
    outer loop
      vertex   -1.898236e+01 6.447274e+01 -1.250000e+02
      vertex   -2.766721e+01 7.765976e+01 -1.250000e+02
      vertex   -1.950000e+01 6.454089e+01 -1.250000e+02
    endloop
  endfacet
  facet normal -1.558748e-15 1.196070e-15 1.000000e+00
    outer loop
      vertex   -1.950000e+01 6.454089e+01 -1.250000e+02
      vertex   -2.766721e+01 7.765976e+01 -1.250000e+02
      vertex   -2.808039e+01 7.712129e+01 -1.250000e+02
    endloop
  endfacet
  facet normal -1.137984e-15 1.483050e-15 1.000000e+00
    outer loop
      vertex   -1.950000e+01 6.454089e+01 -1.250000e+02
      vertex   -2.808039e+01 7.712129e+01 -1.250000e+02
      vertex   -2.861887e+01 7.670810e+01 -1.250000e+02
    endloop
  endfacet
  facet normal -2.009015e-15 8.321611e-16 1.000000e+00
    outer loop
      vertex   -2.766721e+01 7.765976e+01 -1.250000e+02
      vertex   -1.898236e+01 6.447274e+01 -1.250000e+02
      vertex   -2.740746e+01 7.828684e+01 -1.250000e+02
    endloop
  endfacet
  facet normal 1.140286e-15 2.752893e-15 1.000000e+00
    outer loop
      vertex   -2.740746e+01 7.828684e+01 -1.250000e+02
      vertex   -1.898236e+01 6.447274e+01 -1.250000e+02
      vertex   -1.850000e+01 6.427294e+01 -1.250000e+02
    endloop
  endfacet
  facet normal -9.398749e-16 1.430709e-15 1.000000e+00
    outer loop
      vertex   -2.740746e+01 7.828684e+01 -1.250000e+02
      vertex   -1.850000e+01 6.427294e+01 -1.250000e+02
      vertex   -1.104333e+01 8.903692e+01 -1.250000e+02
    endloop
  endfacet
  facet normal -1.573351e-16 1.195078e-15 1.000000e+00
    outer loop
      vertex   -1.104333e+01 8.903692e+01 -1.250000e+02
      vertex   -1.850000e+01 6.427294e+01 -1.250000e+02
      vertex   -1.052569e+01 8.910507e+01 -1.250000e+02
    endloop
  endfacet
  facet normal 7.046208e-16 9.182798e-16 1.000000e+00
    outer loop
      vertex   -1.052569e+01 8.910507e+01 -1.250000e+02
      vertex   -1.850000e+01 6.427294e+01 -1.250000e+02
      vertex   -1.808579e+01 6.395510e+01 -1.250000e+02
    endloop
  endfacet
  facet normal 4.819152e-16 9.852252e-16 1.000000e+00
    outer loop
      vertex   -1.052569e+01 8.910507e+01 -1.250000e+02
      vertex   -1.808579e+01 6.395510e+01 -1.250000e+02
      vertex   -1.000000e+01 6.000000e+01 -1.250000e+02
    endloop
  endfacet
  facet normal 0.000000e+00 0.000000e+00 1.000000e+00
    outer loop
      vertex   -1.000000e+01 6.000000e+01 -1.250000e+02
      vertex   -1.808579e+01 6.395510e+01 -1.250000e+02
      vertex   -1.776795e+01 6.354089e+01 -1.250000e+02
    endloop
  endfacet
  facet normal 0.000000e+00 0.000000e+00 1.000000e+00
    outer loop
      vertex   -1.000000e+01 6.000000e+01 -1.250000e+02
      vertex   -1.776795e+01 6.354089e+01 -1.250000e+02
      vertex   -1.756815e+01 6.305852e+01 -1.250000e+02
    endloop
  endfacet
  facet normal 0.000000e+00 0.000000e+00 1.000000e+00
    outer loop
      vertex   -1.756815e+01 6.305852e+01 -1.250000e+02
      vertex   -1.750000e+01 6.254089e+01 -1.250000e+02
      vertex   -1.000000e+01 6.000000e+01 -1.250000e+02
    endloop
  endfacet
  facet normal 0.000000e+00 0.000000e+00 1.000000e+00
    outer loop
      vertex   -1.000000e+01 6.000000e+01 -1.250000e+02
      vertex   -1.750000e+01 6.254089e+01 -1.250000e+02
      vertex   -1.750000e+01 5.561125e+01 -1.250000e+02
    endloop
  endfacet
  facet normal 0.000000e+00 0.000000e+00 1.000000e+00
    outer loop
      vertex   -1.000000e+01 6.000000e+01 -1.250000e+02
      vertex   -1.750000e+01 5.561125e+01 -1.250000e+02
      vertex   -1.756006e+01 5.512479e+01 -1.250000e+02
    endloop
  endfacet
  facet normal -0.000000e+00 0.000000e+00 1.000000e+00
    outer loop
      vertex   -1.756006e+01 5.512479e+01 -1.250000e+02
      vertex   -1.773665e+01 5.466754e+01 -1.250000e+02
      vertex   -1.000000e+01 6.000000e+01 -1.250000e+02
    endloop
  endfacet
  facet normal -3.139201e-16 2.384460e-15 1.000000e+00
    outer loop
      vertex   -3.101764e+01 6.447274e+01 -1.250000e+02
      vertex   -3.050000e+01 6.454089e+01 -1.250000e+02
      vertex   -3.059180e+01 7.644836e+01 -1.250000e+02
    endloop
  endfacet
  facet normal 0.000000e+00 0.000000e+00 1.000000e+00
    outer loop
      vertex   -1.756097e+01 8.910507e+01 -1.250000e+02
      vertex   -2.766721e+01 8.025976e+01 -1.250000e+02
      vertex   -1.704333e+01 8.903692e+01 -1.250000e+02
    endloop
  endfacet
  facet normal 0.000000e+00 0.000000e+00 1.000000e+00
    outer loop
      vertex   -1.704333e+01 8.903692e+01 -1.250000e+02
      vertex   -2.766721e+01 8.025976e+01 -1.250000e+02
      vertex   -2.740746e+01 7.963269e+01 -1.250000e+02
    endloop
  endfacet
  facet normal 0.000000e+00 0.000000e+00 1.000000e+00
    outer loop
      vertex   -1.704333e+01 8.903692e+01 -1.250000e+02
      vertex   -2.740746e+01 7.963269e+01 -1.250000e+02
      vertex   -2.731887e+01 7.895976e+01 -1.250000e+02
    endloop
  endfacet
  facet normal 0.000000e+00 -0.000000e+00 1.000000e+00
    outer loop
      vertex   -2.766721e+01 8.025976e+01 -1.250000e+02
      vertex   -1.756097e+01 8.910507e+01 -1.250000e+02
      vertex   -2.808039e+01 8.079824e+01 -1.250000e+02
    endloop
  endfacet
  facet normal 0.000000e+00 0.000000e+00 1.000000e+00
    outer loop
      vertex   -2.808039e+01 8.079824e+01 -1.250000e+02
      vertex   -1.756097e+01 8.910507e+01 -1.250000e+02
      vertex   -1.804333e+01 8.930487e+01 -1.250000e+02
    endloop
  endfacet
  facet normal 0.000000e+00 -0.000000e+00 1.000000e+00
    outer loop
      vertex   -2.808039e+01 8.079824e+01 -1.250000e+02
      vertex   -1.804333e+01 8.930487e+01 -1.250000e+02
      vertex   -2.852600e+01 8.697626e+01 -1.250000e+02
    endloop
  endfacet
  facet normal 0.000000e+00 0.000000e+00 1.000000e+00
    outer loop
      vertex   -2.852600e+01 8.697626e+01 -1.250000e+02
      vertex   -1.804333e+01 8.930487e+01 -1.250000e+02
      vertex   -2.828762e+01 8.728692e+01 -1.250000e+02
    endloop
  endfacet
  facet normal 0.000000e+00 0.000000e+00 1.000000e+00
    outer loop
      vertex   -2.828762e+01 8.728692e+01 -1.250000e+02
      vertex   -1.804333e+01 8.930487e+01 -1.250000e+02
      vertex   -2.813777e+01 8.764869e+01 -1.250000e+02
    endloop
  endfacet
  facet normal 0.000000e+00 0.000000e+00 1.000000e+00
    outer loop
      vertex   -2.813777e+01 8.764869e+01 -1.250000e+02
      vertex   -1.804333e+01 8.930487e+01 -1.250000e+02
      vertex   -1.845754e+01 8.962271e+01 -1.250000e+02
    endloop
  endfacet
  facet normal 0.000000e+00 0.000000e+00 1.000000e+00
    outer loop
      vertex   -2.813777e+01 8.764869e+01 -1.250000e+02
      vertex   -1.845754e+01 8.962271e+01 -1.250000e+02
      vertex   -2.808666e+01 8.803692e+01 -1.250000e+02
    endloop
  endfacet
  facet normal 0.000000e+00 0.000000e+00 1.000000e+00
    outer loop
      vertex   -2.808666e+01 8.803692e+01 -1.250000e+02
      vertex   -1.845754e+01 8.962271e+01 -1.250000e+02
      vertex   -1.877538e+01 9.003692e+01 -1.250000e+02
    endloop
  endfacet
  facet normal 0.000000e+00 0.000000e+00 1.000000e+00
    outer loop
      vertex   -2.808666e+01 8.803692e+01 -1.250000e+02
      vertex   -1.877538e+01 9.003692e+01 -1.250000e+02
      vertex   -1.897518e+01 9.051928e+01 -1.250000e+02
    endloop
  endfacet
  facet normal 0.000000e+00 0.000000e+00 1.000000e+00
    outer loop
      vertex   -1.897518e+01 9.051928e+01 -1.250000e+02
      vertex   -1.904333e+01 9.103692e+01 -1.250000e+02
      vertex   -2.808666e+01 8.803692e+01 -1.250000e+02
    endloop
  endfacet
  facet normal 0.000000e+00 0.000000e+00 1.000000e+00
    outer loop
      vertex   -2.808666e+01 8.803692e+01 -1.250000e+02
      vertex   -1.904333e+01 9.103692e+01 -1.250000e+02
      vertex   -1.904333e+01 9.703692e+01 -1.250000e+02
    endloop
  endfacet
  facet normal 0.000000e+00 0.000000e+00 1.000000e+00
    outer loop
      vertex   -2.808666e+01 8.803692e+01 -1.250000e+02
      vertex   -1.904333e+01 9.703692e+01 -1.250000e+02
      vertex   -2.808666e+01 1.000369e+02 -1.250000e+02
    endloop
  endfacet
  facet normal 0.000000e+00 0.000000e+00 1.000000e+00
    outer loop
      vertex   -2.808666e+01 1.000369e+02 -1.250000e+02
      vertex   -1.904333e+01 9.703692e+01 -1.250000e+02
      vertex   -1.897518e+01 9.755456e+01 -1.250000e+02
    endloop
  endfacet
  facet normal 0.000000e+00 0.000000e+00 1.000000e+00
    outer loop
      vertex   -2.808666e+01 1.000369e+02 -1.250000e+02
      vertex   -1.897518e+01 9.755456e+01 -1.250000e+02
      vertex   -1.877538e+01 9.803692e+01 -1.250000e+02
    endloop
  endfacet
  facet normal 0.000000e+00 -0.000000e+00 1.000000e+00
    outer loop
      vertex   -1.877538e+01 9.803692e+01 -1.250000e+02
      vertex   -1.845754e+01 9.845113e+01 -1.250000e+02
      vertex   -2.808666e+01 1.000369e+02 -1.250000e+02
    endloop
  endfacet
  facet normal -0.000000e+00 -0.000000e+00 1.000000e+00
    outer loop
      vertex   -2.808666e+01 1.000369e+02 -1.250000e+02
      vertex   -1.845754e+01 9.845113e+01 -1.250000e+02
      vertex   -2.813777e+01 1.004251e+02 -1.250000e+02
    endloop
  endfacet
  facet normal 0.000000e+00 0.000000e+00 1.000000e+00
    outer loop
      vertex   -2.813777e+01 1.004251e+02 -1.250000e+02
      vertex   -1.845754e+01 9.845113e+01 -1.250000e+02
      vertex   -1.804333e+01 9.876897e+01 -1.250000e+02
    endloop
  endfacet
  facet normal -0.000000e+00 -0.000000e+00 1.000000e+00
    outer loop
      vertex   -2.813777e+01 1.004251e+02 -1.250000e+02
      vertex   -1.804333e+01 9.876897e+01 -1.250000e+02
      vertex   -2.828762e+01 1.007869e+02 -1.250000e+02
    endloop
  endfacet
  facet normal -0.000000e+00 -0.000000e+00 1.000000e+00
    outer loop
      vertex   -2.828762e+01 1.007869e+02 -1.250000e+02
      vertex   -1.804333e+01 9.876897e+01 -1.250000e+02
      vertex   -2.852600e+01 1.010976e+02 -1.250000e+02
    endloop
  endfacet
  facet normal 0.000000e+00 0.000000e+00 1.000000e+00
    outer loop
      vertex   -2.852600e+01 1.010976e+02 -1.250000e+02
      vertex   -1.804333e+01 9.876897e+01 -1.250000e+02
      vertex   -1.756097e+01 9.896877e+01 -1.250000e+02
    endloop
  endfacet
  facet normal -0.000000e+00 -0.000000e+00 1.000000e+00
    outer loop
      vertex   -2.852600e+01 1.010976e+02 -1.250000e+02
      vertex   -1.756097e+01 9.896877e+01 -1.250000e+02
      vertex   -2.883666e+01 1.013360e+02 -1.250000e+02
    endloop
  endfacet
  facet normal 0.000000e+00 0.000000e+00 1.000000e+00
    outer loop
      vertex   -2.883666e+01 1.013360e+02 -1.250000e+02
      vertex   -1.756097e+01 9.896877e+01 -1.250000e+02
      vertex   -1.704333e+01 9.903692e+01 -1.250000e+02
    endloop
  endfacet
  facet normal -0.000000e+00 -0.000000e+00 1.000000e+00
    outer loop
      vertex   -2.883666e+01 1.013360e+02 -1.250000e+02
      vertex   -1.704333e+01 9.903692e+01 -1.250000e+02
      vertex   -3.429230e+01 1.060000e+02 -1.250000e+02
    endloop
  endfacet
  facet normal 0.000000e+00 0.000000e+00 1.000000e+00
    outer loop
      vertex   -3.429230e+01 1.060000e+02 -1.250000e+02
      vertex   -1.704333e+01 9.903692e+01 -1.250000e+02
      vertex   -1.104333e+01 9.903692e+01 -1.250000e+02
    endloop
  endfacet
  facet normal 0.000000e+00 0.000000e+00 1.000000e+00
    outer loop
      vertex   -3.429230e+01 1.060000e+02 -1.250000e+02
      vertex   -1.104333e+01 9.903692e+01 -1.250000e+02
      vertex   -1.052569e+01 9.896877e+01 -1.250000e+02
    endloop
  endfacet
  facet normal 0.000000e+00 0.000000e+00 1.000000e+00
    outer loop
      vertex   -9.111477e+00 9.051928e+01 -1.250000e+02
      vertex   9.111477e+00 9.051928e+01 -1.250000e+02
      vertex   -9.043329e+00 9.103692e+01 -1.250000e+02
    endloop
  endfacet
  facet normal -0.000000e+00 0.000000e+00 1.000000e+00
    outer loop
      vertex   -9.043329e+00 9.103692e+01 -1.250000e+02
      vertex   9.111477e+00 9.051928e+01 -1.250000e+02
      vertex   9.043329e+00 9.103692e+01 -1.250000e+02
    endloop
  endfacet
  facet normal 0.000000e+00 0.000000e+00 1.000000e+00
    outer loop
      vertex   -9.043329e+00 9.103692e+01 -1.250000e+02
      vertex   9.043329e+00 9.103692e+01 -1.250000e+02
      vertex   9.043329e+00 9.703692e+01 -1.250000e+02
    endloop
  endfacet
  facet normal 0.000000e+00 0.000000e+00 1.000000e+00
    outer loop
      vertex   9.111477e+00 9.051928e+01 -1.250000e+02
      vertex   -9.111477e+00 9.051928e+01 -1.250000e+02
      vertex   9.311278e+00 9.003692e+01 -1.250000e+02
    endloop
  endfacet
  facet normal 0.000000e+00 0.000000e+00 1.000000e+00
    outer loop
      vertex   9.311278e+00 9.003692e+01 -1.250000e+02
      vertex   -9.111477e+00 9.051928e+01 -1.250000e+02
      vertex   -9.311278e+00 9.003692e+01 -1.250000e+02
    endloop
  endfacet
  facet normal 0.000000e+00 0.000000e+00 1.000000e+00
    outer loop
      vertex   9.311278e+00 9.003692e+01 -1.250000e+02
      vertex   -9.311278e+00 9.003692e+01 -1.250000e+02
      vertex   9.629115e+00 8.962271e+01 -1.250000e+02
    endloop
  endfacet
  facet normal 0.000000e+00 0.000000e+00 1.000000e+00
    outer loop
      vertex   9.629115e+00 8.962271e+01 -1.250000e+02
      vertex   -9.311278e+00 9.003692e+01 -1.250000e+02
      vertex   -9.629115e+00 8.962271e+01 -1.250000e+02
    endloop
  endfacet
  facet normal 0.000000e+00 0.000000e+00 1.000000e+00
    outer loop
      vertex   9.629115e+00 8.962271e+01 -1.250000e+02
      vertex   -9.629115e+00 8.962271e+01 -1.250000e+02
      vertex   1.004333e+01 8.930487e+01 -1.250000e+02
    endloop
  endfacet
  facet normal 0.000000e+00 0.000000e+00 1.000000e+00
    outer loop
      vertex   1.004333e+01 8.930487e+01 -1.250000e+02
      vertex   -9.629115e+00 8.962271e+01 -1.250000e+02
      vertex   -1.004333e+01 8.930487e+01 -1.250000e+02
    endloop
  endfacet
  facet normal 0.000000e+00 0.000000e+00 1.000000e+00
    outer loop
      vertex   1.004333e+01 8.930487e+01 -1.250000e+02
      vertex   -1.004333e+01 8.930487e+01 -1.250000e+02
      vertex   1.052569e+01 8.910507e+01 -1.250000e+02
    endloop
  endfacet
  facet normal 0.000000e+00 0.000000e+00 1.000000e+00
    outer loop
      vertex   1.052569e+01 8.910507e+01 -1.250000e+02
      vertex   -1.004333e+01 8.930487e+01 -1.250000e+02
      vertex   -1.052569e+01 8.910507e+01 -1.250000e+02
    endloop
  endfacet
  facet normal 0.000000e+00 9.765209e-16 1.000000e+00
    outer loop
      vertex   1.052569e+01 8.910507e+01 -1.250000e+02
      vertex   -1.052569e+01 8.910507e+01 -1.250000e+02
      vertex   1.000000e+01 6.000000e+01 -1.250000e+02
    endloop
  endfacet
  facet normal 0.000000e+00 9.765209e-16 1.000000e+00
    outer loop
      vertex   1.000000e+01 6.000000e+01 -1.250000e+02
      vertex   -1.052569e+01 8.910507e+01 -1.250000e+02
      vertex   -1.000000e+01 6.000000e+01 -1.250000e+02
    endloop
  endfacet
  facet normal 0.000000e+00 0.000000e+00 1.000000e+00
    outer loop
      vertex   -2.740746e+01 7.828684e+01 -1.250000e+02
      vertex   -1.104333e+01 8.903692e+01 -1.250000e+02
      vertex   -2.731887e+01 7.895976e+01 -1.250000e+02
    endloop
  endfacet
  facet normal 0.000000e+00 0.000000e+00 1.000000e+00
    outer loop
      vertex   -2.731887e+01 7.895976e+01 -1.250000e+02
      vertex   -1.104333e+01 8.903692e+01 -1.250000e+02
      vertex   -1.704333e+01 8.903692e+01 -1.250000e+02
    endloop
  endfacet
  facet normal 0.000000e+00 0.000000e+00 1.000000e+00
    outer loop
      vertex   -2.808039e+01 8.079824e+01 -1.250000e+02
      vertex   -2.852600e+01 8.697626e+01 -1.250000e+02
      vertex   -2.861887e+01 8.121143e+01 -1.250000e+02
    endloop
  endfacet
  facet normal 0.000000e+00 -0.000000e+00 1.000000e+00
    outer loop
      vertex   -2.861887e+01 8.121143e+01 -1.250000e+02
      vertex   -2.852600e+01 8.697626e+01 -1.250000e+02
      vertex   -2.883666e+01 8.673788e+01 -1.250000e+02
    endloop
  endfacet
  facet normal 0.000000e+00 0.000000e+00 1.000000e+00
    outer loop
      vertex   -2.861887e+01 8.121143e+01 -1.250000e+02
      vertex   -2.883666e+01 8.673788e+01 -1.250000e+02
      vertex   -2.924594e+01 8.147117e+01 -1.250000e+02
    endloop
  endfacet
  facet normal 0.000000e+00 0.000000e+00 1.000000e+00
    outer loop
      vertex   -2.924594e+01 8.147117e+01 -1.250000e+02
      vertex   -2.883666e+01 8.673788e+01 -1.250000e+02
      vertex   -2.919843e+01 8.658803e+01 -1.250000e+02
    endloop
  endfacet
  facet normal 0.000000e+00 -0.000000e+00 1.000000e+00
    outer loop
      vertex   -2.924594e+01 8.147117e+01 -1.250000e+02
      vertex   -2.919843e+01 8.658803e+01 -1.250000e+02
      vertex   -2.958666e+01 8.653692e+01 -1.250000e+02
    endloop
  endfacet
  facet normal 0.000000e+00 0.000000e+00 1.000000e+00
    outer loop
      vertex   -2.924594e+01 8.147117e+01 -1.250000e+02
      vertex   -2.958666e+01 8.653692e+01 -1.250000e+02
      vertex   -2.991887e+01 8.155976e+01 -1.250000e+02
    endloop
  endfacet
  facet normal 0.000000e+00 -0.000000e+00 1.000000e+00
    outer loop
      vertex   -2.991887e+01 8.155976e+01 -1.250000e+02
      vertex   -2.958666e+01 8.653692e+01 -1.250000e+02
      vertex   -3.033666e+01 8.653692e+01 -1.250000e+02
    endloop
  endfacet
  facet normal 0.000000e+00 0.000000e+00 1.000000e+00
    outer loop
      vertex   -2.991887e+01 8.155976e+01 -1.250000e+02
      vertex   -3.033666e+01 8.653692e+01 -1.250000e+02
      vertex   -3.059180e+01 8.147117e+01 -1.250000e+02
    endloop
  endfacet
  facet normal 0.000000e+00 -0.000000e+00 1.000000e+00
    outer loop
      vertex   -3.059180e+01 8.147117e+01 -1.250000e+02
      vertex   -3.033666e+01 8.653692e+01 -1.250000e+02
      vertex   -3.072489e+01 8.658803e+01 -1.250000e+02
    endloop
  endfacet
  facet normal 0.000000e+00 0.000000e+00 1.000000e+00
    outer loop
      vertex   -3.059180e+01 8.147117e+01 -1.250000e+02
      vertex   -3.072489e+01 8.658803e+01 -1.250000e+02
      vertex   -3.121887e+01 8.121143e+01 -1.250000e+02
    endloop
  endfacet
  facet normal 0.000000e+00 0.000000e+00 1.000000e+00
    outer loop
      vertex   -3.121887e+01 8.121143e+01 -1.250000e+02
      vertex   -3.072489e+01 8.658803e+01 -1.250000e+02
      vertex   -3.108666e+01 8.673788e+01 -1.250000e+02
    endloop
  endfacet
  facet normal 0.000000e+00 -0.000000e+00 1.000000e+00
    outer loop
      vertex   -3.121887e+01 8.121143e+01 -1.250000e+02
      vertex   -3.108666e+01 8.673788e+01 -1.250000e+02
      vertex   -3.139732e+01 8.697626e+01 -1.250000e+02
    endloop
  endfacet
  facet normal 0.000000e+00 0.000000e+00 1.000000e+00
    outer loop
      vertex   -3.121887e+01 8.121143e+01 -1.250000e+02
      vertex   -3.139732e+01 8.697626e+01 -1.250000e+02
      vertex   -3.175735e+01 8.079824e+01 -1.250000e+02
    endloop
  endfacet
  facet normal 0.000000e+00 0.000000e+00 1.000000e+00
    outer loop
      vertex   -3.175735e+01 8.079824e+01 -1.250000e+02
      vertex   -3.139732e+01 8.697626e+01 -1.250000e+02
      vertex   -3.163570e+01 8.728692e+01 -1.250000e+02
    endloop
  endfacet
  facet normal 0.000000e+00 -0.000000e+00 1.000000e+00
    outer loop
      vertex   -3.175735e+01 8.079824e+01 -1.250000e+02
      vertex   -3.163570e+01 8.728692e+01 -1.250000e+02
      vertex   -3.217054e+01 8.025976e+01 -1.250000e+02
    endloop
  endfacet
  facet normal 0.000000e+00 0.000000e+00 1.000000e+00
    outer loop
      vertex   -3.217054e+01 8.025976e+01 -1.250000e+02
      vertex   -3.163570e+01 8.728692e+01 -1.250000e+02
      vertex   -3.178555e+01 8.764869e+01 -1.250000e+02
    endloop
  endfacet
  facet normal 0.000000e+00 -0.000000e+00 1.000000e+00
    outer loop
      vertex   -3.217054e+01 8.025976e+01 -1.250000e+02
      vertex   -3.178555e+01 8.764869e+01 -1.250000e+02
      vertex   -6.784111e+01 8.820092e+01 -1.250000e+02
    endloop
  endfacet
  facet normal 0.000000e+00 0.000000e+00 1.000000e+00
    outer loop
      vertex   -6.784111e+01 8.820092e+01 -1.250000e+02
      vertex   -3.178555e+01 8.764869e+01 -1.250000e+02
      vertex   -3.183666e+01 8.803692e+01 -1.250000e+02
    endloop
  endfacet
  facet normal -0.000000e+00 0.000000e+00 1.000000e+00
    outer loop
      vertex   -6.784111e+01 8.820092e+01 -1.250000e+02
      vertex   -3.183666e+01 8.803692e+01 -1.250000e+02
      vertex   -3.183666e+01 1.000369e+02 -1.250000e+02
    endloop
  endfacet
  facet normal 0.000000e+00 0.000000e+00 1.000000e+00
    outer loop
      vertex   -3.920000e+01 3.565524e+01 -1.250000e+02
      vertex   -3.958589e+01 3.549540e+01 -1.250000e+02
      vertex   -4.000000e+01 2.954089e+01 -1.250000e+02
    endloop
  endfacet
  facet normal 0.000000e+00 0.000000e+00 1.000000e+00
    outer loop
      vertex   -4.000000e+01 2.954089e+01 -1.250000e+02
      vertex   -3.958589e+01 3.549540e+01 -1.250000e+02
      vertex   -4.000000e+01 3.544089e+01 -1.250000e+02
    endloop
  endfacet
  facet normal 0.000000e+00 0.000000e+00 1.000000e+00
    outer loop
      vertex   1.000000e+01 5.000000e+00 -1.250000e+02
      vertex   1.750000e+01 2.827792e+01 -1.250000e+02
      vertex   1.000000e+01 6.000000e+01 -1.250000e+02
    endloop
  endfacet
  facet normal 0.000000e+00 0.000000e+00 1.000000e+00
    outer loop
      vertex   1.000000e+01 6.000000e+01 -1.250000e+02
      vertex   1.750000e+01 2.827792e+01 -1.250000e+02
      vertex   1.750000e+01 4.580385e+01 -1.250000e+02
    endloop
  endfacet
  facet normal 0.000000e+00 0.000000e+00 1.000000e+00
    outer loop
      vertex   1.000000e+01 6.000000e+01 -1.250000e+02
      vertex   1.750000e+01 4.580385e+01 -1.250000e+02
      vertex   1.755726e+01 4.627900e+01 -1.250000e+02
    endloop
  endfacet
  facet normal 0.000000e+00 0.000000e+00 1.000000e+00
    outer loop
      vertex   3.845452e+01 3.745500e+01 -1.250000e+02
      vertex   3.250000e+01 3.847052e+01 -1.250000e+02
      vertex   3.840000e+01 3.704089e+01 -1.250000e+02
    endloop
  endfacet
  facet normal 0.000000e+00 0.000000e+00 1.000000e+00
    outer loop
      vertex   3.840000e+01 3.704089e+01 -1.250000e+02
      vertex   3.250000e+01 3.847052e+01 -1.250000e+02
      vertex   3.250000e+01 3.561125e+01 -1.250000e+02
    endloop
  endfacet
  facet normal 0.000000e+00 0.000000e+00 1.000000e+00
    outer loop
      vertex   3.840000e+01 3.704089e+01 -1.250000e+02
      vertex   3.250000e+01 3.561125e+01 -1.250000e+02
      vertex   3.845452e+01 3.662677e+01 -1.250000e+02
    endloop
  endfacet
  facet normal 0.000000e+00 0.000000e+00 1.000000e+00
    outer loop
      vertex   3.845452e+01 3.662677e+01 -1.250000e+02
      vertex   3.250000e+01 3.561125e+01 -1.250000e+02
      vertex   3.861436e+01 3.624089e+01 -1.250000e+02
    endloop
  endfacet
  facet normal 0.000000e+00 0.000000e+00 1.000000e+00
    outer loop
      vertex   3.861436e+01 3.624089e+01 -1.250000e+02
      vertex   3.250000e+01 3.561125e+01 -1.250000e+02
      vertex   3.243994e+01 3.512479e+01 -1.250000e+02
    endloop
  endfacet
  facet normal 0.000000e+00 0.000000e+00 1.000000e+00
    outer loop
      vertex   3.861436e+01 3.624089e+01 -1.250000e+02
      vertex   3.243994e+01 3.512479e+01 -1.250000e+02
      vertex   3.886863e+01 3.590951e+01 -1.250000e+02
    endloop
  endfacet
  facet normal 0.000000e+00 0.000000e+00 1.000000e+00
    outer loop
      vertex   3.886863e+01 3.590951e+01 -1.250000e+02
      vertex   3.243994e+01 3.512479e+01 -1.250000e+02
      vertex   3.226335e+01 3.466754e+01 -1.250000e+02
    endloop
  endfacet
  facet normal 0.000000e+00 0.000000e+00 1.000000e+00
    outer loop
      vertex   3.886863e+01 3.590951e+01 -1.250000e+02
      vertex   3.226335e+01 3.466754e+01 -1.250000e+02
      vertex   3.920000e+01 3.565524e+01 -1.250000e+02
    endloop
  endfacet
  facet normal 0.000000e+00 0.000000e+00 1.000000e+00
    outer loop
      vertex   3.920000e+01 3.565524e+01 -1.250000e+02
      vertex   3.226335e+01 3.466754e+01 -1.250000e+02
      vertex   3.198085e+01 3.426697e+01 -1.250000e+02
    endloop
  endfacet
  facet normal 0.000000e+00 0.000000e+00 1.000000e+00
    outer loop
      vertex   3.920000e+01 3.565524e+01 -1.250000e+02
      vertex   3.198085e+01 3.426697e+01 -1.250000e+02
      vertex   4.000000e+01 2.954089e+01 -1.250000e+02
    endloop
  endfacet
  facet normal 0.000000e+00 0.000000e+00 1.000000e+00
    outer loop
      vertex   4.000000e+01 2.954089e+01 -1.250000e+02
      vertex   3.198085e+01 3.426697e+01 -1.250000e+02
      vertex   3.160940e+01 3.394715e+01 -1.250000e+02
    endloop
  endfacet
  facet normal 0.000000e+00 0.000000e+00 1.000000e+00
    outer loop
      vertex   4.000000e+01 2.954089e+01 -1.250000e+02
      vertex   3.160940e+01 3.394715e+01 -1.250000e+02
      vertex   2.060940e+01 2.661382e+01 -1.250000e+02
    endloop
  endfacet
  facet normal 0.000000e+00 -0.000000e+00 1.000000e+00
    outer loop
      vertex   3.845452e+01 3.745500e+01 -1.250000e+02
      vertex   3.861436e+01 3.784089e+01 -1.250000e+02
      vertex   3.250000e+01 3.847052e+01 -1.250000e+02
    endloop
  endfacet
  facet normal -0.000000e+00 -0.000000e+00 1.000000e+00
    outer loop
      vertex   3.250000e+01 3.847052e+01 -1.250000e+02
      vertex   3.861436e+01 3.784089e+01 -1.250000e+02
      vertex   3.243994e+01 3.895699e+01 -1.250000e+02
    endloop
  endfacet
  facet normal 0.000000e+00 0.000000e+00 1.000000e+00
    outer loop
      vertex   3.243994e+01 3.895699e+01 -1.250000e+02
      vertex   3.861436e+01 3.784089e+01 -1.250000e+02
      vertex   3.886863e+01 3.817226e+01 -1.250000e+02
    endloop
  endfacet
  facet normal -0.000000e+00 -0.000000e+00 1.000000e+00
    outer loop
      vertex   3.243994e+01 3.895699e+01 -1.250000e+02
      vertex   3.886863e+01 3.817226e+01 -1.250000e+02
      vertex   3.226335e+01 3.941423e+01 -1.250000e+02
    endloop
  endfacet
  facet normal 0.000000e+00 0.000000e+00 1.000000e+00
    outer loop
      vertex   3.226335e+01 3.941423e+01 -1.250000e+02
      vertex   3.886863e+01 3.817226e+01 -1.250000e+02
      vertex   3.920000e+01 3.842653e+01 -1.250000e+02
    endloop
  endfacet
  facet normal -0.000000e+00 -0.000000e+00 1.000000e+00
    outer loop
      vertex   3.226335e+01 3.941423e+01 -1.250000e+02
      vertex   3.920000e+01 3.842653e+01 -1.250000e+02
      vertex   3.198085e+01 3.981480e+01 -1.250000e+02
    endloop
  endfacet
  facet normal -0.000000e+00 0.000000e+00 1.000000e+00
    outer loop
      vertex   3.198085e+01 3.981480e+01 -1.250000e+02
      vertex   3.920000e+01 3.842653e+01 -1.250000e+02
      vertex   4.000000e+01 4.454089e+01 -1.250000e+02
    endloop
  endfacet
  facet normal 0.000000e+00 -0.000000e+00 1.000000e+00
    outer loop
      vertex   3.198085e+01 3.981480e+01 -1.250000e+02
      vertex   4.000000e+01 4.454089e+01 -1.250000e+02
      vertex   3.160940e+01 4.013462e+01 -1.250000e+02
    endloop
  endfacet
  facet normal 0.000000e+00 0.000000e+00 1.000000e+00
    outer loop
      vertex   3.160940e+01 4.013462e+01 -1.250000e+02
      vertex   4.000000e+01 4.454089e+01 -1.250000e+02
      vertex   3.164791e+01 4.664015e+01 -1.250000e+02
    endloop
  endfacet
  facet normal 0.000000e+00 -0.000000e+00 1.000000e+00
    outer loop
      vertex   3.160940e+01 4.013462e+01 -1.250000e+02
      vertex   3.164791e+01 4.664015e+01 -1.250000e+02
      vertex   3.122596e+01 4.641433e+01 -1.250000e+02
    endloop
  endfacet
  facet normal 0.000000e+00 0.000000e+00 1.000000e+00
    outer loop
      vertex   3.920000e+01 3.842653e+01 -1.250000e+02
      vertex   3.958589e+01 3.858637e+01 -1.250000e+02
      vertex   4.000000e+01 4.454089e+01 -1.250000e+02
    endloop
  endfacet
  facet normal 0.000000e+00 0.000000e+00 1.000000e+00
    outer loop
      vertex   4.000000e+01 4.454089e+01 -1.250000e+02
      vertex   3.958589e+01 3.858637e+01 -1.250000e+02
      vertex   4.000000e+01 3.864089e+01 -1.250000e+02
    endloop
  endfacet
  facet normal 0.000000e+00 0.000000e+00 1.000000e+00
    outer loop
      vertex   1.971612e+01 2.628963e+01 -1.250000e+02
      vertex   1.923756e+01 2.629521e+01 -1.250000e+02
      vertex   1.000000e+01 5.000000e+00 -1.250000e+02
    endloop
  endfacet
  facet normal 0.000000e+00 0.000000e+00 1.000000e+00
    outer loop
      vertex   1.000000e+01 5.000000e+00 -1.250000e+02
      vertex   1.923756e+01 2.629521e+01 -1.250000e+02
      vertex   1.877404e+01 2.641433e+01 -1.250000e+02
    endloop
  endfacet
  facet normal 0.000000e+00 0.000000e+00 1.000000e+00
    outer loop
      vertex   1.000000e+01 5.000000e+00 -1.250000e+02
      vertex   1.877404e+01 2.641433e+01 -1.250000e+02
      vertex   1.835209e+01 2.664015e+01 -1.250000e+02
    endloop
  endfacet
  facet normal 0.000000e+00 0.000000e+00 1.000000e+00
    outer loop
      vertex   1.835209e+01 2.664015e+01 -1.250000e+02
      vertex   1.799586e+01 2.695975e+01 -1.250000e+02
      vertex   1.000000e+01 5.000000e+00 -1.250000e+02
    endloop
  endfacet
  facet normal 0.000000e+00 0.000000e+00 1.000000e+00
    outer loop
      vertex   1.000000e+01 5.000000e+00 -1.250000e+02
      vertex   1.799586e+01 2.695975e+01 -1.250000e+02
      vertex   1.772576e+01 2.735483e+01 -1.250000e+02
    endloop
  endfacet
  facet normal 0.000000e+00 0.000000e+00 1.000000e+00
    outer loop
      vertex   1.000000e+01 5.000000e+00 -1.250000e+02
      vertex   1.772576e+01 2.735483e+01 -1.250000e+02
      vertex   1.755726e+01 2.780277e+01 -1.250000e+02
    endloop
  endfacet
  facet normal 0.000000e+00 0.000000e+00 1.000000e+00
    outer loop
      vertex   1.755726e+01 2.780277e+01 -1.250000e+02
      vertex   1.750000e+01 2.827792e+01 -1.250000e+02
      vertex   1.000000e+01 5.000000e+00 -1.250000e+02
    endloop
  endfacet
  facet normal 0.000000e+00 -0.000000e+00 1.000000e+00
    outer loop
      vertex   1.755726e+01 4.627900e+01 -1.250000e+02
      vertex   1.772576e+01 4.672694e+01 -1.250000e+02
      vertex   1.000000e+01 6.000000e+01 -1.250000e+02
    endloop
  endfacet
  facet normal 0.000000e+00 0.000000e+00 1.000000e+00
    outer loop
      vertex   1.000000e+01 6.000000e+01 -1.250000e+02
      vertex   1.772576e+01 4.672694e+01 -1.250000e+02
      vertex   1.773665e+01 5.466754e+01 -1.250000e+02
    endloop
  endfacet
  facet normal 0.000000e+00 0.000000e+00 1.000000e+00
    outer loop
      vertex   1.000000e+01 6.000000e+01 -1.250000e+02
      vertex   1.773665e+01 5.466754e+01 -1.250000e+02
      vertex   1.756006e+01 5.512479e+01 -1.250000e+02
    endloop
  endfacet
  facet normal 0.000000e+00 0.000000e+00 1.000000e+00
    outer loop
      vertex   1.772576e+01 4.672694e+01 -1.250000e+02
      vertex   1.799586e+01 4.712202e+01 -1.250000e+02
      vertex   1.773665e+01 5.466754e+01 -1.250000e+02
    endloop
  endfacet
  facet normal 0.000000e+00 0.000000e+00 1.000000e+00
    outer loop
      vertex   1.773665e+01 5.466754e+01 -1.250000e+02
      vertex   1.799586e+01 4.712202e+01 -1.250000e+02
      vertex   1.801915e+01 5.426697e+01 -1.250000e+02
    endloop
  endfacet
  facet normal 0.000000e+00 0.000000e+00 1.000000e+00
    outer loop
      vertex   1.801915e+01 5.426697e+01 -1.250000e+02
      vertex   1.799586e+01 4.712202e+01 -1.250000e+02
      vertex   1.835209e+01 4.744162e+01 -1.250000e+02
    endloop
  endfacet
  facet normal 0.000000e+00 0.000000e+00 1.000000e+00
    outer loop
      vertex   1.801915e+01 5.426697e+01 -1.250000e+02
      vertex   1.835209e+01 4.744162e+01 -1.250000e+02
      vertex   1.839060e+01 5.394715e+01 -1.250000e+02
    endloop
  endfacet
  facet normal 0.000000e+00 0.000000e+00 1.000000e+00
    outer loop
      vertex   1.839060e+01 5.394715e+01 -1.250000e+02
      vertex   1.835209e+01 4.744162e+01 -1.250000e+02
      vertex   1.877404e+01 4.766745e+01 -1.250000e+02
    endloop
  endfacet
  facet normal 0.000000e+00 0.000000e+00 1.000000e+00
    outer loop
      vertex   1.839060e+01 5.394715e+01 -1.250000e+02
      vertex   1.877404e+01 4.766745e+01 -1.250000e+02
      vertex   1.923756e+01 4.778656e+01 -1.250000e+02
    endloop
  endfacet
  facet normal 0.000000e+00 -0.000000e+00 1.000000e+00
    outer loop
      vertex   1.923756e+01 4.778656e+01 -1.250000e+02
      vertex   1.971612e+01 4.779214e+01 -1.250000e+02
      vertex   1.839060e+01 5.394715e+01 -1.250000e+02
    endloop
  endfacet
  facet normal 0.000000e+00 0.000000e+00 1.000000e+00
    outer loop
      vertex   1.839060e+01 5.394715e+01 -1.250000e+02
      vertex   1.971612e+01 4.779214e+01 -1.250000e+02
      vertex   2.018229e+01 4.768387e+01 -1.250000e+02
    endloop
  endfacet
  facet normal 0.000000e+00 0.000000e+00 1.000000e+00
    outer loop
      vertex   1.839060e+01 5.394715e+01 -1.250000e+02
      vertex   2.018229e+01 4.768387e+01 -1.250000e+02
      vertex   2.060940e+01 4.746795e+01 -1.250000e+02
    endloop
  endfacet
  facet normal 0.000000e+00 0.000000e+00 1.000000e+00
    outer loop
      vertex   1.839060e+01 5.394715e+01 -1.250000e+02
      vertex   2.060940e+01 4.746795e+01 -1.250000e+02
      vertex   2.939060e+01 4.661382e+01 -1.250000e+02
    endloop
  endfacet
  facet normal 0.000000e+00 0.000000e+00 1.000000e+00
    outer loop
      vertex   2.939060e+01 4.661382e+01 -1.250000e+02
      vertex   2.060940e+01 4.746795e+01 -1.250000e+02
      vertex   3.160940e+01 4.013462e+01 -1.250000e+02
    endloop
  endfacet
  facet normal 0.000000e+00 0.000000e+00 1.000000e+00
    outer loop
      vertex   2.939060e+01 4.661382e+01 -1.250000e+02
      vertex   3.160940e+01 4.013462e+01 -1.250000e+02
      vertex   2.981771e+01 4.639790e+01 -1.250000e+02
    endloop
  endfacet
  facet normal 0.000000e+00 0.000000e+00 1.000000e+00
    outer loop
      vertex   2.981771e+01 4.639790e+01 -1.250000e+02
      vertex   3.160940e+01 4.013462e+01 -1.250000e+02
      vertex   3.028388e+01 4.628963e+01 -1.250000e+02
    endloop
  endfacet
  facet normal -0.000000e+00 0.000000e+00 1.000000e+00
    outer loop
      vertex   3.028388e+01 4.628963e+01 -1.250000e+02
      vertex   3.160940e+01 4.013462e+01 -1.250000e+02
      vertex   3.076244e+01 4.629521e+01 -1.250000e+02
    endloop
  endfacet
  facet normal -0.000000e+00 0.000000e+00 1.000000e+00
    outer loop
      vertex   3.076244e+01 4.629521e+01 -1.250000e+02
      vertex   3.160940e+01 4.013462e+01 -1.250000e+02
      vertex   3.122596e+01 4.641433e+01 -1.250000e+02
    endloop
  endfacet
  facet normal 0.000000e+00 -0.000000e+00 1.000000e+00
    outer loop
      vertex   1.750000e+01 5.561125e+01 -1.250000e+02
      vertex   1.750000e+01 6.254089e+01 -1.250000e+02
      vertex   1.000000e+01 6.000000e+01 -1.250000e+02
    endloop
  endfacet
  facet normal 0.000000e+00 0.000000e+00 1.000000e+00
    outer loop
      vertex   1.000000e+01 6.000000e+01 -1.250000e+02
      vertex   1.750000e+01 6.254089e+01 -1.250000e+02
      vertex   1.756815e+01 6.305852e+01 -1.250000e+02
    endloop
  endfacet
  facet normal 0.000000e+00 0.000000e+00 1.000000e+00
    outer loop
      vertex   1.000000e+01 6.000000e+01 -1.250000e+02
      vertex   1.756815e+01 6.305852e+01 -1.250000e+02
      vertex   1.776795e+01 6.354089e+01 -1.250000e+02
    endloop
  endfacet
  facet normal 0.000000e+00 -0.000000e+00 1.000000e+00
    outer loop
      vertex   1.776795e+01 6.354089e+01 -1.250000e+02
      vertex   1.808579e+01 6.395510e+01 -1.250000e+02
      vertex   1.000000e+01 6.000000e+01 -1.250000e+02
    endloop
  endfacet
  facet normal -4.819152e-16 9.852252e-16 1.000000e+00
    outer loop
      vertex   1.000000e+01 6.000000e+01 -1.250000e+02
      vertex   1.808579e+01 6.395510e+01 -1.250000e+02
      vertex   1.052569e+01 8.910507e+01 -1.250000e+02
    endloop
  endfacet
  facet normal -7.046208e-16 9.182798e-16 1.000000e+00
    outer loop
      vertex   1.808579e+01 6.395510e+01 -1.250000e+02
      vertex   1.850000e+01 6.427294e+01 -1.250000e+02
      vertex   1.052569e+01 8.910507e+01 -1.250000e+02
    endloop
  endfacet
  facet normal 1.573351e-16 1.195078e-15 1.000000e+00
    outer loop
      vertex   1.052569e+01 8.910507e+01 -1.250000e+02
      vertex   1.850000e+01 6.427294e+01 -1.250000e+02
      vertex   1.104333e+01 8.903692e+01 -1.250000e+02
    endloop
  endfacet
  facet normal -4.226766e-16 1.020431e-15 1.000000e+00
    outer loop
      vertex   1.104333e+01 8.903692e+01 -1.250000e+02
      vertex   1.850000e+01 6.427294e+01 -1.250000e+02
      vertex   1.898236e+01 6.447274e+01 -1.250000e+02
    endloop
  endfacet
  facet normal 9.527347e-16 1.464958e-15 1.000000e+00
    outer loop
      vertex   1.104333e+01 8.903692e+01 -1.250000e+02
      vertex   1.898236e+01 6.447274e+01 -1.250000e+02
      vertex   2.758821e+01 7.827697e+01 -1.250000e+02
    endloop
  endfacet
  facet normal 1.984237e-15 8.218980e-16 1.000000e+00
    outer loop
      vertex   2.758821e+01 7.827697e+01 -1.250000e+02
      vertex   1.898236e+01 6.447274e+01 -1.250000e+02
      vertex   2.784799e+01 7.764980e+01 -1.250000e+02
    endloop
  endfacet
  facet normal -3.115592e-16 2.366527e-15 1.000000e+00
    outer loop
      vertex   2.784799e+01 7.764980e+01 -1.250000e+02
      vertex   1.898236e+01 6.447274e+01 -1.250000e+02
      vertex   1.950000e+01 6.454089e+01 -1.250000e+02
    endloop
  endfacet
  facet normal 1.544086e-15 1.184819e-15 1.000000e+00
    outer loop
      vertex   2.784799e+01 7.764980e+01 -1.250000e+02
      vertex   1.950000e+01 6.454089e+01 -1.250000e+02
      vertex   2.826124e+01 7.711124e+01 -1.250000e+02
    endloop
  endfacet
  facet normal 1.130391e-15 1.473155e-15 1.000000e+00
    outer loop
      vertex   2.826124e+01 7.711124e+01 -1.250000e+02
      vertex   1.950000e+01 6.454089e+01 -1.250000e+02
      vertex   2.879980e+01 7.669799e+01 -1.250000e+02
    endloop
  endfacet
  facet normal 7.353679e-16 1.775335e-15 1.000000e+00
    outer loop
      vertex   2.879980e+01 7.669799e+01 -1.250000e+02
      vertex   1.950000e+01 6.454089e+01 -1.250000e+02
      vertex   2.942697e+01 7.643821e+01 -1.250000e+02
    endloop
  endfacet
  facet normal 0.000000e+00 2.388916e-15 1.000000e+00
    outer loop
      vertex   2.942697e+01 7.643821e+01 -1.250000e+02
      vertex   1.950000e+01 6.454089e+01 -1.250000e+02
      vertex   3.050000e+01 6.454089e+01 -1.250000e+02
    endloop
  endfacet
  facet normal 3.182861e-16 2.417623e-15 1.000000e+00
    outer loop
      vertex   2.942697e+01 7.643821e+01 -1.250000e+02
      vertex   3.050000e+01 6.454089e+01 -1.250000e+02
      vertex   3.010000e+01 7.634960e+01 -1.250000e+02
    endloop
  endfacet
  facet normal -3.154599e-16 2.396156e-15 1.000000e+00
    outer loop
      vertex   3.010000e+01 7.634960e+01 -1.250000e+02
      vertex   3.050000e+01 6.454089e+01 -1.250000e+02
      vertex   3.077303e+01 7.643821e+01 -1.250000e+02
    endloop
  endfacet
  facet normal 3.135594e-16 2.381720e-15 1.000000e+00
    outer loop
      vertex   3.077303e+01 7.643821e+01 -1.250000e+02
      vertex   3.050000e+01 6.454089e+01 -1.250000e+02
      vertex   3.101764e+01 6.447274e+01 -1.250000e+02
    endloop
  endfacet
  facet normal 0.000000e+00 0.000000e+00 1.000000e+00
    outer loop
      vertex   3.227424e+01 4.735483e+01 -1.250000e+02
      vertex   3.200414e+01 4.695975e+01 -1.250000e+02
      vertex   4.000000e+01 4.454089e+01 -1.250000e+02
    endloop
  endfacet
  facet normal 0.000000e+00 0.000000e+00 1.000000e+00
    outer loop
      vertex   4.000000e+01 4.454089e+01 -1.250000e+02
      vertex   3.200414e+01 4.695975e+01 -1.250000e+02
      vertex   3.164791e+01 4.664015e+01 -1.250000e+02
    endloop
  endfacet
  facet normal 0.000000e+00 0.000000e+00 1.000000e+00
    outer loop
      vertex   1.756006e+01 5.512479e+01 -1.250000e+02
      vertex   1.750000e+01 5.561125e+01 -1.250000e+02
      vertex   1.000000e+01 6.000000e+01 -1.250000e+02
    endloop
  endfacet
  facet normal -0.000000e+00 0.000000e+00 1.000000e+00
    outer loop
      vertex   3.178555e+01 8.764869e+01 -1.250000e+02
      vertex   4.749959e+01 8.603338e+01 -1.250000e+02
      vertex   3.183666e+01 8.803692e+01 -1.250000e+02
    endloop
  endfacet
  facet normal -0.000000e+00 0.000000e+00 1.000000e+00
    outer loop
      vertex   3.183666e+01 8.803692e+01 -1.250000e+02
      vertex   4.749959e+01 8.603338e+01 -1.250000e+02
      vertex   4.749959e+01 1.020334e+02 -1.250000e+02
    endloop
  endfacet
  facet normal 0.000000e+00 0.000000e+00 1.000000e+00
    outer loop
      vertex   3.183666e+01 8.803692e+01 -1.250000e+02
      vertex   4.749959e+01 1.020334e+02 -1.250000e+02
      vertex   3.183666e+01 1.000369e+02 -1.250000e+02
    endloop
  endfacet
  facet normal 0.000000e+00 0.000000e+00 1.000000e+00
    outer loop
      vertex   3.178555e+01 8.764869e+01 -1.250000e+02
      vertex   3.163570e+01 8.728692e+01 -1.250000e+02
      vertex   4.749959e+01 8.603338e+01 -1.250000e+02
    endloop
  endfacet
  facet normal 0.000000e+00 0.000000e+00 1.000000e+00
    outer loop
      vertex   4.749959e+01 8.603338e+01 -1.250000e+02
      vertex   3.163570e+01 8.728692e+01 -1.250000e+02
      vertex   4.756774e+01 8.551575e+01 -1.250000e+02
    endloop
  endfacet
  facet normal 0.000000e+00 0.000000e+00 1.000000e+00
    outer loop
      vertex   4.756774e+01 8.551575e+01 -1.250000e+02
      vertex   3.163570e+01 8.728692e+01 -1.250000e+02
      vertex   3.193876e+01 8.078876e+01 -1.250000e+02
    endloop
  endfacet
  facet normal 0.000000e+00 0.000000e+00 1.000000e+00
    outer loop
      vertex   4.756774e+01 8.551575e+01 -1.250000e+02
      vertex   3.193876e+01 8.078876e+01 -1.250000e+02
      vertex   3.235201e+01 8.025020e+01 -1.250000e+02
    endloop
  endfacet
  facet normal 0.000000e+00 0.000000e+00 1.000000e+00
    outer loop
      vertex   3.163570e+01 8.728692e+01 -1.250000e+02
      vertex   3.139732e+01 8.697626e+01 -1.250000e+02
      vertex   3.193876e+01 8.078876e+01 -1.250000e+02
    endloop
  endfacet
  facet normal 0.000000e+00 0.000000e+00 1.000000e+00
    outer loop
      vertex   3.193876e+01 8.078876e+01 -1.250000e+02
      vertex   3.139732e+01 8.697626e+01 -1.250000e+02
      vertex   3.140020e+01 8.120201e+01 -1.250000e+02
    endloop
  endfacet
  facet normal 0.000000e+00 0.000000e+00 1.000000e+00
    outer loop
      vertex   3.140020e+01 8.120201e+01 -1.250000e+02
      vertex   3.139732e+01 8.697626e+01 -1.250000e+02
      vertex   3.108666e+01 8.673788e+01 -1.250000e+02
    endloop
  endfacet
  facet normal 0.000000e+00 0.000000e+00 1.000000e+00
    outer loop
      vertex   3.140020e+01 8.120201e+01 -1.250000e+02
      vertex   3.108666e+01 8.673788e+01 -1.250000e+02
      vertex   3.077303e+01 8.146179e+01 -1.250000e+02
    endloop
  endfacet
  facet normal 0.000000e+00 -0.000000e+00 1.000000e+00
    outer loop
      vertex   3.077303e+01 8.146179e+01 -1.250000e+02
      vertex   3.108666e+01 8.673788e+01 -1.250000e+02
      vertex   3.072489e+01 8.658803e+01 -1.250000e+02
    endloop
  endfacet
  facet normal 0.000000e+00 0.000000e+00 1.000000e+00
    outer loop
      vertex   3.077303e+01 8.146179e+01 -1.250000e+02
      vertex   3.072489e+01 8.658803e+01 -1.250000e+02
      vertex   3.033666e+01 8.653692e+01 -1.250000e+02
    endloop
  endfacet
  facet normal 0.000000e+00 0.000000e+00 1.000000e+00
    outer loop
      vertex   3.077303e+01 8.146179e+01 -1.250000e+02
      vertex   3.033666e+01 8.653692e+01 -1.250000e+02
      vertex   3.010000e+01 8.155040e+01 -1.250000e+02
    endloop
  endfacet
  facet normal 0.000000e+00 -0.000000e+00 1.000000e+00
    outer loop
      vertex   3.010000e+01 8.155040e+01 -1.250000e+02
      vertex   3.033666e+01 8.653692e+01 -1.250000e+02
      vertex   2.958666e+01 8.653692e+01 -1.250000e+02
    endloop
  endfacet
  facet normal 0.000000e+00 0.000000e+00 1.000000e+00
    outer loop
      vertex   3.010000e+01 8.155040e+01 -1.250000e+02
      vertex   2.958666e+01 8.653692e+01 -1.250000e+02
      vertex   2.942697e+01 8.146179e+01 -1.250000e+02
    endloop
  endfacet
  facet normal 0.000000e+00 -0.000000e+00 1.000000e+00
    outer loop
      vertex   2.942697e+01 8.146179e+01 -1.250000e+02
      vertex   2.958666e+01 8.653692e+01 -1.250000e+02
      vertex   2.919843e+01 8.658803e+01 -1.250000e+02
    endloop
  endfacet
  facet normal 0.000000e+00 0.000000e+00 1.000000e+00
    outer loop
      vertex   2.942697e+01 8.146179e+01 -1.250000e+02
      vertex   2.919843e+01 8.658803e+01 -1.250000e+02
      vertex   2.879980e+01 8.120201e+01 -1.250000e+02
    endloop
  endfacet
  facet normal 0.000000e+00 0.000000e+00 1.000000e+00
    outer loop
      vertex   2.879980e+01 8.120201e+01 -1.250000e+02
      vertex   2.919843e+01 8.658803e+01 -1.250000e+02
      vertex   2.883666e+01 8.673788e+01 -1.250000e+02
    endloop
  endfacet
  facet normal 0.000000e+00 -0.000000e+00 1.000000e+00
    outer loop
      vertex   2.879980e+01 8.120201e+01 -1.250000e+02
      vertex   2.883666e+01 8.673788e+01 -1.250000e+02
      vertex   2.852600e+01 8.697626e+01 -1.250000e+02
    endloop
  endfacet
  facet normal 0.000000e+00 0.000000e+00 1.000000e+00
    outer loop
      vertex   2.828762e+01 8.728692e+01 -1.250000e+02
      vertex   1.804333e+01 8.930487e+01 -1.250000e+02
      vertex   2.852600e+01 8.697626e+01 -1.250000e+02
    endloop
  endfacet
  facet normal 0.000000e+00 0.000000e+00 1.000000e+00
    outer loop
      vertex   2.852600e+01 8.697626e+01 -1.250000e+02
      vertex   1.804333e+01 8.930487e+01 -1.250000e+02
      vertex   2.826124e+01 8.078876e+01 -1.250000e+02
    endloop
  endfacet
  facet normal 0.000000e+00 0.000000e+00 1.000000e+00
    outer loop
      vertex   2.852600e+01 8.697626e+01 -1.250000e+02
      vertex   2.826124e+01 8.078876e+01 -1.250000e+02
      vertex   2.879980e+01 8.120201e+01 -1.250000e+02
    endloop
  endfacet
  facet normal 0.000000e+00 0.000000e+00 1.000000e+00
    outer loop
      vertex   2.828762e+01 8.728692e+01 -1.250000e+02
      vertex   2.813777e+01 8.764869e+01 -1.250000e+02
      vertex   1.804333e+01 8.930487e+01 -1.250000e+02
    endloop
  endfacet
  facet normal -0.000000e+00 0.000000e+00 1.000000e+00
    outer loop
      vertex   1.804333e+01 8.930487e+01 -1.250000e+02
      vertex   2.813777e+01 8.764869e+01 -1.250000e+02
      vertex   1.845754e+01 8.962271e+01 -1.250000e+02
    endloop
  endfacet
  facet normal 0.000000e+00 0.000000e+00 1.000000e+00
    outer loop
      vertex   1.845754e+01 8.962271e+01 -1.250000e+02
      vertex   2.813777e+01 8.764869e+01 -1.250000e+02
      vertex   2.808666e+01 8.803692e+01 -1.250000e+02
    endloop
  endfacet
  facet normal -0.000000e+00 0.000000e+00 1.000000e+00
    outer loop
      vertex   1.845754e+01 8.962271e+01 -1.250000e+02
      vertex   2.808666e+01 8.803692e+01 -1.250000e+02
      vertex   1.877538e+01 9.003692e+01 -1.250000e+02
    endloop
  endfacet
  facet normal -0.000000e+00 0.000000e+00 1.000000e+00
    outer loop
      vertex   1.877538e+01 9.003692e+01 -1.250000e+02
      vertex   2.808666e+01 8.803692e+01 -1.250000e+02
      vertex   1.897518e+01 9.051928e+01 -1.250000e+02
    endloop
  endfacet
  facet normal -0.000000e+00 0.000000e+00 1.000000e+00
    outer loop
      vertex   1.897518e+01 9.051928e+01 -1.250000e+02
      vertex   2.808666e+01 8.803692e+01 -1.250000e+02
      vertex   1.904333e+01 9.103692e+01 -1.250000e+02
    endloop
  endfacet
  facet normal -0.000000e+00 0.000000e+00 1.000000e+00
    outer loop
      vertex   1.904333e+01 9.103692e+01 -1.250000e+02
      vertex   2.808666e+01 8.803692e+01 -1.250000e+02
      vertex   2.808666e+01 1.000369e+02 -1.250000e+02
    endloop
  endfacet
  facet normal 0.000000e+00 0.000000e+00 1.000000e+00
    outer loop
      vertex   1.904333e+01 9.103692e+01 -1.250000e+02
      vertex   2.808666e+01 1.000369e+02 -1.250000e+02
      vertex   1.904333e+01 9.703692e+01 -1.250000e+02
    endloop
  endfacet
  facet normal 0.000000e+00 -0.000000e+00 1.000000e+00
    outer loop
      vertex   1.904333e+01 9.703692e+01 -1.250000e+02
      vertex   2.808666e+01 1.000369e+02 -1.250000e+02
      vertex   1.897518e+01 9.755456e+01 -1.250000e+02
    endloop
  endfacet
  facet normal 0.000000e+00 -0.000000e+00 1.000000e+00
    outer loop
      vertex   1.897518e+01 9.755456e+01 -1.250000e+02
      vertex   2.808666e+01 1.000369e+02 -1.250000e+02
      vertex   1.877538e+01 9.803692e+01 -1.250000e+02
    endloop
  endfacet
  facet normal 0.000000e+00 -0.000000e+00 1.000000e+00
    outer loop
      vertex   1.877538e+01 9.803692e+01 -1.250000e+02
      vertex   2.808666e+01 1.000369e+02 -1.250000e+02
      vertex   1.845754e+01 9.845113e+01 -1.250000e+02
    endloop
  endfacet
  facet normal 0.000000e+00 0.000000e+00 1.000000e+00
    outer loop
      vertex   1.845754e+01 9.845113e+01 -1.250000e+02
      vertex   2.808666e+01 1.000369e+02 -1.250000e+02
      vertex   2.813777e+01 1.004251e+02 -1.250000e+02
    endloop
  endfacet
  facet normal 0.000000e+00 -0.000000e+00 1.000000e+00
    outer loop
      vertex   1.845754e+01 9.845113e+01 -1.250000e+02
      vertex   2.813777e+01 1.004251e+02 -1.250000e+02
      vertex   1.804333e+01 9.876897e+01 -1.250000e+02
    endloop
  endfacet
  facet normal 0.000000e+00 0.000000e+00 1.000000e+00
    outer loop
      vertex   1.804333e+01 9.876897e+01 -1.250000e+02
      vertex   2.813777e+01 1.004251e+02 -1.250000e+02
      vertex   2.828762e+01 1.007869e+02 -1.250000e+02
    endloop
  endfacet
  facet normal 0.000000e+00 0.000000e+00 1.000000e+00
    outer loop
      vertex   1.804333e+01 9.876897e+01 -1.250000e+02
      vertex   2.828762e+01 1.007869e+02 -1.250000e+02
      vertex   2.852600e+01 1.010976e+02 -1.250000e+02
    endloop
  endfacet
  facet normal 0.000000e+00 -0.000000e+00 1.000000e+00
    outer loop
      vertex   1.804333e+01 9.876897e+01 -1.250000e+02
      vertex   2.852600e+01 1.010976e+02 -1.250000e+02
      vertex   1.756097e+01 9.896877e+01 -1.250000e+02
    endloop
  endfacet
  facet normal 0.000000e+00 0.000000e+00 1.000000e+00
    outer loop
      vertex   1.756097e+01 9.896877e+01 -1.250000e+02
      vertex   2.852600e+01 1.010976e+02 -1.250000e+02
      vertex   2.883666e+01 1.013360e+02 -1.250000e+02
    endloop
  endfacet
  facet normal 0.000000e+00 -0.000000e+00 1.000000e+00
    outer loop
      vertex   1.756097e+01 9.896877e+01 -1.250000e+02
      vertex   2.883666e+01 1.013360e+02 -1.250000e+02
      vertex   1.704333e+01 9.903692e+01 -1.250000e+02
    endloop
  endfacet
  facet normal 0.000000e+00 0.000000e+00 1.000000e+00
    outer loop
      vertex   1.704333e+01 9.903692e+01 -1.250000e+02
      vertex   2.883666e+01 1.013360e+02 -1.250000e+02
      vertex   2.919843e+01 1.014858e+02 -1.250000e+02
    endloop
  endfacet
  facet normal 0.000000e+00 -0.000000e+00 1.000000e+00
    outer loop
      vertex   1.704333e+01 9.903692e+01 -1.250000e+02
      vertex   2.919843e+01 1.014858e+02 -1.250000e+02
      vertex   1.104333e+01 9.903692e+01 -1.250000e+02
    endloop
  endfacet
  facet normal 0.000000e+00 0.000000e+00 1.000000e+00
    outer loop
      vertex   1.804333e+01 8.930487e+01 -1.250000e+02
      vertex   1.756097e+01 8.910507e+01 -1.250000e+02
      vertex   2.826124e+01 8.078876e+01 -1.250000e+02
    endloop
  endfacet
  facet normal 0.000000e+00 0.000000e+00 1.000000e+00
    outer loop
      vertex   2.826124e+01 8.078876e+01 -1.250000e+02
      vertex   1.756097e+01 8.910507e+01 -1.250000e+02
      vertex   2.784799e+01 8.025020e+01 -1.250000e+02
    endloop
  endfacet
  facet normal 0.000000e+00 0.000000e+00 1.000000e+00
    outer loop
      vertex   2.784799e+01 8.025020e+01 -1.250000e+02
      vertex   1.756097e+01 8.910507e+01 -1.250000e+02
      vertex   1.704333e+01 8.903692e+01 -1.250000e+02
    endloop
  endfacet
  facet normal 0.000000e+00 0.000000e+00 1.000000e+00
    outer loop
      vertex   2.784799e+01 8.025020e+01 -1.250000e+02
      vertex   1.704333e+01 8.903692e+01 -1.250000e+02
      vertex   2.758821e+01 7.962303e+01 -1.250000e+02
    endloop
  endfacet
  facet normal 0.000000e+00 0.000000e+00 1.000000e+00
    outer loop
      vertex   2.758821e+01 7.962303e+01 -1.250000e+02
      vertex   1.704333e+01 8.903692e+01 -1.250000e+02
      vertex   2.749960e+01 7.895000e+01 -1.250000e+02
    endloop
  endfacet
  facet normal 0.000000e+00 0.000000e+00 1.000000e+00
    outer loop
      vertex   2.749960e+01 7.895000e+01 -1.250000e+02
      vertex   1.704333e+01 8.903692e+01 -1.250000e+02
      vertex   1.104333e+01 8.903692e+01 -1.250000e+02
    endloop
  endfacet
  facet normal 0.000000e+00 0.000000e+00 1.000000e+00
    outer loop
      vertex   2.749960e+01 7.895000e+01 -1.250000e+02
      vertex   1.104333e+01 8.903692e+01 -1.250000e+02
      vertex   2.758821e+01 7.827697e+01 -1.250000e+02
    endloop
  endfacet
  facet normal 0.000000e+00 0.000000e+00 1.000000e+00
    outer loop
      vertex   4.898195e+01 8.410153e+01 -1.250000e+02
      vertex   4.849959e+01 8.430133e+01 -1.250000e+02
      vertex   3.261179e+01 7.827697e+01 -1.250000e+02
    endloop
  endfacet
  facet normal 0.000000e+00 0.000000e+00 1.000000e+00
    outer loop
      vertex   3.261179e+01 7.827697e+01 -1.250000e+02
      vertex   4.849959e+01 8.430133e+01 -1.250000e+02
      vertex   3.270040e+01 7.895000e+01 -1.250000e+02
    endloop
  endfacet
  facet normal 0.000000e+00 0.000000e+00 1.000000e+00
    outer loop
      vertex   3.270040e+01 7.895000e+01 -1.250000e+02
      vertex   4.849959e+01 8.430133e+01 -1.250000e+02
      vertex   4.808537e+01 8.461917e+01 -1.250000e+02
    endloop
  endfacet
  facet normal 0.000000e+00 -0.000000e+00 1.000000e+00
    outer loop
      vertex   3.270040e+01 7.895000e+01 -1.250000e+02
      vertex   4.808537e+01 8.461917e+01 -1.250000e+02
      vertex   3.261179e+01 7.962303e+01 -1.250000e+02
    endloop
  endfacet
  facet normal 0.000000e+00 0.000000e+00 1.000000e+00
    outer loop
      vertex   3.261179e+01 7.962303e+01 -1.250000e+02
      vertex   4.808537e+01 8.461917e+01 -1.250000e+02
      vertex   4.776754e+01 8.503338e+01 -1.250000e+02
    endloop
  endfacet
  facet normal 0.000000e+00 -0.000000e+00 1.000000e+00
    outer loop
      vertex   3.261179e+01 7.962303e+01 -1.250000e+02
      vertex   4.776754e+01 8.503338e+01 -1.250000e+02
      vertex   3.235201e+01 8.025020e+01 -1.250000e+02
    endloop
  endfacet
  facet normal 0.000000e+00 0.000000e+00 1.000000e+00
    outer loop
      vertex   3.235201e+01 8.025020e+01 -1.250000e+02
      vertex   4.776754e+01 8.503338e+01 -1.250000e+02
      vertex   4.756774e+01 8.551575e+01 -1.250000e+02
    endloop
  endfacet
  facet normal -0.000000e+00 -0.000000e+00 1.000000e+00
    outer loop
      vertex   5.049959e+01 1.040334e+02 -1.250000e+02
      vertex   5.101723e+01 1.039652e+02 -1.250000e+02
      vertex   4.570770e+01 1.060000e+02 -1.250000e+02
    endloop
  endfacet
  facet normal -7.383581e-16 1.782554e-15 1.000000e+00
    outer loop
      vertex   -2.861887e+01 7.670810e+01 -1.250000e+02
      vertex   -2.924594e+01 7.644836e+01 -1.250000e+02
      vertex   -1.950000e+01 6.454089e+01 -1.250000e+02
    endloop
  endfacet
  facet normal 1.191501e-15 1.552794e-15 1.000000e+00
    outer loop
      vertex   -3.121887e+01 7.670810e+01 -1.250000e+02
      vertex   -3.175735e+01 7.712129e+01 -1.250000e+02
      vertex   -4.215889e+01 6.679908e+01 -1.250000e+02
    endloop
  endfacet
  facet normal 1.551229e-15 1.190300e-15 1.000000e+00
    outer loop
      vertex   -4.215889e+01 6.679908e+01 -1.250000e+02
      vertex   -3.175735e+01 7.712129e+01 -1.250000e+02
      vertex   -3.217054e+01 7.765976e+01 -1.250000e+02
    endloop
  endfacet
  facet normal 1.961877e-15 8.126360e-16 1.000000e+00
    outer loop
      vertex   -4.215889e+01 6.679908e+01 -1.250000e+02
      vertex   -3.217054e+01 7.765976e+01 -1.250000e+02
      vertex   -3.243028e+01 7.828684e+01 -1.250000e+02
    endloop
  endfacet
  facet normal 2.528395e-15 3.328696e-16 1.000000e+00
    outer loop
      vertex   -3.243028e+01 7.828684e+01 -1.250000e+02
      vertex   -3.251887e+01 7.895976e+01 -1.250000e+02
      vertex   -4.215889e+01 6.679908e+01 -1.250000e+02
    endloop
  endfacet
endsolid
